[2026-06-19 09:28:09] [INFO] [main] Trading Bot V3 starting...
[2026-06-19 09:28:09] [INFO] [database] V3 Database initialized with all tables
[2026-06-19 09:28:09] [INFO] [qd_client] Logged in to QuantDinger
[2026-06-19 09:28:09] [INFO] [qd_client] MT5 connected
[2026-06-19 09:28:09] [INFO] [main] MT5 connected
[2026-06-19 09:28:09] [INFO] [telegram_bot] Telegram polling started
[2026-06-19 09:28:09] [INFO] [telegram_bot] Telegram bot V3 started
[2026-06-19 09:28:09] [INFO] [mt5_watchdog] MT5 watchdog started (V1 reconnect logic)
[2026-06-19 09:28:09] [INFO] [reconciliation] Reconciliation loop started (every 60s)
[2026-06-19 09:28:09] [INFO] [reconciliation] Reconciliation thread started
[2026-06-19 09:28:10] [INFO] [main] ==================================================
[2026-06-19 09:28:10] [INFO] [main] Cycle 1 at 09:28:10
[2026-06-19 09:28:20] [INFO] [news_fetcher] Fetched 11 relevant news items
[2026-06-19 09:28:20] [INFO] [main] Equity: 73516.00$ | News: 11
[2026-06-19 09:28:20] [INFO] [main] --- EURUSD ---
[2026-06-19 09:28:23] [INFO] [deepseek] AI analysis EURUSD: bias=neutral score=35.0 conf=0.40
[2026-06-19 09:28:23] [DEBUG] [signal_engine] Signal: NEUTRAL score=35.0 conf=0.40 strength=ضعيف valid=False
[2026-06-19 09:28:23] [INFO] [sentiment] Sentiment EURUSD: bearish score=100 bull=0 bear=1
[2026-06-19 09:28:23] [DEBUG] [hybrid_market_client] Fetching indicators for EURUSD (method: QuantDinger)
[2026-06-19 09:28:23] [WARNING] [market_client] Candles API error for EURUSD: No data found (code=0)
[2026-06-19 09:28:23] [WARNING] [market_client] Using FALLBACK indicators for EURUSD H4 (candles=0)
[2026-06-19 09:28:23] [DEBUG] [hybrid_market_client] Fetching indicators for EURUSD (method: execution_dataset)
[2026-06-19 09:28:23] [DEBUG] [hybrid_market_client] ✓ Retrieved indicators from DB for EURUSD
[2026-06-19 09:28:23] [INFO] [hybrid_market_client] ✓ Using execution_dataset for EURUSD (QuantDinger unavailable)
[2026-06-19 09:28:23] [DEBUG] [hybrid_market_client] Fetching indicators for EURUSD (method: QuantDinger)
[2026-06-19 09:28:23] [WARNING] [market_client] Candles API error for EURUSD: No data found (code=0)
[2026-06-19 09:28:23] [WARNING] [market_client] Using FALLBACK indicators for EURUSD H1 (candles=0)
[2026-06-19 09:28:23] [DEBUG] [hybrid_market_client] Fetching indicators for EURUSD (method: execution_dataset)
[2026-06-19 09:28:23] [DEBUG] [hybrid_market_client] ✓ Retrieved indicators from DB for EURUSD
[2026-06-19 09:28:23] [INFO] [hybrid_market_client] ✓ Using execution_dataset for EURUSD (QuantDinger unavailable)
[2026-06-19 09:28:23] [DEBUG] [hybrid_market_client] Fetching indicators for EURUSD (method: QuantDinger)
[2026-06-19 09:28:23] [WARNING] [market_client] Candles API error for EURUSD: No data found (code=0)
[2026-06-19 09:28:23] [WARNING] [market_client] Using FALLBACK indicators for EURUSD M15 (candles=0)
[2026-06-19 09:28:23] [DEBUG] [hybrid_market_client] Fetching indicators for EURUSD (method: execution_dataset)
[2026-06-19 09:28:23] [DEBUG] [hybrid_market_client] ✓ Retrieved indicators from DB for EURUSD
[2026-06-19 09:28:23] [INFO] [hybrid_market_client] ✓ Using execution_dataset for EURUSD (QuantDinger unavailable)
[2026-06-19 09:28:23] [DEBUG] [hybrid_market_client] Fetching indicators for EURUSD (method: QuantDinger)
[2026-06-19 09:28:23] [WARNING] [market_client] Candles API error for EURUSD: No data found (code=0)
[2026-06-19 09:28:23] [WARNING] [market_client] Using FALLBACK indicators for EURUSD H4 (candles=0)
[2026-06-19 09:28:23] [DEBUG] [hybrid_market_client] Fetching indicators for EURUSD (method: execution_dataset)
[2026-06-19 09:28:23] [DEBUG] [hybrid_market_client] ✓ Retrieved indicators from DB for EURUSD
[2026-06-19 09:28:23] [INFO] [hybrid_market_client] ✓ Using execution_dataset for EURUSD (QuantDinger unavailable)
[2026-06-19 09:28:23] [DEBUG] [hybrid_market_client] Fetching indicators for EURUSD (method: QuantDinger)
[2026-06-19 09:28:23] [WARNING] [market_client] Candles API error for EURUSD: No data found (code=0)
[2026-06-19 09:28:23] [ERROR] [market_client] ⚠️  CRITICAL: EURUSD API failing consistently (5 errors). Check QuantDinger connection!
[2026-06-19 09:28:23] [WARNING] [market_client] Using FALLBACK indicators for EURUSD H1 (candles=0)
[2026-06-19 09:28:23] [DEBUG] [hybrid_market_client] Fetching indicators for EURUSD (method: execution_dataset)
[2026-06-19 09:28:23] [DEBUG] [hybrid_market_client] ✓ Retrieved indicators from DB for EURUSD
[2026-06-19 09:28:23] [INFO] [hybrid_market_client] ✓ Using execution_dataset for EURUSD (QuantDinger unavailable)
[2026-06-19 09:28:23] [DEBUG] [hybrid_market_client] Fetching indicators for EURUSD (method: QuantDinger)
[2026-06-19 09:28:23] [WARNING] [market_client] Candles API error for EURUSD: No data found (code=0)
[2026-06-19 09:28:23] [ERROR] [market_client] ⚠️  CRITICAL: EURUSD API failing consistently (6 errors). Check QuantDinger connection!
[2026-06-19 09:28:23] [WARNING] [market_client] Using FALLBACK indicators for EURUSD M15 (candles=0)
[2026-06-19 09:28:23] [DEBUG] [hybrid_market_client] Fetching indicators for EURUSD (method: execution_dataset)
[2026-06-19 09:28:23] [DEBUG] [hybrid_market_client] ✓ Retrieved indicators from DB for EURUSD
[2026-06-19 09:28:23] [INFO] [hybrid_market_client] ✓ Using execution_dataset for EURUSD (QuantDinger unavailable)
[2026-06-19 09:28:23] [DEBUG] [hybrid_market_client] Fetching indicators for EURUSD (method: QuantDinger)
[2026-06-19 09:28:23] [WARNING] [market_client] Candles API error for EURUSD: No data found (code=0)
[2026-06-19 09:28:23] [ERROR] [market_client] ⚠️  CRITICAL: EURUSD API failing consistently (7 errors). Check QuantDinger connection!
[2026-06-19 09:28:23] [WARNING] [market_client] Using FALLBACK indicators for EURUSD H4 (candles=0)
[2026-06-19 09:28:23] [DEBUG] [hybrid_market_client] Fetching indicators for EURUSD (method: execution_dataset)
[2026-06-19 09:28:23] [DEBUG] [hybrid_market_client] ✓ Retrieved indicators from DB for EURUSD
[2026-06-19 09:28:23] [INFO] [hybrid_market_client] ✓ Using execution_dataset for EURUSD (QuantDinger unavailable)
[2026-06-19 09:28:23] [DEBUG] [hybrid_market_client] Fetching indicators for EURUSD (method: QuantDinger)
[2026-06-19 09:28:23] [WARNING] [market_client] Candles API error for EURUSD: No data found (code=0)
[2026-06-19 09:28:23] [ERROR] [market_client] ⚠️  CRITICAL: EURUSD API failing consistently (8 errors). Check QuantDinger connection!
[2026-06-19 09:28:23] [WARNING] [market_client] Using FALLBACK indicators for EURUSD H1 (candles=0)
[2026-06-19 09:28:23] [DEBUG] [hybrid_market_client] Fetching indicators for EURUSD (method: execution_dataset)
[2026-06-19 09:28:23] [DEBUG] [hybrid_market_client] ✓ Retrieved indicators from DB for EURUSD
[2026-06-19 09:28:23] [INFO] [hybrid_market_client] ✓ Using execution_dataset for EURUSD (QuantDinger unavailable)
[2026-06-19 09:28:23] [DEBUG] [hybrid_market_client] Fetching indicators for EURUSD (method: QuantDinger)
[2026-06-19 09:28:23] [WARNING] [market_client] Candles API error for EURUSD: No data found (code=0)
[2026-06-19 09:28:23] [ERROR] [market_client] ⚠️  CRITICAL: EURUSD API failing consistently (9 errors). Check QuantDinger connection!
[2026-06-19 09:28:23] [WARNING] [market_client] Using FALLBACK indicators for EURUSD M15 (candles=0)
[2026-06-19 09:28:23] [DEBUG] [hybrid_market_client] Fetching indicators for EURUSD (method: execution_dataset)
[2026-06-19 09:28:23] [DEBUG] [hybrid_market_client] ✓ Retrieved indicators from DB for EURUSD
[2026-06-19 09:28:23] [INFO] [hybrid_market_client] ✓ Using execution_dataset for EURUSD (QuantDinger unavailable)
[2026-06-19 09:28:23] [INFO] [mtf] MTF_VERIFY EURUSD: TIMEFRAME=H4 candles=1 last_ts= last_close=1.1592857837677002 RSI=49.87 ATR=0.001853 MACD=0.000892 | TIMEFRAME=H1 candles=1 last_ts= last_close=1.1592857837677002 RSI=49.87 ATR=0.001853 MACD=0.000892 | TIMEFRAME=M15 candles=1 last_ts= last_close=1.1592857837677002 RSI=49.87 ATR=0.001853 MACD=0.000892
[2026-06-19 09:28:23] [INFO] [mtf] MTF EURUSD: H4=neutral H1=neutral M15=neutral aligned=False (weak)
[2026-06-19 09:28:23] [DEBUG] [hybrid_market_client] Fetching indicators for EURUSD (method: QuantDinger)
[2026-06-19 09:28:23] [WARNING] [market_client] Candles API error for EURUSD: No data found (code=0)
[2026-06-19 09:28:23] [ERROR] [market_client] ⚠️  CRITICAL: EURUSD API failing consistently (10 errors). Check QuantDinger connection!
[2026-06-19 09:28:23] [WARNING] [market_client] Using FALLBACK indicators for EURUSD H4 (candles=0)
[2026-06-19 09:28:23] [DEBUG] [hybrid_market_client] Fetching indicators for EURUSD (method: execution_dataset)
[2026-06-19 09:28:23] [DEBUG] [hybrid_market_client] ✓ Retrieved indicators from DB for EURUSD
[2026-06-19 09:28:23] [INFO] [hybrid_market_client] ✓ Using execution_dataset for EURUSD (QuantDinger unavailable)
[2026-06-19 09:28:23] [DEBUG] [hybrid_market_client] Fetching indicators for EURUSD (method: QuantDinger)
[2026-06-19 09:28:23] [WARNING] [market_client] Candles API error for EURUSD: No data found (code=0)
[2026-06-19 09:28:23] [ERROR] [market_client] ⚠️  CRITICAL: EURUSD API failing consistently (11 errors). Check QuantDinger connection!
[2026-06-19 09:28:23] [WARNING] [market_client] Using FALLBACK indicators for EURUSD H1 (candles=0)
[2026-06-19 09:28:23] [DEBUG] [hybrid_market_client] Fetching indicators for EURUSD (method: execution_dataset)
[2026-06-19 09:28:23] [DEBUG] [hybrid_market_client] ✓ Retrieved indicators from DB for EURUSD
[2026-06-19 09:28:23] [INFO] [hybrid_market_client] ✓ Using execution_dataset for EURUSD (QuantDinger unavailable)
[2026-06-19 09:28:23] [DEBUG] [hybrid_market_client] Fetching indicators for EURUSD (method: QuantDinger)
[2026-06-19 09:28:23] [WARNING] [market_client] Candles API error for EURUSD: No data found (code=0)
[2026-06-19 09:28:23] [ERROR] [market_client] ⚠️  CRITICAL: EURUSD API failing consistently (12 errors). Check QuantDinger connection!
[2026-06-19 09:28:23] [WARNING] [market_client] Using FALLBACK indicators for EURUSD H1 (candles=0)
[2026-06-19 09:28:23] [DEBUG] [hybrid_market_client] Fetching indicators for EURUSD (method: execution_dataset)
[2026-06-19 09:28:23] [DEBUG] [hybrid_market_client] ✓ Retrieved indicators from DB for EURUSD
[2026-06-19 09:28:23] [INFO] [hybrid_market_client] ✓ Using execution_dataset for EURUSD (QuantDinger unavailable)
[2026-06-19 09:28:23] [DEBUG] [hybrid_market_client] Fetching indicators for EURUSD (method: QuantDinger)
[2026-06-19 09:28:23] [WARNING] [market_client] Candles API error for EURUSD: No data found (code=0)
[2026-06-19 09:28:23] [ERROR] [market_client] ⚠️  CRITICAL: EURUSD API failing consistently (13 errors). Check QuantDinger connection!
[2026-06-19 09:28:23] [WARNING] [market_client] Using FALLBACK indicators for EURUSD H4 (candles=0)
[2026-06-19 09:28:23] [DEBUG] [hybrid_market_client] Fetching indicators for EURUSD (method: execution_dataset)
[2026-06-19 09:28:23] [DEBUG] [hybrid_market_client] ✓ Retrieved indicators from DB for EURUSD
[2026-06-19 09:28:23] [INFO] [hybrid_market_client] ✓ Using execution_dataset for EURUSD (QuantDinger unavailable)
[2026-06-19 09:28:23] [DEBUG] [hybrid_market_client] Fetching indicators for EURUSD (method: QuantDinger)
[2026-06-19 09:28:23] [WARNING] [market_client] Candles API error for EURUSD: No data found (code=0)
[2026-06-19 09:28:23] [ERROR] [market_client] ⚠️  CRITICAL: EURUSD API failing consistently (14 errors). Check QuantDinger connection!
[2026-06-19 09:28:23] [WARNING] [market_client] Using FALLBACK indicators for EURUSD H1 (candles=0)
[2026-06-19 09:28:23] [DEBUG] [hybrid_market_client] Fetching indicators for EURUSD (method: execution_dataset)
[2026-06-19 09:28:23] [DEBUG] [hybrid_market_client] ✓ Retrieved indicators from DB for EURUSD
[2026-06-19 09:28:23] [INFO] [hybrid_market_client] ✓ Using execution_dataset for EURUSD (QuantDinger unavailable)
[2026-06-19 09:28:23] [INFO] [voting_engine] EURUSD: MTF weakly misaligned, reducing score 10%
[2026-06-19 09:28:23] [INFO] [main] --- XAUUSD ---
[2026-06-19 09:28:26] [INFO] [deepseek] AI analysis XAUUSD: bias=neutral score=45.0 conf=0.40
[2026-06-19 09:28:26] [DEBUG] [signal_engine] Signal: NEUTRAL score=45.0 conf=0.40 strength=ضعيف valid=False
[2026-06-19 09:28:26] [INFO] [sentiment] Sentiment XAUUSD: bullish score=100 bull=2 bear=0
[2026-06-19 09:28:26] [DEBUG] [hybrid_market_client] Fetching indicators for XAUUSD (method: QuantDinger)
[2026-06-19 09:28:26] [WARNING] [market_client] Candles API error for XAUUSD: No data found (code=0)
[2026-06-19 09:28:26] [WARNING] [market_client] Using FALLBACK indicators for XAUUSD H4 (candles=0)
[2026-06-19 09:28:26] [DEBUG] [hybrid_market_client] Fetching indicators for XAUUSD (method: execution_dataset)
[2026-06-19 09:28:26] [DEBUG] [hybrid_market_client] ✓ Retrieved indicators from DB for XAUUSD
[2026-06-19 09:28:26] [INFO] [hybrid_market_client] ✓ Using execution_dataset for XAUUSD (QuantDinger unavailable)
[2026-06-19 09:28:26] [DEBUG] [hybrid_market_client] Fetching indicators for XAUUSD (method: QuantDinger)
[2026-06-19 09:28:26] [WARNING] [market_client] Candles API error for XAUUSD: No data found (code=0)
[2026-06-19 09:28:26] [WARNING] [market_client] Using FALLBACK indicators for XAUUSD H1 (candles=0)
[2026-06-19 09:28:26] [DEBUG] [hybrid_market_client] Fetching indicators for XAUUSD (method: execution_dataset)
[2026-06-19 09:28:26] [DEBUG] [hybrid_market_client] ✓ Retrieved indicators from DB for XAUUSD
[2026-06-19 09:28:26] [INFO] [hybrid_market_client] ✓ Using execution_dataset for XAUUSD (QuantDinger unavailable)
[2026-06-19 09:28:26] [DEBUG] [hybrid_market_client] Fetching indicators for XAUUSD (method: QuantDinger)
[2026-06-19 09:28:26] [WARNING] [market_client] Candles API error for XAUUSD: No data found (code=0)
[2026-06-19 09:28:26] [WARNING] [market_client] Using FALLBACK indicators for XAUUSD M15 (candles=0)
[2026-06-19 09:28:26] [DEBUG] [hybrid_market_client] Fetching indicators for XAUUSD (method: execution_dataset)
[2026-06-19 09:28:26] [DEBUG] [hybrid_market_client] ✓ Retrieved indicators from DB for XAUUSD
[2026-06-19 09:28:26] [INFO] [hybrid_market_client] ✓ Using execution_dataset for XAUUSD (QuantDinger unavailable)
[2026-06-19 09:28:26] [DEBUG] [hybrid_market_client] Fetching indicators for XAUUSD (method: QuantDinger)
[2026-06-19 09:28:26] [WARNING] [market_client] Candles API error for XAUUSD: No data found (code=0)
[2026-06-19 09:28:26] [WARNING] [market_client] Using FALLBACK indicators for XAUUSD H4 (candles=0)
[2026-06-19 09:28:26] [DEBUG] [hybrid_market_client] Fetching indicators for XAUUSD (method: execution_dataset)
[2026-06-19 09:28:26] [DEBUG] [hybrid_market_client] ✓ Retrieved indicators from DB for XAUUSD
[2026-06-19 09:28:26] [INFO] [hybrid_market_client] ✓ Using execution_dataset for XAUUSD (QuantDinger unavailable)
[2026-06-19 09:28:26] [DEBUG] [hybrid_market_client] Fetching indicators for XAUUSD (method: QuantDinger)
[2026-06-19 09:28:26] [WARNING] [market_client] Candles API error for XAUUSD: No data found (code=0)
[2026-06-19 09:28:26] [ERROR] [market_client] ⚠️  CRITICAL: XAUUSD API failing consistently (5 errors). Check QuantDinger connection!
[2026-06-19 09:28:26] [WARNING] [market_client] Using FALLBACK indicators for XAUUSD H1 (candles=0)
[2026-06-19 09:28:26] [DEBUG] [hybrid_market_client] Fetching indicators for XAUUSD (method: execution_dataset)
[2026-06-19 09:28:26] [DEBUG] [hybrid_market_client] ✓ Retrieved indicators from DB for XAUUSD
[2026-06-19 09:28:26] [INFO] [hybrid_market_client] ✓ Using execution_dataset for XAUUSD (QuantDinger unavailable)
[2026-06-19 09:28:26] [DEBUG] [hybrid_market_client] Fetching indicators for XAUUSD (method: QuantDinger)
[2026-06-19 09:28:26] [WARNING] [market_client] Candles API error for XAUUSD: No data found (code=0)
[2026-06-19 09:28:26] [ERROR] [market_client] ⚠️  CRITICAL: XAUUSD API failing consistently (6 errors). Check QuantDinger connection!
[2026-06-19 09:28:26] [WARNING] [market_client] Using FALLBACK indicators for XAUUSD M15 (candles=0)
[2026-06-19 09:28:26] [DEBUG] [hybrid_market_client] Fetching indicators for XAUUSD (method: execution_dataset)
[2026-06-19 09:28:26] [DEBUG] [hybrid_market_client] ✓ Retrieved indicators from DB for XAUUSD
[2026-06-19 09:28:26] [INFO] [hybrid_market_client] ✓ Using execution_dataset for XAUUSD (QuantDinger unavailable)
[2026-06-19 09:28:26] [DEBUG] [hybrid_market_client] Fetching indicators for XAUUSD (method: QuantDinger)
[2026-06-19 09:28:26] [WARNING] [market_client] Candles API error for XAUUSD: No data found (code=0)
[2026-06-19 09:28:26] [ERROR] [market_client] ⚠️  CRITICAL: XAUUSD API failing consistently (7 errors). Check QuantDinger connection!
[2026-06-19 09:28:26] [WARNING] [market_client] Using FALLBACK indicators for XAUUSD H4 (candles=0)
[2026-06-19 09:28:26] [DEBUG] [hybrid_market_client] Fetching indicators for XAUUSD (method: execution_dataset)
[2026-06-19 09:28:26] [DEBUG] [hybrid_market_client] ✓ Retrieved indicators from DB for XAUUSD
[2026-06-19 09:28:26] [INFO] [hybrid_market_client] ✓ Using execution_dataset for XAUUSD (QuantDinger unavailable)
[2026-06-19 09:28:26] [DEBUG] [hybrid_market_client] Fetching indicators for XAUUSD (method: QuantDinger)
[2026-06-19 09:28:26] [WARNING] [market_client] Candles API error for XAUUSD: No data found (code=0)
[2026-06-19 09:28:26] [ERROR] [market_client] ⚠️  CRITICAL: XAUUSD API failing consistently (8 errors). Check QuantDinger connection!
[2026-06-19 09:28:26] [WARNING] [market_client] Using FALLBACK indicators for XAUUSD H1 (candles=0)
[2026-06-19 09:28:26] [DEBUG] [hybrid_market_client] Fetching indicators for XAUUSD (method: execution_dataset)
[2026-06-19 09:28:26] [DEBUG] [hybrid_market_client] ✓ Retrieved indicators from DB for XAUUSD
[2026-06-19 09:28:26] [INFO] [hybrid_market_client] ✓ Using execution_dataset for XAUUSD (QuantDinger unavailable)
[2026-06-19 09:28:26] [DEBUG] [hybrid_market_client] Fetching indicators for XAUUSD (method: QuantDinger)
[2026-06-19 09:28:26] [WARNING] [market_client] Candles API error for XAUUSD: No data found (code=0)
[2026-06-19 09:28:26] [ERROR] [market_client] ⚠️  CRITICAL: XAUUSD API failing consistently (9 errors). Check QuantDinger connection!
[2026-06-19 09:28:26] [WARNING] [market_client] Using FALLBACK indicators for XAUUSD M15 (candles=0)
[2026-06-19 09:28:26] [DEBUG] [hybrid_market_client] Fetching indicators for XAUUSD (method: execution_dataset)
[2026-06-19 09:28:26] [DEBUG] [hybrid_market_client] ✓ Retrieved indicators from DB for XAUUSD
[2026-06-19 09:28:26] [INFO] [hybrid_market_client] ✓ Using execution_dataset for XAUUSD (QuantDinger unavailable)
[2026-06-19 09:28:26] [INFO] [mtf] MTF_VERIFY XAUUSD: TIMEFRAME=H4 candles=1 last_ts= last_close=4383.60009765625 RSI=65.02 ATR=34.600351 MACD=24.776393 | TIMEFRAME=H1 candles=1 last_ts= last_close=4383.60009765625 RSI=65.02 ATR=34.600351 MACD=24.776393 | TIMEFRAME=M15 candles=1 last_ts= last_close=4383.60009765625 RSI=65.02 ATR=34.600351 MACD=24.776393
[2026-06-19 09:28:26] [INFO] [mtf] MTF XAUUSD: H4=bullish H1=bullish M15=bullish aligned=True (strong)
[2026-06-19 09:28:26] [DEBUG] [hybrid_market_client] Fetching indicators for XAUUSD (method: QuantDinger)
[2026-06-19 09:28:26] [WARNING] [market_client] Candles API error for XAUUSD: No data found (code=0)
[2026-06-19 09:28:26] [ERROR] [market_client] ⚠️  CRITICAL: XAUUSD API failing consistently (10 errors). Check QuantDinger connection!
[2026-06-19 09:28:26] [WARNING] [market_client] Using FALLBACK indicators for XAUUSD H4 (candles=0)
[2026-06-19 09:28:26] [DEBUG] [hybrid_market_client] Fetching indicators for XAUUSD (method: execution_dataset)
[2026-06-19 09:28:26] [DEBUG] [hybrid_market_client] ✓ Retrieved indicators from DB for XAUUSD
[2026-06-19 09:28:26] [INFO] [hybrid_market_client] ✓ Using execution_dataset for XAUUSD (QuantDinger unavailable)
[2026-06-19 09:28:26] [DEBUG] [hybrid_market_client] Fetching indicators for XAUUSD (method: QuantDinger)
[2026-06-19 09:28:26] [WARNING] [market_client] Candles API error for XAUUSD: No data found (code=0)
[2026-06-19 09:28:26] [ERROR] [market_client] ⚠️  CRITICAL: XAUUSD API failing consistently (11 errors). Check QuantDinger connection!
[2026-06-19 09:28:26] [WARNING] [market_client] Using FALLBACK indicators for XAUUSD H1 (candles=0)
[2026-06-19 09:28:26] [DEBUG] [hybrid_market_client] Fetching indicators for XAUUSD (method: execution_dataset)
[2026-06-19 09:28:26] [DEBUG] [hybrid_market_client] ✓ Retrieved indicators from DB for XAUUSD
[2026-06-19 09:28:26] [INFO] [hybrid_market_client] ✓ Using execution_dataset for XAUUSD (QuantDinger unavailable)
[2026-06-19 09:28:26] [DEBUG] [hybrid_market_client] Fetching indicators for XAUUSD (method: QuantDinger)
[2026-06-19 09:28:26] [WARNING] [market_client] Candles API error for XAUUSD: No data found (code=0)
[2026-06-19 09:28:26] [ERROR] [market_client] ⚠️  CRITICAL: XAUUSD API failing consistently (12 errors). Check QuantDinger connection!
[2026-06-19 09:28:26] [WARNING] [market_client] Using FALLBACK indicators for XAUUSD H1 (candles=0)
[2026-06-19 09:28:26] [DEBUG] [hybrid_market_client] Fetching indicators for XAUUSD (method: execution_dataset)
[2026-06-19 09:28:26] [DEBUG] [hybrid_market_client] ✓ Retrieved indicators from DB for XAUUSD
[2026-06-19 09:28:26] [INFO] [hybrid_market_client] ✓ Using execution_dataset for XAUUSD (QuantDinger unavailable)
[2026-06-19 09:28:26] [DEBUG] [hybrid_market_client] Fetching indicators for XAUUSD (method: QuantDinger)
[2026-06-19 09:28:26] [WARNING] [market_client] Candles API error for XAUUSD: No data found (code=0)
[2026-06-19 09:28:26] [ERROR] [market_client] ⚠️  CRITICAL: XAUUSD API failing consistently (13 errors). Check QuantDinger connection!
[2026-06-19 09:28:26] [WARNING] [market_client] Using FALLBACK indicators for XAUUSD H4 (candles=0)
[2026-06-19 09:28:26] [DEBUG] [hybrid_market_client] Fetching indicators for XAUUSD (method: execution_dataset)
[2026-06-19 09:28:26] [DEBUG] [hybrid_market_client] ✓ Retrieved indicators from DB for XAUUSD
[2026-06-19 09:28:26] [INFO] [hybrid_market_client] ✓ Using execution_dataset for XAUUSD (QuantDinger unavailable)
[2026-06-19 09:28:26] [DEBUG] [hybrid_market_client] Fetching indicators for XAUUSD (method: QuantDinger)
[2026-06-19 09:28:26] [WARNING] [market_client] Candles API error for XAUUSD: No data found (code=0)
[2026-06-19 09:28:26] [ERROR] [market_client] ⚠️  CRITICAL: XAUUSD API failing consistently (14 errors). Check QuantDinger connection!
[2026-06-19 09:28:26] [WARNING] [market_client] Using FALLBACK indicators for XAUUSD H1 (candles=0)
[2026-06-19 09:28:26] [DEBUG] [hybrid_market_client] Fetching indicators for XAUUSD (method: execution_dataset)
[2026-06-19 09:28:26] [DEBUG] [hybrid_market_client] ✓ Retrieved indicators from DB for XAUUSD
[2026-06-19 09:28:26] [INFO] [hybrid_market_client] ✓ Using execution_dataset for XAUUSD (QuantDinger unavailable)
[2026-06-19 09:28:26] [INFO] [voting_engine] XAUUSD: MTF strongly aligned, boosting score 10%
[2026-06-19 09:28:26] [INFO] [main] --- GBPUSD ---
[2026-06-19 09:28:29] [INFO] [deepseek] AI analysis GBPUSD: bias=bullish score=55.0 conf=0.60
[2026-06-19 09:28:29] [DEBUG] [signal_engine] Signal: BUY score=55.0 conf=0.60 strength=متوسط valid=True
[2026-06-19 09:28:29] [DEBUG] [hybrid_market_client] Fetching indicators for GBPUSD (method: QuantDinger)
[2026-06-19 09:28:29] [WARNING] [market_client] Candles API error for GBPUSD: No data found (code=0)
[2026-06-19 09:28:29] [WARNING] [market_client] Using FALLBACK indicators for GBPUSD H4 (candles=0)
[2026-06-19 09:28:29] [DEBUG] [hybrid_market_client] Fetching indicators for GBPUSD (method: execution_dataset)
[2026-06-19 09:28:29] [DEBUG] [hybrid_market_client] ✓ Retrieved indicators from DB for GBPUSD
[2026-06-19 09:28:29] [INFO] [hybrid_market_client] ✓ Using execution_dataset for GBPUSD (QuantDinger unavailable)
[2026-06-19 09:28:29] [DEBUG] [hybrid_market_client] Fetching indicators for GBPUSD (method: QuantDinger)
[2026-06-19 09:28:30] [WARNING] [market_client] Candles API error for GBPUSD: No data found (code=0)
[2026-06-19 09:28:30] [WARNING] [market_client] Using FALLBACK indicators for GBPUSD H1 (candles=0)
[2026-06-19 09:28:30] [DEBUG] [hybrid_market_client] Fetching indicators for GBPUSD (method: execution_dataset)
[2026-06-19 09:28:30] [DEBUG] [hybrid_market_client] ✓ Retrieved indicators from DB for GBPUSD
[2026-06-19 09:28:30] [INFO] [hybrid_market_client] ✓ Using execution_dataset for GBPUSD (QuantDinger unavailable)
[2026-06-19 09:28:30] [DEBUG] [hybrid_market_client] Fetching indicators for GBPUSD (method: QuantDinger)
[2026-06-19 09:28:30] [WARNING] [market_client] Candles API error for GBPUSD: No data found (code=0)
[2026-06-19 09:28:30] [WARNING] [market_client] Using FALLBACK indicators for GBPUSD M15 (candles=0)
[2026-06-19 09:28:30] [DEBUG] [hybrid_market_client] Fetching indicators for GBPUSD (method: execution_dataset)
[2026-06-19 09:28:30] [DEBUG] [hybrid_market_client] ✓ Retrieved indicators from DB for GBPUSD
[2026-06-19 09:28:30] [INFO] [hybrid_market_client] ✓ Using execution_dataset for GBPUSD (QuantDinger unavailable)
[2026-06-19 09:28:30] [DEBUG] [hybrid_market_client] Fetching indicators for GBPUSD (method: QuantDinger)
[2026-06-19 09:28:30] [WARNING] [market_client] Candles API error for GBPUSD: No data found (code=0)
[2026-06-19 09:28:30] [WARNING] [market_client] Using FALLBACK indicators for GBPUSD H4 (candles=0)
[2026-06-19 09:28:30] [DEBUG] [hybrid_market_client] Fetching indicators for GBPUSD (method: execution_dataset)
[2026-06-19 09:28:30] [DEBUG] [hybrid_market_client] ✓ Retrieved indicators from DB for GBPUSD
[2026-06-19 09:28:30] [INFO] [hybrid_market_client] ✓ Using execution_dataset for GBPUSD (QuantDinger unavailable)
[2026-06-19 09:28:30] [DEBUG] [hybrid_market_client] Fetching indicators for GBPUSD (method: QuantDinger)
[2026-06-19 09:28:30] [WARNING] [market_client] Candles API error for GBPUSD: No data found (code=0)
[2026-06-19 09:28:30] [ERROR] [market_client] ⚠️  CRITICAL: GBPUSD API failing consistently (5 errors). Check QuantDinger connection!
[2026-06-19 09:28:30] [WARNING] [market_client] Using FALLBACK indicators for GBPUSD H1 (candles=0)
[2026-06-19 09:28:30] [DEBUG] [hybrid_market_client] Fetching indicators for GBPUSD (method: execution_dataset)
[2026-06-19 09:28:30] [DEBUG] [hybrid_market_client] ✓ Retrieved indicators from DB for GBPUSD
[2026-06-19 09:28:30] [INFO] [hybrid_market_client] ✓ Using execution_dataset for GBPUSD (QuantDinger unavailable)
[2026-06-19 09:28:30] [DEBUG] [hybrid_market_client] Fetching indicators for GBPUSD (method: QuantDinger)
[2026-06-19 09:28:30] [WARNING] [market_client] Candles API error for GBPUSD: No data found (code=0)
[2026-06-19 09:28:30] [ERROR] [market_client] ⚠️  CRITICAL: GBPUSD API failing consistently (6 errors). Check QuantDinger connection!
[2026-06-19 09:28:30] [WARNING] [market_client] Using FALLBACK indicators for GBPUSD M15 (candles=0)
[2026-06-19 09:28:30] [DEBUG] [hybrid_market_client] Fetching indicators for GBPUSD (method: execution_dataset)
[2026-06-19 09:28:30] [DEBUG] [hybrid_market_client] ✓ Retrieved indicators from DB for GBPUSD
[2026-06-19 09:28:30] [INFO] [hybrid_market_client] ✓ Using execution_dataset for GBPUSD (QuantDinger unavailable)
[2026-06-19 09:28:30] [DEBUG] [hybrid_market_client] Fetching indicators for GBPUSD (method: QuantDinger)
[2026-06-19 09:28:30] [WARNING] [market_client] Candles API error for GBPUSD: No data found (code=0)
[2026-06-19 09:28:30] [ERROR] [market_client] ⚠️  CRITICAL: GBPUSD API failing consistently (7 errors). Check QuantDinger connection!
[2026-06-19 09:28:30] [WARNING] [market_client] Using FALLBACK indicators for GBPUSD H4 (candles=0)
[2026-06-19 09:28:30] [DEBUG] [hybrid_market_client] Fetching indicators for GBPUSD (method: execution_dataset)
[2026-06-19 09:28:30] [DEBUG] [hybrid_market_client] ✓ Retrieved indicators from DB for GBPUSD
[2026-06-19 09:28:30] [INFO] [hybrid_market_client] ✓ Using execution_dataset for GBPUSD (QuantDinger unavailable)
[2026-06-19 09:28:30] [DEBUG] [hybrid_market_client] Fetching indicators for GBPUSD (method: QuantDinger)
[2026-06-19 09:28:30] [WARNING] [market_client] Candles API error for GBPUSD: No data found (code=0)
[2026-06-19 09:28:30] [ERROR] [market_client] ⚠️  CRITICAL: GBPUSD API failing consistently (8 errors). Check QuantDinger connection!
[2026-06-19 09:28:30] [WARNING] [market_client] Using FALLBACK indicators for GBPUSD H1 (candles=0)
[2026-06-19 09:28:30] [DEBUG] [hybrid_market_client] Fetching indicators for GBPUSD (method: execution_dataset)
[2026-06-19 09:28:30] [DEBUG] [hybrid_market_client] ✓ Retrieved indicators from DB for GBPUSD
[2026-06-19 09:28:30] [INFO] [hybrid_market_client] ✓ Using execution_dataset for GBPUSD (QuantDinger unavailable)
[2026-06-19 09:28:30] [DEBUG] [hybrid_market_client] Fetching indicators for GBPUSD (method: QuantDinger)
[2026-06-19 09:28:30] [WARNING] [market_client] Candles API error for GBPUSD: No data found (code=0)
[2026-06-19 09:28:30] [ERROR] [market_client] ⚠️  CRITICAL: GBPUSD API failing consistently (9 errors). Check QuantDinger connection!
[2026-06-19 09:28:30] [WARNING] [market_client] Using FALLBACK indicators for GBPUSD M15 (candles=0)
[2026-06-19 09:28:30] [DEBUG] [hybrid_market_client] Fetching indicators for GBPUSD (method: execution_dataset)
[2026-06-19 09:28:30] [DEBUG] [hybrid_market_client] ✓ Retrieved indicators from DB for GBPUSD
[2026-06-19 09:28:30] [INFO] [hybrid_market_client] ✓ Using execution_dataset for GBPUSD (QuantDinger unavailable)
[2026-06-19 09:28:30] [INFO] [mtf] MTF_VERIFY GBPUSD: TIMEFRAME=H4 candles=1 last_ts= last_close=1.3426063060760498 RSI=54.53 ATR=0.00241 MACD=0.000846 | TIMEFRAME=H1 candles=1 last_ts= last_close=1.3426063060760498 RSI=54.53 ATR=0.00241 MACD=0.000846 | TIMEFRAME=M15 candles=1 last_ts= last_close=1.3426063060760498 RSI=54.53 ATR=0.00241 MACD=0.000846
[2026-06-19 09:28:30] [INFO] [mtf] MTF GBPUSD: H4=neutral H1=neutral M15=neutral aligned=False (weak)
[2026-06-19 09:28:30] [DEBUG] [hybrid_market_client] Fetching indicators for GBPUSD (method: QuantDinger)
[2026-06-19 09:28:30] [WARNING] [market_client] Candles API error for GBPUSD: No data found (code=0)
[2026-06-19 09:28:30] [ERROR] [market_client] ⚠️  CRITICAL: GBPUSD API failing consistently (10 errors). Check QuantDinger connection!
[2026-06-19 09:28:30] [WARNING] [market_client] Using FALLBACK indicators for GBPUSD H4 (candles=0)
[2026-06-19 09:28:30] [DEBUG] [hybrid_market_client] Fetching indicators for GBPUSD (method: execution_dataset)
[2026-06-19 09:28:30] [DEBUG] [hybrid_market_client] ✓ Retrieved indicators from DB for GBPUSD
[2026-06-19 09:28:30] [INFO] [hybrid_market_client] ✓ Using execution_dataset for GBPUSD (QuantDinger unavailable)
[2026-06-19 09:28:30] [DEBUG] [hybrid_market_client] Fetching indicators for GBPUSD (method: QuantDinger)
[2026-06-19 09:28:30] [WARNING] [market_client] Candles API error for GBPUSD: No data found (code=0)
[2026-06-19 09:28:30] [ERROR] [market_client] ⚠️  CRITICAL: GBPUSD API failing consistently (11 errors). Check QuantDinger connection!
[2026-06-19 09:28:30] [WARNING] [market_client] Using FALLBACK indicators for GBPUSD H1 (candles=0)
[2026-06-19 09:28:30] [DEBUG] [hybrid_market_client] Fetching indicators for GBPUSD (method: execution_dataset)
[2026-06-19 09:28:30] [DEBUG] [hybrid_market_client] ✓ Retrieved indicators from DB for GBPUSD
[2026-06-19 09:28:30] [INFO] [hybrid_market_client] ✓ Using execution_dataset for GBPUSD (QuantDinger unavailable)
[2026-06-19 09:28:30] [DEBUG] [hybrid_market_client] Fetching indicators for GBPUSD (method: QuantDinger)
[2026-06-19 09:28:30] [WARNING] [market_client] Candles API error for GBPUSD: No data found (code=0)
[2026-06-19 09:28:30] [ERROR] [market_client] ⚠️  CRITICAL: GBPUSD API failing consistently (12 errors). Check QuantDinger connection!
[2026-06-19 09:28:30] [WARNING] [market_client] Using FALLBACK indicators for GBPUSD H1 (candles=0)
[2026-06-19 09:28:30] [DEBUG] [hybrid_market_client] Fetching indicators for GBPUSD (method: execution_dataset)
[2026-06-19 09:28:30] [DEBUG] [hybrid_market_client] ✓ Retrieved indicators from DB for GBPUSD
[2026-06-19 09:28:30] [INFO] [hybrid_market_client] ✓ Using execution_dataset for GBPUSD (QuantDinger unavailable)
[2026-06-19 09:28:30] [DEBUG] [hybrid_market_client] Fetching indicators for GBPUSD (method: QuantDinger)
[2026-06-19 09:28:30] [WARNING] [market_client] Candles API error for GBPUSD: No data found (code=0)
[2026-06-19 09:28:30] [ERROR] [market_client] ⚠️  CRITICAL: GBPUSD API failing consistently (13 errors). Check QuantDinger connection!
[2026-06-19 09:28:30] [WARNING] [market_client] Using FALLBACK indicators for GBPUSD H4 (candles=0)
[2026-06-19 09:28:30] [DEBUG] [hybrid_market_client] Fetching indicators for GBPUSD (method: execution_dataset)
[2026-06-19 09:28:30] [DEBUG] [hybrid_market_client] ✓ Retrieved indicators from DB for GBPUSD
[2026-06-19 09:28:30] [INFO] [hybrid_market_client] ✓ Using execution_dataset for GBPUSD (QuantDinger unavailable)
[2026-06-19 09:28:30] [DEBUG] [hybrid_market_client] Fetching indicators for GBPUSD (method: QuantDinger)
[2026-06-19 09:28:30] [WARNING] [market_client] Candles API error for GBPUSD: No data found (code=0)
[2026-06-19 09:28:30] [ERROR] [market_client] ⚠️  CRITICAL: GBPUSD API failing consistently (14 errors). Check QuantDinger connection!
[2026-06-19 09:28:30] [WARNING] [market_client] Using FALLBACK indicators for GBPUSD H1 (candles=0)
[2026-06-19 09:28:30] [DEBUG] [hybrid_market_client] Fetching indicators for GBPUSD (method: execution_dataset)
[2026-06-19 09:28:30] [DEBUG] [hybrid_market_client] ✓ Retrieved indicators from DB for GBPUSD
[2026-06-19 09:28:30] [INFO] [hybrid_market_client] ✓ Using execution_dataset for GBPUSD (QuantDinger unavailable)
[2026-06-19 09:28:30] [INFO] [voting_engine] GBPUSD: MTF weakly misaligned, reducing score 10%
[2026-06-19 09:28:30] [DEBUG] [hybrid_market_client] Fetching indicators for GBPUSD (method: QuantDinger)
[2026-06-19 09:28:30] [WARNING] [market_client] Candles API error for GBPUSD: No data found (code=0)
[2026-06-19 09:28:30] [ERROR] [market_client] ⚠️  CRITICAL: GBPUSD API failing consistently (15 errors). Check QuantDinger connection!
[2026-06-19 09:28:30] [WARNING] [market_client] Using FALLBACK indicators for GBPUSD 4H (candles=0)
[2026-06-19 09:28:30] [DEBUG] [hybrid_market_client] Fetching indicators for GBPUSD (method: execution_dataset)
[2026-06-19 09:28:30] [DEBUG] [hybrid_market_client] ✓ Retrieved indicators from DB for GBPUSD
[2026-06-19 09:28:30] [INFO] [hybrid_market_client] ✓ Using execution_dataset for GBPUSD (QuantDinger unavailable)
[2026-06-19 09:28:30] [DEBUG] [hybrid_market_client] Fetching indicators for GBPUSD (method: QuantDinger)
[2026-06-19 09:28:30] [WARNING] [market_client] Candles API error for GBPUSD: No data found (code=0)
[2026-06-19 09:28:30] [ERROR] [market_client] ⚠️  CRITICAL: GBPUSD API failing consistently (16 errors). Check QuantDinger connection!
[2026-06-19 09:28:30] [WARNING] [market_client] Using FALLBACK indicators for GBPUSD 4H (candles=0)
[2026-06-19 09:28:30] [DEBUG] [hybrid_market_client] Fetching indicators for GBPUSD (method: execution_dataset)
[2026-06-19 09:28:30] [DEBUG] [hybrid_market_client] ✓ Retrieved indicators from DB for GBPUSD
[2026-06-19 09:28:30] [INFO] [hybrid_market_client] ✓ Using execution_dataset for GBPUSD (QuantDinger unavailable)
[2026-06-19 09:28:30] [INFO] [sltp] SL/TP GBPUSD: entry=1.3426063060760498 atr=0.00241 sl=1.33899 tp=1.34863
[2026-06-19 09:28:30] [INFO] [position_sizing] Position size: 0.5 (equity=73516, risk=0.001, sl_dist=0.00362, score=53, cons_loss=0)
[2026-06-19 09:28:30] [WARNING] [market_client] Candles API error for GBPUSD: No data found (code=0)
[2026-06-19 09:28:30] [ERROR] [market_client] ⚠️  CRITICAL: GBPUSD API failing consistently (17 errors). Check QuantDinger connection!
[2026-06-19 09:28:30] [WARNING] [market_client] Using FALLBACK indicators for GBPUSD 4H (candles=0)
[2026-06-19 09:28:30] [INFO] [main] GBPUSD ML v2 p_win=0.000 available=False
[2026-06-19 09:28:30] [INFO] [main] GBPUSD: ML v2 gate bypassed (model not available)
[2026-06-19 09:28:30] [INFO] [main] GBPUSD: size adjusted by ML confidence -> 0.5 (multiplier=1.0)
[2026-06-19 09:28:30] [DEBUG] [qd_client] Opening trade payload: GBPUSD BUY volume=0.5
[2026-06-19 09:28:30] [ERROR] [qd_client] Trade failed: {'success': False, 'error': 'Order rejected: Unsupported filling mode'}
[2026-06-19 09:28:30] [DEBUG] [qd_client] Opening trade payload: GBPUSD BUY volume=0.5
[2026-06-19 09:28:30] [ERROR] [qd_client] Trade failed: {'success': False, 'error': 'Order rejected: Unsupported filling mode'}
[2026-06-19 09:28:30] [DEBUG] [qd_client] Opening trade payload: GBPUSD BUY volume=0.5
[2026-06-19 09:28:30] [ERROR] [qd_client] Trade failed: {'success': False, 'error': 'Order rejected: Unsupported filling mode'}
[2026-06-19 09:28:30] [INFO] [sltp] SL/TP GBPUSD: entry=0.0 atr=0.00241 sl=-0.00361 tp=0.00602
[2026-06-19 09:28:30] [INFO] [main] Trade opened: GBPUSD BUY size=0.5 id=1
[2026-06-19 09:28:31] [INFO] [main] Sleeping 1800s...
[2026-06-19 09:33:43] [INFO] [main] Trading Bot V3 starting...
[2026-06-19 09:33:43] [INFO] [database] V3 Database initialized with all tables
[2026-06-19 09:33:44] [INFO] [qd_client] Logged in to QuantDinger
[2026-06-19 09:33:44] [INFO] [qd_client] MT5 connected
[2026-06-19 09:33:44] [INFO] [main] MT5 connected
[2026-06-19 09:33:44] [INFO] [telegram_bot] Telegram polling started
[2026-06-19 09:33:44] [INFO] [telegram_bot] Telegram bot V3 started
[2026-06-19 09:33:44] [INFO] [mt5_watchdog] MT5 watchdog started (V1 reconnect logic)
[2026-06-19 09:33:44] [INFO] [reconciliation] Reconciliation loop started (every 60s)
[2026-06-19 09:33:44] [INFO] [reconciliation] Reconciliation thread started
[2026-06-19 09:33:45] [INFO] [main] ==================================================
[2026-06-19 09:33:45] [INFO] [main] Cycle 1 at 09:33:45
[2026-06-19 09:33:55] [INFO] [news_fetcher] Fetched 10 relevant news items
[2026-06-19 09:33:55] [INFO] [main] Equity: 73516.00$ | News: 10
[2026-06-19 09:33:55] [INFO] [main] --- EURUSD ---
[2026-06-19 09:33:58] [INFO] [deepseek] AI analysis EURUSD: bias=neutral score=35.0 conf=0.40
[2026-06-19 09:33:58] [DEBUG] [signal_engine] Signal: NEUTRAL score=35.0 conf=0.40 strength=ضعيف valid=False
[2026-06-19 09:33:58] [INFO] [sentiment] Sentiment EURUSD: bearish score=100 bull=0 bear=1
[2026-06-19 09:33:58] [DEBUG] [hybrid_market_client] Fetching indicators for EURUSD (method: QuantDinger)
[2026-06-19 09:33:58] [WARNING] [market_client] Candles API error for EURUSD: No data found (code=0)
[2026-06-19 09:33:58] [WARNING] [market_client] Using FALLBACK indicators for EURUSD H4 (candles=0)
[2026-06-19 09:33:58] [DEBUG] [hybrid_market_client] Fetching indicators for EURUSD (method: execution_dataset)
[2026-06-19 09:33:58] [DEBUG] [hybrid_market_client] ✓ Retrieved indicators from DB for EURUSD
[2026-06-19 09:33:58] [INFO] [hybrid_market_client] ✓ Using execution_dataset for EURUSD (QuantDinger unavailable)
[2026-06-19 09:33:58] [DEBUG] [hybrid_market_client] Fetching indicators for EURUSD (method: QuantDinger)
[2026-06-19 09:33:58] [WARNING] [market_client] Candles API error for EURUSD: No data found (code=0)
[2026-06-19 09:33:58] [WARNING] [market_client] Using FALLBACK indicators for EURUSD H1 (candles=0)
[2026-06-19 09:33:58] [DEBUG] [hybrid_market_client] Fetching indicators for EURUSD (method: execution_dataset)
[2026-06-19 09:33:58] [DEBUG] [hybrid_market_client] ✓ Retrieved indicators from DB for EURUSD
[2026-06-19 09:33:58] [INFO] [hybrid_market_client] ✓ Using execution_dataset for EURUSD (QuantDinger unavailable)
[2026-06-19 09:33:58] [DEBUG] [hybrid_market_client] Fetching indicators for EURUSD (method: QuantDinger)
[2026-06-19 09:33:58] [WARNING] [market_client] Candles API error for EURUSD: No data found (code=0)
[2026-06-19 09:33:58] [WARNING] [market_client] Using FALLBACK indicators for EURUSD M15 (candles=0)
[2026-06-19 09:33:58] [DEBUG] [hybrid_market_client] Fetching indicators for EURUSD (method: execution_dataset)
[2026-06-19 09:33:58] [DEBUG] [hybrid_market_client] ✓ Retrieved indicators from DB for EURUSD
[2026-06-19 09:33:58] [INFO] [hybrid_market_client] ✓ Using execution_dataset for EURUSD (QuantDinger unavailable)
[2026-06-19 09:33:58] [DEBUG] [hybrid_market_client] Fetching indicators for EURUSD (method: QuantDinger)
[2026-06-19 09:33:58] [WARNING] [market_client] Candles API error for EURUSD: No data found (code=0)
[2026-06-19 09:33:58] [WARNING] [market_client] Using FALLBACK indicators for EURUSD H4 (candles=0)
[2026-06-19 09:33:58] [DEBUG] [hybrid_market_client] Fetching indicators for EURUSD (method: execution_dataset)
[2026-06-19 09:33:58] [DEBUG] [hybrid_market_client] ✓ Retrieved indicators from DB for EURUSD
[2026-06-19 09:33:58] [INFO] [hybrid_market_client] ✓ Using execution_dataset for EURUSD (QuantDinger unavailable)
[2026-06-19 09:33:58] [DEBUG] [hybrid_market_client] Fetching indicators for EURUSD (method: QuantDinger)
[2026-06-19 09:33:58] [WARNING] [market_client] Candles API error for EURUSD: No data found (code=0)
[2026-06-19 09:33:58] [ERROR] [market_client] ⚠️  CRITICAL: EURUSD API failing consistently (5 errors). Check QuantDinger connection!
[2026-06-19 09:33:58] [WARNING] [market_client] Using FALLBACK indicators for EURUSD H1 (candles=0)
[2026-06-19 09:33:58] [DEBUG] [hybrid_market_client] Fetching indicators for EURUSD (method: execution_dataset)
[2026-06-19 09:33:58] [DEBUG] [hybrid_market_client] ✓ Retrieved indicators from DB for EURUSD
[2026-06-19 09:33:58] [INFO] [hybrid_market_client] ✓ Using execution_dataset for EURUSD (QuantDinger unavailable)
[2026-06-19 09:33:58] [DEBUG] [hybrid_market_client] Fetching indicators for EURUSD (method: QuantDinger)
[2026-06-19 09:33:58] [WARNING] [market_client] Candles API error for EURUSD: No data found (code=0)
[2026-06-19 09:33:58] [ERROR] [market_client] ⚠️  CRITICAL: EURUSD API failing consistently (6 errors). Check QuantDinger connection!
[2026-06-19 09:33:58] [WARNING] [market_client] Using FALLBACK indicators for EURUSD M15 (candles=0)
[2026-06-19 09:33:58] [DEBUG] [hybrid_market_client] Fetching indicators for EURUSD (method: execution_dataset)
[2026-06-19 09:33:58] [DEBUG] [hybrid_market_client] ✓ Retrieved indicators from DB for EURUSD
[2026-06-19 09:33:58] [INFO] [hybrid_market_client] ✓ Using execution_dataset for EURUSD (QuantDinger unavailable)
[2026-06-19 09:33:58] [DEBUG] [hybrid_market_client] Fetching indicators for EURUSD (method: QuantDinger)
[2026-06-19 09:33:58] [WARNING] [market_client] Candles API error for EURUSD: No data found (code=0)
[2026-06-19 09:33:58] [ERROR] [market_client] ⚠️  CRITICAL: EURUSD API failing consistently (7 errors). Check QuantDinger connection!
[2026-06-19 09:33:58] [WARNING] [market_client] Using FALLBACK indicators for EURUSD H4 (candles=0)
[2026-06-19 09:33:58] [DEBUG] [hybrid_market_client] Fetching indicators for EURUSD (method: execution_dataset)
[2026-06-19 09:33:58] [DEBUG] [hybrid_market_client] ✓ Retrieved indicators from DB for EURUSD
[2026-06-19 09:33:58] [INFO] [hybrid_market_client] ✓ Using execution_dataset for EURUSD (QuantDinger unavailable)
[2026-06-19 09:33:58] [DEBUG] [hybrid_market_client] Fetching indicators for EURUSD (method: QuantDinger)
[2026-06-19 09:33:58] [WARNING] [market_client] Candles API error for EURUSD: No data found (code=0)
[2026-06-19 09:33:58] [ERROR] [market_client] ⚠️  CRITICAL: EURUSD API failing consistently (8 errors). Check QuantDinger connection!
[2026-06-19 09:33:58] [WARNING] [market_client] Using FALLBACK indicators for EURUSD H1 (candles=0)
[2026-06-19 09:33:58] [DEBUG] [hybrid_market_client] Fetching indicators for EURUSD (method: execution_dataset)
[2026-06-19 09:33:58] [DEBUG] [hybrid_market_client] ✓ Retrieved indicators from DB for EURUSD
[2026-06-19 09:33:58] [INFO] [hybrid_market_client] ✓ Using execution_dataset for EURUSD (QuantDinger unavailable)
[2026-06-19 09:33:58] [DEBUG] [hybrid_market_client] Fetching indicators for EURUSD (method: QuantDinger)
[2026-06-19 09:33:58] [WARNING] [market_client] Candles API error for EURUSD: No data found (code=0)
[2026-06-19 09:33:58] [ERROR] [market_client] ⚠️  CRITICAL: EURUSD API failing consistently (9 errors). Check QuantDinger connection!
[2026-06-19 09:33:58] [WARNING] [market_client] Using FALLBACK indicators for EURUSD M15 (candles=0)
[2026-06-19 09:33:58] [DEBUG] [hybrid_market_client] Fetching indicators for EURUSD (method: execution_dataset)
[2026-06-19 09:33:58] [DEBUG] [hybrid_market_client] ✓ Retrieved indicators from DB for EURUSD
[2026-06-19 09:33:58] [INFO] [hybrid_market_client] ✓ Using execution_dataset for EURUSD (QuantDinger unavailable)
[2026-06-19 09:33:58] [INFO] [mtf] MTF_VERIFY EURUSD: TIMEFRAME=H4 candles=1 last_ts= last_close=1.1592857837677002 RSI=49.87 ATR=0.001853 MACD=0.000892 | TIMEFRAME=H1 candles=1 last_ts= last_close=1.1592857837677002 RSI=49.87 ATR=0.001853 MACD=0.000892 | TIMEFRAME=M15 candles=1 last_ts= last_close=1.1592857837677002 RSI=49.87 ATR=0.001853 MACD=0.000892
[2026-06-19 09:33:58] [INFO] [mtf] MTF EURUSD: H4=neutral H1=neutral M15=neutral aligned=False (weak)
[2026-06-19 09:33:58] [DEBUG] [hybrid_market_client] Fetching indicators for EURUSD (method: QuantDinger)
[2026-06-19 09:33:58] [WARNING] [market_client] Candles API error for EURUSD: No data found (code=0)
[2026-06-19 09:33:58] [ERROR] [market_client] ⚠️  CRITICAL: EURUSD API failing consistently (10 errors). Check QuantDinger connection!
[2026-06-19 09:33:58] [WARNING] [market_client] Using FALLBACK indicators for EURUSD H4 (candles=0)
[2026-06-19 09:33:58] [DEBUG] [hybrid_market_client] Fetching indicators for EURUSD (method: execution_dataset)
[2026-06-19 09:33:58] [DEBUG] [hybrid_market_client] ✓ Retrieved indicators from DB for EURUSD
[2026-06-19 09:33:58] [INFO] [hybrid_market_client] ✓ Using execution_dataset for EURUSD (QuantDinger unavailable)
[2026-06-19 09:33:58] [DEBUG] [hybrid_market_client] Fetching indicators for EURUSD (method: QuantDinger)
[2026-06-19 09:33:58] [WARNING] [market_client] Candles API error for EURUSD: No data found (code=0)
[2026-06-19 09:33:58] [ERROR] [market_client] ⚠️  CRITICAL: EURUSD API failing consistently (11 errors). Check QuantDinger connection!
[2026-06-19 09:33:58] [WARNING] [market_client] Using FALLBACK indicators for EURUSD H1 (candles=0)
[2026-06-19 09:33:58] [DEBUG] [hybrid_market_client] Fetching indicators for EURUSD (method: execution_dataset)
[2026-06-19 09:33:58] [DEBUG] [hybrid_market_client] ✓ Retrieved indicators from DB for EURUSD
[2026-06-19 09:33:58] [INFO] [hybrid_market_client] ✓ Using execution_dataset for EURUSD (QuantDinger unavailable)
[2026-06-19 09:33:58] [DEBUG] [hybrid_market_client] Fetching indicators for EURUSD (method: QuantDinger)
[2026-06-19 09:33:59] [WARNING] [market_client] Candles API error for EURUSD: No data found (code=0)
[2026-06-19 09:33:59] [ERROR] [market_client] ⚠️  CRITICAL: EURUSD API failing consistently (12 errors). Check QuantDinger connection!
[2026-06-19 09:33:59] [WARNING] [market_client] Using FALLBACK indicators for EURUSD H1 (candles=0)
[2026-06-19 09:33:59] [DEBUG] [hybrid_market_client] Fetching indicators for EURUSD (method: execution_dataset)
[2026-06-19 09:33:59] [DEBUG] [hybrid_market_client] ✓ Retrieved indicators from DB for EURUSD
[2026-06-19 09:33:59] [INFO] [hybrid_market_client] ✓ Using execution_dataset for EURUSD (QuantDinger unavailable)
[2026-06-19 09:33:59] [DEBUG] [hybrid_market_client] Fetching indicators for EURUSD (method: QuantDinger)
[2026-06-19 09:33:59] [WARNING] [market_client] Candles API error for EURUSD: No data found (code=0)
[2026-06-19 09:33:59] [ERROR] [market_client] ⚠️  CRITICAL: EURUSD API failing consistently (13 errors). Check QuantDinger connection!
[2026-06-19 09:33:59] [WARNING] [market_client] Using FALLBACK indicators for EURUSD H4 (candles=0)
[2026-06-19 09:33:59] [DEBUG] [hybrid_market_client] Fetching indicators for EURUSD (method: execution_dataset)
[2026-06-19 09:33:59] [DEBUG] [hybrid_market_client] ✓ Retrieved indicators from DB for EURUSD
[2026-06-19 09:33:59] [INFO] [hybrid_market_client] ✓ Using execution_dataset for EURUSD (QuantDinger unavailable)
[2026-06-19 09:33:59] [DEBUG] [hybrid_market_client] Fetching indicators for EURUSD (method: QuantDinger)
[2026-06-19 09:33:59] [WARNING] [market_client] Candles API error for EURUSD: No data found (code=0)
[2026-06-19 09:33:59] [ERROR] [market_client] ⚠️  CRITICAL: EURUSD API failing consistently (14 errors). Check QuantDinger connection!
[2026-06-19 09:33:59] [WARNING] [market_client] Using FALLBACK indicators for EURUSD H1 (candles=0)
[2026-06-19 09:33:59] [DEBUG] [hybrid_market_client] Fetching indicators for EURUSD (method: execution_dataset)
[2026-06-19 09:33:59] [DEBUG] [hybrid_market_client] ✓ Retrieved indicators from DB for EURUSD
[2026-06-19 09:33:59] [INFO] [hybrid_market_client] ✓ Using execution_dataset for EURUSD (QuantDinger unavailable)
[2026-06-19 09:33:59] [INFO] [voting_engine] EURUSD: MTF weakly misaligned, reducing score 10%
[2026-06-19 09:33:59] [INFO] [main] --- XAUUSD ---
[2026-06-19 09:34:03] [INFO] [deepseek] AI analysis XAUUSD: bias=neutral score=45.0 conf=0.40
[2026-06-19 09:34:03] [DEBUG] [signal_engine] Signal: NEUTRAL score=45.0 conf=0.40 strength=ضعيف valid=False
[2026-06-19 09:34:03] [INFO] [sentiment] Sentiment XAUUSD: bullish score=83 bull=2 bear=1
[2026-06-19 09:34:03] [DEBUG] [hybrid_market_client] Fetching indicators for XAUUSD (method: QuantDinger)
[2026-06-19 09:34:03] [WARNING] [market_client] Candles API error for XAUUSD: No data found (code=0)
[2026-06-19 09:34:03] [WARNING] [market_client] Using FALLBACK indicators for XAUUSD H4 (candles=0)
[2026-06-19 09:34:03] [DEBUG] [hybrid_market_client] Fetching indicators for XAUUSD (method: execution_dataset)
[2026-06-19 09:34:03] [DEBUG] [hybrid_market_client] ✓ Retrieved indicators from DB for XAUUSD
[2026-06-19 09:34:03] [INFO] [hybrid_market_client] ✓ Using execution_dataset for XAUUSD (QuantDinger unavailable)
[2026-06-19 09:34:03] [DEBUG] [hybrid_market_client] Fetching indicators for XAUUSD (method: QuantDinger)
[2026-06-19 09:34:03] [WARNING] [market_client] Candles API error for XAUUSD: No data found (code=0)
[2026-06-19 09:34:03] [WARNING] [market_client] Using FALLBACK indicators for XAUUSD H1 (candles=0)
[2026-06-19 09:34:03] [DEBUG] [hybrid_market_client] Fetching indicators for XAUUSD (method: execution_dataset)
[2026-06-19 09:34:03] [DEBUG] [hybrid_market_client] ✓ Retrieved indicators from DB for XAUUSD
[2026-06-19 09:34:03] [INFO] [hybrid_market_client] ✓ Using execution_dataset for XAUUSD (QuantDinger unavailable)
[2026-06-19 09:34:03] [DEBUG] [hybrid_market_client] Fetching indicators for XAUUSD (method: QuantDinger)
[2026-06-19 09:34:03] [WARNING] [market_client] Candles API error for XAUUSD: No data found (code=0)
[2026-06-19 09:34:03] [WARNING] [market_client] Using FALLBACK indicators for XAUUSD M15 (candles=0)
[2026-06-19 09:34:03] [DEBUG] [hybrid_market_client] Fetching indicators for XAUUSD (method: execution_dataset)
[2026-06-19 09:34:03] [DEBUG] [hybrid_market_client] ✓ Retrieved indicators from DB for XAUUSD
[2026-06-19 09:34:03] [INFO] [hybrid_market_client] ✓ Using execution_dataset for XAUUSD (QuantDinger unavailable)
[2026-06-19 09:34:03] [DEBUG] [hybrid_market_client] Fetching indicators for XAUUSD (method: QuantDinger)
[2026-06-19 09:34:03] [WARNING] [market_client] Candles API error for XAUUSD: No data found (code=0)
[2026-06-19 09:34:03] [WARNING] [market_client] Using FALLBACK indicators for XAUUSD H4 (candles=0)
[2026-06-19 09:34:03] [DEBUG] [hybrid_market_client] Fetching indicators for XAUUSD (method: execution_dataset)
[2026-06-19 09:34:03] [DEBUG] [hybrid_market_client] ✓ Retrieved indicators from DB for XAUUSD
[2026-06-19 09:34:03] [INFO] [hybrid_market_client] ✓ Using execution_dataset for XAUUSD (QuantDinger unavailable)
[2026-06-19 09:34:03] [DEBUG] [hybrid_market_client] Fetching indicators for XAUUSD (method: QuantDinger)
[2026-06-19 09:34:03] [WARNING] [market_client] Candles API error for XAUUSD: No data found (code=0)
[2026-06-19 09:34:03] [ERROR] [market_client] ⚠️  CRITICAL: XAUUSD API failing consistently (5 errors). Check QuantDinger connection!
[2026-06-19 09:34:03] [WARNING] [market_client] Using FALLBACK indicators for XAUUSD H1 (candles=0)
[2026-06-19 09:34:03] [DEBUG] [hybrid_market_client] Fetching indicators for XAUUSD (method: execution_dataset)
[2026-06-19 09:34:03] [DEBUG] [hybrid_market_client] ✓ Retrieved indicators from DB for XAUUSD
[2026-06-19 09:34:03] [INFO] [hybrid_market_client] ✓ Using execution_dataset for XAUUSD (QuantDinger unavailable)
[2026-06-19 09:34:03] [DEBUG] [hybrid_market_client] Fetching indicators for XAUUSD (method: QuantDinger)
[2026-06-19 09:34:03] [WARNING] [market_client] Candles API error for XAUUSD: No data found (code=0)
[2026-06-19 09:34:03] [ERROR] [market_client] ⚠️  CRITICAL: XAUUSD API failing consistently (6 errors). Check QuantDinger connection!
[2026-06-19 09:34:03] [WARNING] [market_client] Using FALLBACK indicators for XAUUSD M15 (candles=0)
[2026-06-19 09:34:03] [DEBUG] [hybrid_market_client] Fetching indicators for XAUUSD (method: execution_dataset)
[2026-06-19 09:34:03] [DEBUG] [hybrid_market_client] ✓ Retrieved indicators from DB for XAUUSD
[2026-06-19 09:34:03] [INFO] [hybrid_market_client] ✓ Using execution_dataset for XAUUSD (QuantDinger unavailable)
[2026-06-19 09:34:03] [DEBUG] [hybrid_market_client] Fetching indicators for XAUUSD (method: QuantDinger)
[2026-06-19 09:34:03] [WARNING] [market_client] Candles API error for XAUUSD: No data found (code=0)
[2026-06-19 09:34:03] [ERROR] [market_client] ⚠️  CRITICAL: XAUUSD API failing consistently (7 errors). Check QuantDinger connection!
[2026-06-19 09:34:03] [WARNING] [market_client] Using FALLBACK indicators for XAUUSD H4 (candles=0)
[2026-06-19 09:34:03] [DEBUG] [hybrid_market_client] Fetching indicators for XAUUSD (method: execution_dataset)
[2026-06-19 09:34:03] [DEBUG] [hybrid_market_client] ✓ Retrieved indicators from DB for XAUUSD
[2026-06-19 09:34:03] [INFO] [hybrid_market_client] ✓ Using execution_dataset for XAUUSD (QuantDinger unavailable)
[2026-06-19 09:34:03] [DEBUG] [hybrid_market_client] Fetching indicators for XAUUSD (method: QuantDinger)
[2026-06-19 09:34:03] [WARNING] [market_client] Candles API error for XAUUSD: No data found (code=0)
[2026-06-19 09:34:03] [ERROR] [market_client] ⚠️  CRITICAL: XAUUSD API failing consistently (8 errors). Check QuantDinger connection!
[2026-06-19 09:34:03] [WARNING] [market_client] Using FALLBACK indicators for XAUUSD H1 (candles=0)
[2026-06-19 09:34:03] [DEBUG] [hybrid_market_client] Fetching indicators for XAUUSD (method: execution_dataset)
[2026-06-19 09:34:03] [DEBUG] [hybrid_market_client] ✓ Retrieved indicators from DB for XAUUSD
[2026-06-19 09:34:03] [INFO] [hybrid_market_client] ✓ Using execution_dataset for XAUUSD (QuantDinger unavailable)
[2026-06-19 09:34:03] [DEBUG] [hybrid_market_client] Fetching indicators for XAUUSD (method: QuantDinger)
[2026-06-19 09:34:03] [WARNING] [market_client] Candles API error for XAUUSD: No data found (code=0)
[2026-06-19 09:34:03] [ERROR] [market_client] ⚠️  CRITICAL: XAUUSD API failing consistently (9 errors). Check QuantDinger connection!
[2026-06-19 09:34:03] [WARNING] [market_client] Using FALLBACK indicators for XAUUSD M15 (candles=0)
[2026-06-19 09:34:03] [DEBUG] [hybrid_market_client] Fetching indicators for XAUUSD (method: execution_dataset)
[2026-06-19 09:34:03] [DEBUG] [hybrid_market_client] ✓ Retrieved indicators from DB for XAUUSD
[2026-06-19 09:34:03] [INFO] [hybrid_market_client] ✓ Using execution_dataset for XAUUSD (QuantDinger unavailable)
[2026-06-19 09:34:03] [INFO] [mtf] MTF_VERIFY XAUUSD: TIMEFRAME=H4 candles=1 last_ts= last_close=4383.60009765625 RSI=65.02 ATR=34.600351 MACD=24.776393 | TIMEFRAME=H1 candles=1 last_ts= last_close=4383.60009765625 RSI=65.02 ATR=34.600351 MACD=24.776393 | TIMEFRAME=M15 candles=1 last_ts= last_close=4383.60009765625 RSI=65.02 ATR=34.600351 MACD=24.776393
[2026-06-19 09:34:03] [INFO] [mtf] MTF XAUUSD: H4=bullish H1=bullish M15=bullish aligned=True (strong)
[2026-06-19 09:34:03] [DEBUG] [hybrid_market_client] Fetching indicators for XAUUSD (method: QuantDinger)
[2026-06-19 09:34:03] [WARNING] [market_client] Candles API error for XAUUSD: No data found (code=0)
[2026-06-19 09:34:03] [ERROR] [market_client] ⚠️  CRITICAL: XAUUSD API failing consistently (10 errors). Check QuantDinger connection!
[2026-06-19 09:34:03] [WARNING] [market_client] Using FALLBACK indicators for XAUUSD H4 (candles=0)
[2026-06-19 09:34:03] [DEBUG] [hybrid_market_client] Fetching indicators for XAUUSD (method: execution_dataset)
[2026-06-19 09:34:03] [DEBUG] [hybrid_market_client] ✓ Retrieved indicators from DB for XAUUSD
[2026-06-19 09:34:03] [INFO] [hybrid_market_client] ✓ Using execution_dataset for XAUUSD (QuantDinger unavailable)
[2026-06-19 09:34:03] [DEBUG] [hybrid_market_client] Fetching indicators for XAUUSD (method: QuantDinger)
[2026-06-19 09:34:03] [WARNING] [market_client] Candles API error for XAUUSD: No data found (code=0)
[2026-06-19 09:34:03] [ERROR] [market_client] ⚠️  CRITICAL: XAUUSD API failing consistently (11 errors). Check QuantDinger connection!
[2026-06-19 09:34:03] [WARNING] [market_client] Using FALLBACK indicators for XAUUSD H1 (candles=0)
[2026-06-19 09:34:03] [DEBUG] [hybrid_market_client] Fetching indicators for XAUUSD (method: execution_dataset)
[2026-06-19 09:34:03] [DEBUG] [hybrid_market_client] ✓ Retrieved indicators from DB for XAUUSD
[2026-06-19 09:34:03] [INFO] [hybrid_market_client] ✓ Using execution_dataset for XAUUSD (QuantDinger unavailable)
[2026-06-19 09:34:03] [DEBUG] [hybrid_market_client] Fetching indicators for XAUUSD (method: QuantDinger)
[2026-06-19 09:34:03] [WARNING] [market_client] Candles API error for XAUUSD: No data found (code=0)
[2026-06-19 09:34:03] [ERROR] [market_client] ⚠️  CRITICAL: XAUUSD API failing consistently (12 errors). Check QuantDinger connection!
[2026-06-19 09:34:03] [WARNING] [market_client] Using FALLBACK indicators for XAUUSD H1 (candles=0)
[2026-06-19 09:34:03] [DEBUG] [hybrid_market_client] Fetching indicators for XAUUSD (method: execution_dataset)
[2026-06-19 09:34:03] [DEBUG] [hybrid_market_client] ✓ Retrieved indicators from DB for XAUUSD
[2026-06-19 09:34:03] [INFO] [hybrid_market_client] ✓ Using execution_dataset for XAUUSD (QuantDinger unavailable)
[2026-06-19 09:34:03] [DEBUG] [hybrid_market_client] Fetching indicators for XAUUSD (method: QuantDinger)
[2026-06-19 09:34:03] [WARNING] [market_client] Candles API error for XAUUSD: No data found (code=0)
[2026-06-19 09:34:03] [ERROR] [market_client] ⚠️  CRITICAL: XAUUSD API failing consistently (13 errors). Check QuantDinger connection!
[2026-06-19 09:34:03] [WARNING] [market_client] Using FALLBACK indicators for XAUUSD H4 (candles=0)
[2026-06-19 09:34:03] [DEBUG] [hybrid_market_client] Fetching indicators for XAUUSD (method: execution_dataset)
[2026-06-19 09:34:03] [DEBUG] [hybrid_market_client] ✓ Retrieved indicators from DB for XAUUSD
[2026-06-19 09:34:03] [INFO] [hybrid_market_client] ✓ Using execution_dataset for XAUUSD (QuantDinger unavailable)
[2026-06-19 09:34:03] [DEBUG] [hybrid_market_client] Fetching indicators for XAUUSD (method: QuantDinger)
[2026-06-19 09:34:03] [WARNING] [market_client] Candles API error for XAUUSD: No data found (code=0)
[2026-06-19 09:34:03] [ERROR] [market_client] ⚠️  CRITICAL: XAUUSD API failing consistently (14 errors). Check QuantDinger connection!
[2026-06-19 09:34:03] [WARNING] [market_client] Using FALLBACK indicators for XAUUSD H1 (candles=0)
[2026-06-19 09:34:03] [DEBUG] [hybrid_market_client] Fetching indicators for XAUUSD (method: execution_dataset)
[2026-06-19 09:34:03] [DEBUG] [hybrid_market_client] ✓ Retrieved indicators from DB for XAUUSD
[2026-06-19 09:34:03] [INFO] [hybrid_market_client] ✓ Using execution_dataset for XAUUSD (QuantDinger unavailable)
[2026-06-19 09:34:03] [INFO] [voting_engine] XAUUSD: MTF strongly aligned, boosting score 10%
[2026-06-19 09:34:03] [INFO] [main] --- GBPUSD ---
[2026-06-19 09:34:06] [INFO] [deepseek] AI analysis GBPUSD: bias=bullish score=65.0 conf=0.60
[2026-06-19 09:34:06] [DEBUG] [signal_engine] Signal: BUY score=65.0 conf=0.60 strength=متوسط valid=True
[2026-06-19 09:34:06] [DEBUG] [hybrid_market_client] Fetching indicators for GBPUSD (method: QuantDinger)
[2026-06-19 09:34:06] [WARNING] [market_client] Candles API error for GBPUSD: No data found (code=0)
[2026-06-19 09:34:06] [WARNING] [market_client] Using FALLBACK indicators for GBPUSD H4 (candles=0)
[2026-06-19 09:34:06] [DEBUG] [hybrid_market_client] Fetching indicators for GBPUSD (method: execution_dataset)
[2026-06-19 09:34:06] [DEBUG] [hybrid_market_client] ✓ Retrieved indicators from DB for GBPUSD
[2026-06-19 09:34:06] [INFO] [hybrid_market_client] ✓ Using execution_dataset for GBPUSD (QuantDinger unavailable)
[2026-06-19 09:34:06] [DEBUG] [hybrid_market_client] Fetching indicators for GBPUSD (method: QuantDinger)
[2026-06-19 09:34:06] [WARNING] [market_client] Candles API error for GBPUSD: No data found (code=0)
[2026-06-19 09:34:06] [WARNING] [market_client] Using FALLBACK indicators for GBPUSD H1 (candles=0)
[2026-06-19 09:34:06] [DEBUG] [hybrid_market_client] Fetching indicators for GBPUSD (method: execution_dataset)
[2026-06-19 09:34:06] [DEBUG] [hybrid_market_client] ✓ Retrieved indicators from DB for GBPUSD
[2026-06-19 09:34:06] [INFO] [hybrid_market_client] ✓ Using execution_dataset for GBPUSD (QuantDinger unavailable)
[2026-06-19 09:34:06] [DEBUG] [hybrid_market_client] Fetching indicators for GBPUSD (method: QuantDinger)
[2026-06-19 09:34:06] [WARNING] [market_client] Candles API error for GBPUSD: No data found (code=0)
[2026-06-19 09:34:06] [WARNING] [market_client] Using FALLBACK indicators for GBPUSD M15 (candles=0)
[2026-06-19 09:34:06] [DEBUG] [hybrid_market_client] Fetching indicators for GBPUSD (method: execution_dataset)
[2026-06-19 09:34:06] [DEBUG] [hybrid_market_client] ✓ Retrieved indicators from DB for GBPUSD
[2026-06-19 09:34:06] [INFO] [hybrid_market_client] ✓ Using execution_dataset for GBPUSD (QuantDinger unavailable)
[2026-06-19 09:34:06] [DEBUG] [hybrid_market_client] Fetching indicators for GBPUSD (method: QuantDinger)
[2026-06-19 09:34:06] [WARNING] [market_client] Candles API error for GBPUSD: No data found (code=0)
[2026-06-19 09:34:06] [WARNING] [market_client] Using FALLBACK indicators for GBPUSD H4 (candles=0)
[2026-06-19 09:34:06] [DEBUG] [hybrid_market_client] Fetching indicators for GBPUSD (method: execution_dataset)
[2026-06-19 09:34:06] [DEBUG] [hybrid_market_client] ✓ Retrieved indicators from DB for GBPUSD
[2026-06-19 09:34:06] [INFO] [hybrid_market_client] ✓ Using execution_dataset for GBPUSD (QuantDinger unavailable)
[2026-06-19 09:34:06] [DEBUG] [hybrid_market_client] Fetching indicators for GBPUSD (method: QuantDinger)
[2026-06-19 09:34:06] [WARNING] [market_client] Candles API error for GBPUSD: No data found (code=0)
[2026-06-19 09:34:06] [ERROR] [market_client] ⚠️  CRITICAL: GBPUSD API failing consistently (5 errors). Check QuantDinger connection!
[2026-06-19 09:34:06] [WARNING] [market_client] Using FALLBACK indicators for GBPUSD H1 (candles=0)
[2026-06-19 09:34:06] [DEBUG] [hybrid_market_client] Fetching indicators for GBPUSD (method: execution_dataset)
[2026-06-19 09:34:06] [DEBUG] [hybrid_market_client] ✓ Retrieved indicators from DB for GBPUSD
[2026-06-19 09:34:06] [INFO] [hybrid_market_client] ✓ Using execution_dataset for GBPUSD (QuantDinger unavailable)
[2026-06-19 09:34:06] [DEBUG] [hybrid_market_client] Fetching indicators for GBPUSD (method: QuantDinger)
[2026-06-19 09:34:06] [WARNING] [market_client] Candles API error for GBPUSD: No data found (code=0)
[2026-06-19 09:34:06] [ERROR] [market_client] ⚠️  CRITICAL: GBPUSD API failing consistently (6 errors). Check QuantDinger connection!
[2026-06-19 09:34:06] [WARNING] [market_client] Using FALLBACK indicators for GBPUSD M15 (candles=0)
[2026-06-19 09:34:06] [DEBUG] [hybrid_market_client] Fetching indicators for GBPUSD (method: execution_dataset)
[2026-06-19 09:34:06] [DEBUG] [hybrid_market_client] ✓ Retrieved indicators from DB for GBPUSD
[2026-06-19 09:34:06] [INFO] [hybrid_market_client] ✓ Using execution_dataset for GBPUSD (QuantDinger unavailable)
[2026-06-19 09:34:06] [DEBUG] [hybrid_market_client] Fetching indicators for GBPUSD (method: QuantDinger)
[2026-06-19 09:34:06] [WARNING] [market_client] Candles API error for GBPUSD: No data found (code=0)
[2026-06-19 09:34:06] [ERROR] [market_client] ⚠️  CRITICAL: GBPUSD API failing consistently (7 errors). Check QuantDinger connection!
[2026-06-19 09:34:06] [WARNING] [market_client] Using FALLBACK indicators for GBPUSD H4 (candles=0)
[2026-06-19 09:34:06] [DEBUG] [hybrid_market_client] Fetching indicators for GBPUSD (method: execution_dataset)
[2026-06-19 09:34:06] [DEBUG] [hybrid_market_client] ✓ Retrieved indicators from DB for GBPUSD
[2026-06-19 09:34:06] [INFO] [hybrid_market_client] ✓ Using execution_dataset for GBPUSD (QuantDinger unavailable)
[2026-06-19 09:34:06] [DEBUG] [hybrid_market_client] Fetching indicators for GBPUSD (method: QuantDinger)
[2026-06-19 09:34:06] [WARNING] [market_client] Candles API error for GBPUSD: No data found (code=0)
[2026-06-19 09:34:06] [ERROR] [market_client] ⚠️  CRITICAL: GBPUSD API failing consistently (8 errors). Check QuantDinger connection!
[2026-06-19 09:34:06] [WARNING] [market_client] Using FALLBACK indicators for GBPUSD H1 (candles=0)
[2026-06-19 09:34:06] [DEBUG] [hybrid_market_client] Fetching indicators for GBPUSD (method: execution_dataset)
[2026-06-19 09:34:06] [DEBUG] [hybrid_market_client] ✓ Retrieved indicators from DB for GBPUSD
[2026-06-19 09:34:06] [INFO] [hybrid_market_client] ✓ Using execution_dataset for GBPUSD (QuantDinger unavailable)
[2026-06-19 09:34:06] [DEBUG] [hybrid_market_client] Fetching indicators for GBPUSD (method: QuantDinger)
[2026-06-19 09:34:06] [WARNING] [market_client] Candles API error for GBPUSD: No data found (code=0)
[2026-06-19 09:34:06] [ERROR] [market_client] ⚠️  CRITICAL: GBPUSD API failing consistently (9 errors). Check QuantDinger connection!
[2026-06-19 09:34:06] [WARNING] [market_client] Using FALLBACK indicators for GBPUSD M15 (candles=0)
[2026-06-19 09:34:06] [DEBUG] [hybrid_market_client] Fetching indicators for GBPUSD (method: execution_dataset)
[2026-06-19 09:34:06] [DEBUG] [hybrid_market_client] ✓ Retrieved indicators from DB for GBPUSD
[2026-06-19 09:34:06] [INFO] [hybrid_market_client] ✓ Using execution_dataset for GBPUSD (QuantDinger unavailable)
[2026-06-19 09:34:06] [INFO] [mtf] MTF_VERIFY GBPUSD: TIMEFRAME=H4 candles=1 last_ts= last_close=1.3426063060760498 RSI=54.53 ATR=0.00241 MACD=0.000846 | TIMEFRAME=H1 candles=1 last_ts= last_close=1.3426063060760498 RSI=54.53 ATR=0.00241 MACD=0.000846 | TIMEFRAME=M15 candles=1 last_ts= last_close=1.3426063060760498 RSI=54.53 ATR=0.00241 MACD=0.000846
[2026-06-19 09:34:06] [INFO] [mtf] MTF GBPUSD: H4=neutral H1=neutral M15=neutral aligned=False (weak)
[2026-06-19 09:34:06] [DEBUG] [hybrid_market_client] Fetching indicators for GBPUSD (method: QuantDinger)
[2026-06-19 09:34:06] [WARNING] [market_client] Candles API error for GBPUSD: No data found (code=0)
[2026-06-19 09:34:06] [ERROR] [market_client] ⚠️  CRITICAL: GBPUSD API failing consistently (10 errors). Check QuantDinger connection!
[2026-06-19 09:34:06] [WARNING] [market_client] Using FALLBACK indicators for GBPUSD H4 (candles=0)
[2026-06-19 09:34:06] [DEBUG] [hybrid_market_client] Fetching indicators for GBPUSD (method: execution_dataset)
[2026-06-19 09:34:06] [DEBUG] [hybrid_market_client] ✓ Retrieved indicators from DB for GBPUSD
[2026-06-19 09:34:06] [INFO] [hybrid_market_client] ✓ Using execution_dataset for GBPUSD (QuantDinger unavailable)
[2026-06-19 09:34:06] [DEBUG] [hybrid_market_client] Fetching indicators for GBPUSD (method: QuantDinger)
[2026-06-19 09:34:06] [WARNING] [market_client] Candles API error for GBPUSD: No data found (code=0)
[2026-06-19 09:34:06] [ERROR] [market_client] ⚠️  CRITICAL: GBPUSD API failing consistently (11 errors). Check QuantDinger connection!
[2026-06-19 09:34:06] [WARNING] [market_client] Using FALLBACK indicators for GBPUSD H1 (candles=0)
[2026-06-19 09:34:06] [DEBUG] [hybrid_market_client] Fetching indicators for GBPUSD (method: execution_dataset)
[2026-06-19 09:34:06] [DEBUG] [hybrid_market_client] ✓ Retrieved indicators from DB for GBPUSD
[2026-06-19 09:34:06] [INFO] [hybrid_market_client] ✓ Using execution_dataset for GBPUSD (QuantDinger unavailable)
[2026-06-19 09:34:06] [DEBUG] [hybrid_market_client] Fetching indicators for GBPUSD (method: QuantDinger)
[2026-06-19 09:34:06] [WARNING] [market_client] Candles API error for GBPUSD: No data found (code=0)
[2026-06-19 09:34:06] [ERROR] [market_client] ⚠️  CRITICAL: GBPUSD API failing consistently (12 errors). Check QuantDinger connection!
[2026-06-19 09:34:06] [WARNING] [market_client] Using FALLBACK indicators for GBPUSD H1 (candles=0)
[2026-06-19 09:34:06] [DEBUG] [hybrid_market_client] Fetching indicators for GBPUSD (method: execution_dataset)
[2026-06-19 09:34:06] [DEBUG] [hybrid_market_client] ✓ Retrieved indicators from DB for GBPUSD
[2026-06-19 09:34:06] [INFO] [hybrid_market_client] ✓ Using execution_dataset for GBPUSD (QuantDinger unavailable)
[2026-06-19 09:34:06] [DEBUG] [hybrid_market_client] Fetching indicators for GBPUSD (method: QuantDinger)
[2026-06-19 09:34:06] [WARNING] [market_client] Candles API error for GBPUSD: No data found (code=0)
[2026-06-19 09:34:06] [ERROR] [market_client] ⚠️  CRITICAL: GBPUSD API failing consistently (13 errors). Check QuantDinger connection!
[2026-06-19 09:34:06] [WARNING] [market_client] Using FALLBACK indicators for GBPUSD H4 (candles=0)
[2026-06-19 09:34:06] [DEBUG] [hybrid_market_client] Fetching indicators for GBPUSD (method: execution_dataset)
[2026-06-19 09:34:06] [DEBUG] [hybrid_market_client] ✓ Retrieved indicators from DB for GBPUSD
[2026-06-19 09:34:06] [INFO] [hybrid_market_client] ✓ Using execution_dataset for GBPUSD (QuantDinger unavailable)
[2026-06-19 09:34:06] [DEBUG] [hybrid_market_client] Fetching indicators for GBPUSD (method: QuantDinger)
[2026-06-19 09:34:06] [WARNING] [market_client] Candles API error for GBPUSD: No data found (code=0)
[2026-06-19 09:34:06] [ERROR] [market_client] ⚠️  CRITICAL: GBPUSD API failing consistently (14 errors). Check QuantDinger connection!
[2026-06-19 09:34:06] [WARNING] [market_client] Using FALLBACK indicators for GBPUSD H1 (candles=0)
[2026-06-19 09:34:06] [DEBUG] [hybrid_market_client] Fetching indicators for GBPUSD (method: execution_dataset)
[2026-06-19 09:34:06] [DEBUG] [hybrid_market_client] ✓ Retrieved indicators from DB for GBPUSD
[2026-06-19 09:34:06] [INFO] [hybrid_market_client] ✓ Using execution_dataset for GBPUSD (QuantDinger unavailable)
[2026-06-19 09:34:06] [INFO] [voting_engine] GBPUSD: MTF weakly misaligned, reducing score 10%
[2026-06-19 09:34:06] [INFO] [main] GBPUSD: SKIP - GBPUSD BUY already open
[2026-06-19 09:34:06] [INFO] [main] Sleeping 1800s...
[2026-06-19 09:36:30] [INFO] [main] Trading Bot V3 starting...
[2026-06-19 09:36:30] [INFO] [database] V3 Database initialized with all tables
[2026-06-19 09:36:30] [INFO] [qd_client] Logged in to QuantDinger
[2026-06-19 09:36:30] [INFO] [qd_client] MT5 connected
[2026-06-19 09:36:30] [INFO] [main] MT5 connected
[2026-06-19 09:36:30] [INFO] [telegram_bot] Telegram polling started
[2026-06-19 09:36:30] [INFO] [telegram_bot] Telegram bot V3 started
[2026-06-19 09:36:30] [INFO] [mt5_watchdog] MT5 watchdog started (V1 reconnect logic)
[2026-06-19 09:36:30] [INFO] [reconciliation] Reconciliation loop started (every 60s)
[2026-06-19 09:36:30] [INFO] [reconciliation] Reconciliation thread started
[2026-06-19 09:36:31] [INFO] [main] ==================================================
[2026-06-19 09:36:31] [INFO] [main] Cycle 1 at 09:36:31
[2026-06-19 09:36:39] [INFO] [news_fetcher] Fetched 5 relevant news items
[2026-06-19 09:36:39] [INFO] [main] Equity: 73516.00$ | News: 5
[2026-06-19 09:36:39] [INFO] [main] --- EURUSD ---
[2026-06-19 09:36:43] [INFO] [deepseek] AI analysis EURUSD: bias=bearish score=55.0 conf=0.60
[2026-06-19 09:36:43] [DEBUG] [signal_engine] Signal: SELL score=55.0 conf=0.60 strength=متوسط valid=True
[2026-06-19 09:36:43] [DEBUG] [hybrid_market_client] Fetching indicators for EURUSD (method: QuantDinger)
[2026-06-19 09:36:43] [WARNING] [market_client] Candles API error for EURUSD: No data found (code=0)
[2026-06-19 09:36:43] [WARNING] [market_client] Using FALLBACK indicators for EURUSD H4 (candles=0)
[2026-06-19 09:36:43] [DEBUG] [hybrid_market_client] Fetching indicators for EURUSD (method: execution_dataset)
[2026-06-19 09:36:43] [DEBUG] [hybrid_market_client] ✓ Retrieved indicators from DB for EURUSD
[2026-06-19 09:36:43] [INFO] [hybrid_market_client] ✓ Using execution_dataset for EURUSD (QuantDinger unavailable)
[2026-06-19 09:36:43] [DEBUG] [hybrid_market_client] Fetching indicators for EURUSD (method: QuantDinger)
[2026-06-19 09:36:43] [WARNING] [market_client] Candles API error for EURUSD: No data found (code=0)
[2026-06-19 09:36:43] [WARNING] [market_client] Using FALLBACK indicators for EURUSD H1 (candles=0)
[2026-06-19 09:36:43] [DEBUG] [hybrid_market_client] Fetching indicators for EURUSD (method: execution_dataset)
[2026-06-19 09:36:43] [DEBUG] [hybrid_market_client] ✓ Retrieved indicators from DB for EURUSD
[2026-06-19 09:36:43] [INFO] [hybrid_market_client] ✓ Using execution_dataset for EURUSD (QuantDinger unavailable)
[2026-06-19 09:36:43] [DEBUG] [hybrid_market_client] Fetching indicators for EURUSD (method: QuantDinger)
[2026-06-19 09:36:43] [WARNING] [market_client] Candles API error for EURUSD: No data found (code=0)
[2026-06-19 09:36:43] [WARNING] [market_client] Using FALLBACK indicators for EURUSD M15 (candles=0)
[2026-06-19 09:36:43] [DEBUG] [hybrid_market_client] Fetching indicators for EURUSD (method: execution_dataset)
[2026-06-19 09:36:43] [DEBUG] [hybrid_market_client] ✓ Retrieved indicators from DB for EURUSD
[2026-06-19 09:36:43] [INFO] [hybrid_market_client] ✓ Using execution_dataset for EURUSD (QuantDinger unavailable)
[2026-06-19 09:36:43] [DEBUG] [hybrid_market_client] Fetching indicators for EURUSD (method: QuantDinger)
[2026-06-19 09:36:43] [WARNING] [market_client] Candles API error for EURUSD: No data found (code=0)
[2026-06-19 09:36:43] [WARNING] [market_client] Using FALLBACK indicators for EURUSD H4 (candles=0)
[2026-06-19 09:36:43] [DEBUG] [hybrid_market_client] Fetching indicators for EURUSD (method: execution_dataset)
[2026-06-19 09:36:43] [DEBUG] [hybrid_market_client] ✓ Retrieved indicators from DB for EURUSD
[2026-06-19 09:36:43] [INFO] [hybrid_market_client] ✓ Using execution_dataset for EURUSD (QuantDinger unavailable)
[2026-06-19 09:36:43] [DEBUG] [hybrid_market_client] Fetching indicators for EURUSD (method: QuantDinger)
[2026-06-19 09:36:43] [WARNING] [market_client] Candles API error for EURUSD: No data found (code=0)
[2026-06-19 09:36:43] [ERROR] [market_client] ⚠️  CRITICAL: EURUSD API failing consistently (5 errors). Check QuantDinger connection!
[2026-06-19 09:36:43] [WARNING] [market_client] Using FALLBACK indicators for EURUSD H1 (candles=0)
[2026-06-19 09:36:43] [DEBUG] [hybrid_market_client] Fetching indicators for EURUSD (method: execution_dataset)
[2026-06-19 09:36:43] [DEBUG] [hybrid_market_client] ✓ Retrieved indicators from DB for EURUSD
[2026-06-19 09:36:43] [INFO] [hybrid_market_client] ✓ Using execution_dataset for EURUSD (QuantDinger unavailable)
[2026-06-19 09:36:43] [DEBUG] [hybrid_market_client] Fetching indicators for EURUSD (method: QuantDinger)
[2026-06-19 09:36:43] [WARNING] [market_client] Candles API error for EURUSD: No data found (code=0)
[2026-06-19 09:36:43] [ERROR] [market_client] ⚠️  CRITICAL: EURUSD API failing consistently (6 errors). Check QuantDinger connection!
[2026-06-19 09:36:43] [WARNING] [market_client] Using FALLBACK indicators for EURUSD M15 (candles=0)
[2026-06-19 09:36:43] [DEBUG] [hybrid_market_client] Fetching indicators for EURUSD (method: execution_dataset)
[2026-06-19 09:36:43] [DEBUG] [hybrid_market_client] ✓ Retrieved indicators from DB for EURUSD
[2026-06-19 09:36:43] [INFO] [hybrid_market_client] ✓ Using execution_dataset for EURUSD (QuantDinger unavailable)
[2026-06-19 09:36:43] [DEBUG] [hybrid_market_client] Fetching indicators for EURUSD (method: QuantDinger)
[2026-06-19 09:36:43] [WARNING] [market_client] Candles API error for EURUSD: No data found (code=0)
[2026-06-19 09:36:43] [ERROR] [market_client] ⚠️  CRITICAL: EURUSD API failing consistently (7 errors). Check QuantDinger connection!
[2026-06-19 09:36:43] [WARNING] [market_client] Using FALLBACK indicators for EURUSD H4 (candles=0)
[2026-06-19 09:36:43] [DEBUG] [hybrid_market_client] Fetching indicators for EURUSD (method: execution_dataset)
[2026-06-19 09:36:43] [DEBUG] [hybrid_market_client] ✓ Retrieved indicators from DB for EURUSD
[2026-06-19 09:36:43] [INFO] [hybrid_market_client] ✓ Using execution_dataset for EURUSD (QuantDinger unavailable)
[2026-06-19 09:36:43] [DEBUG] [hybrid_market_client] Fetching indicators for EURUSD (method: QuantDinger)
[2026-06-19 09:36:43] [WARNING] [market_client] Candles API error for EURUSD: No data found (code=0)
[2026-06-19 09:36:43] [ERROR] [market_client] ⚠️  CRITICAL: EURUSD API failing consistently (8 errors). Check QuantDinger connection!
[2026-06-19 09:36:43] [WARNING] [market_client] Using FALLBACK indicators for EURUSD H1 (candles=0)
[2026-06-19 09:36:43] [DEBUG] [hybrid_market_client] Fetching indicators for EURUSD (method: execution_dataset)
[2026-06-19 09:36:43] [DEBUG] [hybrid_market_client] ✓ Retrieved indicators from DB for EURUSD
[2026-06-19 09:36:43] [INFO] [hybrid_market_client] ✓ Using execution_dataset for EURUSD (QuantDinger unavailable)
[2026-06-19 09:36:43] [DEBUG] [hybrid_market_client] Fetching indicators for EURUSD (method: QuantDinger)
[2026-06-19 09:36:43] [WARNING] [market_client] Candles API error for EURUSD: No data found (code=0)
[2026-06-19 09:36:43] [ERROR] [market_client] ⚠️  CRITICAL: EURUSD API failing consistently (9 errors). Check QuantDinger connection!
[2026-06-19 09:36:43] [WARNING] [market_client] Using FALLBACK indicators for EURUSD M15 (candles=0)
[2026-06-19 09:36:43] [DEBUG] [hybrid_market_client] Fetching indicators for EURUSD (method: execution_dataset)
[2026-06-19 09:36:43] [DEBUG] [hybrid_market_client] ✓ Retrieved indicators from DB for EURUSD
[2026-06-19 09:36:43] [INFO] [hybrid_market_client] ✓ Using execution_dataset for EURUSD (QuantDinger unavailable)
[2026-06-19 09:36:43] [INFO] [mtf] MTF_VERIFY EURUSD: TIMEFRAME=H4 candles=1 last_ts= last_close=1.1592857837677002 RSI=49.87 ATR=0.001853 MACD=0.000892 | TIMEFRAME=H1 candles=1 last_ts= last_close=1.1592857837677002 RSI=49.87 ATR=0.001853 MACD=0.000892 | TIMEFRAME=M15 candles=1 last_ts= last_close=1.1592857837677002 RSI=49.87 ATR=0.001853 MACD=0.000892
[2026-06-19 09:36:43] [INFO] [mtf] MTF EURUSD: H4=neutral H1=neutral M15=neutral aligned=False (weak)
[2026-06-19 09:36:43] [DEBUG] [hybrid_market_client] Fetching indicators for EURUSD (method: QuantDinger)
[2026-06-19 09:36:43] [WARNING] [market_client] Candles API error for EURUSD: No data found (code=0)
[2026-06-19 09:36:43] [ERROR] [market_client] ⚠️  CRITICAL: EURUSD API failing consistently (10 errors). Check QuantDinger connection!
[2026-06-19 09:36:43] [WARNING] [market_client] Using FALLBACK indicators for EURUSD H4 (candles=0)
[2026-06-19 09:36:43] [DEBUG] [hybrid_market_client] Fetching indicators for EURUSD (method: execution_dataset)
[2026-06-19 09:36:43] [DEBUG] [hybrid_market_client] ✓ Retrieved indicators from DB for EURUSD
[2026-06-19 09:36:43] [INFO] [hybrid_market_client] ✓ Using execution_dataset for EURUSD (QuantDinger unavailable)
[2026-06-19 09:36:43] [DEBUG] [hybrid_market_client] Fetching indicators for EURUSD (method: QuantDinger)
[2026-06-19 09:36:44] [WARNING] [market_client] Candles API error for EURUSD: No data found (code=0)
[2026-06-19 09:36:44] [ERROR] [market_client] ⚠️  CRITICAL: EURUSD API failing consistently (11 errors). Check QuantDinger connection!
[2026-06-19 09:36:44] [WARNING] [market_client] Using FALLBACK indicators for EURUSD H1 (candles=0)
[2026-06-19 09:36:44] [DEBUG] [hybrid_market_client] Fetching indicators for EURUSD (method: execution_dataset)
[2026-06-19 09:36:44] [DEBUG] [hybrid_market_client] ✓ Retrieved indicators from DB for EURUSD
[2026-06-19 09:36:44] [INFO] [hybrid_market_client] ✓ Using execution_dataset for EURUSD (QuantDinger unavailable)
[2026-06-19 09:36:44] [DEBUG] [hybrid_market_client] Fetching indicators for EURUSD (method: QuantDinger)
[2026-06-19 09:36:44] [WARNING] [market_client] Candles API error for EURUSD: No data found (code=0)
[2026-06-19 09:36:44] [ERROR] [market_client] ⚠️  CRITICAL: EURUSD API failing consistently (12 errors). Check QuantDinger connection!
[2026-06-19 09:36:44] [WARNING] [market_client] Using FALLBACK indicators for EURUSD H1 (candles=0)
[2026-06-19 09:36:44] [DEBUG] [hybrid_market_client] Fetching indicators for EURUSD (method: execution_dataset)
[2026-06-19 09:36:44] [DEBUG] [hybrid_market_client] ✓ Retrieved indicators from DB for EURUSD
[2026-06-19 09:36:44] [INFO] [hybrid_market_client] ✓ Using execution_dataset for EURUSD (QuantDinger unavailable)
[2026-06-19 09:36:44] [DEBUG] [hybrid_market_client] Fetching indicators for EURUSD (method: QuantDinger)
[2026-06-19 09:36:44] [WARNING] [market_client] Candles API error for EURUSD: No data found (code=0)
[2026-06-19 09:36:44] [ERROR] [market_client] ⚠️  CRITICAL: EURUSD API failing consistently (13 errors). Check QuantDinger connection!
[2026-06-19 09:36:44] [WARNING] [market_client] Using FALLBACK indicators for EURUSD H4 (candles=0)
[2026-06-19 09:36:44] [DEBUG] [hybrid_market_client] Fetching indicators for EURUSD (method: execution_dataset)
[2026-06-19 09:36:44] [DEBUG] [hybrid_market_client] ✓ Retrieved indicators from DB for EURUSD
[2026-06-19 09:36:44] [INFO] [hybrid_market_client] ✓ Using execution_dataset for EURUSD (QuantDinger unavailable)
[2026-06-19 09:36:44] [DEBUG] [hybrid_market_client] Fetching indicators for EURUSD (method: QuantDinger)
[2026-06-19 09:36:44] [WARNING] [market_client] Candles API error for EURUSD: No data found (code=0)
[2026-06-19 09:36:44] [ERROR] [market_client] ⚠️  CRITICAL: EURUSD API failing consistently (14 errors). Check QuantDinger connection!
[2026-06-19 09:36:44] [WARNING] [market_client] Using FALLBACK indicators for EURUSD H1 (candles=0)
[2026-06-19 09:36:44] [DEBUG] [hybrid_market_client] Fetching indicators for EURUSD (method: execution_dataset)
[2026-06-19 09:36:44] [DEBUG] [hybrid_market_client] ✓ Retrieved indicators from DB for EURUSD
[2026-06-19 09:36:44] [INFO] [hybrid_market_client] ✓ Using execution_dataset for EURUSD (QuantDinger unavailable)
[2026-06-19 09:36:44] [INFO] [voting_engine] EURUSD: MTF weakly misaligned, reducing score 10%
[2026-06-19 09:36:44] [DEBUG] [hybrid_market_client] Fetching indicators for EURUSD (method: QuantDinger)
[2026-06-19 09:36:44] [WARNING] [market_client] Candles API error for EURUSD: No data found (code=0)
[2026-06-19 09:36:44] [ERROR] [market_client] ⚠️  CRITICAL: EURUSD API failing consistently (15 errors). Check QuantDinger connection!
[2026-06-19 09:36:44] [WARNING] [market_client] Using FALLBACK indicators for EURUSD 4H (candles=0)
[2026-06-19 09:36:44] [DEBUG] [hybrid_market_client] Fetching indicators for EURUSD (method: execution_dataset)
[2026-06-19 09:36:44] [DEBUG] [hybrid_market_client] ✓ Retrieved indicators from DB for EURUSD
[2026-06-19 09:36:44] [INFO] [hybrid_market_client] ✓ Using execution_dataset for EURUSD (QuantDinger unavailable)
[2026-06-19 09:36:44] [DEBUG] [hybrid_market_client] Fetching indicators for EURUSD (method: QuantDinger)
[2026-06-19 09:36:44] [WARNING] [market_client] Candles API error for EURUSD: No data found (code=0)
[2026-06-19 09:36:44] [ERROR] [market_client] ⚠️  CRITICAL: EURUSD API failing consistently (16 errors). Check QuantDinger connection!
[2026-06-19 09:36:44] [WARNING] [market_client] Using FALLBACK indicators for EURUSD 4H (candles=0)
[2026-06-19 09:36:44] [DEBUG] [hybrid_market_client] Fetching indicators for EURUSD (method: execution_dataset)
[2026-06-19 09:36:44] [DEBUG] [hybrid_market_client] ✓ Retrieved indicators from DB for EURUSD
[2026-06-19 09:36:44] [INFO] [hybrid_market_client] ✓ Using execution_dataset for EURUSD (QuantDinger unavailable)
[2026-06-19 09:36:44] [INFO] [sltp] SL/TP EURUSD: entry=1.1592857837677002 atr=0.00185 sl=1.16207 tp=1.15465
[2026-06-19 09:36:44] [INFO] [position_sizing] Position size: 0.5 (equity=73516, risk=0.001, sl_dist=0.00278, score=53, cons_loss=0)
[2026-06-19 09:36:44] [WARNING] [market_client] Candles API error for EURUSD: No data found (code=0)
[2026-06-19 09:36:44] [ERROR] [market_client] ⚠️  CRITICAL: EURUSD API failing consistently (17 errors). Check QuantDinger connection!
[2026-06-19 09:36:44] [WARNING] [market_client] Using FALLBACK indicators for EURUSD 4H (candles=0)
[2026-06-19 09:36:44] [INFO] [xgboost_v2] XGBoost v2 model loaded successfully
[2026-06-19 09:36:44] [DEBUG] [xgboost_v2] V2 predict: rsi=50.0 atr=0.00185 regime=RANGING session=asia dir=SELL -> p_win=0.878
[2026-06-19 09:36:44] [INFO] [main] EURUSD ML v2 p_win=0.878 available=True
[2026-06-19 09:36:44] [INFO] [main] EURUSD: size adjusted by ML confidence -> 0.75 (multiplier=1.5)
[2026-06-19 09:36:44] [DEBUG] [qd_client] Opening trade payload: EURUSD SELL volume=0.75
[2026-06-19 09:36:44] [ERROR] [qd_client] Trade failed: {'success': False, 'error': 'Order rejected: Unsupported filling mode'}
[2026-06-19 09:36:44] [DEBUG] [qd_client] Opening trade payload: EURUSD SELL volume=0.75
[2026-06-19 09:36:44] [ERROR] [qd_client] Trade failed: {'success': False, 'error': 'Order rejected: Unsupported filling mode'}
[2026-06-19 09:36:44] [DEBUG] [qd_client] Opening trade payload: EURUSD SELL volume=0.75
[2026-06-19 09:36:44] [ERROR] [qd_client] Trade failed: {'success': False, 'error': 'Order rejected: Unsupported filling mode'}
[2026-06-19 09:36:44] [INFO] [sltp] SL/TP EURUSD: entry=0.0 atr=0.00185 sl=0.00278 tp=-0.00463
[2026-06-19 09:36:44] [INFO] [main] Trade opened: EURUSD SELL size=0.75 id=2
[2026-06-19 09:36:45] [INFO] [main] --- XAUUSD ---
[2026-06-19 09:36:48] [INFO] [deepseek] AI analysis XAUUSD: bias=neutral score=45.0 conf=0.40
[2026-06-19 09:36:48] [DEBUG] [signal_engine] Signal: NEUTRAL score=45.0 conf=0.40 strength=ضعيف valid=False
[2026-06-19 09:36:48] [INFO] [sentiment] Sentiment XAUUSD: bullish score=100 bull=2 bear=0
[2026-06-19 09:36:48] [DEBUG] [hybrid_market_client] Fetching indicators for XAUUSD (method: QuantDinger)
[2026-06-19 09:36:48] [WARNING] [market_client] Candles API error for XAUUSD: No data found (code=0)
[2026-06-19 09:36:48] [WARNING] [market_client] Using FALLBACK indicators for XAUUSD H4 (candles=0)
[2026-06-19 09:36:48] [DEBUG] [hybrid_market_client] Fetching indicators for XAUUSD (method: execution_dataset)
[2026-06-19 09:36:48] [DEBUG] [hybrid_market_client] ✓ Retrieved indicators from DB for XAUUSD
[2026-06-19 09:36:48] [INFO] [hybrid_market_client] ✓ Using execution_dataset for XAUUSD (QuantDinger unavailable)
[2026-06-19 09:36:48] [DEBUG] [hybrid_market_client] Fetching indicators for XAUUSD (method: QuantDinger)
[2026-06-19 09:36:48] [WARNING] [market_client] Candles API error for XAUUSD: No data found (code=0)
[2026-06-19 09:36:48] [WARNING] [market_client] Using FALLBACK indicators for XAUUSD H1 (candles=0)
[2026-06-19 09:36:48] [DEBUG] [hybrid_market_client] Fetching indicators for XAUUSD (method: execution_dataset)
[2026-06-19 09:36:48] [DEBUG] [hybrid_market_client] ✓ Retrieved indicators from DB for XAUUSD
[2026-06-19 09:36:48] [INFO] [hybrid_market_client] ✓ Using execution_dataset for XAUUSD (QuantDinger unavailable)
[2026-06-19 09:36:48] [DEBUG] [hybrid_market_client] Fetching indicators for XAUUSD (method: QuantDinger)
[2026-06-19 09:36:48] [WARNING] [market_client] Candles API error for XAUUSD: No data found (code=0)
[2026-06-19 09:36:48] [WARNING] [market_client] Using FALLBACK indicators for XAUUSD M15 (candles=0)
[2026-06-19 09:36:48] [DEBUG] [hybrid_market_client] Fetching indicators for XAUUSD (method: execution_dataset)
[2026-06-19 09:36:48] [DEBUG] [hybrid_market_client] ✓ Retrieved indicators from DB for XAUUSD
[2026-06-19 09:36:48] [INFO] [hybrid_market_client] ✓ Using execution_dataset for XAUUSD (QuantDinger unavailable)
[2026-06-19 09:36:48] [DEBUG] [hybrid_market_client] Fetching indicators for XAUUSD (method: QuantDinger)
[2026-06-19 09:36:48] [WARNING] [market_client] Candles API error for XAUUSD: No data found (code=0)
[2026-06-19 09:36:48] [WARNING] [market_client] Using FALLBACK indicators for XAUUSD H4 (candles=0)
[2026-06-19 09:36:48] [DEBUG] [hybrid_market_client] Fetching indicators for XAUUSD (method: execution_dataset)
[2026-06-19 09:36:48] [DEBUG] [hybrid_market_client] ✓ Retrieved indicators from DB for XAUUSD
[2026-06-19 09:36:48] [INFO] [hybrid_market_client] ✓ Using execution_dataset for XAUUSD (QuantDinger unavailable)
[2026-06-19 09:36:48] [DEBUG] [hybrid_market_client] Fetching indicators for XAUUSD (method: QuantDinger)
[2026-06-19 09:36:48] [WARNING] [market_client] Candles API error for XAUUSD: No data found (code=0)
[2026-06-19 09:36:48] [ERROR] [market_client] ⚠️  CRITICAL: XAUUSD API failing consistently (5 errors). Check QuantDinger connection!
[2026-06-19 09:36:48] [WARNING] [market_client] Using FALLBACK indicators for XAUUSD H1 (candles=0)
[2026-06-19 09:36:48] [DEBUG] [hybrid_market_client] Fetching indicators for XAUUSD (method: execution_dataset)
[2026-06-19 09:36:48] [DEBUG] [hybrid_market_client] ✓ Retrieved indicators from DB for XAUUSD
[2026-06-19 09:36:48] [INFO] [hybrid_market_client] ✓ Using execution_dataset for XAUUSD (QuantDinger unavailable)
[2026-06-19 09:36:48] [DEBUG] [hybrid_market_client] Fetching indicators for XAUUSD (method: QuantDinger)
[2026-06-19 09:36:48] [WARNING] [market_client] Candles API error for XAUUSD: No data found (code=0)
[2026-06-19 09:36:48] [ERROR] [market_client] ⚠️  CRITICAL: XAUUSD API failing consistently (6 errors). Check QuantDinger connection!
[2026-06-19 09:36:48] [WARNING] [market_client] Using FALLBACK indicators for XAUUSD M15 (candles=0)
[2026-06-19 09:36:48] [DEBUG] [hybrid_market_client] Fetching indicators for XAUUSD (method: execution_dataset)
[2026-06-19 09:36:48] [DEBUG] [hybrid_market_client] ✓ Retrieved indicators from DB for XAUUSD
[2026-06-19 09:36:48] [INFO] [hybrid_market_client] ✓ Using execution_dataset for XAUUSD (QuantDinger unavailable)
[2026-06-19 09:36:48] [DEBUG] [hybrid_market_client] Fetching indicators for XAUUSD (method: QuantDinger)
[2026-06-19 09:36:49] [WARNING] [market_client] Candles API error for XAUUSD: No data found (code=0)
[2026-06-19 09:36:49] [ERROR] [market_client] ⚠️  CRITICAL: XAUUSD API failing consistently (7 errors). Check QuantDinger connection!
[2026-06-19 09:36:49] [WARNING] [market_client] Using FALLBACK indicators for XAUUSD H4 (candles=0)
[2026-06-19 09:36:49] [DEBUG] [hybrid_market_client] Fetching indicators for XAUUSD (method: execution_dataset)
[2026-06-19 09:36:49] [DEBUG] [hybrid_market_client] ✓ Retrieved indicators from DB for XAUUSD
[2026-06-19 09:36:49] [INFO] [hybrid_market_client] ✓ Using execution_dataset for XAUUSD (QuantDinger unavailable)
[2026-06-19 09:36:49] [DEBUG] [hybrid_market_client] Fetching indicators for XAUUSD (method: QuantDinger)
[2026-06-19 09:36:49] [WARNING] [market_client] Candles API error for XAUUSD: No data found (code=0)
[2026-06-19 09:36:49] [ERROR] [market_client] ⚠️  CRITICAL: XAUUSD API failing consistently (8 errors). Check QuantDinger connection!
[2026-06-19 09:36:49] [WARNING] [market_client] Using FALLBACK indicators for XAUUSD H1 (candles=0)
[2026-06-19 09:36:49] [DEBUG] [hybrid_market_client] Fetching indicators for XAUUSD (method: execution_dataset)
[2026-06-19 09:36:49] [DEBUG] [hybrid_market_client] ✓ Retrieved indicators from DB for XAUUSD
[2026-06-19 09:36:49] [INFO] [hybrid_market_client] ✓ Using execution_dataset for XAUUSD (QuantDinger unavailable)
[2026-06-19 09:36:49] [DEBUG] [hybrid_market_client] Fetching indicators for XAUUSD (method: QuantDinger)
[2026-06-19 09:36:49] [WARNING] [market_client] Candles API error for XAUUSD: No data found (code=0)
[2026-06-19 09:36:49] [ERROR] [market_client] ⚠️  CRITICAL: XAUUSD API failing consistently (9 errors). Check QuantDinger connection!
[2026-06-19 09:36:49] [WARNING] [market_client] Using FALLBACK indicators for XAUUSD M15 (candles=0)
[2026-06-19 09:36:49] [DEBUG] [hybrid_market_client] Fetching indicators for XAUUSD (method: execution_dataset)
[2026-06-19 09:36:49] [DEBUG] [hybrid_market_client] ✓ Retrieved indicators from DB for XAUUSD
[2026-06-19 09:36:49] [INFO] [hybrid_market_client] ✓ Using execution_dataset for XAUUSD (QuantDinger unavailable)
[2026-06-19 09:36:49] [INFO] [mtf] MTF_VERIFY XAUUSD: TIMEFRAME=H4 candles=1 last_ts= last_close=4383.60009765625 RSI=65.02 ATR=34.600351 MACD=24.776393 | TIMEFRAME=H1 candles=1 last_ts= last_close=4383.60009765625 RSI=65.02 ATR=34.600351 MACD=24.776393 | TIMEFRAME=M15 candles=1 last_ts= last_close=4383.60009765625 RSI=65.02 ATR=34.600351 MACD=24.776393
[2026-06-19 09:36:49] [INFO] [mtf] MTF XAUUSD: H4=bullish H1=bullish M15=bullish aligned=True (strong)
[2026-06-19 09:36:49] [DEBUG] [hybrid_market_client] Fetching indicators for XAUUSD (method: QuantDinger)
[2026-06-19 09:36:49] [WARNING] [market_client] Candles API error for XAUUSD: No data found (code=0)
[2026-06-19 09:36:49] [ERROR] [market_client] ⚠️  CRITICAL: XAUUSD API failing consistently (10 errors). Check QuantDinger connection!
[2026-06-19 09:36:49] [WARNING] [market_client] Using FALLBACK indicators for XAUUSD H4 (candles=0)
[2026-06-19 09:36:49] [DEBUG] [hybrid_market_client] Fetching indicators for XAUUSD (method: execution_dataset)
[2026-06-19 09:36:49] [DEBUG] [hybrid_market_client] ✓ Retrieved indicators from DB for XAUUSD
[2026-06-19 09:36:49] [INFO] [hybrid_market_client] ✓ Using execution_dataset for XAUUSD (QuantDinger unavailable)
[2026-06-19 09:36:49] [DEBUG] [hybrid_market_client] Fetching indicators for XAUUSD (method: QuantDinger)
[2026-06-19 09:36:49] [WARNING] [market_client] Candles API error for XAUUSD: No data found (code=0)
[2026-06-19 09:36:49] [ERROR] [market_client] ⚠️  CRITICAL: XAUUSD API failing consistently (11 errors). Check QuantDinger connection!
[2026-06-19 09:36:49] [WARNING] [market_client] Using FALLBACK indicators for XAUUSD H1 (candles=0)
[2026-06-19 09:36:49] [DEBUG] [hybrid_market_client] Fetching indicators for XAUUSD (method: execution_dataset)
[2026-06-19 09:36:49] [DEBUG] [hybrid_market_client] ✓ Retrieved indicators from DB for XAUUSD
[2026-06-19 09:36:49] [INFO] [hybrid_market_client] ✓ Using execution_dataset for XAUUSD (QuantDinger unavailable)
[2026-06-19 09:36:49] [DEBUG] [hybrid_market_client] Fetching indicators for XAUUSD (method: QuantDinger)
[2026-06-19 09:36:49] [WARNING] [market_client] Candles API error for XAUUSD: No data found (code=0)
[2026-06-19 09:36:49] [ERROR] [market_client] ⚠️  CRITICAL: XAUUSD API failing consistently (12 errors). Check QuantDinger connection!
[2026-06-19 09:36:49] [WARNING] [market_client] Using FALLBACK indicators for XAUUSD H1 (candles=0)
[2026-06-19 09:36:49] [DEBUG] [hybrid_market_client] Fetching indicators for XAUUSD (method: execution_dataset)
[2026-06-19 09:36:49] [DEBUG] [hybrid_market_client] ✓ Retrieved indicators from DB for XAUUSD
[2026-06-19 09:36:49] [INFO] [hybrid_market_client] ✓ Using execution_dataset for XAUUSD (QuantDinger unavailable)
[2026-06-19 09:36:49] [DEBUG] [hybrid_market_client] Fetching indicators for XAUUSD (method: QuantDinger)
[2026-06-19 09:36:49] [WARNING] [market_client] Candles API error for XAUUSD: No data found (code=0)
[2026-06-19 09:36:49] [ERROR] [market_client] ⚠️  CRITICAL: XAUUSD API failing consistently (13 errors). Check QuantDinger connection!
[2026-06-19 09:36:49] [WARNING] [market_client] Using FALLBACK indicators for XAUUSD H4 (candles=0)
[2026-06-19 09:36:49] [DEBUG] [hybrid_market_client] Fetching indicators for XAUUSD (method: execution_dataset)
[2026-06-19 09:36:49] [DEBUG] [hybrid_market_client] ✓ Retrieved indicators from DB for XAUUSD
[2026-06-19 09:36:49] [INFO] [hybrid_market_client] ✓ Using execution_dataset for XAUUSD (QuantDinger unavailable)
[2026-06-19 09:36:49] [DEBUG] [hybrid_market_client] Fetching indicators for XAUUSD (method: QuantDinger)
[2026-06-19 09:36:49] [WARNING] [market_client] Candles API error for XAUUSD: No data found (code=0)
[2026-06-19 09:36:49] [ERROR] [market_client] ⚠️  CRITICAL: XAUUSD API failing consistently (14 errors). Check QuantDinger connection!
[2026-06-19 09:36:49] [WARNING] [market_client] Using FALLBACK indicators for XAUUSD H1 (candles=0)
[2026-06-19 09:36:49] [DEBUG] [hybrid_market_client] Fetching indicators for XAUUSD (method: execution_dataset)
[2026-06-19 09:36:49] [DEBUG] [hybrid_market_client] ✓ Retrieved indicators from DB for XAUUSD
[2026-06-19 09:36:49] [INFO] [hybrid_market_client] ✓ Using execution_dataset for XAUUSD (QuantDinger unavailable)
[2026-06-19 09:36:49] [INFO] [voting_engine] XAUUSD: MTF strongly aligned, boosting score 10%
[2026-06-19 09:36:49] [INFO] [main] --- GBPUSD ---
[2026-06-19 09:36:52] [INFO] [deepseek] AI analysis GBPUSD: bias=bullish score=55.0 conf=0.60
[2026-06-19 09:36:52] [DEBUG] [signal_engine] Signal: BUY score=55.0 conf=0.60 strength=متوسط valid=True
[2026-06-19 09:36:52] [DEBUG] [hybrid_market_client] Fetching indicators for GBPUSD (method: QuantDinger)
[2026-06-19 09:36:52] [WARNING] [market_client] Candles API error for GBPUSD: No data found (code=0)
[2026-06-19 09:36:52] [WARNING] [market_client] Using FALLBACK indicators for GBPUSD H4 (candles=0)
[2026-06-19 09:36:52] [DEBUG] [hybrid_market_client] Fetching indicators for GBPUSD (method: execution_dataset)
[2026-06-19 09:36:52] [DEBUG] [hybrid_market_client] ✓ Retrieved indicators from DB for GBPUSD
[2026-06-19 09:36:52] [INFO] [hybrid_market_client] ✓ Using execution_dataset for GBPUSD (QuantDinger unavailable)
[2026-06-19 09:36:52] [DEBUG] [hybrid_market_client] Fetching indicators for GBPUSD (method: QuantDinger)
[2026-06-19 09:36:52] [WARNING] [market_client] Candles API error for GBPUSD: No data found (code=0)
[2026-06-19 09:36:52] [WARNING] [market_client] Using FALLBACK indicators for GBPUSD H1 (candles=0)
[2026-06-19 09:36:52] [DEBUG] [hybrid_market_client] Fetching indicators for GBPUSD (method: execution_dataset)
[2026-06-19 09:36:52] [DEBUG] [hybrid_market_client] ✓ Retrieved indicators from DB for GBPUSD
[2026-06-19 09:36:52] [INFO] [hybrid_market_client] ✓ Using execution_dataset for GBPUSD (QuantDinger unavailable)
[2026-06-19 09:36:52] [DEBUG] [hybrid_market_client] Fetching indicators for GBPUSD (method: QuantDinger)
[2026-06-19 09:36:52] [WARNING] [market_client] Candles API error for GBPUSD: No data found (code=0)
[2026-06-19 09:36:52] [WARNING] [market_client] Using FALLBACK indicators for GBPUSD M15 (candles=0)
[2026-06-19 09:36:52] [DEBUG] [hybrid_market_client] Fetching indicators for GBPUSD (method: execution_dataset)
[2026-06-19 09:36:52] [DEBUG] [hybrid_market_client] ✓ Retrieved indicators from DB for GBPUSD
[2026-06-19 09:36:52] [INFO] [hybrid_market_client] ✓ Using execution_dataset for GBPUSD (QuantDinger unavailable)
[2026-06-19 09:36:52] [DEBUG] [hybrid_market_client] Fetching indicators for GBPUSD (method: QuantDinger)
[2026-06-19 09:36:52] [WARNING] [market_client] Candles API error for GBPUSD: No data found (code=0)
[2026-06-19 09:36:52] [WARNING] [market_client] Using FALLBACK indicators for GBPUSD H4 (candles=0)
[2026-06-19 09:36:52] [DEBUG] [hybrid_market_client] Fetching indicators for GBPUSD (method: execution_dataset)
[2026-06-19 09:36:52] [DEBUG] [hybrid_market_client] ✓ Retrieved indicators from DB for GBPUSD
[2026-06-19 09:36:52] [INFO] [hybrid_market_client] ✓ Using execution_dataset for GBPUSD (QuantDinger unavailable)
[2026-06-19 09:36:52] [DEBUG] [hybrid_market_client] Fetching indicators for GBPUSD (method: QuantDinger)
[2026-06-19 09:36:52] [WARNING] [market_client] Candles API error for GBPUSD: No data found (code=0)
[2026-06-19 09:36:52] [ERROR] [market_client] ⚠️  CRITICAL: GBPUSD API failing consistently (5 errors). Check QuantDinger connection!
[2026-06-19 09:36:52] [WARNING] [market_client] Using FALLBACK indicators for GBPUSD H1 (candles=0)
[2026-06-19 09:36:52] [DEBUG] [hybrid_market_client] Fetching indicators for GBPUSD (method: execution_dataset)
[2026-06-19 09:36:52] [DEBUG] [hybrid_market_client] ✓ Retrieved indicators from DB for GBPUSD
[2026-06-19 09:36:52] [INFO] [hybrid_market_client] ✓ Using execution_dataset for GBPUSD (QuantDinger unavailable)
[2026-06-19 09:36:52] [DEBUG] [hybrid_market_client] Fetching indicators for GBPUSD (method: QuantDinger)
[2026-06-19 09:36:52] [WARNING] [market_client] Candles API error for GBPUSD: No data found (code=0)
[2026-06-19 09:36:52] [ERROR] [market_client] ⚠️  CRITICAL: GBPUSD API failing consistently (6 errors). Check QuantDinger connection!
[2026-06-19 09:36:52] [WARNING] [market_client] Using FALLBACK indicators for GBPUSD M15 (candles=0)
[2026-06-19 09:36:52] [DEBUG] [hybrid_market_client] Fetching indicators for GBPUSD (method: execution_dataset)
[2026-06-19 09:36:52] [DEBUG] [hybrid_market_client] ✓ Retrieved indicators from DB for GBPUSD
[2026-06-19 09:36:52] [INFO] [hybrid_market_client] ✓ Using execution_dataset for GBPUSD (QuantDinger unavailable)
[2026-06-19 09:36:52] [DEBUG] [hybrid_market_client] Fetching indicators for GBPUSD (method: QuantDinger)
[2026-06-19 09:36:52] [WARNING] [market_client] Candles API error for GBPUSD: No data found (code=0)
[2026-06-19 09:36:52] [ERROR] [market_client] ⚠️  CRITICAL: GBPUSD API failing consistently (7 errors). Check QuantDinger connection!
[2026-06-19 09:36:52] [WARNING] [market_client] Using FALLBACK indicators for GBPUSD H4 (candles=0)
[2026-06-19 09:36:52] [DEBUG] [hybrid_market_client] Fetching indicators for GBPUSD (method: execution_dataset)
[2026-06-19 09:36:52] [DEBUG] [hybrid_market_client] ✓ Retrieved indicators from DB for GBPUSD
[2026-06-19 09:36:52] [INFO] [hybrid_market_client] ✓ Using execution_dataset for GBPUSD (QuantDinger unavailable)
[2026-06-19 09:36:52] [DEBUG] [hybrid_market_client] Fetching indicators for GBPUSD (method: QuantDinger)
[2026-06-19 09:36:52] [WARNING] [market_client] Candles API error for GBPUSD: No data found (code=0)
[2026-06-19 09:36:52] [ERROR] [market_client] ⚠️  CRITICAL: GBPUSD API failing consistently (8 errors). Check QuantDinger connection!
[2026-06-19 09:36:52] [WARNING] [market_client] Using FALLBACK indicators for GBPUSD H1 (candles=0)
[2026-06-19 09:36:52] [DEBUG] [hybrid_market_client] Fetching indicators for GBPUSD (method: execution_dataset)
[2026-06-19 09:36:52] [DEBUG] [hybrid_market_client] ✓ Retrieved indicators from DB for GBPUSD
[2026-06-19 09:36:52] [INFO] [hybrid_market_client] ✓ Using execution_dataset for GBPUSD (QuantDinger unavailable)
[2026-06-19 09:36:52] [DEBUG] [hybrid_market_client] Fetching indicators for GBPUSD (method: QuantDinger)
[2026-06-19 09:36:52] [WARNING] [market_client] Candles API error for GBPUSD: No data found (code=0)
[2026-06-19 09:36:52] [ERROR] [market_client] ⚠️  CRITICAL: GBPUSD API failing consistently (9 errors). Check QuantDinger connection!
[2026-06-19 09:36:52] [WARNING] [market_client] Using FALLBACK indicators for GBPUSD M15 (candles=0)
[2026-06-19 09:36:52] [DEBUG] [hybrid_market_client] Fetching indicators for GBPUSD (method: execution_dataset)
[2026-06-19 09:36:52] [DEBUG] [hybrid_market_client] ✓ Retrieved indicators from DB for GBPUSD
[2026-06-19 09:36:52] [INFO] [hybrid_market_client] ✓ Using execution_dataset for GBPUSD (QuantDinger unavailable)
[2026-06-19 09:36:52] [INFO] [mtf] MTF_VERIFY GBPUSD: TIMEFRAME=H4 candles=1 last_ts= last_close=1.3426063060760498 RSI=54.53 ATR=0.00241 MACD=0.000846 | TIMEFRAME=H1 candles=1 last_ts= last_close=1.3426063060760498 RSI=54.53 ATR=0.00241 MACD=0.000846 | TIMEFRAME=M15 candles=1 last_ts= last_close=1.3426063060760498 RSI=54.53 ATR=0.00241 MACD=0.000846
[2026-06-19 09:36:52] [INFO] [mtf] MTF GBPUSD: H4=neutral H1=neutral M15=neutral aligned=False (weak)
[2026-06-19 09:36:52] [DEBUG] [hybrid_market_client] Fetching indicators for GBPUSD (method: QuantDinger)
[2026-06-19 09:36:52] [WARNING] [market_client] Candles API error for GBPUSD: No data found (code=0)
[2026-06-19 09:36:52] [ERROR] [market_client] ⚠️  CRITICAL: GBPUSD API failing consistently (10 errors). Check QuantDinger connection!
[2026-06-19 09:36:52] [WARNING] [market_client] Using FALLBACK indicators for GBPUSD H4 (candles=0)
[2026-06-19 09:36:52] [DEBUG] [hybrid_market_client] Fetching indicators for GBPUSD (method: execution_dataset)
[2026-06-19 09:36:52] [DEBUG] [hybrid_market_client] ✓ Retrieved indicators from DB for GBPUSD
[2026-06-19 09:36:52] [INFO] [hybrid_market_client] ✓ Using execution_dataset for GBPUSD (QuantDinger unavailable)
[2026-06-19 09:36:52] [DEBUG] [hybrid_market_client] Fetching indicators for GBPUSD (method: QuantDinger)
[2026-06-19 09:36:52] [WARNING] [market_client] Candles API error for GBPUSD: No data found (code=0)
[2026-06-19 09:36:52] [ERROR] [market_client] ⚠️  CRITICAL: GBPUSD API failing consistently (11 errors). Check QuantDinger connection!
[2026-06-19 09:36:52] [WARNING] [market_client] Using FALLBACK indicators for GBPUSD H1 (candles=0)
[2026-06-19 09:36:52] [DEBUG] [hybrid_market_client] Fetching indicators for GBPUSD (method: execution_dataset)
[2026-06-19 09:36:52] [DEBUG] [hybrid_market_client] ✓ Retrieved indicators from DB for GBPUSD
[2026-06-19 09:36:52] [INFO] [hybrid_market_client] ✓ Using execution_dataset for GBPUSD (QuantDinger unavailable)
[2026-06-19 09:36:52] [DEBUG] [hybrid_market_client] Fetching indicators for GBPUSD (method: QuantDinger)
[2026-06-19 09:36:52] [WARNING] [market_client] Candles API error for GBPUSD: No data found (code=0)
[2026-06-19 09:36:52] [ERROR] [market_client] ⚠️  CRITICAL: GBPUSD API failing consistently (12 errors). Check QuantDinger connection!
[2026-06-19 09:36:52] [WARNING] [market_client] Using FALLBACK indicators for GBPUSD H1 (candles=0)
[2026-06-19 09:36:52] [DEBUG] [hybrid_market_client] Fetching indicators for GBPUSD (method: execution_dataset)
[2026-06-19 09:36:52] [DEBUG] [hybrid_market_client] ✓ Retrieved indicators from DB for GBPUSD
[2026-06-19 09:36:52] [INFO] [hybrid_market_client] ✓ Using execution_dataset for GBPUSD (QuantDinger unavailable)
[2026-06-19 09:36:52] [DEBUG] [hybrid_market_client] Fetching indicators for GBPUSD (method: QuantDinger)
[2026-06-19 09:36:52] [WARNING] [market_client] Candles API error for GBPUSD: No data found (code=0)
[2026-06-19 09:36:52] [ERROR] [market_client] ⚠️  CRITICAL: GBPUSD API failing consistently (13 errors). Check QuantDinger connection!
[2026-06-19 09:36:52] [WARNING] [market_client] Using FALLBACK indicators for GBPUSD H4 (candles=0)
[2026-06-19 09:36:52] [DEBUG] [hybrid_market_client] Fetching indicators for GBPUSD (method: execution_dataset)
[2026-06-19 09:36:52] [DEBUG] [hybrid_market_client] ✓ Retrieved indicators from DB for GBPUSD
[2026-06-19 09:36:52] [INFO] [hybrid_market_client] ✓ Using execution_dataset for GBPUSD (QuantDinger unavailable)
[2026-06-19 09:36:52] [DEBUG] [hybrid_market_client] Fetching indicators for GBPUSD (method: QuantDinger)
[2026-06-19 09:36:52] [WARNING] [market_client] Candles API error for GBPUSD: No data found (code=0)
[2026-06-19 09:36:52] [ERROR] [market_client] ⚠️  CRITICAL: GBPUSD API failing consistently (14 errors). Check QuantDinger connection!
[2026-06-19 09:36:52] [WARNING] [market_client] Using FALLBACK indicators for GBPUSD H1 (candles=0)
[2026-06-19 09:36:52] [DEBUG] [hybrid_market_client] Fetching indicators for GBPUSD (method: execution_dataset)
[2026-06-19 09:36:52] [DEBUG] [hybrid_market_client] ✓ Retrieved indicators from DB for GBPUSD
[2026-06-19 09:36:52] [INFO] [hybrid_market_client] ✓ Using execution_dataset for GBPUSD (QuantDinger unavailable)
[2026-06-19 09:36:52] [INFO] [voting_engine] GBPUSD: MTF weakly misaligned, reducing score 10%
[2026-06-19 09:36:52] [INFO] [main] GBPUSD: SKIP - GBPUSD BUY already open
[2026-06-19 09:36:52] [INFO] [main] Sleeping 1800s...
[2026-06-19 09:38:25] [INFO] [main] Trading Bot V3 starting...
[2026-06-19 09:38:25] [INFO] [database] V3 Database initialized with all tables
[2026-06-19 09:38:26] [INFO] [qd_client] Logged in to QuantDinger
[2026-06-19 09:38:26] [INFO] [qd_client] MT5 connected
[2026-06-19 09:38:26] [INFO] [main] MT5 connected
[2026-06-19 09:38:26] [INFO] [telegram_bot] Telegram polling started
[2026-06-19 09:38:26] [INFO] [telegram_bot] Telegram bot V3 started
[2026-06-19 09:38:26] [INFO] [mt5_watchdog] MT5 watchdog started (V1 reconnect logic)
[2026-06-19 09:38:26] [INFO] [reconciliation] Reconciliation loop started (every 60s)
[2026-06-19 09:38:26] [INFO] [reconciliation] Reconciliation thread started
[2026-06-19 09:38:26] [INFO] [main] ==================================================
[2026-06-19 09:38:26] [INFO] [main] Cycle 1 at 09:38:26
[2026-06-19 09:38:35] [INFO] [news_fetcher] Fetched 4 relevant news items
[2026-06-19 09:38:35] [INFO] [main] Equity: 73516.00$ | News: 4
[2026-06-19 09:38:35] [INFO] [main] --- EURUSD ---
[2026-06-19 09:38:38] [INFO] [deepseek] AI analysis EURUSD: bias=neutral score=55.0 conf=0.45
[2026-06-19 09:38:38] [DEBUG] [signal_engine] Signal: NEUTRAL score=55.0 conf=0.45 strength=ضعيف valid=False
[2026-06-19 09:38:38] [DEBUG] [hybrid_market_client] Fetching indicators for EURUSD (method: QuantDinger)
[2026-06-19 09:38:38] [WARNING] [market_client] Candles API error for EURUSD: No data found (code=0)
[2026-06-19 09:38:38] [WARNING] [market_client] Using FALLBACK indicators for EURUSD H4 (candles=0)
[2026-06-19 09:38:38] [DEBUG] [hybrid_market_client] Fetching indicators for EURUSD (method: execution_dataset)
[2026-06-19 09:38:38] [DEBUG] [hybrid_market_client] ✓ Retrieved indicators from DB for EURUSD
[2026-06-19 09:38:38] [INFO] [hybrid_market_client] ✓ Using execution_dataset for EURUSD (QuantDinger unavailable)
[2026-06-19 09:38:38] [DEBUG] [hybrid_market_client] Fetching indicators for EURUSD (method: QuantDinger)
[2026-06-19 09:38:38] [WARNING] [market_client] Candles API error for EURUSD: No data found (code=0)
[2026-06-19 09:38:38] [WARNING] [market_client] Using FALLBACK indicators for EURUSD H1 (candles=0)
[2026-06-19 09:38:38] [DEBUG] [hybrid_market_client] Fetching indicators for EURUSD (method: execution_dataset)
[2026-06-19 09:38:38] [DEBUG] [hybrid_market_client] ✓ Retrieved indicators from DB for EURUSD
[2026-06-19 09:38:38] [INFO] [hybrid_market_client] ✓ Using execution_dataset for EURUSD (QuantDinger unavailable)
[2026-06-19 09:38:38] [DEBUG] [hybrid_market_client] Fetching indicators for EURUSD (method: QuantDinger)
[2026-06-19 09:38:38] [WARNING] [market_client] Candles API error for EURUSD: No data found (code=0)
[2026-06-19 09:38:38] [WARNING] [market_client] Using FALLBACK indicators for EURUSD M15 (candles=0)
[2026-06-19 09:38:38] [DEBUG] [hybrid_market_client] Fetching indicators for EURUSD (method: execution_dataset)
[2026-06-19 09:38:38] [DEBUG] [hybrid_market_client] ✓ Retrieved indicators from DB for EURUSD
[2026-06-19 09:38:38] [INFO] [hybrid_market_client] ✓ Using execution_dataset for EURUSD (QuantDinger unavailable)
[2026-06-19 09:38:38] [DEBUG] [hybrid_market_client] Fetching indicators for EURUSD (method: QuantDinger)
[2026-06-19 09:38:38] [WARNING] [market_client] Candles API error for EURUSD: No data found (code=0)
[2026-06-19 09:38:38] [WARNING] [market_client] Using FALLBACK indicators for EURUSD H4 (candles=0)
[2026-06-19 09:38:38] [DEBUG] [hybrid_market_client] Fetching indicators for EURUSD (method: execution_dataset)
[2026-06-19 09:38:38] [DEBUG] [hybrid_market_client] ✓ Retrieved indicators from DB for EURUSD
[2026-06-19 09:38:38] [INFO] [hybrid_market_client] ✓ Using execution_dataset for EURUSD (QuantDinger unavailable)
[2026-06-19 09:38:38] [DEBUG] [hybrid_market_client] Fetching indicators for EURUSD (method: QuantDinger)
[2026-06-19 09:38:38] [WARNING] [market_client] Candles API error for EURUSD: No data found (code=0)
[2026-06-19 09:38:38] [ERROR] [market_client] ⚠️  CRITICAL: EURUSD API failing consistently (5 errors). Check QuantDinger connection!
[2026-06-19 09:38:38] [WARNING] [market_client] Using FALLBACK indicators for EURUSD H1 (candles=0)
[2026-06-19 09:38:38] [DEBUG] [hybrid_market_client] Fetching indicators for EURUSD (method: execution_dataset)
[2026-06-19 09:38:38] [DEBUG] [hybrid_market_client] ✓ Retrieved indicators from DB for EURUSD
[2026-06-19 09:38:38] [INFO] [hybrid_market_client] ✓ Using execution_dataset for EURUSD (QuantDinger unavailable)
[2026-06-19 09:38:38] [DEBUG] [hybrid_market_client] Fetching indicators for EURUSD (method: QuantDinger)
[2026-06-19 09:38:38] [WARNING] [market_client] Candles API error for EURUSD: No data found (code=0)
[2026-06-19 09:38:38] [ERROR] [market_client] ⚠️  CRITICAL: EURUSD API failing consistently (6 errors). Check QuantDinger connection!
[2026-06-19 09:38:38] [WARNING] [market_client] Using FALLBACK indicators for EURUSD M15 (candles=0)
[2026-06-19 09:38:38] [DEBUG] [hybrid_market_client] Fetching indicators for EURUSD (method: execution_dataset)
[2026-06-19 09:38:38] [DEBUG] [hybrid_market_client] ✓ Retrieved indicators from DB for EURUSD
[2026-06-19 09:38:38] [INFO] [hybrid_market_client] ✓ Using execution_dataset for EURUSD (QuantDinger unavailable)
[2026-06-19 09:38:38] [DEBUG] [hybrid_market_client] Fetching indicators for EURUSD (method: QuantDinger)
[2026-06-19 09:38:38] [WARNING] [market_client] Candles API error for EURUSD: No data found (code=0)
[2026-06-19 09:38:38] [ERROR] [market_client] ⚠️  CRITICAL: EURUSD API failing consistently (7 errors). Check QuantDinger connection!
[2026-06-19 09:38:38] [WARNING] [market_client] Using FALLBACK indicators for EURUSD H4 (candles=0)
[2026-06-19 09:38:38] [DEBUG] [hybrid_market_client] Fetching indicators for EURUSD (method: execution_dataset)
[2026-06-19 09:38:38] [DEBUG] [hybrid_market_client] ✓ Retrieved indicators from DB for EURUSD
[2026-06-19 09:38:38] [INFO] [hybrid_market_client] ✓ Using execution_dataset for EURUSD (QuantDinger unavailable)
[2026-06-19 09:38:38] [DEBUG] [hybrid_market_client] Fetching indicators for EURUSD (method: QuantDinger)
[2026-06-19 09:38:38] [WARNING] [market_client] Candles API error for EURUSD: No data found (code=0)
[2026-06-19 09:38:38] [ERROR] [market_client] ⚠️  CRITICAL: EURUSD API failing consistently (8 errors). Check QuantDinger connection!
[2026-06-19 09:38:38] [WARNING] [market_client] Using FALLBACK indicators for EURUSD H1 (candles=0)
[2026-06-19 09:38:38] [DEBUG] [hybrid_market_client] Fetching indicators for EURUSD (method: execution_dataset)
[2026-06-19 09:38:38] [DEBUG] [hybrid_market_client] ✓ Retrieved indicators from DB for EURUSD
[2026-06-19 09:38:38] [INFO] [hybrid_market_client] ✓ Using execution_dataset for EURUSD (QuantDinger unavailable)
[2026-06-19 09:38:38] [DEBUG] [hybrid_market_client] Fetching indicators for EURUSD (method: QuantDinger)
[2026-06-19 09:38:38] [WARNING] [market_client] Candles API error for EURUSD: No data found (code=0)
[2026-06-19 09:38:38] [ERROR] [market_client] ⚠️  CRITICAL: EURUSD API failing consistently (9 errors). Check QuantDinger connection!
[2026-06-19 09:38:38] [WARNING] [market_client] Using FALLBACK indicators for EURUSD M15 (candles=0)
[2026-06-19 09:38:38] [DEBUG] [hybrid_market_client] Fetching indicators for EURUSD (method: execution_dataset)
[2026-06-19 09:38:38] [DEBUG] [hybrid_market_client] ✓ Retrieved indicators from DB for EURUSD
[2026-06-19 09:38:38] [INFO] [hybrid_market_client] ✓ Using execution_dataset for EURUSD (QuantDinger unavailable)
[2026-06-19 09:38:38] [INFO] [mtf] MTF_VERIFY EURUSD: TIMEFRAME=H4 candles=1 last_ts= last_close=1.1592857837677002 RSI=49.87 ATR=0.001853 MACD=0.000892 | TIMEFRAME=H1 candles=1 last_ts= last_close=1.1592857837677002 RSI=49.87 ATR=0.001853 MACD=0.000892 | TIMEFRAME=M15 candles=1 last_ts= last_close=1.1592857837677002 RSI=49.87 ATR=0.001853 MACD=0.000892
[2026-06-19 09:38:38] [INFO] [mtf] MTF EURUSD: H4=neutral H1=neutral M15=neutral aligned=False (weak)
[2026-06-19 09:38:38] [DEBUG] [hybrid_market_client] Fetching indicators for EURUSD (method: QuantDinger)
[2026-06-19 09:38:38] [WARNING] [market_client] Candles API error for EURUSD: No data found (code=0)
[2026-06-19 09:38:38] [ERROR] [market_client] ⚠️  CRITICAL: EURUSD API failing consistently (10 errors). Check QuantDinger connection!
[2026-06-19 09:38:38] [WARNING] [market_client] Using FALLBACK indicators for EURUSD H4 (candles=0)
[2026-06-19 09:38:38] [DEBUG] [hybrid_market_client] Fetching indicators for EURUSD (method: execution_dataset)
[2026-06-19 09:38:38] [DEBUG] [hybrid_market_client] ✓ Retrieved indicators from DB for EURUSD
[2026-06-19 09:38:38] [INFO] [hybrid_market_client] ✓ Using execution_dataset for EURUSD (QuantDinger unavailable)
[2026-06-19 09:38:38] [DEBUG] [hybrid_market_client] Fetching indicators for EURUSD (method: QuantDinger)
[2026-06-19 09:38:38] [WARNING] [market_client] Candles API error for EURUSD: No data found (code=0)
[2026-06-19 09:38:38] [ERROR] [market_client] ⚠️  CRITICAL: EURUSD API failing consistently (11 errors). Check QuantDinger connection!
[2026-06-19 09:38:38] [WARNING] [market_client] Using FALLBACK indicators for EURUSD H1 (candles=0)
[2026-06-19 09:38:38] [DEBUG] [hybrid_market_client] Fetching indicators for EURUSD (method: execution_dataset)
[2026-06-19 09:38:38] [DEBUG] [hybrid_market_client] ✓ Retrieved indicators from DB for EURUSD
[2026-06-19 09:38:38] [INFO] [hybrid_market_client] ✓ Using execution_dataset for EURUSD (QuantDinger unavailable)
[2026-06-19 09:38:38] [DEBUG] [hybrid_market_client] Fetching indicators for EURUSD (method: QuantDinger)
[2026-06-19 09:38:38] [WARNING] [market_client] Candles API error for EURUSD: No data found (code=0)
[2026-06-19 09:38:38] [ERROR] [market_client] ⚠️  CRITICAL: EURUSD API failing consistently (12 errors). Check QuantDinger connection!
[2026-06-19 09:38:38] [WARNING] [market_client] Using FALLBACK indicators for EURUSD H1 (candles=0)
[2026-06-19 09:38:38] [DEBUG] [hybrid_market_client] Fetching indicators for EURUSD (method: execution_dataset)
[2026-06-19 09:38:38] [DEBUG] [hybrid_market_client] ✓ Retrieved indicators from DB for EURUSD
[2026-06-19 09:38:38] [INFO] [hybrid_market_client] ✓ Using execution_dataset for EURUSD (QuantDinger unavailable)
[2026-06-19 09:38:38] [DEBUG] [hybrid_market_client] Fetching indicators for EURUSD (method: QuantDinger)
[2026-06-19 09:38:38] [WARNING] [market_client] Candles API error for EURUSD: No data found (code=0)
[2026-06-19 09:38:38] [ERROR] [market_client] ⚠️  CRITICAL: EURUSD API failing consistently (13 errors). Check QuantDinger connection!
[2026-06-19 09:38:38] [WARNING] [market_client] Using FALLBACK indicators for EURUSD H4 (candles=0)
[2026-06-19 09:38:38] [DEBUG] [hybrid_market_client] Fetching indicators for EURUSD (method: execution_dataset)
[2026-06-19 09:38:38] [DEBUG] [hybrid_market_client] ✓ Retrieved indicators from DB for EURUSD
[2026-06-19 09:38:38] [INFO] [hybrid_market_client] ✓ Using execution_dataset for EURUSD (QuantDinger unavailable)
[2026-06-19 09:38:38] [DEBUG] [hybrid_market_client] Fetching indicators for EURUSD (method: QuantDinger)
[2026-06-19 09:38:38] [WARNING] [market_client] Candles API error for EURUSD: No data found (code=0)
[2026-06-19 09:38:38] [ERROR] [market_client] ⚠️  CRITICAL: EURUSD API failing consistently (14 errors). Check QuantDinger connection!
[2026-06-19 09:38:38] [WARNING] [market_client] Using FALLBACK indicators for EURUSD H1 (candles=0)
[2026-06-19 09:38:38] [DEBUG] [hybrid_market_client] Fetching indicators for EURUSD (method: execution_dataset)
[2026-06-19 09:38:38] [DEBUG] [hybrid_market_client] ✓ Retrieved indicators from DB for EURUSD
[2026-06-19 09:38:38] [INFO] [hybrid_market_client] ✓ Using execution_dataset for EURUSD (QuantDinger unavailable)
[2026-06-19 09:38:38] [INFO] [voting_engine] EURUSD: MTF weakly misaligned, reducing score 10%
[2026-06-19 09:38:38] [INFO] [main] --- XAUUSD ---
[2026-06-19 09:38:42] [INFO] [deepseek] AI analysis XAUUSD: bias=neutral score=55.0 conf=0.45
[2026-06-19 09:38:42] [DEBUG] [signal_engine] Signal: NEUTRAL score=55.0 conf=0.45 strength=ضعيف valid=False
[2026-06-19 09:38:42] [INFO] [sentiment] Sentiment XAUUSD: bullish score=100 bull=2 bear=0
[2026-06-19 09:38:42] [DEBUG] [hybrid_market_client] Fetching indicators for XAUUSD (method: QuantDinger)
[2026-06-19 09:38:42] [WARNING] [market_client] Candles API error for XAUUSD: No data found (code=0)
[2026-06-19 09:38:42] [WARNING] [market_client] Using FALLBACK indicators for XAUUSD H4 (candles=0)
[2026-06-19 09:38:42] [DEBUG] [hybrid_market_client] Fetching indicators for XAUUSD (method: execution_dataset)
[2026-06-19 09:38:42] [DEBUG] [hybrid_market_client] ✓ Retrieved indicators from DB for XAUUSD
[2026-06-19 09:38:42] [INFO] [hybrid_market_client] ✓ Using execution_dataset for XAUUSD (QuantDinger unavailable)
[2026-06-19 09:38:42] [DEBUG] [hybrid_market_client] Fetching indicators for XAUUSD (method: QuantDinger)
[2026-06-19 09:38:42] [WARNING] [market_client] Candles API error for XAUUSD: No data found (code=0)
[2026-06-19 09:38:42] [WARNING] [market_client] Using FALLBACK indicators for XAUUSD H1 (candles=0)
[2026-06-19 09:38:42] [DEBUG] [hybrid_market_client] Fetching indicators for XAUUSD (method: execution_dataset)
[2026-06-19 09:38:42] [DEBUG] [hybrid_market_client] ✓ Retrieved indicators from DB for XAUUSD
[2026-06-19 09:38:42] [INFO] [hybrid_market_client] ✓ Using execution_dataset for XAUUSD (QuantDinger unavailable)
[2026-06-19 09:38:42] [DEBUG] [hybrid_market_client] Fetching indicators for XAUUSD (method: QuantDinger)
[2026-06-19 09:38:42] [WARNING] [market_client] Candles API error for XAUUSD: No data found (code=0)
[2026-06-19 09:38:42] [WARNING] [market_client] Using FALLBACK indicators for XAUUSD M15 (candles=0)
[2026-06-19 09:38:42] [DEBUG] [hybrid_market_client] Fetching indicators for XAUUSD (method: execution_dataset)
[2026-06-19 09:38:42] [DEBUG] [hybrid_market_client] ✓ Retrieved indicators from DB for XAUUSD
[2026-06-19 09:38:42] [INFO] [hybrid_market_client] ✓ Using execution_dataset for XAUUSD (QuantDinger unavailable)
[2026-06-19 09:38:42] [DEBUG] [hybrid_market_client] Fetching indicators for XAUUSD (method: QuantDinger)
[2026-06-19 09:38:42] [WARNING] [market_client] Candles API error for XAUUSD: No data found (code=0)
[2026-06-19 09:38:42] [WARNING] [market_client] Using FALLBACK indicators for XAUUSD H4 (candles=0)
[2026-06-19 09:38:42] [DEBUG] [hybrid_market_client] Fetching indicators for XAUUSD (method: execution_dataset)
[2026-06-19 09:38:42] [DEBUG] [hybrid_market_client] ✓ Retrieved indicators from DB for XAUUSD
[2026-06-19 09:38:42] [INFO] [hybrid_market_client] ✓ Using execution_dataset for XAUUSD (QuantDinger unavailable)
[2026-06-19 09:38:42] [DEBUG] [hybrid_market_client] Fetching indicators for XAUUSD (method: QuantDinger)
[2026-06-19 09:38:42] [WARNING] [market_client] Candles API error for XAUUSD: No data found (code=0)
[2026-06-19 09:38:42] [ERROR] [market_client] ⚠️  CRITICAL: XAUUSD API failing consistently (5 errors). Check QuantDinger connection!
[2026-06-19 09:38:42] [WARNING] [market_client] Using FALLBACK indicators for XAUUSD H1 (candles=0)
[2026-06-19 09:38:42] [DEBUG] [hybrid_market_client] Fetching indicators for XAUUSD (method: execution_dataset)
[2026-06-19 09:38:42] [DEBUG] [hybrid_market_client] ✓ Retrieved indicators from DB for XAUUSD
[2026-06-19 09:38:42] [INFO] [hybrid_market_client] ✓ Using execution_dataset for XAUUSD (QuantDinger unavailable)
[2026-06-19 09:38:42] [DEBUG] [hybrid_market_client] Fetching indicators for XAUUSD (method: QuantDinger)
[2026-06-19 09:38:42] [WARNING] [market_client] Candles API error for XAUUSD: No data found (code=0)
[2026-06-19 09:38:42] [ERROR] [market_client] ⚠️  CRITICAL: XAUUSD API failing consistently (6 errors). Check QuantDinger connection!
[2026-06-19 09:38:42] [WARNING] [market_client] Using FALLBACK indicators for XAUUSD M15 (candles=0)
[2026-06-19 09:38:42] [DEBUG] [hybrid_market_client] Fetching indicators for XAUUSD (method: execution_dataset)
[2026-06-19 09:38:42] [DEBUG] [hybrid_market_client] ✓ Retrieved indicators from DB for XAUUSD
[2026-06-19 09:38:42] [INFO] [hybrid_market_client] ✓ Using execution_dataset for XAUUSD (QuantDinger unavailable)
[2026-06-19 09:38:42] [DEBUG] [hybrid_market_client] Fetching indicators for XAUUSD (method: QuantDinger)
[2026-06-19 09:38:42] [WARNING] [market_client] Candles API error for XAUUSD: No data found (code=0)
[2026-06-19 09:38:42] [ERROR] [market_client] ⚠️  CRITICAL: XAUUSD API failing consistently (7 errors). Check QuantDinger connection!
[2026-06-19 09:38:42] [WARNING] [market_client] Using FALLBACK indicators for XAUUSD H4 (candles=0)
[2026-06-19 09:38:42] [DEBUG] [hybrid_market_client] Fetching indicators for XAUUSD (method: execution_dataset)
[2026-06-19 09:38:42] [DEBUG] [hybrid_market_client] ✓ Retrieved indicators from DB for XAUUSD
[2026-06-19 09:38:42] [INFO] [hybrid_market_client] ✓ Using execution_dataset for XAUUSD (QuantDinger unavailable)
[2026-06-19 09:38:42] [DEBUG] [hybrid_market_client] Fetching indicators for XAUUSD (method: QuantDinger)
[2026-06-19 09:38:42] [WARNING] [market_client] Candles API error for XAUUSD: No data found (code=0)
[2026-06-19 09:38:42] [ERROR] [market_client] ⚠️  CRITICAL: XAUUSD API failing consistently (8 errors). Check QuantDinger connection!
[2026-06-19 09:38:42] [WARNING] [market_client] Using FALLBACK indicators for XAUUSD H1 (candles=0)
[2026-06-19 09:38:42] [DEBUG] [hybrid_market_client] Fetching indicators for XAUUSD (method: execution_dataset)
[2026-06-19 09:38:42] [DEBUG] [hybrid_market_client] ✓ Retrieved indicators from DB for XAUUSD
[2026-06-19 09:38:42] [INFO] [hybrid_market_client] ✓ Using execution_dataset for XAUUSD (QuantDinger unavailable)
[2026-06-19 09:38:42] [DEBUG] [hybrid_market_client] Fetching indicators for XAUUSD (method: QuantDinger)
[2026-06-19 09:38:42] [WARNING] [market_client] Candles API error for XAUUSD: No data found (code=0)
[2026-06-19 09:38:42] [ERROR] [market_client] ⚠️  CRITICAL: XAUUSD API failing consistently (9 errors). Check QuantDinger connection!
[2026-06-19 09:38:42] [WARNING] [market_client] Using FALLBACK indicators for XAUUSD M15 (candles=0)
[2026-06-19 09:38:42] [DEBUG] [hybrid_market_client] Fetching indicators for XAUUSD (method: execution_dataset)
[2026-06-19 09:38:42] [DEBUG] [hybrid_market_client] ✓ Retrieved indicators from DB for XAUUSD
[2026-06-19 09:38:42] [INFO] [hybrid_market_client] ✓ Using execution_dataset for XAUUSD (QuantDinger unavailable)
[2026-06-19 09:38:42] [INFO] [mtf] MTF_VERIFY XAUUSD: TIMEFRAME=H4 candles=1 last_ts= last_close=4383.60009765625 RSI=65.02 ATR=34.600351 MACD=24.776393 | TIMEFRAME=H1 candles=1 last_ts= last_close=4383.60009765625 RSI=65.02 ATR=34.600351 MACD=24.776393 | TIMEFRAME=M15 candles=1 last_ts= last_close=4383.60009765625 RSI=65.02 ATR=34.600351 MACD=24.776393
[2026-06-19 09:38:42] [INFO] [mtf] MTF XAUUSD: H4=bullish H1=bullish M15=bullish aligned=True (strong)
[2026-06-19 09:38:42] [DEBUG] [hybrid_market_client] Fetching indicators for XAUUSD (method: QuantDinger)
[2026-06-19 09:38:42] [WARNING] [market_client] Candles API error for XAUUSD: No data found (code=0)
[2026-06-19 09:38:42] [ERROR] [market_client] ⚠️  CRITICAL: XAUUSD API failing consistently (10 errors). Check QuantDinger connection!
[2026-06-19 09:38:42] [WARNING] [market_client] Using FALLBACK indicators for XAUUSD H4 (candles=0)
[2026-06-19 09:38:42] [DEBUG] [hybrid_market_client] Fetching indicators for XAUUSD (method: execution_dataset)
[2026-06-19 09:38:42] [DEBUG] [hybrid_market_client] ✓ Retrieved indicators from DB for XAUUSD
[2026-06-19 09:38:42] [INFO] [hybrid_market_client] ✓ Using execution_dataset for XAUUSD (QuantDinger unavailable)
[2026-06-19 09:38:42] [DEBUG] [hybrid_market_client] Fetching indicators for XAUUSD (method: QuantDinger)
[2026-06-19 09:38:42] [WARNING] [market_client] Candles API error for XAUUSD: No data found (code=0)
[2026-06-19 09:38:42] [ERROR] [market_client] ⚠️  CRITICAL: XAUUSD API failing consistently (11 errors). Check QuantDinger connection!
[2026-06-19 09:38:42] [WARNING] [market_client] Using FALLBACK indicators for XAUUSD H1 (candles=0)
[2026-06-19 09:38:42] [DEBUG] [hybrid_market_client] Fetching indicators for XAUUSD (method: execution_dataset)
[2026-06-19 09:38:42] [DEBUG] [hybrid_market_client] ✓ Retrieved indicators from DB for XAUUSD
[2026-06-19 09:38:42] [INFO] [hybrid_market_client] ✓ Using execution_dataset for XAUUSD (QuantDinger unavailable)
[2026-06-19 09:38:42] [DEBUG] [hybrid_market_client] Fetching indicators for XAUUSD (method: QuantDinger)
[2026-06-19 09:38:42] [WARNING] [market_client] Candles API error for XAUUSD: No data found (code=0)
[2026-06-19 09:38:42] [ERROR] [market_client] ⚠️  CRITICAL: XAUUSD API failing consistently (12 errors). Check QuantDinger connection!
[2026-06-19 09:38:42] [WARNING] [market_client] Using FALLBACK indicators for XAUUSD H1 (candles=0)
[2026-06-19 09:38:42] [DEBUG] [hybrid_market_client] Fetching indicators for XAUUSD (method: execution_dataset)
[2026-06-19 09:38:42] [DEBUG] [hybrid_market_client] ✓ Retrieved indicators from DB for XAUUSD
[2026-06-19 09:38:42] [INFO] [hybrid_market_client] ✓ Using execution_dataset for XAUUSD (QuantDinger unavailable)
[2026-06-19 09:38:42] [DEBUG] [hybrid_market_client] Fetching indicators for XAUUSD (method: QuantDinger)
[2026-06-19 09:38:42] [WARNING] [market_client] Candles API error for XAUUSD: No data found (code=0)
[2026-06-19 09:38:42] [ERROR] [market_client] ⚠️  CRITICAL: XAUUSD API failing consistently (13 errors). Check QuantDinger connection!
[2026-06-19 09:38:42] [WARNING] [market_client] Using FALLBACK indicators for XAUUSD H4 (candles=0)
[2026-06-19 09:38:42] [DEBUG] [hybrid_market_client] Fetching indicators for XAUUSD (method: execution_dataset)
[2026-06-19 09:38:42] [DEBUG] [hybrid_market_client] ✓ Retrieved indicators from DB for XAUUSD
[2026-06-19 09:38:42] [INFO] [hybrid_market_client] ✓ Using execution_dataset for XAUUSD (QuantDinger unavailable)
[2026-06-19 09:38:42] [DEBUG] [hybrid_market_client] Fetching indicators for XAUUSD (method: QuantDinger)
[2026-06-19 09:38:42] [WARNING] [market_client] Candles API error for XAUUSD: No data found (code=0)
[2026-06-19 09:38:42] [ERROR] [market_client] ⚠️  CRITICAL: XAUUSD API failing consistently (14 errors). Check QuantDinger connection!
[2026-06-19 09:38:42] [WARNING] [market_client] Using FALLBACK indicators for XAUUSD H1 (candles=0)
[2026-06-19 09:38:42] [DEBUG] [hybrid_market_client] Fetching indicators for XAUUSD (method: execution_dataset)
[2026-06-19 09:38:42] [DEBUG] [hybrid_market_client] ✓ Retrieved indicators from DB for XAUUSD
[2026-06-19 09:38:42] [INFO] [hybrid_market_client] ✓ Using execution_dataset for XAUUSD (QuantDinger unavailable)
[2026-06-19 09:38:42] [INFO] [voting_engine] XAUUSD: MTF strongly aligned, boosting score 10%
[2026-06-19 09:38:42] [INFO] [main] --- GBPUSD ---
[2026-06-19 09:38:46] [INFO] [deepseek] AI analysis GBPUSD: bias=bullish score=55.0 conf=0.60
[2026-06-19 09:38:46] [DEBUG] [signal_engine] Signal: BUY score=55.0 conf=0.60 strength=متوسط valid=True
[2026-06-19 09:38:46] [DEBUG] [hybrid_market_client] Fetching indicators for GBPUSD (method: QuantDinger)
[2026-06-19 09:38:46] [WARNING] [market_client] Candles API error for GBPUSD: No data found (code=0)
[2026-06-19 09:38:46] [WARNING] [market_client] Using FALLBACK indicators for GBPUSD H4 (candles=0)
[2026-06-19 09:38:46] [DEBUG] [hybrid_market_client] Fetching indicators for GBPUSD (method: execution_dataset)
[2026-06-19 09:38:46] [DEBUG] [hybrid_market_client] ✓ Retrieved indicators from DB for GBPUSD
[2026-06-19 09:38:46] [INFO] [hybrid_market_client] ✓ Using execution_dataset for GBPUSD (QuantDinger unavailable)
[2026-06-19 09:38:46] [DEBUG] [hybrid_market_client] Fetching indicators for GBPUSD (method: QuantDinger)
[2026-06-19 09:38:46] [WARNING] [market_client] Candles API error for GBPUSD: No data found (code=0)
[2026-06-19 09:38:46] [WARNING] [market_client] Using FALLBACK indicators for GBPUSD H1 (candles=0)
[2026-06-19 09:38:46] [DEBUG] [hybrid_market_client] Fetching indicators for GBPUSD (method: execution_dataset)
[2026-06-19 09:38:46] [DEBUG] [hybrid_market_client] ✓ Retrieved indicators from DB for GBPUSD
[2026-06-19 09:38:46] [INFO] [hybrid_market_client] ✓ Using execution_dataset for GBPUSD (QuantDinger unavailable)
[2026-06-19 09:38:46] [DEBUG] [hybrid_market_client] Fetching indicators for GBPUSD (method: QuantDinger)
[2026-06-19 09:38:46] [WARNING] [market_client] Candles API error for GBPUSD: No data found (code=0)
[2026-06-19 09:38:46] [WARNING] [market_client] Using FALLBACK indicators for GBPUSD M15 (candles=0)
[2026-06-19 09:38:46] [DEBUG] [hybrid_market_client] Fetching indicators for GBPUSD (method: execution_dataset)
[2026-06-19 09:38:46] [DEBUG] [hybrid_market_client] ✓ Retrieved indicators from DB for GBPUSD
[2026-06-19 09:38:46] [INFO] [hybrid_market_client] ✓ Using execution_dataset for GBPUSD (QuantDinger unavailable)
[2026-06-19 09:38:46] [DEBUG] [hybrid_market_client] Fetching indicators for GBPUSD (method: QuantDinger)
[2026-06-19 09:38:46] [WARNING] [market_client] Candles API error for GBPUSD: No data found (code=0)
[2026-06-19 09:38:46] [WARNING] [market_client] Using FALLBACK indicators for GBPUSD H4 (candles=0)
[2026-06-19 09:38:46] [DEBUG] [hybrid_market_client] Fetching indicators for GBPUSD (method: execution_dataset)
[2026-06-19 09:38:46] [DEBUG] [hybrid_market_client] ✓ Retrieved indicators from DB for GBPUSD
[2026-06-19 09:38:46] [INFO] [hybrid_market_client] ✓ Using execution_dataset for GBPUSD (QuantDinger unavailable)
[2026-06-19 09:38:46] [DEBUG] [hybrid_market_client] Fetching indicators for GBPUSD (method: QuantDinger)
[2026-06-19 09:38:46] [WARNING] [market_client] Candles API error for GBPUSD: No data found (code=0)
[2026-06-19 09:38:46] [ERROR] [market_client] ⚠️  CRITICAL: GBPUSD API failing consistently (5 errors). Check QuantDinger connection!
[2026-06-19 09:38:46] [WARNING] [market_client] Using FALLBACK indicators for GBPUSD H1 (candles=0)
[2026-06-19 09:38:46] [DEBUG] [hybrid_market_client] Fetching indicators for GBPUSD (method: execution_dataset)
[2026-06-19 09:38:46] [DEBUG] [hybrid_market_client] ✓ Retrieved indicators from DB for GBPUSD
[2026-06-19 09:38:46] [INFO] [hybrid_market_client] ✓ Using execution_dataset for GBPUSD (QuantDinger unavailable)
[2026-06-19 09:38:46] [DEBUG] [hybrid_market_client] Fetching indicators for GBPUSD (method: QuantDinger)
[2026-06-19 09:38:46] [WARNING] [market_client] Candles API error for GBPUSD: No data found (code=0)
[2026-06-19 09:38:46] [ERROR] [market_client] ⚠️  CRITICAL: GBPUSD API failing consistently (6 errors). Check QuantDinger connection!
[2026-06-19 09:38:46] [WARNING] [market_client] Using FALLBACK indicators for GBPUSD M15 (candles=0)
[2026-06-19 09:38:46] [DEBUG] [hybrid_market_client] Fetching indicators for GBPUSD (method: execution_dataset)
[2026-06-19 09:38:46] [DEBUG] [hybrid_market_client] ✓ Retrieved indicators from DB for GBPUSD
[2026-06-19 09:38:46] [INFO] [hybrid_market_client] ✓ Using execution_dataset for GBPUSD (QuantDinger unavailable)
[2026-06-19 09:38:46] [DEBUG] [hybrid_market_client] Fetching indicators for GBPUSD (method: QuantDinger)
[2026-06-19 09:38:46] [WARNING] [market_client] Candles API error for GBPUSD: No data found (code=0)
[2026-06-19 09:38:46] [ERROR] [market_client] ⚠️  CRITICAL: GBPUSD API failing consistently (7 errors). Check QuantDinger connection!
[2026-06-19 09:38:46] [WARNING] [market_client] Using FALLBACK indicators for GBPUSD H4 (candles=0)
[2026-06-19 09:38:46] [DEBUG] [hybrid_market_client] Fetching indicators for GBPUSD (method: execution_dataset)
[2026-06-19 09:38:46] [DEBUG] [hybrid_market_client] ✓ Retrieved indicators from DB for GBPUSD
[2026-06-19 09:38:46] [INFO] [hybrid_market_client] ✓ Using execution_dataset for GBPUSD (QuantDinger unavailable)
[2026-06-19 09:38:46] [DEBUG] [hybrid_market_client] Fetching indicators for GBPUSD (method: QuantDinger)
[2026-06-19 09:38:46] [WARNING] [market_client] Candles API error for GBPUSD: No data found (code=0)
[2026-06-19 09:38:46] [ERROR] [market_client] ⚠️  CRITICAL: GBPUSD API failing consistently (8 errors). Check QuantDinger connection!
[2026-06-19 09:38:46] [WARNING] [market_client] Using FALLBACK indicators for GBPUSD H1 (candles=0)
[2026-06-19 09:38:46] [DEBUG] [hybrid_market_client] Fetching indicators for GBPUSD (method: execution_dataset)
[2026-06-19 09:38:46] [DEBUG] [hybrid_market_client] ✓ Retrieved indicators from DB for GBPUSD
[2026-06-19 09:38:46] [INFO] [hybrid_market_client] ✓ Using execution_dataset for GBPUSD (QuantDinger unavailable)
[2026-06-19 09:38:46] [DEBUG] [hybrid_market_client] Fetching indicators for GBPUSD (method: QuantDinger)
[2026-06-19 09:38:46] [WARNING] [market_client] Candles API error for GBPUSD: No data found (code=0)
[2026-06-19 09:38:46] [ERROR] [market_client] ⚠️  CRITICAL: GBPUSD API failing consistently (9 errors). Check QuantDinger connection!
[2026-06-19 09:38:46] [WARNING] [market_client] Using FALLBACK indicators for GBPUSD M15 (candles=0)
[2026-06-19 09:38:46] [DEBUG] [hybrid_market_client] Fetching indicators for GBPUSD (method: execution_dataset)
[2026-06-19 09:38:46] [DEBUG] [hybrid_market_client] ✓ Retrieved indicators from DB for GBPUSD
[2026-06-19 09:38:46] [INFO] [hybrid_market_client] ✓ Using execution_dataset for GBPUSD (QuantDinger unavailable)
[2026-06-19 09:38:46] [INFO] [mtf] MTF_VERIFY GBPUSD: TIMEFRAME=H4 candles=1 last_ts= last_close=1.3426063060760498 RSI=54.53 ATR=0.00241 MACD=0.000846 | TIMEFRAME=H1 candles=1 last_ts= last_close=1.3426063060760498 RSI=54.53 ATR=0.00241 MACD=0.000846 | TIMEFRAME=M15 candles=1 last_ts= last_close=1.3426063060760498 RSI=54.53 ATR=0.00241 MACD=0.000846
[2026-06-19 09:38:46] [INFO] [mtf] MTF GBPUSD: H4=neutral H1=neutral M15=neutral aligned=False (weak)
[2026-06-19 09:38:46] [DEBUG] [hybrid_market_client] Fetching indicators for GBPUSD (method: QuantDinger)
[2026-06-19 09:38:46] [WARNING] [market_client] Candles API error for GBPUSD: No data found (code=0)
[2026-06-19 09:38:46] [ERROR] [market_client] ⚠️  CRITICAL: GBPUSD API failing consistently (10 errors). Check QuantDinger connection!
[2026-06-19 09:38:46] [WARNING] [market_client] Using FALLBACK indicators for GBPUSD H4 (candles=0)
[2026-06-19 09:38:46] [DEBUG] [hybrid_market_client] Fetching indicators for GBPUSD (method: execution_dataset)
[2026-06-19 09:38:46] [DEBUG] [hybrid_market_client] ✓ Retrieved indicators from DB for GBPUSD
[2026-06-19 09:38:46] [INFO] [hybrid_market_client] ✓ Using execution_dataset for GBPUSD (QuantDinger unavailable)
[2026-06-19 09:38:46] [DEBUG] [hybrid_market_client] Fetching indicators for GBPUSD (method: QuantDinger)
[2026-06-19 09:38:46] [WARNING] [market_client] Candles API error for GBPUSD: No data found (code=0)
[2026-06-19 09:38:46] [ERROR] [market_client] ⚠️  CRITICAL: GBPUSD API failing consistently (11 errors). Check QuantDinger connection!
[2026-06-19 09:38:46] [WARNING] [market_client] Using FALLBACK indicators for GBPUSD H1 (candles=0)
[2026-06-19 09:38:46] [DEBUG] [hybrid_market_client] Fetching indicators for GBPUSD (method: execution_dataset)
[2026-06-19 09:38:46] [DEBUG] [hybrid_market_client] ✓ Retrieved indicators from DB for GBPUSD
[2026-06-19 09:38:46] [INFO] [hybrid_market_client] ✓ Using execution_dataset for GBPUSD (QuantDinger unavailable)
[2026-06-19 09:38:46] [DEBUG] [hybrid_market_client] Fetching indicators for GBPUSD (method: QuantDinger)
[2026-06-19 09:38:46] [WARNING] [market_client] Candles API error for GBPUSD: No data found (code=0)
[2026-06-19 09:38:46] [ERROR] [market_client] ⚠️  CRITICAL: GBPUSD API failing consistently (12 errors). Check QuantDinger connection!
[2026-06-19 09:38:46] [WARNING] [market_client] Using FALLBACK indicators for GBPUSD H1 (candles=0)
[2026-06-19 09:38:46] [DEBUG] [hybrid_market_client] Fetching indicators for GBPUSD (method: execution_dataset)
[2026-06-19 09:38:46] [DEBUG] [hybrid_market_client] ✓ Retrieved indicators from DB for GBPUSD
[2026-06-19 09:38:46] [INFO] [hybrid_market_client] ✓ Using execution_dataset for GBPUSD (QuantDinger unavailable)
[2026-06-19 09:38:46] [DEBUG] [hybrid_market_client] Fetching indicators for GBPUSD (method: QuantDinger)
[2026-06-19 09:38:46] [WARNING] [market_client] Candles API error for GBPUSD: No data found (code=0)
[2026-06-19 09:38:46] [ERROR] [market_client] ⚠️  CRITICAL: GBPUSD API failing consistently (13 errors). Check QuantDinger connection!
[2026-06-19 09:38:46] [WARNING] [market_client] Using FALLBACK indicators for GBPUSD H4 (candles=0)
[2026-06-19 09:38:46] [DEBUG] [hybrid_market_client] Fetching indicators for GBPUSD (method: execution_dataset)
[2026-06-19 09:38:46] [DEBUG] [hybrid_market_client] ✓ Retrieved indicators from DB for GBPUSD
[2026-06-19 09:38:46] [INFO] [hybrid_market_client] ✓ Using execution_dataset for GBPUSD (QuantDinger unavailable)
[2026-06-19 09:38:46] [DEBUG] [hybrid_market_client] Fetching indicators for GBPUSD (method: QuantDinger)
[2026-06-19 09:38:46] [WARNING] [market_client] Candles API error for GBPUSD: No data found (code=0)
[2026-06-19 09:38:46] [ERROR] [market_client] ⚠️  CRITICAL: GBPUSD API failing consistently (14 errors). Check QuantDinger connection!
[2026-06-19 09:38:46] [WARNING] [market_client] Using FALLBACK indicators for GBPUSD H1 (candles=0)
[2026-06-19 09:38:46] [DEBUG] [hybrid_market_client] Fetching indicators for GBPUSD (method: execution_dataset)
[2026-06-19 09:38:46] [DEBUG] [hybrid_market_client] ✓ Retrieved indicators from DB for GBPUSD
[2026-06-19 09:38:46] [INFO] [hybrid_market_client] ✓ Using execution_dataset for GBPUSD (QuantDinger unavailable)
[2026-06-19 09:38:46] [INFO] [voting_engine] GBPUSD: MTF weakly misaligned, reducing score 10%
[2026-06-19 09:38:46] [INFO] [main] GBPUSD: SKIP - GBPUSD BUY already open
[2026-06-19 09:38:46] [INFO] [main] Sleeping 1800s...
[2026-06-19 09:40:30] [INFO] [xgboost_v2] XGBoost v2 model loaded successfully
[2026-06-19 09:40:30] [DEBUG] [xgboost_v2] V2 predict: rsi=54.5 atr=0.00241 regime=TRENDING session=asia dir=BUY -> p_win=0.620
[2026-06-19 09:47:02] [INFO] [qd_client] Logged in to QuantDinger
[2026-06-19 09:53:48] [INFO] [qd_client] Logged in to QuantDinger
[2026-06-19 09:53:48] [WARNING] [market_client] Candles API error for EURUSD: No data found (code=0)
[2026-06-19 09:54:30] [INFO] [qd_client] Logged in to QuantDinger
[2026-06-19 09:54:58] [INFO] [qd_client] Logged in to QuantDinger
[2026-06-19 09:54:58] [WARNING] [market_client] Candles API error for EURUSD: No data found (code=0)
[2026-06-19 09:55:22] [INFO] [qd_client] Logged in to QuantDinger
[2026-06-19 10:02:45] [INFO] [qd_client] Logged in to QuantDinger
[2026-06-19 10:02:45] [DEBUG] [market_client] Candles EURUSD 4H: 10 bars ✓
[2026-06-19 10:03:17] [INFO] [main] Trading Bot V3 starting...
[2026-06-19 10:03:17] [INFO] [database] V3 Database initialized with all tables
[2026-06-19 10:03:17] [INFO] [qd_client] Logged in to QuantDinger
[2026-06-19 10:03:17] [INFO] [qd_client] MT5 connected
[2026-06-19 10:03:17] [INFO] [main] MT5 connected
[2026-06-19 10:03:17] [INFO] [telegram_bot] Telegram polling started
[2026-06-19 10:03:17] [INFO] [telegram_bot] Telegram bot V3 started
[2026-06-19 10:03:17] [INFO] [mt5_watchdog] MT5 watchdog started (V1 reconnect logic)
[2026-06-19 10:03:17] [INFO] [reconciliation] Reconciliation loop started (every 60s)
[2026-06-19 10:03:17] [INFO] [reconciliation] Reconciliation thread started
[2026-06-19 10:03:18] [INFO] [main] ==================================================
[2026-06-19 10:03:18] [INFO] [main] Cycle 1 at 10:03:18
[2026-06-19 10:03:28] [INFO] [news_fetcher] Fetched 4 relevant news items
[2026-06-19 10:03:28] [INFO] [main] Equity: 73516.00$ | News: 4
[2026-06-19 10:03:28] [INFO] [main] --- EURUSD ---
[2026-06-19 10:03:32] [INFO] [deepseek] AI analysis EURUSD: bias=bearish score=45.0 conf=0.60
[2026-06-19 10:03:32] [DEBUG] [signal_engine] Signal: SELL score=45.0 conf=0.60 strength=ضعيف valid=False
[2026-06-19 10:03:32] [INFO] [sentiment] Sentiment EURUSD: bullish score=100 bull=2 bear=0
[2026-06-19 10:03:32] [DEBUG] [hybrid_market_client] Fetching indicators for EURUSD (method: QuantDinger)
[2026-06-19 10:03:32] [DEBUG] [market_client] Candles EURUSD 4H: 100 bars ✓
[2026-06-19 10:03:32] [DEBUG] [hybrid_market_client] ✓ Got real data from QuantDinger for EURUSD
[2026-06-19 10:03:32] [DEBUG] [hybrid_market_client] Fetching indicators for EURUSD (method: QuantDinger)
[2026-06-19 10:03:32] [DEBUG] [market_client] Candles EURUSD 4H: 100 bars ✓
[2026-06-19 10:03:32] [DEBUG] [hybrid_market_client] ✓ Got real data from QuantDinger for EURUSD
[2026-06-19 10:03:32] [DEBUG] [hybrid_market_client] Fetching indicators for EURUSD (method: QuantDinger)
[2026-06-19 10:03:32] [DEBUG] [market_client] Candles EURUSD 4H: 100 bars ✓
[2026-06-19 10:03:32] [DEBUG] [hybrid_market_client] ✓ Got real data from QuantDinger for EURUSD
[2026-06-19 10:03:32] [DEBUG] [hybrid_market_client] Fetching indicators for EURUSD (method: QuantDinger)
[2026-06-19 10:03:32] [DEBUG] [market_client] Using cached candles for EURUSD H4 (age: 0s)
[2026-06-19 10:03:32] [DEBUG] [hybrid_market_client] ✓ Got real data from QuantDinger for EURUSD
[2026-06-19 10:03:32] [DEBUG] [hybrid_market_client] Fetching indicators for EURUSD (method: QuantDinger)
[2026-06-19 10:03:32] [DEBUG] [market_client] Using cached candles for EURUSD H1 (age: 0s)
[2026-06-19 10:03:32] [DEBUG] [hybrid_market_client] ✓ Got real data from QuantDinger for EURUSD
[2026-06-19 10:03:32] [DEBUG] [hybrid_market_client] Fetching indicators for EURUSD (method: QuantDinger)
[2026-06-19 10:03:32] [DEBUG] [market_client] Using cached candles for EURUSD M15 (age: 0s)
[2026-06-19 10:03:32] [DEBUG] [hybrid_market_client] ✓ Got real data from QuantDinger for EURUSD
[2026-06-19 10:03:32] [DEBUG] [hybrid_market_client] Fetching indicators for EURUSD (method: QuantDinger)
[2026-06-19 10:03:32] [DEBUG] [market_client] Using cached candles for EURUSD H4 (age: 0s)
[2026-06-19 10:03:32] [DEBUG] [hybrid_market_client] ✓ Got real data from QuantDinger for EURUSD
[2026-06-19 10:03:32] [DEBUG] [hybrid_market_client] Fetching indicators for EURUSD (method: QuantDinger)
[2026-06-19 10:03:32] [DEBUG] [market_client] Using cached candles for EURUSD H1 (age: 0s)
[2026-06-19 10:03:32] [DEBUG] [hybrid_market_client] ✓ Got real data from QuantDinger for EURUSD
[2026-06-19 10:03:32] [DEBUG] [hybrid_market_client] Fetching indicators for EURUSD (method: QuantDinger)
[2026-06-19 10:03:32] [DEBUG] [market_client] Using cached candles for EURUSD M15 (age: 0s)
[2026-06-19 10:03:32] [DEBUG] [hybrid_market_client] ✓ Got real data from QuantDinger for EURUSD
[2026-06-19 10:03:32] [INFO] [mtf] MTF_VERIFY EURUSD: TIMEFRAME=H4 candles=1 last_ts= last_close=1.1449507474899292 RSI=18.04 ATR=0.002821 MACD=-0.006061 | TIMEFRAME=H1 candles=1 last_ts= last_close=1.1449507474899292 RSI=18.04 ATR=0.002821 MACD=-0.006061 | TIMEFRAME=M15 candles=1 last_ts= last_close=1.1449507474899292 RSI=18.04 ATR=0.002821 MACD=-0.006061
[2026-06-19 10:03:32] [INFO] [mtf] MTF EURUSD: H4=bearish H1=bullish M15=bullish aligned=True (weak)
[2026-06-19 10:03:32] [DEBUG] [hybrid_market_client] Fetching indicators for EURUSD (method: QuantDinger)
[2026-06-19 10:03:32] [DEBUG] [market_client] Using cached candles for EURUSD H4 (age: 0s)
[2026-06-19 10:03:32] [DEBUG] [hybrid_market_client] ✓ Got real data from QuantDinger for EURUSD
[2026-06-19 10:03:32] [DEBUG] [hybrid_market_client] Fetching indicators for EURUSD (method: QuantDinger)
[2026-06-19 10:03:32] [DEBUG] [market_client] Using cached candles for EURUSD H1 (age: 0s)
[2026-06-19 10:03:32] [DEBUG] [hybrid_market_client] ✓ Got real data from QuantDinger for EURUSD
[2026-06-19 10:03:32] [DEBUG] [hybrid_market_client] Fetching indicators for EURUSD (method: QuantDinger)
[2026-06-19 10:03:32] [DEBUG] [market_client] Using cached candles for EURUSD H1 (age: 0s)
[2026-06-19 10:03:32] [DEBUG] [hybrid_market_client] ✓ Got real data from QuantDinger for EURUSD
[2026-06-19 10:03:32] [DEBUG] [hybrid_market_client] Fetching indicators for EURUSD (method: QuantDinger)
[2026-06-19 10:03:32] [DEBUG] [market_client] Using cached candles for EURUSD H4 (age: 0s)
[2026-06-19 10:03:32] [DEBUG] [hybrid_market_client] ✓ Got real data from QuantDinger for EURUSD
[2026-06-19 10:03:32] [DEBUG] [hybrid_market_client] Fetching indicators for EURUSD (method: QuantDinger)
[2026-06-19 10:03:32] [DEBUG] [market_client] Using cached candles for EURUSD H1 (age: 0s)
[2026-06-19 10:03:32] [DEBUG] [hybrid_market_client] ✓ Got real data from QuantDinger for EURUSD
[2026-06-19 10:03:32] [INFO] [main] --- XAUUSD ---
[2026-06-19 10:03:36] [INFO] [deepseek] AI analysis XAUUSD: bias=bullish score=55.0 conf=0.65
[2026-06-19 10:03:36] [DEBUG] [signal_engine] Signal: BUY score=55.0 conf=0.65 strength=متوسط valid=True
[2026-06-19 10:03:36] [INFO] [sentiment] Sentiment XAUUSD: bullish score=100 bull=2 bear=0
[2026-06-19 10:03:36] [DEBUG] [hybrid_market_client] Fetching indicators for XAUUSD (method: QuantDinger)
[2026-06-19 10:03:36] [DEBUG] [market_client] Candles XAUUSD 4H: 100 bars ✓
[2026-06-19 10:03:36] [DEBUG] [hybrid_market_client] ✓ Got real data from QuantDinger for XAUUSD
[2026-06-19 10:03:36] [DEBUG] [hybrid_market_client] Fetching indicators for XAUUSD (method: QuantDinger)
[2026-06-19 10:03:36] [DEBUG] [market_client] Candles XAUUSD 4H: 100 bars ✓
[2026-06-19 10:03:36] [DEBUG] [hybrid_market_client] ✓ Got real data from QuantDinger for XAUUSD
[2026-06-19 10:03:36] [DEBUG] [hybrid_market_client] Fetching indicators for XAUUSD (method: QuantDinger)
[2026-06-19 10:03:36] [DEBUG] [market_client] Candles XAUUSD 4H: 100 bars ✓
[2026-06-19 10:03:36] [DEBUG] [hybrid_market_client] ✓ Got real data from QuantDinger for XAUUSD
[2026-06-19 10:03:36] [DEBUG] [hybrid_market_client] Fetching indicators for XAUUSD (method: QuantDinger)
[2026-06-19 10:03:36] [DEBUG] [market_client] Using cached candles for XAUUSD H4 (age: 0s)
[2026-06-19 10:03:36] [DEBUG] [hybrid_market_client] ✓ Got real data from QuantDinger for XAUUSD
[2026-06-19 10:03:36] [DEBUG] [hybrid_market_client] Fetching indicators for XAUUSD (method: QuantDinger)
[2026-06-19 10:03:36] [DEBUG] [market_client] Using cached candles for XAUUSD H1 (age: 0s)
[2026-06-19 10:03:36] [DEBUG] [hybrid_market_client] ✓ Got real data from QuantDinger for XAUUSD
[2026-06-19 10:03:36] [DEBUG] [hybrid_market_client] Fetching indicators for XAUUSD (method: QuantDinger)
[2026-06-19 10:03:36] [DEBUG] [market_client] Using cached candles for XAUUSD M15 (age: 0s)
[2026-06-19 10:03:36] [DEBUG] [hybrid_market_client] ✓ Got real data from QuantDinger for XAUUSD
[2026-06-19 10:03:36] [DEBUG] [hybrid_market_client] Fetching indicators for XAUUSD (method: QuantDinger)
[2026-06-19 10:03:36] [DEBUG] [market_client] Using cached candles for XAUUSD H4 (age: 0s)
[2026-06-19 10:03:36] [DEBUG] [hybrid_market_client] ✓ Got real data from QuantDinger for XAUUSD
[2026-06-19 10:03:36] [DEBUG] [hybrid_market_client] Fetching indicators for XAUUSD (method: QuantDinger)
[2026-06-19 10:03:36] [DEBUG] [market_client] Using cached candles for XAUUSD H1 (age: 0s)
[2026-06-19 10:03:36] [DEBUG] [hybrid_market_client] ✓ Got real data from QuantDinger for XAUUSD
[2026-06-19 10:03:36] [DEBUG] [hybrid_market_client] Fetching indicators for XAUUSD (method: QuantDinger)
[2026-06-19 10:03:36] [DEBUG] [market_client] Using cached candles for XAUUSD M15 (age: 0s)
[2026-06-19 10:03:36] [DEBUG] [hybrid_market_client] ✓ Got real data from QuantDinger for XAUUSD
[2026-06-19 10:03:36] [INFO] [mtf] MTF_VERIFY XAUUSD: TIMEFRAME=H4 candles=1 last_ts= last_close=4167.5 RSI=28.7 ATR=46.514265 MACD=-36.515359 | TIMEFRAME=H1 candles=1 last_ts= last_close=4167.5 RSI=28.7 ATR=46.514265 MACD=-36.515359 | TIMEFRAME=M15 candles=1 last_ts= last_close=4167.5 RSI=28.7 ATR=46.514265 MACD=-36.515359
[2026-06-19 10:03:36] [INFO] [mtf] MTF XAUUSD: H4=bearish H1=bullish M15=bullish aligned=True (weak)
[2026-06-19 10:03:36] [DEBUG] [hybrid_market_client] Fetching indicators for XAUUSD (method: QuantDinger)
[2026-06-19 10:03:36] [DEBUG] [market_client] Using cached candles for XAUUSD H4 (age: 0s)
[2026-06-19 10:03:36] [DEBUG] [hybrid_market_client] ✓ Got real data from QuantDinger for XAUUSD
[2026-06-19 10:03:36] [DEBUG] [hybrid_market_client] Fetching indicators for XAUUSD (method: QuantDinger)
[2026-06-19 10:03:36] [DEBUG] [market_client] Using cached candles for XAUUSD H1 (age: 0s)
[2026-06-19 10:03:36] [DEBUG] [hybrid_market_client] ✓ Got real data from QuantDinger for XAUUSD
[2026-06-19 10:03:36] [DEBUG] [hybrid_market_client] Fetching indicators for XAUUSD (method: QuantDinger)
[2026-06-19 10:03:36] [DEBUG] [market_client] Using cached candles for XAUUSD H1 (age: 0s)
[2026-06-19 10:03:36] [DEBUG] [hybrid_market_client] ✓ Got real data from QuantDinger for XAUUSD
[2026-06-19 10:03:36] [DEBUG] [hybrid_market_client] Fetching indicators for XAUUSD (method: QuantDinger)
[2026-06-19 10:03:36] [DEBUG] [market_client] Using cached candles for XAUUSD H4 (age: 0s)
[2026-06-19 10:03:36] [DEBUG] [hybrid_market_client] ✓ Got real data from QuantDinger for XAUUSD
[2026-06-19 10:03:36] [DEBUG] [hybrid_market_client] Fetching indicators for XAUUSD (method: QuantDinger)
[2026-06-19 10:03:36] [DEBUG] [market_client] Using cached candles for XAUUSD H1 (age: 0s)
[2026-06-19 10:03:36] [DEBUG] [hybrid_market_client] ✓ Got real data from QuantDinger for XAUUSD
[2026-06-19 10:03:36] [DEBUG] [hybrid_market_client] Fetching indicators for XAUUSD (method: QuantDinger)
[2026-06-19 10:03:36] [DEBUG] [market_client] Candles XAUUSD 4H: 100 bars ✓
[2026-06-19 10:03:36] [DEBUG] [hybrid_market_client] ✓ Got real data from QuantDinger for XAUUSD
[2026-06-19 10:03:36] [DEBUG] [hybrid_market_client] Fetching indicators for XAUUSD (method: QuantDinger)
[2026-06-19 10:03:36] [DEBUG] [market_client] Using cached candles for XAUUSD 4H (age: 0s)
[2026-06-19 10:03:36] [DEBUG] [hybrid_market_client] ✓ Got real data from QuantDinger for XAUUSD
[2026-06-19 10:03:36] [INFO] [sltp] SL/TP XAUUSD: entry=4167.5 atr=46.51427 sl=4157.5 tp=4283.78566
[2026-06-19 10:03:36] [INFO] [position_sizing] Position size: 0.1 (equity=73516, risk=0.001, sl_dist=10.00000, score=51, cons_loss=0)
[2026-06-19 10:03:36] [DEBUG] [market_client] Using cached candles for XAUUSD 4H (age: 0s)
[2026-06-19 10:03:36] [INFO] [xgboost_v2] XGBoost v2 model loaded successfully
[2026-06-19 10:03:36] [DEBUG] [xgboost_v2] V2 predict: rsi=28.7 atr=46.51427 regime=TRENDING session=london dir=BUY -> p_win=0.327
[2026-06-19 10:03:36] [INFO] [main] XAUUSD ML v2 p_win=0.327 available=True
[2026-06-19 10:03:36] [INFO] [main] XAUUSD: Rejected by ML v2 gate (p_win 0.327 < 0.60)
[2026-06-19 10:03:36] [INFO] [main] --- GBPUSD ---
[2026-06-19 10:03:40] [INFO] [deepseek] AI analysis GBPUSD: bias=bullish score=45.0 conf=0.60
[2026-06-19 10:03:40] [DEBUG] [signal_engine] Signal: BUY score=45.0 conf=0.60 strength=ضعيف valid=False
[2026-06-19 10:03:40] [DEBUG] [hybrid_market_client] Fetching indicators for GBPUSD (method: QuantDinger)
[2026-06-19 10:03:40] [DEBUG] [market_client] Candles GBPUSD 4H: 100 bars ✓
[2026-06-19 10:03:40] [DEBUG] [hybrid_market_client] ✓ Got real data from QuantDinger for GBPUSD
[2026-06-19 10:03:40] [DEBUG] [hybrid_market_client] Fetching indicators for GBPUSD (method: QuantDinger)
[2026-06-19 10:03:40] [DEBUG] [market_client] Candles GBPUSD 4H: 100 bars ✓
[2026-06-19 10:03:40] [DEBUG] [hybrid_market_client] ✓ Got real data from QuantDinger for GBPUSD
[2026-06-19 10:03:40] [DEBUG] [hybrid_market_client] Fetching indicators for GBPUSD (method: QuantDinger)
[2026-06-19 10:03:40] [DEBUG] [market_client] Candles GBPUSD 4H: 100 bars ✓
[2026-06-19 10:03:40] [DEBUG] [hybrid_market_client] ✓ Got real data from QuantDinger for GBPUSD
[2026-06-19 10:03:40] [DEBUG] [hybrid_market_client] Fetching indicators for GBPUSD (method: QuantDinger)
[2026-06-19 10:03:40] [DEBUG] [market_client] Using cached candles for GBPUSD H4 (age: 0s)
[2026-06-19 10:03:40] [DEBUG] [hybrid_market_client] ✓ Got real data from QuantDinger for GBPUSD
[2026-06-19 10:03:40] [DEBUG] [hybrid_market_client] Fetching indicators for GBPUSD (method: QuantDinger)
[2026-06-19 10:03:40] [DEBUG] [market_client] Using cached candles for GBPUSD H1 (age: 0s)
[2026-06-19 10:03:40] [DEBUG] [hybrid_market_client] ✓ Got real data from QuantDinger for GBPUSD
[2026-06-19 10:03:40] [DEBUG] [hybrid_market_client] Fetching indicators for GBPUSD (method: QuantDinger)
[2026-06-19 10:03:40] [DEBUG] [market_client] Using cached candles for GBPUSD M15 (age: 0s)
[2026-06-19 10:03:40] [DEBUG] [hybrid_market_client] ✓ Got real data from QuantDinger for GBPUSD
[2026-06-19 10:03:40] [DEBUG] [hybrid_market_client] Fetching indicators for GBPUSD (method: QuantDinger)
[2026-06-19 10:03:40] [DEBUG] [market_client] Using cached candles for GBPUSD H4 (age: 0s)
[2026-06-19 10:03:40] [DEBUG] [hybrid_market_client] ✓ Got real data from QuantDinger for GBPUSD
[2026-06-19 10:03:40] [DEBUG] [hybrid_market_client] Fetching indicators for GBPUSD (method: QuantDinger)
[2026-06-19 10:03:40] [DEBUG] [market_client] Using cached candles for GBPUSD H1 (age: 0s)
[2026-06-19 10:03:40] [DEBUG] [hybrid_market_client] ✓ Got real data from QuantDinger for GBPUSD
[2026-06-19 10:03:40] [DEBUG] [hybrid_market_client] Fetching indicators for GBPUSD (method: QuantDinger)
[2026-06-19 10:03:40] [DEBUG] [market_client] Using cached candles for GBPUSD M15 (age: 0s)
[2026-06-19 10:03:40] [DEBUG] [hybrid_market_client] ✓ Got real data from QuantDinger for GBPUSD
[2026-06-19 10:03:40] [INFO] [mtf] MTF_VERIFY GBPUSD: TIMEFRAME=H4 candles=1 last_ts= last_close=1.3207597732543945 RSI=15.9 ATR=0.003791 MACD=-0.008612 | TIMEFRAME=H1 candles=1 last_ts= last_close=1.3207597732543945 RSI=15.9 ATR=0.003791 MACD=-0.008612 | TIMEFRAME=M15 candles=1 last_ts= last_close=1.3207597732543945 RSI=15.9 ATR=0.003791 MACD=-0.008612
[2026-06-19 10:03:40] [INFO] [mtf] MTF GBPUSD: H4=bearish H1=bullish M15=bullish aligned=True (weak)
[2026-06-19 10:03:40] [DEBUG] [hybrid_market_client] Fetching indicators for GBPUSD (method: QuantDinger)
[2026-06-19 10:03:40] [DEBUG] [market_client] Using cached candles for GBPUSD H4 (age: 0s)
[2026-06-19 10:03:40] [DEBUG] [hybrid_market_client] ✓ Got real data from QuantDinger for GBPUSD
[2026-06-19 10:03:40] [DEBUG] [hybrid_market_client] Fetching indicators for GBPUSD (method: QuantDinger)
[2026-06-19 10:03:40] [DEBUG] [market_client] Using cached candles for GBPUSD H1 (age: 0s)
[2026-06-19 10:03:40] [DEBUG] [hybrid_market_client] ✓ Got real data from QuantDinger for GBPUSD
[2026-06-19 10:03:40] [DEBUG] [hybrid_market_client] Fetching indicators for GBPUSD (method: QuantDinger)
[2026-06-19 10:03:40] [DEBUG] [market_client] Using cached candles for GBPUSD H1 (age: 0s)
[2026-06-19 10:03:40] [DEBUG] [hybrid_market_client] ✓ Got real data from QuantDinger for GBPUSD
[2026-06-19 10:03:40] [DEBUG] [hybrid_market_client] Fetching indicators for GBPUSD (method: QuantDinger)
[2026-06-19 10:03:40] [DEBUG] [market_client] Using cached candles for GBPUSD H4 (age: 0s)
[2026-06-19 10:03:40] [DEBUG] [hybrid_market_client] ✓ Got real data from QuantDinger for GBPUSD
[2026-06-19 10:03:40] [DEBUG] [hybrid_market_client] Fetching indicators for GBPUSD (method: QuantDinger)
[2026-06-19 10:03:40] [DEBUG] [market_client] Using cached candles for GBPUSD H1 (age: 0s)
[2026-06-19 10:03:40] [DEBUG] [hybrid_market_client] ✓ Got real data from QuantDinger for GBPUSD
[2026-06-19 10:03:40] [INFO] [main] Sleeping 1800s...
[2026-06-19 10:33:40] [INFO] [main] ==================================================
[2026-06-19 10:33:40] [INFO] [main] Cycle 2 at 10:33:40
[2026-06-19 10:33:49] [INFO] [news_fetcher] Fetched 2 relevant news items
[2026-06-19 10:33:49] [INFO] [main] Equity: 73516.00$ | News: 2
[2026-06-19 10:33:49] [INFO] [main] --- EURUSD ---
[2026-06-19 10:33:52] [INFO] [deepseek] AI analysis EURUSD: bias=neutral score=30.0 conf=0.40
[2026-06-19 10:33:52] [DEBUG] [signal_engine] Signal: NEUTRAL score=30.0 conf=0.40 strength=ضعيف valid=False
[2026-06-19 10:33:52] [DEBUG] [hybrid_market_client] Fetching indicators for EURUSD (method: QuantDinger)
[2026-06-19 10:33:53] [DEBUG] [market_client] Candles EURUSD 4H: 100 bars ✓
[2026-06-19 10:33:53] [DEBUG] [hybrid_market_client] ✓ Got real data from QuantDinger for EURUSD
[2026-06-19 10:33:53] [DEBUG] [hybrid_market_client] Fetching indicators for EURUSD (method: QuantDinger)
[2026-06-19 10:33:53] [DEBUG] [market_client] Candles EURUSD 4H: 100 bars ✓
[2026-06-19 10:33:53] [DEBUG] [hybrid_market_client] ✓ Got real data from QuantDinger for EURUSD
[2026-06-19 10:33:53] [DEBUG] [hybrid_market_client] Fetching indicators for EURUSD (method: QuantDinger)
[2026-06-19 10:33:53] [DEBUG] [market_client] Candles EURUSD 4H: 100 bars ✓
[2026-06-19 10:33:53] [DEBUG] [hybrid_market_client] ✓ Got real data from QuantDinger for EURUSD
[2026-06-19 10:33:53] [DEBUG] [hybrid_market_client] Fetching indicators for EURUSD (method: QuantDinger)
[2026-06-19 10:33:53] [DEBUG] [market_client] Using cached candles for EURUSD H4 (age: 0s)
[2026-06-19 10:33:53] [DEBUG] [hybrid_market_client] ✓ Got real data from QuantDinger for EURUSD
[2026-06-19 10:33:53] [DEBUG] [hybrid_market_client] Fetching indicators for EURUSD (method: QuantDinger)
[2026-06-19 10:33:53] [DEBUG] [market_client] Using cached candles for EURUSD H1 (age: 0s)
[2026-06-19 10:33:53] [DEBUG] [hybrid_market_client] ✓ Got real data from QuantDinger for EURUSD
[2026-06-19 10:33:53] [DEBUG] [hybrid_market_client] Fetching indicators for EURUSD (method: QuantDinger)
[2026-06-19 10:33:53] [DEBUG] [market_client] Using cached candles for EURUSD M15 (age: 0s)
[2026-06-19 10:33:53] [DEBUG] [hybrid_market_client] ✓ Got real data from QuantDinger for EURUSD
[2026-06-19 10:33:53] [DEBUG] [hybrid_market_client] Fetching indicators for EURUSD (method: QuantDinger)
[2026-06-19 10:33:53] [DEBUG] [market_client] Using cached candles for EURUSD H4 (age: 0s)
[2026-06-19 10:33:53] [DEBUG] [hybrid_market_client] ✓ Got real data from QuantDinger for EURUSD
[2026-06-19 10:33:53] [DEBUG] [hybrid_market_client] Fetching indicators for EURUSD (method: QuantDinger)
[2026-06-19 10:33:53] [DEBUG] [market_client] Using cached candles for EURUSD H1 (age: 0s)
[2026-06-19 10:33:53] [DEBUG] [hybrid_market_client] ✓ Got real data from QuantDinger for EURUSD
[2026-06-19 10:33:53] [DEBUG] [hybrid_market_client] Fetching indicators for EURUSD (method: QuantDinger)
[2026-06-19 10:33:53] [DEBUG] [market_client] Using cached candles for EURUSD M15 (age: 0s)
[2026-06-19 10:33:53] [DEBUG] [hybrid_market_client] ✓ Got real data from QuantDinger for EURUSD
[2026-06-19 10:33:53] [INFO] [mtf] MTF_VERIFY EURUSD: TIMEFRAME=H4 candles=1 last_ts= last_close=1.144819736480713 RSI=17.62 ATR=0.00284 MACD=-0.006067 | TIMEFRAME=H1 candles=1 last_ts= last_close=1.144819736480713 RSI=17.62 ATR=0.00284 MACD=-0.006067 | TIMEFRAME=M15 candles=1 last_ts= last_close=1.144819736480713 RSI=17.62 ATR=0.00284 MACD=-0.006067
[2026-06-19 10:33:53] [INFO] [mtf] MTF EURUSD: H4=bearish H1=bullish M15=bullish aligned=True (weak)
[2026-06-19 10:33:53] [DEBUG] [hybrid_market_client] Fetching indicators for EURUSD (method: QuantDinger)
[2026-06-19 10:33:53] [DEBUG] [market_client] Using cached candles for EURUSD H4 (age: 0s)
[2026-06-19 10:33:53] [DEBUG] [hybrid_market_client] ✓ Got real data from QuantDinger for EURUSD
[2026-06-19 10:33:53] [DEBUG] [hybrid_market_client] Fetching indicators for EURUSD (method: QuantDinger)
[2026-06-19 10:33:53] [DEBUG] [market_client] Using cached candles for EURUSD H1 (age: 0s)
[2026-06-19 10:33:53] [DEBUG] [hybrid_market_client] ✓ Got real data from QuantDinger for EURUSD
[2026-06-19 10:33:53] [DEBUG] [hybrid_market_client] Fetching indicators for EURUSD (method: QuantDinger)
[2026-06-19 10:33:53] [DEBUG] [market_client] Using cached candles for EURUSD H1 (age: 0s)
[2026-06-19 10:33:53] [DEBUG] [hybrid_market_client] ✓ Got real data from QuantDinger for EURUSD
[2026-06-19 10:33:53] [DEBUG] [hybrid_market_client] Fetching indicators for EURUSD (method: QuantDinger)
[2026-06-19 10:33:53] [DEBUG] [market_client] Using cached candles for EURUSD H4 (age: 0s)
[2026-06-19 10:33:53] [DEBUG] [hybrid_market_client] ✓ Got real data from QuantDinger for EURUSD
[2026-06-19 10:33:53] [DEBUG] [hybrid_market_client] Fetching indicators for EURUSD (method: QuantDinger)
[2026-06-19 10:33:53] [DEBUG] [market_client] Using cached candles for EURUSD H1 (age: 0s)
[2026-06-19 10:33:53] [DEBUG] [hybrid_market_client] ✓ Got real data from QuantDinger for EURUSD
[2026-06-19 10:33:53] [INFO] [main] --- XAUUSD ---
[2026-06-19 10:33:56] [INFO] [deepseek] AI analysis XAUUSD: bias=neutral score=45.0 conf=0.40
[2026-06-19 10:33:56] [DEBUG] [signal_engine] Signal: NEUTRAL score=45.0 conf=0.40 strength=ضعيف valid=False
[2026-06-19 10:33:56] [DEBUG] [hybrid_market_client] Fetching indicators for XAUUSD (method: QuantDinger)
[2026-06-19 10:33:56] [DEBUG] [market_client] Candles XAUUSD 4H: 100 bars ✓
[2026-06-19 10:33:56] [DEBUG] [hybrid_market_client] ✓ Got real data from QuantDinger for XAUUSD
[2026-06-19 10:33:56] [DEBUG] [hybrid_market_client] Fetching indicators for XAUUSD (method: QuantDinger)
[2026-06-19 10:33:56] [DEBUG] [market_client] Candles XAUUSD 4H: 100 bars ✓
[2026-06-19 10:33:56] [DEBUG] [hybrid_market_client] ✓ Got real data from QuantDinger for XAUUSD
[2026-06-19 10:33:56] [DEBUG] [hybrid_market_client] Fetching indicators for XAUUSD (method: QuantDinger)
[2026-06-19 10:33:56] [DEBUG] [market_client] Candles XAUUSD 4H: 100 bars ✓
[2026-06-19 10:33:56] [DEBUG] [hybrid_market_client] ✓ Got real data from QuantDinger for XAUUSD
[2026-06-19 10:33:56] [DEBUG] [hybrid_market_client] Fetching indicators for XAUUSD (method: QuantDinger)
[2026-06-19 10:33:56] [DEBUG] [market_client] Using cached candles for XAUUSD H4 (age: 0s)
[2026-06-19 10:33:56] [DEBUG] [hybrid_market_client] ✓ Got real data from QuantDinger for XAUUSD
[2026-06-19 10:33:56] [DEBUG] [hybrid_market_client] Fetching indicators for XAUUSD (method: QuantDinger)
[2026-06-19 10:33:56] [DEBUG] [market_client] Using cached candles for XAUUSD H1 (age: 0s)
[2026-06-19 10:33:56] [DEBUG] [hybrid_market_client] ✓ Got real data from QuantDinger for XAUUSD
[2026-06-19 10:33:56] [DEBUG] [hybrid_market_client] Fetching indicators for XAUUSD (method: QuantDinger)
[2026-06-19 10:33:56] [DEBUG] [market_client] Using cached candles for XAUUSD M15 (age: 0s)
[2026-06-19 10:33:56] [DEBUG] [hybrid_market_client] ✓ Got real data from QuantDinger for XAUUSD
[2026-06-19 10:33:56] [DEBUG] [hybrid_market_client] Fetching indicators for XAUUSD (method: QuantDinger)
[2026-06-19 10:33:56] [DEBUG] [market_client] Using cached candles for XAUUSD H4 (age: 0s)
[2026-06-19 10:33:56] [DEBUG] [hybrid_market_client] ✓ Got real data from QuantDinger for XAUUSD
[2026-06-19 10:33:56] [DEBUG] [hybrid_market_client] Fetching indicators for XAUUSD (method: QuantDinger)
[2026-06-19 10:33:56] [DEBUG] [market_client] Using cached candles for XAUUSD H1 (age: 0s)
[2026-06-19 10:33:56] [DEBUG] [hybrid_market_client] ✓ Got real data from QuantDinger for XAUUSD
[2026-06-19 10:33:56] [DEBUG] [hybrid_market_client] Fetching indicators for XAUUSD (method: QuantDinger)
[2026-06-19 10:33:56] [DEBUG] [market_client] Using cached candles for XAUUSD M15 (age: 0s)
[2026-06-19 10:33:56] [DEBUG] [hybrid_market_client] ✓ Got real data from QuantDinger for XAUUSD
[2026-06-19 10:33:56] [INFO] [mtf] MTF_VERIFY XAUUSD: TIMEFRAME=H4 candles=1 last_ts= last_close=4167.5 RSI=28.7 ATR=46.514265 MACD=-36.515359 | TIMEFRAME=H1 candles=1 last_ts= last_close=4167.5 RSI=28.7 ATR=46.514265 MACD=-36.515359 | TIMEFRAME=M15 candles=1 last_ts= last_close=4167.5 RSI=28.7 ATR=46.514265 MACD=-36.515359
[2026-06-19 10:33:56] [INFO] [mtf] MTF XAUUSD: H4=bearish H1=bullish M15=bullish aligned=True (weak)
[2026-06-19 10:33:56] [DEBUG] [hybrid_market_client] Fetching indicators for XAUUSD (method: QuantDinger)
[2026-06-19 10:33:56] [DEBUG] [market_client] Using cached candles for XAUUSD H4 (age: 0s)
[2026-06-19 10:33:56] [DEBUG] [hybrid_market_client] ✓ Got real data from QuantDinger for XAUUSD
[2026-06-19 10:33:56] [DEBUG] [hybrid_market_client] Fetching indicators for XAUUSD (method: QuantDinger)
[2026-06-19 10:33:56] [DEBUG] [market_client] Using cached candles for XAUUSD H1 (age: 0s)
[2026-06-19 10:33:56] [DEBUG] [hybrid_market_client] ✓ Got real data from QuantDinger for XAUUSD
[2026-06-19 10:33:56] [DEBUG] [hybrid_market_client] Fetching indicators for XAUUSD (method: QuantDinger)
[2026-06-19 10:33:56] [DEBUG] [market_client] Using cached candles for XAUUSD H1 (age: 0s)
[2026-06-19 10:33:56] [DEBUG] [hybrid_market_client] ✓ Got real data from QuantDinger for XAUUSD
[2026-06-19 10:33:56] [DEBUG] [hybrid_market_client] Fetching indicators for XAUUSD (method: QuantDinger)
[2026-06-19 10:33:56] [DEBUG] [market_client] Using cached candles for XAUUSD H4 (age: 0s)
[2026-06-19 10:33:56] [DEBUG] [hybrid_market_client] ✓ Got real data from QuantDinger for XAUUSD
[2026-06-19 10:33:56] [DEBUG] [hybrid_market_client] Fetching indicators for XAUUSD (method: QuantDinger)
[2026-06-19 10:33:56] [DEBUG] [market_client] Using cached candles for XAUUSD H1 (age: 0s)
[2026-06-19 10:33:56] [DEBUG] [hybrid_market_client] ✓ Got real data from QuantDinger for XAUUSD
[2026-06-19 10:33:56] [INFO] [main] --- GBPUSD ---
[2026-06-19 10:34:00] [INFO] [deepseek] AI analysis GBPUSD: bias=bullish score=55.0 conf=0.60
[2026-06-19 10:34:00] [DEBUG] [signal_engine] Signal: BUY score=55.0 conf=0.60 strength=متوسط valid=True
[2026-06-19 10:34:00] [DEBUG] [hybrid_market_client] Fetching indicators for GBPUSD (method: QuantDinger)
[2026-06-19 10:34:00] [DEBUG] [market_client] Candles GBPUSD 4H: 100 bars ✓
[2026-06-19 10:34:00] [DEBUG] [hybrid_market_client] ✓ Got real data from QuantDinger for GBPUSD
[2026-06-19 10:34:00] [DEBUG] [hybrid_market_client] Fetching indicators for GBPUSD (method: QuantDinger)
[2026-06-19 10:34:00] [DEBUG] [market_client] Candles GBPUSD 4H: 100 bars ✓
[2026-06-19 10:34:00] [DEBUG] [hybrid_market_client] ✓ Got real data from QuantDinger for GBPUSD
[2026-06-19 10:34:00] [DEBUG] [hybrid_market_client] Fetching indicators for GBPUSD (method: QuantDinger)
[2026-06-19 10:34:00] [DEBUG] [market_client] Candles GBPUSD 4H: 100 bars ✓
[2026-06-19 10:34:00] [DEBUG] [hybrid_market_client] ✓ Got real data from QuantDinger for GBPUSD
[2026-06-19 10:34:00] [DEBUG] [hybrid_market_client] Fetching indicators for GBPUSD (method: QuantDinger)
[2026-06-19 10:34:00] [DEBUG] [market_client] Using cached candles for GBPUSD H4 (age: 0s)
[2026-06-19 10:34:00] [DEBUG] [hybrid_market_client] ✓ Got real data from QuantDinger for GBPUSD
[2026-06-19 10:34:00] [DEBUG] [hybrid_market_client] Fetching indicators for GBPUSD (method: QuantDinger)
[2026-06-19 10:34:00] [DEBUG] [market_client] Using cached candles for GBPUSD H1 (age: 0s)
[2026-06-19 10:34:00] [DEBUG] [hybrid_market_client] ✓ Got real data from QuantDinger for GBPUSD
[2026-06-19 10:34:00] [DEBUG] [hybrid_market_client] Fetching indicators for GBPUSD (method: QuantDinger)
[2026-06-19 10:34:00] [DEBUG] [market_client] Using cached candles for GBPUSD M15 (age: 0s)
[2026-06-19 10:34:00] [DEBUG] [hybrid_market_client] ✓ Got real data from QuantDinger for GBPUSD
[2026-06-19 10:34:00] [DEBUG] [hybrid_market_client] Fetching indicators for GBPUSD (method: QuantDinger)
[2026-06-19 10:34:00] [DEBUG] [market_client] Using cached candles for GBPUSD H4 (age: 0s)
[2026-06-19 10:34:00] [DEBUG] [hybrid_market_client] ✓ Got real data from QuantDinger for GBPUSD
[2026-06-19 10:34:00] [DEBUG] [hybrid_market_client] Fetching indicators for GBPUSD (method: QuantDinger)
[2026-06-19 10:34:00] [DEBUG] [market_client] Using cached candles for GBPUSD H1 (age: 0s)
[2026-06-19 10:34:00] [DEBUG] [hybrid_market_client] ✓ Got real data from QuantDinger for GBPUSD
[2026-06-19 10:34:00] [DEBUG] [hybrid_market_client] Fetching indicators for GBPUSD (method: QuantDinger)
[2026-06-19 10:34:00] [DEBUG] [market_client] Using cached candles for GBPUSD M15 (age: 0s)
[2026-06-19 10:34:00] [DEBUG] [hybrid_market_client] ✓ Got real data from QuantDinger for GBPUSD
[2026-06-19 10:34:00] [INFO] [mtf] MTF_VERIFY GBPUSD: TIMEFRAME=H4 candles=1 last_ts= last_close=1.319713830947876 RSI=13.39 ATR=0.003835 MACD=-0.008659 | TIMEFRAME=H1 candles=1 last_ts= last_close=1.319713830947876 RSI=13.39 ATR=0.003835 MACD=-0.008659 | TIMEFRAME=M15 candles=1 last_ts= last_close=1.319713830947876 RSI=13.39 ATR=0.003835 MACD=-0.008659
[2026-06-19 10:34:00] [INFO] [mtf] MTF GBPUSD: H4=bearish H1=bullish M15=bullish aligned=True (weak)
[2026-06-19 10:34:00] [DEBUG] [hybrid_market_client] Fetching indicators for GBPUSD (method: QuantDinger)
[2026-06-19 10:34:00] [DEBUG] [market_client] Using cached candles for GBPUSD H4 (age: 0s)
[2026-06-19 10:34:00] [DEBUG] [hybrid_market_client] ✓ Got real data from QuantDinger for GBPUSD
[2026-06-19 10:34:00] [DEBUG] [hybrid_market_client] Fetching indicators for GBPUSD (method: QuantDinger)
[2026-06-19 10:34:00] [DEBUG] [market_client] Using cached candles for GBPUSD H1 (age: 0s)
[2026-06-19 10:34:00] [DEBUG] [hybrid_market_client] ✓ Got real data from QuantDinger for GBPUSD
[2026-06-19 10:34:00] [DEBUG] [hybrid_market_client] Fetching indicators for GBPUSD (method: QuantDinger)
[2026-06-19 10:34:00] [DEBUG] [market_client] Using cached candles for GBPUSD H1 (age: 0s)
[2026-06-19 10:34:00] [DEBUG] [hybrid_market_client] ✓ Got real data from QuantDinger for GBPUSD
[2026-06-19 10:34:00] [DEBUG] [hybrid_market_client] Fetching indicators for GBPUSD (method: QuantDinger)
[2026-06-19 10:34:00] [DEBUG] [market_client] Using cached candles for GBPUSD H4 (age: 0s)
[2026-06-19 10:34:00] [DEBUG] [hybrid_market_client] ✓ Got real data from QuantDinger for GBPUSD
[2026-06-19 10:34:00] [DEBUG] [hybrid_market_client] Fetching indicators for GBPUSD (method: QuantDinger)
[2026-06-19 10:34:00] [DEBUG] [market_client] Using cached candles for GBPUSD H1 (age: 0s)
[2026-06-19 10:34:00] [DEBUG] [hybrid_market_client] ✓ Got real data from QuantDinger for GBPUSD
[2026-06-19 10:34:00] [DEBUG] [hybrid_market_client] Fetching indicators for GBPUSD (method: QuantDinger)
[2026-06-19 10:34:00] [DEBUG] [market_client] Candles GBPUSD 4H: 100 bars ✓
[2026-06-19 10:34:00] [DEBUG] [hybrid_market_client] ✓ Got real data from QuantDinger for GBPUSD
[2026-06-19 10:34:00] [DEBUG] [hybrid_market_client] Fetching indicators for GBPUSD (method: QuantDinger)
[2026-06-19 10:34:00] [DEBUG] [market_client] Using cached candles for GBPUSD 4H (age: 0s)
[2026-06-19 10:34:00] [DEBUG] [hybrid_market_client] ✓ Got real data from QuantDinger for GBPUSD
[2026-06-19 10:34:00] [INFO] [sltp] SL/TP GBPUSD: entry=1.319713830947876 atr=0.00383 sl=1.31396 tp=1.3293
[2026-06-19 10:34:00] [INFO] [position_sizing] Position size: 0.5 (equity=73516, risk=0.001, sl_dist=0.00575, score=46, cons_loss=0)
[2026-06-19 10:34:00] [DEBUG] [market_client] Using cached candles for GBPUSD 4H (age: 0s)
[2026-06-19 10:34:00] [DEBUG] [xgboost_v2] V2 predict: rsi=13.4 atr=0.00383 regime=TRENDING session=london dir=BUY -> p_win=0.752
[2026-06-19 10:34:00] [INFO] [main] GBPUSD ML v2 p_win=0.752 available=True
[2026-06-19 10:34:00] [INFO] [main] GBPUSD: size adjusted by ML confidence -> 0.6 (multiplier=1.2)
[2026-06-19 10:34:00] [DEBUG] [qd_client] Opening trade payload: GBPUSD BUY volume=0.6
[2026-06-19 10:34:00] [ERROR] [qd_client] Trade failed: {'success': False, 'error': 'Order rejected: Unsupported filling mode'}
[2026-06-19 10:34:00] [DEBUG] [qd_client] Opening trade payload: GBPUSD BUY volume=0.6
[2026-06-19 10:34:00] [ERROR] [qd_client] Trade failed: {'success': False, 'error': 'Order rejected: Unsupported filling mode'}
[2026-06-19 10:34:00] [DEBUG] [qd_client] Opening trade payload: GBPUSD BUY volume=0.6
[2026-06-19 10:34:00] [ERROR] [qd_client] Trade failed: {'success': False, 'error': 'Order rejected: Unsupported filling mode'}
[2026-06-19 10:34:00] [INFO] [sltp] SL/TP GBPUSD: entry=0.0 atr=0.00383 sl=-0.00575 tp=0.00959
[2026-06-19 10:34:00] [INFO] [main] Trade opened: GBPUSD BUY size=0.6 id=3
[2026-06-19 10:34:01] [INFO] [main] Sleeping 1800s...
[2026-06-19 22:53:10] [INFO] [main] Trading Bot V3 starting...
[2026-06-19 22:53:10] [INFO] [database] V3 Database initialized with all tables
[2026-06-19 22:53:10] [INFO] [qd_client] Logged in to QuantDinger
[2026-06-19 22:53:10] [INFO] [qd_client] MT5 connected
[2026-06-19 22:53:10] [INFO] [main] MT5 connected
[2026-06-19 22:53:10] [INFO] [telegram_bot] Telegram polling started
[2026-06-19 22:53:10] [INFO] [telegram_bot] Telegram bot V3 started
[2026-06-19 22:53:10] [INFO] [mt5_watchdog] MT5 watchdog started (V1 reconnect logic)
[2026-06-19 22:53:10] [INFO] [reconciliation] Reconciliation loop started (every 60s)
[2026-06-19 22:53:10] [INFO] [reconciliation] Reconciliation thread started
[2026-06-19 22:53:11] [INFO] [main] ==================================================
[2026-06-19 22:53:11] [INFO] [main] Cycle 1 at 22:53:11
[2026-06-19 22:53:21] [INFO] [news_fetcher] Fetched 1 relevant news items
[2026-06-19 22:53:21] [INFO] [main] Equity: 73516.00$ | News: 1
[2026-06-19 22:53:21] [INFO] [main] --- EURUSD ---
[2026-06-19 22:53:25] [INFO] [deepseek] AI analysis EURUSD: bias=neutral score=15.0 conf=0.30
[2026-06-19 22:53:25] [DEBUG] [signal_engine] Signal: NEUTRAL score=15.0 conf=0.30 strength=ضعيف valid=False
[2026-06-19 22:53:25] [DEBUG] [hybrid_market_client] Fetching indicators for EURUSD (method: QuantDinger)
[2026-06-19 22:53:25] [DEBUG] [market_client] Candles EURUSD 4H: 100 bars ✓
[2026-06-19 22:53:25] [DEBUG] [hybrid_market_client] ✓ Got real data from QuantDinger for EURUSD
[2026-06-19 22:53:25] [DEBUG] [hybrid_market_client] Fetching indicators for EURUSD (method: QuantDinger)
[2026-06-19 22:53:25] [DEBUG] [market_client] Candles EURUSD 4H: 100 bars ✓
[2026-06-19 22:53:25] [DEBUG] [hybrid_market_client] ✓ Got real data from QuantDinger for EURUSD
[2026-06-19 22:53:25] [DEBUG] [hybrid_market_client] Fetching indicators for EURUSD (method: QuantDinger)
[2026-06-19 22:53:25] [DEBUG] [market_client] Candles EURUSD 4H: 100 bars ✓
[2026-06-19 22:53:25] [DEBUG] [hybrid_market_client] ✓ Got real data from QuantDinger for EURUSD
[2026-06-19 22:53:25] [DEBUG] [hybrid_market_client] Fetching indicators for EURUSD (method: QuantDinger)
[2026-06-19 22:53:25] [DEBUG] [market_client] Using cached candles for EURUSD H4 (age: 0s)
[2026-06-19 22:53:25] [DEBUG] [hybrid_market_client] ✓ Got real data from QuantDinger for EURUSD
[2026-06-19 22:53:25] [DEBUG] [hybrid_market_client] Fetching indicators for EURUSD (method: QuantDinger)
[2026-06-19 22:53:25] [DEBUG] [market_client] Using cached candles for EURUSD H1 (age: 0s)
[2026-06-19 22:53:25] [DEBUG] [hybrid_market_client] ✓ Got real data from QuantDinger for EURUSD
[2026-06-19 22:53:25] [DEBUG] [hybrid_market_client] Fetching indicators for EURUSD (method: QuantDinger)
[2026-06-19 22:53:25] [DEBUG] [market_client] Using cached candles for EURUSD M15 (age: 0s)
[2026-06-19 22:53:25] [DEBUG] [hybrid_market_client] ✓ Got real data from QuantDinger for EURUSD
[2026-06-19 22:53:25] [DEBUG] [hybrid_market_client] Fetching indicators for EURUSD (method: QuantDinger)
[2026-06-19 22:53:25] [DEBUG] [market_client] Using cached candles for EURUSD H4 (age: 0s)
[2026-06-19 22:53:25] [DEBUG] [hybrid_market_client] ✓ Got real data from QuantDinger for EURUSD
[2026-06-19 22:53:25] [DEBUG] [hybrid_market_client] Fetching indicators for EURUSD (method: QuantDinger)
[2026-06-19 22:53:25] [DEBUG] [market_client] Using cached candles for EURUSD H1 (age: 0s)
[2026-06-19 22:53:25] [DEBUG] [hybrid_market_client] ✓ Got real data from QuantDinger for EURUSD
[2026-06-19 22:53:25] [DEBUG] [hybrid_market_client] Fetching indicators for EURUSD (method: QuantDinger)
[2026-06-19 22:53:25] [DEBUG] [market_client] Using cached candles for EURUSD M15 (age: 0s)
[2026-06-19 22:53:25] [DEBUG] [hybrid_market_client] ✓ Got real data from QuantDinger for EURUSD
[2026-06-19 22:53:25] [INFO] [mtf] MTF_VERIFY EURUSD: TIMEFRAME=H4 candles=1 last_ts= last_close=1.1478420495986938 RSI=28.59 ATR=0.002898 MACD=-0.006207 | TIMEFRAME=H1 candles=1 last_ts= last_close=1.1478420495986938 RSI=28.59 ATR=0.002898 MACD=-0.006207 | TIMEFRAME=M15 candles=1 last_ts= last_close=1.1478420495986938 RSI=28.59 ATR=0.002898 MACD=-0.006207
[2026-06-19 22:53:25] [INFO] [mtf] MTF EURUSD: H4=bearish H1=bullish M15=bullish aligned=True (weak)
[2026-06-19 22:53:25] [DEBUG] [hybrid_market_client] Fetching indicators for EURUSD (method: QuantDinger)
[2026-06-19 22:53:25] [DEBUG] [market_client] Using cached candles for EURUSD H4 (age: 0s)
[2026-06-19 22:53:25] [DEBUG] [hybrid_market_client] ✓ Got real data from QuantDinger for EURUSD
[2026-06-19 22:53:25] [DEBUG] [hybrid_market_client] Fetching indicators for EURUSD (method: QuantDinger)
[2026-06-19 22:53:25] [DEBUG] [market_client] Using cached candles for EURUSD H1 (age: 0s)
[2026-06-19 22:53:25] [DEBUG] [hybrid_market_client] ✓ Got real data from QuantDinger for EURUSD
[2026-06-19 22:53:25] [DEBUG] [hybrid_market_client] Fetching indicators for EURUSD (method: QuantDinger)
[2026-06-19 22:53:25] [DEBUG] [market_client] Using cached candles for EURUSD H1 (age: 0s)
[2026-06-19 22:53:25] [DEBUG] [hybrid_market_client] ✓ Got real data from QuantDinger for EURUSD
[2026-06-19 22:53:25] [DEBUG] [hybrid_market_client] Fetching indicators for EURUSD (method: QuantDinger)
[2026-06-19 22:53:25] [DEBUG] [market_client] Using cached candles for EURUSD H4 (age: 0s)
[2026-06-19 22:53:25] [DEBUG] [hybrid_market_client] ✓ Got real data from QuantDinger for EURUSD
[2026-06-19 22:53:25] [DEBUG] [hybrid_market_client] Fetching indicators for EURUSD (method: QuantDinger)
[2026-06-19 22:53:25] [DEBUG] [market_client] Using cached candles for EURUSD H1 (age: 0s)
[2026-06-19 22:53:25] [DEBUG] [hybrid_market_client] ✓ Got real data from QuantDinger for EURUSD
[2026-06-19 22:53:25] [INFO] [main] --- XAUUSD ---
[2026-06-19 22:53:29] [INFO] [deepseek] AI analysis XAUUSD: bias=neutral score=30.0 conf=0.30
[2026-06-19 22:53:29] [DEBUG] [signal_engine] Signal: NEUTRAL score=30.0 conf=0.30 strength=ضعيف valid=False
[2026-06-19 22:53:29] [DEBUG] [hybrid_market_client] Fetching indicators for XAUUSD (method: QuantDinger)
[2026-06-19 22:53:29] [DEBUG] [market_client] Candles XAUUSD 4H: 100 bars ✓
[2026-06-19 22:53:29] [DEBUG] [hybrid_market_client] ✓ Got real data from QuantDinger for XAUUSD
[2026-06-19 22:53:29] [DEBUG] [hybrid_market_client] Fetching indicators for XAUUSD (method: QuantDinger)
[2026-06-19 22:53:29] [DEBUG] [market_client] Candles XAUUSD 4H: 100 bars ✓
[2026-06-19 22:53:29] [DEBUG] [hybrid_market_client] ✓ Got real data from QuantDinger for XAUUSD
[2026-06-19 22:53:29] [DEBUG] [hybrid_market_client] Fetching indicators for XAUUSD (method: QuantDinger)
[2026-06-19 22:53:29] [DEBUG] [market_client] Candles XAUUSD 4H: 100 bars ✓
[2026-06-19 22:53:29] [DEBUG] [hybrid_market_client] ✓ Got real data from QuantDinger for XAUUSD
[2026-06-19 22:53:29] [DEBUG] [hybrid_market_client] Fetching indicators for XAUUSD (method: QuantDinger)
[2026-06-19 22:53:29] [DEBUG] [market_client] Using cached candles for XAUUSD H4 (age: 0s)
[2026-06-19 22:53:29] [DEBUG] [hybrid_market_client] ✓ Got real data from QuantDinger for XAUUSD
[2026-06-19 22:53:29] [DEBUG] [hybrid_market_client] Fetching indicators for XAUUSD (method: QuantDinger)
[2026-06-19 22:53:29] [DEBUG] [market_client] Using cached candles for XAUUSD H1 (age: 0s)
[2026-06-19 22:53:29] [DEBUG] [hybrid_market_client] ✓ Got real data from QuantDinger for XAUUSD
[2026-06-19 22:53:29] [DEBUG] [hybrid_market_client] Fetching indicators for XAUUSD (method: QuantDinger)
[2026-06-19 22:53:29] [DEBUG] [market_client] Using cached candles for XAUUSD M15 (age: 0s)
[2026-06-19 22:53:29] [DEBUG] [hybrid_market_client] ✓ Got real data from QuantDinger for XAUUSD
[2026-06-19 22:53:29] [DEBUG] [hybrid_market_client] Fetching indicators for XAUUSD (method: QuantDinger)
[2026-06-19 22:53:29] [DEBUG] [market_client] Using cached candles for XAUUSD H4 (age: 0s)
[2026-06-19 22:53:29] [DEBUG] [hybrid_market_client] ✓ Got real data from QuantDinger for XAUUSD
[2026-06-19 22:53:29] [DEBUG] [hybrid_market_client] Fetching indicators for XAUUSD (method: QuantDinger)
[2026-06-19 22:53:29] [DEBUG] [market_client] Using cached candles for XAUUSD H1 (age: 0s)
[2026-06-19 22:53:29] [DEBUG] [hybrid_market_client] ✓ Got real data from QuantDinger for XAUUSD
[2026-06-19 22:53:29] [DEBUG] [hybrid_market_client] Fetching indicators for XAUUSD (method: QuantDinger)
[2026-06-19 22:53:29] [DEBUG] [market_client] Using cached candles for XAUUSD M15 (age: 0s)
[2026-06-19 22:53:29] [DEBUG] [hybrid_market_client] ✓ Got real data from QuantDinger for XAUUSD
[2026-06-19 22:53:29] [INFO] [mtf] MTF_VERIFY XAUUSD: TIMEFRAME=H4 candles=1 last_ts= last_close=4167.5 RSI=28.7 ATR=46.514265 MACD=-36.515359 | TIMEFRAME=H1 candles=1 last_ts= last_close=4167.5 RSI=28.7 ATR=46.514265 MACD=-36.515359 | TIMEFRAME=M15 candles=1 last_ts= last_close=4167.5 RSI=28.7 ATR=46.514265 MACD=-36.515359
[2026-06-19 22:53:29] [INFO] [mtf] MTF XAUUSD: H4=bearish H1=bullish M15=bullish aligned=True (weak)
[2026-06-19 22:53:29] [DEBUG] [hybrid_market_client] Fetching indicators for XAUUSD (method: QuantDinger)
[2026-06-19 22:53:29] [DEBUG] [market_client] Using cached candles for XAUUSD H4 (age: 0s)
[2026-06-19 22:53:29] [DEBUG] [hybrid_market_client] ✓ Got real data from QuantDinger for XAUUSD
[2026-06-19 22:53:29] [DEBUG] [hybrid_market_client] Fetching indicators for XAUUSD (method: QuantDinger)
[2026-06-19 22:53:29] [DEBUG] [market_client] Using cached candles for XAUUSD H1 (age: 0s)
[2026-06-19 22:53:29] [DEBUG] [hybrid_market_client] ✓ Got real data from QuantDinger for XAUUSD
[2026-06-19 22:53:29] [DEBUG] [hybrid_market_client] Fetching indicators for XAUUSD (method: QuantDinger)
[2026-06-19 22:53:29] [DEBUG] [market_client] Using cached candles for XAUUSD H1 (age: 0s)
[2026-06-19 22:53:29] [DEBUG] [hybrid_market_client] ✓ Got real data from QuantDinger for XAUUSD
[2026-06-19 22:53:29] [DEBUG] [hybrid_market_client] Fetching indicators for XAUUSD (method: QuantDinger)
[2026-06-19 22:53:29] [DEBUG] [market_client] Using cached candles for XAUUSD H4 (age: 0s)
[2026-06-19 22:53:29] [DEBUG] [hybrid_market_client] ✓ Got real data from QuantDinger for XAUUSD
[2026-06-19 22:53:29] [DEBUG] [hybrid_market_client] Fetching indicators for XAUUSD (method: QuantDinger)
[2026-06-19 22:53:29] [DEBUG] [market_client] Using cached candles for XAUUSD H1 (age: 0s)
[2026-06-19 22:53:29] [DEBUG] [hybrid_market_client] ✓ Got real data from QuantDinger for XAUUSD
[2026-06-19 22:53:29] [INFO] [main] --- GBPUSD ---
[2026-06-19 22:53:33] [INFO] [deepseek] AI analysis GBPUSD: bias=neutral score=15.0 conf=0.20
[2026-06-19 22:53:33] [DEBUG] [signal_engine] Signal: NEUTRAL score=15.0 conf=0.20 strength=ضعيف valid=False
[2026-06-19 22:53:33] [DEBUG] [hybrid_market_client] Fetching indicators for GBPUSD (method: QuantDinger)
[2026-06-19 22:53:33] [DEBUG] [market_client] Candles GBPUSD 4H: 100 bars ✓
[2026-06-19 22:53:33] [DEBUG] [hybrid_market_client] ✓ Got real data from QuantDinger for GBPUSD
[2026-06-19 22:53:33] [DEBUG] [hybrid_market_client] Fetching indicators for GBPUSD (method: QuantDinger)
[2026-06-19 22:53:33] [DEBUG] [market_client] Candles GBPUSD 4H: 100 bars ✓
[2026-06-19 22:53:33] [DEBUG] [hybrid_market_client] ✓ Got real data from QuantDinger for GBPUSD
[2026-06-19 22:53:33] [DEBUG] [hybrid_market_client] Fetching indicators for GBPUSD (method: QuantDinger)
[2026-06-19 22:53:33] [DEBUG] [market_client] Candles GBPUSD 4H: 100 bars ✓
[2026-06-19 22:53:33] [DEBUG] [hybrid_market_client] ✓ Got real data from QuantDinger for GBPUSD
[2026-06-19 22:53:33] [DEBUG] [hybrid_market_client] Fetching indicators for GBPUSD (method: QuantDinger)
[2026-06-19 22:53:33] [DEBUG] [market_client] Using cached candles for GBPUSD H4 (age: 0s)
[2026-06-19 22:53:33] [DEBUG] [hybrid_market_client] ✓ Got real data from QuantDinger for GBPUSD
[2026-06-19 22:53:33] [DEBUG] [hybrid_market_client] Fetching indicators for GBPUSD (method: QuantDinger)
[2026-06-19 22:53:33] [DEBUG] [market_client] Using cached candles for GBPUSD H1 (age: 0s)
[2026-06-19 22:53:33] [DEBUG] [hybrid_market_client] ✓ Got real data from QuantDinger for GBPUSD
[2026-06-19 22:53:33] [DEBUG] [hybrid_market_client] Fetching indicators for GBPUSD (method: QuantDinger)
[2026-06-19 22:53:33] [DEBUG] [market_client] Using cached candles for GBPUSD M15 (age: 0s)
[2026-06-19 22:53:33] [DEBUG] [hybrid_market_client] ✓ Got real data from QuantDinger for GBPUSD
[2026-06-19 22:53:33] [DEBUG] [hybrid_market_client] Fetching indicators for GBPUSD (method: QuantDinger)
[2026-06-19 22:53:33] [DEBUG] [market_client] Using cached candles for GBPUSD H4 (age: 0s)
[2026-06-19 22:53:33] [DEBUG] [hybrid_market_client] ✓ Got real data from QuantDinger for GBPUSD
[2026-06-19 22:53:33] [DEBUG] [hybrid_market_client] Fetching indicators for GBPUSD (method: QuantDinger)
[2026-06-19 22:53:33] [DEBUG] [market_client] Using cached candles for GBPUSD H1 (age: 0s)
[2026-06-19 22:53:33] [DEBUG] [hybrid_market_client] ✓ Got real data from QuantDinger for GBPUSD
[2026-06-19 22:53:33] [DEBUG] [hybrid_market_client] Fetching indicators for GBPUSD (method: QuantDinger)
[2026-06-19 22:53:33] [DEBUG] [market_client] Using cached candles for GBPUSD M15 (age: 0s)
[2026-06-19 22:53:33] [DEBUG] [hybrid_market_client] ✓ Got real data from QuantDinger for GBPUSD
[2026-06-19 22:53:33] [INFO] [mtf] MTF_VERIFY GBPUSD: TIMEFRAME=H4 candles=1 last_ts= last_close=1.323486566543579 RSI=25.13 ATR=0.003974 MACD=-0.008908 | TIMEFRAME=H1 candles=1 last_ts= last_close=1.323486566543579 RSI=25.13 ATR=0.003974 MACD=-0.008908 | TIMEFRAME=M15 candles=1 last_ts= last_close=1.323486566543579 RSI=25.13 ATR=0.003974 MACD=-0.008908
[2026-06-19 22:53:33] [INFO] [mtf] MTF GBPUSD: H4=bearish H1=bullish M15=bullish aligned=True (weak)
[2026-06-19 22:53:33] [DEBUG] [hybrid_market_client] Fetching indicators for GBPUSD (method: QuantDinger)
[2026-06-19 22:53:33] [DEBUG] [market_client] Using cached candles for GBPUSD H4 (age: 0s)
[2026-06-19 22:53:33] [DEBUG] [hybrid_market_client] ✓ Got real data from QuantDinger for GBPUSD
[2026-06-19 22:53:33] [DEBUG] [hybrid_market_client] Fetching indicators for GBPUSD (method: QuantDinger)
[2026-06-19 22:53:33] [DEBUG] [market_client] Using cached candles for GBPUSD H1 (age: 0s)
[2026-06-19 22:53:33] [DEBUG] [hybrid_market_client] ✓ Got real data from QuantDinger for GBPUSD
[2026-06-19 22:53:33] [DEBUG] [hybrid_market_client] Fetching indicators for GBPUSD (method: QuantDinger)
[2026-06-19 22:53:33] [DEBUG] [market_client] Using cached candles for GBPUSD H1 (age: 0s)
[2026-06-19 22:53:33] [DEBUG] [hybrid_market_client] ✓ Got real data from QuantDinger for GBPUSD
[2026-06-19 22:53:33] [DEBUG] [hybrid_market_client] Fetching indicators for GBPUSD (method: QuantDinger)
[2026-06-19 22:53:33] [DEBUG] [market_client] Using cached candles for GBPUSD H4 (age: 0s)
[2026-06-19 22:53:33] [DEBUG] [hybrid_market_client] ✓ Got real data from QuantDinger for GBPUSD
[2026-06-19 22:53:33] [DEBUG] [hybrid_market_client] Fetching indicators for GBPUSD (method: QuantDinger)
[2026-06-19 22:53:33] [DEBUG] [market_client] Using cached candles for GBPUSD H1 (age: 0s)
[2026-06-19 22:53:33] [DEBUG] [hybrid_market_client] ✓ Got real data from QuantDinger for GBPUSD
[2026-06-19 22:53:33] [INFO] [main] Sleeping 1800s...
[2026-06-19 22:56:38] [INFO] [main] Trading Bot V3 starting...
[2026-06-19 22:56:38] [INFO] [database] V3 Database initialized with all tables
[2026-06-19 22:56:38] [INFO] [qd_client] Logged in to QuantDinger
[2026-06-19 22:56:38] [INFO] [qd_client] MT5 connected
[2026-06-19 22:56:38] [INFO] [main] MT5 connected
[2026-06-19 22:56:38] [INFO] [telegram_bot] Telegram polling started
[2026-06-19 22:56:38] [INFO] [telegram_bot] Telegram bot V3 started
[2026-06-19 22:56:38] [INFO] [mt5_watchdog] MT5 watchdog started (V1 reconnect logic)
[2026-06-19 22:56:38] [INFO] [reconciliation] Reconciliation loop started (every 60s)
[2026-06-19 22:56:38] [INFO] [reconciliation] Reconciliation thread started
[2026-06-19 22:56:39] [INFO] [main] ==================================================
[2026-06-19 22:56:39] [INFO] [main] Cycle 1 at 22:56:39
[2026-06-19 22:57:28] [INFO] [main] Trading Bot V3 starting...
[2026-06-19 22:57:28] [INFO] [database] V3 Database initialized with all tables
[2026-06-19 22:57:28] [INFO] [qd_client] Logged in to QuantDinger
[2026-06-19 22:57:28] [INFO] [qd_client] MT5 connected
[2026-06-19 22:57:28] [INFO] [main] MT5 connected
[2026-06-19 22:57:28] [INFO] [telegram_bot] Telegram polling started
[2026-06-19 22:57:28] [INFO] [telegram_bot] Telegram bot V3 started
[2026-06-19 22:57:28] [INFO] [mt5_watchdog] MT5 watchdog started (V1 reconnect logic)
[2026-06-19 22:57:28] [INFO] [reconciliation] Reconciliation loop started (every 60s)
[2026-06-19 22:57:28] [INFO] [reconciliation] Reconciliation thread started
[2026-06-19 22:57:29] [INFO] [main] ==================================================
[2026-06-19 22:57:29] [INFO] [main] Cycle 1 at 22:57:29
[2026-06-19 22:57:38] [INFO] [news_fetcher] Fetched 1 relevant news items
[2026-06-19 22:57:38] [INFO] [main] Equity: 73516.00$ | News: 1
[2026-06-19 22:57:38] [INFO] [main] --- EURUSD ---
[2026-06-19 22:57:41] [INFO] [deepseek] AI analysis EURUSD: bias=neutral score=30.0 conf=0.30
[2026-06-19 22:57:41] [DEBUG] [signal_engine] Signal: NEUTRAL score=30.0 conf=0.30 strength=ضعيف valid=False
[2026-06-19 22:57:41] [DEBUG] [hybrid_market_client] Fetching indicators for EURUSD (method: QuantDinger)
[2026-06-19 22:57:41] [DEBUG] [market_client] Candles EURUSD 4H: 100 bars ✓
[2026-06-19 22:57:41] [DEBUG] [hybrid_market_client] ✓ Got real data from QuantDinger for EURUSD
[2026-06-19 22:57:41] [DEBUG] [hybrid_market_client] Fetching indicators for EURUSD (method: QuantDinger)
[2026-06-19 22:57:41] [DEBUG] [market_client] Candles EURUSD 4H: 100 bars ✓
[2026-06-19 22:57:41] [DEBUG] [hybrid_market_client] ✓ Got real data from QuantDinger for EURUSD
[2026-06-19 22:57:41] [DEBUG] [hybrid_market_client] Fetching indicators for EURUSD (method: QuantDinger)
[2026-06-19 22:57:41] [DEBUG] [market_client] Candles EURUSD 4H: 100 bars ✓
[2026-06-19 22:57:41] [DEBUG] [hybrid_market_client] ✓ Got real data from QuantDinger for EURUSD
[2026-06-19 22:57:41] [DEBUG] [hybrid_market_client] Fetching indicators for EURUSD (method: QuantDinger)
[2026-06-19 22:57:41] [DEBUG] [market_client] Using cached candles for EURUSD H4 (age: 0s)
[2026-06-19 22:57:41] [DEBUG] [hybrid_market_client] ✓ Got real data from QuantDinger for EURUSD
[2026-06-19 22:57:41] [DEBUG] [hybrid_market_client] Fetching indicators for EURUSD (method: QuantDinger)
[2026-06-19 22:57:41] [DEBUG] [market_client] Using cached candles for EURUSD H1 (age: 0s)
[2026-06-19 22:57:41] [DEBUG] [hybrid_market_client] ✓ Got real data from QuantDinger for EURUSD
[2026-06-19 22:57:41] [DEBUG] [hybrid_market_client] Fetching indicators for EURUSD (method: QuantDinger)
[2026-06-19 22:57:41] [DEBUG] [market_client] Using cached candles for EURUSD M15 (age: 0s)
[2026-06-19 22:57:41] [DEBUG] [hybrid_market_client] ✓ Got real data from QuantDinger for EURUSD
[2026-06-19 22:57:41] [DEBUG] [hybrid_market_client] Fetching indicators for EURUSD (method: QuantDinger)
[2026-06-19 22:57:41] [DEBUG] [market_client] Using cached candles for EURUSD H4 (age: 0s)
[2026-06-19 22:57:41] [DEBUG] [hybrid_market_client] ✓ Got real data from QuantDinger for EURUSD
[2026-06-19 22:57:41] [DEBUG] [hybrid_market_client] Fetching indicators for EURUSD (method: QuantDinger)
[2026-06-19 22:57:41] [DEBUG] [market_client] Using cached candles for EURUSD H1 (age: 0s)
[2026-06-19 22:57:41] [DEBUG] [hybrid_market_client] ✓ Got real data from QuantDinger for EURUSD
[2026-06-19 22:57:41] [DEBUG] [hybrid_market_client] Fetching indicators for EURUSD (method: QuantDinger)
[2026-06-19 22:57:41] [DEBUG] [market_client] Using cached candles for EURUSD M15 (age: 0s)
[2026-06-19 22:57:41] [DEBUG] [hybrid_market_client] ✓ Got real data from QuantDinger for EURUSD
[2026-06-19 22:57:41] [INFO] [mtf] MTF_VERIFY EURUSD: TIMEFRAME=H4 candles=1 last_ts= last_close=1.1478420495986938 RSI=28.59 ATR=0.002898 MACD=-0.006207 | TIMEFRAME=H1 candles=1 last_ts= last_close=1.1478420495986938 RSI=28.59 ATR=0.002898 MACD=-0.006207 | TIMEFRAME=M15 candles=1 last_ts= last_close=1.1478420495986938 RSI=28.59 ATR=0.002898 MACD=-0.006207
[2026-06-19 22:57:41] [INFO] [mtf] MTF EURUSD: H4=bearish H1=bullish M15=bullish aligned=True (weak)
[2026-06-19 22:57:41] [DEBUG] [hybrid_market_client] Fetching indicators for EURUSD (method: QuantDinger)
[2026-06-19 22:57:41] [DEBUG] [market_client] Using cached candles for EURUSD H4 (age: 0s)
[2026-06-19 22:57:41] [DEBUG] [hybrid_market_client] ✓ Got real data from QuantDinger for EURUSD
[2026-06-19 22:57:41] [DEBUG] [hybrid_market_client] Fetching indicators for EURUSD (method: QuantDinger)
[2026-06-19 22:57:41] [DEBUG] [market_client] Using cached candles for EURUSD H1 (age: 0s)
[2026-06-19 22:57:41] [DEBUG] [hybrid_market_client] ✓ Got real data from QuantDinger for EURUSD
[2026-06-19 22:57:41] [DEBUG] [hybrid_market_client] Fetching indicators for EURUSD (method: QuantDinger)
[2026-06-19 22:57:41] [DEBUG] [market_client] Using cached candles for EURUSD H1 (age: 0s)
[2026-06-19 22:57:41] [DEBUG] [hybrid_market_client] ✓ Got real data from QuantDinger for EURUSD
[2026-06-19 22:57:41] [DEBUG] [hybrid_market_client] Fetching indicators for EURUSD (method: QuantDinger)
[2026-06-19 22:57:41] [DEBUG] [market_client] Using cached candles for EURUSD H4 (age: 0s)
[2026-06-19 22:57:41] [DEBUG] [hybrid_market_client] ✓ Got real data from QuantDinger for EURUSD
[2026-06-19 22:57:41] [DEBUG] [hybrid_market_client] Fetching indicators for EURUSD (method: QuantDinger)
[2026-06-19 22:57:41] [DEBUG] [market_client] Using cached candles for EURUSD H1 (age: 0s)
[2026-06-19 22:57:41] [DEBUG] [hybrid_market_client] ✓ Got real data from QuantDinger for EURUSD
[2026-06-19 22:57:41] [INFO] [main] --- XAUUSD ---
[2026-06-19 22:57:44] [INFO] [deepseek] AI analysis XAUUSD: bias=neutral score=25.0 conf=0.30
[2026-06-19 22:57:44] [DEBUG] [signal_engine] Signal: NEUTRAL score=25.0 conf=0.30 strength=ضعيف valid=False
[2026-06-19 22:57:44] [DEBUG] [hybrid_market_client] Fetching indicators for XAUUSD (method: QuantDinger)
[2026-06-19 22:57:44] [DEBUG] [market_client] Candles XAUUSD 4H: 100 bars ✓
[2026-06-19 22:57:44] [DEBUG] [hybrid_market_client] ✓ Got real data from QuantDinger for XAUUSD
[2026-06-19 22:57:44] [DEBUG] [hybrid_market_client] Fetching indicators for XAUUSD (method: QuantDinger)
[2026-06-19 22:57:44] [DEBUG] [market_client] Candles XAUUSD 4H: 100 bars ✓
[2026-06-19 22:57:44] [DEBUG] [hybrid_market_client] ✓ Got real data from QuantDinger for XAUUSD
[2026-06-19 22:57:44] [DEBUG] [hybrid_market_client] Fetching indicators for XAUUSD (method: QuantDinger)
[2026-06-19 22:57:44] [DEBUG] [market_client] Candles XAUUSD 4H: 100 bars ✓
[2026-06-19 22:57:44] [DEBUG] [hybrid_market_client] ✓ Got real data from QuantDinger for XAUUSD
[2026-06-19 22:57:44] [DEBUG] [hybrid_market_client] Fetching indicators for XAUUSD (method: QuantDinger)
[2026-06-19 22:57:44] [DEBUG] [market_client] Using cached candles for XAUUSD H4 (age: 0s)
[2026-06-19 22:57:44] [DEBUG] [hybrid_market_client] ✓ Got real data from QuantDinger for XAUUSD
[2026-06-19 22:57:44] [DEBUG] [hybrid_market_client] Fetching indicators for XAUUSD (method: QuantDinger)
[2026-06-19 22:57:44] [DEBUG] [market_client] Using cached candles for XAUUSD H1 (age: 0s)
[2026-06-19 22:57:44] [DEBUG] [hybrid_market_client] ✓ Got real data from QuantDinger for XAUUSD
[2026-06-19 22:57:44] [DEBUG] [hybrid_market_client] Fetching indicators for XAUUSD (method: QuantDinger)
[2026-06-19 22:57:44] [DEBUG] [market_client] Using cached candles for XAUUSD M15 (age: 0s)
[2026-06-19 22:57:44] [DEBUG] [hybrid_market_client] ✓ Got real data from QuantDinger for XAUUSD
[2026-06-19 22:57:44] [DEBUG] [hybrid_market_client] Fetching indicators for XAUUSD (method: QuantDinger)
[2026-06-19 22:57:44] [DEBUG] [market_client] Using cached candles for XAUUSD H4 (age: 0s)
[2026-06-19 22:57:44] [DEBUG] [hybrid_market_client] ✓ Got real data from QuantDinger for XAUUSD
[2026-06-19 22:57:44] [DEBUG] [hybrid_market_client] Fetching indicators for XAUUSD (method: QuantDinger)
[2026-06-19 22:57:44] [DEBUG] [market_client] Using cached candles for XAUUSD H1 (age: 0s)
[2026-06-19 22:57:44] [DEBUG] [hybrid_market_client] ✓ Got real data from QuantDinger for XAUUSD
[2026-06-19 22:57:44] [DEBUG] [hybrid_market_client] Fetching indicators for XAUUSD (method: QuantDinger)
[2026-06-19 22:57:44] [DEBUG] [market_client] Using cached candles for XAUUSD M15 (age: 0s)
[2026-06-19 22:57:44] [DEBUG] [hybrid_market_client] ✓ Got real data from QuantDinger for XAUUSD
[2026-06-19 22:57:44] [INFO] [mtf] MTF_VERIFY XAUUSD: TIMEFRAME=H4 candles=1 last_ts= last_close=4167.5 RSI=28.7 ATR=46.514265 MACD=-36.515359 | TIMEFRAME=H1 candles=1 last_ts= last_close=4167.5 RSI=28.7 ATR=46.514265 MACD=-36.515359 | TIMEFRAME=M15 candles=1 last_ts= last_close=4167.5 RSI=28.7 ATR=46.514265 MACD=-36.515359
[2026-06-19 22:57:44] [INFO] [mtf] MTF XAUUSD: H4=bearish H1=bullish M15=bullish aligned=True (weak)
[2026-06-19 22:57:44] [DEBUG] [hybrid_market_client] Fetching indicators for XAUUSD (method: QuantDinger)
[2026-06-19 22:57:44] [DEBUG] [market_client] Using cached candles for XAUUSD H4 (age: 0s)
[2026-06-19 22:57:44] [DEBUG] [hybrid_market_client] ✓ Got real data from QuantDinger for XAUUSD
[2026-06-19 22:57:44] [DEBUG] [hybrid_market_client] Fetching indicators for XAUUSD (method: QuantDinger)
[2026-06-19 22:57:44] [DEBUG] [market_client] Using cached candles for XAUUSD H1 (age: 0s)
[2026-06-19 22:57:44] [DEBUG] [hybrid_market_client] ✓ Got real data from QuantDinger for XAUUSD
[2026-06-19 22:57:44] [DEBUG] [hybrid_market_client] Fetching indicators for XAUUSD (method: QuantDinger)
[2026-06-19 22:57:44] [DEBUG] [market_client] Using cached candles for XAUUSD H1 (age: 0s)
[2026-06-19 22:57:44] [DEBUG] [hybrid_market_client] ✓ Got real data from QuantDinger for XAUUSD
[2026-06-19 22:57:44] [DEBUG] [hybrid_market_client] Fetching indicators for XAUUSD (method: QuantDinger)
[2026-06-19 22:57:44] [DEBUG] [market_client] Using cached candles for XAUUSD H4 (age: 0s)
[2026-06-19 22:57:44] [DEBUG] [hybrid_market_client] ✓ Got real data from QuantDinger for XAUUSD
[2026-06-19 22:57:44] [DEBUG] [hybrid_market_client] Fetching indicators for XAUUSD (method: QuantDinger)
[2026-06-19 22:57:44] [DEBUG] [market_client] Using cached candles for XAUUSD H1 (age: 0s)
[2026-06-19 22:57:44] [DEBUG] [hybrid_market_client] ✓ Got real data from QuantDinger for XAUUSD
[2026-06-19 22:57:44] [INFO] [main] --- GBPUSD ---
[2026-06-19 22:57:48] [INFO] [deepseek] AI analysis GBPUSD: bias=neutral score=15.0 conf=0.30
[2026-06-19 22:57:48] [DEBUG] [signal_engine] Signal: NEUTRAL score=15.0 conf=0.30 strength=ضعيف valid=False
[2026-06-19 22:57:48] [DEBUG] [hybrid_market_client] Fetching indicators for GBPUSD (method: QuantDinger)
[2026-06-19 22:57:48] [DEBUG] [market_client] Candles GBPUSD 4H: 100 bars ✓
[2026-06-19 22:57:48] [DEBUG] [hybrid_market_client] ✓ Got real data from QuantDinger for GBPUSD
[2026-06-19 22:57:48] [DEBUG] [hybrid_market_client] Fetching indicators for GBPUSD (method: QuantDinger)
[2026-06-19 22:57:48] [DEBUG] [market_client] Candles GBPUSD 4H: 100 bars ✓
[2026-06-19 22:57:48] [DEBUG] [hybrid_market_client] ✓ Got real data from QuantDinger for GBPUSD
[2026-06-19 22:57:48] [DEBUG] [hybrid_market_client] Fetching indicators for GBPUSD (method: QuantDinger)
[2026-06-19 22:57:48] [DEBUG] [market_client] Candles GBPUSD 4H: 100 bars ✓
[2026-06-19 22:57:48] [DEBUG] [hybrid_market_client] ✓ Got real data from QuantDinger for GBPUSD
[2026-06-19 22:57:48] [DEBUG] [hybrid_market_client] Fetching indicators for GBPUSD (method: QuantDinger)
[2026-06-19 22:57:48] [DEBUG] [market_client] Using cached candles for GBPUSD H4 (age: 0s)
[2026-06-19 22:57:48] [DEBUG] [hybrid_market_client] ✓ Got real data from QuantDinger for GBPUSD
[2026-06-19 22:57:48] [DEBUG] [hybrid_market_client] Fetching indicators for GBPUSD (method: QuantDinger)
[2026-06-19 22:57:48] [DEBUG] [market_client] Using cached candles for GBPUSD H1 (age: 0s)
[2026-06-19 22:57:48] [DEBUG] [hybrid_market_client] ✓ Got real data from QuantDinger for GBPUSD
[2026-06-19 22:57:48] [DEBUG] [hybrid_market_client] Fetching indicators for GBPUSD (method: QuantDinger)
[2026-06-19 22:57:48] [DEBUG] [market_client] Using cached candles for GBPUSD M15 (age: 0s)
[2026-06-19 22:57:48] [DEBUG] [hybrid_market_client] ✓ Got real data from QuantDinger for GBPUSD
[2026-06-19 22:57:48] [DEBUG] [hybrid_market_client] Fetching indicators for GBPUSD (method: QuantDinger)
[2026-06-19 22:57:48] [DEBUG] [market_client] Using cached candles for GBPUSD H4 (age: 0s)
[2026-06-19 22:57:48] [DEBUG] [hybrid_market_client] ✓ Got real data from QuantDinger for GBPUSD
[2026-06-19 22:57:48] [DEBUG] [hybrid_market_client] Fetching indicators for GBPUSD (method: QuantDinger)
[2026-06-19 22:57:48] [DEBUG] [market_client] Using cached candles for GBPUSD H1 (age: 0s)
[2026-06-19 22:57:48] [DEBUG] [hybrid_market_client] ✓ Got real data from QuantDinger for GBPUSD
[2026-06-19 22:57:48] [DEBUG] [hybrid_market_client] Fetching indicators for GBPUSD (method: QuantDinger)
[2026-06-19 22:57:48] [DEBUG] [market_client] Using cached candles for GBPUSD M15 (age: 0s)
[2026-06-19 22:57:48] [DEBUG] [hybrid_market_client] ✓ Got real data from QuantDinger for GBPUSD
[2026-06-19 22:57:48] [INFO] [mtf] MTF_VERIFY GBPUSD: TIMEFRAME=H4 candles=1 last_ts= last_close=1.323486566543579 RSI=25.13 ATR=0.003974 MACD=-0.008908 | TIMEFRAME=H1 candles=1 last_ts= last_close=1.323486566543579 RSI=25.13 ATR=0.003974 MACD=-0.008908 | TIMEFRAME=M15 candles=1 last_ts= last_close=1.323486566543579 RSI=25.13 ATR=0.003974 MACD=-0.008908
[2026-06-19 22:57:48] [INFO] [mtf] MTF GBPUSD: H4=bearish H1=bullish M15=bullish aligned=True (weak)
[2026-06-19 22:57:48] [DEBUG] [hybrid_market_client] Fetching indicators for GBPUSD (method: QuantDinger)
[2026-06-19 22:57:48] [DEBUG] [market_client] Using cached candles for GBPUSD H4 (age: 0s)
[2026-06-19 22:57:48] [DEBUG] [hybrid_market_client] ✓ Got real data from QuantDinger for GBPUSD
[2026-06-19 22:57:48] [DEBUG] [hybrid_market_client] Fetching indicators for GBPUSD (method: QuantDinger)
[2026-06-19 22:57:48] [DEBUG] [market_client] Using cached candles for GBPUSD H1 (age: 0s)
[2026-06-19 22:57:48] [DEBUG] [hybrid_market_client] ✓ Got real data from QuantDinger for GBPUSD
[2026-06-19 22:57:48] [DEBUG] [hybrid_market_client] Fetching indicators for GBPUSD (method: QuantDinger)
[2026-06-19 22:57:48] [DEBUG] [market_client] Using cached candles for GBPUSD H1 (age: 0s)
[2026-06-19 22:57:48] [DEBUG] [hybrid_market_client] ✓ Got real data from QuantDinger for GBPUSD
[2026-06-19 22:57:48] [DEBUG] [hybrid_market_client] Fetching indicators for GBPUSD (method: QuantDinger)
[2026-06-19 22:57:48] [DEBUG] [market_client] Using cached candles for GBPUSD H4 (age: 0s)
[2026-06-19 22:57:48] [DEBUG] [hybrid_market_client] ✓ Got real data from QuantDinger for GBPUSD
[2026-06-19 22:57:48] [DEBUG] [hybrid_market_client] Fetching indicators for GBPUSD (method: QuantDinger)
[2026-06-19 22:57:48] [DEBUG] [market_client] Using cached candles for GBPUSD H1 (age: 0s)
[2026-06-19 22:57:48] [DEBUG] [hybrid_market_client] ✓ Got real data from QuantDinger for GBPUSD
[2026-06-19 22:57:48] [INFO] [main] Sleeping 1800s...
[2026-06-19 23:02:20] [INFO] [qd_client] Logged in to QuantDinger
[2026-06-19 23:02:40] [INFO] [qd_client] Logged in to QuantDinger
[2026-06-19 23:03:12] [INFO] [qd_client] Logged in to QuantDinger
[2026-06-19 23:03:32] [INFO] [qd_client] Logged in to QuantDinger
[2026-06-19 23:07:58] [INFO] [qd_client] Logged in to QuantDinger
[2026-06-19 23:07:58] [DEBUG] [qd_client] Opening trade payload: XAUUSD BUY volume=0.1
[2026-06-19 23:07:58] [ERROR] [qd_client] Trade failed: {'success': False, 'error': 'Order rejected: Market closed'}
[2026-06-19 23:07:58] [DEBUG] [qd_client] Opening trade payload: XAUUSD BUY volume=0.1
[2026-06-19 23:07:58] [ERROR] [qd_client] Trade failed: {'success': False, 'error': 'Order rejected: Market closed'}
[2026-06-19 23:07:58] [DEBUG] [qd_client] Opening trade payload: XAUUSD BUY volume=0.1
[2026-06-19 23:07:58] [ERROR] [qd_client] Trade failed: {'success': False, 'error': 'Order rejected: Market closed'}
[2026-06-19 23:08:56] [INFO] [qd_client] Logged in to QuantDinger
[2026-06-19 23:08:56] [DEBUG] [qd_client] Opening trade payload: GBPUSD BUY volume=0.1
[2026-06-19 23:08:56] [ERROR] [qd_client] Trade failed: {'success': False, 'error': 'Order rejected: Unsupported filling mode'}
[2026-06-19 23:08:56] [DEBUG] [qd_client] Opening trade payload: GBPUSD BUY volume=0.1
[2026-06-19 23:08:56] [ERROR] [qd_client] Trade failed: {'success': False, 'error': 'Order rejected: Unsupported filling mode'}
[2026-06-19 23:08:56] [DEBUG] [qd_client] Opening trade payload: GBPUSD BUY volume=0.1
[2026-06-19 23:08:56] [ERROR] [qd_client] Trade failed: {'success': False, 'error': 'Order rejected: Unsupported filling mode'}
[2026-06-19 23:09:23] [INFO] [qd_client] Logged in to QuantDinger
[2026-06-19 23:09:23] [DEBUG] [qd_client] Opening trade payload: EURUSD BUY volume=0.1
[2026-06-19 23:09:23] [ERROR] [qd_client] Trade failed: {'success': False, 'error': 'Order rejected: Unsupported filling mode'}
[2026-06-19 23:09:23] [DEBUG] [qd_client] Opening trade payload: EURUSD BUY volume=0.1
[2026-06-19 23:09:23] [ERROR] [qd_client] Trade failed: {'success': False, 'error': 'Order rejected: Unsupported filling mode'}
[2026-06-19 23:09:23] [DEBUG] [qd_client] Opening trade payload: EURUSD BUY volume=0.1
[2026-06-19 23:09:23] [ERROR] [qd_client] Trade failed: {'success': False, 'error': 'Order rejected: Unsupported filling mode'}
[2026-06-19 23:13:32] [INFO] [qd_client] Logged in to QuantDinger
[2026-06-19 23:13:59] [INFO] [qd_client] Logged in to QuantDinger
