[2026-06-15 01:26:26] [INFO] [main] Trading Bot V3 starting...
[2026-06-15 01:26:26] [INFO] [database] V3 Database initialized with all tables
[2026-06-15 01:26:27] [INFO] [qd_client] Logged in to QuantDinger
[2026-06-15 01:26:27] [INFO] [qd_client] MT5 connected
[2026-06-15 01:26:27] [INFO] [main] MT5 connected
[2026-06-15 01:26:27] [INFO] [telegram_bot] Telegram polling started
[2026-06-15 01:26:27] [INFO] [telegram_bot] Telegram bot V3 started
[2026-06-15 01:26:27] [INFO] [mt5_watchdog] MT5 watchdog started
[2026-06-15 01:26:27] [INFO] [reconciliation] Reconciliation loop started (every 60s)
[2026-06-15 01:26:27] [INFO] [reconciliation] Reconciliation thread started
[2026-06-15 01:26:28] [INFO] [main] ==================================================
[2026-06-15 01:26:28] [INFO] [main] Cycle 1 at 01:26:28
[2026-06-15 01:26:33] [INFO] [news_fetcher] Fetched 9 relevant news items
[2026-06-15 01:26:33] [INFO] [main] Equity: 100000.00$ | News: 9
[2026-06-15 01:26:33] [INFO] [main] --- EURUSD ---
[2026-06-15 01:26:36] [INFO] [deepseek] AI analysis EURUSD: bias=bullish score=75.0 conf=0.80
[2026-06-15 01:26:36] [DEBUG] [signal_engine] Signal: BUY score=75.0 conf=0.80 valid=True
[2026-06-15 01:26:36] [WARNING] [retry] get_indicators attempt 1/3 failed: API error: {'code': 404, 'status': 'Not Found'}. Retrying in 2s
[2026-06-15 01:26:39] [WARNING] [retry] get_indicators attempt 2/3 failed: API error: {'code': 404, 'status': 'Not Found'}. Retrying in 4s
[2026-06-15 01:26:43] [ERROR] [retry] get_indicators failed after 3 attempts: API error: {'code': 404, 'status': 'Not Found'}
[2026-06-15 01:26:43] [ERROR] [main] Error processing EURUSD: API error: {'code': 404, 'status': 'Not Found'}
[2026-06-15 01:26:43] [INFO] [main] --- XAUUSD ---
[2026-06-15 01:26:46] [INFO] [deepseek] AI analysis XAUUSD: bias=bullish score=75.0 conf=0.80
[2026-06-15 01:26:46] [DEBUG] [signal_engine] Signal: BUY score=75.0 conf=0.80 valid=True
[2026-06-15 01:26:46] [INFO] [sentiment] Sentiment XAUUSD: bullish score=100 bull=2 bear=0
[2026-06-15 01:26:46] [WARNING] [retry] get_indicators attempt 1/3 failed: API error: {'code': 404, 'status': 'Not Found'}. Retrying in 2s
[2026-06-15 01:26:48] [WARNING] [retry] get_indicators attempt 2/3 failed: API error: {'code': 404, 'status': 'Not Found'}. Retrying in 4s
[2026-06-15 01:26:52] [ERROR] [retry] get_indicators failed after 3 attempts: API error: {'code': 404, 'status': 'Not Found'}
[2026-06-15 01:26:52] [ERROR] [main] Error processing XAUUSD: API error: {'code': 404, 'status': 'Not Found'}
[2026-06-15 01:26:52] [INFO] [main] --- GBPUSD ---
[2026-06-15 01:26:55] [INFO] [deepseek] AI analysis GBPUSD: bias=bullish score=75.0 conf=0.80
[2026-06-15 01:26:55] [DEBUG] [signal_engine] Signal: BUY score=75.0 conf=0.80 valid=True
[2026-06-15 01:26:55] [WARNING] [retry] get_indicators attempt 1/3 failed: API error: {'code': 404, 'status': 'Not Found'}. Retrying in 2s
[2026-06-15 01:26:57] [WARNING] [retry] get_indicators attempt 2/3 failed: API error: {'code': 404, 'status': 'Not Found'}. Retrying in 4s
[2026-06-15 01:27:02] [ERROR] [retry] get_indicators failed after 3 attempts: API error: {'code': 404, 'status': 'Not Found'}
[2026-06-15 01:27:02] [ERROR] [main] Error processing GBPUSD: API error: {'code': 404, 'status': 'Not Found'}
[2026-06-15 01:27:02] [INFO] [main] --- USDJPY ---
[2026-06-15 01:27:05] [INFO] [deepseek] AI analysis USDJPY: bias=bullish score=75.0 conf=0.80
[2026-06-15 01:27:05] [DEBUG] [signal_engine] Signal: BUY score=75.0 conf=0.80 valid=True
[2026-06-15 01:27:05] [INFO] [sentiment] Sentiment USDJPY: bearish score=100 bull=0 bear=2
[2026-06-15 01:27:05] [WARNING] [retry] get_indicators attempt 1/3 failed: API error: {'code': 404, 'status': 'Not Found'}. Retrying in 2s
[2026-06-15 01:27:07] [WARNING] [retry] get_indicators attempt 2/3 failed: API error: {'code': 404, 'status': 'Not Found'}. Retrying in 4s
[2026-06-15 01:27:11] [ERROR] [retry] get_indicators failed after 3 attempts: API error: {'code': 404, 'status': 'Not Found'}
[2026-06-15 01:27:11] [ERROR] [main] Error processing USDJPY: API error: {'code': 404, 'status': 'Not Found'}
[2026-06-15 01:27:11] [INFO] [main] Sleeping 1800s...
[2026-06-15 01:28:35] [ERROR] [telegram_bot] Polling error: 'NoneType' object has no attribute 'get'
[2026-06-15 01:28:51] [INFO] [news_fetcher] Fetched 9 relevant news items
[2026-06-15 01:47:40] [WARNING] [market_client] Indicators API error for EURUSD: {'code': 404, 'status': 'Not Found'}
[2026-06-15 01:47:40] [ERROR] [telegram_bot] Polling error: 'NoneType' object has no attribute 'get'
[2026-06-15 01:47:53] [INFO] [qd_client] Logged in to QuantDinger
[2026-06-15 01:48:04] [INFO] [news_fetcher] Fetched 9 relevant news items
[2026-06-15 01:48:07] [INFO] [deepseek] AI analysis EURUSD: bias=bullish score=75.0 conf=0.80
[2026-06-15 01:48:07] [WARNING] [market_client] Indicators API error for EURUSD: {'code': 404, 'status': 'Not Found'}
[2026-06-15 01:48:07] [WARNING] [indicators] No trend data for EURUSD, using neutral
[2026-06-15 01:48:07] [WARNING] [market_client] Indicators API error for EURUSD: {'code': 404, 'status': 'Not Found'}
[2026-06-15 01:48:07] [WARNING] [indicators] No trend data for EURUSD, using neutral
[2026-06-15 01:48:07] [WARNING] [market_client] Indicators API error for EURUSD: {'code': 404, 'status': 'Not Found'}
[2026-06-15 01:48:07] [WARNING] [indicators] No volatility data for EURUSD, using neutral
[2026-06-15 01:48:28] [INFO] [news_fetcher] Fetched 9 relevant news items
[2026-06-15 01:48:31] [INFO] [deepseek] AI analysis EURUSD: bias=bullish score=75.0 conf=0.80
[2026-06-15 01:48:31] [WARNING] [retry] get_indicators attempt 1/3 failed: API error: {'code': 404, 'status': 'Not Found'}. Retrying in 2s
[2026-06-15 01:48:33] [WARNING] [retry] get_indicators attempt 2/3 failed: API error: {'code': 404, 'status': 'Not Found'}. Retrying in 4s
[2026-06-15 01:48:37] [ERROR] [retry] get_indicators failed after 3 attempts: API error: {'code': 404, 'status': 'Not Found'}
[2026-06-15 01:49:27] [WARNING] [mt5_watchdog] MT5 disconnected! Attempt 1/3
[2026-06-15 01:50:06] [INFO] [main] Trading Bot V3 starting...
[2026-06-15 01:50:06] [INFO] [database] V3 Database initialized with all tables
[2026-06-15 01:50:06] [INFO] [qd_client] Logged in to QuantDinger
[2026-06-15 01:50:06] [INFO] [qd_client] MT5 connected
[2026-06-15 01:50:06] [INFO] [main] MT5 connected
[2026-06-15 01:50:06] [INFO] [telegram_bot] Telegram polling started
[2026-06-15 01:50:06] [INFO] [telegram_bot] Telegram bot V3 started
[2026-06-15 01:50:06] [INFO] [mt5_watchdog] MT5 watchdog started
[2026-06-15 01:50:06] [INFO] [reconciliation] Reconciliation loop started (every 60s)
[2026-06-15 01:50:06] [INFO] [reconciliation] Reconciliation thread started
[2026-06-15 01:50:07] [INFO] [main] ==================================================
[2026-06-15 01:50:07] [INFO] [main] Cycle 1 at 01:50:07
[2026-06-15 01:50:12] [INFO] [news_fetcher] Fetched 9 relevant news items
[2026-06-15 01:50:12] [INFO] [main] Equity: 100000.00$ | News: 9
[2026-06-15 01:50:12] [INFO] [main] --- EURUSD ---
[2026-06-15 01:50:15] [INFO] [deepseek] AI analysis EURUSD: bias=bullish score=75.0 conf=0.80
[2026-06-15 01:50:15] [DEBUG] [signal_engine] Signal: BUY score=75.0 conf=0.80 valid=True
[2026-06-15 01:50:15] [WARNING] [market_client] Indicators API error for EURUSD: {'code': 404, 'status': 'Not Found'}
[2026-06-15 01:50:15] [WARNING] [indicators] No trend data for EURUSD, using neutral
[2026-06-15 01:50:15] [WARNING] [market_client] Indicators API error for EURUSD: {'code': 404, 'status': 'Not Found'}
[2026-06-15 01:50:15] [WARNING] [indicators] No momentum data for EURUSD, using neutral
[2026-06-15 01:50:15] [WARNING] [market_client] Indicators API error for EURUSD: {'code': 404, 'status': 'Not Found'}
[2026-06-15 01:50:15] [WARNING] [indicators] No momentum data for EURUSD, using neutral
[2026-06-15 01:50:15] [INFO] [mtf] MTF EURUSD: H4=neutral H1=neutral M15=neutral aligned=False (weak)
[2026-06-15 01:50:15] [WARNING] [market_client] Indicators API error for EURUSD: {'code': 404, 'status': 'Not Found'}
[2026-06-15 01:50:15] [WARNING] [indicators] No trend data for EURUSD, using neutral
[2026-06-15 01:50:15] [WARNING] [market_client] Indicators API error for EURUSD: {'code': 404, 'status': 'Not Found'}
[2026-06-15 01:50:15] [WARNING] [indicators] No momentum data for EURUSD, using neutral
[2026-06-15 01:50:15] [WARNING] [market_client] Indicators API error for EURUSD: {'code': 404, 'status': 'Not Found'}
[2026-06-15 01:50:15] [WARNING] [indicators] No volatility data for EURUSD, using neutral
[2026-06-15 01:50:15] [WARNING] [market_client] Indicators API error for EURUSD: {'code': 404, 'status': 'Not Found'}
[2026-06-15 01:50:15] [WARNING] [indicators] No trend data for EURUSD, using neutral
[2026-06-15 01:50:15] [WARNING] [market_client] Indicators API error for EURUSD: {'code': 404, 'status': 'Not Found'}
[2026-06-15 01:50:15] [WARNING] [indicators] No volatility data for EURUSD, using neutral
[2026-06-15 01:50:15] [INFO] [voting_engine] EURUSD: MTF not aligned, reducing score
[2026-06-15 01:50:15] [INFO] [main] EURUSD: SKIP - Score 11.0 < 65
[2026-06-15 01:50:15] [INFO] [main] --- XAUUSD ---
[2026-06-15 01:50:18] [INFO] [deepseek] AI analysis XAUUSD: bias=bullish score=75.0 conf=0.80
[2026-06-15 01:50:18] [DEBUG] [signal_engine] Signal: BUY score=75.0 conf=0.80 valid=True
[2026-06-15 01:50:18] [INFO] [sentiment] Sentiment XAUUSD: bullish score=100 bull=2 bear=0
[2026-06-15 01:50:18] [WARNING] [market_client] Indicators API error for XAUUSD: {'code': 404, 'status': 'Not Found'}
[2026-06-15 01:50:18] [WARNING] [indicators] No trend data for XAUUSD, using neutral
[2026-06-15 01:50:18] [WARNING] [market_client] Indicators API error for XAUUSD: {'code': 404, 'status': 'Not Found'}
[2026-06-15 01:50:18] [WARNING] [indicators] No momentum data for XAUUSD, using neutral
[2026-06-15 01:50:18] [WARNING] [market_client] Indicators API error for XAUUSD: {'code': 404, 'status': 'Not Found'}
[2026-06-15 01:50:18] [WARNING] [indicators] No momentum data for XAUUSD, using neutral
[2026-06-15 01:50:18] [INFO] [mtf] MTF XAUUSD: H4=neutral H1=neutral M15=neutral aligned=False (weak)
[2026-06-15 01:50:18] [WARNING] [market_client] Indicators API error for XAUUSD: {'code': 404, 'status': 'Not Found'}
[2026-06-15 01:50:18] [WARNING] [indicators] No trend data for XAUUSD, using neutral
[2026-06-15 01:50:18] [WARNING] [market_client] Indicators API error for XAUUSD: {'code': 404, 'status': 'Not Found'}
[2026-06-15 01:50:18] [WARNING] [indicators] No momentum data for XAUUSD, using neutral
[2026-06-15 01:50:18] [WARNING] [market_client] Indicators API error for XAUUSD: {'code': 404, 'status': 'Not Found'}
[2026-06-15 01:50:18] [WARNING] [indicators] No volatility data for XAUUSD, using neutral
[2026-06-15 01:50:18] [WARNING] [market_client] Indicators API error for XAUUSD: {'code': 404, 'status': 'Not Found'}
[2026-06-15 01:50:18] [WARNING] [indicators] No trend data for XAUUSD, using neutral
[2026-06-15 01:50:18] [WARNING] [market_client] Indicators API error for XAUUSD: {'code': 404, 'status': 'Not Found'}
[2026-06-15 01:50:18] [WARNING] [indicators] No volatility data for XAUUSD, using neutral
[2026-06-15 01:50:18] [INFO] [voting_engine] XAUUSD: MTF not aligned, reducing score
[2026-06-15 01:50:18] [INFO] [main] XAUUSD: SKIP - Score 12.4 < 65
[2026-06-15 01:50:18] [INFO] [main] --- GBPUSD ---
[2026-06-15 01:50:20] [INFO] [deepseek] AI analysis GBPUSD: bias=bullish score=75.0 conf=0.80
[2026-06-15 01:50:20] [DEBUG] [signal_engine] Signal: BUY score=75.0 conf=0.80 valid=True
[2026-06-15 01:50:20] [WARNING] [market_client] Indicators API error for GBPUSD: {'code': 404, 'status': 'Not Found'}
[2026-06-15 01:50:20] [WARNING] [indicators] No trend data for GBPUSD, using neutral
[2026-06-15 01:50:20] [WARNING] [market_client] Indicators API error for GBPUSD: {'code': 404, 'status': 'Not Found'}
[2026-06-15 01:50:20] [WARNING] [indicators] No momentum data for GBPUSD, using neutral
[2026-06-15 01:50:20] [WARNING] [market_client] Indicators API error for GBPUSD: {'code': 404, 'status': 'Not Found'}
[2026-06-15 01:50:20] [WARNING] [indicators] No momentum data for GBPUSD, using neutral
[2026-06-15 01:50:20] [INFO] [mtf] MTF GBPUSD: H4=neutral H1=neutral M15=neutral aligned=False (weak)
[2026-06-15 01:50:20] [WARNING] [market_client] Indicators API error for GBPUSD: {'code': 404, 'status': 'Not Found'}
[2026-06-15 01:50:20] [WARNING] [indicators] No trend data for GBPUSD, using neutral
[2026-06-15 01:50:20] [WARNING] [market_client] Indicators API error for GBPUSD: {'code': 404, 'status': 'Not Found'}
[2026-06-15 01:50:20] [WARNING] [indicators] No momentum data for GBPUSD, using neutral
[2026-06-15 01:50:20] [WARNING] [market_client] Indicators API error for GBPUSD: {'code': 404, 'status': 'Not Found'}
[2026-06-15 01:50:20] [WARNING] [indicators] No volatility data for GBPUSD, using neutral
[2026-06-15 01:50:21] [WARNING] [market_client] Indicators API error for GBPUSD: {'code': 404, 'status': 'Not Found'}
[2026-06-15 01:50:21] [WARNING] [indicators] No trend data for GBPUSD, using neutral
[2026-06-15 01:50:21] [WARNING] [market_client] Indicators API error for GBPUSD: {'code': 404, 'status': 'Not Found'}
[2026-06-15 01:50:21] [WARNING] [indicators] No volatility data for GBPUSD, using neutral
[2026-06-15 01:50:21] [INFO] [voting_engine] GBPUSD: MTF not aligned, reducing score
[2026-06-15 01:50:21] [INFO] [main] GBPUSD: SKIP - Score 11.0 < 65
[2026-06-15 01:50:21] [INFO] [main] --- USDJPY ---
[2026-06-15 01:50:23] [INFO] [deepseek] AI analysis USDJPY: bias=bullish score=75.0 conf=0.80
[2026-06-15 01:50:23] [DEBUG] [signal_engine] Signal: BUY score=75.0 conf=0.80 valid=True
[2026-06-15 01:50:23] [INFO] [sentiment] Sentiment USDJPY: bearish score=100 bull=0 bear=2
[2026-06-15 01:50:23] [WARNING] [market_client] Indicators API error for USDJPY: {'code': 404, 'status': 'Not Found'}
[2026-06-15 01:50:23] [WARNING] [indicators] No trend data for USDJPY, using neutral
[2026-06-15 01:50:23] [WARNING] [market_client] Indicators API error for USDJPY: {'code': 404, 'status': 'Not Found'}
[2026-06-15 01:50:23] [WARNING] [indicators] No momentum data for USDJPY, using neutral
[2026-06-15 01:50:23] [WARNING] [market_client] Indicators API error for USDJPY: {'code': 404, 'status': 'Not Found'}
[2026-06-15 01:50:23] [WARNING] [indicators] No momentum data for USDJPY, using neutral
[2026-06-15 01:50:23] [INFO] [mtf] MTF USDJPY: H4=neutral H1=neutral M15=neutral aligned=False (weak)
[2026-06-15 01:50:23] [WARNING] [market_client] Indicators API error for USDJPY: {'code': 404, 'status': 'Not Found'}
[2026-06-15 01:50:23] [WARNING] [indicators] No trend data for USDJPY, using neutral
[2026-06-15 01:50:23] [WARNING] [market_client] Indicators API error for USDJPY: {'code': 404, 'status': 'Not Found'}
[2026-06-15 01:50:23] [WARNING] [indicators] No momentum data for USDJPY, using neutral
[2026-06-15 01:50:23] [WARNING] [market_client] Indicators API error for USDJPY: {'code': 404, 'status': 'Not Found'}
[2026-06-15 01:50:23] [WARNING] [indicators] No volatility data for USDJPY, using neutral
[2026-06-15 01:50:23] [WARNING] [market_client] Indicators API error for USDJPY: {'code': 404, 'status': 'Not Found'}
[2026-06-15 01:50:23] [WARNING] [indicators] No trend data for USDJPY, using neutral
[2026-06-15 01:50:23] [WARNING] [market_client] Indicators API error for USDJPY: {'code': 404, 'status': 'Not Found'}
[2026-06-15 01:50:23] [WARNING] [indicators] No volatility data for USDJPY, using neutral
[2026-06-15 01:50:23] [INFO] [voting_engine] USDJPY: MTF not aligned, reducing score
[2026-06-15 01:50:23] [INFO] [main] USDJPY: SKIP - Score 12.4 < 65
[2026-06-15 01:50:23] [INFO] [main] Sleeping 1800s...
[2026-06-15 01:50:54] [ERROR] [telegram_bot] Polling error: 'NoneType' object has no attribute 'get'
[2026-06-15 01:51:59] [INFO] [qd_client] Logged in to QuantDinger
[2026-06-15 01:52:23] [INFO] [database] V3 Database initialized with all tables
[2026-06-15 01:52:23] [INFO] [qd_client] Logged in to QuantDinger
[2026-06-15 01:52:23] [INFO] [test] MT5 connected: True
[2026-06-15 01:52:23] [INFO] [test] Equity: 100000.0
[2026-06-15 01:52:26] [INFO] [news_fetcher] Fetched 9 relevant news items
[2026-06-15 01:52:26] [INFO] [test] News for analysis: 9
[2026-06-15 01:52:26] [INFO] [test] --- EURUSD ---
[2026-06-15 01:52:29] [INFO] [deepseek] AI analysis EURUSD: bias=bullish score=75.0 conf=0.80
[2026-06-15 01:52:29] [DEBUG] [signal_engine] Signal: BUY score=75.0 conf=0.80 valid=True
[2026-06-15 01:52:29] [WARNING] [market_client] Indicators API error for EURUSD: {'code': 404, 'status': 'Not Found'}
[2026-06-15 01:52:29] [WARNING] [indicators] No trend data for EURUSD, using neutral
[2026-06-15 01:52:29] [WARNING] [market_client] Indicators API error for EURUSD: {'code': 404, 'status': 'Not Found'}
[2026-06-15 01:52:29] [WARNING] [indicators] No momentum data for EURUSD, using neutral
[2026-06-15 01:52:29] [WARNING] [market_client] Indicators API error for EURUSD: {'code': 404, 'status': 'Not Found'}
[2026-06-15 01:52:29] [WARNING] [indicators] No momentum data for EURUSD, using neutral
[2026-06-15 01:52:29] [INFO] [mtf] MTF EURUSD: H4=neutral H1=neutral M15=neutral aligned=False (weak)
[2026-06-15 01:52:29] [WARNING] [market_client] Indicators API error for EURUSD: {'code': 404, 'status': 'Not Found'}
[2026-06-15 01:52:29] [WARNING] [indicators] No trend data for EURUSD, using neutral
[2026-06-15 01:52:29] [WARNING] [market_client] Indicators API error for EURUSD: {'code': 404, 'status': 'Not Found'}
[2026-06-15 01:52:29] [WARNING] [indicators] No momentum data for EURUSD, using neutral
[2026-06-15 01:52:29] [WARNING] [market_client] Indicators API error for EURUSD: {'code': 404, 'status': 'Not Found'}
[2026-06-15 01:52:29] [WARNING] [indicators] No volatility data for EURUSD, using neutral
[2026-06-15 01:52:29] [WARNING] [market_client] Indicators API error for EURUSD: {'code': 404, 'status': 'Not Found'}
[2026-06-15 01:52:29] [WARNING] [indicators] No trend data for EURUSD, using neutral
[2026-06-15 01:52:29] [WARNING] [market_client] Indicators API error for EURUSD: {'code': 404, 'status': 'Not Found'}
[2026-06-15 01:52:29] [WARNING] [indicators] No volatility data for EURUSD, using neutral
[2026-06-15 01:52:29] [INFO] [test] EURUSD: AI=bullish(75.0) Trend=neutral(40) Regime=RANGING
[2026-06-15 01:52:29] [INFO] [test] --- XAUUSD ---
[2026-06-15 01:52:32] [INFO] [deepseek] AI analysis XAUUSD: bias=bullish score=75.0 conf=0.80
[2026-06-15 01:52:32] [DEBUG] [signal_engine] Signal: BUY score=75.0 conf=0.80 valid=True
[2026-06-15 01:52:32] [INFO] [sentiment] Sentiment XAUUSD: bullish score=100 bull=2 bear=0
[2026-06-15 01:52:32] [WARNING] [market_client] Indicators API error for XAUUSD: {'code': 404, 'status': 'Not Found'}
[2026-06-15 01:52:32] [WARNING] [indicators] No trend data for XAUUSD, using neutral
[2026-06-15 01:52:32] [WARNING] [market_client] Indicators API error for XAUUSD: {'code': 404, 'status': 'Not Found'}
[2026-06-15 01:52:32] [WARNING] [indicators] No momentum data for XAUUSD, using neutral
[2026-06-15 01:52:32] [WARNING] [market_client] Indicators API error for XAUUSD: {'code': 404, 'status': 'Not Found'}
[2026-06-15 01:52:32] [WARNING] [indicators] No momentum data for XAUUSD, using neutral
[2026-06-15 01:52:32] [INFO] [mtf] MTF XAUUSD: H4=neutral H1=neutral M15=neutral aligned=False (weak)
[2026-06-15 01:52:32] [WARNING] [market_client] Indicators API error for XAUUSD: {'code': 404, 'status': 'Not Found'}
[2026-06-15 01:52:32] [WARNING] [indicators] No trend data for XAUUSD, using neutral
[2026-06-15 01:52:32] [WARNING] [market_client] Indicators API error for XAUUSD: {'code': 404, 'status': 'Not Found'}
[2026-06-15 01:52:32] [WARNING] [indicators] No momentum data for XAUUSD, using neutral
[2026-06-15 01:52:32] [WARNING] [market_client] Indicators API error for XAUUSD: {'code': 404, 'status': 'Not Found'}
[2026-06-15 01:52:32] [WARNING] [indicators] No volatility data for XAUUSD, using neutral
[2026-06-15 01:52:32] [WARNING] [market_client] Indicators API error for XAUUSD: {'code': 404, 'status': 'Not Found'}
[2026-06-15 01:52:32] [WARNING] [indicators] No trend data for XAUUSD, using neutral
[2026-06-15 01:52:33] [WARNING] [market_client] Indicators API error for XAUUSD: {'code': 404, 'status': 'Not Found'}
[2026-06-15 01:52:33] [WARNING] [indicators] No volatility data for XAUUSD, using neutral
[2026-06-15 01:52:33] [INFO] [test] XAUUSD: AI=bullish(75.0) Trend=neutral(40) Regime=RANGING
[2026-06-15 01:52:33] [INFO] [test] --- GBPUSD ---
[2026-06-15 01:52:35] [INFO] [deepseek] AI analysis GBPUSD: bias=bullish score=75.0 conf=0.80
[2026-06-15 01:52:35] [DEBUG] [signal_engine] Signal: BUY score=75.0 conf=0.80 valid=True
[2026-06-15 01:52:35] [WARNING] [market_client] Indicators API error for GBPUSD: {'code': 404, 'status': 'Not Found'}
[2026-06-15 01:52:35] [WARNING] [indicators] No trend data for GBPUSD, using neutral
[2026-06-15 01:52:35] [WARNING] [market_client] Indicators API error for GBPUSD: {'code': 404, 'status': 'Not Found'}
[2026-06-15 01:52:35] [WARNING] [indicators] No momentum data for GBPUSD, using neutral
[2026-06-15 01:52:35] [WARNING] [market_client] Indicators API error for GBPUSD: {'code': 404, 'status': 'Not Found'}
[2026-06-15 01:52:35] [WARNING] [indicators] No momentum data for GBPUSD, using neutral
[2026-06-15 01:52:35] [INFO] [mtf] MTF GBPUSD: H4=neutral H1=neutral M15=neutral aligned=False (weak)
[2026-06-15 01:52:35] [WARNING] [market_client] Indicators API error for GBPUSD: {'code': 404, 'status': 'Not Found'}
[2026-06-15 01:52:35] [WARNING] [indicators] No trend data for GBPUSD, using neutral
[2026-06-15 01:52:35] [WARNING] [market_client] Indicators API error for GBPUSD: {'code': 404, 'status': 'Not Found'}
[2026-06-15 01:52:35] [WARNING] [indicators] No momentum data for GBPUSD, using neutral
[2026-06-15 01:52:35] [WARNING] [market_client] Indicators API error for GBPUSD: {'code': 404, 'status': 'Not Found'}
[2026-06-15 01:52:35] [WARNING] [indicators] No volatility data for GBPUSD, using neutral
[2026-06-15 01:52:35] [WARNING] [market_client] Indicators API error for GBPUSD: {'code': 404, 'status': 'Not Found'}
[2026-06-15 01:52:35] [WARNING] [indicators] No trend data for GBPUSD, using neutral
[2026-06-15 01:52:35] [WARNING] [market_client] Indicators API error for GBPUSD: {'code': 404, 'status': 'Not Found'}
[2026-06-15 01:52:35] [WARNING] [indicators] No volatility data for GBPUSD, using neutral
[2026-06-15 01:52:35] [INFO] [test] GBPUSD: AI=bullish(75.0) Trend=neutral(40) Regime=RANGING
[2026-06-15 01:52:35] [INFO] [test] --- USDJPY ---
[2026-06-15 01:52:39] [INFO] [deepseek] AI analysis USDJPY: bias=bullish score=75.0 conf=0.80
[2026-06-15 01:52:39] [DEBUG] [signal_engine] Signal: BUY score=75.0 conf=0.80 valid=True
[2026-06-15 01:52:39] [INFO] [sentiment] Sentiment USDJPY: bearish score=100 bull=0 bear=2
[2026-06-15 01:52:39] [WARNING] [market_client] Indicators API error for USDJPY: {'code': 404, 'status': 'Not Found'}
[2026-06-15 01:52:39] [WARNING] [indicators] No trend data for USDJPY, using neutral
[2026-06-15 01:52:39] [WARNING] [market_client] Indicators API error for USDJPY: {'code': 404, 'status': 'Not Found'}
[2026-06-15 01:52:39] [WARNING] [indicators] No momentum data for USDJPY, using neutral
[2026-06-15 01:52:39] [WARNING] [market_client] Indicators API error for USDJPY: {'code': 404, 'status': 'Not Found'}
[2026-06-15 01:52:39] [WARNING] [indicators] No momentum data for USDJPY, using neutral
[2026-06-15 01:52:39] [INFO] [mtf] MTF USDJPY: H4=neutral H1=neutral M15=neutral aligned=False (weak)
[2026-06-15 01:52:39] [WARNING] [market_client] Indicators API error for USDJPY: {'code': 404, 'status': 'Not Found'}
[2026-06-15 01:52:39] [WARNING] [indicators] No trend data for USDJPY, using neutral
[2026-06-15 01:52:39] [WARNING] [market_client] Indicators API error for USDJPY: {'code': 404, 'status': 'Not Found'}
[2026-06-15 01:52:39] [WARNING] [indicators] No momentum data for USDJPY, using neutral
[2026-06-15 01:52:39] [WARNING] [market_client] Indicators API error for USDJPY: {'code': 404, 'status': 'Not Found'}
[2026-06-15 01:52:39] [WARNING] [indicators] No volatility data for USDJPY, using neutral
[2026-06-15 01:52:39] [WARNING] [market_client] Indicators API error for USDJPY: {'code': 404, 'status': 'Not Found'}
[2026-06-15 01:52:39] [WARNING] [indicators] No trend data for USDJPY, using neutral
[2026-06-15 01:52:39] [WARNING] [market_client] Indicators API error for USDJPY: {'code': 404, 'status': 'Not Found'}
[2026-06-15 01:52:39] [WARNING] [indicators] No volatility data for USDJPY, using neutral
[2026-06-15 01:52:39] [INFO] [test] USDJPY: AI=bullish(75.0) Trend=neutral(40) Regime=RANGING
[2026-06-15 01:52:39] [INFO] [test] CYCLE TEST COMPLETE
[2026-06-15 01:53:06] [WARNING] [mt5_watchdog] MT5 disconnected! Attempt 1/3
[2026-06-15 01:55:07] [WARNING] [mt5_watchdog] MT5 disconnected! Attempt 2/3
[2026-06-15 01:57:07] [WARNING] [mt5_watchdog] MT5 disconnected! Attempt 3/3
[2026-06-15 01:59:08] [WARNING] [mt5_watchdog] MT5 disconnected! Attempt 4/3
[2026-06-15 02:01:09] [WARNING] [mt5_watchdog] MT5 disconnected! Attempt 5/3
[2026-06-15 02:03:11] [WARNING] [mt5_watchdog] MT5 disconnected! Attempt 6/3
[2026-06-15 02:04:55] [INFO] [main] Trading Bot V3 starting...
[2026-06-15 02:04:55] [INFO] [database] V3 Database initialized with all tables
[2026-06-15 02:04:55] [INFO] [qd_client] Logged in to QuantDinger
[2026-06-15 02:04:55] [INFO] [qd_client] MT5 connected
[2026-06-15 02:04:55] [INFO] [main] MT5 connected
[2026-06-15 02:04:55] [INFO] [telegram_bot] Telegram polling started
[2026-06-15 02:04:55] [INFO] [telegram_bot] Telegram bot V3 started
[2026-06-15 02:04:55] [INFO] [mt5_watchdog] MT5 watchdog started (V1 reconnect logic)
[2026-06-15 02:04:55] [INFO] [reconciliation] Reconciliation loop started (every 60s)
[2026-06-15 02:04:55] [INFO] [reconciliation] Reconciliation thread started
[2026-06-15 02:04:56] [INFO] [main] ==================================================
[2026-06-15 02:04:56] [INFO] [main] Cycle 1 at 02:04:56
[2026-06-15 02:05:12] [WARNING] [mt5_watchdog] MT5 disconnected! Attempt 7/3
[2026-06-15 02:05:14] [INFO] [news_fetcher] Fetched 9 relevant news items
[2026-06-15 02:05:14] [INFO] [main] Equity: 100000.00$ | News: 9
[2026-06-15 02:05:14] [INFO] [main] --- EURUSD ---
[2026-06-15 02:05:17] [INFO] [deepseek] AI analysis EURUSD: bias=bullish score=75.0 conf=0.80
[2026-06-15 02:05:17] [DEBUG] [signal_engine] Signal: BUY score=75.0 conf=0.80 valid=True
[2026-06-15 02:05:17] [WARNING] [market_client] Indicators API error for EURUSD: {'code': 404, 'status': 'Not Found'}
[2026-06-15 02:05:17] [WARNING] [indicators] No trend data for EURUSD, using neutral
[2026-06-15 02:05:17] [WARNING] [market_client] Indicators API error for EURUSD: {'code': 404, 'status': 'Not Found'}
[2026-06-15 02:05:17] [WARNING] [indicators] No momentum data for EURUSD, using neutral
[2026-06-15 02:05:17] [WARNING] [market_client] Indicators API error for EURUSD: {'code': 404, 'status': 'Not Found'}
[2026-06-15 02:05:17] [WARNING] [indicators] No momentum data for EURUSD, using neutral
[2026-06-15 02:05:17] [INFO] [mtf] MTF EURUSD: H4=neutral H1=neutral M15=neutral aligned=False (weak)
[2026-06-15 02:05:17] [WARNING] [market_client] Indicators API error for EURUSD: {'code': 404, 'status': 'Not Found'}
[2026-06-15 02:05:17] [WARNING] [indicators] No trend data for EURUSD, using neutral
[2026-06-15 02:05:17] [WARNING] [market_client] Indicators API error for EURUSD: {'code': 404, 'status': 'Not Found'}
[2026-06-15 02:05:17] [WARNING] [indicators] No momentum data for EURUSD, using neutral
[2026-06-15 02:05:17] [WARNING] [market_client] Indicators API error for EURUSD: {'code': 404, 'status': 'Not Found'}
[2026-06-15 02:05:17] [WARNING] [indicators] No volatility data for EURUSD, using neutral
[2026-06-15 02:05:17] [WARNING] [market_client] Indicators API error for EURUSD: {'code': 404, 'status': 'Not Found'}
[2026-06-15 02:05:17] [WARNING] [indicators] No trend data for EURUSD, using neutral
[2026-06-15 02:05:17] [WARNING] [market_client] Indicators API error for EURUSD: {'code': 404, 'status': 'Not Found'}
[2026-06-15 02:05:17] [WARNING] [indicators] No volatility data for EURUSD, using neutral
[2026-06-15 02:05:17] [INFO] [voting_engine] EURUSD: MTF not aligned, reducing score
[2026-06-15 02:05:17] [INFO] [main] EURUSD: SKIP - Score 11.0 < 65
[2026-06-15 02:05:17] [INFO] [main] --- XAUUSD ---
[2026-06-15 02:05:20] [INFO] [deepseek] AI analysis XAUUSD: bias=bullish score=75.0 conf=0.80
[2026-06-15 02:05:20] [DEBUG] [signal_engine] Signal: BUY score=75.0 conf=0.80 valid=True
[2026-06-15 02:05:20] [INFO] [sentiment] Sentiment XAUUSD: bullish score=100 bull=2 bear=0
[2026-06-15 02:05:20] [WARNING] [market_client] Indicators API error for XAUUSD: {'code': 404, 'status': 'Not Found'}
[2026-06-15 02:05:20] [WARNING] [indicators] No trend data for XAUUSD, using neutral
[2026-06-15 02:05:20] [WARNING] [market_client] Indicators API error for XAUUSD: {'code': 404, 'status': 'Not Found'}
[2026-06-15 02:05:20] [WARNING] [indicators] No momentum data for XAUUSD, using neutral
[2026-06-15 02:05:20] [WARNING] [market_client] Indicators API error for XAUUSD: {'code': 404, 'status': 'Not Found'}
[2026-06-15 02:05:20] [WARNING] [indicators] No momentum data for XAUUSD, using neutral
[2026-06-15 02:05:20] [INFO] [mtf] MTF XAUUSD: H4=neutral H1=neutral M15=neutral aligned=False (weak)
[2026-06-15 02:05:20] [WARNING] [market_client] Indicators API error for XAUUSD: {'code': 404, 'status': 'Not Found'}
[2026-06-15 02:05:20] [WARNING] [indicators] No trend data for XAUUSD, using neutral
[2026-06-15 02:05:20] [WARNING] [market_client] Indicators API error for XAUUSD: {'code': 404, 'status': 'Not Found'}
[2026-06-15 02:05:20] [WARNING] [indicators] No momentum data for XAUUSD, using neutral
[2026-06-15 02:05:20] [WARNING] [market_client] Indicators API error for XAUUSD: {'code': 404, 'status': 'Not Found'}
[2026-06-15 02:05:20] [WARNING] [indicators] No volatility data for XAUUSD, using neutral
[2026-06-15 02:05:20] [WARNING] [market_client] Indicators API error for XAUUSD: {'code': 404, 'status': 'Not Found'}
[2026-06-15 02:05:20] [WARNING] [indicators] No trend data for XAUUSD, using neutral
[2026-06-15 02:05:20] [WARNING] [market_client] Indicators API error for XAUUSD: {'code': 404, 'status': 'Not Found'}
[2026-06-15 02:05:20] [WARNING] [indicators] No volatility data for XAUUSD, using neutral
[2026-06-15 02:05:20] [INFO] [voting_engine] XAUUSD: MTF not aligned, reducing score
[2026-06-15 02:05:20] [INFO] [main] XAUUSD: SKIP - Score 12.4 < 65
[2026-06-15 02:05:20] [INFO] [main] --- GBPUSD ---
[2026-06-15 02:05:23] [INFO] [deepseek] AI analysis GBPUSD: bias=bullish score=75.0 conf=0.80
[2026-06-15 02:05:23] [DEBUG] [signal_engine] Signal: BUY score=75.0 conf=0.80 valid=True
[2026-06-15 02:05:23] [WARNING] [market_client] Indicators API error for GBPUSD: {'code': 404, 'status': 'Not Found'}
[2026-06-15 02:05:23] [WARNING] [indicators] No trend data for GBPUSD, using neutral
[2026-06-15 02:05:23] [WARNING] [market_client] Indicators API error for GBPUSD: {'code': 404, 'status': 'Not Found'}
[2026-06-15 02:05:23] [WARNING] [indicators] No momentum data for GBPUSD, using neutral
[2026-06-15 02:05:23] [WARNING] [market_client] Indicators API error for GBPUSD: {'code': 404, 'status': 'Not Found'}
[2026-06-15 02:05:23] [WARNING] [indicators] No momentum data for GBPUSD, using neutral
[2026-06-15 02:05:23] [INFO] [mtf] MTF GBPUSD: H4=neutral H1=neutral M15=neutral aligned=False (weak)
[2026-06-15 02:05:23] [WARNING] [market_client] Indicators API error for GBPUSD: {'code': 404, 'status': 'Not Found'}
[2026-06-15 02:05:23] [WARNING] [indicators] No trend data for GBPUSD, using neutral
[2026-06-15 02:05:23] [WARNING] [market_client] Indicators API error for GBPUSD: {'code': 404, 'status': 'Not Found'}
[2026-06-15 02:05:23] [WARNING] [indicators] No momentum data for GBPUSD, using neutral
[2026-06-15 02:05:23] [WARNING] [market_client] Indicators API error for GBPUSD: {'code': 404, 'status': 'Not Found'}
[2026-06-15 02:05:23] [WARNING] [indicators] No volatility data for GBPUSD, using neutral
[2026-06-15 02:05:23] [WARNING] [market_client] Indicators API error for GBPUSD: {'code': 404, 'status': 'Not Found'}
[2026-06-15 02:05:23] [WARNING] [indicators] No trend data for GBPUSD, using neutral
[2026-06-15 02:05:23] [WARNING] [market_client] Indicators API error for GBPUSD: {'code': 404, 'status': 'Not Found'}
[2026-06-15 02:05:23] [WARNING] [indicators] No volatility data for GBPUSD, using neutral
[2026-06-15 02:05:23] [INFO] [voting_engine] GBPUSD: MTF not aligned, reducing score
[2026-06-15 02:05:23] [INFO] [main] GBPUSD: SKIP - Score 11.0 < 65
[2026-06-15 02:05:23] [INFO] [main] --- USDJPY ---
[2026-06-15 02:05:26] [INFO] [deepseek] AI analysis USDJPY: bias=bullish score=75.0 conf=0.80
[2026-06-15 02:05:26] [DEBUG] [signal_engine] Signal: BUY score=75.0 conf=0.80 valid=True
[2026-06-15 02:05:26] [INFO] [sentiment] Sentiment USDJPY: bearish score=100 bull=0 bear=2
[2026-06-15 02:05:26] [WARNING] [market_client] Indicators API error for USDJPY: {'code': 404, 'status': 'Not Found'}
[2026-06-15 02:05:26] [WARNING] [indicators] No trend data for USDJPY, using neutral
[2026-06-15 02:05:26] [WARNING] [market_client] Indicators API error for USDJPY: {'code': 404, 'status': 'Not Found'}
[2026-06-15 02:05:26] [WARNING] [indicators] No momentum data for USDJPY, using neutral
[2026-06-15 02:05:26] [WARNING] [market_client] Indicators API error for USDJPY: {'code': 404, 'status': 'Not Found'}
[2026-06-15 02:05:26] [WARNING] [indicators] No momentum data for USDJPY, using neutral
[2026-06-15 02:05:26] [INFO] [mtf] MTF USDJPY: H4=neutral H1=neutral M15=neutral aligned=False (weak)
[2026-06-15 02:05:26] [WARNING] [market_client] Indicators API error for USDJPY: {'code': 404, 'status': 'Not Found'}
[2026-06-15 02:05:26] [WARNING] [indicators] No trend data for USDJPY, using neutral
[2026-06-15 02:05:26] [WARNING] [market_client] Indicators API error for USDJPY: {'code': 404, 'status': 'Not Found'}
[2026-06-15 02:05:26] [WARNING] [indicators] No momentum data for USDJPY, using neutral
[2026-06-15 02:05:26] [WARNING] [market_client] Indicators API error for USDJPY: {'code': 404, 'status': 'Not Found'}
[2026-06-15 02:05:26] [WARNING] [indicators] No volatility data for USDJPY, using neutral
[2026-06-15 02:05:26] [WARNING] [market_client] Indicators API error for USDJPY: {'code': 404, 'status': 'Not Found'}
[2026-06-15 02:05:26] [WARNING] [indicators] No trend data for USDJPY, using neutral
[2026-06-15 02:05:26] [WARNING] [market_client] Indicators API error for USDJPY: {'code': 404, 'status': 'Not Found'}
[2026-06-15 02:05:26] [WARNING] [indicators] No volatility data for USDJPY, using neutral
[2026-06-15 02:05:26] [INFO] [voting_engine] USDJPY: MTF not aligned, reducing score
[2026-06-15 02:05:26] [INFO] [main] USDJPY: SKIP - Score 12.4 < 65
[2026-06-15 02:05:26] [INFO] [main] Sleeping 1800s...
[2026-06-15 02:08:35] [INFO] [main] Trading Bot V3 starting...
[2026-06-15 02:08:35] [INFO] [database] V3 Database initialized with all tables
[2026-06-15 02:08:36] [INFO] [qd_client] Logged in to QuantDinger
[2026-06-15 02:08:36] [INFO] [qd_client] MT5 connected
[2026-06-15 02:08:36] [INFO] [main] MT5 connected
[2026-06-15 02:08:36] [INFO] [telegram_bot] Telegram polling started
[2026-06-15 02:08:36] [INFO] [telegram_bot] Telegram bot V3 started
[2026-06-15 02:08:36] [INFO] [mt5_watchdog] MT5 watchdog started (V1 reconnect logic)
[2026-06-15 02:08:36] [INFO] [reconciliation] Reconciliation loop started (every 60s)
[2026-06-15 02:08:36] [INFO] [reconciliation] Reconciliation thread started
[2026-06-15 02:08:36] [INFO] [main] ==================================================
[2026-06-15 02:08:36] [INFO] [main] Cycle 1 at 02:08:36
[2026-06-15 02:08:40] [INFO] [news_fetcher] Fetched 9 relevant news items
[2026-06-15 02:08:40] [INFO] [main] Equity: 100000.00$ | News: 9
[2026-06-15 02:08:40] [INFO] [main] --- EURUSD ---
[2026-06-15 02:08:43] [INFO] [deepseek] AI analysis EURUSD: bias=bullish score=75.0 conf=0.80
[2026-06-15 02:08:43] [DEBUG] [signal_engine] Signal: BUY score=75.0 conf=0.80 valid=True
[2026-06-15 02:08:43] [WARNING] [market_client] Indicators API error for EURUSD: {'code': 404, 'status': 'Not Found'}
[2026-06-15 02:08:43] [WARNING] [indicators] No trend data for EURUSD, using neutral
[2026-06-15 02:08:43] [WARNING] [market_client] Indicators API error for EURUSD: {'code': 404, 'status': 'Not Found'}
[2026-06-15 02:08:43] [WARNING] [indicators] No momentum data for EURUSD, using neutral
[2026-06-15 02:08:43] [WARNING] [market_client] Indicators API error for EURUSD: {'code': 404, 'status': 'Not Found'}
[2026-06-15 02:08:43] [WARNING] [indicators] No momentum data for EURUSD, using neutral
[2026-06-15 02:08:43] [INFO] [mtf] MTF EURUSD: H4=neutral H1=neutral M15=neutral aligned=False (weak)
[2026-06-15 02:08:43] [WARNING] [market_client] Indicators API error for EURUSD: {'code': 404, 'status': 'Not Found'}
[2026-06-15 02:08:43] [WARNING] [indicators] No trend data for EURUSD, using neutral
[2026-06-15 02:08:43] [WARNING] [market_client] Indicators API error for EURUSD: {'code': 404, 'status': 'Not Found'}
[2026-06-15 02:08:43] [WARNING] [indicators] No momentum data for EURUSD, using neutral
[2026-06-15 02:08:43] [WARNING] [market_client] Indicators API error for EURUSD: {'code': 404, 'status': 'Not Found'}
[2026-06-15 02:08:43] [WARNING] [indicators] No volatility data for EURUSD, using neutral
[2026-06-15 02:08:43] [WARNING] [market_client] Indicators API error for EURUSD: {'code': 404, 'status': 'Not Found'}
[2026-06-15 02:08:43] [WARNING] [indicators] No trend data for EURUSD, using neutral
[2026-06-15 02:08:43] [WARNING] [market_client] Indicators API error for EURUSD: {'code': 404, 'status': 'Not Found'}
[2026-06-15 02:08:43] [WARNING] [indicators] No volatility data for EURUSD, using neutral
[2026-06-15 02:08:43] [INFO] [voting_engine] EURUSD: MTF not aligned, reducing score
[2026-06-15 02:08:43] [INFO] [main] EURUSD: SKIP - Score 11.0 < 65
[2026-06-15 02:08:43] [INFO] [main] --- XAUUSD ---
[2026-06-15 02:08:46] [INFO] [deepseek] AI analysis XAUUSD: bias=bullish score=75.0 conf=0.80
[2026-06-15 02:08:46] [DEBUG] [signal_engine] Signal: BUY score=75.0 conf=0.80 valid=True
[2026-06-15 02:08:46] [INFO] [sentiment] Sentiment XAUUSD: bullish score=100 bull=2 bear=0
[2026-06-15 02:08:46] [WARNING] [market_client] Indicators API error for XAUUSD: {'code': 404, 'status': 'Not Found'}
[2026-06-15 02:08:46] [WARNING] [indicators] No trend data for XAUUSD, using neutral
[2026-06-15 02:08:46] [WARNING] [market_client] Indicators API error for XAUUSD: {'code': 404, 'status': 'Not Found'}
[2026-06-15 02:08:46] [WARNING] [indicators] No momentum data for XAUUSD, using neutral
[2026-06-15 02:08:46] [WARNING] [market_client] Indicators API error for XAUUSD: {'code': 404, 'status': 'Not Found'}
[2026-06-15 02:08:46] [WARNING] [indicators] No momentum data for XAUUSD, using neutral
[2026-06-15 02:08:46] [INFO] [mtf] MTF XAUUSD: H4=neutral H1=neutral M15=neutral aligned=False (weak)
[2026-06-15 02:08:46] [WARNING] [market_client] Indicators API error for XAUUSD: {'code': 404, 'status': 'Not Found'}
[2026-06-15 02:08:46] [WARNING] [indicators] No trend data for XAUUSD, using neutral
[2026-06-15 02:08:46] [WARNING] [market_client] Indicators API error for XAUUSD: {'code': 404, 'status': 'Not Found'}
[2026-06-15 02:08:46] [WARNING] [indicators] No momentum data for XAUUSD, using neutral
[2026-06-15 02:08:46] [WARNING] [market_client] Indicators API error for XAUUSD: {'code': 404, 'status': 'Not Found'}
[2026-06-15 02:08:46] [WARNING] [indicators] No volatility data for XAUUSD, using neutral
[2026-06-15 02:08:46] [WARNING] [market_client] Indicators API error for XAUUSD: {'code': 404, 'status': 'Not Found'}
[2026-06-15 02:08:46] [WARNING] [indicators] No trend data for XAUUSD, using neutral
[2026-06-15 02:08:46] [WARNING] [market_client] Indicators API error for XAUUSD: {'code': 404, 'status': 'Not Found'}
[2026-06-15 02:08:46] [WARNING] [indicators] No volatility data for XAUUSD, using neutral
[2026-06-15 02:08:46] [INFO] [voting_engine] XAUUSD: MTF not aligned, reducing score
[2026-06-15 02:08:46] [INFO] [main] XAUUSD: SKIP - Score 12.4 < 65
[2026-06-15 02:08:46] [INFO] [main] --- GBPUSD ---
[2026-06-15 02:08:48] [INFO] [deepseek] AI analysis GBPUSD: bias=bullish score=75.0 conf=0.80
[2026-06-15 02:08:48] [DEBUG] [signal_engine] Signal: BUY score=75.0 conf=0.80 valid=True
[2026-06-15 02:08:48] [WARNING] [market_client] Indicators API error for GBPUSD: {'code': 404, 'status': 'Not Found'}
[2026-06-15 02:08:48] [WARNING] [indicators] No trend data for GBPUSD, using neutral
[2026-06-15 02:08:48] [WARNING] [market_client] Indicators API error for GBPUSD: {'code': 404, 'status': 'Not Found'}
[2026-06-15 02:08:48] [WARNING] [indicators] No momentum data for GBPUSD, using neutral
[2026-06-15 02:08:48] [WARNING] [market_client] Indicators API error for GBPUSD: {'code': 404, 'status': 'Not Found'}
[2026-06-15 02:08:48] [WARNING] [indicators] No momentum data for GBPUSD, using neutral
[2026-06-15 02:08:48] [INFO] [mtf] MTF GBPUSD: H4=neutral H1=neutral M15=neutral aligned=False (weak)
[2026-06-15 02:08:48] [WARNING] [market_client] Indicators API error for GBPUSD: {'code': 404, 'status': 'Not Found'}
[2026-06-15 02:08:48] [WARNING] [indicators] No trend data for GBPUSD, using neutral
[2026-06-15 02:08:48] [WARNING] [market_client] Indicators API error for GBPUSD: {'code': 404, 'status': 'Not Found'}
[2026-06-15 02:08:48] [WARNING] [indicators] No momentum data for GBPUSD, using neutral
[2026-06-15 02:08:48] [WARNING] [market_client] Indicators API error for GBPUSD: {'code': 404, 'status': 'Not Found'}
[2026-06-15 02:08:48] [WARNING] [indicators] No volatility data for GBPUSD, using neutral
[2026-06-15 02:08:48] [WARNING] [market_client] Indicators API error for GBPUSD: {'code': 404, 'status': 'Not Found'}
[2026-06-15 02:08:48] [WARNING] [indicators] No trend data for GBPUSD, using neutral
[2026-06-15 02:08:48] [WARNING] [market_client] Indicators API error for GBPUSD: {'code': 404, 'status': 'Not Found'}
[2026-06-15 02:08:48] [WARNING] [indicators] No volatility data for GBPUSD, using neutral
[2026-06-15 02:08:48] [INFO] [voting_engine] GBPUSD: MTF not aligned, reducing score
[2026-06-15 02:08:48] [INFO] [main] GBPUSD: SKIP - Score 11.0 < 65
[2026-06-15 02:08:48] [INFO] [main] --- USDJPY ---
[2026-06-15 02:08:51] [INFO] [deepseek] AI analysis USDJPY: bias=bullish score=75.0 conf=0.80
[2026-06-15 02:08:51] [DEBUG] [signal_engine] Signal: BUY score=75.0 conf=0.80 valid=True
[2026-06-15 02:08:51] [INFO] [sentiment] Sentiment USDJPY: bearish score=100 bull=0 bear=2
[2026-06-15 02:08:51] [WARNING] [market_client] Indicators API error for USDJPY: {'code': 404, 'status': 'Not Found'}
[2026-06-15 02:08:51] [WARNING] [indicators] No trend data for USDJPY, using neutral
[2026-06-15 02:08:51] [WARNING] [market_client] Indicators API error for USDJPY: {'code': 404, 'status': 'Not Found'}
[2026-06-15 02:08:51] [WARNING] [indicators] No momentum data for USDJPY, using neutral
[2026-06-15 02:08:51] [WARNING] [market_client] Indicators API error for USDJPY: {'code': 404, 'status': 'Not Found'}
[2026-06-15 02:08:51] [WARNING] [indicators] No momentum data for USDJPY, using neutral
[2026-06-15 02:08:51] [INFO] [mtf] MTF USDJPY: H4=neutral H1=neutral M15=neutral aligned=False (weak)
[2026-06-15 02:08:51] [WARNING] [market_client] Indicators API error for USDJPY: {'code': 404, 'status': 'Not Found'}
[2026-06-15 02:08:51] [WARNING] [indicators] No trend data for USDJPY, using neutral
[2026-06-15 02:08:51] [WARNING] [market_client] Indicators API error for USDJPY: {'code': 404, 'status': 'Not Found'}
[2026-06-15 02:08:51] [WARNING] [indicators] No momentum data for USDJPY, using neutral
[2026-06-15 02:08:51] [WARNING] [market_client] Indicators API error for USDJPY: {'code': 404, 'status': 'Not Found'}
[2026-06-15 02:08:51] [WARNING] [indicators] No volatility data for USDJPY, using neutral
[2026-06-15 02:08:51] [WARNING] [market_client] Indicators API error for USDJPY: {'code': 404, 'status': 'Not Found'}
[2026-06-15 02:08:51] [WARNING] [indicators] No trend data for USDJPY, using neutral
[2026-06-15 02:08:51] [WARNING] [market_client] Indicators API error for USDJPY: {'code': 404, 'status': 'Not Found'}
[2026-06-15 02:08:51] [WARNING] [indicators] No volatility data for USDJPY, using neutral
[2026-06-15 02:08:51] [INFO] [voting_engine] USDJPY: MTF not aligned, reducing score
[2026-06-15 02:08:51] [INFO] [main] USDJPY: SKIP - Score 12.4 < 65
[2026-06-15 02:08:51] [INFO] [main] Sleeping 1800s...
[2026-06-15 02:10:02] [ERROR] [telegram_bot] Polling error: 'NoneType' object has no attribute 'get'
[2026-06-15 02:15:43] [INFO] [qd_client] Logged in to QuantDinger
[2026-06-15 02:17:36] [WARNING] [mt5_watchdog] MT5 disconnected! Attempt 1/3
[2026-06-15 02:17:37] [INFO] [qd_client] Logged in to QuantDinger
[2026-06-15 02:17:37] [INFO] [mt5_watchdog] MT5 already connected
[2026-06-15 02:17:37] [INFO] [mt5_watchdog] MT5 reconnected successfully!
[2026-06-15 02:17:56] [ERROR] [telegram_bot] Polling error: 'NoneType' object has no attribute 'get'
[2026-06-15 02:18:24] [INFO] [qd_client] Logged in to QuantDinger
[2026-06-15 02:19:38] [WARNING] [mt5_watchdog] MT5 disconnected! Attempt 1/3
[2026-06-15 02:19:39] [INFO] [qd_client] Logged in to QuantDinger
[2026-06-15 02:19:39] [INFO] [mt5_watchdog] MT5 already connected
[2026-06-15 02:19:39] [INFO] [mt5_watchdog] MT5 reconnected successfully!
[2026-06-15 02:20:02] [ERROR] [telegram_bot] Polling error: 'NoneType' object has no attribute 'get'
[2026-06-15 02:20:17] [ERROR] [telegram_bot] Polling error: 'NoneType' object has no attribute 'get'
[2026-06-15 02:22:38] [INFO] [main] Trading Bot V3 starting...
[2026-06-15 02:22:38] [INFO] [database] V3 Database initialized with all tables
[2026-06-15 02:22:39] [INFO] [qd_client] Logged in to QuantDinger
[2026-06-15 02:22:39] [INFO] [qd_client] MT5 connected
[2026-06-15 02:22:39] [INFO] [main] MT5 connected
[2026-06-15 02:22:39] [INFO] [telegram_bot] Telegram polling started
[2026-06-15 02:22:39] [INFO] [telegram_bot] Telegram bot V3 started
[2026-06-15 02:22:39] [INFO] [mt5_watchdog] MT5 watchdog started (V1 reconnect logic)
[2026-06-15 02:22:39] [INFO] [reconciliation] Reconciliation loop started (every 60s)
[2026-06-15 02:22:39] [INFO] [reconciliation] Reconciliation thread started
[2026-06-15 02:22:39] [INFO] [main] ==================================================
[2026-06-15 02:22:39] [INFO] [main] Cycle 1 at 02:22:39
[2026-06-15 02:22:44] [INFO] [news_fetcher] Fetched 8 relevant news items
[2026-06-15 02:22:44] [INFO] [main] Equity: 100000.00$ | News: 8
[2026-06-15 02:22:44] [INFO] [main] --- EURUSD ---
[2026-06-15 02:22:47] [INFO] [deepseek] AI analysis EURUSD: bias=bullish score=75.0 conf=0.80
[2026-06-15 02:22:47] [DEBUG] [signal_engine] Signal: BUY score=75.0 conf=0.80 valid=True
[2026-06-15 02:22:47] [DEBUG] [market_client] Indicators API error for EURUSD: {'code': 404, 'status': 'Not Found'}
[2026-06-15 02:22:47] [DEBUG] [indicators] No trend data for EURUSD, using neutral
[2026-06-15 02:22:47] [DEBUG] [market_client] Indicators API error for EURUSD: {'code': 404, 'status': 'Not Found'}
[2026-06-15 02:22:47] [DEBUG] [indicators] No momentum data for EURUSD, using neutral
[2026-06-15 02:22:47] [DEBUG] [market_client] Indicators API error for EURUSD: {'code': 404, 'status': 'Not Found'}
[2026-06-15 02:22:47] [DEBUG] [indicators] No momentum data for EURUSD, using neutral
[2026-06-15 02:22:47] [INFO] [mtf] MTF EURUSD: H4=neutral H1=neutral M15=neutral aligned=False (weak)
[2026-06-15 02:22:47] [DEBUG] [market_client] Indicators API error for EURUSD: {'code': 404, 'status': 'Not Found'}
[2026-06-15 02:22:47] [DEBUG] [indicators] No trend data for EURUSD, using neutral
[2026-06-15 02:22:47] [DEBUG] [market_client] Indicators API error for EURUSD: {'code': 404, 'status': 'Not Found'}
[2026-06-15 02:22:47] [DEBUG] [indicators] No momentum data for EURUSD, using neutral
[2026-06-15 02:22:47] [DEBUG] [market_client] Indicators API error for EURUSD: {'code': 404, 'status': 'Not Found'}
[2026-06-15 02:22:47] [DEBUG] [indicators] No volatility data for EURUSD, using neutral
[2026-06-15 02:22:47] [DEBUG] [market_client] Indicators API error for EURUSD: {'code': 404, 'status': 'Not Found'}
[2026-06-15 02:22:47] [DEBUG] [indicators] No trend data for EURUSD, using neutral
[2026-06-15 02:22:47] [DEBUG] [market_client] Indicators API error for EURUSD: {'code': 404, 'status': 'Not Found'}
[2026-06-15 02:22:47] [DEBUG] [indicators] No volatility data for EURUSD, using neutral
[2026-06-15 02:22:47] [INFO] [voting_engine] EURUSD: MTF not aligned, reducing score
[2026-06-15 02:22:47] [INFO] [main] EURUSD: SKIP - Score 11.0 < 65
[2026-06-15 02:22:47] [INFO] [main] --- XAUUSD ---
[2026-06-15 02:22:50] [INFO] [deepseek] AI analysis XAUUSD: bias=bullish score=75.0 conf=0.80
[2026-06-15 02:22:50] [DEBUG] [signal_engine] Signal: BUY score=75.0 conf=0.80 valid=True
[2026-06-15 02:22:50] [INFO] [sentiment] Sentiment XAUUSD: bullish score=100 bull=2 bear=0
[2026-06-15 02:22:50] [DEBUG] [market_client] Indicators API error for XAUUSD: {'code': 404, 'status': 'Not Found'}
[2026-06-15 02:22:50] [DEBUG] [indicators] No trend data for XAUUSD, using neutral
[2026-06-15 02:22:50] [DEBUG] [market_client] Indicators API error for XAUUSD: {'code': 404, 'status': 'Not Found'}
[2026-06-15 02:22:50] [DEBUG] [indicators] No momentum data for XAUUSD, using neutral
[2026-06-15 02:22:50] [DEBUG] [market_client] Indicators API error for XAUUSD: {'code': 404, 'status': 'Not Found'}
[2026-06-15 02:22:50] [DEBUG] [indicators] No momentum data for XAUUSD, using neutral
[2026-06-15 02:22:50] [INFO] [mtf] MTF XAUUSD: H4=neutral H1=neutral M15=neutral aligned=False (weak)
[2026-06-15 02:22:50] [DEBUG] [market_client] Indicators API error for XAUUSD: {'code': 404, 'status': 'Not Found'}
[2026-06-15 02:22:50] [DEBUG] [indicators] No trend data for XAUUSD, using neutral
[2026-06-15 02:22:50] [DEBUG] [market_client] Indicators API error for XAUUSD: {'code': 404, 'status': 'Not Found'}
[2026-06-15 02:22:50] [DEBUG] [indicators] No momentum data for XAUUSD, using neutral
[2026-06-15 02:22:50] [DEBUG] [market_client] Indicators API error for XAUUSD: {'code': 404, 'status': 'Not Found'}
[2026-06-15 02:22:50] [DEBUG] [indicators] No volatility data for XAUUSD, using neutral
[2026-06-15 02:22:50] [DEBUG] [market_client] Indicators API error for XAUUSD: {'code': 404, 'status': 'Not Found'}
[2026-06-15 02:22:50] [DEBUG] [indicators] No trend data for XAUUSD, using neutral
[2026-06-15 02:22:50] [DEBUG] [market_client] Indicators API error for XAUUSD: {'code': 404, 'status': 'Not Found'}
[2026-06-15 02:22:50] [DEBUG] [indicators] No volatility data for XAUUSD, using neutral
[2026-06-15 02:22:50] [INFO] [voting_engine] XAUUSD: MTF not aligned, reducing score
[2026-06-15 02:22:50] [INFO] [main] XAUUSD: SKIP - Score 12.4 < 65
[2026-06-15 02:22:50] [INFO] [main] --- GBPUSD ---
[2026-06-15 02:22:53] [INFO] [deepseek] AI analysis GBPUSD: bias=bullish score=75.0 conf=0.80
[2026-06-15 02:22:53] [DEBUG] [signal_engine] Signal: BUY score=75.0 conf=0.80 valid=True
[2026-06-15 02:22:53] [DEBUG] [market_client] Indicators API error for GBPUSD: {'code': 404, 'status': 'Not Found'}
[2026-06-15 02:22:53] [DEBUG] [indicators] No trend data for GBPUSD, using neutral
[2026-06-15 02:22:53] [DEBUG] [market_client] Indicators API error for GBPUSD: {'code': 404, 'status': 'Not Found'}
[2026-06-15 02:22:53] [DEBUG] [indicators] No momentum data for GBPUSD, using neutral
[2026-06-15 02:22:53] [DEBUG] [market_client] Indicators API error for GBPUSD: {'code': 404, 'status': 'Not Found'}
[2026-06-15 02:22:53] [DEBUG] [indicators] No momentum data for GBPUSD, using neutral
[2026-06-15 02:22:53] [INFO] [mtf] MTF GBPUSD: H4=neutral H1=neutral M15=neutral aligned=False (weak)
[2026-06-15 02:22:53] [DEBUG] [market_client] Indicators API error for GBPUSD: {'code': 404, 'status': 'Not Found'}
[2026-06-15 02:22:53] [DEBUG] [indicators] No trend data for GBPUSD, using neutral
[2026-06-15 02:22:53] [DEBUG] [market_client] Indicators API error for GBPUSD: {'code': 404, 'status': 'Not Found'}
[2026-06-15 02:22:53] [DEBUG] [indicators] No momentum data for GBPUSD, using neutral
[2026-06-15 02:22:53] [DEBUG] [market_client] Indicators API error for GBPUSD: {'code': 404, 'status': 'Not Found'}
[2026-06-15 02:22:53] [DEBUG] [indicators] No volatility data for GBPUSD, using neutral
[2026-06-15 02:22:53] [DEBUG] [market_client] Indicators API error for GBPUSD: {'code': 404, 'status': 'Not Found'}
[2026-06-15 02:22:53] [DEBUG] [indicators] No trend data for GBPUSD, using neutral
[2026-06-15 02:22:53] [DEBUG] [market_client] Indicators API error for GBPUSD: {'code': 404, 'status': 'Not Found'}
[2026-06-15 02:22:53] [DEBUG] [indicators] No volatility data for GBPUSD, using neutral
[2026-06-15 02:22:53] [INFO] [voting_engine] GBPUSD: MTF not aligned, reducing score
[2026-06-15 02:22:53] [INFO] [main] GBPUSD: SKIP - Score 11.0 < 65
[2026-06-15 02:22:53] [INFO] [main] --- USDJPY ---
[2026-06-15 02:22:57] [INFO] [deepseek] AI analysis USDJPY: bias=bullish score=75.0 conf=0.80
[2026-06-15 02:22:57] [DEBUG] [signal_engine] Signal: BUY score=75.0 conf=0.80 valid=True
[2026-06-15 02:22:57] [INFO] [sentiment] Sentiment USDJPY: bearish score=100 bull=0 bear=2
[2026-06-15 02:22:57] [DEBUG] [market_client] Indicators API error for USDJPY: {'code': 404, 'status': 'Not Found'}
[2026-06-15 02:22:57] [DEBUG] [indicators] No trend data for USDJPY, using neutral
[2026-06-15 02:22:57] [DEBUG] [market_client] Indicators API error for USDJPY: {'code': 404, 'status': 'Not Found'}
[2026-06-15 02:22:57] [DEBUG] [indicators] No momentum data for USDJPY, using neutral
[2026-06-15 02:22:57] [DEBUG] [market_client] Indicators API error for USDJPY: {'code': 404, 'status': 'Not Found'}
[2026-06-15 02:22:57] [DEBUG] [indicators] No momentum data for USDJPY, using neutral
[2026-06-15 02:22:57] [INFO] [mtf] MTF USDJPY: H4=neutral H1=neutral M15=neutral aligned=False (weak)
[2026-06-15 02:22:57] [DEBUG] [market_client] Indicators API error for USDJPY: {'code': 404, 'status': 'Not Found'}
[2026-06-15 02:22:57] [DEBUG] [indicators] No trend data for USDJPY, using neutral
[2026-06-15 02:22:57] [DEBUG] [market_client] Indicators API error for USDJPY: {'code': 404, 'status': 'Not Found'}
[2026-06-15 02:22:57] [DEBUG] [indicators] No momentum data for USDJPY, using neutral
[2026-06-15 02:22:57] [DEBUG] [market_client] Indicators API error for USDJPY: {'code': 404, 'status': 'Not Found'}
[2026-06-15 02:22:57] [DEBUG] [indicators] No volatility data for USDJPY, using neutral
[2026-06-15 02:22:57] [DEBUG] [market_client] Indicators API error for USDJPY: {'code': 404, 'status': 'Not Found'}
[2026-06-15 02:22:57] [DEBUG] [indicators] No trend data for USDJPY, using neutral
[2026-06-15 02:22:57] [DEBUG] [market_client] Indicators API error for USDJPY: {'code': 404, 'status': 'Not Found'}
[2026-06-15 02:22:57] [DEBUG] [indicators] No volatility data for USDJPY, using neutral
[2026-06-15 02:22:57] [INFO] [voting_engine] USDJPY: MTF not aligned, reducing score
[2026-06-15 02:22:57] [INFO] [main] USDJPY: SKIP - Score 12.4 < 65
[2026-06-15 02:22:57] [INFO] [main] Sleeping 1800s...
[2026-06-15 02:52:57] [INFO] [main] ==================================================
[2026-06-15 02:52:57] [INFO] [main] Cycle 2 at 02:52:57
[2026-06-15 02:53:01] [INFO] [news_fetcher] Fetched 7 relevant news items
[2026-06-15 02:53:01] [INFO] [main] Equity: 100000.00$ | News: 7
[2026-06-15 02:53:01] [INFO] [main] --- EURUSD ---
[2026-06-15 02:53:04] [INFO] [deepseek] AI analysis EURUSD: bias=bullish score=75.0 conf=0.80
[2026-06-15 02:53:04] [DEBUG] [signal_engine] Signal: BUY score=75.0 conf=0.80 valid=True
[2026-06-15 02:53:04] [DEBUG] [market_client] Indicators API error for EURUSD: {'code': 404, 'status': 'Not Found'}
[2026-06-15 02:53:04] [DEBUG] [indicators] No trend data for EURUSD, using neutral
[2026-06-15 02:53:04] [DEBUG] [market_client] Indicators API error for EURUSD: {'code': 404, 'status': 'Not Found'}
[2026-06-15 02:53:04] [DEBUG] [indicators] No momentum data for EURUSD, using neutral
[2026-06-15 02:53:04] [DEBUG] [market_client] Indicators API error for EURUSD: {'code': 404, 'status': 'Not Found'}
[2026-06-15 02:53:04] [DEBUG] [indicators] No momentum data for EURUSD, using neutral
[2026-06-15 02:53:04] [INFO] [mtf] MTF EURUSD: H4=neutral H1=neutral M15=neutral aligned=False (weak)
[2026-06-15 02:53:04] [DEBUG] [market_client] Indicators API error for EURUSD: {'code': 404, 'status': 'Not Found'}
[2026-06-15 02:53:04] [DEBUG] [indicators] No trend data for EURUSD, using neutral
[2026-06-15 02:53:04] [DEBUG] [market_client] Indicators API error for EURUSD: {'code': 404, 'status': 'Not Found'}
[2026-06-15 02:53:04] [DEBUG] [indicators] No momentum data for EURUSD, using neutral
[2026-06-15 02:53:04] [DEBUG] [market_client] Indicators API error for EURUSD: {'code': 404, 'status': 'Not Found'}
[2026-06-15 02:53:04] [DEBUG] [indicators] No volatility data for EURUSD, using neutral
[2026-06-15 02:53:04] [DEBUG] [market_client] Indicators API error for EURUSD: {'code': 404, 'status': 'Not Found'}
[2026-06-15 02:53:04] [DEBUG] [indicators] No trend data for EURUSD, using neutral
[2026-06-15 02:53:04] [DEBUG] [market_client] Indicators API error for EURUSD: {'code': 404, 'status': 'Not Found'}
[2026-06-15 02:53:04] [DEBUG] [indicators] No volatility data for EURUSD, using neutral
[2026-06-15 02:53:04] [INFO] [voting_engine] EURUSD: MTF not aligned, reducing score
[2026-06-15 02:53:04] [INFO] [main] EURUSD: SKIP - Score 11.0 < 65
[2026-06-15 02:53:04] [INFO] [main] --- XAUUSD ---
[2026-06-15 02:53:07] [INFO] [deepseek] AI analysis XAUUSD: bias=bullish score=75.0 conf=0.80
[2026-06-15 02:53:07] [DEBUG] [signal_engine] Signal: BUY score=75.0 conf=0.80 valid=True
[2026-06-15 02:53:07] [INFO] [sentiment] Sentiment XAUUSD: bullish score=100 bull=2 bear=0
[2026-06-15 02:53:07] [DEBUG] [market_client] Indicators API error for XAUUSD: {'code': 404, 'status': 'Not Found'}
[2026-06-15 02:53:07] [DEBUG] [indicators] No trend data for XAUUSD, using neutral
[2026-06-15 02:53:07] [DEBUG] [market_client] Indicators API error for XAUUSD: {'code': 404, 'status': 'Not Found'}
[2026-06-15 02:53:07] [DEBUG] [indicators] No momentum data for XAUUSD, using neutral
[2026-06-15 02:53:07] [DEBUG] [market_client] Indicators API error for XAUUSD: {'code': 404, 'status': 'Not Found'}
[2026-06-15 02:53:07] [DEBUG] [indicators] No momentum data for XAUUSD, using neutral
[2026-06-15 02:53:07] [INFO] [mtf] MTF XAUUSD: H4=neutral H1=neutral M15=neutral aligned=False (weak)
[2026-06-15 02:53:07] [DEBUG] [market_client] Indicators API error for XAUUSD: {'code': 404, 'status': 'Not Found'}
[2026-06-15 02:53:07] [DEBUG] [indicators] No trend data for XAUUSD, using neutral
[2026-06-15 02:53:07] [DEBUG] [market_client] Indicators API error for XAUUSD: {'code': 404, 'status': 'Not Found'}
[2026-06-15 02:53:07] [DEBUG] [indicators] No momentum data for XAUUSD, using neutral
[2026-06-15 02:53:07] [DEBUG] [market_client] Indicators API error for XAUUSD: {'code': 404, 'status': 'Not Found'}
[2026-06-15 02:53:07] [DEBUG] [indicators] No volatility data for XAUUSD, using neutral
[2026-06-15 02:53:07] [DEBUG] [market_client] Indicators API error for XAUUSD: {'code': 404, 'status': 'Not Found'}
[2026-06-15 02:53:07] [DEBUG] [indicators] No trend data for XAUUSD, using neutral
[2026-06-15 02:53:07] [DEBUG] [market_client] Indicators API error for XAUUSD: {'code': 404, 'status': 'Not Found'}
[2026-06-15 02:53:07] [DEBUG] [indicators] No volatility data for XAUUSD, using neutral
[2026-06-15 02:53:07] [INFO] [voting_engine] XAUUSD: MTF not aligned, reducing score
[2026-06-15 02:53:07] [INFO] [main] XAUUSD: SKIP - Score 12.4 < 65
[2026-06-15 02:53:07] [INFO] [main] --- GBPUSD ---
[2026-06-15 02:53:10] [INFO] [deepseek] AI analysis GBPUSD: bias=bullish score=75.0 conf=0.80
[2026-06-15 02:53:10] [DEBUG] [signal_engine] Signal: BUY score=75.0 conf=0.80 valid=True
[2026-06-15 02:53:10] [DEBUG] [market_client] Indicators API error for GBPUSD: {'code': 404, 'status': 'Not Found'}
[2026-06-15 02:53:10] [DEBUG] [indicators] No trend data for GBPUSD, using neutral
[2026-06-15 02:53:10] [DEBUG] [market_client] Indicators API error for GBPUSD: {'code': 404, 'status': 'Not Found'}
[2026-06-15 02:53:10] [DEBUG] [indicators] No momentum data for GBPUSD, using neutral
[2026-06-15 02:53:10] [DEBUG] [market_client] Indicators API error for GBPUSD: {'code': 404, 'status': 'Not Found'}
[2026-06-15 02:53:10] [DEBUG] [indicators] No momentum data for GBPUSD, using neutral
[2026-06-15 02:53:10] [INFO] [mtf] MTF GBPUSD: H4=neutral H1=neutral M15=neutral aligned=False (weak)
[2026-06-15 02:53:10] [DEBUG] [market_client] Indicators API error for GBPUSD: {'code': 404, 'status': 'Not Found'}
[2026-06-15 02:53:10] [DEBUG] [indicators] No trend data for GBPUSD, using neutral
[2026-06-15 02:53:10] [DEBUG] [market_client] Indicators API error for GBPUSD: {'code': 404, 'status': 'Not Found'}
[2026-06-15 02:53:10] [DEBUG] [indicators] No momentum data for GBPUSD, using neutral
[2026-06-15 02:53:10] [DEBUG] [market_client] Indicators API error for GBPUSD: {'code': 404, 'status': 'Not Found'}
[2026-06-15 02:53:10] [DEBUG] [indicators] No volatility data for GBPUSD, using neutral
[2026-06-15 02:53:10] [DEBUG] [market_client] Indicators API error for GBPUSD: {'code': 404, 'status': 'Not Found'}
[2026-06-15 02:53:10] [DEBUG] [indicators] No trend data for GBPUSD, using neutral
[2026-06-15 02:53:10] [DEBUG] [market_client] Indicators API error for GBPUSD: {'code': 404, 'status': 'Not Found'}
[2026-06-15 02:53:10] [DEBUG] [indicators] No volatility data for GBPUSD, using neutral
[2026-06-15 02:53:10] [INFO] [voting_engine] GBPUSD: MTF not aligned, reducing score
[2026-06-15 02:53:10] [INFO] [main] GBPUSD: SKIP - Score 11.0 < 65
[2026-06-15 02:53:10] [INFO] [main] --- USDJPY ---
[2026-06-15 02:53:13] [INFO] [deepseek] AI analysis USDJPY: bias=bullish score=75.0 conf=0.80
[2026-06-15 02:53:13] [DEBUG] [signal_engine] Signal: BUY score=75.0 conf=0.80 valid=True
[2026-06-15 02:53:13] [INFO] [sentiment] Sentiment USDJPY: bearish score=100 bull=0 bear=2
[2026-06-15 02:53:13] [DEBUG] [market_client] Indicators API error for USDJPY: {'code': 404, 'status': 'Not Found'}
[2026-06-15 02:53:13] [DEBUG] [indicators] No trend data for USDJPY, using neutral
[2026-06-15 02:53:13] [DEBUG] [market_client] Indicators API error for USDJPY: {'code': 404, 'status': 'Not Found'}
[2026-06-15 02:53:13] [DEBUG] [indicators] No momentum data for USDJPY, using neutral
[2026-06-15 02:53:13] [DEBUG] [market_client] Indicators API error for USDJPY: {'code': 404, 'status': 'Not Found'}
[2026-06-15 02:53:13] [DEBUG] [indicators] No momentum data for USDJPY, using neutral
[2026-06-15 02:53:13] [INFO] [mtf] MTF USDJPY: H4=neutral H1=neutral M15=neutral aligned=False (weak)
[2026-06-15 02:53:13] [DEBUG] [market_client] Indicators API error for USDJPY: {'code': 404, 'status': 'Not Found'}
[2026-06-15 02:53:13] [DEBUG] [indicators] No trend data for USDJPY, using neutral
[2026-06-15 02:53:13] [DEBUG] [market_client] Indicators API error for USDJPY: {'code': 404, 'status': 'Not Found'}
[2026-06-15 02:53:13] [DEBUG] [indicators] No momentum data for USDJPY, using neutral
[2026-06-15 02:53:13] [DEBUG] [market_client] Indicators API error for USDJPY: {'code': 404, 'status': 'Not Found'}
[2026-06-15 02:53:13] [DEBUG] [indicators] No volatility data for USDJPY, using neutral
[2026-06-15 02:53:13] [DEBUG] [market_client] Indicators API error for USDJPY: {'code': 404, 'status': 'Not Found'}
[2026-06-15 02:53:13] [DEBUG] [indicators] No trend data for USDJPY, using neutral
[2026-06-15 02:53:13] [DEBUG] [market_client] Indicators API error for USDJPY: {'code': 404, 'status': 'Not Found'}
[2026-06-15 02:53:13] [DEBUG] [indicators] No volatility data for USDJPY, using neutral
[2026-06-15 02:53:13] [INFO] [voting_engine] USDJPY: MTF not aligned, reducing score
[2026-06-15 02:53:13] [INFO] [main] USDJPY: SKIP - Score 12.4 < 65
[2026-06-15 02:53:13] [INFO] [main] Sleeping 1800s...
[2026-06-15 03:23:12] [INFO] [main] ==================================================
[2026-06-15 03:23:12] [INFO] [main] Cycle 3 at 03:23:12
[2026-06-15 03:23:18] [INFO] [news_fetcher] Fetched 7 relevant news items
[2026-06-15 03:23:18] [INFO] [main] Equity: 100000.00$ | News: 7
[2026-06-15 03:23:18] [INFO] [main] --- EURUSD ---
[2026-06-15 03:23:21] [INFO] [deepseek] AI analysis EURUSD: bias=bullish score=75.0 conf=0.80
[2026-06-15 03:23:21] [DEBUG] [signal_engine] Signal: BUY score=75.0 conf=0.80 valid=True
[2026-06-15 03:23:21] [DEBUG] [market_client] Indicators API error for EURUSD: {'code': 404, 'status': 'Not Found'}
[2026-06-15 03:23:21] [DEBUG] [indicators] No trend data for EURUSD, using neutral
[2026-06-15 03:23:21] [DEBUG] [market_client] Indicators API error for EURUSD: {'code': 404, 'status': 'Not Found'}
[2026-06-15 03:23:21] [DEBUG] [indicators] No momentum data for EURUSD, using neutral
[2026-06-15 03:23:21] [DEBUG] [market_client] Indicators API error for EURUSD: {'code': 404, 'status': 'Not Found'}
[2026-06-15 03:23:21] [DEBUG] [indicators] No momentum data for EURUSD, using neutral
[2026-06-15 03:23:21] [INFO] [mtf] MTF EURUSD: H4=neutral H1=neutral M15=neutral aligned=False (weak)
[2026-06-15 03:23:21] [DEBUG] [market_client] Indicators API error for EURUSD: {'code': 404, 'status': 'Not Found'}
[2026-06-15 03:23:21] [DEBUG] [indicators] No trend data for EURUSD, using neutral
[2026-06-15 03:23:21] [DEBUG] [market_client] Indicators API error for EURUSD: {'code': 404, 'status': 'Not Found'}
[2026-06-15 03:23:21] [DEBUG] [indicators] No momentum data for EURUSD, using neutral
[2026-06-15 03:23:21] [DEBUG] [market_client] Indicators API error for EURUSD: {'code': 404, 'status': 'Not Found'}
[2026-06-15 03:23:21] [DEBUG] [indicators] No volatility data for EURUSD, using neutral
[2026-06-15 03:23:21] [DEBUG] [market_client] Indicators API error for EURUSD: {'code': 404, 'status': 'Not Found'}
[2026-06-15 03:23:21] [DEBUG] [indicators] No trend data for EURUSD, using neutral
[2026-06-15 03:23:21] [DEBUG] [market_client] Indicators API error for EURUSD: {'code': 404, 'status': 'Not Found'}
[2026-06-15 03:23:21] [DEBUG] [indicators] No volatility data for EURUSD, using neutral
[2026-06-15 03:23:21] [INFO] [voting_engine] EURUSD: MTF not aligned, reducing score
[2026-06-15 03:23:21] [INFO] [main] EURUSD: SKIP - Score 11.0 < 65
[2026-06-15 03:23:21] [INFO] [main] --- XAUUSD ---
[2026-06-15 03:23:23] [INFO] [deepseek] AI analysis XAUUSD: bias=bullish score=75.0 conf=0.80
[2026-06-15 03:23:23] [DEBUG] [signal_engine] Signal: BUY score=75.0 conf=0.80 valid=True
[2026-06-15 03:23:23] [INFO] [sentiment] Sentiment XAUUSD: bullish score=100 bull=2 bear=0
[2026-06-15 03:23:23] [DEBUG] [market_client] Indicators API error for XAUUSD: {'code': 404, 'status': 'Not Found'}
[2026-06-15 03:23:23] [DEBUG] [indicators] No trend data for XAUUSD, using neutral
[2026-06-15 03:23:23] [DEBUG] [market_client] Indicators API error for XAUUSD: {'code': 404, 'status': 'Not Found'}
[2026-06-15 03:23:23] [DEBUG] [indicators] No momentum data for XAUUSD, using neutral
[2026-06-15 03:23:23] [DEBUG] [market_client] Indicators API error for XAUUSD: {'code': 404, 'status': 'Not Found'}
[2026-06-15 03:23:23] [DEBUG] [indicators] No momentum data for XAUUSD, using neutral
[2026-06-15 03:23:23] [INFO] [mtf] MTF XAUUSD: H4=neutral H1=neutral M15=neutral aligned=False (weak)
[2026-06-15 03:23:23] [DEBUG] [market_client] Indicators API error for XAUUSD: {'code': 404, 'status': 'Not Found'}
[2026-06-15 03:23:23] [DEBUG] [indicators] No trend data for XAUUSD, using neutral
[2026-06-15 03:23:23] [DEBUG] [market_client] Indicators API error for XAUUSD: {'code': 404, 'status': 'Not Found'}
[2026-06-15 03:23:23] [DEBUG] [indicators] No momentum data for XAUUSD, using neutral
[2026-06-15 03:23:23] [DEBUG] [market_client] Indicators API error for XAUUSD: {'code': 404, 'status': 'Not Found'}
[2026-06-15 03:23:23] [DEBUG] [indicators] No volatility data for XAUUSD, using neutral
[2026-06-15 03:23:23] [DEBUG] [market_client] Indicators API error for XAUUSD: {'code': 404, 'status': 'Not Found'}
[2026-06-15 03:23:23] [DEBUG] [indicators] No trend data for XAUUSD, using neutral
[2026-06-15 03:23:23] [DEBUG] [market_client] Indicators API error for XAUUSD: {'code': 404, 'status': 'Not Found'}
[2026-06-15 03:23:23] [DEBUG] [indicators] No volatility data for XAUUSD, using neutral
[2026-06-15 03:23:23] [INFO] [voting_engine] XAUUSD: MTF not aligned, reducing score
[2026-06-15 03:23:23] [INFO] [main] XAUUSD: SKIP - Score 12.4 < 65
[2026-06-15 03:23:23] [INFO] [main] --- GBPUSD ---
[2026-06-15 03:23:26] [INFO] [deepseek] AI analysis GBPUSD: bias=bullish score=75.0 conf=0.80
[2026-06-15 03:23:26] [DEBUG] [signal_engine] Signal: BUY score=75.0 conf=0.80 valid=True
[2026-06-15 03:23:26] [DEBUG] [market_client] Indicators API error for GBPUSD: {'code': 404, 'status': 'Not Found'}
[2026-06-15 03:23:26] [DEBUG] [indicators] No trend data for GBPUSD, using neutral
[2026-06-15 03:23:26] [DEBUG] [market_client] Indicators API error for GBPUSD: {'code': 404, 'status': 'Not Found'}
[2026-06-15 03:23:26] [DEBUG] [indicators] No momentum data for GBPUSD, using neutral
[2026-06-15 03:23:26] [DEBUG] [market_client] Indicators API error for GBPUSD: {'code': 404, 'status': 'Not Found'}
[2026-06-15 03:23:26] [DEBUG] [indicators] No momentum data for GBPUSD, using neutral
[2026-06-15 03:23:26] [INFO] [mtf] MTF GBPUSD: H4=neutral H1=neutral M15=neutral aligned=False (weak)
[2026-06-15 03:23:26] [DEBUG] [market_client] Indicators API error for GBPUSD: {'code': 404, 'status': 'Not Found'}
[2026-06-15 03:23:26] [DEBUG] [indicators] No trend data for GBPUSD, using neutral
[2026-06-15 03:23:26] [DEBUG] [market_client] Indicators API error for GBPUSD: {'code': 404, 'status': 'Not Found'}
[2026-06-15 03:23:26] [DEBUG] [indicators] No momentum data for GBPUSD, using neutral
[2026-06-15 03:23:26] [DEBUG] [market_client] Indicators API error for GBPUSD: {'code': 404, 'status': 'Not Found'}
[2026-06-15 03:23:26] [DEBUG] [indicators] No volatility data for GBPUSD, using neutral
[2026-06-15 03:23:26] [DEBUG] [market_client] Indicators API error for GBPUSD: {'code': 404, 'status': 'Not Found'}
[2026-06-15 03:23:26] [DEBUG] [indicators] No trend data for GBPUSD, using neutral
[2026-06-15 03:23:26] [DEBUG] [market_client] Indicators API error for GBPUSD: {'code': 404, 'status': 'Not Found'}
[2026-06-15 03:23:26] [DEBUG] [indicators] No volatility data for GBPUSD, using neutral
[2026-06-15 03:23:26] [INFO] [voting_engine] GBPUSD: MTF not aligned, reducing score
[2026-06-15 03:23:26] [INFO] [main] GBPUSD: SKIP - Score 11.0 < 65
[2026-06-15 03:23:26] [INFO] [main] --- USDJPY ---
[2026-06-15 03:23:29] [INFO] [deepseek] AI analysis USDJPY: bias=bullish score=75.0 conf=0.80
[2026-06-15 03:23:29] [DEBUG] [signal_engine] Signal: BUY score=75.0 conf=0.80 valid=True
[2026-06-15 03:23:29] [DEBUG] [market_client] Indicators API error for USDJPY: {'code': 404, 'status': 'Not Found'}
[2026-06-15 03:23:29] [DEBUG] [indicators] No trend data for USDJPY, using neutral
[2026-06-15 03:23:29] [DEBUG] [market_client] Indicators API error for USDJPY: {'code': 404, 'status': 'Not Found'}
[2026-06-15 03:23:29] [DEBUG] [indicators] No momentum data for USDJPY, using neutral
[2026-06-15 03:23:29] [DEBUG] [market_client] Indicators API error for USDJPY: {'code': 404, 'status': 'Not Found'}
[2026-06-15 03:23:29] [DEBUG] [indicators] No momentum data for USDJPY, using neutral
[2026-06-15 03:23:29] [INFO] [mtf] MTF USDJPY: H4=neutral H1=neutral M15=neutral aligned=False (weak)
[2026-06-15 03:23:29] [DEBUG] [market_client] Indicators API error for USDJPY: {'code': 404, 'status': 'Not Found'}
[2026-06-15 03:23:29] [DEBUG] [indicators] No trend data for USDJPY, using neutral
[2026-06-15 03:23:29] [DEBUG] [market_client] Indicators API error for USDJPY: {'code': 404, 'status': 'Not Found'}
[2026-06-15 03:23:29] [DEBUG] [indicators] No momentum data for USDJPY, using neutral
[2026-06-15 03:23:29] [DEBUG] [market_client] Indicators API error for USDJPY: {'code': 404, 'status': 'Not Found'}
[2026-06-15 03:23:29] [DEBUG] [indicators] No volatility data for USDJPY, using neutral
[2026-06-15 03:23:29] [DEBUG] [market_client] Indicators API error for USDJPY: {'code': 404, 'status': 'Not Found'}
[2026-06-15 03:23:29] [DEBUG] [indicators] No trend data for USDJPY, using neutral
[2026-06-15 03:23:29] [DEBUG] [market_client] Indicators API error for USDJPY: {'code': 404, 'status': 'Not Found'}
[2026-06-15 03:23:29] [DEBUG] [indicators] No volatility data for USDJPY, using neutral
[2026-06-15 03:23:29] [INFO] [voting_engine] USDJPY: MTF not aligned, reducing score
[2026-06-15 03:23:29] [INFO] [main] USDJPY: SKIP - Score 11.0 < 65
[2026-06-15 03:23:30] [INFO] [main] Sleeping 1800s...
[2026-06-15 03:49:09] [INFO] [main] Trading Bot V3 starting...
[2026-06-15 03:49:09] [INFO] [database] V3 Database initialized with all tables
[2026-06-15 03:49:10] [INFO] [qd_client] Logged in to QuantDinger
[2026-06-15 03:49:10] [INFO] [qd_client] MT5 connected
[2026-06-15 03:49:10] [INFO] [main] MT5 connected
[2026-06-15 03:49:10] [INFO] [telegram_bot] Telegram polling started
[2026-06-15 03:49:10] [INFO] [telegram_bot] Telegram bot V3 started
[2026-06-15 03:49:10] [INFO] [mt5_watchdog] MT5 watchdog started (V1 reconnect logic)
[2026-06-15 03:49:10] [INFO] [reconciliation] Reconciliation loop started (every 60s)
[2026-06-15 03:49:10] [INFO] [reconciliation] Reconciliation thread started
[2026-06-15 03:49:10] [INFO] [main] ==================================================
[2026-06-15 03:49:10] [INFO] [main] Cycle 1 at 03:49:10
[2026-06-15 03:49:15] [INFO] [news_fetcher] Fetched 7 relevant news items
[2026-06-15 03:49:15] [INFO] [main] Equity: 100000.00$ | News: 7
[2026-06-15 03:49:15] [INFO] [main] --- EURUSD ---
[2026-06-15 03:49:18] [INFO] [deepseek] AI analysis EURUSD: bias=bullish score=75.0 conf=0.80
[2026-06-15 03:49:18] [DEBUG] [signal_engine] Signal: BUY score=75.0 conf=0.80 valid=True
[2026-06-15 03:49:18] [DEBUG] [market_client] Indicators API error for EURUSD: {'code': 404, 'status': 'Not Found'}
[2026-06-15 03:49:18] [DEBUG] [indicators] No trend data for EURUSD, using neutral
[2026-06-15 03:49:18] [DEBUG] [market_client] Indicators API error for EURUSD: {'code': 404, 'status': 'Not Found'}
[2026-06-15 03:49:18] [DEBUG] [indicators] No momentum data for EURUSD, using neutral
[2026-06-15 03:49:18] [DEBUG] [market_client] Indicators API error for EURUSD: {'code': 404, 'status': 'Not Found'}
[2026-06-15 03:49:18] [DEBUG] [indicators] No momentum data for EURUSD, using neutral
[2026-06-15 03:49:18] [INFO] [mtf] MTF EURUSD: H4=neutral H1=neutral M15=neutral aligned=False (weak)
[2026-06-15 03:49:18] [DEBUG] [market_client] Indicators API error for EURUSD: {'code': 404, 'status': 'Not Found'}
[2026-06-15 03:49:18] [DEBUG] [indicators] No trend data for EURUSD, using neutral
[2026-06-15 03:49:18] [DEBUG] [market_client] Indicators API error for EURUSD: {'code': 404, 'status': 'Not Found'}
[2026-06-15 03:49:18] [DEBUG] [indicators] No momentum data for EURUSD, using neutral
[2026-06-15 03:49:18] [DEBUG] [market_client] Indicators API error for EURUSD: {'code': 404, 'status': 'Not Found'}
[2026-06-15 03:49:18] [DEBUG] [indicators] No volatility data for EURUSD, using neutral
[2026-06-15 03:49:18] [DEBUG] [market_client] Indicators API error for EURUSD: {'code': 404, 'status': 'Not Found'}
[2026-06-15 03:49:18] [DEBUG] [indicators] No trend data for EURUSD, using neutral
[2026-06-15 03:49:18] [DEBUG] [market_client] Indicators API error for EURUSD: {'code': 404, 'status': 'Not Found'}
[2026-06-15 03:49:18] [DEBUG] [indicators] No volatility data for EURUSD, using neutral
[2026-06-15 03:49:18] [INFO] [voting_engine] EURUSD: MTF not aligned, reducing score
[2026-06-15 03:49:18] [INFO] [main] EURUSD: SKIP - Score 11.0 < 65
[2026-06-15 03:49:18] [INFO] [main] --- XAUUSD ---
[2026-06-15 03:49:21] [INFO] [deepseek] AI analysis XAUUSD: bias=bullish score=75.0 conf=0.80
[2026-06-15 03:49:21] [DEBUG] [signal_engine] Signal: BUY score=75.0 conf=0.80 valid=True
[2026-06-15 03:49:21] [INFO] [sentiment] Sentiment XAUUSD: bullish score=100 bull=2 bear=0
[2026-06-15 03:49:21] [DEBUG] [market_client] Indicators API error for XAUUSD: {'code': 404, 'status': 'Not Found'}
[2026-06-15 03:49:21] [DEBUG] [indicators] No trend data for XAUUSD, using neutral
[2026-06-15 03:49:21] [DEBUG] [market_client] Indicators API error for XAUUSD: {'code': 404, 'status': 'Not Found'}
[2026-06-15 03:49:21] [DEBUG] [indicators] No momentum data for XAUUSD, using neutral
[2026-06-15 03:49:21] [DEBUG] [market_client] Indicators API error for XAUUSD: {'code': 404, 'status': 'Not Found'}
[2026-06-15 03:49:21] [DEBUG] [indicators] No momentum data for XAUUSD, using neutral
[2026-06-15 03:49:21] [INFO] [mtf] MTF XAUUSD: H4=neutral H1=neutral M15=neutral aligned=False (weak)
[2026-06-15 03:49:21] [DEBUG] [market_client] Indicators API error for XAUUSD: {'code': 404, 'status': 'Not Found'}
[2026-06-15 03:49:21] [DEBUG] [indicators] No trend data for XAUUSD, using neutral
[2026-06-15 03:49:21] [DEBUG] [market_client] Indicators API error for XAUUSD: {'code': 404, 'status': 'Not Found'}
[2026-06-15 03:49:21] [DEBUG] [indicators] No momentum data for XAUUSD, using neutral
[2026-06-15 03:49:21] [DEBUG] [market_client] Indicators API error for XAUUSD: {'code': 404, 'status': 'Not Found'}
[2026-06-15 03:49:21] [DEBUG] [indicators] No volatility data for XAUUSD, using neutral
[2026-06-15 03:49:21] [DEBUG] [market_client] Indicators API error for XAUUSD: {'code': 404, 'status': 'Not Found'}
[2026-06-15 03:49:21] [DEBUG] [indicators] No trend data for XAUUSD, using neutral
[2026-06-15 03:49:21] [DEBUG] [market_client] Indicators API error for XAUUSD: {'code': 404, 'status': 'Not Found'}
[2026-06-15 03:49:21] [DEBUG] [indicators] No volatility data for XAUUSD, using neutral
[2026-06-15 03:49:21] [INFO] [voting_engine] XAUUSD: MTF not aligned, reducing score
[2026-06-15 03:49:21] [INFO] [main] XAUUSD: SKIP - Score 12.4 < 65
[2026-06-15 03:49:21] [INFO] [main] --- GBPUSD ---
[2026-06-15 03:49:24] [INFO] [deepseek] AI analysis GBPUSD: bias=bullish score=75.0 conf=0.80
[2026-06-15 03:49:24] [DEBUG] [signal_engine] Signal: BUY score=75.0 conf=0.80 valid=True
[2026-06-15 03:49:24] [DEBUG] [market_client] Indicators API error for GBPUSD: {'code': 404, 'status': 'Not Found'}
[2026-06-15 03:49:24] [DEBUG] [indicators] No trend data for GBPUSD, using neutral
[2026-06-15 03:49:24] [DEBUG] [market_client] Indicators API error for GBPUSD: {'code': 404, 'status': 'Not Found'}
[2026-06-15 03:49:24] [DEBUG] [indicators] No momentum data for GBPUSD, using neutral
[2026-06-15 03:49:24] [DEBUG] [market_client] Indicators API error for GBPUSD: {'code': 404, 'status': 'Not Found'}
[2026-06-15 03:49:24] [DEBUG] [indicators] No momentum data for GBPUSD, using neutral
[2026-06-15 03:49:24] [INFO] [mtf] MTF GBPUSD: H4=neutral H1=neutral M15=neutral aligned=False (weak)
[2026-06-15 03:49:24] [DEBUG] [market_client] Indicators API error for GBPUSD: {'code': 404, 'status': 'Not Found'}
[2026-06-15 03:49:24] [DEBUG] [indicators] No trend data for GBPUSD, using neutral
[2026-06-15 03:49:24] [DEBUG] [market_client] Indicators API error for GBPUSD: {'code': 404, 'status': 'Not Found'}
[2026-06-15 03:49:24] [DEBUG] [indicators] No momentum data for GBPUSD, using neutral
[2026-06-15 03:49:24] [DEBUG] [market_client] Indicators API error for GBPUSD: {'code': 404, 'status': 'Not Found'}
[2026-06-15 03:49:25] [DEBUG] [indicators] No volatility data for GBPUSD, using neutral
[2026-06-15 03:49:25] [DEBUG] [market_client] Indicators API error for GBPUSD: {'code': 404, 'status': 'Not Found'}
[2026-06-15 03:49:25] [DEBUG] [indicators] No trend data for GBPUSD, using neutral
[2026-06-15 03:49:25] [DEBUG] [market_client] Indicators API error for GBPUSD: {'code': 404, 'status': 'Not Found'}
[2026-06-15 03:49:25] [DEBUG] [indicators] No volatility data for GBPUSD, using neutral
[2026-06-15 03:49:25] [INFO] [voting_engine] GBPUSD: MTF not aligned, reducing score
[2026-06-15 03:49:25] [INFO] [main] GBPUSD: SKIP - Score 11.0 < 65
[2026-06-15 03:49:25] [INFO] [main] --- USDJPY ---
[2026-06-15 03:49:27] [INFO] [deepseek] AI analysis USDJPY: bias=bullish score=75.0 conf=0.80
[2026-06-15 03:49:27] [DEBUG] [signal_engine] Signal: BUY score=75.0 conf=0.80 valid=True
[2026-06-15 03:49:27] [DEBUG] [market_client] Indicators API error for USDJPY: {'code': 404, 'status': 'Not Found'}
[2026-06-15 03:49:27] [DEBUG] [indicators] No trend data for USDJPY, using neutral
[2026-06-15 03:49:27] [DEBUG] [market_client] Indicators API error for USDJPY: {'code': 404, 'status': 'Not Found'}
[2026-06-15 03:49:27] [DEBUG] [indicators] No momentum data for USDJPY, using neutral
[2026-06-15 03:49:27] [DEBUG] [market_client] Indicators API error for USDJPY: {'code': 404, 'status': 'Not Found'}
[2026-06-15 03:49:27] [DEBUG] [indicators] No momentum data for USDJPY, using neutral
[2026-06-15 03:49:27] [INFO] [mtf] MTF USDJPY: H4=neutral H1=neutral M15=neutral aligned=False (weak)
[2026-06-15 03:49:27] [DEBUG] [market_client] Indicators API error for USDJPY: {'code': 404, 'status': 'Not Found'}
[2026-06-15 03:49:27] [DEBUG] [indicators] No trend data for USDJPY, using neutral
[2026-06-15 03:49:27] [DEBUG] [market_client] Indicators API error for USDJPY: {'code': 404, 'status': 'Not Found'}
[2026-06-15 03:49:27] [DEBUG] [indicators] No momentum data for USDJPY, using neutral
[2026-06-15 03:49:27] [DEBUG] [market_client] Indicators API error for USDJPY: {'code': 404, 'status': 'Not Found'}
[2026-06-15 03:49:27] [DEBUG] [indicators] No volatility data for USDJPY, using neutral
[2026-06-15 03:49:27] [DEBUG] [market_client] Indicators API error for USDJPY: {'code': 404, 'status': 'Not Found'}
[2026-06-15 03:49:27] [DEBUG] [indicators] No trend data for USDJPY, using neutral
[2026-06-15 03:49:27] [DEBUG] [market_client] Indicators API error for USDJPY: {'code': 404, 'status': 'Not Found'}
[2026-06-15 03:49:27] [DEBUG] [indicators] No volatility data for USDJPY, using neutral
[2026-06-15 03:49:27] [INFO] [voting_engine] USDJPY: MTF not aligned, reducing score
[2026-06-15 03:49:27] [INFO] [main] USDJPY: SKIP - Score 11.0 < 65
[2026-06-15 03:49:27] [INFO] [main] Sleeping 1800s...
[2026-06-15 03:49:39] [WARNING] [mt5_watchdog] MT5 disconnected! Attempt 1/3
[2026-06-15 03:49:40] [INFO] [qd_client] Logged in to QuantDinger
[2026-06-15 03:49:40] [INFO] [mt5_watchdog] MT5 already connected
[2026-06-15 03:49:40] [INFO] [mt5_watchdog] MT5 reconnected successfully!
[2026-06-15 03:51:29] [INFO] [main] Trading Bot V3 starting...
[2026-06-15 03:51:29] [INFO] [database] V3 Database initialized with all tables
[2026-06-15 03:51:30] [INFO] [qd_client] Logged in to QuantDinger
[2026-06-15 03:51:30] [INFO] [qd_client] MT5 connected
[2026-06-15 03:51:30] [INFO] [main] MT5 connected
[2026-06-15 03:51:30] [INFO] [telegram_bot] Telegram polling started
[2026-06-15 03:51:30] [INFO] [telegram_bot] Telegram bot V3 started
[2026-06-15 03:51:30] [INFO] [mt5_watchdog] MT5 watchdog started (V1 reconnect logic)
[2026-06-15 03:51:30] [INFO] [reconciliation] Reconciliation loop started (every 60s)
[2026-06-15 03:51:30] [INFO] [reconciliation] Reconciliation thread started
[2026-06-15 03:51:31] [INFO] [main] ==================================================
[2026-06-15 03:51:31] [INFO] [main] Cycle 1 at 03:51:31
[2026-06-15 03:51:35] [INFO] [news_fetcher] Fetched 6 relevant news items
[2026-06-15 03:51:35] [INFO] [main] Equity: 100000.00$ | News: 6
[2026-06-15 03:51:35] [INFO] [main] --- EURUSD ---
[2026-06-15 03:51:38] [INFO] [deepseek] AI analysis EURUSD: bias=bullish score=75.0 conf=0.80
[2026-06-15 03:51:38] [DEBUG] [signal_engine] Signal: BUY score=75.0 conf=0.80 valid=True
[2026-06-15 03:51:38] [DEBUG] [market_client] Indicators API error for EURUSD: {'code': 404, 'status': 'Not Found'}
[2026-06-15 03:51:38] [DEBUG] [indicators] No trend data for EURUSD, using neutral
[2026-06-15 03:51:38] [DEBUG] [market_client] Indicators API error for EURUSD: {'code': 404, 'status': 'Not Found'}
[2026-06-15 03:51:38] [DEBUG] [indicators] No momentum data for EURUSD, using neutral
[2026-06-15 03:51:38] [DEBUG] [market_client] Indicators API error for EURUSD: {'code': 404, 'status': 'Not Found'}
[2026-06-15 03:51:38] [DEBUG] [indicators] No momentum data for EURUSD, using neutral
[2026-06-15 03:51:38] [INFO] [mtf] MTF EURUSD: H4=neutral H1=neutral M15=neutral aligned=False (weak)
[2026-06-15 03:51:38] [DEBUG] [market_client] Indicators API error for EURUSD: {'code': 404, 'status': 'Not Found'}
[2026-06-15 03:51:38] [DEBUG] [indicators] No trend data for EURUSD, using neutral
[2026-06-15 03:51:38] [DEBUG] [market_client] Indicators API error for EURUSD: {'code': 404, 'status': 'Not Found'}
[2026-06-15 03:51:38] [DEBUG] [indicators] No momentum data for EURUSD, using neutral
[2026-06-15 03:51:38] [DEBUG] [market_client] Indicators API error for EURUSD: {'code': 404, 'status': 'Not Found'}
[2026-06-15 03:51:38] [DEBUG] [indicators] No volatility data for EURUSD, using neutral
[2026-06-15 03:51:38] [DEBUG] [market_client] Indicators API error for EURUSD: {'code': 404, 'status': 'Not Found'}
[2026-06-15 03:51:38] [DEBUG] [indicators] No trend data for EURUSD, using neutral
[2026-06-15 03:51:38] [DEBUG] [market_client] Indicators API error for EURUSD: {'code': 404, 'status': 'Not Found'}
[2026-06-15 03:51:38] [DEBUG] [indicators] No volatility data for EURUSD, using neutral
[2026-06-15 03:51:38] [INFO] [voting_engine] EURUSD: MTF not aligned, reducing score
[2026-06-15 03:51:38] [INFO] [main] EURUSD: SKIP - Score 11.0 < 65
[2026-06-15 03:51:38] [INFO] [main] --- XAUUSD ---
[2026-06-15 03:51:41] [INFO] [deepseek] AI analysis XAUUSD: bias=bullish score=75.0 conf=0.80
[2026-06-15 03:51:41] [DEBUG] [signal_engine] Signal: BUY score=75.0 conf=0.80 valid=True
[2026-06-15 03:51:41] [INFO] [sentiment] Sentiment XAUUSD: bullish score=100 bull=1 bear=0
[2026-06-15 03:51:41] [DEBUG] [market_client] Indicators API error for XAUUSD: {'code': 404, 'status': 'Not Found'}
[2026-06-15 03:51:41] [DEBUG] [indicators] No trend data for XAUUSD, using neutral
[2026-06-15 03:51:41] [DEBUG] [market_client] Indicators API error for XAUUSD: {'code': 404, 'status': 'Not Found'}
[2026-06-15 03:51:41] [DEBUG] [indicators] No momentum data for XAUUSD, using neutral
[2026-06-15 03:51:41] [DEBUG] [market_client] Indicators API error for XAUUSD: {'code': 404, 'status': 'Not Found'}
[2026-06-15 03:51:41] [DEBUG] [indicators] No momentum data for XAUUSD, using neutral
[2026-06-15 03:51:41] [INFO] [mtf] MTF XAUUSD: H4=neutral H1=neutral M15=neutral aligned=False (weak)
[2026-06-15 03:51:41] [DEBUG] [market_client] Indicators API error for XAUUSD: {'code': 404, 'status': 'Not Found'}
[2026-06-15 03:51:41] [DEBUG] [indicators] No trend data for XAUUSD, using neutral
[2026-06-15 03:51:41] [DEBUG] [market_client] Indicators API error for XAUUSD: {'code': 404, 'status': 'Not Found'}
[2026-06-15 03:51:41] [DEBUG] [indicators] No momentum data for XAUUSD, using neutral
[2026-06-15 03:51:41] [DEBUG] [market_client] Indicators API error for XAUUSD: {'code': 404, 'status': 'Not Found'}
[2026-06-15 03:51:41] [DEBUG] [indicators] No volatility data for XAUUSD, using neutral
[2026-06-15 03:51:41] [DEBUG] [market_client] Indicators API error for XAUUSD: {'code': 404, 'status': 'Not Found'}
[2026-06-15 03:51:41] [DEBUG] [indicators] No trend data for XAUUSD, using neutral
[2026-06-15 03:51:41] [DEBUG] [market_client] Indicators API error for XAUUSD: {'code': 404, 'status': 'Not Found'}
[2026-06-15 03:51:41] [DEBUG] [indicators] No volatility data for XAUUSD, using neutral
[2026-06-15 03:51:41] [INFO] [voting_engine] XAUUSD: MTF not aligned, reducing score
[2026-06-15 03:51:41] [INFO] [main] XAUUSD: SKIP - Score 12.4 < 65
[2026-06-15 03:51:41] [INFO] [main] --- GBPUSD ---
[2026-06-15 03:51:41] [WARNING] [mt5_watchdog] MT5 disconnected! Attempt 1/3
[2026-06-15 03:51:43] [INFO] [qd_client] Logged in to QuantDinger
[2026-06-15 03:51:43] [INFO] [mt5_watchdog] MT5 already connected
[2026-06-15 03:51:43] [INFO] [mt5_watchdog] MT5 reconnected successfully!
[2026-06-15 03:51:44] [INFO] [deepseek] AI analysis GBPUSD: bias=bullish score=75.0 conf=0.80
[2026-06-15 03:51:44] [DEBUG] [signal_engine] Signal: BUY score=75.0 conf=0.80 valid=True
[2026-06-15 03:51:44] [DEBUG] [market_client] Indicators API error for GBPUSD: {'code': 404, 'status': 'Not Found'}
[2026-06-15 03:51:44] [DEBUG] [indicators] No trend data for GBPUSD, using neutral
[2026-06-15 03:51:44] [DEBUG] [market_client] Indicators API error for GBPUSD: {'code': 404, 'status': 'Not Found'}
[2026-06-15 03:51:44] [DEBUG] [indicators] No momentum data for GBPUSD, using neutral
[2026-06-15 03:51:44] [DEBUG] [market_client] Indicators API error for GBPUSD: {'code': 404, 'status': 'Not Found'}
[2026-06-15 03:51:44] [DEBUG] [indicators] No momentum data for GBPUSD, using neutral
[2026-06-15 03:51:44] [INFO] [mtf] MTF GBPUSD: H4=neutral H1=neutral M15=neutral aligned=False (weak)
[2026-06-15 03:51:44] [DEBUG] [market_client] Indicators API error for GBPUSD: {'code': 404, 'status': 'Not Found'}
[2026-06-15 03:51:44] [DEBUG] [indicators] No trend data for GBPUSD, using neutral
[2026-06-15 03:51:44] [DEBUG] [market_client] Indicators API error for GBPUSD: {'code': 404, 'status': 'Not Found'}
[2026-06-15 03:51:44] [DEBUG] [indicators] No momentum data for GBPUSD, using neutral
[2026-06-15 03:51:44] [DEBUG] [market_client] Indicators API error for GBPUSD: {'code': 404, 'status': 'Not Found'}
[2026-06-15 03:51:44] [DEBUG] [indicators] No volatility data for GBPUSD, using neutral
[2026-06-15 03:51:44] [DEBUG] [market_client] Indicators API error for GBPUSD: {'code': 404, 'status': 'Not Found'}
[2026-06-15 03:51:44] [DEBUG] [indicators] No trend data for GBPUSD, using neutral
[2026-06-15 03:51:44] [DEBUG] [market_client] Indicators API error for GBPUSD: {'code': 404, 'status': 'Not Found'}
[2026-06-15 03:51:44] [DEBUG] [indicators] No volatility data for GBPUSD, using neutral
[2026-06-15 03:51:44] [INFO] [voting_engine] GBPUSD: MTF not aligned, reducing score
[2026-06-15 03:51:44] [INFO] [main] GBPUSD: SKIP - Score 11.0 < 65
[2026-06-15 03:51:44] [INFO] [main] --- USDJPY ---
[2026-06-15 03:51:47] [INFO] [deepseek] AI analysis USDJPY: bias=bullish score=75.0 conf=0.80
[2026-06-15 03:51:47] [DEBUG] [signal_engine] Signal: BUY score=75.0 conf=0.80 valid=True
[2026-06-15 03:51:47] [DEBUG] [market_client] Indicators API error for USDJPY: {'code': 404, 'status': 'Not Found'}
[2026-06-15 03:51:47] [DEBUG] [indicators] No trend data for USDJPY, using neutral
[2026-06-15 03:51:47] [DEBUG] [market_client] Indicators API error for USDJPY: {'code': 404, 'status': 'Not Found'}
[2026-06-15 03:51:47] [DEBUG] [indicators] No momentum data for USDJPY, using neutral
[2026-06-15 03:51:47] [DEBUG] [market_client] Indicators API error for USDJPY: {'code': 404, 'status': 'Not Found'}
[2026-06-15 03:51:47] [DEBUG] [indicators] No momentum data for USDJPY, using neutral
[2026-06-15 03:51:47] [INFO] [mtf] MTF USDJPY: H4=neutral H1=neutral M15=neutral aligned=False (weak)
[2026-06-15 03:51:47] [DEBUG] [market_client] Indicators API error for USDJPY: {'code': 404, 'status': 'Not Found'}
[2026-06-15 03:51:47] [DEBUG] [indicators] No trend data for USDJPY, using neutral
[2026-06-15 03:51:47] [DEBUG] [market_client] Indicators API error for USDJPY: {'code': 404, 'status': 'Not Found'}
[2026-06-15 03:51:47] [DEBUG] [indicators] No momentum data for USDJPY, using neutral
[2026-06-15 03:51:47] [DEBUG] [market_client] Indicators API error for USDJPY: {'code': 404, 'status': 'Not Found'}
[2026-06-15 03:51:47] [DEBUG] [indicators] No volatility data for USDJPY, using neutral
[2026-06-15 03:51:47] [DEBUG] [market_client] Indicators API error for USDJPY: {'code': 404, 'status': 'Not Found'}
[2026-06-15 03:51:47] [DEBUG] [indicators] No trend data for USDJPY, using neutral
[2026-06-15 03:51:47] [DEBUG] [market_client] Indicators API error for USDJPY: {'code': 404, 'status': 'Not Found'}
[2026-06-15 03:51:47] [DEBUG] [indicators] No volatility data for USDJPY, using neutral
[2026-06-15 03:51:47] [INFO] [voting_engine] USDJPY: MTF not aligned, reducing score
[2026-06-15 03:51:47] [INFO] [main] USDJPY: SKIP - Score 11.0 < 65
[2026-06-15 03:51:47] [INFO] [main] Sleeping 1800s...
[2026-06-15 03:52:30] [WARNING] [mt5_watchdog] MT5 disconnected! Attempt 1/3
[2026-06-15 03:52:32] [INFO] [qd_client] Logged in to QuantDinger
[2026-06-15 03:52:32] [INFO] [mt5_watchdog] MT5 already connected
[2026-06-15 03:52:32] [INFO] [mt5_watchdog] MT5 reconnected successfully!
[2026-06-15 03:53:29] [INFO] [main] ==================================================
[2026-06-15 03:53:29] [INFO] [main] Cycle 4 at 03:53:29
[2026-06-15 03:53:29] [WARNING] [main] MT5 disconnected, reconnecting...
[2026-06-15 03:53:29] [WARNING] [main] MT5 still disconnected
[2026-06-15 03:53:29] [INFO] [main] Sleeping 1800s...
[2026-06-15 03:53:44] [WARNING] [mt5_watchdog] MT5 disconnected! Attempt 1/3
[2026-06-15 03:53:46] [INFO] [qd_client] Logged in to QuantDinger
[2026-06-15 03:53:46] [INFO] [mt5_watchdog] MT5 already connected
[2026-06-15 03:53:46] [INFO] [mt5_watchdog] MT5 reconnected successfully!
[2026-06-15 03:54:33] [WARNING] [mt5_watchdog] MT5 disconnected! Attempt 1/3
[2026-06-15 03:54:35] [INFO] [qd_client] Logged in to QuantDinger
[2026-06-15 03:54:35] [INFO] [mt5_watchdog] MT5 already connected
[2026-06-15 03:54:35] [INFO] [mt5_watchdog] MT5 reconnected successfully!
[2026-06-15 03:55:47] [WARNING] [mt5_watchdog] MT5 disconnected! Attempt 1/3
[2026-06-15 03:55:49] [INFO] [qd_client] Logged in to QuantDinger
[2026-06-15 03:55:49] [INFO] [mt5_watchdog] MT5 already connected
[2026-06-15 03:55:49] [INFO] [mt5_watchdog] MT5 reconnected successfully!
[2026-06-15 03:56:37] [WARNING] [mt5_watchdog] MT5 disconnected! Attempt 1/3
[2026-06-15 03:56:39] [INFO] [qd_client] Logged in to QuantDinger
[2026-06-15 03:56:39] [INFO] [mt5_watchdog] MT5 already connected
[2026-06-15 03:56:39] [INFO] [mt5_watchdog] MT5 reconnected successfully!
[2026-06-15 03:57:50] [WARNING] [mt5_watchdog] MT5 disconnected! Attempt 1/3
[2026-06-15 03:57:52] [INFO] [qd_client] Logged in to QuantDinger
[2026-06-15 03:57:52] [INFO] [mt5_watchdog] MT5 already connected
[2026-06-15 03:57:52] [INFO] [mt5_watchdog] MT5 reconnected successfully!
[2026-06-15 03:58:41] [WARNING] [mt5_watchdog] MT5 disconnected! Attempt 1/3
[2026-06-15 03:58:42] [INFO] [qd_client] Logged in to QuantDinger
[2026-06-15 03:58:42] [INFO] [mt5_watchdog] MT5 already connected
[2026-06-15 03:58:42] [INFO] [mt5_watchdog] MT5 reconnected successfully!
[2026-06-15 03:59:53] [WARNING] [mt5_watchdog] MT5 disconnected! Attempt 1/3
[2026-06-15 03:59:55] [INFO] [qd_client] Logged in to QuantDinger
[2026-06-15 03:59:55] [INFO] [mt5_watchdog] MT5 already connected
[2026-06-15 03:59:55] [INFO] [mt5_watchdog] MT5 reconnected successfully!
[2026-06-15 04:00:44] [WARNING] [mt5_watchdog] MT5 disconnected! Attempt 1/3
[2026-06-15 04:00:46] [INFO] [qd_client] Logged in to QuantDinger
[2026-06-15 04:00:46] [INFO] [mt5_watchdog] MT5 already connected
[2026-06-15 04:00:46] [INFO] [mt5_watchdog] MT5 reconnected successfully!
[2026-06-15 04:00:52] [INFO] [main] Trading Bot V3 starting...
[2026-06-15 04:00:52] [INFO] [database] V3 Database initialized with all tables
[2026-06-15 04:00:52] [INFO] [qd_client] Logged in to QuantDinger
[2026-06-15 04:00:52] [INFO] [qd_client] MT5 connected
[2026-06-15 04:00:52] [INFO] [main] MT5 connected
[2026-06-15 04:00:52] [INFO] [telegram_bot] Telegram polling started
[2026-06-15 04:00:52] [INFO] [telegram_bot] Telegram bot V3 started
[2026-06-15 04:00:52] [INFO] [mt5_watchdog] MT5 watchdog started (V1 reconnect logic)
[2026-06-15 04:00:52] [INFO] [reconciliation] Reconciliation loop started (every 60s)
[2026-06-15 04:00:52] [INFO] [reconciliation] Reconciliation thread started
[2026-06-15 04:00:54] [INFO] [main] ==================================================
[2026-06-15 04:00:54] [INFO] [main] Cycle 1 at 04:00:54
[2026-06-15 04:00:58] [INFO] [news_fetcher] Fetched 6 relevant news items
[2026-06-15 04:00:58] [INFO] [main] Equity: 100000.00$ | News: 6
[2026-06-15 04:00:58] [INFO] [main] --- EURUSD ---
[2026-06-15 04:01:01] [INFO] [deepseek] AI analysis EURUSD: bias=bullish score=75.0 conf=0.80
[2026-06-15 04:01:01] [DEBUG] [signal_engine] Signal: BUY score=75.0 conf=0.80 valid=True
[2026-06-15 04:01:01] [DEBUG] [market_client] Indicators API error for EURUSD: {'code': 404, 'status': 'Not Found'}
[2026-06-15 04:01:01] [DEBUG] [indicators] No trend data for EURUSD, using neutral
[2026-06-15 04:01:01] [DEBUG] [market_client] Indicators API error for EURUSD: {'code': 404, 'status': 'Not Found'}
[2026-06-15 04:01:01] [DEBUG] [indicators] No momentum data for EURUSD, using neutral
[2026-06-15 04:01:01] [DEBUG] [market_client] Indicators API error for EURUSD: {'code': 404, 'status': 'Not Found'}
[2026-06-15 04:01:01] [DEBUG] [indicators] No momentum data for EURUSD, using neutral
[2026-06-15 04:01:01] [INFO] [mtf] MTF EURUSD: H4=neutral H1=neutral M15=neutral aligned=False (weak)
[2026-06-15 04:01:01] [DEBUG] [market_client] Indicators API error for EURUSD: {'code': 404, 'status': 'Not Found'}
[2026-06-15 04:01:01] [DEBUG] [indicators] No trend data for EURUSD, using neutral
[2026-06-15 04:01:01] [DEBUG] [market_client] Indicators API error for EURUSD: {'code': 404, 'status': 'Not Found'}
[2026-06-15 04:01:01] [DEBUG] [indicators] No momentum data for EURUSD, using neutral
[2026-06-15 04:01:01] [DEBUG] [market_client] Indicators API error for EURUSD: {'code': 404, 'status': 'Not Found'}
[2026-06-15 04:01:01] [DEBUG] [indicators] No volatility data for EURUSD, using neutral
[2026-06-15 04:01:01] [DEBUG] [market_client] Indicators API error for EURUSD: {'code': 404, 'status': 'Not Found'}
[2026-06-15 04:01:01] [DEBUG] [indicators] No trend data for EURUSD, using neutral
[2026-06-15 04:01:01] [DEBUG] [market_client] Indicators API error for EURUSD: {'code': 404, 'status': 'Not Found'}
[2026-06-15 04:01:01] [DEBUG] [indicators] No volatility data for EURUSD, using neutral
[2026-06-15 04:01:01] [INFO] [voting_engine] EURUSD: MTF not aligned, reducing score
[2026-06-15 04:01:01] [INFO] [main] EURUSD: SKIP - Score 11.0 < 65
[2026-06-15 04:01:01] [INFO] [main] --- XAUUSD ---
[2026-06-15 04:01:03] [INFO] [deepseek] AI analysis XAUUSD: bias=bullish score=75.0 conf=0.80
[2026-06-15 04:01:03] [DEBUG] [signal_engine] Signal: BUY score=75.0 conf=0.80 valid=True
[2026-06-15 04:01:03] [INFO] [sentiment] Sentiment XAUUSD: bullish score=100 bull=1 bear=0
[2026-06-15 04:01:03] [DEBUG] [market_client] Indicators API error for XAUUSD: {'code': 404, 'status': 'Not Found'}
[2026-06-15 04:01:03] [DEBUG] [indicators] No trend data for XAUUSD, using neutral
[2026-06-15 04:01:03] [DEBUG] [market_client] Indicators API error for XAUUSD: {'code': 404, 'status': 'Not Found'}
[2026-06-15 04:01:03] [DEBUG] [indicators] No momentum data for XAUUSD, using neutral
[2026-06-15 04:01:03] [DEBUG] [market_client] Indicators API error for XAUUSD: {'code': 404, 'status': 'Not Found'}
[2026-06-15 04:01:03] [DEBUG] [indicators] No momentum data for XAUUSD, using neutral
[2026-06-15 04:01:03] [INFO] [mtf] MTF XAUUSD: H4=neutral H1=neutral M15=neutral aligned=False (weak)
[2026-06-15 04:01:03] [DEBUG] [market_client] Indicators API error for XAUUSD: {'code': 404, 'status': 'Not Found'}
[2026-06-15 04:01:03] [DEBUG] [indicators] No trend data for XAUUSD, using neutral
[2026-06-15 04:01:03] [DEBUG] [market_client] Indicators API error for XAUUSD: {'code': 404, 'status': 'Not Found'}
[2026-06-15 04:01:03] [DEBUG] [indicators] No momentum data for XAUUSD, using neutral
[2026-06-15 04:01:03] [DEBUG] [market_client] Indicators API error for XAUUSD: {'code': 404, 'status': 'Not Found'}
[2026-06-15 04:01:03] [DEBUG] [indicators] No volatility data for XAUUSD, using neutral
[2026-06-15 04:01:03] [DEBUG] [market_client] Indicators API error for XAUUSD: {'code': 404, 'status': 'Not Found'}
[2026-06-15 04:01:03] [DEBUG] [indicators] No trend data for XAUUSD, using neutral
[2026-06-15 04:01:03] [DEBUG] [market_client] Indicators API error for XAUUSD: {'code': 404, 'status': 'Not Found'}
[2026-06-15 04:01:03] [DEBUG] [indicators] No volatility data for XAUUSD, using neutral
[2026-06-15 04:01:03] [INFO] [voting_engine] XAUUSD: MTF not aligned, reducing score
[2026-06-15 04:01:03] [INFO] [main] XAUUSD: SKIP - Score 12.4 < 65
[2026-06-15 04:01:03] [INFO] [main] --- GBPUSD ---
[2026-06-15 04:01:06] [INFO] [deepseek] AI analysis GBPUSD: bias=bullish score=75.0 conf=0.80
[2026-06-15 04:01:06] [DEBUG] [signal_engine] Signal: BUY score=75.0 conf=0.80 valid=True
[2026-06-15 04:01:06] [DEBUG] [market_client] Indicators API error for GBPUSD: {'code': 404, 'status': 'Not Found'}
[2026-06-15 04:01:06] [DEBUG] [indicators] No trend data for GBPUSD, using neutral
[2026-06-15 04:01:06] [DEBUG] [market_client] Indicators API error for GBPUSD: {'code': 404, 'status': 'Not Found'}
[2026-06-15 04:01:06] [DEBUG] [indicators] No momentum data for GBPUSD, using neutral
[2026-06-15 04:01:06] [DEBUG] [market_client] Indicators API error for GBPUSD: {'code': 404, 'status': 'Not Found'}
[2026-06-15 04:01:06] [DEBUG] [indicators] No momentum data for GBPUSD, using neutral
[2026-06-15 04:01:06] [INFO] [mtf] MTF GBPUSD: H4=neutral H1=neutral M15=neutral aligned=False (weak)
[2026-06-15 04:01:06] [DEBUG] [market_client] Indicators API error for GBPUSD: {'code': 404, 'status': 'Not Found'}
[2026-06-15 04:01:06] [DEBUG] [indicators] No trend data for GBPUSD, using neutral
[2026-06-15 04:01:06] [DEBUG] [market_client] Indicators API error for GBPUSD: {'code': 404, 'status': 'Not Found'}
[2026-06-15 04:01:06] [DEBUG] [indicators] No momentum data for GBPUSD, using neutral
[2026-06-15 04:01:06] [DEBUG] [market_client] Indicators API error for GBPUSD: {'code': 404, 'status': 'Not Found'}
[2026-06-15 04:01:06] [DEBUG] [indicators] No volatility data for GBPUSD, using neutral
[2026-06-15 04:01:06] [DEBUG] [market_client] Indicators API error for GBPUSD: {'code': 404, 'status': 'Not Found'}
[2026-06-15 04:01:06] [DEBUG] [indicators] No trend data for GBPUSD, using neutral
[2026-06-15 04:01:06] [DEBUG] [market_client] Indicators API error for GBPUSD: {'code': 404, 'status': 'Not Found'}
[2026-06-15 04:01:06] [DEBUG] [indicators] No volatility data for GBPUSD, using neutral
[2026-06-15 04:01:06] [INFO] [voting_engine] GBPUSD: MTF not aligned, reducing score
[2026-06-15 04:01:06] [INFO] [main] GBPUSD: SKIP - Score 11.0 < 65
[2026-06-15 04:01:06] [INFO] [main] --- USDJPY ---
[2026-06-15 04:01:09] [INFO] [deepseek] AI analysis USDJPY: bias=bullish score=75.0 conf=0.80
[2026-06-15 04:01:09] [DEBUG] [signal_engine] Signal: BUY score=75.0 conf=0.80 valid=True
[2026-06-15 04:01:09] [DEBUG] [market_client] Indicators API error for USDJPY: {'code': 404, 'status': 'Not Found'}
[2026-06-15 04:01:09] [DEBUG] [indicators] No trend data for USDJPY, using neutral
[2026-06-15 04:01:09] [DEBUG] [market_client] Indicators API error for USDJPY: {'code': 404, 'status': 'Not Found'}
[2026-06-15 04:01:09] [DEBUG] [indicators] No momentum data for USDJPY, using neutral
[2026-06-15 04:01:09] [DEBUG] [market_client] Indicators API error for USDJPY: {'code': 404, 'status': 'Not Found'}
[2026-06-15 04:01:09] [DEBUG] [indicators] No momentum data for USDJPY, using neutral
[2026-06-15 04:01:09] [INFO] [mtf] MTF USDJPY: H4=neutral H1=neutral M15=neutral aligned=False (weak)
[2026-06-15 04:01:09] [DEBUG] [market_client] Indicators API error for USDJPY: {'code': 404, 'status': 'Not Found'}
[2026-06-15 04:01:09] [DEBUG] [indicators] No trend data for USDJPY, using neutral
[2026-06-15 04:01:09] [DEBUG] [market_client] Indicators API error for USDJPY: {'code': 404, 'status': 'Not Found'}
[2026-06-15 04:01:09] [DEBUG] [indicators] No momentum data for USDJPY, using neutral
[2026-06-15 04:01:09] [DEBUG] [market_client] Indicators API error for USDJPY: {'code': 404, 'status': 'Not Found'}
[2026-06-15 04:01:09] [DEBUG] [indicators] No volatility data for USDJPY, using neutral
[2026-06-15 04:01:09] [DEBUG] [market_client] Indicators API error for USDJPY: {'code': 404, 'status': 'Not Found'}
[2026-06-15 04:01:09] [DEBUG] [indicators] No trend data for USDJPY, using neutral
[2026-06-15 04:01:09] [DEBUG] [market_client] Indicators API error for USDJPY: {'code': 404, 'status': 'Not Found'}
[2026-06-15 04:01:09] [DEBUG] [indicators] No volatility data for USDJPY, using neutral
[2026-06-15 04:01:09] [INFO] [voting_engine] USDJPY: MTF not aligned, reducing score
[2026-06-15 04:01:09] [INFO] [main] USDJPY: SKIP - Score 11.0 < 65
[2026-06-15 04:01:09] [INFO] [main] Sleeping 1800s...
[2026-06-15 04:01:52] [WARNING] [mt5_watchdog] MT5 disconnected! Attempt 1/3
[2026-06-15 04:01:54] [INFO] [qd_client] Logged in to QuantDinger
[2026-06-15 04:01:54] [INFO] [mt5_watchdog] MT5 already connected
[2026-06-15 04:01:54] [INFO] [mt5_watchdog] MT5 reconnected successfully!
[2026-06-15 04:01:56] [WARNING] [mt5_watchdog] MT5 disconnected! Attempt 1/3
[2026-06-15 04:01:58] [INFO] [qd_client] Logged in to QuantDinger
[2026-06-15 04:01:58] [INFO] [mt5_watchdog] MT5 already connected
[2026-06-15 04:01:58] [INFO] [mt5_watchdog] MT5 reconnected successfully!
[2026-06-15 04:12:09] [INFO] [main] Trading Bot V3 starting...
[2026-06-15 04:12:09] [INFO] [database] V3 Database initialized with all tables
[2026-06-15 04:12:10] [INFO] [qd_client] Logged in to QuantDinger
[2026-06-15 04:12:10] [INFO] [qd_client] MT5 connected
[2026-06-15 04:12:10] [INFO] [main] MT5 connected
[2026-06-15 04:12:10] [INFO] [telegram_bot] Telegram polling started
[2026-06-15 04:12:10] [INFO] [telegram_bot] Telegram bot V3 started
[2026-06-15 04:12:10] [INFO] [mt5_watchdog] MT5 watchdog started (V1 reconnect logic)
[2026-06-15 04:12:10] [INFO] [reconciliation] Reconciliation loop started (every 60s)
[2026-06-15 04:12:10] [INFO] [reconciliation] Reconciliation thread started
[2026-06-15 04:12:10] [INFO] [main] ==================================================
[2026-06-15 04:12:10] [INFO] [main] Cycle 1 at 04:12:10
[2026-06-15 04:12:14] [INFO] [news_fetcher] Fetched 6 relevant news items
[2026-06-15 04:12:14] [INFO] [main] Equity: 100000.00$ | News: 6
[2026-06-15 04:12:14] [INFO] [main] --- EURUSD ---
[2026-06-15 04:12:17] [INFO] [deepseek] AI analysis EURUSD: bias=bullish score=75.0 conf=0.80
[2026-06-15 04:12:17] [DEBUG] [signal_engine] Signal: BUY score=75.0 conf=0.80 valid=True
[2026-06-15 04:12:17] [DEBUG] [market_client] Indicators API error for EURUSD: {'code': 404, 'status': 'Not Found'}
[2026-06-15 04:12:17] [DEBUG] [indicators] No trend data for EURUSD, using neutral
[2026-06-15 04:12:17] [DEBUG] [market_client] Indicators API error for EURUSD: {'code': 404, 'status': 'Not Found'}
[2026-06-15 04:12:17] [DEBUG] [indicators] No momentum data for EURUSD, using neutral
[2026-06-15 04:12:17] [DEBUG] [market_client] Indicators API error for EURUSD: {'code': 404, 'status': 'Not Found'}
[2026-06-15 04:12:17] [DEBUG] [indicators] No momentum data for EURUSD, using neutral
[2026-06-15 04:12:17] [INFO] [mtf] MTF EURUSD: H4=neutral H1=neutral M15=neutral aligned=False (weak)
[2026-06-15 04:12:17] [DEBUG] [market_client] Indicators API error for EURUSD: {'code': 404, 'status': 'Not Found'}
[2026-06-15 04:12:17] [DEBUG] [indicators] No trend data for EURUSD, using neutral
[2026-06-15 04:12:17] [DEBUG] [market_client] Indicators API error for EURUSD: {'code': 404, 'status': 'Not Found'}
[2026-06-15 04:12:17] [DEBUG] [indicators] No momentum data for EURUSD, using neutral
[2026-06-15 04:12:17] [DEBUG] [market_client] Indicators API error for EURUSD: {'code': 404, 'status': 'Not Found'}
[2026-06-15 04:12:17] [DEBUG] [indicators] No volatility data for EURUSD, using neutral
[2026-06-15 04:12:17] [DEBUG] [market_client] Indicators API error for EURUSD: {'code': 404, 'status': 'Not Found'}
[2026-06-15 04:12:17] [DEBUG] [indicators] No trend data for EURUSD, using neutral
[2026-06-15 04:12:17] [DEBUG] [market_client] Indicators API error for EURUSD: {'code': 404, 'status': 'Not Found'}
[2026-06-15 04:12:17] [DEBUG] [indicators] No volatility data for EURUSD, using neutral
[2026-06-15 04:12:17] [INFO] [voting_engine] EURUSD: MTF not aligned, reducing score
[2026-06-15 04:12:17] [INFO] [main] EURUSD: SKIP - Score 11.0 < 65
[2026-06-15 04:12:17] [INFO] [main] --- XAUUSD ---
[2026-06-15 04:12:19] [INFO] [deepseek] AI analysis XAUUSD: bias=bullish score=75.0 conf=0.80
[2026-06-15 04:12:19] [DEBUG] [signal_engine] Signal: BUY score=75.0 conf=0.80 valid=True
[2026-06-15 04:12:19] [DEBUG] [market_client] Indicators API error for XAUUSD: {'code': 404, 'status': 'Not Found'}
[2026-06-15 04:12:19] [DEBUG] [indicators] No trend data for XAUUSD, using neutral
[2026-06-15 04:12:19] [DEBUG] [market_client] Indicators API error for XAUUSD: {'code': 404, 'status': 'Not Found'}
[2026-06-15 04:12:19] [DEBUG] [indicators] No momentum data for XAUUSD, using neutral
[2026-06-15 04:12:19] [DEBUG] [market_client] Indicators API error for XAUUSD: {'code': 404, 'status': 'Not Found'}
[2026-06-15 04:12:19] [DEBUG] [indicators] No momentum data for XAUUSD, using neutral
[2026-06-15 04:12:19] [INFO] [mtf] MTF XAUUSD: H4=neutral H1=neutral M15=neutral aligned=False (weak)
[2026-06-15 04:12:19] [DEBUG] [market_client] Indicators API error for XAUUSD: {'code': 404, 'status': 'Not Found'}
[2026-06-15 04:12:19] [DEBUG] [indicators] No trend data for XAUUSD, using neutral
[2026-06-15 04:12:19] [DEBUG] [market_client] Indicators API error for XAUUSD: {'code': 404, 'status': 'Not Found'}
[2026-06-15 04:12:19] [DEBUG] [indicators] No momentum data for XAUUSD, using neutral
[2026-06-15 04:12:19] [DEBUG] [market_client] Indicators API error for XAUUSD: {'code': 404, 'status': 'Not Found'}
[2026-06-15 04:12:19] [DEBUG] [indicators] No volatility data for XAUUSD, using neutral
[2026-06-15 04:12:19] [DEBUG] [market_client] Indicators API error for XAUUSD: {'code': 404, 'status': 'Not Found'}
[2026-06-15 04:12:19] [DEBUG] [indicators] No trend data for XAUUSD, using neutral
[2026-06-15 04:12:19] [DEBUG] [market_client] Indicators API error for XAUUSD: {'code': 404, 'status': 'Not Found'}
[2026-06-15 04:12:19] [DEBUG] [indicators] No volatility data for XAUUSD, using neutral
[2026-06-15 04:12:19] [INFO] [voting_engine] XAUUSD: MTF not aligned, reducing score
[2026-06-15 04:12:19] [INFO] [main] XAUUSD: SKIP - Score 11.0 < 65
[2026-06-15 04:12:19] [INFO] [main] --- GBPUSD ---
[2026-06-15 04:12:21] [INFO] [deepseek] AI analysis GBPUSD: bias=bullish score=75.0 conf=0.80
[2026-06-15 04:12:21] [DEBUG] [signal_engine] Signal: BUY score=75.0 conf=0.80 valid=True
[2026-06-15 04:12:21] [DEBUG] [market_client] Indicators API error for GBPUSD: {'code': 404, 'status': 'Not Found'}
[2026-06-15 04:12:21] [DEBUG] [indicators] No trend data for GBPUSD, using neutral
[2026-06-15 04:12:21] [DEBUG] [market_client] Indicators API error for GBPUSD: {'code': 404, 'status': 'Not Found'}
[2026-06-15 04:12:21] [DEBUG] [indicators] No momentum data for GBPUSD, using neutral
[2026-06-15 04:12:21] [DEBUG] [market_client] Indicators API error for GBPUSD: {'code': 404, 'status': 'Not Found'}
[2026-06-15 04:12:21] [DEBUG] [indicators] No momentum data for GBPUSD, using neutral
[2026-06-15 04:12:21] [INFO] [mtf] MTF GBPUSD: H4=neutral H1=neutral M15=neutral aligned=False (weak)
[2026-06-15 04:12:21] [DEBUG] [market_client] Indicators API error for GBPUSD: {'code': 404, 'status': 'Not Found'}
[2026-06-15 04:12:21] [DEBUG] [indicators] No trend data for GBPUSD, using neutral
[2026-06-15 04:12:21] [DEBUG] [market_client] Indicators API error for GBPUSD: {'code': 404, 'status': 'Not Found'}
[2026-06-15 04:12:21] [DEBUG] [indicators] No momentum data for GBPUSD, using neutral
[2026-06-15 04:12:21] [DEBUG] [market_client] Indicators API error for GBPUSD: {'code': 404, 'status': 'Not Found'}
[2026-06-15 04:12:21] [DEBUG] [indicators] No volatility data for GBPUSD, using neutral
[2026-06-15 04:12:21] [DEBUG] [market_client] Indicators API error for GBPUSD: {'code': 404, 'status': 'Not Found'}
[2026-06-15 04:12:21] [DEBUG] [indicators] No trend data for GBPUSD, using neutral
[2026-06-15 04:12:21] [DEBUG] [market_client] Indicators API error for GBPUSD: {'code': 404, 'status': 'Not Found'}
[2026-06-15 04:12:21] [DEBUG] [indicators] No volatility data for GBPUSD, using neutral
[2026-06-15 04:12:22] [INFO] [voting_engine] GBPUSD: MTF not aligned, reducing score
[2026-06-15 04:12:22] [INFO] [main] GBPUSD: SKIP - Score 11.0 < 65
[2026-06-15 04:12:22] [INFO] [main] --- USDJPY ---
[2026-06-15 04:12:24] [INFO] [deepseek] AI analysis USDJPY: bias=bullish score=75.0 conf=0.80
[2026-06-15 04:12:24] [DEBUG] [signal_engine] Signal: BUY score=75.0 conf=0.80 valid=True
[2026-06-15 04:12:24] [DEBUG] [market_client] Indicators API error for USDJPY: {'code': 404, 'status': 'Not Found'}
[2026-06-15 04:12:24] [DEBUG] [indicators] No trend data for USDJPY, using neutral
[2026-06-15 04:12:24] [DEBUG] [market_client] Indicators API error for USDJPY: {'code': 404, 'status': 'Not Found'}
[2026-06-15 04:12:24] [DEBUG] [indicators] No momentum data for USDJPY, using neutral
[2026-06-15 04:12:24] [DEBUG] [market_client] Indicators API error for USDJPY: {'code': 404, 'status': 'Not Found'}
[2026-06-15 04:12:24] [DEBUG] [indicators] No momentum data for USDJPY, using neutral
[2026-06-15 04:12:24] [INFO] [mtf] MTF USDJPY: H4=neutral H1=neutral M15=neutral aligned=False (weak)
[2026-06-15 04:12:24] [DEBUG] [market_client] Indicators API error for USDJPY: {'code': 404, 'status': 'Not Found'}
[2026-06-15 04:12:24] [DEBUG] [indicators] No trend data for USDJPY, using neutral
[2026-06-15 04:12:24] [DEBUG] [market_client] Indicators API error for USDJPY: {'code': 404, 'status': 'Not Found'}
[2026-06-15 04:12:24] [DEBUG] [indicators] No momentum data for USDJPY, using neutral
[2026-06-15 04:12:24] [DEBUG] [market_client] Indicators API error for USDJPY: {'code': 404, 'status': 'Not Found'}
[2026-06-15 04:12:24] [DEBUG] [indicators] No volatility data for USDJPY, using neutral
[2026-06-15 04:12:24] [DEBUG] [market_client] Indicators API error for USDJPY: {'code': 404, 'status': 'Not Found'}
[2026-06-15 04:12:24] [DEBUG] [indicators] No trend data for USDJPY, using neutral
[2026-06-15 04:12:24] [DEBUG] [market_client] Indicators API error for USDJPY: {'code': 404, 'status': 'Not Found'}
[2026-06-15 04:12:24] [DEBUG] [indicators] No volatility data for USDJPY, using neutral
[2026-06-15 04:12:24] [INFO] [voting_engine] USDJPY: MTF not aligned, reducing score
[2026-06-15 04:12:24] [INFO] [main] USDJPY: SKIP - Score 11.0 < 65
[2026-06-15 04:12:24] [INFO] [main] Sleeping 1800s...
[2026-06-15 04:14:01] [INFO] [news_fetcher] Fetched 6 relevant news items
[2026-06-15 04:14:03] [INFO] [deepseek] AI analysis EURUSD: bias=bullish score=75.0 conf=0.80
[2026-06-15 04:14:03] [DEBUG] [market_client] Indicators API error for EURUSD: {'code': 404, 'status': 'Not Found'}
[2026-06-15 04:14:03] [DEBUG] [indicators] No trend data for EURUSD, using neutral
[2026-06-15 04:14:03] [DEBUG] [market_client] Indicators API error for EURUSD: {'code': 404, 'status': 'Not Found'}
[2026-06-15 04:14:03] [DEBUG] [indicators] No trend data for EURUSD, using neutral
[2026-06-15 04:14:03] [DEBUG] [market_client] Indicators API error for EURUSD: {'code': 404, 'status': 'Not Found'}
[2026-06-15 04:14:03] [DEBUG] [indicators] No volatility data for EURUSD, using neutral
[2026-06-15 04:14:06] [INFO] [deepseek] AI analysis XAUUSD: bias=bullish score=75.0 conf=0.80
[2026-06-15 04:14:06] [DEBUG] [market_client] Indicators API error for XAUUSD: {'code': 404, 'status': 'Not Found'}
[2026-06-15 04:14:06] [DEBUG] [indicators] No trend data for XAUUSD, using neutral
[2026-06-15 04:14:06] [DEBUG] [market_client] Indicators API error for XAUUSD: {'code': 404, 'status': 'Not Found'}
[2026-06-15 04:14:06] [DEBUG] [indicators] No trend data for XAUUSD, using neutral
[2026-06-15 04:14:06] [DEBUG] [market_client] Indicators API error for XAUUSD: {'code': 404, 'status': 'Not Found'}
[2026-06-15 04:14:06] [DEBUG] [indicators] No volatility data for XAUUSD, using neutral
[2026-06-15 04:14:08] [INFO] [deepseek] AI analysis GBPUSD: bias=bullish score=75.0 conf=0.80
[2026-06-15 04:14:08] [DEBUG] [market_client] Indicators API error for GBPUSD: {'code': 404, 'status': 'Not Found'}
[2026-06-15 04:14:08] [DEBUG] [indicators] No trend data for GBPUSD, using neutral
[2026-06-15 04:14:08] [DEBUG] [market_client] Indicators API error for GBPUSD: {'code': 404, 'status': 'Not Found'}
[2026-06-15 04:14:08] [DEBUG] [indicators] No trend data for GBPUSD, using neutral
[2026-06-15 04:14:08] [DEBUG] [market_client] Indicators API error for GBPUSD: {'code': 404, 'status': 'Not Found'}
[2026-06-15 04:14:08] [DEBUG] [indicators] No volatility data for GBPUSD, using neutral
[2026-06-15 04:14:11] [INFO] [deepseek] AI analysis USDJPY: bias=bullish score=75.0 conf=0.80
[2026-06-15 04:14:11] [DEBUG] [market_client] Indicators API error for USDJPY: {'code': 404, 'status': 'Not Found'}
[2026-06-15 04:14:11] [DEBUG] [indicators] No trend data for USDJPY, using neutral
[2026-06-15 04:14:11] [DEBUG] [market_client] Indicators API error for USDJPY: {'code': 404, 'status': 'Not Found'}
[2026-06-15 04:14:11] [DEBUG] [indicators] No trend data for USDJPY, using neutral
[2026-06-15 04:14:11] [DEBUG] [market_client] Indicators API error for USDJPY: {'code': 404, 'status': 'Not Found'}
[2026-06-15 04:14:11] [DEBUG] [indicators] No volatility data for USDJPY, using neutral
[2026-06-15 04:37:39] [INFO] [main] Trading Bot V3 starting...
[2026-06-15 04:37:39] [INFO] [database] V3 Database initialized with all tables
[2026-06-15 04:37:40] [INFO] [qd_client] Logged in to QuantDinger
[2026-06-15 04:37:40] [INFO] [qd_client] MT5 connected
[2026-06-15 04:37:40] [INFO] [main] MT5 connected
[2026-06-15 04:37:40] [INFO] [telegram_bot] Telegram polling started
[2026-06-15 04:37:40] [INFO] [telegram_bot] Telegram bot V3 started
[2026-06-15 04:37:40] [INFO] [mt5_watchdog] MT5 watchdog started (V1 reconnect logic)
[2026-06-15 04:37:40] [INFO] [reconciliation] Reconciliation loop started (every 60s)
[2026-06-15 04:37:40] [INFO] [reconciliation] Reconciliation thread started
[2026-06-15 04:37:41] [INFO] [main] ==================================================
[2026-06-15 04:37:41] [INFO] [main] Cycle 1 at 04:37:41
[2026-06-15 04:37:45] [INFO] [news_fetcher] Fetched 6 relevant news items
[2026-06-15 04:37:45] [INFO] [main] Equity: 100000.00$ | News: 6
[2026-06-15 04:37:45] [INFO] [main] --- EURUSD ---
[2026-06-15 04:37:48] [INFO] [deepseek] AI analysis EURUSD: bias=bullish score=75.0 conf=0.80
[2026-06-15 04:37:48] [DEBUG] [signal_engine] Signal: BUY score=75.0 conf=0.80 valid=True
[2026-06-15 04:37:48] [DEBUG] [market_client] Indicators API error for EURUSD: {'code': 404, 'status': 'Not Found'}
[2026-06-15 04:37:48] [DEBUG] [indicators] No trend data for EURUSD, using neutral
[2026-06-15 04:37:48] [DEBUG] [market_client] Indicators API error for EURUSD: {'code': 404, 'status': 'Not Found'}
[2026-06-15 04:37:48] [DEBUG] [indicators] No momentum data for EURUSD, using neutral
[2026-06-15 04:37:49] [DEBUG] [market_client] Indicators API error for EURUSD: {'code': 404, 'status': 'Not Found'}
[2026-06-15 04:37:49] [DEBUG] [indicators] No momentum data for EURUSD, using neutral
[2026-06-15 04:37:49] [INFO] [mtf] MTF EURUSD: H4=neutral H1=neutral M15=neutral aligned=False (weak)
[2026-06-15 04:37:49] [DEBUG] [market_client] Indicators API error for EURUSD: {'code': 404, 'status': 'Not Found'}
[2026-06-15 04:37:49] [DEBUG] [indicators] No trend data for EURUSD, using neutral
[2026-06-15 04:37:49] [DEBUG] [market_client] Indicators API error for EURUSD: {'code': 404, 'status': 'Not Found'}
[2026-06-15 04:37:49] [DEBUG] [indicators] No momentum data for EURUSD, using neutral
[2026-06-15 04:37:49] [DEBUG] [market_client] Indicators API error for EURUSD: {'code': 404, 'status': 'Not Found'}
[2026-06-15 04:37:49] [DEBUG] [indicators] No volatility data for EURUSD, using neutral
[2026-06-15 04:37:49] [DEBUG] [market_client] Indicators API error for EURUSD: {'code': 404, 'status': 'Not Found'}
[2026-06-15 04:37:49] [DEBUG] [indicators] No trend data for EURUSD, using neutral
[2026-06-15 04:37:49] [DEBUG] [market_client] Indicators API error for EURUSD: {'code': 404, 'status': 'Not Found'}
[2026-06-15 04:37:49] [DEBUG] [indicators] No volatility data for EURUSD, using neutral
[2026-06-15 04:37:49] [INFO] [voting_engine] EURUSD: MTF not aligned, reducing score
[2026-06-15 04:37:49] [INFO] [main] EURUSD: SKIP - Score 11.0 < 65
[2026-06-15 04:37:49] [INFO] [main] --- XAUUSD ---
[2026-06-15 04:37:52] [INFO] [deepseek] AI analysis XAUUSD: bias=bullish score=75.0 conf=0.80
[2026-06-15 04:37:52] [DEBUG] [signal_engine] Signal: BUY score=75.0 conf=0.80 valid=True
[2026-06-15 04:37:52] [INFO] [sentiment] Sentiment XAUUSD: bullish score=100 bull=1 bear=0
[2026-06-15 04:37:52] [DEBUG] [market_client] Indicators API error for XAUUSD: {'code': 404, 'status': 'Not Found'}
[2026-06-15 04:37:52] [DEBUG] [indicators] No trend data for XAUUSD, using neutral
[2026-06-15 04:37:52] [DEBUG] [market_client] Indicators API error for XAUUSD: {'code': 404, 'status': 'Not Found'}
[2026-06-15 04:37:52] [DEBUG] [indicators] No momentum data for XAUUSD, using neutral
[2026-06-15 04:37:52] [DEBUG] [market_client] Indicators API error for XAUUSD: {'code': 404, 'status': 'Not Found'}
[2026-06-15 04:37:52] [DEBUG] [indicators] No momentum data for XAUUSD, using neutral
[2026-06-15 04:37:52] [INFO] [mtf] MTF XAUUSD: H4=neutral H1=neutral M15=neutral aligned=False (weak)
[2026-06-15 04:37:52] [DEBUG] [market_client] Indicators API error for XAUUSD: {'code': 404, 'status': 'Not Found'}
[2026-06-15 04:37:52] [DEBUG] [indicators] No trend data for XAUUSD, using neutral
[2026-06-15 04:37:52] [DEBUG] [market_client] Indicators API error for XAUUSD: {'code': 404, 'status': 'Not Found'}
[2026-06-15 04:37:52] [DEBUG] [indicators] No momentum data for XAUUSD, using neutral
[2026-06-15 04:37:52] [DEBUG] [market_client] Indicators API error for XAUUSD: {'code': 404, 'status': 'Not Found'}
[2026-06-15 04:37:52] [DEBUG] [indicators] No volatility data for XAUUSD, using neutral
[2026-06-15 04:37:52] [DEBUG] [market_client] Indicators API error for XAUUSD: {'code': 404, 'status': 'Not Found'}
[2026-06-15 04:37:52] [DEBUG] [indicators] No trend data for XAUUSD, using neutral
[2026-06-15 04:37:52] [DEBUG] [market_client] Indicators API error for XAUUSD: {'code': 404, 'status': 'Not Found'}
[2026-06-15 04:37:52] [DEBUG] [indicators] No volatility data for XAUUSD, using neutral
[2026-06-15 04:37:52] [INFO] [voting_engine] XAUUSD: MTF not aligned, reducing score
[2026-06-15 04:37:52] [INFO] [main] XAUUSD: SKIP - Score 12.4 < 65
[2026-06-15 04:37:52] [INFO] [main] --- GBPUSD ---
[2026-06-15 04:37:54] [INFO] [deepseek] AI analysis GBPUSD: bias=bullish score=75.0 conf=0.80
[2026-06-15 04:37:54] [DEBUG] [signal_engine] Signal: BUY score=75.0 conf=0.80 valid=True
[2026-06-15 04:37:55] [DEBUG] [market_client] Indicators API error for GBPUSD: {'code': 404, 'status': 'Not Found'}
[2026-06-15 04:37:55] [DEBUG] [indicators] No trend data for GBPUSD, using neutral
[2026-06-15 04:37:55] [DEBUG] [market_client] Indicators API error for GBPUSD: {'code': 404, 'status': 'Not Found'}
[2026-06-15 04:37:55] [DEBUG] [indicators] No momentum data for GBPUSD, using neutral
[2026-06-15 04:37:55] [DEBUG] [market_client] Indicators API error for GBPUSD: {'code': 404, 'status': 'Not Found'}
[2026-06-15 04:37:55] [DEBUG] [indicators] No momentum data for GBPUSD, using neutral
[2026-06-15 04:37:55] [INFO] [mtf] MTF GBPUSD: H4=neutral H1=neutral M15=neutral aligned=False (weak)
[2026-06-15 04:37:55] [DEBUG] [market_client] Indicators API error for GBPUSD: {'code': 404, 'status': 'Not Found'}
[2026-06-15 04:37:55] [DEBUG] [indicators] No trend data for GBPUSD, using neutral
[2026-06-15 04:37:55] [DEBUG] [market_client] Indicators API error for GBPUSD: {'code': 404, 'status': 'Not Found'}
[2026-06-15 04:37:55] [DEBUG] [indicators] No momentum data for GBPUSD, using neutral
[2026-06-15 04:37:55] [DEBUG] [market_client] Indicators API error for GBPUSD: {'code': 404, 'status': 'Not Found'}
[2026-06-15 04:37:55] [DEBUG] [indicators] No volatility data for GBPUSD, using neutral
[2026-06-15 04:37:55] [DEBUG] [market_client] Indicators API error for GBPUSD: {'code': 404, 'status': 'Not Found'}
[2026-06-15 04:37:55] [DEBUG] [indicators] No trend data for GBPUSD, using neutral
[2026-06-15 04:37:55] [DEBUG] [market_client] Indicators API error for GBPUSD: {'code': 404, 'status': 'Not Found'}
[2026-06-15 04:37:55] [DEBUG] [indicators] No volatility data for GBPUSD, using neutral
[2026-06-15 04:37:55] [INFO] [voting_engine] GBPUSD: MTF not aligned, reducing score
[2026-06-15 04:37:55] [INFO] [main] GBPUSD: SKIP - Score 11.0 < 65
[2026-06-15 04:37:55] [INFO] [main] --- USDJPY ---
[2026-06-15 04:37:58] [INFO] [deepseek] AI analysis USDJPY: bias=bullish score=75.0 conf=0.80
[2026-06-15 04:37:58] [DEBUG] [signal_engine] Signal: BUY score=75.0 conf=0.80 valid=True
[2026-06-15 04:37:58] [DEBUG] [market_client] Indicators API error for USDJPY: {'code': 404, 'status': 'Not Found'}
[2026-06-15 04:37:58] [DEBUG] [indicators] No trend data for USDJPY, using neutral
[2026-06-15 04:37:58] [DEBUG] [market_client] Indicators API error for USDJPY: {'code': 404, 'status': 'Not Found'}
[2026-06-15 04:37:58] [DEBUG] [indicators] No momentum data for USDJPY, using neutral
[2026-06-15 04:37:58] [DEBUG] [market_client] Indicators API error for USDJPY: {'code': 404, 'status': 'Not Found'}
[2026-06-15 04:37:58] [DEBUG] [indicators] No momentum data for USDJPY, using neutral
[2026-06-15 04:37:58] [INFO] [mtf] MTF USDJPY: H4=neutral H1=neutral M15=neutral aligned=False (weak)
[2026-06-15 04:37:58] [DEBUG] [market_client] Indicators API error for USDJPY: {'code': 404, 'status': 'Not Found'}
[2026-06-15 04:37:58] [DEBUG] [indicators] No trend data for USDJPY, using neutral
[2026-06-15 04:37:58] [DEBUG] [market_client] Indicators API error for USDJPY: {'code': 404, 'status': 'Not Found'}
[2026-06-15 04:37:58] [DEBUG] [indicators] No momentum data for USDJPY, using neutral
[2026-06-15 04:37:58] [DEBUG] [market_client] Indicators API error for USDJPY: {'code': 404, 'status': 'Not Found'}
[2026-06-15 04:37:58] [DEBUG] [indicators] No volatility data for USDJPY, using neutral
[2026-06-15 04:37:58] [DEBUG] [market_client] Indicators API error for USDJPY: {'code': 404, 'status': 'Not Found'}
[2026-06-15 04:37:58] [DEBUG] [indicators] No trend data for USDJPY, using neutral
[2026-06-15 04:37:58] [DEBUG] [market_client] Indicators API error for USDJPY: {'code': 404, 'status': 'Not Found'}
[2026-06-15 04:37:58] [DEBUG] [indicators] No volatility data for USDJPY, using neutral
[2026-06-15 04:37:58] [INFO] [voting_engine] USDJPY: MTF not aligned, reducing score
[2026-06-15 04:37:58] [INFO] [main] USDJPY: SKIP - Score 11.0 < 65
[2026-06-15 04:37:58] [INFO] [main] Sleeping 1800s...
[2026-06-15 04:39:10] [WARNING] [mt5_watchdog] MT5 disconnected! Attempt 1/3
[2026-06-15 04:39:11] [INFO] [qd_client] Logged in to QuantDinger
[2026-06-15 04:39:11] [INFO] [mt5_watchdog] MT5 already connected
[2026-06-15 04:39:11] [INFO] [mt5_watchdog] MT5 reconnected successfully!
[2026-06-15 04:40:40] [WARNING] [mt5_watchdog] MT5 disconnected! Attempt 1/3
[2026-06-15 04:40:41] [INFO] [qd_client] Logged in to QuantDinger
[2026-06-15 04:40:41] [INFO] [mt5_watchdog] MT5 already connected
[2026-06-15 04:40:41] [INFO] [mt5_watchdog] MT5 reconnected successfully!
[2026-06-15 04:41:12] [WARNING] [mt5_watchdog] MT5 disconnected! Attempt 1/3
[2026-06-15 04:41:13] [INFO] [qd_client] Logged in to QuantDinger
[2026-06-15 04:41:13] [INFO] [mt5_watchdog] MT5 already connected
[2026-06-15 04:41:13] [INFO] [mt5_watchdog] MT5 reconnected successfully!
[2026-06-15 04:42:24] [INFO] [main] ==================================================
[2026-06-15 04:42:24] [INFO] [main] Cycle 2 at 04:42:24
[2026-06-15 04:42:24] [INFO] [main] Trading paused, skipping
[2026-06-15 04:42:24] [INFO] [main] Sleeping 1800s...
[2026-06-15 04:42:42] [WARNING] [mt5_watchdog] MT5 disconnected! Attempt 1/3
[2026-06-15 04:42:43] [INFO] [qd_client] Logged in to QuantDinger
[2026-06-15 04:42:43] [INFO] [mt5_watchdog] MT5 already connected
[2026-06-15 04:42:43] [INFO] [mt5_watchdog] MT5 reconnected successfully!
[2026-06-15 04:43:14] [WARNING] [mt5_watchdog] MT5 disconnected! Attempt 1/3
[2026-06-15 04:43:15] [INFO] [qd_client] Logged in to QuantDinger
[2026-06-15 04:43:15] [INFO] [mt5_watchdog] MT5 already connected
[2026-06-15 04:43:15] [INFO] [mt5_watchdog] MT5 reconnected successfully!
[2026-06-15 04:44:09] [INFO] [main] Trading Bot V3 starting...
[2026-06-15 04:44:09] [INFO] [database] V3 Database initialized with all tables
[2026-06-15 04:44:10] [INFO] [qd_client] Logged in to QuantDinger
[2026-06-15 04:44:10] [INFO] [qd_client] MT5 connected
[2026-06-15 04:44:10] [INFO] [main] MT5 connected
[2026-06-15 04:44:10] [INFO] [telegram_bot] Telegram polling started
[2026-06-15 04:44:10] [INFO] [telegram_bot] Telegram bot V3 started
[2026-06-15 04:44:10] [INFO] [mt5_watchdog] MT5 watchdog started (V1 reconnect logic)
[2026-06-15 04:44:10] [INFO] [reconciliation] Reconciliation loop started (every 60s)
[2026-06-15 04:44:10] [INFO] [reconciliation] Reconciliation thread started
[2026-06-15 04:44:10] [INFO] [main] ==================================================
[2026-06-15 04:44:10] [INFO] [main] Cycle 1 at 04:44:10
[2026-06-15 04:44:14] [INFO] [news_fetcher] Fetched 6 relevant news items
[2026-06-15 04:44:14] [INFO] [main] Equity: 100000.00$ | News: 6
[2026-06-15 04:44:14] [INFO] [main] --- EURUSD ---
[2026-06-15 04:44:17] [INFO] [deepseek] AI analysis EURUSD: bias=bullish score=75.0 conf=0.80
[2026-06-15 04:44:17] [DEBUG] [signal_engine] Signal: BUY score=75.0 conf=0.80 valid=True
[2026-06-15 04:44:17] [DEBUG] [market_client] Indicators API error for EURUSD: {'code': 404, 'status': 'Not Found'}
[2026-06-15 04:44:17] [DEBUG] [indicators] No trend data for EURUSD, using neutral
[2026-06-15 04:44:17] [DEBUG] [market_client] Indicators API error for EURUSD: {'code': 404, 'status': 'Not Found'}
[2026-06-15 04:44:17] [DEBUG] [indicators] No momentum data for EURUSD, using neutral
[2026-06-15 04:44:17] [DEBUG] [market_client] Indicators API error for EURUSD: {'code': 404, 'status': 'Not Found'}
[2026-06-15 04:44:17] [DEBUG] [indicators] No momentum data for EURUSD, using neutral
[2026-06-15 04:44:17] [INFO] [mtf] MTF EURUSD: H4=neutral H1=neutral M15=neutral aligned=False (weak)
[2026-06-15 04:44:17] [DEBUG] [market_client] Indicators API error for EURUSD: {'code': 404, 'status': 'Not Found'}
[2026-06-15 04:44:17] [DEBUG] [indicators] No trend data for EURUSD, using neutral
[2026-06-15 04:44:17] [DEBUG] [market_client] Indicators API error for EURUSD: {'code': 404, 'status': 'Not Found'}
[2026-06-15 04:44:17] [DEBUG] [indicators] No momentum data for EURUSD, using neutral
[2026-06-15 04:44:17] [DEBUG] [market_client] Indicators API error for EURUSD: {'code': 404, 'status': 'Not Found'}
[2026-06-15 04:44:17] [DEBUG] [indicators] No volatility data for EURUSD, using neutral
[2026-06-15 04:44:17] [DEBUG] [market_client] Indicators API error for EURUSD: {'code': 404, 'status': 'Not Found'}
[2026-06-15 04:44:17] [DEBUG] [indicators] No trend data for EURUSD, using neutral
[2026-06-15 04:44:17] [DEBUG] [market_client] Indicators API error for EURUSD: {'code': 404, 'status': 'Not Found'}
[2026-06-15 04:44:17] [DEBUG] [indicators] No volatility data for EURUSD, using neutral
[2026-06-15 04:44:17] [INFO] [voting_engine] EURUSD: MTF not aligned, reducing score
[2026-06-15 04:44:17] [INFO] [main] EURUSD: SKIP - Score 11.0 < 65
[2026-06-15 04:44:17] [INFO] [main] --- XAUUSD ---
[2026-06-15 04:44:20] [INFO] [deepseek] AI analysis XAUUSD: bias=bullish score=75.0 conf=0.80
[2026-06-15 04:44:20] [DEBUG] [signal_engine] Signal: BUY score=75.0 conf=0.80 valid=True
[2026-06-15 04:44:20] [DEBUG] [market_client] Indicators API error for XAUUSD: {'code': 404, 'status': 'Not Found'}
[2026-06-15 04:44:20] [DEBUG] [indicators] No trend data for XAUUSD, using neutral
[2026-06-15 04:44:20] [DEBUG] [market_client] Indicators API error for XAUUSD: {'code': 404, 'status': 'Not Found'}
[2026-06-15 04:44:20] [DEBUG] [indicators] No momentum data for XAUUSD, using neutral
[2026-06-15 04:44:20] [DEBUG] [market_client] Indicators API error for XAUUSD: {'code': 404, 'status': 'Not Found'}
[2026-06-15 04:44:20] [DEBUG] [indicators] No momentum data for XAUUSD, using neutral
[2026-06-15 04:44:20] [INFO] [mtf] MTF XAUUSD: H4=neutral H1=neutral M15=neutral aligned=False (weak)
[2026-06-15 04:44:20] [DEBUG] [market_client] Indicators API error for XAUUSD: {'code': 404, 'status': 'Not Found'}
[2026-06-15 04:44:20] [DEBUG] [indicators] No trend data for XAUUSD, using neutral
[2026-06-15 04:44:20] [DEBUG] [market_client] Indicators API error for XAUUSD: {'code': 404, 'status': 'Not Found'}
[2026-06-15 04:44:20] [DEBUG] [indicators] No momentum data for XAUUSD, using neutral
[2026-06-15 04:44:20] [DEBUG] [market_client] Indicators API error for XAUUSD: {'code': 404, 'status': 'Not Found'}
[2026-06-15 04:44:20] [DEBUG] [indicators] No volatility data for XAUUSD, using neutral
[2026-06-15 04:44:20] [DEBUG] [market_client] Indicators API error for XAUUSD: {'code': 404, 'status': 'Not Found'}
[2026-06-15 04:44:20] [DEBUG] [indicators] No trend data for XAUUSD, using neutral
[2026-06-15 04:44:20] [DEBUG] [market_client] Indicators API error for XAUUSD: {'code': 404, 'status': 'Not Found'}
[2026-06-15 04:44:20] [DEBUG] [indicators] No volatility data for XAUUSD, using neutral
[2026-06-15 04:44:20] [INFO] [voting_engine] XAUUSD: MTF not aligned, reducing score
[2026-06-15 04:44:20] [INFO] [main] XAUUSD: SKIP - Score 11.0 < 65
[2026-06-15 04:44:20] [INFO] [main] --- GBPUSD ---
[2026-06-15 04:44:23] [INFO] [deepseek] AI analysis GBPUSD: bias=bullish score=75.0 conf=0.80
[2026-06-15 04:44:23] [DEBUG] [signal_engine] Signal: BUY score=75.0 conf=0.80 valid=True
[2026-06-15 04:44:23] [DEBUG] [market_client] Indicators API error for GBPUSD: {'code': 404, 'status': 'Not Found'}
[2026-06-15 04:44:23] [DEBUG] [indicators] No trend data for GBPUSD, using neutral
[2026-06-15 04:44:23] [DEBUG] [market_client] Indicators API error for GBPUSD: {'code': 404, 'status': 'Not Found'}
[2026-06-15 04:44:23] [DEBUG] [indicators] No momentum data for GBPUSD, using neutral
[2026-06-15 04:44:23] [DEBUG] [market_client] Indicators API error for GBPUSD: {'code': 404, 'status': 'Not Found'}
[2026-06-15 04:44:23] [DEBUG] [indicators] No momentum data for GBPUSD, using neutral
[2026-06-15 04:44:23] [INFO] [mtf] MTF GBPUSD: H4=neutral H1=neutral M15=neutral aligned=False (weak)
[2026-06-15 04:44:23] [DEBUG] [market_client] Indicators API error for GBPUSD: {'code': 404, 'status': 'Not Found'}
[2026-06-15 04:44:23] [DEBUG] [indicators] No trend data for GBPUSD, using neutral
[2026-06-15 04:44:23] [DEBUG] [market_client] Indicators API error for GBPUSD: {'code': 404, 'status': 'Not Found'}
[2026-06-15 04:44:23] [DEBUG] [indicators] No momentum data for GBPUSD, using neutral
[2026-06-15 04:44:23] [DEBUG] [market_client] Indicators API error for GBPUSD: {'code': 404, 'status': 'Not Found'}
[2026-06-15 04:44:23] [DEBUG] [indicators] No volatility data for GBPUSD, using neutral
[2026-06-15 04:44:23] [DEBUG] [market_client] Indicators API error for GBPUSD: {'code': 404, 'status': 'Not Found'}
[2026-06-15 04:44:23] [DEBUG] [indicators] No trend data for GBPUSD, using neutral
[2026-06-15 04:44:23] [DEBUG] [market_client] Indicators API error for GBPUSD: {'code': 404, 'status': 'Not Found'}
[2026-06-15 04:44:23] [DEBUG] [indicators] No volatility data for GBPUSD, using neutral
[2026-06-15 04:44:23] [INFO] [voting_engine] GBPUSD: MTF not aligned, reducing score
[2026-06-15 04:44:23] [INFO] [main] GBPUSD: SKIP - Score 11.0 < 65
[2026-06-15 04:44:23] [INFO] [main] --- USDJPY ---
[2026-06-15 04:44:26] [INFO] [deepseek] AI analysis USDJPY: bias=bullish score=75.0 conf=0.80
[2026-06-15 04:44:26] [DEBUG] [signal_engine] Signal: BUY score=75.0 conf=0.80 valid=True
[2026-06-15 04:44:26] [DEBUG] [market_client] Indicators API error for USDJPY: {'code': 404, 'status': 'Not Found'}
[2026-06-15 04:44:26] [DEBUG] [indicators] No trend data for USDJPY, using neutral
[2026-06-15 04:44:26] [DEBUG] [market_client] Indicators API error for USDJPY: {'code': 404, 'status': 'Not Found'}
[2026-06-15 04:44:26] [DEBUG] [indicators] No momentum data for USDJPY, using neutral
[2026-06-15 04:44:26] [DEBUG] [market_client] Indicators API error for USDJPY: {'code': 404, 'status': 'Not Found'}
[2026-06-15 04:44:26] [DEBUG] [indicators] No momentum data for USDJPY, using neutral
[2026-06-15 04:44:26] [INFO] [mtf] MTF USDJPY: H4=neutral H1=neutral M15=neutral aligned=False (weak)
[2026-06-15 04:44:26] [DEBUG] [market_client] Indicators API error for USDJPY: {'code': 404, 'status': 'Not Found'}
[2026-06-15 04:44:26] [DEBUG] [indicators] No trend data for USDJPY, using neutral
[2026-06-15 04:44:26] [DEBUG] [market_client] Indicators API error for USDJPY: {'code': 404, 'status': 'Not Found'}
[2026-06-15 04:44:26] [DEBUG] [indicators] No momentum data for USDJPY, using neutral
[2026-06-15 04:44:26] [DEBUG] [market_client] Indicators API error for USDJPY: {'code': 404, 'status': 'Not Found'}
[2026-06-15 04:44:26] [DEBUG] [indicators] No volatility data for USDJPY, using neutral
[2026-06-15 04:44:26] [DEBUG] [market_client] Indicators API error for USDJPY: {'code': 404, 'status': 'Not Found'}
[2026-06-15 04:44:26] [DEBUG] [indicators] No trend data for USDJPY, using neutral
[2026-06-15 04:44:26] [DEBUG] [market_client] Indicators API error for USDJPY: {'code': 404, 'status': 'Not Found'}
[2026-06-15 04:44:26] [DEBUG] [indicators] No volatility data for USDJPY, using neutral
[2026-06-15 04:44:26] [INFO] [voting_engine] USDJPY: MTF not aligned, reducing score
[2026-06-15 04:44:26] [INFO] [main] USDJPY: SKIP - Score 11.0 < 65
[2026-06-15 04:44:26] [INFO] [main] Sleeping 1800s...
[2026-06-15 04:46:47] [INFO] [main] Trading Bot V3 starting...
[2026-06-15 04:46:47] [INFO] [database] V3 Database initialized with all tables
[2026-06-15 04:46:47] [ERROR] [qd_client] Login attempt 1 failed: Expecting value: line 1 column 1 (char 0)
[2026-06-15 04:46:52] [ERROR] [qd_client] Login attempt 2 failed: Expecting value: line 1 column 1 (char 0)
[2026-06-15 04:46:58] [INFO] [qd_client] Logged in to QuantDinger
[2026-06-15 04:46:58] [INFO] [qd_client] MT5 connected
[2026-06-15 04:46:58] [INFO] [main] MT5 connected
[2026-06-15 04:46:58] [INFO] [telegram_bot] Telegram polling started
[2026-06-15 04:46:58] [INFO] [telegram_bot] Telegram bot V3 started
[2026-06-15 04:46:58] [INFO] [mt5_watchdog] MT5 watchdog started (V1 reconnect logic)
[2026-06-15 04:46:58] [INFO] [reconciliation] Reconciliation loop started (every 60s)
[2026-06-15 04:46:58] [INFO] [reconciliation] Reconciliation thread started
[2026-06-15 04:46:59] [INFO] [main] ==================================================
[2026-06-15 04:46:59] [INFO] [main] Cycle 1 at 04:46:59
[2026-06-15 04:47:02] [INFO] [news_fetcher] Fetched 6 relevant news items
[2026-06-15 04:47:02] [INFO] [main] Equity: 100000.00$ | News: 6
[2026-06-15 04:47:02] [INFO] [main] --- EURUSD ---
[2026-06-15 04:47:05] [INFO] [deepseek] AI analysis EURUSD: bias=bullish score=75.0 conf=0.80
[2026-06-15 04:47:05] [DEBUG] [signal_engine] Signal: BUY score=75.0 conf=0.80 valid=True
[2026-06-15 04:47:05] [DEBUG] [market_client] Indicators API error for EURUSD: {'code': 404, 'status': 'Not Found'}
[2026-06-15 04:47:05] [DEBUG] [indicators] No trend data for EURUSD, using neutral
[2026-06-15 04:47:05] [DEBUG] [market_client] Indicators API error for EURUSD: {'code': 404, 'status': 'Not Found'}
[2026-06-15 04:47:05] [DEBUG] [indicators] No momentum data for EURUSD, using neutral
[2026-06-15 04:47:05] [DEBUG] [market_client] Indicators API error for EURUSD: {'code': 404, 'status': 'Not Found'}
[2026-06-15 04:47:05] [DEBUG] [indicators] No momentum data for EURUSD, using neutral
[2026-06-15 04:47:05] [INFO] [mtf] MTF EURUSD: H4=neutral H1=neutral M15=neutral aligned=False (weak)
[2026-06-15 04:47:05] [DEBUG] [market_client] Indicators API error for EURUSD: {'code': 404, 'status': 'Not Found'}
[2026-06-15 04:47:05] [DEBUG] [indicators] No trend data for EURUSD, using neutral
[2026-06-15 04:47:05] [DEBUG] [market_client] Indicators API error for EURUSD: {'code': 404, 'status': 'Not Found'}
[2026-06-15 04:47:05] [DEBUG] [indicators] No momentum data for EURUSD, using neutral
[2026-06-15 04:47:05] [DEBUG] [market_client] Indicators API error for EURUSD: {'code': 404, 'status': 'Not Found'}
[2026-06-15 04:47:05] [DEBUG] [indicators] No volatility data for EURUSD, using neutral
[2026-06-15 04:47:05] [DEBUG] [market_client] Indicators API error for EURUSD: {'code': 404, 'status': 'Not Found'}
[2026-06-15 04:47:05] [DEBUG] [indicators] No trend data for EURUSD, using neutral
[2026-06-15 04:47:05] [DEBUG] [market_client] Indicators API error for EURUSD: {'code': 404, 'status': 'Not Found'}
[2026-06-15 04:47:05] [DEBUG] [indicators] No volatility data for EURUSD, using neutral
[2026-06-15 04:47:05] [INFO] [voting_engine] EURUSD: MTF not aligned, reducing score
[2026-06-15 04:47:05] [INFO] [main] EURUSD: SKIP - Score 11.0 < 65
[2026-06-15 04:47:05] [INFO] [main] --- XAUUSD ---
[2026-06-15 04:47:08] [INFO] [deepseek] AI analysis XAUUSD: bias=bullish score=75.0 conf=0.80
[2026-06-15 04:47:08] [DEBUG] [signal_engine] Signal: BUY score=75.0 conf=0.80 valid=True
[2026-06-15 04:47:08] [INFO] [sentiment] Sentiment XAUUSD: bullish score=100 bull=1 bear=0
[2026-06-15 04:47:08] [DEBUG] [market_client] Indicators API error for XAUUSD: {'code': 404, 'status': 'Not Found'}
[2026-06-15 04:47:08] [DEBUG] [indicators] No trend data for XAUUSD, using neutral
[2026-06-15 04:47:08] [DEBUG] [market_client] Indicators API error for XAUUSD: {'code': 404, 'status': 'Not Found'}
[2026-06-15 04:47:08] [DEBUG] [indicators] No momentum data for XAUUSD, using neutral
[2026-06-15 04:47:08] [DEBUG] [market_client] Indicators API error for XAUUSD: {'code': 404, 'status': 'Not Found'}
[2026-06-15 04:47:08] [DEBUG] [indicators] No momentum data for XAUUSD, using neutral
[2026-06-15 04:47:08] [INFO] [mtf] MTF XAUUSD: H4=neutral H1=neutral M15=neutral aligned=False (weak)
[2026-06-15 04:47:08] [DEBUG] [market_client] Indicators API error for XAUUSD: {'code': 404, 'status': 'Not Found'}
[2026-06-15 04:47:08] [DEBUG] [indicators] No trend data for XAUUSD, using neutral
[2026-06-15 04:47:08] [DEBUG] [market_client] Indicators API error for XAUUSD: {'code': 404, 'status': 'Not Found'}
[2026-06-15 04:47:08] [DEBUG] [indicators] No momentum data for XAUUSD, using neutral
[2026-06-15 04:47:08] [DEBUG] [market_client] Indicators API error for XAUUSD: {'code': 404, 'status': 'Not Found'}
[2026-06-15 04:47:08] [DEBUG] [indicators] No volatility data for XAUUSD, using neutral
[2026-06-15 04:47:08] [DEBUG] [market_client] Indicators API error for XAUUSD: {'code': 404, 'status': 'Not Found'}
[2026-06-15 04:47:08] [DEBUG] [indicators] No trend data for XAUUSD, using neutral
[2026-06-15 04:47:08] [DEBUG] [market_client] Indicators API error for XAUUSD: {'code': 404, 'status': 'Not Found'}
[2026-06-15 04:47:08] [DEBUG] [indicators] No volatility data for XAUUSD, using neutral
[2026-06-15 04:47:08] [INFO] [voting_engine] XAUUSD: MTF not aligned, reducing score
[2026-06-15 04:47:08] [INFO] [main] XAUUSD: SKIP - Score 12.4 < 65
[2026-06-15 04:47:08] [INFO] [main] --- GBPUSD ---
[2026-06-15 04:47:11] [INFO] [deepseek] AI analysis GBPUSD: bias=bullish score=75.0 conf=0.80
[2026-06-15 04:47:11] [DEBUG] [signal_engine] Signal: BUY score=75.0 conf=0.80 valid=True
[2026-06-15 04:47:11] [DEBUG] [market_client] Indicators API error for GBPUSD: {'code': 404, 'status': 'Not Found'}
[2026-06-15 04:47:11] [DEBUG] [indicators] No trend data for GBPUSD, using neutral
[2026-06-15 04:47:11] [DEBUG] [market_client] Indicators API error for GBPUSD: {'code': 404, 'status': 'Not Found'}
[2026-06-15 04:47:11] [DEBUG] [indicators] No momentum data for GBPUSD, using neutral
[2026-06-15 04:47:11] [DEBUG] [market_client] Indicators API error for GBPUSD: {'code': 404, 'status': 'Not Found'}
[2026-06-15 04:47:11] [DEBUG] [indicators] No momentum data for GBPUSD, using neutral
[2026-06-15 04:47:11] [INFO] [mtf] MTF GBPUSD: H4=neutral H1=neutral M15=neutral aligned=False (weak)
[2026-06-15 04:47:11] [DEBUG] [market_client] Indicators API error for GBPUSD: {'code': 404, 'status': 'Not Found'}
[2026-06-15 04:47:11] [DEBUG] [indicators] No trend data for GBPUSD, using neutral
[2026-06-15 04:47:11] [DEBUG] [market_client] Indicators API error for GBPUSD: {'code': 404, 'status': 'Not Found'}
[2026-06-15 04:47:11] [DEBUG] [indicators] No momentum data for GBPUSD, using neutral
[2026-06-15 04:47:11] [DEBUG] [market_client] Indicators API error for GBPUSD: {'code': 404, 'status': 'Not Found'}
[2026-06-15 04:47:11] [DEBUG] [indicators] No volatility data for GBPUSD, using neutral
[2026-06-15 04:47:11] [DEBUG] [market_client] Indicators API error for GBPUSD: {'code': 404, 'status': 'Not Found'}
[2026-06-15 04:47:11] [DEBUG] [indicators] No trend data for GBPUSD, using neutral
[2026-06-15 04:47:11] [DEBUG] [market_client] Indicators API error for GBPUSD: {'code': 404, 'status': 'Not Found'}
[2026-06-15 04:47:11] [DEBUG] [indicators] No volatility data for GBPUSD, using neutral
[2026-06-15 04:47:11] [INFO] [voting_engine] GBPUSD: MTF not aligned, reducing score
[2026-06-15 04:47:11] [INFO] [main] GBPUSD: SKIP - Score 11.0 < 65
[2026-06-15 04:47:11] [INFO] [main] --- USDJPY ---
[2026-06-15 04:47:14] [INFO] [deepseek] AI analysis USDJPY: bias=bullish score=75.0 conf=0.80
[2026-06-15 04:47:14] [DEBUG] [signal_engine] Signal: BUY score=75.0 conf=0.80 valid=True
[2026-06-15 04:47:14] [DEBUG] [market_client] Indicators API error for USDJPY: {'code': 404, 'status': 'Not Found'}
[2026-06-15 04:47:14] [DEBUG] [indicators] No trend data for USDJPY, using neutral
[2026-06-15 04:47:14] [DEBUG] [market_client] Indicators API error for USDJPY: {'code': 404, 'status': 'Not Found'}
[2026-06-15 04:47:14] [DEBUG] [indicators] No momentum data for USDJPY, using neutral
[2026-06-15 04:47:14] [DEBUG] [market_client] Indicators API error for USDJPY: {'code': 404, 'status': 'Not Found'}
[2026-06-15 04:47:14] [DEBUG] [indicators] No momentum data for USDJPY, using neutral
[2026-06-15 04:47:14] [INFO] [mtf] MTF USDJPY: H4=neutral H1=neutral M15=neutral aligned=False (weak)
[2026-06-15 04:47:14] [DEBUG] [market_client] Indicators API error for USDJPY: {'code': 404, 'status': 'Not Found'}
[2026-06-15 04:47:14] [DEBUG] [indicators] No trend data for USDJPY, using neutral
[2026-06-15 04:47:14] [DEBUG] [market_client] Indicators API error for USDJPY: {'code': 404, 'status': 'Not Found'}
[2026-06-15 04:47:14] [DEBUG] [indicators] No momentum data for USDJPY, using neutral
[2026-06-15 04:47:14] [DEBUG] [market_client] Indicators API error for USDJPY: {'code': 404, 'status': 'Not Found'}
[2026-06-15 04:47:14] [DEBUG] [indicators] No volatility data for USDJPY, using neutral
[2026-06-15 04:47:14] [DEBUG] [market_client] Indicators API error for USDJPY: {'code': 404, 'status': 'Not Found'}
[2026-06-15 04:47:14] [DEBUG] [indicators] No trend data for USDJPY, using neutral
[2026-06-15 04:47:14] [DEBUG] [market_client] Indicators API error for USDJPY: {'code': 404, 'status': 'Not Found'}
[2026-06-15 04:47:14] [DEBUG] [indicators] No volatility data for USDJPY, using neutral
[2026-06-15 04:47:14] [INFO] [voting_engine] USDJPY: MTF not aligned, reducing score
[2026-06-15 04:47:14] [INFO] [main] USDJPY: SKIP - Score 11.0 < 65
[2026-06-15 04:47:14] [INFO] [main] Sleeping 1800s...
[2026-06-15 04:48:04] [INFO] [main] Trading Bot V3 starting...
[2026-06-15 04:48:04] [INFO] [database] V3 Database initialized with all tables
[2026-06-15 04:48:04] [ERROR] [qd_client] Login attempt 1 failed: Expecting value: line 1 column 1 (char 0)
[2026-06-15 04:48:09] [ERROR] [qd_client] Login attempt 2 failed: Expecting value: line 1 column 1 (char 0)
[2026-06-15 04:48:14] [ERROR] [qd_client] Login attempt 3 failed: Expecting value: line 1 column 1 (char 0)
[2026-06-15 04:49:09] [INFO] [main] Trading Bot V3 starting...
[2026-06-15 04:49:09] [INFO] [database] V3 Database initialized with all tables
[2026-06-15 04:49:10] [INFO] [qd_client] Logged in to QuantDinger
[2026-06-15 04:49:10] [INFO] [qd_client] MT5 connected
[2026-06-15 04:49:10] [INFO] [main] MT5 connected
[2026-06-15 04:49:10] [INFO] [telegram_bot] Telegram polling started
[2026-06-15 04:49:10] [INFO] [telegram_bot] Telegram bot V3 started
[2026-06-15 04:49:10] [INFO] [mt5_watchdog] MT5 watchdog started (V1 reconnect logic)
[2026-06-15 04:49:10] [INFO] [reconciliation] Reconciliation loop started (every 60s)
[2026-06-15 04:49:10] [INFO] [reconciliation] Reconciliation thread started
[2026-06-15 04:49:10] [INFO] [main] ==================================================
[2026-06-15 04:49:10] [INFO] [main] Cycle 1 at 04:49:10
[2026-06-15 04:49:15] [INFO] [news_fetcher] Fetched 6 relevant news items
[2026-06-15 04:49:15] [INFO] [main] Equity: 100000.00$ | News: 6
[2026-06-15 04:49:15] [INFO] [main] --- EURUSD ---
[2026-06-15 04:49:17] [INFO] [deepseek] AI analysis EURUSD: bias=bullish score=75.0 conf=0.80
[2026-06-15 04:49:18] [DEBUG] [signal_engine] Signal: BUY score=75.0 conf=0.80 valid=True
[2026-06-15 04:49:18] [DEBUG] [market_client] Indicators API error for EURUSD: {'code': 404, 'status': 'Not Found'}
[2026-06-15 04:49:18] [DEBUG] [indicators] No trend data for EURUSD, using neutral
[2026-06-15 04:49:18] [DEBUG] [market_client] Indicators API error for EURUSD: {'code': 404, 'status': 'Not Found'}
[2026-06-15 04:49:18] [DEBUG] [indicators] No momentum data for EURUSD, using neutral
[2026-06-15 04:49:18] [DEBUG] [market_client] Indicators API error for EURUSD: {'code': 404, 'status': 'Not Found'}
[2026-06-15 04:49:18] [DEBUG] [indicators] No momentum data for EURUSD, using neutral
[2026-06-15 04:49:18] [INFO] [mtf] MTF EURUSD: H4=neutral H1=neutral M15=neutral aligned=False (weak)
[2026-06-15 04:49:18] [DEBUG] [market_client] Indicators API error for EURUSD: {'code': 404, 'status': 'Not Found'}
[2026-06-15 04:49:18] [DEBUG] [indicators] No trend data for EURUSD, using neutral
[2026-06-15 04:49:18] [DEBUG] [market_client] Indicators API error for EURUSD: {'code': 404, 'status': 'Not Found'}
[2026-06-15 04:49:18] [DEBUG] [indicators] No momentum data for EURUSD, using neutral
[2026-06-15 04:49:18] [DEBUG] [market_client] Indicators API error for EURUSD: {'code': 404, 'status': 'Not Found'}
[2026-06-15 04:49:18] [DEBUG] [indicators] No volatility data for EURUSD, using neutral
[2026-06-15 04:49:18] [DEBUG] [market_client] Indicators API error for EURUSD: {'code': 404, 'status': 'Not Found'}
[2026-06-15 04:49:18] [DEBUG] [indicators] No trend data for EURUSD, using neutral
[2026-06-15 04:49:18] [DEBUG] [market_client] Indicators API error for EURUSD: {'code': 404, 'status': 'Not Found'}
[2026-06-15 04:49:18] [DEBUG] [indicators] No volatility data for EURUSD, using neutral
[2026-06-15 04:49:18] [INFO] [voting_engine] EURUSD: MTF not aligned, reducing score
[2026-06-15 04:49:18] [INFO] [main] EURUSD: SKIP - Score 11.0 < 65
[2026-06-15 04:49:18] [INFO] [main] --- XAUUSD ---
[2026-06-15 04:49:20] [INFO] [deepseek] AI analysis XAUUSD: bias=bullish score=75.0 conf=0.80
[2026-06-15 04:49:20] [DEBUG] [signal_engine] Signal: BUY score=75.0 conf=0.80 valid=True
[2026-06-15 04:49:20] [INFO] [sentiment] Sentiment XAUUSD: bullish score=100 bull=1 bear=0
[2026-06-15 04:49:20] [DEBUG] [market_client] Indicators API error for XAUUSD: {'code': 404, 'status': 'Not Found'}
[2026-06-15 04:49:20] [DEBUG] [indicators] No trend data for XAUUSD, using neutral
[2026-06-15 04:49:20] [DEBUG] [market_client] Indicators API error for XAUUSD: {'code': 404, 'status': 'Not Found'}
[2026-06-15 04:49:20] [DEBUG] [indicators] No momentum data for XAUUSD, using neutral
[2026-06-15 04:49:20] [DEBUG] [market_client] Indicators API error for XAUUSD: {'code': 404, 'status': 'Not Found'}
[2026-06-15 04:49:20] [DEBUG] [indicators] No momentum data for XAUUSD, using neutral
[2026-06-15 04:49:20] [INFO] [mtf] MTF XAUUSD: H4=neutral H1=neutral M15=neutral aligned=False (weak)
[2026-06-15 04:49:20] [DEBUG] [market_client] Indicators API error for XAUUSD: {'code': 404, 'status': 'Not Found'}
[2026-06-15 04:49:20] [DEBUG] [indicators] No trend data for XAUUSD, using neutral
[2026-06-15 04:49:20] [DEBUG] [market_client] Indicators API error for XAUUSD: {'code': 404, 'status': 'Not Found'}
[2026-06-15 04:49:20] [DEBUG] [indicators] No momentum data for XAUUSD, using neutral
[2026-06-15 04:49:20] [DEBUG] [market_client] Indicators API error for XAUUSD: {'code': 404, 'status': 'Not Found'}
[2026-06-15 04:49:20] [DEBUG] [indicators] No volatility data for XAUUSD, using neutral
[2026-06-15 04:49:20] [DEBUG] [market_client] Indicators API error for XAUUSD: {'code': 404, 'status': 'Not Found'}
[2026-06-15 04:49:20] [DEBUG] [indicators] No trend data for XAUUSD, using neutral
[2026-06-15 04:49:20] [DEBUG] [market_client] Indicators API error for XAUUSD: {'code': 404, 'status': 'Not Found'}
[2026-06-15 04:49:20] [DEBUG] [indicators] No volatility data for XAUUSD, using neutral
[2026-06-15 04:49:20] [INFO] [voting_engine] XAUUSD: MTF not aligned, reducing score
[2026-06-15 04:49:20] [INFO] [main] XAUUSD: SKIP - Score 12.4 < 65
[2026-06-15 04:49:20] [INFO] [main] --- GBPUSD ---
[2026-06-15 04:49:23] [INFO] [deepseek] AI analysis GBPUSD: bias=bullish score=75.0 conf=0.80
[2026-06-15 04:49:23] [DEBUG] [signal_engine] Signal: BUY score=75.0 conf=0.80 valid=True
[2026-06-15 04:49:23] [DEBUG] [market_client] Indicators API error for GBPUSD: {'code': 404, 'status': 'Not Found'}
[2026-06-15 04:49:23] [DEBUG] [indicators] No trend data for GBPUSD, using neutral
[2026-06-15 04:49:23] [DEBUG] [market_client] Indicators API error for GBPUSD: {'code': 404, 'status': 'Not Found'}
[2026-06-15 04:49:23] [DEBUG] [indicators] No momentum data for GBPUSD, using neutral
[2026-06-15 04:49:23] [DEBUG] [market_client] Indicators API error for GBPUSD: {'code': 404, 'status': 'Not Found'}
[2026-06-15 04:49:23] [DEBUG] [indicators] No momentum data for GBPUSD, using neutral
[2026-06-15 04:49:23] [INFO] [mtf] MTF GBPUSD: H4=neutral H1=neutral M15=neutral aligned=False (weak)
[2026-06-15 04:49:23] [DEBUG] [market_client] Indicators API error for GBPUSD: {'code': 404, 'status': 'Not Found'}
[2026-06-15 04:49:23] [DEBUG] [indicators] No trend data for GBPUSD, using neutral
[2026-06-15 04:49:23] [DEBUG] [market_client] Indicators API error for GBPUSD: {'code': 404, 'status': 'Not Found'}
[2026-06-15 04:49:23] [DEBUG] [indicators] No momentum data for GBPUSD, using neutral
[2026-06-15 04:49:23] [DEBUG] [market_client] Indicators API error for GBPUSD: {'code': 404, 'status': 'Not Found'}
[2026-06-15 04:49:23] [DEBUG] [indicators] No volatility data for GBPUSD, using neutral
[2026-06-15 04:49:23] [DEBUG] [market_client] Indicators API error for GBPUSD: {'code': 404, 'status': 'Not Found'}
[2026-06-15 04:49:23] [DEBUG] [indicators] No trend data for GBPUSD, using neutral
[2026-06-15 04:49:23] [DEBUG] [market_client] Indicators API error for GBPUSD: {'code': 404, 'status': 'Not Found'}
[2026-06-15 04:49:23] [DEBUG] [indicators] No volatility data for GBPUSD, using neutral
[2026-06-15 04:49:23] [INFO] [voting_engine] GBPUSD: MTF not aligned, reducing score
[2026-06-15 04:49:23] [INFO] [main] GBPUSD: SKIP - Score 11.0 < 65
[2026-06-15 04:49:23] [INFO] [main] --- USDJPY ---
[2026-06-15 04:49:26] [INFO] [deepseek] AI analysis USDJPY: bias=bullish score=75.0 conf=0.80
[2026-06-15 04:49:26] [DEBUG] [signal_engine] Signal: BUY score=75.0 conf=0.80 valid=True
[2026-06-15 04:49:26] [DEBUG] [market_client] Indicators API error for USDJPY: {'code': 404, 'status': 'Not Found'}
[2026-06-15 04:49:26] [DEBUG] [indicators] No trend data for USDJPY, using neutral
[2026-06-15 04:49:26] [DEBUG] [market_client] Indicators API error for USDJPY: {'code': 404, 'status': 'Not Found'}
[2026-06-15 04:49:26] [DEBUG] [indicators] No momentum data for USDJPY, using neutral
[2026-06-15 04:49:26] [DEBUG] [market_client] Indicators API error for USDJPY: {'code': 404, 'status': 'Not Found'}
[2026-06-15 04:49:26] [DEBUG] [indicators] No momentum data for USDJPY, using neutral
[2026-06-15 04:49:26] [INFO] [mtf] MTF USDJPY: H4=neutral H1=neutral M15=neutral aligned=False (weak)
[2026-06-15 04:49:26] [DEBUG] [market_client] Indicators API error for USDJPY: {'code': 404, 'status': 'Not Found'}
[2026-06-15 04:49:26] [DEBUG] [indicators] No trend data for USDJPY, using neutral
[2026-06-15 04:49:26] [DEBUG] [market_client] Indicators API error for USDJPY: {'code': 404, 'status': 'Not Found'}
[2026-06-15 04:49:26] [DEBUG] [indicators] No momentum data for USDJPY, using neutral
[2026-06-15 04:49:26] [DEBUG] [market_client] Indicators API error for USDJPY: {'code': 404, 'status': 'Not Found'}
[2026-06-15 04:49:26] [DEBUG] [indicators] No volatility data for USDJPY, using neutral
[2026-06-15 04:49:26] [DEBUG] [market_client] Indicators API error for USDJPY: {'code': 404, 'status': 'Not Found'}
[2026-06-15 04:49:26] [DEBUG] [indicators] No trend data for USDJPY, using neutral
[2026-06-15 04:49:26] [DEBUG] [market_client] Indicators API error for USDJPY: {'code': 404, 'status': 'Not Found'}
[2026-06-15 04:49:26] [DEBUG] [indicators] No volatility data for USDJPY, using neutral
[2026-06-15 04:49:26] [INFO] [voting_engine] USDJPY: MTF not aligned, reducing score
[2026-06-15 04:49:26] [INFO] [main] USDJPY: SKIP - Score 11.0 < 65
[2026-06-15 04:49:26] [INFO] [main] Sleeping 1800s...
[2026-06-15 04:51:31] [INFO] [main] Trading Bot V3 starting...
[2026-06-15 04:51:31] [INFO] [database] V3 Database initialized with all tables
[2026-06-15 04:51:31] [INFO] [qd_client] Logged in to QuantDinger
[2026-06-15 04:51:31] [INFO] [qd_client] MT5 connected
[2026-06-15 04:51:31] [INFO] [main] MT5 connected
[2026-06-15 04:51:31] [INFO] [telegram_bot] Telegram polling started
[2026-06-15 04:51:31] [INFO] [telegram_bot] Telegram bot V3 started
[2026-06-15 04:51:31] [INFO] [mt5_watchdog] MT5 watchdog started (V1 reconnect logic)
[2026-06-15 04:51:31] [INFO] [reconciliation] Reconciliation loop started (every 60s)
[2026-06-15 04:51:31] [INFO] [reconciliation] Reconciliation thread started
[2026-06-15 04:51:32] [INFO] [main] ==================================================
[2026-06-15 04:51:32] [INFO] [main] Cycle 1 at 04:51:32
[2026-06-15 04:51:36] [INFO] [news_fetcher] Fetched 7 relevant news items
[2026-06-15 04:51:36] [INFO] [main] Equity: 100000.00$ | News: 7
[2026-06-15 04:51:36] [INFO] [main] --- EURUSD ---
[2026-06-15 04:51:39] [INFO] [deepseek] AI analysis EURUSD: bias=bullish score=75.0 conf=0.80
[2026-06-15 04:51:39] [DEBUG] [signal_engine] Signal: BUY score=75.0 conf=0.80 valid=True
[2026-06-15 04:51:39] [DEBUG] [market_client] Indicators API error for EURUSD: {'code': 404, 'status': 'Not Found'}
[2026-06-15 04:51:39] [DEBUG] [indicators] No trend data for EURUSD, using neutral
[2026-06-15 04:51:39] [DEBUG] [market_client] Indicators API error for EURUSD: {'code': 404, 'status': 'Not Found'}
[2026-06-15 04:51:39] [DEBUG] [indicators] No momentum data for EURUSD, using neutral
[2026-06-15 04:51:39] [DEBUG] [market_client] Indicators API error for EURUSD: {'code': 404, 'status': 'Not Found'}
[2026-06-15 04:51:39] [DEBUG] [indicators] No momentum data for EURUSD, using neutral
[2026-06-15 04:51:39] [INFO] [mtf] MTF EURUSD: H4=neutral H1=neutral M15=neutral aligned=False (weak)
[2026-06-15 04:51:39] [DEBUG] [market_client] Indicators API error for EURUSD: {'code': 404, 'status': 'Not Found'}
[2026-06-15 04:51:39] [DEBUG] [indicators] No trend data for EURUSD, using neutral
[2026-06-15 04:51:39] [DEBUG] [market_client] Indicators API error for EURUSD: {'code': 404, 'status': 'Not Found'}
[2026-06-15 04:51:39] [DEBUG] [indicators] No momentum data for EURUSD, using neutral
[2026-06-15 04:51:39] [DEBUG] [market_client] Indicators API error for EURUSD: {'code': 404, 'status': 'Not Found'}
[2026-06-15 04:51:39] [DEBUG] [indicators] No volatility data for EURUSD, using neutral
[2026-06-15 04:51:39] [DEBUG] [market_client] Indicators API error for EURUSD: {'code': 404, 'status': 'Not Found'}
[2026-06-15 04:51:39] [DEBUG] [indicators] No trend data for EURUSD, using neutral
[2026-06-15 04:51:39] [DEBUG] [market_client] Indicators API error for EURUSD: {'code': 404, 'status': 'Not Found'}
[2026-06-15 04:51:39] [DEBUG] [indicators] No volatility data for EURUSD, using neutral
[2026-06-15 04:51:39] [INFO] [voting_engine] EURUSD: MTF not aligned, reducing score
[2026-06-15 04:51:39] [INFO] [main] EURUSD: SKIP - Score 11.0 < 65
[2026-06-15 04:51:39] [INFO] [main] --- XAUUSD ---
[2026-06-15 04:51:41] [INFO] [deepseek] AI analysis XAUUSD: bias=bullish score=75.0 conf=0.80
[2026-06-15 04:51:41] [DEBUG] [signal_engine] Signal: BUY score=75.0 conf=0.80 valid=True
[2026-06-15 04:51:41] [INFO] [sentiment] Sentiment XAUUSD: bullish score=100 bull=1 bear=0
[2026-06-15 04:51:41] [DEBUG] [market_client] Indicators API error for XAUUSD: {'code': 404, 'status': 'Not Found'}
[2026-06-15 04:51:41] [DEBUG] [indicators] No trend data for XAUUSD, using neutral
[2026-06-15 04:51:41] [DEBUG] [market_client] Indicators API error for XAUUSD: {'code': 404, 'status': 'Not Found'}
[2026-06-15 04:51:41] [DEBUG] [indicators] No momentum data for XAUUSD, using neutral
[2026-06-15 04:51:41] [DEBUG] [market_client] Indicators API error for XAUUSD: {'code': 404, 'status': 'Not Found'}
[2026-06-15 04:51:41] [DEBUG] [indicators] No momentum data for XAUUSD, using neutral
[2026-06-15 04:51:41] [INFO] [mtf] MTF XAUUSD: H4=neutral H1=neutral M15=neutral aligned=False (weak)
[2026-06-15 04:51:41] [DEBUG] [market_client] Indicators API error for XAUUSD: {'code': 404, 'status': 'Not Found'}
[2026-06-15 04:51:41] [DEBUG] [indicators] No trend data for XAUUSD, using neutral
[2026-06-15 04:51:41] [DEBUG] [market_client] Indicators API error for XAUUSD: {'code': 404, 'status': 'Not Found'}
[2026-06-15 04:51:41] [DEBUG] [indicators] No momentum data for XAUUSD, using neutral
[2026-06-15 04:51:41] [DEBUG] [market_client] Indicators API error for XAUUSD: {'code': 404, 'status': 'Not Found'}
[2026-06-15 04:51:41] [DEBUG] [indicators] No volatility data for XAUUSD, using neutral
[2026-06-15 04:51:41] [DEBUG] [market_client] Indicators API error for XAUUSD: {'code': 404, 'status': 'Not Found'}
[2026-06-15 04:51:41] [DEBUG] [indicators] No trend data for XAUUSD, using neutral
[2026-06-15 04:51:41] [DEBUG] [market_client] Indicators API error for XAUUSD: {'code': 404, 'status': 'Not Found'}
[2026-06-15 04:51:41] [DEBUG] [indicators] No volatility data for XAUUSD, using neutral
[2026-06-15 04:51:41] [INFO] [voting_engine] XAUUSD: MTF not aligned, reducing score
[2026-06-15 04:51:41] [INFO] [main] XAUUSD: SKIP - Score 12.4 < 65
[2026-06-15 04:51:41] [INFO] [main] --- GBPUSD ---
[2026-06-15 04:51:44] [INFO] [deepseek] AI analysis GBPUSD: bias=bullish score=75.0 conf=0.80
[2026-06-15 04:51:44] [DEBUG] [signal_engine] Signal: BUY score=75.0 conf=0.80 valid=True
[2026-06-15 04:51:44] [INFO] [sentiment] Sentiment GBPUSD: bullish score=100 bull=1 bear=0
[2026-06-15 04:51:44] [DEBUG] [market_client] Indicators API error for GBPUSD: {'code': 404, 'status': 'Not Found'}
[2026-06-15 04:51:44] [DEBUG] [indicators] No trend data for GBPUSD, using neutral
[2026-06-15 04:51:44] [DEBUG] [market_client] Indicators API error for GBPUSD: {'code': 404, 'status': 'Not Found'}
[2026-06-15 04:51:44] [DEBUG] [indicators] No momentum data for GBPUSD, using neutral
[2026-06-15 04:51:44] [DEBUG] [market_client] Indicators API error for GBPUSD: {'code': 404, 'status': 'Not Found'}
[2026-06-15 04:51:44] [DEBUG] [indicators] No momentum data for GBPUSD, using neutral
[2026-06-15 04:51:44] [INFO] [mtf] MTF GBPUSD: H4=neutral H1=neutral M15=neutral aligned=False (weak)
[2026-06-15 04:51:44] [DEBUG] [market_client] Indicators API error for GBPUSD: {'code': 404, 'status': 'Not Found'}
[2026-06-15 04:51:44] [DEBUG] [indicators] No trend data for GBPUSD, using neutral
[2026-06-15 04:51:44] [DEBUG] [market_client] Indicators API error for GBPUSD: {'code': 404, 'status': 'Not Found'}
[2026-06-15 04:51:44] [DEBUG] [indicators] No momentum data for GBPUSD, using neutral
[2026-06-15 04:51:44] [DEBUG] [market_client] Indicators API error for GBPUSD: {'code': 404, 'status': 'Not Found'}
[2026-06-15 04:51:44] [DEBUG] [indicators] No volatility data for GBPUSD, using neutral
[2026-06-15 04:51:44] [DEBUG] [market_client] Indicators API error for GBPUSD: {'code': 404, 'status': 'Not Found'}
[2026-06-15 04:51:44] [DEBUG] [indicators] No trend data for GBPUSD, using neutral
[2026-06-15 04:51:44] [DEBUG] [market_client] Indicators API error for GBPUSD: {'code': 404, 'status': 'Not Found'}
[2026-06-15 04:51:44] [DEBUG] [indicators] No volatility data for GBPUSD, using neutral
[2026-06-15 04:51:44] [INFO] [voting_engine] GBPUSD: MTF not aligned, reducing score
[2026-06-15 04:51:44] [INFO] [main] GBPUSD: SKIP - Score 12.4 < 65
[2026-06-15 04:51:44] [INFO] [main] --- USDJPY ---
[2026-06-15 04:51:47] [INFO] [deepseek] AI analysis USDJPY: bias=bullish score=75.0 conf=0.80
[2026-06-15 04:51:47] [DEBUG] [signal_engine] Signal: BUY score=75.0 conf=0.80 valid=True
[2026-06-15 04:51:47] [INFO] [sentiment] Sentiment USDJPY: bullish score=100 bull=2 bear=0
[2026-06-15 04:51:47] [DEBUG] [market_client] Indicators API error for USDJPY: {'code': 404, 'status': 'Not Found'}
[2026-06-15 04:51:47] [DEBUG] [indicators] No trend data for USDJPY, using neutral
[2026-06-15 04:51:47] [DEBUG] [market_client] Indicators API error for USDJPY: {'code': 404, 'status': 'Not Found'}
[2026-06-15 04:51:47] [DEBUG] [indicators] No momentum data for USDJPY, using neutral
[2026-06-15 04:51:47] [DEBUG] [market_client] Indicators API error for USDJPY: {'code': 404, 'status': 'Not Found'}
[2026-06-15 04:51:47] [DEBUG] [indicators] No momentum data for USDJPY, using neutral
[2026-06-15 04:51:47] [INFO] [mtf] MTF USDJPY: H4=neutral H1=neutral M15=neutral aligned=False (weak)
[2026-06-15 04:51:47] [DEBUG] [market_client] Indicators API error for USDJPY: {'code': 404, 'status': 'Not Found'}
[2026-06-15 04:51:47] [DEBUG] [indicators] No trend data for USDJPY, using neutral
[2026-06-15 04:51:47] [DEBUG] [market_client] Indicators API error for USDJPY: {'code': 404, 'status': 'Not Found'}
[2026-06-15 04:51:47] [DEBUG] [indicators] No momentum data for USDJPY, using neutral
[2026-06-15 04:51:47] [DEBUG] [market_client] Indicators API error for USDJPY: {'code': 404, 'status': 'Not Found'}
[2026-06-15 04:51:47] [DEBUG] [indicators] No volatility data for USDJPY, using neutral
[2026-06-15 04:51:47] [DEBUG] [market_client] Indicators API error for USDJPY: {'code': 404, 'status': 'Not Found'}
[2026-06-15 04:51:47] [DEBUG] [indicators] No trend data for USDJPY, using neutral
[2026-06-15 04:51:47] [DEBUG] [market_client] Indicators API error for USDJPY: {'code': 404, 'status': 'Not Found'}
[2026-06-15 04:51:47] [DEBUG] [indicators] No volatility data for USDJPY, using neutral
[2026-06-15 04:51:47] [INFO] [voting_engine] USDJPY: MTF not aligned, reducing score
[2026-06-15 04:51:47] [INFO] [main] USDJPY: SKIP - Score 12.4 < 65
[2026-06-15 04:51:47] [INFO] [main] Sleeping 1800s...
[2026-06-15 04:52:10] [WARNING] [mt5_watchdog] MT5 disconnected! Attempt 1/3
[2026-06-15 04:52:11] [INFO] [qd_client] Logged in to QuantDinger
[2026-06-15 04:52:11] [INFO] [mt5_watchdog] MT5 already connected
[2026-06-15 04:52:11] [INFO] [mt5_watchdog] MT5 reconnected successfully!
[2026-06-15 04:52:31] [WARNING] [mt5_watchdog] MT5 disconnected! Attempt 1/3
[2026-06-15 04:52:33] [INFO] [qd_client] Logged in to QuantDinger
[2026-06-15 04:52:33] [INFO] [mt5_watchdog] MT5 already connected
[2026-06-15 04:52:33] [INFO] [mt5_watchdog] MT5 reconnected successfully!
[2026-06-15 04:54:13] [WARNING] [mt5_watchdog] MT5 disconnected! Attempt 1/3
[2026-06-15 04:54:15] [INFO] [qd_client] Logged in to QuantDinger
[2026-06-15 04:54:15] [INFO] [mt5_watchdog] MT5 already connected
[2026-06-15 04:54:15] [INFO] [mt5_watchdog] MT5 reconnected successfully!
[2026-06-15 04:54:34] [WARNING] [mt5_watchdog] MT5 disconnected! Attempt 1/3
[2026-06-15 04:54:35] [INFO] [qd_client] Logged in to QuantDinger
[2026-06-15 04:54:35] [INFO] [mt5_watchdog] MT5 already connected
[2026-06-15 04:54:35] [INFO] [mt5_watchdog] MT5 reconnected successfully!
[2026-06-15 04:55:03] [INFO] [news_fetcher] Fetched 6 relevant news items
[2026-06-15 04:55:04] [INFO] [news_fetcher] Fetched 6 relevant news items
[2026-06-15 04:55:05] [INFO] [deepseek] AI analysis EURUSD: bias=bullish score=75.0 conf=0.80
[2026-06-15 04:55:05] [DEBUG] [market_client] Indicators API error for EURUSD: {'code': 404, 'status': 'Not Found'}
[2026-06-15 04:55:05] [DEBUG] [indicators] No trend data for EURUSD, using neutral
[2026-06-15 04:55:05] [DEBUG] [market_client] Indicators API error for EURUSD: {'code': 404, 'status': 'Not Found'}
[2026-06-15 04:55:05] [DEBUG] [indicators] No trend data for EURUSD, using neutral
[2026-06-15 04:55:05] [DEBUG] [market_client] Indicators API error for EURUSD: {'code': 404, 'status': 'Not Found'}
[2026-06-15 04:55:05] [DEBUG] [indicators] No volatility data for EURUSD, using neutral
[2026-06-15 04:55:08] [INFO] [deepseek] AI analysis EURUSD: bias=bullish score=75.0 conf=0.80
[2026-06-15 04:55:08] [DEBUG] [market_client] Indicators API error for EURUSD: {'code': 404, 'status': 'Not Found'}
[2026-06-15 04:55:08] [DEBUG] [indicators] No trend data for EURUSD, using neutral
[2026-06-15 04:55:08] [DEBUG] [market_client] Indicators API error for EURUSD: {'code': 404, 'status': 'Not Found'}
[2026-06-15 04:55:08] [DEBUG] [indicators] No trend data for EURUSD, using neutral
[2026-06-15 04:55:08] [DEBUG] [market_client] Indicators API error for EURUSD: {'code': 404, 'status': 'Not Found'}
[2026-06-15 04:55:08] [DEBUG] [indicators] No volatility data for EURUSD, using neutral
[2026-06-15 04:55:08] [INFO] [deepseek] AI analysis XAUUSD: bias=bullish score=75.0 conf=0.80
[2026-06-15 04:55:08] [DEBUG] [market_client] Indicators API error for XAUUSD: {'code': 404, 'status': 'Not Found'}
[2026-06-15 04:55:08] [DEBUG] [indicators] No trend data for XAUUSD, using neutral
[2026-06-15 04:55:08] [DEBUG] [market_client] Indicators API error for XAUUSD: {'code': 404, 'status': 'Not Found'}
[2026-06-15 04:55:08] [DEBUG] [indicators] No trend data for XAUUSD, using neutral
[2026-06-15 04:55:08] [DEBUG] [market_client] Indicators API error for XAUUSD: {'code': 404, 'status': 'Not Found'}
[2026-06-15 04:55:08] [DEBUG] [indicators] No volatility data for XAUUSD, using neutral
[2026-06-15 04:55:11] [INFO] [deepseek] AI analysis GBPUSD: bias=bullish score=75.0 conf=0.80
[2026-06-15 04:55:11] [DEBUG] [market_client] Indicators API error for GBPUSD: {'code': 404, 'status': 'Not Found'}
[2026-06-15 04:55:11] [DEBUG] [indicators] No trend data for GBPUSD, using neutral
[2026-06-15 04:55:11] [DEBUG] [market_client] Indicators API error for GBPUSD: {'code': 404, 'status': 'Not Found'}
[2026-06-15 04:55:11] [DEBUG] [indicators] No trend data for GBPUSD, using neutral
[2026-06-15 04:55:11] [DEBUG] [market_client] Indicators API error for GBPUSD: {'code': 404, 'status': 'Not Found'}
[2026-06-15 04:55:11] [DEBUG] [indicators] No volatility data for GBPUSD, using neutral
[2026-06-15 04:55:12] [INFO] [deepseek] AI analysis XAUUSD: bias=bullish score=75.0 conf=0.80
[2026-06-15 04:55:12] [DEBUG] [market_client] Indicators API error for XAUUSD: {'code': 404, 'status': 'Not Found'}
[2026-06-15 04:55:12] [DEBUG] [indicators] No trend data for XAUUSD, using neutral
[2026-06-15 04:55:12] [DEBUG] [market_client] Indicators API error for XAUUSD: {'code': 404, 'status': 'Not Found'}
[2026-06-15 04:55:12] [DEBUG] [indicators] No trend data for XAUUSD, using neutral
[2026-06-15 04:55:12] [DEBUG] [market_client] Indicators API error for XAUUSD: {'code': 404, 'status': 'Not Found'}
[2026-06-15 04:55:12] [DEBUG] [indicators] No volatility data for XAUUSD, using neutral
[2026-06-15 04:55:14] [INFO] [deepseek] AI analysis USDJPY: bias=bullish score=75.0 conf=0.80
[2026-06-15 04:55:14] [DEBUG] [market_client] Indicators API error for USDJPY: {'code': 404, 'status': 'Not Found'}
[2026-06-15 04:55:14] [DEBUG] [indicators] No trend data for USDJPY, using neutral
[2026-06-15 04:55:14] [DEBUG] [market_client] Indicators API error for USDJPY: {'code': 404, 'status': 'Not Found'}
[2026-06-15 04:55:14] [DEBUG] [indicators] No trend data for USDJPY, using neutral
[2026-06-15 04:55:14] [DEBUG] [market_client] Indicators API error for USDJPY: {'code': 404, 'status': 'Not Found'}
[2026-06-15 04:55:14] [DEBUG] [indicators] No volatility data for USDJPY, using neutral
[2026-06-15 04:55:15] [INFO] [deepseek] AI analysis GBPUSD: bias=bullish score=75.0 conf=0.80
[2026-06-15 04:55:15] [DEBUG] [market_client] Indicators API error for GBPUSD: {'code': 404, 'status': 'Not Found'}
[2026-06-15 04:55:15] [DEBUG] [indicators] No trend data for GBPUSD, using neutral
[2026-06-15 04:55:15] [DEBUG] [market_client] Indicators API error for GBPUSD: {'code': 404, 'status': 'Not Found'}
[2026-06-15 04:55:15] [DEBUG] [indicators] No trend data for GBPUSD, using neutral
[2026-06-15 04:55:15] [DEBUG] [market_client] Indicators API error for GBPUSD: {'code': 404, 'status': 'Not Found'}
[2026-06-15 04:55:15] [DEBUG] [indicators] No volatility data for GBPUSD, using neutral
[2026-06-15 04:55:19] [INFO] [deepseek] AI analysis USDJPY: bias=bullish score=75.0 conf=0.80
[2026-06-15 04:55:19] [DEBUG] [market_client] Indicators API error for USDJPY: {'code': 404, 'status': 'Not Found'}
[2026-06-15 04:55:19] [DEBUG] [indicators] No trend data for USDJPY, using neutral
[2026-06-15 04:55:19] [DEBUG] [market_client] Indicators API error for USDJPY: {'code': 404, 'status': 'Not Found'}
[2026-06-15 04:55:19] [DEBUG] [indicators] No trend data for USDJPY, using neutral
[2026-06-15 04:55:19] [DEBUG] [market_client] Indicators API error for USDJPY: {'code': 404, 'status': 'Not Found'}
[2026-06-15 04:55:19] [DEBUG] [indicators] No volatility data for USDJPY, using neutral
[2026-06-15 04:56:16] [WARNING] [mt5_watchdog] MT5 disconnected! Attempt 1/3
[2026-06-15 04:56:18] [INFO] [qd_client] Logged in to QuantDinger
[2026-06-15 04:56:18] [INFO] [mt5_watchdog] MT5 already connected
[2026-06-15 04:56:18] [INFO] [mt5_watchdog] MT5 reconnected successfully!
[2026-06-15 04:56:35] [WARNING] [mt5_watchdog] MT5 disconnected! Attempt 1/3
[2026-06-15 04:56:36] [INFO] [qd_client] Logged in to QuantDinger
[2026-06-15 04:56:37] [INFO] [mt5_watchdog] MT5 already connected
[2026-06-15 04:56:37] [INFO] [mt5_watchdog] MT5 reconnected successfully!
[2026-06-15 04:58:20] [WARNING] [mt5_watchdog] MT5 disconnected! Attempt 1/3
[2026-06-15 04:58:22] [INFO] [qd_client] Logged in to QuantDinger
[2026-06-15 04:58:22] [INFO] [mt5_watchdog] MT5 already connected
[2026-06-15 04:58:22] [INFO] [mt5_watchdog] MT5 reconnected successfully!
[2026-06-15 04:58:37] [WARNING] [mt5_watchdog] MT5 disconnected! Attempt 1/3
[2026-06-15 04:58:38] [INFO] [qd_client] Logged in to QuantDinger
[2026-06-15 04:58:38] [INFO] [mt5_watchdog] MT5 already connected
[2026-06-15 04:58:38] [INFO] [mt5_watchdog] MT5 reconnected successfully!
[2026-06-15 05:00:23] [WARNING] [mt5_watchdog] MT5 disconnected! Attempt 1/3
[2026-06-15 05:00:25] [INFO] [qd_client] Logged in to QuantDinger
[2026-06-15 05:00:25] [INFO] [mt5_watchdog] MT5 already connected
[2026-06-15 05:00:25] [INFO] [mt5_watchdog] MT5 reconnected successfully!
[2026-06-15 05:00:39] [WARNING] [mt5_watchdog] MT5 disconnected! Attempt 1/3
[2026-06-15 05:00:40] [INFO] [qd_client] Logged in to QuantDinger
[2026-06-15 05:00:40] [INFO] [mt5_watchdog] MT5 already connected
[2026-06-15 05:00:40] [INFO] [mt5_watchdog] MT5 reconnected successfully!
[2026-06-15 05:02:26] [WARNING] [mt5_watchdog] MT5 disconnected! Attempt 1/3
[2026-06-15 05:02:29] [INFO] [qd_client] Logged in to QuantDinger
[2026-06-15 05:02:29] [INFO] [mt5_watchdog] MT5 already connected
[2026-06-15 05:02:29] [INFO] [mt5_watchdog] MT5 reconnected successfully!
[2026-06-15 05:02:41] [WARNING] [mt5_watchdog] MT5 disconnected! Attempt 1/3
[2026-06-15 05:02:42] [INFO] [qd_client] Logged in to QuantDinger
[2026-06-15 05:02:42] [INFO] [mt5_watchdog] MT5 already connected
[2026-06-15 05:02:42] [INFO] [mt5_watchdog] MT5 reconnected successfully!
[2026-06-15 05:04:30] [WARNING] [mt5_watchdog] MT5 disconnected! Attempt 1/3
[2026-06-15 05:04:32] [INFO] [qd_client] Logged in to QuantDinger
[2026-06-15 05:04:32] [INFO] [mt5_watchdog] MT5 already connected
[2026-06-15 05:04:32] [INFO] [mt5_watchdog] MT5 reconnected successfully!
[2026-06-15 05:04:43] [WARNING] [mt5_watchdog] MT5 disconnected! Attempt 1/3
[2026-06-15 05:04:44] [INFO] [qd_client] Logged in to QuantDinger
[2026-06-15 05:04:44] [INFO] [mt5_watchdog] MT5 already connected
[2026-06-15 05:04:44] [INFO] [mt5_watchdog] MT5 reconnected successfully!
[2026-06-15 05:06:34] [WARNING] [mt5_watchdog] MT5 disconnected! Attempt 1/3
[2026-06-15 05:06:36] [INFO] [qd_client] Logged in to QuantDinger
[2026-06-15 05:06:36] [INFO] [mt5_watchdog] MT5 already connected
[2026-06-15 05:06:36] [INFO] [mt5_watchdog] MT5 reconnected successfully!
[2026-06-15 05:06:45] [WARNING] [mt5_watchdog] MT5 disconnected! Attempt 1/3
[2026-06-15 05:06:46] [INFO] [qd_client] Logged in to QuantDinger
[2026-06-15 05:06:46] [INFO] [mt5_watchdog] MT5 already connected
[2026-06-15 05:06:46] [INFO] [mt5_watchdog] MT5 reconnected successfully!
[2026-06-15 05:08:37] [WARNING] [mt5_watchdog] MT5 disconnected! Attempt 1/3
[2026-06-15 05:08:39] [INFO] [qd_client] Logged in to QuantDinger
[2026-06-15 05:08:39] [INFO] [mt5_watchdog] MT5 already connected
[2026-06-15 05:08:39] [INFO] [mt5_watchdog] MT5 reconnected successfully!
[2026-06-15 05:08:47] [WARNING] [mt5_watchdog] MT5 disconnected! Attempt 1/3
[2026-06-15 05:08:48] [INFO] [qd_client] Logged in to QuantDinger
[2026-06-15 05:08:48] [INFO] [mt5_watchdog] MT5 already connected
[2026-06-15 05:08:48] [INFO] [mt5_watchdog] MT5 reconnected successfully!
[2026-06-15 05:10:41] [WARNING] [mt5_watchdog] MT5 disconnected! Attempt 1/3
[2026-06-15 05:10:43] [INFO] [qd_client] Logged in to QuantDinger
[2026-06-15 05:10:43] [INFO] [mt5_watchdog] MT5 already connected
[2026-06-15 05:10:43] [INFO] [mt5_watchdog] MT5 reconnected successfully!
[2026-06-15 05:10:48] [WARNING] [mt5_watchdog] MT5 disconnected! Attempt 1/3
[2026-06-15 05:10:50] [INFO] [qd_client] Logged in to QuantDinger
[2026-06-15 05:10:50] [INFO] [mt5_watchdog] MT5 already connected
[2026-06-15 05:10:50] [INFO] [mt5_watchdog] MT5 reconnected successfully!
[2026-06-15 05:12:44] [WARNING] [mt5_watchdog] MT5 disconnected! Attempt 1/3
[2026-06-15 05:12:46] [INFO] [qd_client] Logged in to QuantDinger
[2026-06-15 05:12:46] [INFO] [mt5_watchdog] MT5 already connected
[2026-06-15 05:12:46] [INFO] [mt5_watchdog] MT5 reconnected successfully!
[2026-06-15 05:12:52] [WARNING] [mt5_watchdog] MT5 disconnected! Attempt 1/3
[2026-06-15 05:12:54] [INFO] [qd_client] Logged in to QuantDinger
[2026-06-15 05:12:54] [INFO] [mt5_watchdog] MT5 already connected
[2026-06-15 05:12:54] [INFO] [mt5_watchdog] MT5 reconnected successfully!
[2026-06-15 05:14:48] [WARNING] [mt5_watchdog] MT5 disconnected! Attempt 1/3
[2026-06-15 05:14:50] [INFO] [qd_client] Logged in to QuantDinger
[2026-06-15 05:14:50] [INFO] [mt5_watchdog] MT5 already connected
[2026-06-15 05:14:50] [INFO] [mt5_watchdog] MT5 reconnected successfully!
[2026-06-15 05:14:56] [WARNING] [mt5_watchdog] MT5 disconnected! Attempt 1/3
[2026-06-15 05:14:58] [INFO] [qd_client] Logged in to QuantDinger
[2026-06-15 05:14:58] [INFO] [mt5_watchdog] MT5 already connected
[2026-06-15 05:14:58] [INFO] [mt5_watchdog] MT5 reconnected successfully!
[2026-06-15 05:16:51] [WARNING] [mt5_watchdog] MT5 disconnected! Attempt 1/3
[2026-06-15 05:16:53] [INFO] [qd_client] Logged in to QuantDinger
[2026-06-15 05:16:53] [INFO] [mt5_watchdog] MT5 already connected
[2026-06-15 05:16:53] [INFO] [mt5_watchdog] MT5 reconnected successfully!
[2026-06-15 05:17:00] [WARNING] [mt5_watchdog] MT5 disconnected! Attempt 1/3
[2026-06-15 05:17:02] [INFO] [qd_client] Logged in to QuantDinger
[2026-06-15 05:17:02] [INFO] [mt5_watchdog] MT5 already connected
[2026-06-15 05:17:02] [INFO] [mt5_watchdog] MT5 reconnected successfully!
[2026-06-15 05:18:55] [WARNING] [mt5_watchdog] MT5 disconnected! Attempt 1/3
[2026-06-15 05:18:57] [INFO] [qd_client] Logged in to QuantDinger
[2026-06-15 05:18:57] [INFO] [mt5_watchdog] MT5 already connected
[2026-06-15 05:18:57] [INFO] [mt5_watchdog] MT5 reconnected successfully!
[2026-06-15 05:19:04] [WARNING] [mt5_watchdog] MT5 disconnected! Attempt 1/3
[2026-06-15 05:19:06] [INFO] [qd_client] Logged in to QuantDinger
[2026-06-15 05:19:06] [INFO] [mt5_watchdog] MT5 already connected
[2026-06-15 05:19:06] [INFO] [mt5_watchdog] MT5 reconnected successfully!
[2026-06-15 05:19:26] [INFO] [main] ==================================================
[2026-06-15 05:19:26] [INFO] [main] Cycle 2 at 05:19:26
[2026-06-15 05:19:26] [WARNING] [main] MT5 disconnected, reconnecting...
[2026-06-15 05:19:27] [WARNING] [main] MT5 still disconnected
[2026-06-15 05:19:27] [INFO] [main] Sleeping 1800s...
[2026-06-15 05:20:59] [WARNING] [mt5_watchdog] MT5 disconnected! Attempt 1/3
[2026-06-15 05:21:01] [INFO] [qd_client] Logged in to QuantDinger
[2026-06-15 05:21:01] [INFO] [mt5_watchdog] MT5 already connected
[2026-06-15 05:21:01] [INFO] [mt5_watchdog] MT5 reconnected successfully!
[2026-06-15 05:21:07] [WARNING] [mt5_watchdog] MT5 disconnected! Attempt 1/3
[2026-06-15 05:21:10] [INFO] [qd_client] Logged in to QuantDinger
[2026-06-15 05:21:10] [INFO] [mt5_watchdog] MT5 already connected
[2026-06-15 05:21:10] [INFO] [mt5_watchdog] MT5 reconnected successfully!
[2026-06-15 05:21:47] [INFO] [main] ==================================================
[2026-06-15 05:21:47] [INFO] [main] Cycle 2 at 05:21:47
[2026-06-15 05:21:54] [INFO] [news_fetcher] Fetched 7 relevant news items
[2026-06-15 05:21:54] [INFO] [main] Equity: 1.00$ | News: 7
[2026-06-15 05:21:54] [INFO] [main] --- EURUSD ---
[2026-06-15 05:21:57] [INFO] [deepseek] AI analysis EURUSD: bias=bullish score=75.0 conf=0.80
[2026-06-15 05:21:57] [DEBUG] [signal_engine] Signal: BUY score=75.0 conf=0.80 valid=True
[2026-06-15 05:21:57] [DEBUG] [market_client] Indicators API error for EURUSD: {'code': 404, 'status': 'Not Found'}
[2026-06-15 05:21:57] [DEBUG] [indicators] No trend data for EURUSD, using neutral
[2026-06-15 05:21:57] [DEBUG] [market_client] Indicators API error for EURUSD: {'code': 404, 'status': 'Not Found'}
[2026-06-15 05:21:57] [DEBUG] [indicators] No momentum data for EURUSD, using neutral
[2026-06-15 05:21:57] [DEBUG] [market_client] Indicators API error for EURUSD: {'code': 404, 'status': 'Not Found'}
[2026-06-15 05:21:57] [DEBUG] [indicators] No momentum data for EURUSD, using neutral
[2026-06-15 05:21:57] [INFO] [mtf] MTF EURUSD: H4=neutral H1=neutral M15=neutral aligned=False (weak)
[2026-06-15 05:21:57] [DEBUG] [market_client] Indicators API error for EURUSD: {'code': 404, 'status': 'Not Found'}
[2026-06-15 05:21:57] [DEBUG] [indicators] No trend data for EURUSD, using neutral
[2026-06-15 05:21:57] [DEBUG] [market_client] Indicators API error for EURUSD: {'code': 404, 'status': 'Not Found'}
[2026-06-15 05:21:57] [DEBUG] [indicators] No momentum data for EURUSD, using neutral
[2026-06-15 05:21:57] [DEBUG] [market_client] Indicators API error for EURUSD: {'code': 404, 'status': 'Not Found'}
[2026-06-15 05:21:57] [DEBUG] [indicators] No volatility data for EURUSD, using neutral
[2026-06-15 05:21:57] [DEBUG] [market_client] Indicators API error for EURUSD: {'code': 404, 'status': 'Not Found'}
[2026-06-15 05:21:57] [DEBUG] [indicators] No trend data for EURUSD, using neutral
[2026-06-15 05:21:57] [DEBUG] [market_client] Indicators API error for EURUSD: {'code': 404, 'status': 'Not Found'}
[2026-06-15 05:21:57] [DEBUG] [indicators] No volatility data for EURUSD, using neutral
[2026-06-15 05:21:57] [INFO] [voting_engine] EURUSD: MTF not aligned, reducing score
[2026-06-15 05:21:57] [INFO] [main] EURUSD: SKIP - Score 11.0 < 65
[2026-06-15 05:21:57] [INFO] [main] --- XAUUSD ---
[2026-06-15 05:22:01] [INFO] [deepseek] AI analysis XAUUSD: bias=bullish score=75.0 conf=0.80
[2026-06-15 05:22:01] [DEBUG] [signal_engine] Signal: BUY score=75.0 conf=0.80 valid=True
[2026-06-15 05:22:01] [INFO] [sentiment] Sentiment XAUUSD: bullish score=100 bull=1 bear=0
[2026-06-15 05:22:01] [DEBUG] [market_client] Indicators API error for XAUUSD: {'code': 404, 'status': 'Not Found'}
[2026-06-15 05:22:01] [DEBUG] [indicators] No trend data for XAUUSD, using neutral
[2026-06-15 05:22:01] [DEBUG] [market_client] Indicators API error for XAUUSD: {'code': 404, 'status': 'Not Found'}
[2026-06-15 05:22:01] [DEBUG] [indicators] No momentum data for XAUUSD, using neutral
[2026-06-15 05:22:01] [DEBUG] [market_client] Indicators API error for XAUUSD: {'code': 404, 'status': 'Not Found'}
[2026-06-15 05:22:01] [DEBUG] [indicators] No momentum data for XAUUSD, using neutral
[2026-06-15 05:22:01] [INFO] [mtf] MTF XAUUSD: H4=neutral H1=neutral M15=neutral aligned=False (weak)
[2026-06-15 05:22:01] [DEBUG] [market_client] Indicators API error for XAUUSD: {'code': 404, 'status': 'Not Found'}
[2026-06-15 05:22:01] [DEBUG] [indicators] No trend data for XAUUSD, using neutral
[2026-06-15 05:22:01] [DEBUG] [market_client] Indicators API error for XAUUSD: {'code': 404, 'status': 'Not Found'}
[2026-06-15 05:22:01] [DEBUG] [indicators] No momentum data for XAUUSD, using neutral
[2026-06-15 05:22:01] [DEBUG] [market_client] Indicators API error for XAUUSD: {'code': 404, 'status': 'Not Found'}
[2026-06-15 05:22:01] [DEBUG] [indicators] No volatility data for XAUUSD, using neutral
[2026-06-15 05:22:01] [DEBUG] [market_client] Indicators API error for XAUUSD: {'code': 404, 'status': 'Not Found'}
[2026-06-15 05:22:01] [DEBUG] [indicators] No trend data for XAUUSD, using neutral
[2026-06-15 05:22:01] [DEBUG] [market_client] Indicators API error for XAUUSD: {'code': 404, 'status': 'Not Found'}
[2026-06-15 05:22:01] [DEBUG] [indicators] No volatility data for XAUUSD, using neutral
[2026-06-15 05:22:01] [INFO] [voting_engine] XAUUSD: MTF not aligned, reducing score
[2026-06-15 05:22:01] [INFO] [main] XAUUSD: SKIP - Score 12.4 < 65
[2026-06-15 05:22:01] [INFO] [main] --- GBPUSD ---
[2026-06-15 05:22:04] [INFO] [deepseek] AI analysis GBPUSD: bias=bullish score=75.0 conf=0.80
[2026-06-15 05:22:04] [DEBUG] [signal_engine] Signal: BUY score=75.0 conf=0.80 valid=True
[2026-06-15 05:22:04] [INFO] [sentiment] Sentiment GBPUSD: bullish score=100 bull=1 bear=0
[2026-06-15 05:22:04] [DEBUG] [market_client] Indicators API error for GBPUSD: {'code': 404, 'status': 'Not Found'}
[2026-06-15 05:22:04] [DEBUG] [indicators] No trend data for GBPUSD, using neutral
[2026-06-15 05:22:04] [DEBUG] [market_client] Indicators API error for GBPUSD: {'code': 404, 'status': 'Not Found'}
[2026-06-15 05:22:04] [DEBUG] [indicators] No momentum data for GBPUSD, using neutral
[2026-06-15 05:22:04] [DEBUG] [market_client] Indicators API error for GBPUSD: {'code': 404, 'status': 'Not Found'}
[2026-06-15 05:22:04] [DEBUG] [indicators] No momentum data for GBPUSD, using neutral
[2026-06-15 05:22:04] [INFO] [mtf] MTF GBPUSD: H4=neutral H1=neutral M15=neutral aligned=False (weak)
[2026-06-15 05:22:04] [DEBUG] [market_client] Indicators API error for GBPUSD: {'code': 404, 'status': 'Not Found'}
[2026-06-15 05:22:04] [DEBUG] [indicators] No trend data for GBPUSD, using neutral
[2026-06-15 05:22:04] [DEBUG] [market_client] Indicators API error for GBPUSD: {'code': 404, 'status': 'Not Found'}
[2026-06-15 05:22:04] [DEBUG] [indicators] No momentum data for GBPUSD, using neutral
[2026-06-15 05:22:04] [DEBUG] [market_client] Indicators API error for GBPUSD: {'code': 404, 'status': 'Not Found'}
[2026-06-15 05:22:04] [DEBUG] [indicators] No volatility data for GBPUSD, using neutral
[2026-06-15 05:22:04] [DEBUG] [market_client] Indicators API error for GBPUSD: {'code': 404, 'status': 'Not Found'}
[2026-06-15 05:22:04] [DEBUG] [indicators] No trend data for GBPUSD, using neutral
[2026-06-15 05:22:04] [DEBUG] [market_client] Indicators API error for GBPUSD: {'code': 404, 'status': 'Not Found'}
[2026-06-15 05:22:04] [DEBUG] [indicators] No volatility data for GBPUSD, using neutral
[2026-06-15 05:22:04] [INFO] [voting_engine] GBPUSD: MTF not aligned, reducing score
[2026-06-15 05:22:04] [INFO] [main] GBPUSD: SKIP - Score 12.4 < 65
[2026-06-15 05:22:04] [INFO] [main] --- USDJPY ---
[2026-06-15 05:22:08] [INFO] [deepseek] AI analysis USDJPY: bias=bullish score=75.0 conf=0.80
[2026-06-15 05:22:08] [DEBUG] [signal_engine] Signal: BUY score=75.0 conf=0.80 valid=True
[2026-06-15 05:22:08] [INFO] [sentiment] Sentiment USDJPY: bullish score=100 bull=2 bear=0
[2026-06-15 05:22:08] [DEBUG] [market_client] Indicators API error for USDJPY: {'code': 404, 'status': 'Not Found'}
[2026-06-15 05:22:08] [DEBUG] [indicators] No trend data for USDJPY, using neutral
[2026-06-15 05:22:08] [DEBUG] [market_client] Indicators API error for USDJPY: {'code': 404, 'status': 'Not Found'}
[2026-06-15 05:22:08] [DEBUG] [indicators] No momentum data for USDJPY, using neutral
[2026-06-15 05:22:08] [DEBUG] [market_client] Indicators API error for USDJPY: {'code': 404, 'status': 'Not Found'}
[2026-06-15 05:22:08] [DEBUG] [indicators] No momentum data for USDJPY, using neutral
[2026-06-15 05:22:08] [INFO] [mtf] MTF USDJPY: H4=neutral H1=neutral M15=neutral aligned=False (weak)
[2026-06-15 05:22:08] [DEBUG] [market_client] Indicators API error for USDJPY: {'code': 404, 'status': 'Not Found'}
[2026-06-15 05:22:08] [DEBUG] [indicators] No trend data for USDJPY, using neutral
[2026-06-15 05:22:08] [DEBUG] [market_client] Indicators API error for USDJPY: {'code': 404, 'status': 'Not Found'}
[2026-06-15 05:22:08] [DEBUG] [indicators] No momentum data for USDJPY, using neutral
[2026-06-15 05:22:08] [DEBUG] [market_client] Indicators API error for USDJPY: {'code': 404, 'status': 'Not Found'}
[2026-06-15 05:22:08] [DEBUG] [indicators] No volatility data for USDJPY, using neutral
[2026-06-15 05:22:08] [DEBUG] [market_client] Indicators API error for USDJPY: {'code': 404, 'status': 'Not Found'}
[2026-06-15 05:22:08] [DEBUG] [indicators] No trend data for USDJPY, using neutral
[2026-06-15 05:22:08] [DEBUG] [market_client] Indicators API error for USDJPY: {'code': 404, 'status': 'Not Found'}
[2026-06-15 05:22:08] [DEBUG] [indicators] No volatility data for USDJPY, using neutral
[2026-06-15 05:22:08] [INFO] [voting_engine] USDJPY: MTF not aligned, reducing score
[2026-06-15 05:22:08] [INFO] [main] USDJPY: SKIP - Score 12.4 < 65
[2026-06-15 05:22:08] [INFO] [main] Sleeping 1800s...
[2026-06-15 05:23:02] [WARNING] [mt5_watchdog] MT5 disconnected! Attempt 1/3
[2026-06-15 05:23:04] [INFO] [qd_client] Logged in to QuantDinger
[2026-06-15 05:23:04] [INFO] [mt5_watchdog] MT5 already connected
[2026-06-15 05:23:04] [INFO] [mt5_watchdog] MT5 reconnected successfully!
[2026-06-15 05:23:11] [WARNING] [mt5_watchdog] MT5 disconnected! Attempt 1/3
[2026-06-15 05:23:13] [INFO] [qd_client] Logged in to QuantDinger
[2026-06-15 05:23:13] [INFO] [mt5_watchdog] MT5 already connected
[2026-06-15 05:23:13] [INFO] [mt5_watchdog] MT5 reconnected successfully!
[2026-06-15 05:25:06] [WARNING] [mt5_watchdog] MT5 disconnected! Attempt 1/3
[2026-06-15 05:25:09] [INFO] [qd_client] Logged in to QuantDinger
[2026-06-15 05:25:09] [INFO] [mt5_watchdog] MT5 already connected
[2026-06-15 05:25:09] [INFO] [mt5_watchdog] MT5 reconnected successfully!
[2026-06-15 05:25:15] [WARNING] [mt5_watchdog] MT5 disconnected! Attempt 1/3
[2026-06-15 05:25:17] [INFO] [qd_client] Logged in to QuantDinger
[2026-06-15 05:25:17] [INFO] [mt5_watchdog] MT5 already connected
[2026-06-15 05:25:17] [INFO] [mt5_watchdog] MT5 reconnected successfully!
[2026-06-15 05:27:10] [WARNING] [mt5_watchdog] MT5 disconnected! Attempt 1/3
[2026-06-15 05:27:13] [INFO] [qd_client] Logged in to QuantDinger
[2026-06-15 05:27:13] [INFO] [mt5_watchdog] MT5 already connected
[2026-06-15 05:27:13] [INFO] [mt5_watchdog] MT5 reconnected successfully!
[2026-06-15 05:27:19] [WARNING] [mt5_watchdog] MT5 disconnected! Attempt 1/3
[2026-06-15 05:27:21] [INFO] [qd_client] Logged in to QuantDinger
[2026-06-15 05:27:21] [INFO] [mt5_watchdog] MT5 already connected
[2026-06-15 05:27:21] [INFO] [mt5_watchdog] MT5 reconnected successfully!
[2026-06-15 05:29:15] [WARNING] [mt5_watchdog] MT5 disconnected! Attempt 1/3
[2026-06-15 05:29:17] [INFO] [qd_client] Logged in to QuantDinger
[2026-06-15 05:29:17] [INFO] [mt5_watchdog] MT5 already connected
[2026-06-15 05:29:17] [INFO] [mt5_watchdog] MT5 reconnected successfully!
[2026-06-15 05:29:23] [WARNING] [mt5_watchdog] MT5 disconnected! Attempt 1/3
[2026-06-15 05:29:25] [INFO] [qd_client] Logged in to QuantDinger
[2026-06-15 05:29:25] [INFO] [mt5_watchdog] MT5 already connected
[2026-06-15 05:29:25] [INFO] [mt5_watchdog] MT5 reconnected successfully!
[2026-06-15 05:31:19] [WARNING] [mt5_watchdog] MT5 disconnected! Attempt 1/3
[2026-06-15 05:31:21] [INFO] [qd_client] Logged in to QuantDinger
[2026-06-15 05:31:21] [INFO] [mt5_watchdog] MT5 already connected
[2026-06-15 05:31:21] [INFO] [mt5_watchdog] MT5 reconnected successfully!
[2026-06-15 05:31:27] [WARNING] [mt5_watchdog] MT5 disconnected! Attempt 1/3
[2026-06-15 05:31:29] [INFO] [qd_client] Logged in to QuantDinger
[2026-06-15 05:31:29] [INFO] [mt5_watchdog] MT5 already connected
[2026-06-15 05:31:29] [INFO] [mt5_watchdog] MT5 reconnected successfully!
[2026-06-15 05:33:22] [WARNING] [mt5_watchdog] MT5 disconnected! Attempt 1/3
[2026-06-15 05:33:25] [INFO] [qd_client] Logged in to QuantDinger
[2026-06-15 05:33:25] [INFO] [mt5_watchdog] MT5 already connected
[2026-06-15 05:33:25] [INFO] [mt5_watchdog] MT5 reconnected successfully!
[2026-06-15 05:33:31] [WARNING] [mt5_watchdog] MT5 disconnected! Attempt 1/3
[2026-06-15 05:33:33] [INFO] [qd_client] Logged in to QuantDinger
[2026-06-15 05:33:33] [INFO] [mt5_watchdog] MT5 already connected
[2026-06-15 05:33:33] [INFO] [mt5_watchdog] MT5 reconnected successfully!
[2026-06-15 05:35:27] [WARNING] [mt5_watchdog] MT5 disconnected! Attempt 1/3
[2026-06-15 05:35:29] [INFO] [qd_client] Logged in to QuantDinger
[2026-06-15 05:35:29] [INFO] [mt5_watchdog] MT5 already connected
[2026-06-15 05:35:29] [INFO] [mt5_watchdog] MT5 reconnected successfully!
[2026-06-15 05:35:35] [WARNING] [mt5_watchdog] MT5 disconnected! Attempt 1/3
[2026-06-15 05:35:37] [INFO] [qd_client] Logged in to QuantDinger
[2026-06-15 05:35:37] [INFO] [mt5_watchdog] MT5 already connected
[2026-06-15 05:35:37] [INFO] [mt5_watchdog] MT5 reconnected successfully!
[2026-06-15 05:37:31] [WARNING] [mt5_watchdog] MT5 disconnected! Attempt 1/3
[2026-06-15 05:37:33] [INFO] [qd_client] Logged in to QuantDinger
[2026-06-15 05:37:33] [INFO] [mt5_watchdog] MT5 already connected
[2026-06-15 05:37:33] [INFO] [mt5_watchdog] MT5 reconnected successfully!
[2026-06-15 05:37:39] [WARNING] [mt5_watchdog] MT5 disconnected! Attempt 1/3
[2026-06-15 05:37:41] [INFO] [qd_client] Logged in to QuantDinger
[2026-06-15 05:37:41] [INFO] [mt5_watchdog] MT5 already connected
[2026-06-15 05:37:41] [INFO] [mt5_watchdog] MT5 reconnected successfully!
[2026-06-15 05:39:35] [WARNING] [mt5_watchdog] MT5 disconnected! Attempt 1/3
[2026-06-15 05:39:37] [INFO] [qd_client] Logged in to QuantDinger
[2026-06-15 05:39:37] [INFO] [mt5_watchdog] MT5 already connected
[2026-06-15 05:39:37] [INFO] [mt5_watchdog] MT5 reconnected successfully!
[2026-06-15 05:39:43] [WARNING] [mt5_watchdog] MT5 disconnected! Attempt 1/3
[2026-06-15 05:39:45] [INFO] [qd_client] Logged in to QuantDinger
[2026-06-15 05:39:45] [INFO] [mt5_watchdog] MT5 already connected
[2026-06-15 05:39:45] [INFO] [mt5_watchdog] MT5 reconnected successfully!
[2026-06-15 05:41:39] [WARNING] [mt5_watchdog] MT5 disconnected! Attempt 1/3
[2026-06-15 05:41:41] [INFO] [qd_client] Logged in to QuantDinger
[2026-06-15 05:41:41] [INFO] [mt5_watchdog] MT5 already connected
[2026-06-15 05:41:41] [INFO] [mt5_watchdog] MT5 reconnected successfully!
[2026-06-15 05:41:47] [WARNING] [mt5_watchdog] MT5 disconnected! Attempt 1/3
[2026-06-15 05:41:49] [INFO] [qd_client] Logged in to QuantDinger
[2026-06-15 05:41:49] [INFO] [mt5_watchdog] MT5 already connected
[2026-06-15 05:41:49] [INFO] [mt5_watchdog] MT5 reconnected successfully!
[2026-06-15 05:43:43] [WARNING] [mt5_watchdog] MT5 disconnected! Attempt 1/3
[2026-06-15 05:43:46] [INFO] [qd_client] Logged in to QuantDinger
[2026-06-15 05:43:46] [INFO] [mt5_watchdog] MT5 already connected
[2026-06-15 05:43:46] [INFO] [mt5_watchdog] MT5 reconnected successfully!
[2026-06-15 05:43:51] [WARNING] [mt5_watchdog] MT5 disconnected! Attempt 1/3
[2026-06-15 05:43:53] [INFO] [qd_client] Logged in to QuantDinger
[2026-06-15 05:43:53] [INFO] [mt5_watchdog] MT5 already connected
[2026-06-15 05:43:53] [INFO] [mt5_watchdog] MT5 reconnected successfully!
[2026-06-15 05:45:47] [WARNING] [mt5_watchdog] MT5 disconnected! Attempt 1/3
[2026-06-15 05:45:49] [INFO] [qd_client] Logged in to QuantDinger
[2026-06-15 05:45:49] [INFO] [mt5_watchdog] MT5 already connected
[2026-06-15 05:45:49] [INFO] [mt5_watchdog] MT5 reconnected successfully!
[2026-06-15 05:45:55] [WARNING] [mt5_watchdog] MT5 disconnected! Attempt 1/3
[2026-06-15 05:45:57] [INFO] [qd_client] Logged in to QuantDinger
[2026-06-15 05:45:57] [INFO] [mt5_watchdog] MT5 already connected
[2026-06-15 05:45:57] [INFO] [mt5_watchdog] MT5 reconnected successfully!
[2026-06-15 05:47:51] [WARNING] [mt5_watchdog] MT5 disconnected! Attempt 1/3
[2026-06-15 05:47:52] [INFO] [qd_client] Logged in to QuantDinger
[2026-06-15 05:47:52] [INFO] [mt5_watchdog] MT5 already connected
[2026-06-15 05:47:52] [INFO] [mt5_watchdog] MT5 reconnected successfully!
[2026-06-15 05:47:59] [WARNING] [mt5_watchdog] MT5 disconnected! Attempt 1/3
[2026-06-15 05:48:02] [INFO] [qd_client] Logged in to QuantDinger
[2026-06-15 05:48:02] [INFO] [mt5_watchdog] MT5 already connected
[2026-06-15 05:48:02] [INFO] [mt5_watchdog] MT5 reconnected successfully!
[2026-06-15 05:49:27] [INFO] [main] ==================================================
[2026-06-15 05:49:27] [INFO] [main] Cycle 3 at 05:49:27
[2026-06-15 05:49:27] [WARNING] [main] MT5 disconnected, reconnecting...
[2026-06-15 05:49:27] [WARNING] [main] MT5 still disconnected
[2026-06-15 05:49:27] [INFO] [main] Sleeping 1800s...
[2026-06-15 05:49:54] [WARNING] [mt5_watchdog] MT5 disconnected! Attempt 1/3
[2026-06-15 05:49:56] [INFO] [qd_client] Logged in to QuantDinger
[2026-06-15 05:49:56] [INFO] [mt5_watchdog] MT5 already connected
[2026-06-15 05:49:56] [INFO] [mt5_watchdog] MT5 reconnected successfully!
[2026-06-15 05:50:03] [WARNING] [mt5_watchdog] MT5 disconnected! Attempt 1/3
[2026-06-15 05:50:05] [INFO] [qd_client] Logged in to QuantDinger
[2026-06-15 05:50:05] [INFO] [mt5_watchdog] MT5 already connected
[2026-06-15 05:50:05] [INFO] [mt5_watchdog] MT5 reconnected successfully!
[2026-06-15 05:51:58] [WARNING] [mt5_watchdog] MT5 disconnected! Attempt 1/3
[2026-06-15 05:52:00] [INFO] [qd_client] Logged in to QuantDinger
[2026-06-15 05:52:00] [INFO] [mt5_watchdog] MT5 already connected
[2026-06-15 05:52:00] [INFO] [mt5_watchdog] MT5 reconnected successfully!
[2026-06-15 05:52:07] [WARNING] [mt5_watchdog] MT5 disconnected! Attempt 1/3
[2026-06-15 05:52:08] [INFO] [main] ==================================================
[2026-06-15 05:52:08] [INFO] [main] Cycle 3 at 05:52:08
[2026-06-15 05:52:08] [WARNING] [main] MT5 disconnected, reconnecting...
[2026-06-15 05:52:08] [WARNING] [main] MT5 still disconnected
[2026-06-15 05:52:08] [INFO] [main] Sleeping 1800s...
[2026-06-15 05:52:10] [INFO] [qd_client] Logged in to QuantDinger
[2026-06-15 05:52:10] [INFO] [mt5_watchdog] MT5 already connected
[2026-06-15 05:52:10] [INFO] [mt5_watchdog] MT5 reconnected successfully!
[2026-06-15 05:54:01] [WARNING] [mt5_watchdog] MT5 disconnected! Attempt 1/3
[2026-06-15 05:54:03] [INFO] [qd_client] Logged in to QuantDinger
[2026-06-15 05:54:03] [INFO] [mt5_watchdog] MT5 already connected
[2026-06-15 05:54:03] [INFO] [mt5_watchdog] MT5 reconnected successfully!
[2026-06-15 05:54:11] [WARNING] [mt5_watchdog] MT5 disconnected! Attempt 1/3
[2026-06-15 05:54:13] [INFO] [qd_client] Logged in to QuantDinger
[2026-06-15 05:54:13] [INFO] [mt5_watchdog] MT5 already connected
[2026-06-15 05:54:13] [INFO] [mt5_watchdog] MT5 reconnected successfully!
[2026-06-15 06:29:14] [INFO] [main] Trading Bot V3 starting...
[2026-06-15 06:29:14] [INFO] [database] V3 Database initialized with all tables
[2026-06-15 06:29:15] [INFO] [qd_client] Logged in to QuantDinger
[2026-06-15 06:29:15] [INFO] [qd_client] MT5 connected
[2026-06-15 06:29:15] [INFO] [main] MT5 connected
[2026-06-15 06:29:15] [INFO] [telegram_bot] Telegram polling started
[2026-06-15 06:29:15] [INFO] [telegram_bot] Telegram bot V3 started
[2026-06-15 06:29:15] [INFO] [mt5_watchdog] MT5 watchdog started (V1 reconnect logic)
[2026-06-15 06:29:15] [INFO] [reconciliation] Reconciliation loop started (every 60s)
[2026-06-15 06:29:15] [INFO] [reconciliation] Reconciliation thread started
[2026-06-15 06:29:16] [INFO] [main] ==================================================
[2026-06-15 06:29:16] [INFO] [main] Cycle 1 at 06:29:16
[2026-06-15 06:29:21] [INFO] [news_fetcher] Fetched 10 relevant news items
[2026-06-15 06:29:21] [INFO] [main] Equity: 100000.00$ | News: 10
[2026-06-15 06:29:21] [INFO] [main] --- EURUSD ---
[2026-06-15 06:29:23] [INFO] [deepseek] AI analysis EURUSD: bias=bullish score=75.0 conf=0.80
[2026-06-15 06:29:23] [DEBUG] [signal_engine] Signal: BUY score=75.0 conf=0.80 valid=True
[2026-06-15 06:29:23] [INFO] [sentiment] Sentiment EURUSD: neutral score=50 bull=1 bear=1
[2026-06-15 06:29:24] [INFO] [mtf] MTF EURUSD: H4=bearish H1=bearish M15=bearish aligned=True (strong)
[2026-06-15 06:29:24] [INFO] [main] EURUSD: SKIP - Score 44.0 < 65
[2026-06-15 06:29:24] [INFO] [main] --- XAUUSD ---
[2026-06-15 06:29:26] [INFO] [deepseek] AI analysis XAUUSD: bias=bullish score=75.0 conf=0.80
[2026-06-15 06:29:26] [DEBUG] [signal_engine] Signal: BUY score=75.0 conf=0.80 valid=True
[2026-06-15 06:29:26] [INFO] [sentiment] Sentiment XAUUSD: bullish score=100 bull=2 bear=0
[2026-06-15 06:29:27] [INFO] [mtf] MTF XAUUSD: H4=bearish H1=bearish M15=bearish aligned=True (strong)
[2026-06-15 06:29:27] [INFO] [main] XAUUSD: SKIP - Score 48.0 < 65
[2026-06-15 06:29:27] [INFO] [main] --- GBPUSD ---
[2026-06-15 06:29:29] [INFO] [deepseek] AI analysis GBPUSD: bias=bullish score=75.0 conf=0.80
[2026-06-15 06:29:29] [DEBUG] [signal_engine] Signal: BUY score=75.0 conf=0.80 valid=True
[2026-06-15 06:29:29] [INFO] [sentiment] Sentiment GBPUSD: bullish score=100 bull=1 bear=0
[2026-06-15 06:29:30] [INFO] [mtf] MTF GBPUSD: H4=bullish H1=bearish M15=bearish aligned=True (weak)
[2026-06-15 06:29:30] [INFO] [main] GBPUSD: SKIP - Score 45.0 < 65
[2026-06-15 06:29:30] [INFO] [main] --- USDJPY ---
[2026-06-15 06:29:32] [INFO] [deepseek] AI analysis USDJPY: bias=bullish score=75.0 conf=0.80
[2026-06-15 06:29:32] [DEBUG] [signal_engine] Signal: BUY score=75.0 conf=0.80 valid=True
[2026-06-15 06:29:33] [INFO] [mtf] MTF USDJPY: H4=bullish H1=bullish M15=bullish aligned=True (strong)
[2026-06-15 06:29:33] [INFO] [sltp] SL/TP USDJPY: entry=0 atr=0.43828 sl=-0.65743 tp=1.09571
[2026-06-15 06:29:33] [INFO] [position_sizing] Position size: 10.0 (equity=100000, risk=0.005, sl_dist=0.65743, cons_loss=0)
[2026-06-15 06:29:33] [ERROR] [qd_client] Trade failed: {'code': 404, 'status': 'Not Found'}
[2026-06-15 06:29:33] [ERROR] [qd_client] Trade failed: {'code': 404, 'status': 'Not Found'}
[2026-06-15 06:29:33] [ERROR] [qd_client] Trade failed: {'code': 404, 'status': 'Not Found'}
[2026-06-15 06:29:33] [ERROR] [main] Failed to open trade: USDJPY BUY
[2026-06-15 06:29:34] [INFO] [main] Sleeping 1800s...
[2026-06-15 06:39:15] [INFO] [main] Trading Bot V3 starting...
[2026-06-15 06:39:15] [INFO] [database] V3 Database initialized with all tables
[2026-06-15 06:39:15] [INFO] [qd_client] Logged in to QuantDinger
[2026-06-15 06:39:16] [INFO] [qd_client] MT5 connected
[2026-06-15 06:39:16] [INFO] [main] MT5 connected
[2026-06-15 06:39:16] [INFO] [telegram_bot] Telegram polling started
[2026-06-15 06:39:16] [INFO] [telegram_bot] Telegram bot V3 started
[2026-06-15 06:39:16] [INFO] [mt5_watchdog] MT5 watchdog started (V1 reconnect logic)
[2026-06-15 06:39:16] [INFO] [reconciliation] Reconciliation loop started (every 60s)
[2026-06-15 06:39:16] [INFO] [reconciliation] Reconciliation thread started
[2026-06-15 06:39:16] [INFO] [main] ==================================================
[2026-06-15 06:39:16] [INFO] [main] Cycle 1 at 06:39:16
[2026-06-15 06:39:21] [INFO] [news_fetcher] Fetched 12 relevant news items
[2026-06-15 06:39:21] [INFO] [main] Equity: 100000.00$ | News: 12
[2026-06-15 06:39:21] [INFO] [main] --- EURUSD ---
[2026-06-15 06:39:24] [INFO] [deepseek] AI analysis EURUSD: bias=bullish score=75.0 conf=0.80
[2026-06-15 06:39:24] [DEBUG] [signal_engine] Signal: BUY score=75.0 conf=0.80 valid=True
[2026-06-15 06:39:24] [INFO] [sentiment] Sentiment EURUSD: neutral score=50 bull=2 bear=2
[2026-06-15 06:39:24] [INFO] [mtf] MTF EURUSD: H4=bearish H1=bearish M15=bearish aligned=True (strong)
[2026-06-15 06:39:24] [INFO] [main] EURUSD: SKIP - Score 44.0 < 65
[2026-06-15 06:39:24] [INFO] [main] --- XAUUSD ---
[2026-06-15 06:39:27] [INFO] [deepseek] AI analysis XAUUSD: bias=bullish score=75.0 conf=0.80
[2026-06-15 06:39:27] [DEBUG] [signal_engine] Signal: BUY score=75.0 conf=0.80 valid=True
[2026-06-15 06:39:27] [INFO] [sentiment] Sentiment XAUUSD: bullish score=100 bull=2 bear=0
[2026-06-15 06:39:27] [INFO] [mtf] MTF XAUUSD: H4=bearish H1=bearish M15=bearish aligned=True (strong)
[2026-06-15 06:39:27] [INFO] [main] XAUUSD: SKIP - Score 48.0 < 65
[2026-06-15 06:39:27] [INFO] [main] --- GBPUSD ---
[2026-06-15 06:39:30] [INFO] [deepseek] AI analysis GBPUSD: bias=bullish score=75.0 conf=0.80
[2026-06-15 06:39:30] [DEBUG] [signal_engine] Signal: BUY score=75.0 conf=0.80 valid=True
[2026-06-15 06:39:30] [INFO] [sentiment] Sentiment GBPUSD: bullish score=100 bull=1 bear=0
[2026-06-15 06:39:31] [INFO] [mtf] MTF GBPUSD: H4=bullish H1=bearish M15=bearish aligned=True (weak)
[2026-06-15 06:39:31] [INFO] [main] GBPUSD: SKIP - Score 45.0 < 65
[2026-06-15 06:39:31] [INFO] [main] --- USDJPY ---
[2026-06-15 06:39:33] [INFO] [deepseek] AI analysis USDJPY: bias=bullish score=75.0 conf=0.80
[2026-06-15 06:39:33] [DEBUG] [signal_engine] Signal: BUY score=75.0 conf=0.80 valid=True
[2026-06-15 06:39:34] [INFO] [mtf] MTF USDJPY: H4=bullish H1=bullish M15=bullish aligned=True (strong)
[2026-06-15 06:39:34] [INFO] [sltp] SL/TP USDJPY: entry=0 atr=0.43828 sl=-0.65743 tp=1.09571
[2026-06-15 06:39:34] [INFO] [position_sizing] Position size: 10.0 (equity=100000, risk=0.005, sl_dist=0.65743, cons_loss=0)
[2026-06-15 06:39:34] [ERROR] [qd_client] Trade failed: {'success': False, 'error': 'Order send failed: (-2, \'Invalid "comment" argument\')'}
[2026-06-15 06:39:34] [ERROR] [qd_client] Trade failed: {'success': False, 'error': 'Order send failed: (-2, \'Invalid "comment" argument\')'}
[2026-06-15 06:39:34] [ERROR] [qd_client] Trade failed: {'success': False, 'error': 'Order send failed: (-2, \'Invalid "comment" argument\')'}
[2026-06-15 06:39:34] [ERROR] [main] Failed to open trade: USDJPY BUY
[2026-06-15 06:39:35] [INFO] [main] Sleeping 1800s...
[2026-06-15 06:40:15] [WARNING] [mt5_watchdog] MT5 disconnected! Attempt 1/3
[2026-06-15 06:40:17] [INFO] [qd_client] Logged in to QuantDinger
[2026-06-15 06:40:17] [INFO] [mt5_watchdog] MT5 already connected
[2026-06-15 06:40:17] [INFO] [mt5_watchdog] MT5 reconnected successfully!
[2026-06-15 06:41:16] [INFO] [qd_client] Logged in to QuantDinger
[2026-06-15 06:42:19] [WARNING] [mt5_watchdog] MT5 disconnected! Attempt 1/3
[2026-06-15 06:42:21] [INFO] [qd_client] Logged in to QuantDinger
[2026-06-15 06:42:21] [INFO] [mt5_watchdog] MT5 already connected
[2026-06-15 06:42:21] [INFO] [mt5_watchdog] MT5 reconnected successfully!
[2026-06-15 06:43:16] [INFO] [qd_client] Logged in to QuantDinger
[2026-06-15 06:44:22] [WARNING] [mt5_watchdog] MT5 disconnected! Attempt 1/3
[2026-06-15 06:44:24] [INFO] [qd_client] Logged in to QuantDinger
[2026-06-15 06:44:24] [INFO] [mt5_watchdog] MT5 already connected
[2026-06-15 06:44:24] [INFO] [mt5_watchdog] MT5 reconnected successfully!
[2026-06-15 06:45:17] [INFO] [qd_client] Logged in to QuantDinger
[2026-06-15 06:46:14] [INFO] [main] Trading Bot V3 starting...
[2026-06-15 06:46:14] [INFO] [database] V3 Database initialized with all tables
[2026-06-15 06:46:14] [INFO] [qd_client] Logged in to QuantDinger
[2026-06-15 06:46:15] [INFO] [qd_client] MT5 connected
[2026-06-15 06:46:15] [INFO] [main] MT5 connected
[2026-06-15 06:46:15] [INFO] [telegram_bot] Telegram polling started
[2026-06-15 06:46:15] [INFO] [telegram_bot] Telegram bot V3 started
[2026-06-15 06:46:15] [INFO] [mt5_watchdog] MT5 watchdog started (V1 reconnect logic)
[2026-06-15 06:46:15] [INFO] [reconciliation] Reconciliation loop started (every 60s)
[2026-06-15 06:46:15] [INFO] [reconciliation] Reconciliation thread started
[2026-06-15 06:46:15] [INFO] [main] ==================================================
[2026-06-15 06:46:15] [INFO] [main] Cycle 1 at 06:46:15
[2026-06-15 06:46:16] [WARNING] [mt5_watchdog] MT5 disconnected! Attempt 1/3
[2026-06-15 06:46:17] [INFO] [qd_client] Logged in to QuantDinger
[2026-06-15 06:46:17] [INFO] [qd_client] Logged in to QuantDinger
[2026-06-15 06:46:17] [INFO] [mt5_watchdog] MT5 already connected
[2026-06-15 06:46:17] [INFO] [mt5_watchdog] MT5 reconnected successfully!
[2026-06-15 06:46:20] [INFO] [news_fetcher] Fetched 11 relevant news items
[2026-06-15 06:46:20] [INFO] [qd_client] Logged in to QuantDinger
[2026-06-15 06:46:20] [INFO] [main] Equity: 100000.00$ | News: 11
[2026-06-15 06:46:20] [INFO] [main] --- EURUSD ---
[2026-06-15 06:46:23] [INFO] [deepseek] AI analysis EURUSD: bias=bullish score=75.0 conf=0.80
[2026-06-15 06:46:23] [DEBUG] [signal_engine] Signal: BUY score=75.0 conf=0.80 valid=True
[2026-06-15 06:46:23] [INFO] [sentiment] Sentiment EURUSD: neutral score=50 bull=1 bear=1
[2026-06-15 06:46:23] [INFO] [mtf] MTF EURUSD: H4=bullish H1=bearish M15=bearish aligned=True (weak)
[2026-06-15 06:46:23] [INFO] [main] EURUSD: SKIP - Score 41.0 < 65
[2026-06-15 06:46:23] [INFO] [main] --- XAUUSD ---
[2026-06-15 06:46:26] [INFO] [deepseek] AI analysis XAUUSD: bias=bullish score=75.0 conf=0.80
[2026-06-15 06:46:26] [DEBUG] [signal_engine] Signal: BUY score=75.0 conf=0.80 valid=True
[2026-06-15 06:46:26] [INFO] [sentiment] Sentiment XAUUSD: bullish score=100 bull=2 bear=0
[2026-06-15 06:46:26] [INFO] [mtf] MTF XAUUSD: H4=bearish H1=bearish M15=bearish aligned=True (strong)
[2026-06-15 06:46:26] [INFO] [main] XAUUSD: SKIP - Score 48.0 < 65
[2026-06-15 06:46:26] [INFO] [main] --- GBPUSD ---
[2026-06-15 06:46:26] [WARNING] [mt5_watchdog] MT5 disconnected! Attempt 1/3
[2026-06-15 06:46:28] [INFO] [qd_client] Logged in to QuantDinger
[2026-06-15 06:46:28] [INFO] [mt5_watchdog] MT5 already connected
[2026-06-15 06:46:28] [INFO] [mt5_watchdog] MT5 reconnected successfully!
[2026-06-15 06:46:29] [INFO] [deepseek] AI analysis GBPUSD: bias=bullish score=75.0 conf=0.80
[2026-06-15 06:46:29] [DEBUG] [signal_engine] Signal: BUY score=75.0 conf=0.80 valid=True
[2026-06-15 06:46:29] [INFO] [sentiment] Sentiment GBPUSD: bullish score=100 bull=1 bear=0
[2026-06-15 06:46:29] [INFO] [mtf] MTF GBPUSD: H4=bullish H1=bearish M15=bearish aligned=True (weak)
[2026-06-15 06:46:29] [INFO] [main] GBPUSD: SKIP - Score 45.0 < 65
[2026-06-15 06:46:29] [INFO] [main] --- USDJPY ---
[2026-06-15 06:46:32] [INFO] [deepseek] AI analysis USDJPY: bias=bullish score=75.0 conf=0.80
[2026-06-15 06:46:32] [DEBUG] [signal_engine] Signal: BUY score=75.0 conf=0.80 valid=True
[2026-06-15 06:46:33] [INFO] [mtf] MTF USDJPY: H4=bullish H1=bullish M15=bullish aligned=True (strong)
[2026-06-15 06:46:33] [INFO] [sltp] SL/TP USDJPY: entry=0 atr=0.43828 sl=-0.65743 tp=1.09571
[2026-06-15 06:46:33] [INFO] [position_sizing] Position size: 10.0 (equity=100000, risk=0.005, sl_dist=0.65743, cons_loss=0)
[2026-06-15 06:46:33] [ERROR] [qd_client] Open trade attempt 1: name '_clean_comment' is not defined
[2026-06-15 06:46:38] [ERROR] [qd_client] Open trade attempt 2: name '_clean_comment' is not defined
[2026-06-15 06:46:43] [ERROR] [qd_client] Open trade attempt 3: name '_clean_comment' is not defined
[2026-06-15 06:46:48] [ERROR] [main] Failed to open trade: USDJPY BUY
[2026-06-15 06:46:48] [INFO] [main] Sleeping 1800s...
[2026-06-15 06:47:15] [WARNING] [mt5_watchdog] MT5 disconnected! Attempt 1/3
[2026-06-15 06:47:15] [INFO] [qd_client] Logged in to QuantDinger
[2026-06-15 06:47:16] [INFO] [qd_client] Logged in to QuantDinger
[2026-06-15 06:47:16] [INFO] [mt5_watchdog] MT5 already connected
[2026-06-15 06:47:16] [INFO] [mt5_watchdog] MT5 reconnected successfully!
[2026-06-15 06:47:18] [INFO] [qd_client] Logged in to QuantDinger
[2026-06-15 06:48:15] [INFO] [qd_client] Logged in to QuantDinger
[2026-06-15 06:48:18] [INFO] [qd_client] Logged in to QuantDinger
[2026-06-15 06:48:29] [WARNING] [mt5_watchdog] MT5 disconnected! Attempt 1/3
[2026-06-15 06:48:31] [INFO] [qd_client] Logged in to QuantDinger
[2026-06-15 06:48:31] [INFO] [mt5_watchdog] MT5 already connected
[2026-06-15 06:48:31] [INFO] [mt5_watchdog] MT5 reconnected successfully!
[2026-06-15 06:49:16] [INFO] [qd_client] Logged in to QuantDinger
[2026-06-15 06:49:18] [INFO] [qd_client] Logged in to QuantDinger
[2026-06-15 06:50:13] [INFO] [main] Trading Bot V3 starting...
[2026-06-15 06:50:13] [INFO] [database] V3 Database initialized with all tables
[2026-06-15 06:50:14] [INFO] [qd_client] Logged in to QuantDinger
[2026-06-15 06:50:14] [INFO] [qd_client] MT5 connected
[2026-06-15 06:50:14] [INFO] [main] MT5 connected
[2026-06-15 06:50:14] [INFO] [telegram_bot] Telegram polling started
[2026-06-15 06:50:14] [INFO] [telegram_bot] Telegram bot V3 started
[2026-06-15 06:50:14] [INFO] [mt5_watchdog] MT5 watchdog started (V1 reconnect logic)
[2026-06-15 06:50:14] [INFO] [reconciliation] Reconciliation loop started (every 60s)
[2026-06-15 06:50:14] [INFO] [reconciliation] Reconciliation thread started
[2026-06-15 06:50:15] [INFO] [main] ==================================================
[2026-06-15 06:50:15] [INFO] [main] Cycle 1 at 06:50:15
[2026-06-15 06:50:16] [INFO] [qd_client] Logged in to QuantDinger
[2026-06-15 06:50:19] [WARNING] [mt5_watchdog] MT5 disconnected! Attempt 1/3
[2026-06-15 06:50:19] [INFO] [qd_client] Logged in to QuantDinger
[2026-06-15 06:50:19] [INFO] [news_fetcher] Fetched 12 relevant news items
[2026-06-15 06:50:19] [INFO] [qd_client] Logged in to QuantDinger
[2026-06-15 06:50:19] [INFO] [main] Equity: 100000.00$ | News: 12
[2026-06-15 06:50:19] [INFO] [main] --- EURUSD ---
[2026-06-15 06:50:20] [INFO] [qd_client] Logged in to QuantDinger
[2026-06-15 06:50:20] [INFO] [mt5_watchdog] MT5 already connected
[2026-06-15 06:50:20] [INFO] [mt5_watchdog] MT5 reconnected successfully!
[2026-06-15 06:50:22] [INFO] [deepseek] AI analysis EURUSD: bias=bullish score=75.0 conf=0.80
[2026-06-15 06:50:22] [DEBUG] [signal_engine] Signal: BUY score=75.0 conf=0.80 valid=True
[2026-06-15 06:50:22] [INFO] [sentiment] Sentiment EURUSD: neutral score=50 bull=2 bear=2
[2026-06-15 06:50:22] [INFO] [mtf] MTF EURUSD: H4=bullish H1=bearish M15=bearish aligned=True (weak)
[2026-06-15 06:50:22] [INFO] [main] EURUSD: SKIP - Score 41.0 < 65
[2026-06-15 06:50:22] [INFO] [main] --- XAUUSD ---
[2026-06-15 06:50:24] [INFO] [deepseek] AI analysis XAUUSD: bias=bullish score=75.0 conf=0.80
[2026-06-15 06:50:24] [DEBUG] [signal_engine] Signal: BUY score=75.0 conf=0.80 valid=True
[2026-06-15 06:50:24] [INFO] [sentiment] Sentiment XAUUSD: bullish score=100 bull=2 bear=0
[2026-06-15 06:50:24] [INFO] [mtf] MTF XAUUSD: H4=bearish H1=bearish M15=bearish aligned=True (strong)
[2026-06-15 06:50:24] [INFO] [main] XAUUSD: SKIP - Score 48.0 < 65
[2026-06-15 06:50:24] [INFO] [main] --- GBPUSD ---
[2026-06-15 06:50:27] [INFO] [deepseek] AI analysis GBPUSD: bias=bullish score=75.0 conf=0.80
[2026-06-15 06:50:27] [DEBUG] [signal_engine] Signal: BUY score=75.0 conf=0.80 valid=True
[2026-06-15 06:50:27] [INFO] [sentiment] Sentiment GBPUSD: bullish score=100 bull=1 bear=0
[2026-06-15 06:50:27] [INFO] [mtf] MTF GBPUSD: H4=bullish H1=bearish M15=bearish aligned=True (weak)
[2026-06-15 06:50:27] [INFO] [main] GBPUSD: SKIP - Score 45.0 < 65
[2026-06-15 06:50:27] [INFO] [main] --- USDJPY ---
[2026-06-15 06:50:30] [INFO] [deepseek] AI analysis USDJPY: bias=bullish score=75.0 conf=0.80
[2026-06-15 06:50:30] [DEBUG] [signal_engine] Signal: BUY score=75.0 conf=0.80 valid=True
[2026-06-15 06:50:30] [INFO] [mtf] MTF USDJPY: H4=bullish H1=bullish M15=bullish aligned=True (strong)
[2026-06-15 06:50:30] [INFO] [sltp] SL/TP USDJPY: entry=0 atr=0.43828 sl=-0.65743 tp=1.09571
[2026-06-15 06:50:30] [INFO] [position_sizing] Position size: 10.0 (equity=100000, risk=0.005, sl_dist=0.65743, cons_loss=0)
[2026-06-15 06:50:30] [INFO] [qd_client] Logged in to QuantDinger
[2026-06-15 06:50:30] [ERROR] [qd_client] Trade failed: {'success': False, 'error': 'Order rejected: Unsupported filling mode'}
[2026-06-15 06:50:30] [ERROR] [qd_client] Trade failed: {'success': False, 'error': 'Order rejected: Unsupported filling mode'}
[2026-06-15 06:50:30] [ERROR] [main] Failed to open trade: USDJPY BUY
[2026-06-15 06:50:31] [INFO] [main] Sleeping 1800s...
[2026-06-15 06:50:33] [WARNING] [mt5_watchdog] MT5 disconnected! Attempt 1/3
[2026-06-15 06:50:35] [INFO] [qd_client] Logged in to QuantDinger
[2026-06-15 06:50:35] [INFO] [mt5_watchdog] MT5 already connected
[2026-06-15 06:50:35] [INFO] [mt5_watchdog] MT5 reconnected successfully!
[2026-06-15 06:51:14] [WARNING] [mt5_watchdog] MT5 disconnected! Attempt 1/3
[2026-06-15 06:51:14] [INFO] [qd_client] Logged in to QuantDinger
[2026-06-15 06:51:15] [INFO] [qd_client] Logged in to QuantDinger
[2026-06-15 06:51:15] [INFO] [mt5_watchdog] MT5 already connected
[2026-06-15 06:51:15] [INFO] [mt5_watchdog] MT5 reconnected successfully!
[2026-06-15 06:51:17] [INFO] [qd_client] Logged in to QuantDinger
[2026-06-15 06:51:19] [INFO] [qd_client] Logged in to QuantDinger
[2026-06-15 06:52:14] [INFO] [qd_client] Logged in to QuantDinger
[2026-06-15 06:52:17] [INFO] [qd_client] Logged in to QuantDinger
[2026-06-15 06:52:20] [INFO] [qd_client] Logged in to QuantDinger
[2026-06-15 06:52:36] [WARNING] [mt5_watchdog] MT5 disconnected! Attempt 1/3
[2026-06-15 06:52:38] [INFO] [qd_client] Logged in to QuantDinger
[2026-06-15 06:52:38] [INFO] [mt5_watchdog] MT5 already connected
[2026-06-15 06:52:38] [INFO] [mt5_watchdog] MT5 reconnected successfully!
[2026-06-15 06:53:15] [INFO] [qd_client] Logged in to QuantDinger
[2026-06-15 06:53:17] [WARNING] [mt5_watchdog] MT5 disconnected! Attempt 1/3
[2026-06-15 06:53:17] [INFO] [qd_client] Logged in to QuantDinger
[2026-06-15 06:53:19] [INFO] [qd_client] Logged in to QuantDinger
[2026-06-15 06:53:19] [INFO] [mt5_watchdog] MT5 already connected
[2026-06-15 06:53:19] [INFO] [mt5_watchdog] MT5 reconnected successfully!
[2026-06-15 06:53:20] [INFO] [qd_client] Logged in to QuantDinger
[2026-06-15 06:54:15] [INFO] [qd_client] Logged in to QuantDinger
[2026-06-15 06:54:16] [INFO] [qd_client] Logged in to QuantDinger
[2026-06-15 06:54:18] [INFO] [qd_client] Logged in to QuantDinger
[2026-06-15 06:54:20] [INFO] [qd_client] Logged in to QuantDinger
[2026-06-15 06:54:40] [WARNING] [mt5_watchdog] MT5 disconnected! Attempt 1/3
[2026-06-15 06:54:42] [INFO] [qd_client] Logged in to QuantDinger
[2026-06-15 06:54:42] [INFO] [mt5_watchdog] MT5 already connected
[2026-06-15 06:54:42] [INFO] [mt5_watchdog] MT5 reconnected successfully!
[2026-06-15 06:54:48] [INFO] [main] Trading Bot V3 starting...
[2026-06-15 06:54:48] [INFO] [database] V3 Database initialized with all tables
[2026-06-15 06:54:49] [INFO] [qd_client] Logged in to QuantDinger
[2026-06-15 06:54:49] [INFO] [qd_client] MT5 connected
[2026-06-15 06:54:49] [INFO] [main] MT5 connected
[2026-06-15 06:54:49] [INFO] [telegram_bot] Telegram polling started
[2026-06-15 06:54:49] [INFO] [telegram_bot] Telegram bot V3 started
[2026-06-15 06:54:49] [INFO] [mt5_watchdog] MT5 watchdog started (V1 reconnect logic)
[2026-06-15 06:54:49] [INFO] [reconciliation] Reconciliation loop started (every 60s)
[2026-06-15 06:54:49] [INFO] [reconciliation] Reconciliation thread started
[2026-06-15 06:54:50] [INFO] [main] ==================================================
[2026-06-15 06:54:50] [INFO] [main] Cycle 1 at 06:54:50
[2026-06-15 06:54:54] [INFO] [news_fetcher] Fetched 13 relevant news items
[2026-06-15 06:54:54] [INFO] [main] Equity: 100000.00$ | News: 13
[2026-06-15 06:54:54] [INFO] [main] --- EURUSD ---
[2026-06-15 06:54:58] [INFO] [deepseek] AI analysis EURUSD: bias=bullish score=75.0 conf=0.80
[2026-06-15 06:54:58] [DEBUG] [signal_engine] Signal: BUY score=75.0 conf=0.80 valid=True
[2026-06-15 06:54:58] [INFO] [sentiment] Sentiment EURUSD: neutral score=50 bull=2 bear=3
[2026-06-15 06:54:58] [INFO] [mtf] MTF EURUSD: H4=bullish H1=bearish M15=bearish aligned=True (weak)
[2026-06-15 06:54:58] [INFO] [main] EURUSD: SKIP - Score 41.0 < 65
[2026-06-15 06:54:58] [INFO] [main] --- XAUUSD ---
[2026-06-15 06:55:01] [INFO] [deepseek] AI analysis XAUUSD: bias=bullish score=75.0 conf=0.80
[2026-06-15 06:55:01] [DEBUG] [signal_engine] Signal: BUY score=75.0 conf=0.80 valid=True
[2026-06-15 06:55:01] [INFO] [sentiment] Sentiment XAUUSD: bullish score=83 bull=2 bear=1
[2026-06-15 06:55:01] [INFO] [mtf] MTF XAUUSD: H4=bearish H1=bearish M15=bearish aligned=True (strong)
[2026-06-15 06:55:01] [INFO] [main] XAUUSD: SKIP - Score 46.9 < 65
[2026-06-15 06:55:01] [INFO] [main] --- GBPUSD ---
[2026-06-15 06:55:04] [INFO] [deepseek] AI analysis GBPUSD: bias=bullish score=75.0 conf=0.80
[2026-06-15 06:55:04] [DEBUG] [signal_engine] Signal: BUY score=75.0 conf=0.80 valid=True
[2026-06-15 06:55:04] [INFO] [sentiment] Sentiment GBPUSD: bearish score=100 bull=0 bear=2
[2026-06-15 06:55:05] [INFO] [mtf] MTF GBPUSD: H4=bullish H1=bearish M15=bearish aligned=True (weak)
[2026-06-15 06:55:05] [INFO] [main] GBPUSD: SKIP - Score 45.0 < 65
[2026-06-15 06:55:05] [INFO] [main] --- USDJPY ---
[2026-06-15 06:55:08] [INFO] [deepseek] AI analysis USDJPY: bias=bullish score=75.0 conf=0.80
[2026-06-15 06:55:08] [DEBUG] [signal_engine] Signal: BUY score=75.0 conf=0.80 valid=True
[2026-06-15 06:55:08] [INFO] [mtf] MTF USDJPY: H4=bullish H1=bullish M15=bullish aligned=True (strong)
[2026-06-15 06:55:08] [INFO] [sltp] SL/TP USDJPY: entry=0 atr=0.43828 sl=-0.65743 tp=1.09571
[2026-06-15 06:55:08] [INFO] [position_sizing] Position size: 10.0 (equity=100000, risk=0.005, sl_dist=0.65743, cons_loss=0)
[2026-06-15 06:55:08] [ERROR] [qd_client] Trade failed: {'success': False, 'error': 'Order rejected: Unsupported filling mode'}
[2026-06-15 06:55:08] [ERROR] [qd_client] Trade failed: {'success': False, 'error': 'Order rejected: Unsupported filling mode'}
[2026-06-15 06:55:08] [ERROR] [qd_client] Trade failed: {'success': False, 'error': 'Order rejected: Unsupported filling mode'}
[2026-06-15 06:55:08] [ERROR] [main] Failed to open trade: USDJPY BUY
[2026-06-15 06:55:09] [INFO] [main] Sleeping 1800s...
[2026-06-15 06:55:15] [WARNING] [mt5_watchdog] MT5 disconnected! Attempt 1/3
[2026-06-15 06:55:16] [INFO] [qd_client] Logged in to QuantDinger
[2026-06-15 06:55:17] [INFO] [qd_client] Logged in to QuantDinger
[2026-06-15 06:55:17] [INFO] [mt5_watchdog] MT5 already connected
[2026-06-15 06:55:17] [INFO] [mt5_watchdog] MT5 reconnected successfully!
[2026-06-15 06:55:18] [INFO] [qd_client] Logged in to QuantDinger
[2026-06-15 06:55:21] [INFO] [qd_client] Logged in to QuantDinger
[2026-06-15 06:55:49] [WARNING] [mt5_watchdog] MT5 disconnected! Attempt 1/3
[2026-06-15 06:55:49] [INFO] [qd_client] Logged in to QuantDinger
[2026-06-15 06:55:50] [INFO] [qd_client] Logged in to QuantDinger
[2026-06-15 06:55:50] [INFO] [mt5_watchdog] MT5 already connected
[2026-06-15 06:55:50] [INFO] [mt5_watchdog] MT5 reconnected successfully!
[2026-06-15 06:56:16] [INFO] [qd_client] Logged in to QuantDinger
[2026-06-15 06:56:19] [INFO] [qd_client] Logged in to QuantDinger
[2026-06-15 06:56:21] [INFO] [qd_client] Logged in to QuantDinger
[2026-06-15 06:56:44] [WARNING] [mt5_watchdog] MT5 disconnected! Attempt 1/3
[2026-06-15 06:56:46] [INFO] [qd_client] Logged in to QuantDinger
[2026-06-15 06:56:46] [INFO] [mt5_watchdog] MT5 already connected
[2026-06-15 06:56:46] [INFO] [mt5_watchdog] MT5 reconnected successfully!
[2026-06-15 06:56:50] [INFO] [qd_client] Logged in to QuantDinger
[2026-06-15 06:57:17] [INFO] [qd_client] Logged in to QuantDinger
[2026-06-15 06:57:19] [INFO] [qd_client] Logged in to QuantDinger
[2026-06-15 06:57:22] [INFO] [qd_client] Logged in to QuantDinger
[2026-06-15 06:57:44] [INFO] [main] Trading Bot V3 starting...
[2026-06-15 06:57:44] [INFO] [database] V3 Database initialized with all tables
[2026-06-15 06:57:45] [INFO] [qd_client] Logged in to QuantDinger
[2026-06-15 06:57:45] [INFO] [qd_client] MT5 connected
[2026-06-15 06:57:45] [INFO] [main] MT5 connected
[2026-06-15 06:57:45] [INFO] [telegram_bot] Telegram polling started
[2026-06-15 06:57:45] [INFO] [telegram_bot] Telegram bot V3 started
[2026-06-15 06:57:45] [INFO] [mt5_watchdog] MT5 watchdog started (V1 reconnect logic)
[2026-06-15 06:57:45] [INFO] [reconciliation] Reconciliation loop started (every 60s)
[2026-06-15 06:57:45] [INFO] [reconciliation] Reconciliation thread started
[2026-06-15 06:57:46] [INFO] [main] ==================================================
[2026-06-15 06:57:46] [INFO] [main] Cycle 1 at 06:57:46
[2026-06-15 06:57:50] [INFO] [news_fetcher] Fetched 13 relevant news items
[2026-06-15 06:57:50] [INFO] [main] Equity: 100000.00$ | News: 13
[2026-06-15 06:57:50] [INFO] [main] --- EURUSD ---
[2026-06-15 06:57:50] [INFO] [qd_client] Logged in to QuantDinger
[2026-06-15 06:57:53] [INFO] [deepseek] AI analysis EURUSD: bias=bullish score=75.0 conf=0.80
[2026-06-15 06:57:53] [DEBUG] [signal_engine] Signal: BUY score=75.0 conf=0.80 valid=True
[2026-06-15 06:57:53] [INFO] [sentiment] Sentiment EURUSD: neutral score=50 bull=2 bear=3
[2026-06-15 06:57:53] [INFO] [mtf] MTF EURUSD: H4=bullish H1=bearish M15=bearish aligned=True (weak)
[2026-06-15 06:57:53] [INFO] [main] EURUSD: SKIP - Score 41.0 < 65
[2026-06-15 06:57:53] [INFO] [main] --- XAUUSD ---
[2026-06-15 06:57:56] [INFO] [deepseek] AI analysis XAUUSD: bias=bullish score=75.0 conf=0.80
[2026-06-15 06:57:56] [DEBUG] [signal_engine] Signal: BUY score=75.0 conf=0.80 valid=True
[2026-06-15 06:57:56] [INFO] [sentiment] Sentiment XAUUSD: bullish score=83 bull=2 bear=1
[2026-06-15 06:57:56] [INFO] [mtf] MTF XAUUSD: H4=bearish H1=bearish M15=bearish aligned=True (strong)
[2026-06-15 06:57:56] [INFO] [main] XAUUSD: SKIP - Score 46.9 < 65
[2026-06-15 06:57:56] [INFO] [main] --- GBPUSD ---
[2026-06-15 06:58:00] [INFO] [deepseek] AI analysis GBPUSD: bias=bullish score=75.0 conf=0.80
[2026-06-15 06:58:00] [DEBUG] [signal_engine] Signal: BUY score=75.0 conf=0.80 valid=True
[2026-06-15 06:58:00] [INFO] [sentiment] Sentiment GBPUSD: bearish score=100 bull=0 bear=2
[2026-06-15 06:58:00] [INFO] [mtf] MTF GBPUSD: H4=bullish H1=bearish M15=bearish aligned=True (weak)
[2026-06-15 06:58:00] [INFO] [main] GBPUSD: SKIP - Score 45.0 < 65
[2026-06-15 06:58:00] [INFO] [main] --- USDJPY ---
[2026-06-15 06:58:03] [INFO] [deepseek] AI analysis USDJPY: bias=bullish score=75.0 conf=0.80
[2026-06-15 06:58:03] [DEBUG] [signal_engine] Signal: BUY score=75.0 conf=0.80 valid=True
[2026-06-15 06:58:03] [INFO] [mtf] MTF USDJPY: H4=bullish H1=bullish M15=bullish aligned=True (strong)
[2026-06-15 06:58:03] [INFO] [sltp] SL/TP USDJPY: entry=0 atr=0.43828 sl=-0.65743 tp=1.09571
[2026-06-15 06:58:03] [INFO] [position_sizing] Position size: 10.0 (equity=100000, risk=0.005, sl_dist=0.65743, cons_loss=0)
[2026-06-15 06:58:03] [INFO] [qd_client] Logged in to QuantDinger
[2026-06-15 06:58:03] [ERROR] [qd_client] Trade failed: {'success': False, 'error': 'Order rejected: Unsupported filling mode'}
[2026-06-15 06:58:03] [ERROR] [qd_client] Trade failed: {'success': False, 'error': 'Order rejected: Unsupported filling mode'}
[2026-06-15 06:58:03] [ERROR] [main] Failed to open trade: USDJPY BUY
[2026-06-15 06:58:04] [INFO] [main] Sleeping 1800s...
[2026-06-15 06:58:17] [INFO] [qd_client] Logged in to QuantDinger
[2026-06-15 06:58:19] [INFO] [qd_client] Logged in to QuantDinger
[2026-06-15 06:58:22] [WARNING] [mt5_watchdog] MT5 disconnected! Attempt 1/3
[2026-06-15 06:58:22] [INFO] [qd_client] Logged in to QuantDinger
[2026-06-15 06:58:24] [INFO] [qd_client] Logged in to QuantDinger
[2026-06-15 06:58:24] [INFO] [mt5_watchdog] MT5 already connected
[2026-06-15 06:58:24] [INFO] [mt5_watchdog] MT5 reconnected successfully!
[2026-06-15 06:58:45] [WARNING] [mt5_watchdog] MT5 disconnected! Attempt 1/3
[2026-06-15 06:58:45] [INFO] [qd_client] Logged in to QuantDinger
[2026-06-15 06:58:46] [INFO] [qd_client] Logged in to QuantDinger
[2026-06-15 06:58:46] [INFO] [mt5_watchdog] MT5 already connected
[2026-06-15 06:58:46] [INFO] [mt5_watchdog] MT5 reconnected successfully!
[2026-06-15 06:58:48] [WARNING] [mt5_watchdog] MT5 disconnected! Attempt 1/3
[2026-06-15 06:58:50] [INFO] [qd_client] Logged in to QuantDinger
[2026-06-15 06:58:50] [INFO] [mt5_watchdog] MT5 already connected
[2026-06-15 06:58:50] [INFO] [mt5_watchdog] MT5 reconnected successfully!
[2026-06-15 06:58:51] [INFO] [qd_client] Logged in to QuantDinger
[2026-06-15 06:59:17] [INFO] [qd_client] Logged in to QuantDinger
[2026-06-15 06:59:20] [INFO] [qd_client] Logged in to QuantDinger
[2026-06-15 06:59:22] [INFO] [qd_client] Logged in to QuantDinger
[2026-06-15 06:59:34] [INFO] [main] ==================================================
[2026-06-15 06:59:34] [INFO] [main] Cycle 2 at 06:59:34
[2026-06-15 06:59:34] [WARNING] [main] MT5 disconnected, reconnecting...
[2026-06-15 06:59:34] [WARNING] [main] MT5 still disconnected
[2026-06-15 06:59:34] [INFO] [main] Sleeping 1800s...
[2026-06-15 06:59:46] [INFO] [qd_client] Logged in to QuantDinger
[2026-06-15 06:59:51] [INFO] [qd_client] Logged in to QuantDinger
[2026-06-15 07:00:18] [INFO] [qd_client] Logged in to QuantDinger
[2026-06-15 07:00:20] [INFO] [qd_client] Logged in to QuantDinger
[2026-06-15 07:00:23] [INFO] [qd_client] Logged in to QuantDinger
[2026-06-15 07:00:46] [INFO] [qd_client] Logged in to QuantDinger
[2026-06-15 07:00:51] [INFO] [qd_client] Logged in to QuantDinger
[2026-06-15 07:00:52] [WARNING] [mt5_watchdog] MT5 disconnected! Attempt 1/3
[2026-06-15 07:00:54] [INFO] [qd_client] Logged in to QuantDinger
[2026-06-15 07:00:54] [INFO] [mt5_watchdog] MT5 already connected
[2026-06-15 07:00:54] [INFO] [mt5_watchdog] MT5 reconnected successfully!
[2026-06-15 07:01:15] [INFO] [qd_client] Logged in to QuantDinger
[2026-06-15 07:01:18] [INFO] [qd_client] Logged in to QuantDinger
[2026-06-15 07:01:20] [WARNING] [mt5_watchdog] MT5 disconnected! Attempt 1/3
[2026-06-15 07:01:21] [INFO] [qd_client] Logged in to QuantDinger
[2026-06-15 07:01:22] [INFO] [qd_client] Logged in to QuantDinger
[2026-06-15 07:01:22] [INFO] [mt5_watchdog] MT5 already connected
[2026-06-15 07:01:22] [INFO] [mt5_watchdog] MT5 reconnected successfully!
[2026-06-15 07:01:23] [INFO] [qd_client] Logged in to QuantDinger
[2026-06-15 07:01:46] [INFO] [qd_client] Logged in to QuantDinger
[2026-06-15 07:01:51] [WARNING] [mt5_watchdog] MT5 disconnected! Attempt 1/3
[2026-06-15 07:01:52] [INFO] [qd_client] Logged in to QuantDinger
[2026-06-15 07:01:53] [INFO] [qd_client] Logged in to QuantDinger
[2026-06-15 07:01:53] [INFO] [mt5_watchdog] MT5 already connected
[2026-06-15 07:01:53] [INFO] [mt5_watchdog] MT5 reconnected successfully!
[2026-06-15 07:02:19] [INFO] [qd_client] Logged in to QuantDinger
[2026-06-15 07:02:21] [INFO] [qd_client] Logged in to QuantDinger
[2026-06-15 07:02:24] [INFO] [qd_client] Logged in to QuantDinger
[2026-06-15 07:02:47] [INFO] [qd_client] Logged in to QuantDinger
[2026-06-15 07:02:52] [INFO] [qd_client] Logged in to QuantDinger
[2026-06-15 07:02:56] [WARNING] [mt5_watchdog] MT5 disconnected! Attempt 1/3
[2026-06-15 07:02:58] [INFO] [qd_client] Logged in to QuantDinger
[2026-06-15 07:02:58] [INFO] [mt5_watchdog] MT5 already connected
[2026-06-15 07:02:58] [INFO] [mt5_watchdog] MT5 reconnected successfully!
[2026-06-15 07:03:19] [WARNING] [mt5_watchdog] MT5 disconnected! Attempt 1/3
[2026-06-15 07:03:19] [INFO] [qd_client] Logged in to QuantDinger
[2026-06-15 07:03:21] [INFO] [qd_client] Logged in to QuantDinger
[2026-06-15 07:03:21] [INFO] [mt5_watchdog] MT5 already connected
[2026-06-15 07:03:21] [INFO] [mt5_watchdog] MT5 reconnected successfully!
[2026-06-15 07:03:22] [INFO] [qd_client] Logged in to QuantDinger
[2026-06-15 07:03:24] [INFO] [qd_client] Logged in to QuantDinger
[2026-06-15 07:03:47] [INFO] [qd_client] Logged in to QuantDinger
[2026-06-15 07:03:52] [INFO] [main] Trading Bot V3 starting...
[2026-06-15 07:03:52] [INFO] [database] V3 Database initialized with all tables
[2026-06-15 07:03:52] [INFO] [qd_client] Logged in to QuantDinger
[2026-06-15 07:03:52] [INFO] [qd_client] MT5 connected
[2026-06-15 07:03:52] [INFO] [main] MT5 connected
[2026-06-15 07:03:52] [INFO] [telegram_bot] Telegram polling started
[2026-06-15 07:03:52] [INFO] [telegram_bot] Telegram bot V3 started
[2026-06-15 07:03:52] [INFO] [mt5_watchdog] MT5 watchdog started (V1 reconnect logic)
[2026-06-15 07:03:52] [INFO] [reconciliation] Reconciliation loop started (every 60s)
[2026-06-15 07:03:52] [INFO] [reconciliation] Reconciliation thread started
[2026-06-15 07:03:53] [INFO] [qd_client] Logged in to QuantDinger
[2026-06-15 07:03:53] [INFO] [main] ==================================================
[2026-06-15 07:03:53] [INFO] [main] Cycle 1 at 07:03:53
[2026-06-15 07:03:53] [WARNING] [main] MT5 disconnected, reconnecting...
[2026-06-15 07:03:53] [INFO] [qd_client] Logged in to QuantDinger
[2026-06-15 07:03:53] [INFO] [qd_client] MT5 connected
[2026-06-15 07:03:53] [INFO] [main] MT5 reconnected
[2026-06-15 07:03:54] [WARNING] [mt5_watchdog] MT5 disconnected! Attempt 1/3
[2026-06-15 07:03:56] [INFO] [qd_client] Logged in to QuantDinger
[2026-06-15 07:03:56] [INFO] [mt5_watchdog] MT5 already connected
[2026-06-15 07:03:56] [INFO] [mt5_watchdog] MT5 reconnected successfully!
[2026-06-15 07:03:58] [INFO] [news_fetcher] Fetched 13 relevant news items
[2026-06-15 07:03:59] [INFO] [qd_client] Logged in to QuantDinger
[2026-06-15 07:03:59] [INFO] [main] Equity: 100000.00$ | News: 13
[2026-06-15 07:03:59] [INFO] [main] --- EURUSD ---
[2026-06-15 07:04:02] [INFO] [deepseek] AI analysis EURUSD: bias=bullish score=75.0 conf=0.80
[2026-06-15 07:04:02] [DEBUG] [signal_engine] Signal: BUY score=75.0 conf=0.80 valid=True
[2026-06-15 07:04:02] [INFO] [sentiment] Sentiment EURUSD: neutral score=50 bull=2 bear=3
[2026-06-15 07:04:02] [INFO] [mtf] MTF EURUSD: H4=bullish H1=bearish M15=bearish aligned=True (weak)
[2026-06-15 07:04:03] [INFO] [main] EURUSD: SKIP - Score 41.0 < 65
[2026-06-15 07:04:03] [INFO] [main] --- XAUUSD ---
[2026-06-15 07:04:05] [INFO] [deepseek] AI analysis XAUUSD: bias=bullish score=75.0 conf=0.80
[2026-06-15 07:04:05] [DEBUG] [signal_engine] Signal: BUY score=75.0 conf=0.80 valid=True
[2026-06-15 07:04:05] [INFO] [sentiment] Sentiment XAUUSD: bullish score=83 bull=2 bear=1
[2026-06-15 07:04:05] [INFO] [mtf] MTF XAUUSD: H4=bearish H1=bearish M15=bearish aligned=True (strong)
[2026-06-15 07:04:06] [INFO] [main] XAUUSD: SKIP - Score 46.9 < 65
[2026-06-15 07:04:06] [INFO] [main] --- GBPUSD ---
[2026-06-15 07:04:09] [INFO] [deepseek] AI analysis GBPUSD: bias=bullish score=75.0 conf=0.80
[2026-06-15 07:04:09] [DEBUG] [signal_engine] Signal: BUY score=75.0 conf=0.80 valid=True
[2026-06-15 07:04:09] [INFO] [sentiment] Sentiment GBPUSD: bearish score=100 bull=0 bear=2
[2026-06-15 07:04:09] [INFO] [mtf] MTF GBPUSD: H4=bullish H1=bearish M15=bearish aligned=True (weak)
[2026-06-15 07:04:10] [INFO] [main] GBPUSD: SKIP - Score 45.0 < 65
[2026-06-15 07:04:10] [INFO] [main] --- USDJPY ---
[2026-06-15 07:04:13] [INFO] [deepseek] AI analysis USDJPY: bias=bullish score=75.0 conf=0.80
[2026-06-15 07:04:13] [DEBUG] [signal_engine] Signal: BUY score=75.0 conf=0.80 valid=True
[2026-06-15 07:04:13] [INFO] [mtf] MTF USDJPY: H4=bullish H1=bullish M15=bullish aligned=True (strong)
[2026-06-15 07:04:13] [INFO] [sltp] SL/TP USDJPY: entry=0 atr=0.43828 sl=-0.65743 tp=1.09571
[2026-06-15 07:04:13] [INFO] [position_sizing] Position size: 10.0 (equity=100000, risk=0.005, sl_dist=0.65743, cons_loss=0)
[2026-06-15 07:04:13] [DEBUG] [qd_client] Filling FOK not supported, trying next...
[2026-06-15 07:04:13] [DEBUG] [qd_client] Filling IOC not supported, trying next...
[2026-06-15 07:04:13] [DEBUG] [qd_client] Filling RETURN not supported, trying next...
[2026-06-15 07:04:13] [ERROR] [main] Failed to open trade: USDJPY BUY
[2026-06-15 07:04:14] [INFO] [main] Sleeping 1800s...
[2026-06-15 07:04:19] [INFO] [qd_client] Logged in to QuantDinger
[2026-06-15 07:04:22] [INFO] [qd_client] Logged in to QuantDinger
[2026-06-15 07:04:24] [INFO] [qd_client] Logged in to QuantDinger
[2026-06-15 07:04:47] [WARNING] [mt5_watchdog] MT5 disconnected! Attempt 1/3
[2026-06-15 07:04:48] [INFO] [qd_client] Logged in to QuantDinger
[2026-06-15 07:04:50] [INFO] [qd_client] Logged in to QuantDinger
[2026-06-15 07:04:50] [INFO] [mt5_watchdog] MT5 already connected
[2026-06-15 07:04:50] [INFO] [mt5_watchdog] MT5 reconnected successfully!
[2026-06-15 07:04:52] [WARNING] [mt5_watchdog] MT5 disconnected! Attempt 1/3
[2026-06-15 07:04:52] [INFO] [qd_client] Logged in to QuantDinger
[2026-06-15 07:04:53] [INFO] [qd_client] Logged in to QuantDinger
[2026-06-15 07:04:53] [INFO] [qd_client] Logged in to QuantDinger
[2026-06-15 07:04:53] [ERROR] [reconciliation] Reconciliation error: object of type 'NoneType' has no len()
[2026-06-15 07:04:53] [INFO] [mt5_watchdog] MT5 already connected
[2026-06-15 07:04:53] [INFO] [mt5_watchdog] MT5 reconnected successfully!
[2026-06-15 07:05:00] [WARNING] [mt5_watchdog] MT5 disconnected! Attempt 1/3
[2026-06-15 07:05:02] [INFO] [qd_client] Logged in to QuantDinger
[2026-06-15 07:05:02] [INFO] [mt5_watchdog] MT5 already connected
[2026-06-15 07:05:02] [INFO] [mt5_watchdog] MT5 reconnected successfully!
[2026-06-15 07:05:14] [INFO] [qd_client] Logged in to QuantDinger
[2026-06-15 07:05:22] [INFO] [qd_client] Logged in to QuantDinger
[2026-06-15 07:05:23] [WARNING] [mt5_watchdog] MT5 disconnected! Attempt 1/3
[2026-06-15 07:05:25] [INFO] [qd_client] Logged in to QuantDinger
[2026-06-15 07:05:25] [INFO] [mt5_watchdog] MT5 already connected
[2026-06-15 07:05:25] [INFO] [mt5_watchdog] MT5 reconnected successfully!
[2026-06-15 07:05:25] [INFO] [qd_client] Logged in to QuantDinger
[2026-06-15 07:05:48] [INFO] [qd_client] Logged in to QuantDinger
[2026-06-15 07:05:53] [INFO] [qd_client] Logged in to QuantDinger
[2026-06-15 07:05:54] [INFO] [qd_client] Logged in to QuantDinger
[2026-06-15 07:06:20] [INFO] [qd_client] Logged in to QuantDinger
[2026-06-15 07:06:23] [INFO] [qd_client] Logged in to QuantDinger
[2026-06-15 07:06:25] [INFO] [qd_client] Logged in to QuantDinger
[2026-06-15 07:06:48] [INFO] [qd_client] Logged in to QuantDinger
[2026-06-15 07:06:53] [INFO] [qd_client] Logged in to QuantDinger
[2026-06-15 07:06:54] [INFO] [qd_client] Logged in to QuantDinger
[2026-06-15 07:06:54] [WARNING] [mt5_watchdog] MT5 disconnected! Attempt 1/3
[2026-06-15 07:06:56] [INFO] [qd_client] Logged in to QuantDinger
[2026-06-15 07:06:56] [INFO] [mt5_watchdog] MT5 already connected
[2026-06-15 07:06:56] [INFO] [mt5_watchdog] MT5 reconnected successfully!
[2026-06-15 07:07:03] [WARNING] [mt5_watchdog] MT5 disconnected! Attempt 1/3
[2026-06-15 07:07:05] [INFO] [qd_client] Logged in to QuantDinger
[2026-06-15 07:07:05] [INFO] [mt5_watchdog] MT5 already connected
[2026-06-15 07:07:05] [INFO] [mt5_watchdog] MT5 reconnected successfully!
[2026-06-15 07:07:20] [INFO] [qd_client] Logged in to QuantDinger
[2026-06-15 07:07:23] [INFO] [qd_client] Logged in to QuantDinger
[2026-06-15 07:07:26] [INFO] [qd_client] Logged in to QuantDinger
[2026-06-15 07:07:26] [WARNING] [mt5_watchdog] MT5 disconnected! Attempt 1/3
[2026-06-15 07:07:28] [INFO] [qd_client] Logged in to QuantDinger
[2026-06-15 07:07:28] [INFO] [mt5_watchdog] MT5 already connected
[2026-06-15 07:07:28] [INFO] [mt5_watchdog] MT5 reconnected successfully!
[2026-06-15 07:07:49] [INFO] [qd_client] Logged in to QuantDinger
[2026-06-15 07:07:54] [INFO] [qd_client] Logged in to QuantDinger
[2026-06-15 07:07:54] [INFO] [qd_client] Logged in to QuantDinger
[2026-06-15 07:08:21] [INFO] [qd_client] Logged in to QuantDinger
[2026-06-15 07:08:24] [INFO] [qd_client] Logged in to QuantDinger
[2026-06-15 07:08:26] [INFO] [qd_client] Logged in to QuantDinger
[2026-06-15 07:08:40] [INFO] [main] Trading Bot V3 starting...
[2026-06-15 07:08:40] [INFO] [database] V3 Database initialized with all tables
[2026-06-15 07:08:41] [INFO] [qd_client] Logged in to QuantDinger
[2026-06-15 07:08:41] [INFO] [qd_client] MT5 connected
[2026-06-15 07:08:41] [INFO] [main] MT5 connected
[2026-06-15 07:08:41] [INFO] [telegram_bot] Telegram polling started
[2026-06-15 07:08:41] [INFO] [telegram_bot] Telegram bot V3 started
[2026-06-15 07:08:41] [INFO] [mt5_watchdog] MT5 watchdog started (V1 reconnect logic)
[2026-06-15 07:08:41] [INFO] [reconciliation] Reconciliation loop started (every 60s)
[2026-06-15 07:08:41] [INFO] [reconciliation] Reconciliation thread started
[2026-06-15 07:08:42] [INFO] [main] ==================================================
[2026-06-15 07:08:42] [INFO] [main] Cycle 1 at 07:08:42
[2026-06-15 07:08:45] [INFO] [news_fetcher] Fetched 13 relevant news items
[2026-06-15 07:08:45] [INFO] [main] Equity: 100000.00$ | News: 13
[2026-06-15 07:08:45] [INFO] [main] --- EURUSD ---
[2026-06-15 07:08:48] [INFO] [deepseek] AI analysis EURUSD: bias=bullish score=75.0 conf=0.80
[2026-06-15 07:08:48] [DEBUG] [signal_engine] Signal: BUY score=75.0 conf=0.80 valid=True
[2026-06-15 07:08:48] [INFO] [sentiment] Sentiment EURUSD: neutral score=50 bull=2 bear=3
[2026-06-15 07:08:48] [INFO] [mtf] MTF EURUSD: H4=bullish H1=bearish M15=bearish aligned=True (weak)
[2026-06-15 07:08:49] [INFO] [main] EURUSD: SKIP - Score 41.0 < 65
[2026-06-15 07:08:49] [INFO] [main] --- XAUUSD ---
[2026-06-15 07:08:49] [INFO] [qd_client] Logged in to QuantDinger
[2026-06-15 07:08:51] [INFO] [deepseek] AI analysis XAUUSD: bias=bullish score=75.0 conf=0.80
[2026-06-15 07:08:51] [DEBUG] [signal_engine] Signal: BUY score=75.0 conf=0.80 valid=True
[2026-06-15 07:08:51] [INFO] [sentiment] Sentiment XAUUSD: bullish score=83 bull=2 bear=1
[2026-06-15 07:08:51] [INFO] [mtf] MTF XAUUSD: H4=bearish H1=bearish M15=bearish aligned=True (strong)
[2026-06-15 07:08:51] [INFO] [main] XAUUSD: SKIP - Score 46.9 < 65
[2026-06-15 07:08:51] [INFO] [main] --- GBPUSD ---
[2026-06-15 07:08:54] [INFO] [qd_client] Logged in to QuantDinger
[2026-06-15 07:08:54] [INFO] [deepseek] AI analysis GBPUSD: bias=bullish score=75.0 conf=0.80
[2026-06-15 07:08:54] [DEBUG] [signal_engine] Signal: BUY score=75.0 conf=0.80 valid=True
[2026-06-15 07:08:54] [INFO] [sentiment] Sentiment GBPUSD: bearish score=83 bull=1 bear=2
[2026-06-15 07:08:54] [INFO] [mtf] MTF GBPUSD: H4=bullish H1=bearish M15=bearish aligned=True (weak)
[2026-06-15 07:08:55] [INFO] [main] GBPUSD: SKIP - Score 43.9 < 65
[2026-06-15 07:08:55] [INFO] [main] --- USDJPY ---
[2026-06-15 07:08:55] [INFO] [qd_client] Logged in to QuantDinger
[2026-06-15 07:08:56] [WARNING] [mt5_watchdog] MT5 disconnected! Attempt 1/3
[2026-06-15 07:08:58] [INFO] [deepseek] AI analysis USDJPY: bias=bullish score=75.0 conf=0.80
[2026-06-15 07:08:58] [DEBUG] [signal_engine] Signal: BUY score=75.0 conf=0.80 valid=True
[2026-06-15 07:08:58] [INFO] [mtf] MTF USDJPY: H4=bullish H1=bullish M15=bullish aligned=True (strong)
[2026-06-15 07:08:58] [INFO] [sltp] SL/TP USDJPY: entry=0 atr=0.43828 sl=-0.65743 tp=1.09571
[2026-06-15 07:08:58] [INFO] [position_sizing] Position size: 10.0 (equity=100000, risk=0.005, sl_dist=0.65743, cons_loss=0)
[2026-06-15 07:08:58] [INFO] [qd_client] Logged in to QuantDinger
[2026-06-15 07:08:58] [DEBUG] [qd_client] Filling FOK not supported, trying next...
[2026-06-15 07:08:58] [DEBUG] [qd_client] Filling IOC not supported, trying next...
[2026-06-15 07:08:58] [DEBUG] [qd_client] Filling RETURN not supported, trying next...
[2026-06-15 07:08:58] [ERROR] [main] Failed to open trade: USDJPY BUY
[2026-06-15 07:08:59] [INFO] [qd_client] Logged in to QuantDinger
[2026-06-15 07:08:59] [INFO] [mt5_watchdog] MT5 already connected
[2026-06-15 07:08:59] [INFO] [mt5_watchdog] MT5 reconnected successfully!
[2026-06-15 07:08:59] [INFO] [main] Sleeping 1800s...
[2026-06-15 07:09:06] [WARNING] [mt5_watchdog] MT5 disconnected! Attempt 1/3
[2026-06-15 07:09:08] [INFO] [qd_client] Logged in to QuantDinger
[2026-06-15 07:09:08] [INFO] [mt5_watchdog] MT5 already connected
[2026-06-15 07:09:08] [INFO] [mt5_watchdog] MT5 reconnected successfully!
[2026-06-15 07:09:18] [INFO] [qd_client] Logged in to QuantDinger
[2026-06-15 07:11:38] [INFO] [main] Trading Bot V3 starting...
[2026-06-15 07:11:38] [INFO] [database] V3 Database initialized with all tables
[2026-06-15 07:11:38] [ERROR] [qd_client] Login attempt 1 failed: Expecting value: line 1 column 1 (char 0)
[2026-06-15 07:11:43] [ERROR] [qd_client] Login attempt 2 failed: Expecting value: line 1 column 1 (char 0)
[2026-06-15 07:11:49] [INFO] [qd_client] Logged in to QuantDinger
[2026-06-15 07:11:49] [INFO] [qd_client] MT5 connected
[2026-06-15 07:11:49] [INFO] [main] MT5 connected
[2026-06-15 07:11:49] [INFO] [telegram_bot] Telegram polling started
[2026-06-15 07:11:49] [INFO] [telegram_bot] Telegram bot V3 started
[2026-06-15 07:11:49] [INFO] [mt5_watchdog] MT5 watchdog started (V1 reconnect logic)
[2026-06-15 07:11:49] [INFO] [reconciliation] Reconciliation loop started (every 60s)
[2026-06-15 07:11:49] [INFO] [reconciliation] Reconciliation thread started
[2026-06-15 07:11:50] [INFO] [main] ==================================================
[2026-06-15 07:11:50] [INFO] [main] Cycle 1 at 07:11:50
[2026-06-15 07:11:54] [INFO] [news_fetcher] Fetched 13 relevant news items
[2026-06-15 07:11:54] [INFO] [main] Equity: 100000.00$ | News: 13
[2026-06-15 07:11:54] [INFO] [main] --- EURUSD ---
[2026-06-15 07:11:57] [INFO] [deepseek] AI analysis EURUSD: bias=bullish score=75.0 conf=0.80
[2026-06-15 07:11:57] [DEBUG] [signal_engine] Signal: BUY score=75.0 conf=0.80 valid=True
[2026-06-15 07:11:57] [INFO] [sentiment] Sentiment EURUSD: neutral score=50 bull=2 bear=3
[2026-06-15 07:11:57] [INFO] [mtf] MTF EURUSD: H4=bullish H1=bearish M15=bearish aligned=True (weak)
[2026-06-15 07:11:57] [INFO] [main] EURUSD: SKIP - Score 41.0 < 65
[2026-06-15 07:11:57] [INFO] [main] --- XAUUSD ---
[2026-06-15 07:12:00] [INFO] [deepseek] AI analysis XAUUSD: bias=bullish score=85.0 conf=0.85
[2026-06-15 07:12:00] [DEBUG] [signal_engine] Signal: BUY score=85.0 conf=0.85 valid=True
[2026-06-15 07:12:00] [INFO] [sentiment] Sentiment XAUUSD: neutral score=50 bull=1 bear=1
[2026-06-15 07:12:01] [INFO] [mtf] MTF XAUUSD: H4=bearish H1=bearish M15=bearish aligned=True (strong)
[2026-06-15 07:12:01] [INFO] [main] XAUUSD: SKIP - Score 46.4 < 65
[2026-06-15 07:12:01] [INFO] [main] --- GBPUSD ---
[2026-06-15 07:12:04] [INFO] [deepseek] AI analysis GBPUSD: bias=bullish score=75.0 conf=0.80
[2026-06-15 07:12:04] [DEBUG] [signal_engine] Signal: BUY score=75.0 conf=0.80 valid=True
[2026-06-15 07:12:04] [INFO] [sentiment] Sentiment GBPUSD: bearish score=100 bull=0 bear=2
[2026-06-15 07:12:04] [INFO] [mtf] MTF GBPUSD: H4=bullish H1=bearish M15=bearish aligned=True (weak)
[2026-06-15 07:12:04] [INFO] [main] GBPUSD: SKIP - Score 45.0 < 65
[2026-06-15 07:12:04] [INFO] [main] --- USDJPY ---
[2026-06-15 07:12:08] [INFO] [deepseek] AI analysis USDJPY: bias=bullish score=75.0 conf=0.80
[2026-06-15 07:12:08] [DEBUG] [signal_engine] Signal: BUY score=75.0 conf=0.80 valid=True
[2026-06-15 07:12:08] [INFO] [mtf] MTF USDJPY: H4=bullish H1=bullish M15=bullish aligned=True (strong)
[2026-06-15 07:12:08] [INFO] [sltp] SL/TP USDJPY: entry=0 atr=0.43828 sl=-0.65743 tp=1.09571
[2026-06-15 07:12:08] [INFO] [position_sizing] Position size: 10.0 (equity=100000, risk=0.005, sl_dist=0.65743, cons_loss=0)
[2026-06-15 07:12:08] [DEBUG] [qd_client] Filling FOK not supported, trying next...
[2026-06-15 07:12:08] [DEBUG] [qd_client] Filling IOC not supported, trying next...
[2026-06-15 07:12:08] [DEBUG] [qd_client] Filling RETURN not supported, trying next...
[2026-06-15 07:12:08] [ERROR] [main] Failed to open trade: USDJPY BUY
[2026-06-15 07:12:09] [INFO] [main] Sleeping 1800s...
[2026-06-15 07:16:12] [INFO] [main] Trading Bot V3 starting...
[2026-06-15 07:16:12] [INFO] [database] V3 Database initialized with all tables
[2026-06-15 07:16:12] [INFO] [qd_client] Logged in to QuantDinger
[2026-06-15 07:16:12] [INFO] [qd_client] MT5 connected
[2026-06-15 07:16:12] [INFO] [main] MT5 connected
[2026-06-15 07:16:12] [INFO] [telegram_bot] Telegram polling started
[2026-06-15 07:16:12] [INFO] [telegram_bot] Telegram bot V3 started
[2026-06-15 07:16:12] [INFO] [mt5_watchdog] MT5 watchdog started (V1 reconnect logic)
[2026-06-15 07:16:12] [INFO] [reconciliation] Reconciliation loop started (every 60s)
[2026-06-15 07:16:12] [INFO] [reconciliation] Reconciliation thread started
[2026-06-15 07:16:13] [INFO] [main] ==================================================
[2026-06-15 07:16:13] [INFO] [main] Cycle 1 at 07:16:13
[2026-06-15 07:16:17] [INFO] [news_fetcher] Fetched 13 relevant news items
[2026-06-15 07:16:17] [INFO] [main] Equity: 100000.00$ | News: 13
[2026-06-15 07:16:17] [INFO] [main] --- EURUSD ---
[2026-06-15 07:16:20] [INFO] [deepseek] AI analysis EURUSD: bias=bullish score=75.0 conf=0.80
[2026-06-15 07:16:20] [DEBUG] [signal_engine] Signal: BUY score=75.0 conf=0.80 valid=True
[2026-06-15 07:16:20] [INFO] [sentiment] Sentiment EURUSD: neutral score=50 bull=2 bear=3
[2026-06-15 07:16:20] [INFO] [mtf] MTF EURUSD: H4=bullish H1=bearish M15=bearish aligned=True (weak)
[2026-06-15 07:16:20] [INFO] [main] EURUSD: SKIP - Score 41.0 < 65
[2026-06-15 07:16:20] [INFO] [main] --- XAUUSD ---
[2026-06-15 07:16:23] [INFO] [deepseek] AI analysis XAUUSD: bias=bullish score=75.0 conf=0.80
[2026-06-15 07:16:23] [DEBUG] [signal_engine] Signal: BUY score=75.0 conf=0.80 valid=True
[2026-06-15 07:16:23] [INFO] [sentiment] Sentiment XAUUSD: neutral score=50 bull=1 bear=1
[2026-06-15 07:16:23] [INFO] [mtf] MTF XAUUSD: H4=bearish H1=bearish M15=bearish aligned=True (strong)
[2026-06-15 07:16:23] [INFO] [main] XAUUSD: SKIP - Score 44.0 < 65
[2026-06-15 07:16:23] [INFO] [main] --- GBPUSD ---
[2026-06-15 07:16:26] [INFO] [deepseek] AI analysis GBPUSD: bias=bullish score=75.0 conf=0.80
[2026-06-15 07:16:26] [DEBUG] [signal_engine] Signal: BUY score=75.0 conf=0.80 valid=True
[2026-06-15 07:16:26] [INFO] [sentiment] Sentiment GBPUSD: bearish score=100 bull=0 bear=2
[2026-06-15 07:16:26] [INFO] [mtf] MTF GBPUSD: H4=bullish H1=bearish M15=bearish aligned=True (weak)
[2026-06-15 07:16:26] [INFO] [main] GBPUSD: SKIP - Score 45.0 < 65
[2026-06-15 07:16:26] [INFO] [main] --- USDJPY ---
[2026-06-15 07:16:29] [INFO] [deepseek] AI analysis USDJPY: bias=bullish score=75.0 conf=0.80
[2026-06-15 07:16:29] [DEBUG] [signal_engine] Signal: BUY score=75.0 conf=0.80 valid=True
[2026-06-15 07:16:29] [INFO] [mtf] MTF USDJPY: H4=bullish H1=bullish M15=bullish aligned=True (strong)
[2026-06-15 07:16:29] [INFO] [sltp] SL/TP USDJPY: entry=0 atr=0.43828 sl=-0.65743 tp=1.09571
[2026-06-15 07:16:29] [INFO] [position_sizing] Position size: 10.0 (equity=100000, risk=0.005, sl_dist=0.65743, cons_loss=0)
[2026-06-15 07:16:29] [DEBUG] [qd_client] Opening trade payload: USDJPY BUY filling=FOK
[2026-06-15 07:16:29] [DEBUG] [qd_client] Filling FOK not supported, trying next...
[2026-06-15 07:16:29] [DEBUG] [qd_client] Opening trade payload: USDJPY BUY filling=IOC
[2026-06-15 07:16:29] [DEBUG] [qd_client] Filling IOC not supported, trying next...
[2026-06-15 07:16:29] [DEBUG] [qd_client] Opening trade payload: USDJPY BUY filling=RETURN
[2026-06-15 07:16:29] [DEBUG] [qd_client] Filling RETURN not supported, trying next...
[2026-06-15 07:16:29] [ERROR] [main] Failed to open trade: USDJPY BUY
[2026-06-15 07:16:30] [INFO] [main] Sleeping 1800s...
[2026-06-15 07:16:49] [WARNING] [mt5_watchdog] MT5 disconnected! Attempt 1/3
[2026-06-15 07:16:49] [INFO] [qd_client] Logged in to QuantDinger
[2026-06-15 07:16:50] [INFO] [qd_client] Logged in to QuantDinger
[2026-06-15 07:16:50] [INFO] [mt5_watchdog] MT5 already connected
[2026-06-15 07:16:50] [INFO] [mt5_watchdog] MT5 reconnected successfully!
[2026-06-15 07:17:12] [WARNING] [mt5_watchdog] MT5 disconnected! Attempt 1/3
[2026-06-15 07:17:13] [INFO] [qd_client] Logged in to QuantDinger
[2026-06-15 07:17:13] [INFO] [qd_client] Logged in to QuantDinger
[2026-06-15 07:17:13] [INFO] [mt5_watchdog] MT5 already connected
[2026-06-15 07:17:13] [INFO] [mt5_watchdog] MT5 reconnected successfully!
[2026-06-15 07:17:50] [INFO] [qd_client] Logged in to QuantDinger
[2026-06-15 07:18:13] [INFO] [qd_client] Logged in to QuantDinger
[2026-06-15 07:18:50] [INFO] [qd_client] Logged in to QuantDinger
[2026-06-15 07:19:13] [INFO] [qd_client] Logged in to QuantDinger
[2026-06-15 07:19:51] [INFO] [qd_client] Logged in to QuantDinger
[2026-06-15 07:20:14] [INFO] [qd_client] Logged in to QuantDinger
[2026-06-15 07:20:51] [WARNING] [mt5_watchdog] MT5 disconnected! Attempt 1/3
[2026-06-15 07:20:51] [INFO] [qd_client] Logged in to QuantDinger
[2026-06-15 07:20:52] [INFO] [qd_client] Logged in to QuantDinger
[2026-06-15 07:20:52] [INFO] [mt5_watchdog] MT5 already connected
[2026-06-15 07:20:52] [INFO] [mt5_watchdog] MT5 reconnected successfully!
[2026-06-15 07:21:14] [WARNING] [mt5_watchdog] MT5 disconnected! Attempt 1/3
[2026-06-15 07:21:14] [INFO] [qd_client] Logged in to QuantDinger
[2026-06-15 07:21:15] [INFO] [qd_client] Logged in to QuantDinger
[2026-06-15 07:21:15] [INFO] [mt5_watchdog] MT5 already connected
[2026-06-15 07:21:15] [INFO] [mt5_watchdog] MT5 reconnected successfully!
[2026-06-15 07:21:51] [INFO] [qd_client] Logged in to QuantDinger
[2026-06-15 07:22:15] [INFO] [qd_client] Logged in to QuantDinger
[2026-06-15 07:22:52] [INFO] [qd_client] Logged in to QuantDinger
[2026-06-15 07:23:15] [INFO] [qd_client] Logged in to QuantDinger
[2026-06-15 07:23:53] [INFO] [qd_client] Logged in to QuantDinger
[2026-06-15 07:24:16] [INFO] [qd_client] Logged in to QuantDinger
[2026-06-15 07:24:53] [WARNING] [mt5_watchdog] MT5 disconnected! Attempt 1/3
[2026-06-15 07:24:53] [INFO] [qd_client] Logged in to QuantDinger
[2026-06-15 07:24:54] [INFO] [qd_client] Logged in to QuantDinger
[2026-06-15 07:24:54] [INFO] [mt5_watchdog] MT5 already connected
[2026-06-15 07:24:54] [INFO] [mt5_watchdog] MT5 reconnected successfully!
[2026-06-15 07:25:16] [WARNING] [mt5_watchdog] MT5 disconnected! Attempt 1/3
[2026-06-15 07:25:16] [INFO] [qd_client] Logged in to QuantDinger
[2026-06-15 07:25:17] [INFO] [qd_client] Logged in to QuantDinger
[2026-06-15 07:25:17] [INFO] [mt5_watchdog] MT5 already connected
[2026-06-15 07:25:17] [INFO] [mt5_watchdog] MT5 reconnected successfully!
[2026-06-15 07:25:54] [INFO] [qd_client] Logged in to QuantDinger
[2026-06-15 07:26:17] [INFO] [qd_client] Logged in to QuantDinger
[2026-06-15 07:26:49] [INFO] [qd_client] Logged in to QuantDinger
[2026-06-15 07:27:17] [INFO] [qd_client] Logged in to QuantDinger
[2026-06-15 07:27:54] [INFO] [qd_client] Logged in to QuantDinger
[2026-06-15 07:28:15] [INFO] [qd_client] Logged in to QuantDinger
[2026-06-15 07:28:15] [INFO] [qd_client] MT5 connected
[2026-06-15 07:28:15] [DEBUG] [qd_client] Opening trade payload: USDJPY BUY volume=0.01
[2026-06-15 07:28:15] [ERROR] [qd_client] Trade failed: {'success': False, 'error': 'Order rejected: Unsupported filling mode'}
[2026-06-15 07:28:15] [DEBUG] [qd_client] Opening trade payload: USDJPY BUY volume=0.01
[2026-06-15 07:28:15] [ERROR] [qd_client] Trade failed: {'success': False, 'error': 'Order rejected: Unsupported filling mode'}
[2026-06-15 07:28:15] [DEBUG] [qd_client] Opening trade payload: USDJPY BUY volume=0.01
[2026-06-15 07:28:15] [ERROR] [qd_client] Trade failed: {'success': False, 'error': 'Order rejected: Unsupported filling mode'}
[2026-06-15 07:28:18] [INFO] [qd_client] Logged in to QuantDinger
[2026-06-15 07:28:55] [INFO] [qd_client] Logged in to QuantDinger
[2026-06-15 07:29:18] [WARNING] [mt5_watchdog] MT5 disconnected! Attempt 1/3
[2026-06-15 07:29:18] [INFO] [qd_client] Logged in to QuantDinger
[2026-06-15 07:29:19] [INFO] [qd_client] Logged in to QuantDinger
[2026-06-15 07:29:19] [INFO] [mt5_watchdog] MT5 already connected
[2026-06-15 07:29:19] [INFO] [mt5_watchdog] MT5 reconnected successfully!
[2026-06-15 07:29:56] [INFO] [qd_client] Logged in to QuantDinger
[2026-06-15 07:30:19] [INFO] [qd_client] Logged in to QuantDinger
[2026-06-15 07:30:56] [WARNING] [mt5_watchdog] MT5 disconnected! Attempt 1/3
[2026-06-15 07:30:56] [INFO] [qd_client] Logged in to QuantDinger
[2026-06-15 07:30:57] [INFO] [qd_client] Logged in to QuantDinger
[2026-06-15 07:30:57] [INFO] [mt5_watchdog] MT5 already connected
[2026-06-15 07:30:57] [INFO] [mt5_watchdog] MT5 reconnected successfully!
[2026-06-15 07:31:13] [INFO] [qd_client] Logged in to QuantDinger
[2026-06-15 07:31:57] [INFO] [qd_client] Logged in to QuantDinger
[2026-06-15 07:32:20] [INFO] [qd_client] Logged in to QuantDinger
[2026-06-15 07:32:57] [INFO] [qd_client] Logged in to QuantDinger
[2026-06-15 07:33:20] [WARNING] [mt5_watchdog] MT5 disconnected! Attempt 1/3
[2026-06-15 07:33:20] [INFO] [qd_client] Logged in to QuantDinger
[2026-06-15 07:33:21] [INFO] [qd_client] Logged in to QuantDinger
[2026-06-15 07:33:21] [INFO] [mt5_watchdog] MT5 already connected
[2026-06-15 07:33:21] [INFO] [mt5_watchdog] MT5 reconnected successfully!
[2026-06-15 07:33:58] [INFO] [qd_client] Logged in to QuantDinger
[2026-06-15 07:34:21] [INFO] [qd_client] Logged in to QuantDinger
[2026-06-15 07:34:58] [WARNING] [mt5_watchdog] MT5 disconnected! Attempt 1/3
[2026-06-15 07:34:58] [INFO] [qd_client] Logged in to QuantDinger
[2026-06-15 07:35:00] [INFO] [qd_client] Logged in to QuantDinger
[2026-06-15 07:35:00] [INFO] [mt5_watchdog] MT5 already connected
[2026-06-15 07:35:00] [INFO] [mt5_watchdog] MT5 reconnected successfully!
[2026-06-15 07:35:21] [INFO] [qd_client] Logged in to QuantDinger
[2026-06-15 07:35:59] [INFO] [qd_client] Logged in to QuantDinger
[2026-06-15 07:36:22] [INFO] [qd_client] Logged in to QuantDinger
[2026-06-15 07:36:48] [INFO] [qd_client] Logged in to QuantDinger
[2026-06-15 07:37:00] [INFO] [qd_client] Logged in to QuantDinger
[2026-06-15 07:37:22] [WARNING] [mt5_watchdog] MT5 disconnected! Attempt 1/3
[2026-06-15 07:37:22] [INFO] [qd_client] Logged in to QuantDinger
[2026-06-15 07:37:23] [INFO] [qd_client] Logged in to QuantDinger
[2026-06-15 07:37:23] [INFO] [mt5_watchdog] MT5 already connected
[2026-06-15 07:37:23] [INFO] [mt5_watchdog] MT5 reconnected successfully!
[2026-06-15 07:38:00] [INFO] [qd_client] Logged in to QuantDinger
[2026-06-15 07:38:23] [INFO] [qd_client] Logged in to QuantDinger
[2026-06-15 07:39:01] [INFO] [qd_client] Logged in to QuantDinger
[2026-06-15 07:39:23] [INFO] [qd_client] Logged in to QuantDinger
[2026-06-15 07:40:01] [INFO] [qd_client] Logged in to QuantDinger
[2026-06-15 07:40:24] [INFO] [qd_client] Logged in to QuantDinger
[2026-06-15 07:41:01] [WARNING] [mt5_watchdog] MT5 disconnected! Attempt 1/3
[2026-06-15 07:41:02] [INFO] [qd_client] Logged in to QuantDinger
[2026-06-15 07:41:03] [INFO] [qd_client] Logged in to QuantDinger
[2026-06-15 07:41:03] [INFO] [mt5_watchdog] MT5 already connected
[2026-06-15 07:41:03] [INFO] [mt5_watchdog] MT5 reconnected successfully!
[2026-06-15 07:41:24] [WARNING] [mt5_watchdog] MT5 disconnected! Attempt 1/3
[2026-06-15 07:41:25] [INFO] [qd_client] Logged in to QuantDinger
[2026-06-15 07:41:25] [INFO] [qd_client] Logged in to QuantDinger
[2026-06-15 07:41:25] [INFO] [mt5_watchdog] MT5 already connected
[2026-06-15 07:41:25] [INFO] [mt5_watchdog] MT5 reconnected successfully!
[2026-06-15 07:41:51] [INFO] [qd_client] Logged in to QuantDinger
[2026-06-15 07:41:52] [INFO] [main] Trading Bot V3 starting...
[2026-06-15 07:41:52] [INFO] [database] V3 Database initialized with all tables
[2026-06-15 07:41:52] [INFO] [qd_client] Logged in to QuantDinger
[2026-06-15 07:41:52] [INFO] [qd_client] MT5 connected
[2026-06-15 07:41:52] [INFO] [main] MT5 connected
[2026-06-15 07:41:52] [INFO] [telegram_bot] Telegram polling started
[2026-06-15 07:41:52] [INFO] [telegram_bot] Telegram bot V3 started
[2026-06-15 07:41:52] [INFO] [mt5_watchdog] MT5 watchdog started (V1 reconnect logic)
[2026-06-15 07:41:52] [INFO] [reconciliation] Reconciliation loop started (every 60s)
[2026-06-15 07:41:52] [INFO] [reconciliation] Reconciliation thread started
[2026-06-15 07:41:53] [INFO] [main] ==================================================
[2026-06-15 07:41:53] [INFO] [main] Cycle 1 at 07:41:53
[2026-06-15 07:41:58] [INFO] [news_fetcher] Fetched 13 relevant news items
[2026-06-15 07:41:58] [INFO] [main] Equity: 100000.00$ | News: 13
[2026-06-15 07:41:58] [INFO] [main] --- EURUSD ---
[2026-06-15 07:42:00] [INFO] [deepseek] AI analysis EURUSD: bias=bullish score=75.0 conf=0.80
[2026-06-15 07:42:00] [DEBUG] [signal_engine] Signal: BUY score=75.0 conf=0.80 valid=True
[2026-06-15 07:42:00] [INFO] [sentiment] Sentiment EURUSD: neutral score=50 bull=2 bear=3
[2026-06-15 07:42:01] [INFO] [mtf] MTF EURUSD: H4=bullish H1=neutral M15=neutral aligned=False (weak)
[2026-06-15 07:42:01] [INFO] [voting_engine] EURUSD: MTF not aligned, reducing score
[2026-06-15 07:42:01] [INFO] [main] EURUSD: SKIP - Score 26.4 < 65
[2026-06-15 07:42:01] [INFO] [main] --- XAUUSD ---
[2026-06-15 07:42:03] [INFO] [qd_client] Logged in to QuantDinger
[2026-06-15 07:42:05] [INFO] [deepseek] AI analysis XAUUSD: bias=bullish score=75.0 conf=0.80
[2026-06-15 07:42:05] [DEBUG] [signal_engine] Signal: BUY score=75.0 conf=0.80 valid=True
[2026-06-15 07:42:05] [INFO] [sentiment] Sentiment XAUUSD: bullish score=83 bull=2 bear=1
[2026-06-15 07:42:05] [INFO] [mtf] MTF XAUUSD: H4=bearish H1=bearish M15=bearish aligned=True (strong)
[2026-06-15 07:42:05] [INFO] [main] XAUUSD: SKIP - Score 46.9 < 65
[2026-06-15 07:42:05] [INFO] [main] --- GBPUSD ---
[2026-06-15 07:42:08] [INFO] [deepseek] AI analysis GBPUSD: bias=bullish score=75.0 conf=0.80
[2026-06-15 07:42:08] [DEBUG] [signal_engine] Signal: BUY score=75.0 conf=0.80 valid=True
[2026-06-15 07:42:08] [INFO] [sentiment] Sentiment GBPUSD: bearish score=88 bull=1 bear=3
[2026-06-15 07:42:08] [INFO] [mtf] MTF GBPUSD: H4=bullish H1=bearish M15=bearish aligned=True (weak)
[2026-06-15 07:42:09] [INFO] [main] GBPUSD: SKIP - Score 44.2 < 65
[2026-06-15 07:42:09] [INFO] [main] Sleeping 1800s...
[2026-06-15 07:42:09] [INFO] [main] ==================================================
[2026-06-15 07:42:09] [INFO] [main] Cycle 2 at 07:42:09
[2026-06-15 07:42:14] [INFO] [news_fetcher] Fetched 13 relevant news items
[2026-06-15 07:42:14] [INFO] [main] Equity: 100000.00$ | News: 13
[2026-06-15 07:42:14] [INFO] [main] --- EURUSD ---
[2026-06-15 07:42:17] [INFO] [deepseek] AI analysis EURUSD: bias=bullish score=75.0 conf=0.80
[2026-06-15 07:42:17] [DEBUG] [signal_engine] Signal: BUY score=75.0 conf=0.80 valid=True
[2026-06-15 07:42:17] [INFO] [sentiment] Sentiment EURUSD: neutral score=50 bull=2 bear=3
[2026-06-15 07:42:17] [INFO] [mtf] MTF EURUSD: H4=bullish H1=neutral M15=neutral aligned=False (weak)
[2026-06-15 07:42:17] [INFO] [voting_engine] EURUSD: MTF not aligned, reducing score
[2026-06-15 07:42:17] [INFO] [main] EURUSD: SKIP - Score 26.4 < 65
[2026-06-15 07:42:17] [INFO] [main] --- XAUUSD ---
[2026-06-15 07:42:20] [INFO] [deepseek] AI analysis XAUUSD: bias=bullish score=75.0 conf=0.80
[2026-06-15 07:42:20] [DEBUG] [signal_engine] Signal: BUY score=75.0 conf=0.80 valid=True
[2026-06-15 07:42:20] [INFO] [sentiment] Sentiment XAUUSD: neutral score=50 bull=1 bear=1
[2026-06-15 07:42:20] [INFO] [mtf] MTF XAUUSD: H4=bearish H1=bearish M15=bearish aligned=True (strong)
[2026-06-15 07:42:20] [INFO] [main] XAUUSD: SKIP - Score 44.0 < 65
[2026-06-15 07:42:20] [INFO] [main] --- GBPUSD ---
[2026-06-15 07:42:23] [INFO] [deepseek] AI analysis GBPUSD: bias=bullish score=75.0 conf=0.80
[2026-06-15 07:42:23] [DEBUG] [signal_engine] Signal: BUY score=75.0 conf=0.80 valid=True
[2026-06-15 07:42:23] [INFO] [sentiment] Sentiment GBPUSD: bearish score=100 bull=0 bear=2
[2026-06-15 07:42:24] [INFO] [mtf] MTF GBPUSD: H4=bullish H1=bearish M15=bearish aligned=True (weak)
[2026-06-15 07:42:24] [INFO] [main] GBPUSD: SKIP - Score 45.0 < 65
[2026-06-15 07:42:24] [INFO] [main] --- USDJPY ---
[2026-06-15 07:42:25] [INFO] [qd_client] Logged in to QuantDinger
[2026-06-15 07:42:27] [INFO] [deepseek] AI analysis USDJPY: bias=bullish score=75.0 conf=0.80
[2026-06-15 07:42:27] [DEBUG] [signal_engine] Signal: BUY score=75.0 conf=0.80 valid=True
[2026-06-15 07:42:28] [INFO] [mtf] MTF USDJPY: H4=bullish H1=bullish M15=bullish aligned=True (strong)
[2026-06-15 07:42:28] [INFO] [sltp] SL/TP USDJPY: entry=0 atr=0.43828 sl=-0.65743 tp=1.09571
[2026-06-15 07:42:28] [INFO] [position_sizing] Position size: 10.0 (equity=100000, risk=0.005, sl_dist=0.65743, cons_loss=0)
[2026-06-15 07:42:28] [INFO] [qd_client] Logged in to QuantDinger
[2026-06-15 07:42:28] [DEBUG] [qd_client] Filling FOK not supported, trying next...
[2026-06-15 07:42:28] [DEBUG] [qd_client] Filling IOC not supported, trying next...
[2026-06-15 07:42:28] [DEBUG] [qd_client] Filling RETURN not supported, trying next...
[2026-06-15 07:42:28] [ERROR] [main] Failed to open trade: USDJPY BUY
[2026-06-15 07:42:30] [INFO] [main] Sleeping 1800s...
[2026-06-15 07:42:52] [WARNING] [mt5_watchdog] MT5 disconnected! Attempt 1/3
[2026-06-15 07:42:53] [INFO] [qd_client] Logged in to QuantDinger
[2026-06-15 07:42:54] [INFO] [qd_client] Logged in to QuantDinger
[2026-06-15 07:42:54] [INFO] [mt5_watchdog] MT5 already connected
[2026-06-15 07:42:54] [INFO] [mt5_watchdog] MT5 reconnected successfully!
[2026-06-15 07:43:03] [INFO] [qd_client] Logged in to QuantDinger
[2026-06-15 07:43:26] [INFO] [qd_client] Logged in to QuantDinger
[2026-06-15 07:43:53] [INFO] [qd_client] Logged in to QuantDinger
[2026-06-15 07:44:04] [INFO] [qd_client] Logged in to QuantDinger
[2026-06-15 07:44:17] [INFO] [qd_client] Logged in to QuantDinger
[2026-06-15 07:44:26] [INFO] [qd_client] Logged in to QuantDinger
[2026-06-15 07:44:54] [INFO] [qd_client] Logged in to QuantDinger
[2026-06-15 07:45:04] [WARNING] [mt5_watchdog] MT5 disconnected! Attempt 1/3
[2026-06-15 07:45:04] [INFO] [qd_client] Logged in to QuantDinger
[2026-06-15 07:45:06] [INFO] [qd_client] Logged in to QuantDinger
[2026-06-15 07:45:06] [INFO] [mt5_watchdog] MT5 already connected
[2026-06-15 07:45:06] [INFO] [mt5_watchdog] MT5 reconnected successfully!
[2026-06-15 07:45:26] [WARNING] [mt5_watchdog] MT5 disconnected! Attempt 1/3
[2026-06-15 07:45:27] [INFO] [qd_client] Logged in to QuantDinger
[2026-06-15 07:45:28] [INFO] [qd_client] Logged in to QuantDinger
[2026-06-15 07:45:28] [INFO] [mt5_watchdog] MT5 already connected
[2026-06-15 07:45:28] [INFO] [mt5_watchdog] MT5 reconnected successfully!
[2026-06-15 07:45:54] [INFO] [qd_client] Logged in to QuantDinger
[2026-06-15 07:46:05] [INFO] [qd_client] Logged in to QuantDinger
[2026-06-15 07:46:14] [INFO] [qd_client] Logged in to QuantDinger
[2026-06-15 07:46:30] [INFO] [main] ==================================================
[2026-06-15 07:46:30] [INFO] [main] Cycle 2 at 07:46:30
[2026-06-15 07:46:36] [INFO] [news_fetcher] Fetched 13 relevant news items
[2026-06-15 07:46:36] [INFO] [main] Equity: 100000.00$ | News: 13
[2026-06-15 07:46:36] [INFO] [main] --- EURUSD ---
[2026-06-15 07:46:40] [INFO] [deepseek] AI analysis EURUSD: bias=bullish score=75.0 conf=0.80
[2026-06-15 07:46:40] [DEBUG] [signal_engine] Signal: BUY score=75.0 conf=0.80 valid=True
[2026-06-15 07:46:40] [INFO] [sentiment] Sentiment EURUSD: neutral score=50 bull=2 bear=3
[2026-06-15 07:46:40] [INFO] [mtf] MTF EURUSD: H4=bullish H1=neutral M15=neutral aligned=False (weak)
[2026-06-15 07:46:40] [INFO] [voting_engine] EURUSD: MTF not aligned, reducing score
[2026-06-15 07:46:40] [INFO] [main] EURUSD: SKIP - Score 26.4 < 65
[2026-06-15 07:46:40] [INFO] [main] --- XAUUSD ---
[2026-06-15 07:46:45] [INFO] [deepseek] AI analysis XAUUSD: bias=bullish score=75.0 conf=0.80
[2026-06-15 07:46:45] [DEBUG] [signal_engine] Signal: BUY score=75.0 conf=0.80 valid=True
[2026-06-15 07:46:45] [INFO] [sentiment] Sentiment XAUUSD: bullish score=83 bull=2 bear=1
[2026-06-15 07:46:45] [INFO] [mtf] MTF XAUUSD: H4=bearish H1=bearish M15=bearish aligned=True (strong)
[2026-06-15 07:46:45] [INFO] [main] XAUUSD: SKIP - Score 46.9 < 65
[2026-06-15 07:46:45] [INFO] [main] --- GBPUSD ---
[2026-06-15 07:46:49] [INFO] [deepseek] AI analysis GBPUSD: bias=bullish score=75.0 conf=0.80
[2026-06-15 07:46:49] [DEBUG] [signal_engine] Signal: BUY score=75.0 conf=0.80 valid=True
[2026-06-15 07:46:49] [INFO] [sentiment] Sentiment GBPUSD: bearish score=88 bull=1 bear=3
[2026-06-15 07:46:49] [INFO] [mtf] MTF GBPUSD: H4=bullish H1=bearish M15=bearish aligned=True (weak)
[2026-06-15 07:46:49] [INFO] [main] GBPUSD: SKIP - Score 44.2 < 65
[2026-06-15 07:46:49] [INFO] [main] --- USDJPY ---
[2026-06-15 07:46:53] [INFO] [deepseek] AI analysis USDJPY: bias=bullish score=75.0 conf=0.80
[2026-06-15 07:46:53] [DEBUG] [signal_engine] Signal: BUY score=75.0 conf=0.80 valid=True
[2026-06-15 07:46:53] [INFO] [mtf] MTF USDJPY: H4=bullish H1=bullish M15=bullish aligned=True (strong)
[2026-06-15 07:46:54] [INFO] [sltp] SL/TP USDJPY: entry=0 atr=0.43828 sl=-0.65743 tp=1.09571
[2026-06-15 07:46:54] [INFO] [position_sizing] Position size: 10.0 (equity=100000, risk=0.005, sl_dist=0.65743, cons_loss=0)
[2026-06-15 07:46:54] [DEBUG] [qd_client] Opening trade payload: USDJPY BUY filling=FOK
[2026-06-15 07:46:54] [DEBUG] [qd_client] Filling FOK not supported, trying next...
[2026-06-15 07:46:54] [DEBUG] [qd_client] Opening trade payload: USDJPY BUY filling=IOC
[2026-06-15 07:46:54] [DEBUG] [qd_client] Filling IOC not supported, trying next...
[2026-06-15 07:46:54] [DEBUG] [qd_client] Opening trade payload: USDJPY BUY filling=RETURN
[2026-06-15 07:46:54] [DEBUG] [qd_client] Filling RETURN not supported, trying next...
[2026-06-15 07:46:54] [ERROR] [main] Failed to open trade: USDJPY BUY
[2026-06-15 07:46:54] [WARNING] [mt5_watchdog] MT5 disconnected! Attempt 1/3
[2026-06-15 07:46:55] [INFO] [qd_client] Logged in to QuantDinger
[2026-06-15 07:46:55] [INFO] [main] Sleeping 1800s...
[2026-06-15 07:46:56] [INFO] [qd_client] Logged in to QuantDinger
[2026-06-15 07:46:56] [INFO] [mt5_watchdog] MT5 already connected
[2026-06-15 07:46:56] [INFO] [mt5_watchdog] MT5 reconnected successfully!
[2026-06-15 07:47:05] [INFO] [qd_client] Logged in to QuantDinger
[2026-06-15 07:47:28] [INFO] [qd_client] Logged in to QuantDinger
[2026-06-15 07:47:55] [INFO] [qd_client] Logged in to QuantDinger
[2026-06-15 07:48:00] [INFO] [news_fetcher] Fetched 13 relevant news items
[2026-06-15 07:48:01] [INFO] [news_fetcher] Fetched 13 relevant news items
[2026-06-15 07:48:03] [INFO] [deepseek] AI analysis EURUSD: bias=bullish score=75.0 conf=0.80
[2026-06-15 07:48:05] [INFO] [deepseek] AI analysis EURUSD: bias=bullish score=75.0 conf=0.80
[2026-06-15 07:48:06] [INFO] [qd_client] Logged in to QuantDinger
[2026-06-15 07:48:06] [INFO] [deepseek] AI analysis XAUUSD: bias=bullish score=75.0 conf=0.80
[2026-06-15 07:48:09] [INFO] [deepseek] AI analysis XAUUSD: bias=bullish score=75.0 conf=0.80
[2026-06-15 07:48:09] [INFO] [deepseek] AI analysis GBPUSD: bias=bullish score=75.0 conf=0.80
[2026-06-15 07:48:13] [INFO] [deepseek] AI analysis GBPUSD: bias=bullish score=75.0 conf=0.80
[2026-06-15 07:48:17] [INFO] [deepseek] AI analysis USDJPY: bias=bullish score=75.0 conf=0.80
[2026-06-15 07:48:28] [INFO] [qd_client] Logged in to QuantDinger
[2026-06-15 07:48:56] [INFO] [qd_client] Logged in to QuantDinger
[2026-06-15 07:49:06] [INFO] [qd_client] Logged in to QuantDinger
[2026-06-15 07:49:29] [INFO] [qd_client] Logged in to QuantDinger
[2026-06-15 07:49:57] [INFO] [qd_client] Logged in to QuantDinger
[2026-06-15 07:50:07] [INFO] [qd_client] Logged in to QuantDinger
[2026-06-15 07:50:29] [INFO] [qd_client] Logged in to QuantDinger
[2026-06-15 07:50:56] [WARNING] [mt5_watchdog] MT5 disconnected! Attempt 1/3
[2026-06-15 07:50:57] [INFO] [qd_client] Logged in to QuantDinger
[2026-06-15 07:50:58] [INFO] [qd_client] Logged in to QuantDinger
[2026-06-15 07:50:58] [INFO] [mt5_watchdog] MT5 already connected
[2026-06-15 07:50:58] [INFO] [mt5_watchdog] MT5 reconnected successfully!
[2026-06-15 07:51:07] [WARNING] [mt5_watchdog] MT5 disconnected! Attempt 1/3
[2026-06-15 07:51:08] [INFO] [qd_client] Logged in to QuantDinger
[2026-06-15 07:51:09] [INFO] [qd_client] Logged in to QuantDinger
[2026-06-15 07:51:09] [INFO] [mt5_watchdog] MT5 already connected
[2026-06-15 07:51:09] [INFO] [mt5_watchdog] MT5 reconnected successfully!
[2026-06-15 07:51:29] [WARNING] [mt5_watchdog] MT5 disconnected! Attempt 1/3
[2026-06-15 07:51:30] [INFO] [qd_client] Logged in to QuantDinger
[2026-06-15 07:51:31] [INFO] [qd_client] Logged in to QuantDinger
[2026-06-15 07:51:31] [INFO] [mt5_watchdog] MT5 already connected
[2026-06-15 07:51:31] [INFO] [mt5_watchdog] MT5 reconnected successfully!
[2026-06-15 07:51:58] [INFO] [qd_client] Logged in to QuantDinger
[2026-06-15 07:52:08] [INFO] [qd_client] Logged in to QuantDinger
[2026-06-15 07:52:30] [INFO] [qd_client] Logged in to QuantDinger
[2026-06-15 07:52:58] [INFO] [qd_client] Logged in to QuantDinger
[2026-06-15 07:53:09] [INFO] [qd_client] Logged in to QuantDinger
[2026-06-15 07:53:31] [INFO] [qd_client] Logged in to QuantDinger
[2026-06-15 07:53:59] [INFO] [qd_client] Logged in to QuantDinger
[2026-06-15 07:54:09] [INFO] [qd_client] Logged in to QuantDinger
[2026-06-15 07:54:16] [INFO] [main] Trading Bot V3 starting...
[2026-06-15 07:54:16] [INFO] [database] V3 Database initialized with all tables
[2026-06-15 07:54:16] [INFO] [qd_client] Logged in to QuantDinger
[2026-06-15 07:54:16] [INFO] [qd_client] MT5 connected
[2026-06-15 07:54:16] [INFO] [main] MT5 connected
[2026-06-15 07:54:16] [INFO] [telegram_bot] Telegram polling started
[2026-06-15 07:54:16] [INFO] [telegram_bot] Telegram bot V3 started
[2026-06-15 07:54:16] [INFO] [mt5_watchdog] MT5 watchdog started (V1 reconnect logic)
[2026-06-15 07:54:16] [INFO] [reconciliation] Reconciliation loop started (every 60s)
[2026-06-15 07:54:16] [INFO] [reconciliation] Reconciliation thread started
[2026-06-15 07:54:17] [INFO] [main] ==================================================
[2026-06-15 07:54:17] [INFO] [main] Cycle 1 at 07:54:17
[2026-06-15 07:54:21] [INFO] [news_fetcher] Fetched 14 relevant news items
[2026-06-15 07:54:21] [INFO] [main] Equity: 100000.00$ | News: 14
[2026-06-15 07:54:21] [INFO] [main] --- EURUSD ---
[2026-06-15 07:54:24] [INFO] [deepseek] AI analysis EURUSD: bias=bullish score=75.0 conf=0.80
[2026-06-15 07:54:24] [DEBUG] [signal_engine] Signal: BUY score=75.0 conf=0.80 valid=True
[2026-06-15 07:54:24] [INFO] [sentiment] Sentiment EURUSD: bearish score=88 bull=1 bear=3
[2026-06-15 07:54:25] [INFO] [mtf] MTF EURUSD: H4=bullish H1=neutral M15=neutral aligned=False (weak)
[2026-06-15 07:54:25] [INFO] [voting_engine] EURUSD: MTF not aligned, reducing score
[2026-06-15 07:54:25] [INFO] [main] EURUSD: SKIP - Score 28.6 < 65
[2026-06-15 07:54:25] [INFO] [main] --- XAUUSD ---
[2026-06-15 07:54:28] [INFO] [deepseek] AI analysis XAUUSD: bias=bullish score=75.0 conf=0.80
[2026-06-15 07:54:28] [DEBUG] [signal_engine] Signal: BUY score=75.0 conf=0.80 valid=True
[2026-06-15 07:54:28] [INFO] [sentiment] Sentiment XAUUSD: bullish score=83 bull=2 bear=1
[2026-06-15 07:54:28] [INFO] [mtf] MTF XAUUSD: H4=bearish H1=bearish M15=bearish aligned=True (strong)
[2026-06-15 07:54:28] [INFO] [main] XAUUSD: SKIP - Score 46.9 < 65
[2026-06-15 07:54:28] [INFO] [main] --- GBPUSD ---
[2026-06-15 07:54:31] [INFO] [deepseek] AI analysis GBPUSD: bias=bullish score=75.0 conf=0.80
[2026-06-15 07:54:31] [DEBUG] [signal_engine] Signal: BUY score=75.0 conf=0.80 valid=True
[2026-06-15 07:54:31] [INFO] [sentiment] Sentiment GBPUSD: bullish score=83 bull=2 bear=1
[2026-06-15 07:54:31] [INFO] [mtf] MTF GBPUSD: H4=bullish H1=bearish M15=bearish aligned=True (weak)
[2026-06-15 07:54:31] [INFO] [main] GBPUSD: SKIP - Score 43.9 < 65
[2026-06-15 07:54:31] [INFO] [main] Sleeping 1800s...
[2026-06-15 07:54:32] [INFO] [qd_client] Logged in to QuantDinger
[2026-06-15 07:54:58] [WARNING] [mt5_watchdog] MT5 disconnected! Attempt 1/3
[2026-06-15 07:54:59] [INFO] [qd_client] Logged in to QuantDinger
[2026-06-15 07:55:00] [INFO] [qd_client] Logged in to QuantDinger
[2026-06-15 07:55:00] [INFO] [mt5_watchdog] MT5 already connected
[2026-06-15 07:55:00] [INFO] [mt5_watchdog] MT5 reconnected successfully!
[2026-06-15 07:55:10] [INFO] [qd_client] Logged in to QuantDinger
[2026-06-15 07:55:16] [WARNING] [mt5_watchdog] MT5 disconnected! Attempt 1/3
[2026-06-15 07:55:17] [INFO] [qd_client] Logged in to QuantDinger
[2026-06-15 07:55:18] [INFO] [qd_client] Logged in to QuantDinger
[2026-06-15 07:55:18] [INFO] [mt5_watchdog] MT5 already connected
[2026-06-15 07:55:18] [INFO] [mt5_watchdog] MT5 reconnected successfully!
[2026-06-15 07:55:32] [INFO] [qd_client] Logged in to QuantDinger
[2026-06-15 07:56:00] [INFO] [qd_client] Logged in to QuantDinger
[2026-06-15 07:56:10] [INFO] [qd_client] Logged in to QuantDinger
[2026-06-15 07:56:17] [INFO] [qd_client] Logged in to QuantDinger
[2026-06-15 07:56:17] [INFO] [qd_client] Logged in to QuantDinger
[2026-06-15 07:56:18] [INFO] [qd_client] Logged in to QuantDinger
[2026-06-15 07:56:18] [INFO] [qd_client] Logged in to QuantDinger
[2026-06-15 07:56:18] [INFO] [qd_client] Logged in to QuantDinger
[2026-06-15 08:02:48] [INFO] [main] Trading Bot V3 starting...
[2026-06-15 08:02:48] [INFO] [database] V3 Database initialized with all tables
[2026-06-15 08:02:48] [ERROR] [qd_client] Login attempt 1 failed: Expecting value: line 1 column 1 (char 0)
[2026-06-15 08:02:53] [ERROR] [qd_client] Login attempt 2 failed: Expecting value: line 1 column 1 (char 0)
[2026-06-15 08:02:59] [INFO] [qd_client] Logged in to QuantDinger
[2026-06-15 08:02:59] [INFO] [qd_client] MT5 connected
[2026-06-15 08:02:59] [INFO] [main] MT5 connected
[2026-06-15 08:02:59] [INFO] [telegram_bot] Telegram polling started
[2026-06-15 08:02:59] [INFO] [telegram_bot] Telegram bot V3 started
[2026-06-15 08:02:59] [INFO] [mt5_watchdog] MT5 watchdog started (V1 reconnect logic)
[2026-06-15 08:02:59] [INFO] [reconciliation] Reconciliation loop started (every 60s)
[2026-06-15 08:02:59] [INFO] [reconciliation] Reconciliation thread started
[2026-06-15 08:03:00] [INFO] [main] ==================================================
[2026-06-15 08:03:00] [INFO] [main] Cycle 1 at 08:03:00
[2026-06-15 08:03:04] [INFO] [news_fetcher] Fetched 14 relevant news items
[2026-06-15 08:03:04] [INFO] [main] Equity: 100000.00$ | News: 14
[2026-06-15 08:03:04] [INFO] [main] --- EURUSD ---
[2026-06-15 08:03:06] [INFO] [deepseek] AI analysis EURUSD: bias=bullish score=75.0 conf=0.80
[2026-06-15 08:03:06] [DEBUG] [signal_engine] Signal: BUY score=75.0 conf=0.80 valid=True
[2026-06-15 08:03:06] [INFO] [sentiment] Sentiment EURUSD: bearish score=88 bull=1 bear=3
[2026-06-15 08:03:07] [INFO] [mtf] MTF EURUSD: H4=bullish H1=neutral M15=neutral aligned=False (weak)
[2026-06-15 08:03:07] [INFO] [voting_engine] EURUSD: MTF not aligned, reducing score
[2026-06-15 08:03:07] [INFO] [main] EURUSD: SKIP - Score 28.6 < 65
[2026-06-15 08:03:07] [INFO] [main] --- XAUUSD ---
[2026-06-15 08:03:09] [INFO] [deepseek] AI analysis XAUUSD: bias=bullish score=75.0 conf=0.80
[2026-06-15 08:03:09] [DEBUG] [signal_engine] Signal: BUY score=75.0 conf=0.80 valid=True
[2026-06-15 08:03:09] [INFO] [sentiment] Sentiment XAUUSD: bullish score=83 bull=2 bear=1
[2026-06-15 08:03:10] [INFO] [mtf] MTF XAUUSD: H4=bearish H1=bearish M15=bearish aligned=True (strong)
[2026-06-15 08:03:10] [INFO] [main] XAUUSD: SKIP - Score 46.9 < 65
[2026-06-15 08:03:10] [INFO] [main] --- GBPUSD ---
[2026-06-15 08:03:13] [INFO] [deepseek] AI analysis GBPUSD: bias=bullish score=75.0 conf=0.80
[2026-06-15 08:03:13] [DEBUG] [signal_engine] Signal: BUY score=75.0 conf=0.80 valid=True
[2026-06-15 08:03:13] [INFO] [sentiment] Sentiment GBPUSD: bullish score=83 bull=2 bear=1
[2026-06-15 08:03:13] [INFO] [mtf] MTF GBPUSD: H4=bullish H1=bearish M15=bearish aligned=True (weak)
[2026-06-15 08:03:13] [INFO] [main] GBPUSD: SKIP - Score 43.9 < 65
[2026-06-15 08:03:13] [INFO] [main] Sleeping 1800s...
[2026-06-15 08:33:13] [INFO] [main] ==================================================
[2026-06-15 08:33:13] [INFO] [main] Cycle 2 at 08:33:13
[2026-06-15 08:33:17] [INFO] [news_fetcher] Fetched 14 relevant news items
[2026-06-15 08:33:17] [INFO] [main] Equity: 100000.00$ | News: 14
[2026-06-15 08:33:17] [INFO] [main] --- EURUSD ---
[2026-06-15 08:33:20] [INFO] [deepseek] AI analysis EURUSD: bias=bullish score=75.0 conf=0.80
[2026-06-15 08:33:20] [DEBUG] [signal_engine] Signal: BUY score=75.0 conf=0.80 valid=True
[2026-06-15 08:33:20] [INFO] [sentiment] Sentiment EURUSD: neutral score=50 bull=3 bear=3
[2026-06-15 08:33:20] [INFO] [mtf] MTF EURUSD: H4=bullish H1=neutral M15=neutral aligned=False (weak)
[2026-06-15 08:33:21] [INFO] [voting_engine] EURUSD: MTF not aligned, reducing score
[2026-06-15 08:33:21] [INFO] [main] EURUSD: SKIP - Score 26.4 < 65
[2026-06-15 08:33:21] [INFO] [main] --- XAUUSD ---
[2026-06-15 08:33:23] [INFO] [deepseek] AI analysis XAUUSD: bias=bullish score=75.0 conf=0.80
[2026-06-15 08:33:23] [DEBUG] [signal_engine] Signal: BUY score=75.0 conf=0.80 valid=True
[2026-06-15 08:33:23] [INFO] [sentiment] Sentiment XAUUSD: bullish score=90 bull=4 bear=1
[2026-06-15 08:33:24] [INFO] [mtf] MTF XAUUSD: H4=bearish H1=bearish M15=bearish aligned=True (strong)
[2026-06-15 08:33:24] [INFO] [main] XAUUSD: SKIP - Score 47.3 < 65
[2026-06-15 08:33:24] [INFO] [main] --- GBPUSD ---
[2026-06-15 08:33:26] [INFO] [deepseek] AI analysis GBPUSD: bias=bullish score=75.0 conf=0.80
[2026-06-15 08:33:26] [DEBUG] [signal_engine] Signal: BUY score=75.0 conf=0.80 valid=True
[2026-06-15 08:33:27] [INFO] [mtf] MTF GBPUSD: H4=bullish H1=bearish M15=bearish aligned=True (weak)
[2026-06-15 08:33:27] [INFO] [main] GBPUSD: SKIP - Score 41.0 < 65
[2026-06-15 08:33:27] [INFO] [main] Sleeping 1800s...
[2026-06-15 08:45:30] [INFO] [news_fetcher] Fetched 14 relevant news items
[2026-06-15 09:03:01] [INFO] [qd_client] Logged in to QuantDinger
[2026-06-15 09:03:01] [INFO] [qd_client] Logged in to QuantDinger
[2026-06-15 09:03:27] [INFO] [main] ==================================================
[2026-06-15 09:03:27] [INFO] [main] Cycle 3 at 09:03:27
[2026-06-15 09:03:31] [INFO] [news_fetcher] Fetched 12 relevant news items
[2026-06-15 09:03:31] [INFO] [main] Equity: 100000.00$ | News: 12
[2026-06-15 09:03:31] [INFO] [main] --- EURUSD ---
[2026-06-15 09:03:34] [INFO] [deepseek] AI analysis EURUSD: bias=bullish score=75.0 conf=0.80
[2026-06-15 09:03:34] [DEBUG] [signal_engine] Signal: BUY score=75.0 conf=0.80 valid=True
[2026-06-15 09:03:34] [INFO] [sentiment] Sentiment EURUSD: neutral score=50 bull=2 bear=2
[2026-06-15 09:03:35] [INFO] [mtf] MTF EURUSD: H4=bullish H1=neutral M15=neutral aligned=False (weak)
[2026-06-15 09:03:35] [INFO] [voting_engine] EURUSD: MTF not aligned, reducing score
[2026-06-15 09:03:35] [INFO] [main] EURUSD: SKIP - Score 26.4 < 65
[2026-06-15 09:03:35] [INFO] [main] --- XAUUSD ---
[2026-06-15 09:03:38] [INFO] [deepseek] AI analysis XAUUSD: bias=bullish score=75.0 conf=0.80
[2026-06-15 09:03:38] [DEBUG] [signal_engine] Signal: BUY score=75.0 conf=0.80 valid=True
[2026-06-15 09:03:38] [INFO] [sentiment] Sentiment XAUUSD: bullish score=90 bull=4 bear=1
[2026-06-15 09:03:38] [INFO] [mtf] MTF XAUUSD: H4=bearish H1=bearish M15=bearish aligned=True (strong)
[2026-06-15 09:03:38] [INFO] [main] XAUUSD: SKIP - Score 47.3 < 65
[2026-06-15 09:03:38] [INFO] [main] --- GBPUSD ---
[2026-06-15 09:03:42] [INFO] [deepseek] AI analysis GBPUSD: bias=bullish score=75.0 conf=0.80
[2026-06-15 09:03:42] [DEBUG] [signal_engine] Signal: BUY score=75.0 conf=0.80 valid=True
[2026-06-15 09:03:42] [INFO] [mtf] MTF GBPUSD: H4=bullish H1=bearish M15=bearish aligned=True (weak)
[2026-06-15 09:03:42] [INFO] [main] GBPUSD: SKIP - Score 41.0 < 65
[2026-06-15 09:03:42] [INFO] [main] Sleeping 1800s...
[2026-06-15 09:33:42] [INFO] [main] ==================================================
[2026-06-15 09:33:42] [INFO] [main] Cycle 4 at 09:33:42
[2026-06-15 09:33:47] [INFO] [news_fetcher] Fetched 12 relevant news items
[2026-06-15 09:33:47] [INFO] [main] Equity: 100000.00$ | News: 12
[2026-06-15 09:33:47] [INFO] [main] --- EURUSD ---
[2026-06-15 09:33:49] [INFO] [deepseek] AI analysis EURUSD: bias=bullish score=75.0 conf=0.80
[2026-06-15 09:33:49] [DEBUG] [signal_engine] Signal: BUY score=75.0 conf=0.80 valid=True
[2026-06-15 09:33:49] [INFO] [sentiment] Sentiment EURUSD: neutral score=50 bull=2 bear=2
[2026-06-15 09:33:50] [INFO] [mtf] MTF EURUSD: H4=bearish H1=bearish M15=bearish aligned=True (strong)
[2026-06-15 09:33:50] [INFO] [main] EURUSD: SKIP - Score 44.0 < 65
[2026-06-15 09:33:50] [INFO] [main] --- XAUUSD ---
[2026-06-15 09:33:52] [INFO] [deepseek] AI analysis XAUUSD: bias=bullish score=75.0 conf=0.80
[2026-06-15 09:33:52] [DEBUG] [signal_engine] Signal: BUY score=75.0 conf=0.80 valid=True
[2026-06-15 09:33:52] [INFO] [sentiment] Sentiment XAUUSD: bullish score=100 bull=4 bear=0
[2026-06-15 09:33:53] [INFO] [mtf] MTF XAUUSD: H4=bearish H1=bearish M15=bearish aligned=True (strong)
[2026-06-15 09:33:53] [INFO] [main] XAUUSD: SKIP - Score 48.0 < 65
[2026-06-15 09:33:53] [INFO] [main] --- GBPUSD ---
[2026-06-15 09:33:55] [INFO] [deepseek] AI analysis GBPUSD: bias=bullish score=75.0 conf=0.80
[2026-06-15 09:33:55] [DEBUG] [signal_engine] Signal: BUY score=75.0 conf=0.80 valid=True
[2026-06-15 09:33:56] [INFO] [mtf] MTF GBPUSD: H4=bullish H1=bearish M15=bearish aligned=True (weak)
[2026-06-15 09:33:56] [INFO] [main] GBPUSD: SKIP - Score 41.0 < 65
[2026-06-15 09:33:56] [INFO] [main] Sleeping 1800s...
[2026-06-15 09:39:20] [INFO] [news_fetcher] Fetched 13 relevant news items
[2026-06-15 09:39:23] [INFO] [deepseek] AI analysis EURUSD: bias=bullish score=75.0 conf=0.80
[2026-06-15 09:39:26] [INFO] [deepseek] AI analysis XAUUSD: bias=bullish score=75.0 conf=0.80
[2026-06-15 09:39:29] [INFO] [deepseek] AI analysis GBPUSD: bias=bullish score=75.0 conf=0.80
[2026-06-15 10:03:04] [INFO] [qd_client] Logged in to QuantDinger
[2026-06-15 10:03:56] [INFO] [main] ==================================================
[2026-06-15 10:03:56] [INFO] [main] Cycle 5 at 10:03:56
[2026-06-15 10:04:00] [INFO] [news_fetcher] Fetched 13 relevant news items
[2026-06-15 10:04:00] [INFO] [main] Equity: 100000.00$ | News: 13
[2026-06-15 10:04:00] [INFO] [main] --- EURUSD ---
[2026-06-15 10:04:03] [INFO] [deepseek] AI analysis EURUSD: bias=bullish score=75.0 conf=0.80
[2026-06-15 10:04:03] [DEBUG] [signal_engine] Signal: BUY score=75.0 conf=0.80 valid=True
[2026-06-15 10:04:03] [INFO] [sentiment] Sentiment EURUSD: bullish score=100 bull=1 bear=0
[2026-06-15 10:04:03] [INFO] [mtf] MTF EURUSD: H4=bearish H1=bearish M15=bearish aligned=True (strong)
[2026-06-15 10:04:03] [INFO] [main] EURUSD: SKIP - Score 48.0 < 65
[2026-06-15 10:04:03] [INFO] [main] --- XAUUSD ---
[2026-06-15 10:04:07] [INFO] [deepseek] AI analysis XAUUSD: bias=bullish score=75.0 conf=0.80
[2026-06-15 10:04:07] [DEBUG] [signal_engine] Signal: BUY score=75.0 conf=0.80 valid=True
[2026-06-15 10:04:07] [INFO] [mtf] MTF XAUUSD: H4=bearish H1=bearish M15=bearish aligned=True (strong)
[2026-06-15 10:04:07] [INFO] [main] XAUUSD: SKIP - Score 44.0 < 65
[2026-06-15 10:04:07] [INFO] [main] --- GBPUSD ---
[2026-06-15 10:04:11] [INFO] [deepseek] AI analysis GBPUSD: bias=bullish score=75.0 conf=0.80
[2026-06-15 10:04:11] [DEBUG] [signal_engine] Signal: BUY score=75.0 conf=0.80 valid=True
[2026-06-15 10:04:11] [INFO] [sentiment] Sentiment GBPUSD: bullish score=100 bull=1 bear=0
[2026-06-15 10:04:11] [INFO] [mtf] MTF GBPUSD: H4=bullish H1=bearish M15=bearish aligned=True (weak)
[2026-06-15 10:04:11] [INFO] [main] GBPUSD: SKIP - Score 45.0 < 65
[2026-06-15 10:04:11] [INFO] [main] Sleeping 1800s...
[2026-06-15 10:13:22] [INFO] [main] Trading Bot V3 starting...
[2026-06-15 10:13:22] [INFO] [database] V3 Database initialized with all tables
[2026-06-15 10:13:22] [INFO] [qd_client] Logged in to QuantDinger
[2026-06-15 10:13:22] [INFO] [qd_client] MT5 connected
[2026-06-15 10:13:22] [INFO] [main] MT5 connected
[2026-06-15 10:13:22] [INFO] [telegram_bot] Telegram polling started
[2026-06-15 10:13:22] [INFO] [telegram_bot] Telegram bot V3 started
[2026-06-15 10:13:22] [INFO] [mt5_watchdog] MT5 watchdog started (V1 reconnect logic)
[2026-06-15 10:13:22] [INFO] [reconciliation] Reconciliation loop started (every 60s)
[2026-06-15 10:13:22] [INFO] [reconciliation] Reconciliation thread started
[2026-06-15 10:13:23] [INFO] [main] ==================================================
[2026-06-15 10:13:23] [INFO] [main] Cycle 1 at 10:13:23
[2026-06-15 10:13:28] [INFO] [news_fetcher] Fetched 13 relevant news items
[2026-06-15 10:13:28] [INFO] [main] Equity: 100000.00$ | News: 13
[2026-06-15 10:13:28] [INFO] [main] --- EURUSD ---
[2026-06-15 10:13:32] [INFO] [deepseek] AI analysis EURUSD: bias=bullish score=75.0 conf=0.70
[2026-06-15 10:13:32] [DEBUG] [signal_engine] Signal: BUY score=75.0 conf=0.70 valid=True
[2026-06-15 10:13:32] [INFO] [sentiment] Sentiment EURUSD: bullish score=100 bull=1 bear=0
[2026-06-15 10:13:32] [INFO] [mtf] MTF EURUSD: H4=bullish H1=bearish M15=bearish aligned=True (weak)
[2026-06-15 10:13:33] [INFO] [main] EURUSD: SKIP - Score 43.5 < 65
[2026-06-15 10:13:33] [INFO] [main] --- XAUUSD ---
[2026-06-15 10:13:37] [INFO] [deepseek] AI analysis XAUUSD: bias=bearish score=85.0 conf=0.85
[2026-06-15 10:13:37] [DEBUG] [signal_engine] Signal: SELL score=85.0 conf=0.85 valid=True
[2026-06-15 10:13:37] [INFO] [mtf] MTF XAUUSD: H4=bearish H1=bearish M15=bearish aligned=True (strong)
[2026-06-15 10:13:37] [INFO] [sltp] SL/TP XAUUSD: entry=0 atr=110.55697 sl=10.0 tp=-276.39243
[2026-06-15 10:13:37] [INFO] [position_sizing] Position size: 10.0 (equity=100000, risk=0.005, sl_dist=10.00000, cons_loss=0)
[2026-06-15 10:13:37] [DEBUG] [qd_client] Opening trade payload: XAUUSD SELL volume=10.0
[2026-06-15 10:13:37] [INFO] [qd_client] Trade opened: XAUUSD SELL size=10.0
[2026-06-15 10:13:37] [INFO] [sltp] SL/TP XAUUSD: entry=4312.6 atr=110.55697 sl=4322.6 tp=4036.20757
[2026-06-15 10:13:37] [INFO] [main] Trade opened: XAUUSD SELL size=10.0 id=1
[2026-06-15 10:13:38] [INFO] [main] --- GBPUSD ---
[2026-06-15 10:13:42] [INFO] [deepseek] AI analysis GBPUSD: bias=bullish score=65.0 conf=0.70
[2026-06-15 10:13:42] [DEBUG] [signal_engine] Signal: BUY score=65.0 conf=0.70 valid=True
[2026-06-15 10:13:42] [INFO] [sentiment] Sentiment GBPUSD: bullish score=100 bull=1 bear=0
[2026-06-15 10:13:42] [INFO] [mtf] MTF GBPUSD: H4=bullish H1=bearish M15=bearish aligned=True (weak)
[2026-06-15 10:13:42] [INFO] [main] GBPUSD: SKIP - Score 42.1 < 65
[2026-06-15 10:13:42] [INFO] [main] Sleeping 1800s...
[2026-06-15 10:14:01] [WARNING] [mt5_watchdog] MT5 disconnected! Attempt 1/3
[2026-06-15 10:14:02] [INFO] [qd_client] Logged in to QuantDinger
[2026-06-15 10:14:02] [INFO] [mt5_watchdog] MT5 already connected
[2026-06-15 10:14:02] [INFO] [mt5_watchdog] MT5 reconnected successfully!
[2026-06-15 10:14:22] [WARNING] [mt5_watchdog] MT5 disconnected! Attempt 1/3
[2026-06-15 10:14:23] [INFO] [qd_client] Logged in to QuantDinger
[2026-06-15 10:14:24] [INFO] [qd_client] Logged in to QuantDinger
[2026-06-15 10:14:24] [INFO] [mt5_watchdog] MT5 already connected
[2026-06-15 10:14:24] [INFO] [mt5_watchdog] MT5 reconnected successfully!
[2026-06-15 10:15:04] [INFO] [qd_client] Logged in to QuantDinger
[2026-06-15 10:15:23] [INFO] [qd_client] Logged in to QuantDinger
[2026-06-15 10:15:26] [INFO] [qd_client] Logged in to QuantDinger
[2026-06-15 10:16:24] [INFO] [qd_client] Logged in to QuantDinger
[2026-06-15 10:17:05] [INFO] [qd_client] Logged in to QuantDinger
[2026-06-15 10:17:24] [INFO] [qd_client] Logged in to QuantDinger
[2026-06-15 10:18:03] [WARNING] [mt5_watchdog] MT5 disconnected! Attempt 1/3
[2026-06-15 10:18:04] [INFO] [qd_client] Logged in to QuantDinger
[2026-06-15 10:18:04] [INFO] [mt5_watchdog] MT5 already connected
[2026-06-15 10:18:04] [INFO] [mt5_watchdog] MT5 reconnected successfully!
[2026-06-15 10:18:24] [WARNING] [mt5_watchdog] MT5 disconnected! Attempt 1/3
[2026-06-15 10:18:24] [INFO] [qd_client] Logged in to QuantDinger
[2026-06-15 10:18:25] [INFO] [qd_client] Logged in to QuantDinger
[2026-06-15 10:18:26] [INFO] [mt5_watchdog] MT5 already connected
[2026-06-15 10:18:26] [INFO] [mt5_watchdog] MT5 reconnected successfully!
[2026-06-15 10:19:05] [INFO] [qd_client] Logged in to QuantDinger
[2026-06-15 10:19:25] [INFO] [qd_client] Logged in to QuantDinger
[2026-06-15 10:20:05] [WARNING] [mt5_watchdog] MT5 disconnected! Attempt 1/3
[2026-06-15 10:20:06] [INFO] [qd_client] Logged in to QuantDinger
[2026-06-15 10:20:06] [INFO] [qd_client] Logged in to QuantDinger
[2026-06-15 10:20:06] [INFO] [mt5_watchdog] MT5 already connected
[2026-06-15 10:20:06] [INFO] [mt5_watchdog] MT5 reconnected successfully!
[2026-06-15 10:20:25] [INFO] [qd_client] Logged in to QuantDinger
[2026-06-15 10:21:06] [INFO] [qd_client] Logged in to QuantDinger
[2026-06-15 10:21:26] [INFO] [qd_client] Logged in to QuantDinger
[2026-06-15 10:22:06] [INFO] [qd_client] Logged in to QuantDinger
[2026-06-15 10:22:26] [INFO] [qd_client] Logged in to QuantDinger
[2026-06-15 10:23:07] [INFO] [qd_client] Logged in to QuantDinger
[2026-06-15 10:23:26] [INFO] [qd_client] Logged in to QuantDinger
[2026-06-15 10:24:07] [WARNING] [mt5_watchdog] MT5 disconnected! Attempt 1/3
[2026-06-15 10:24:07] [INFO] [qd_client] Logged in to QuantDinger
[2026-06-15 10:24:08] [INFO] [qd_client] Logged in to QuantDinger
[2026-06-15 10:24:08] [INFO] [mt5_watchdog] MT5 already connected
[2026-06-15 10:24:08] [INFO] [mt5_watchdog] MT5 reconnected successfully!
[2026-06-15 10:24:26] [WARNING] [mt5_watchdog] MT5 disconnected! Attempt 1/3
[2026-06-15 10:24:27] [INFO] [qd_client] Logged in to QuantDinger
[2026-06-15 10:24:28] [INFO] [qd_client] Logged in to QuantDinger
[2026-06-15 10:24:28] [INFO] [mt5_watchdog] MT5 already connected
[2026-06-15 10:24:28] [INFO] [mt5_watchdog] MT5 reconnected successfully!
[2026-06-15 10:25:08] [INFO] [qd_client] Logged in to QuantDinger
[2026-06-15 10:25:27] [INFO] [qd_client] Logged in to QuantDinger
[2026-06-15 10:26:08] [INFO] [qd_client] Logged in to QuantDinger
[2026-06-15 10:26:28] [INFO] [qd_client] Logged in to QuantDinger
[2026-06-15 10:27:09] [INFO] [qd_client] Logged in to QuantDinger
[2026-06-15 10:27:28] [INFO] [qd_client] Logged in to QuantDinger
[2026-06-15 10:27:32] [INFO] [qd_client] Logged in to QuantDinger
[2026-06-15 10:28:03] [INFO] [qd_client] Logged in to QuantDinger
[2026-06-15 10:28:08] [WARNING] [mt5_watchdog] MT5 disconnected! Attempt 1/3
[2026-06-15 10:28:09] [INFO] [qd_client] Logged in to QuantDinger
[2026-06-15 10:28:10] [INFO] [qd_client] Logged in to QuantDinger
[2026-06-15 10:28:10] [INFO] [mt5_watchdog] MT5 already connected
[2026-06-15 10:28:10] [INFO] [mt5_watchdog] MT5 reconnected successfully!
[2026-06-15 10:28:23] [INFO] [qd_client] Logged in to QuantDinger
[2026-06-15 10:28:33] [INFO] [qd_client] Logged in to QuantDinger
[2026-06-15 10:29:29] [INFO] [qd_client] Logged in to QuantDinger
[2026-06-15 10:30:09] [INFO] [qd_client] Logged in to QuantDinger
[2026-06-15 10:30:29] [WARNING] [mt5_watchdog] MT5 disconnected! Attempt 1/3
[2026-06-15 10:30:29] [INFO] [qd_client] Logged in to QuantDinger
[2026-06-15 10:30:30] [INFO] [qd_client] Logged in to QuantDinger
[2026-06-15 10:30:30] [INFO] [mt5_watchdog] MT5 already connected
[2026-06-15 10:30:30] [INFO] [mt5_watchdog] MT5 reconnected successfully!
[2026-06-15 10:31:10] [INFO] [qd_client] Logged in to QuantDinger
[2026-06-15 10:31:30] [INFO] [qd_client] Logged in to QuantDinger
[2026-06-15 10:32:10] [INFO] [qd_client] Logged in to QuantDinger
[2026-06-15 10:32:30] [INFO] [qd_client] Logged in to QuantDinger
[2026-06-15 10:33:06] [INFO] [qd_client] Logged in to QuantDinger
[2026-06-15 10:33:30] [INFO] [qd_client] Logged in to QuantDinger
[2026-06-15 10:34:10] [WARNING] [mt5_watchdog] MT5 disconnected! Attempt 1/3
[2026-06-15 10:34:11] [INFO] [qd_client] Logged in to QuantDinger
[2026-06-15 10:34:11] [INFO] [main] ==================================================
[2026-06-15 10:34:11] [INFO] [main] Cycle 6 at 10:34:11
[2026-06-15 10:34:11] [INFO] [qd_client] Logged in to QuantDinger
[2026-06-15 10:34:11] [INFO] [mt5_watchdog] MT5 already connected
[2026-06-15 10:34:11] [INFO] [mt5_watchdog] MT5 reconnected successfully!
[2026-06-15 10:34:15] [INFO] [news_fetcher] Fetched 13 relevant news items
[2026-06-15 10:34:15] [INFO] [main] Equity: 99760.00$ | News: 13
[2026-06-15 10:34:15] [INFO] [main] --- EURUSD ---
[2026-06-15 10:34:18] [INFO] [deepseek] AI analysis EURUSD: bias=bullish score=75.0 conf=0.80
[2026-06-15 10:34:18] [DEBUG] [signal_engine] Signal: BUY score=75.0 conf=0.80 valid=True
[2026-06-15 10:34:18] [INFO] [sentiment] Sentiment EURUSD: bullish score=100 bull=1 bear=0
[2026-06-15 10:34:19] [INFO] [mtf] MTF EURUSD: H4=bullish H1=neutral M15=neutral aligned=False (weak)
[2026-06-15 10:34:19] [INFO] [voting_engine] EURUSD: MTF not aligned, reducing score
[2026-06-15 10:34:19] [INFO] [main] EURUSD: SKIP - Score 29.2 < 65
[2026-06-15 10:34:19] [INFO] [main] --- XAUUSD ---
[2026-06-15 10:34:21] [INFO] [deepseek] AI analysis XAUUSD: bias=bullish score=75.0 conf=0.80
[2026-06-15 10:34:21] [DEBUG] [signal_engine] Signal: BUY score=75.0 conf=0.80 valid=True
[2026-06-15 10:34:22] [INFO] [mtf] MTF XAUUSD: H4=bearish H1=bearish M15=bearish aligned=True (strong)
[2026-06-15 10:34:22] [INFO] [main] XAUUSD: SKIP - Score 44.0 < 65
[2026-06-15 10:34:22] [INFO] [main] --- GBPUSD ---
[2026-06-15 10:34:24] [INFO] [deepseek] AI analysis GBPUSD: bias=bullish score=75.0 conf=0.80
[2026-06-15 10:34:24] [DEBUG] [signal_engine] Signal: BUY score=75.0 conf=0.80 valid=True
[2026-06-15 10:34:24] [INFO] [sentiment] Sentiment GBPUSD: bullish score=100 bull=1 bear=0
[2026-06-15 10:34:25] [INFO] [mtf] MTF GBPUSD: H4=bullish H1=bearish M15=bearish aligned=True (weak)
[2026-06-15 10:34:25] [INFO] [main] GBPUSD: SKIP - Score 45.0 < 65
[2026-06-15 10:34:25] [INFO] [main] Sleeping 1800s...
[2026-06-15 10:34:31] [INFO] [qd_client] Logged in to QuantDinger
[2026-06-15 10:35:11] [INFO] [qd_client] Logged in to QuantDinger
[2026-06-15 10:35:31] [INFO] [qd_client] Logged in to QuantDinger
[2026-06-15 10:36:11] [INFO] [qd_client] Logged in to QuantDinger
[2026-06-15 10:36:31] [WARNING] [mt5_watchdog] MT5 disconnected! Attempt 1/3
[2026-06-15 10:36:32] [INFO] [qd_client] Logged in to QuantDinger
[2026-06-15 10:36:32] [INFO] [qd_client] Logged in to QuantDinger
[2026-06-15 10:36:32] [INFO] [mt5_watchdog] MT5 already connected
[2026-06-15 10:36:32] [INFO] [mt5_watchdog] MT5 reconnected successfully!
[2026-06-15 10:37:12] [INFO] [qd_client] Logged in to QuantDinger
[2026-06-15 10:37:32] [INFO] [qd_client] Logged in to QuantDinger
[2026-06-15 10:38:12] [WARNING] [mt5_watchdog] MT5 disconnected! Attempt 1/3
[2026-06-15 10:38:12] [INFO] [qd_client] Logged in to QuantDinger
[2026-06-15 10:38:13] [INFO] [qd_client] Logged in to QuantDinger
[2026-06-15 10:38:13] [INFO] [mt5_watchdog] MT5 already connected
[2026-06-15 10:38:13] [INFO] [mt5_watchdog] MT5 reconnected successfully!
[2026-06-15 10:38:32] [INFO] [qd_client] Logged in to QuantDinger
[2026-06-15 10:39:13] [INFO] [qd_client] Logged in to QuantDinger
[2026-06-15 10:39:33] [INFO] [qd_client] Logged in to QuantDinger
[2026-06-15 10:40:13] [INFO] [qd_client] Logged in to QuantDinger
[2026-06-15 10:40:33] [WARNING] [mt5_watchdog] MT5 disconnected! Attempt 1/3
[2026-06-15 10:40:33] [INFO] [qd_client] Logged in to QuantDinger
[2026-06-15 10:40:34] [INFO] [qd_client] Logged in to QuantDinger
[2026-06-15 10:40:34] [INFO] [mt5_watchdog] MT5 already connected
[2026-06-15 10:40:34] [INFO] [mt5_watchdog] MT5 reconnected successfully!
[2026-06-15 10:41:14] [INFO] [qd_client] Logged in to QuantDinger
[2026-06-15 10:41:34] [INFO] [qd_client] Logged in to QuantDinger
[2026-06-15 10:42:14] [INFO] [qd_client] Logged in to QuantDinger
[2026-06-15 10:42:34] [INFO] [qd_client] Logged in to QuantDinger
[2026-06-15 10:43:14] [INFO] [qd_client] Logged in to QuantDinger
[2026-06-15 10:43:24] [INFO] [qd_client] Logged in to QuantDinger
[2026-06-15 10:43:42] [INFO] [main] ==================================================
[2026-06-15 10:43:42] [INFO] [main] Cycle 2 at 10:43:42
[2026-06-15 10:43:46] [INFO] [news_fetcher] Fetched 13 relevant news items
[2026-06-15 10:43:47] [INFO] [main] Equity: 96030.00$ | News: 13
[2026-06-15 10:43:47] [INFO] [main] --- EURUSD ---
[2026-06-15 10:43:49] [INFO] [qd_client] Logged in to QuantDinger
[2026-06-15 10:43:50] [INFO] [qd_client] Logged in to QuantDinger
[2026-06-15 10:43:50] [INFO] [deepseek] AI analysis EURUSD: bias=bullish score=75.0 conf=0.70
[2026-06-15 10:43:50] [DEBUG] [signal_engine] Signal: BUY score=75.0 conf=0.70 valid=True
[2026-06-15 10:43:50] [INFO] [sentiment] Sentiment EURUSD: bullish score=100 bull=1 bear=0
[2026-06-15 10:43:51] [INFO] [mtf] MTF EURUSD: H4=bullish H1=neutral M15=neutral aligned=False (weak)
[2026-06-15 10:43:51] [INFO] [voting_engine] EURUSD: MTF not aligned, reducing score
[2026-06-15 10:43:51] [INFO] [main] EURUSD: SKIP - Score 28.1 < 65
[2026-06-15 10:43:51] [INFO] [main] --- XAUUSD ---
[2026-06-15 10:43:54] [INFO] [deepseek] AI analysis XAUUSD: bias=bearish score=75.0 conf=0.80
[2026-06-15 10:43:55] [DEBUG] [signal_engine] Signal: SELL score=75.0 conf=0.80 valid=True
[2026-06-15 10:43:55] [INFO] [mtf] MTF XAUUSD: H4=bearish H1=bearish M15=bearish aligned=True (strong)
[2026-06-15 10:43:55] [INFO] [main] XAUUSD: SKIP - XAUUSD SELL already open
[2026-06-15 10:43:55] [INFO] [main] --- GBPUSD ---
[2026-06-15 10:43:59] [INFO] [deepseek] AI analysis GBPUSD: bias=bullish score=65.0 conf=0.60
[2026-06-15 10:43:59] [DEBUG] [signal_engine] Signal: BUY score=65.0 conf=0.60 valid=True
[2026-06-15 10:43:59] [INFO] [sentiment] Sentiment GBPUSD: bullish score=100 bull=1 bear=0
[2026-06-15 10:43:59] [INFO] [mtf] MTF GBPUSD: H4=bullish H1=bearish M15=bearish aligned=True (weak)
[2026-06-15 10:43:59] [INFO] [main] GBPUSD: SKIP - Score 40.8 < 65
[2026-06-15 10:43:59] [INFO] [main] Sleeping 1800s...
[2026-06-15 10:44:14] [WARNING] [mt5_watchdog] MT5 disconnected! Attempt 1/3
[2026-06-15 10:44:15] [INFO] [qd_client] Logged in to QuantDinger
[2026-06-15 10:44:15] [INFO] [qd_client] Logged in to QuantDinger
[2026-06-15 10:44:15] [INFO] [mt5_watchdog] MT5 already connected
[2026-06-15 10:44:15] [INFO] [mt5_watchdog] MT5 reconnected successfully!
[2026-06-15 10:44:34] [INFO] [qd_client] Logged in to QuantDinger
[2026-06-15 10:45:15] [INFO] [qd_client] Logged in to QuantDinger
[2026-06-15 10:45:35] [INFO] [qd_client] Logged in to QuantDinger
[2026-06-15 10:46:15] [INFO] [qd_client] Logged in to QuantDinger
[2026-06-15 10:46:35] [WARNING] [mt5_watchdog] MT5 disconnected! Attempt 1/3
[2026-06-15 10:46:35] [INFO] [qd_client] Logged in to QuantDinger
[2026-06-15 10:46:36] [INFO] [qd_client] Logged in to QuantDinger
[2026-06-15 10:46:36] [INFO] [mt5_watchdog] MT5 already connected
[2026-06-15 10:46:36] [INFO] [mt5_watchdog] MT5 reconnected successfully!
[2026-06-15 10:47:16] [INFO] [qd_client] Logged in to QuantDinger
[2026-06-15 10:47:36] [INFO] [qd_client] Logged in to QuantDinger
[2026-06-15 10:48:07] [INFO] [qd_client] Logged in to QuantDinger
[2026-06-15 10:48:36] [INFO] [qd_client] Logged in to QuantDinger
[2026-06-15 10:49:16] [INFO] [qd_client] Logged in to QuantDinger
[2026-06-15 10:49:36] [INFO] [qd_client] Logged in to QuantDinger
[2026-06-15 10:50:16] [WARNING] [mt5_watchdog] MT5 disconnected! Attempt 1/3
[2026-06-15 10:50:17] [INFO] [qd_client] Logged in to QuantDinger
[2026-06-15 10:50:17] [INFO] [qd_client] Logged in to QuantDinger
[2026-06-15 10:50:17] [INFO] [mt5_watchdog] MT5 already connected
[2026-06-15 10:50:17] [INFO] [mt5_watchdog] MT5 reconnected successfully!
[2026-06-15 10:50:36] [WARNING] [mt5_watchdog] MT5 disconnected! Attempt 1/3
[2026-06-15 10:50:37] [INFO] [qd_client] Logged in to QuantDinger
[2026-06-15 10:50:38] [INFO] [qd_client] Logged in to QuantDinger
[2026-06-15 10:50:38] [INFO] [mt5_watchdog] MT5 already connected
[2026-06-15 10:50:38] [INFO] [mt5_watchdog] MT5 reconnected successfully!
[2026-06-15 10:51:17] [INFO] [qd_client] Logged in to QuantDinger
[2026-06-15 10:51:37] [INFO] [qd_client] Logged in to QuantDinger
[2026-06-15 10:52:17] [INFO] [qd_client] Logged in to QuantDinger
[2026-06-15 10:52:38] [INFO] [qd_client] Logged in to QuantDinger
[2026-06-15 10:53:18] [INFO] [qd_client] Logged in to QuantDinger
[2026-06-15 10:53:38] [INFO] [qd_client] Logged in to QuantDinger
[2026-06-15 10:54:18] [WARNING] [mt5_watchdog] MT5 disconnected! Attempt 1/3
[2026-06-15 10:54:18] [INFO] [qd_client] Logged in to QuantDinger
[2026-06-15 10:54:19] [INFO] [qd_client] Logged in to QuantDinger
[2026-06-15 10:54:19] [INFO] [mt5_watchdog] MT5 already connected
[2026-06-15 10:54:19] [INFO] [mt5_watchdog] MT5 reconnected successfully!
[2026-06-15 10:54:38] [WARNING] [mt5_watchdog] MT5 disconnected! Attempt 1/3
[2026-06-15 10:54:38] [INFO] [qd_client] Logged in to QuantDinger
[2026-06-15 10:54:39] [INFO] [qd_client] Logged in to QuantDinger
[2026-06-15 10:54:39] [INFO] [mt5_watchdog] MT5 already connected
[2026-06-15 10:54:39] [INFO] [mt5_watchdog] MT5 reconnected successfully!
[2026-06-15 10:55:19] [INFO] [qd_client] Logged in to QuantDinger
[2026-06-15 10:55:39] [INFO] [qd_client] Logged in to QuantDinger
[2026-06-15 10:56:19] [INFO] [qd_client] Logged in to QuantDinger
[2026-06-15 10:56:39] [INFO] [qd_client] Logged in to QuantDinger
[2026-06-15 10:57:20] [INFO] [qd_client] Logged in to QuantDinger
[2026-06-15 10:57:40] [INFO] [qd_client] Logged in to QuantDinger
[2026-06-15 10:58:20] [WARNING] [mt5_watchdog] MT5 disconnected! Attempt 1/3
[2026-06-15 10:58:20] [INFO] [qd_client] Logged in to QuantDinger
[2026-06-15 10:58:21] [INFO] [qd_client] Logged in to QuantDinger
[2026-06-15 10:58:21] [INFO] [mt5_watchdog] MT5 already connected
[2026-06-15 10:58:21] [INFO] [mt5_watchdog] MT5 reconnected successfully!
[2026-06-15 10:58:25] [INFO] [qd_client] Logged in to QuantDinger
[2026-06-15 10:59:20] [INFO] [qd_client] Logged in to QuantDinger
[2026-06-15 10:59:40] [INFO] [qd_client] Logged in to QuantDinger
[2026-06-15 11:00:21] [INFO] [qd_client] Logged in to QuantDinger
[2026-06-15 11:00:40] [WARNING] [mt5_watchdog] MT5 disconnected! Attempt 1/3
[2026-06-15 11:00:40] [INFO] [qd_client] Logged in to QuantDinger
[2026-06-15 11:00:41] [INFO] [qd_client] Logged in to QuantDinger
[2026-06-15 11:00:41] [INFO] [mt5_watchdog] MT5 already connected
[2026-06-15 11:00:41] [INFO] [mt5_watchdog] MT5 reconnected successfully!
[2026-06-15 11:01:21] [INFO] [qd_client] Logged in to QuantDinger
[2026-06-15 11:01:41] [INFO] [qd_client] Logged in to QuantDinger
[2026-06-15 11:02:21] [WARNING] [mt5_watchdog] MT5 disconnected! Attempt 1/3
[2026-06-15 11:02:21] [INFO] [qd_client] Logged in to QuantDinger
[2026-06-15 11:02:22] [INFO] [qd_client] Logged in to QuantDinger
[2026-06-15 11:02:22] [INFO] [mt5_watchdog] MT5 already connected
[2026-06-15 11:02:22] [INFO] [mt5_watchdog] MT5 reconnected successfully!
[2026-06-15 11:02:41] [INFO] [qd_client] Logged in to QuantDinger
[2026-06-15 11:03:08] [INFO] [qd_client] Logged in to QuantDinger
[2026-06-15 11:03:42] [INFO] [qd_client] Logged in to QuantDinger
[2026-06-15 11:04:22] [INFO] [qd_client] Logged in to QuantDinger
[2026-06-15 11:04:25] [INFO] [main] ==================================================
[2026-06-15 11:04:25] [INFO] [main] Cycle 7 at 11:04:25
[2026-06-15 11:04:30] [INFO] [news_fetcher] Fetched 13 relevant news items
[2026-06-15 11:04:30] [INFO] [main] Equity: 84320.00$ | News: 13
[2026-06-15 11:04:30] [INFO] [main] --- EURUSD ---
[2026-06-15 11:04:34] [INFO] [deepseek] AI analysis EURUSD: bias=bullish score=75.0 conf=0.80
[2026-06-15 11:04:34] [DEBUG] [signal_engine] Signal: BUY score=75.0 conf=0.80 valid=True
[2026-06-15 11:04:34] [INFO] [sentiment] Sentiment EURUSD: bearish score=100 bull=0 bear=1
[2026-06-15 11:04:34] [INFO] [mtf] MTF EURUSD: H4=bullish H1=neutral M15=neutral aligned=False (weak)
[2026-06-15 11:04:34] [INFO] [voting_engine] EURUSD: MTF not aligned, reducing score
[2026-06-15 11:04:34] [INFO] [main] EURUSD: SKIP - Score 29.2 < 65
[2026-06-15 11:04:34] [INFO] [main] --- XAUUSD ---
[2026-06-15 11:04:38] [INFO] [deepseek] AI analysis XAUUSD: bias=bullish score=75.0 conf=0.80
[2026-06-15 11:04:38] [DEBUG] [signal_engine] Signal: BUY score=75.0 conf=0.80 valid=True
[2026-06-15 11:04:38] [INFO] [sentiment] Sentiment XAUUSD: bullish score=83 bull=2 bear=1
[2026-06-15 11:04:38] [INFO] [mtf] MTF XAUUSD: H4=bearish H1=bearish M15=bearish aligned=True (strong)
[2026-06-15 11:04:38] [INFO] [main] XAUUSD: SKIP - Score 46.9 < 65
[2026-06-15 11:04:38] [INFO] [main] --- GBPUSD ---
[2026-06-15 11:04:42] [WARNING] [mt5_watchdog] MT5 disconnected! Attempt 1/3
[2026-06-15 11:04:42] [INFO] [qd_client] Logged in to QuantDinger
[2026-06-15 11:04:42] [INFO] [deepseek] AI analysis GBPUSD: bias=bullish score=75.0 conf=0.80
[2026-06-15 11:04:42] [DEBUG] [signal_engine] Signal: BUY score=75.0 conf=0.80 valid=True
[2026-06-15 11:04:42] [INFO] [sentiment] Sentiment GBPUSD: bullish score=83 bull=2 bear=1
[2026-06-15 11:04:42] [INFO] [mtf] MTF GBPUSD: H4=bullish H1=bearish M15=bearish aligned=True (weak)
[2026-06-15 11:04:42] [INFO] [main] GBPUSD: SKIP - Score 43.9 < 65
[2026-06-15 11:04:42] [INFO] [main] Sleeping 1800s...
[2026-06-15 11:04:43] [INFO] [qd_client] Logged in to QuantDinger
[2026-06-15 11:04:43] [INFO] [mt5_watchdog] MT5 already connected
[2026-06-15 11:04:43] [INFO] [mt5_watchdog] MT5 reconnected successfully!
[2026-06-15 11:05:22] [INFO] [qd_client] Logged in to QuantDinger
[2026-06-15 11:05:42] [INFO] [qd_client] Logged in to QuantDinger
[2026-06-15 11:06:23] [INFO] [qd_client] Logged in to QuantDinger
[2026-06-15 11:06:43] [INFO] [qd_client] Logged in to QuantDinger
[2026-06-15 11:07:23] [INFO] [qd_client] Logged in to QuantDinger
[2026-06-15 11:07:43] [INFO] [qd_client] Logged in to QuantDinger
[2026-06-15 11:08:23] [WARNING] [mt5_watchdog] MT5 disconnected! Attempt 1/3
[2026-06-15 11:08:23] [INFO] [qd_client] Logged in to QuantDinger
[2026-06-15 11:08:24] [INFO] [qd_client] Logged in to QuantDinger
[2026-06-15 11:08:24] [INFO] [mt5_watchdog] MT5 already connected
[2026-06-15 11:08:24] [INFO] [mt5_watchdog] MT5 reconnected successfully!
[2026-06-15 11:08:44] [INFO] [qd_client] Logged in to QuantDinger
[2026-06-15 11:09:24] [INFO] [qd_client] Logged in to QuantDinger
[2026-06-15 11:09:44] [INFO] [qd_client] Logged in to QuantDinger
[2026-06-15 11:10:24] [INFO] [qd_client] Logged in to QuantDinger
[2026-06-15 11:10:44] [WARNING] [mt5_watchdog] MT5 disconnected! Attempt 1/3
[2026-06-15 11:10:44] [INFO] [qd_client] Logged in to QuantDinger
[2026-06-15 11:10:45] [INFO] [qd_client] Logged in to QuantDinger
[2026-06-15 11:10:45] [INFO] [mt5_watchdog] MT5 already connected
[2026-06-15 11:10:45] [INFO] [mt5_watchdog] MT5 reconnected successfully!
[2026-06-15 11:11:25] [INFO] [qd_client] Logged in to QuantDinger
[2026-06-15 11:11:45] [INFO] [qd_client] Logged in to QuantDinger
[2026-06-15 11:12:25] [INFO] [qd_client] Logged in to QuantDinger
[2026-06-15 11:12:45] [INFO] [qd_client] Logged in to QuantDinger
[2026-06-15 11:13:25] [INFO] [qd_client] Logged in to QuantDinger
[2026-06-15 11:13:26] [INFO] [qd_client] Logged in to QuantDinger
[2026-06-15 11:13:59] [INFO] [main] ==================================================
[2026-06-15 11:13:59] [INFO] [main] Cycle 3 at 11:13:59
[2026-06-15 11:14:03] [INFO] [news_fetcher] Fetched 14 relevant news items
[2026-06-15 11:14:03] [INFO] [main] Equity: 87060.00$ | News: 14
[2026-06-15 11:14:03] [INFO] [main] --- EURUSD ---
[2026-06-15 11:14:07] [INFO] [deepseek] AI analysis EURUSD: bias=neutral score=55.0 conf=0.45
[2026-06-15 11:14:07] [DEBUG] [signal_engine] Signal: NEUTRAL score=55.0 conf=0.45 valid=False
[2026-06-15 11:14:07] [INFO] [sentiment] Sentiment EURUSD: bearish score=100 bull=0 bear=1
[2026-06-15 11:14:07] [INFO] [mtf] MTF EURUSD: H4=bullish H1=neutral M15=neutral aligned=False (weak)
[2026-06-15 11:14:07] [INFO] [voting_engine] EURUSD: MTF not aligned, reducing score
[2026-06-15 11:14:07] [INFO] [main] --- XAUUSD ---
[2026-06-15 11:14:12] [INFO] [deepseek] AI analysis XAUUSD: bias=bullish score=65.0 conf=0.70
[2026-06-15 11:14:12] [DEBUG] [signal_engine] Signal: BUY score=65.0 conf=0.70 valid=True
[2026-06-15 11:14:12] [INFO] [sentiment] Sentiment XAUUSD: neutral score=50 bull=3 bear=2
[2026-06-15 11:14:12] [INFO] [mtf] MTF XAUUSD: H4=bearish H1=bearish M15=bearish aligned=True (strong)
[2026-06-15 11:14:12] [INFO] [main] XAUUSD: SKIP - Score 41.1 < 65
[2026-06-15 11:14:12] [INFO] [main] --- GBPUSD ---
[2026-06-15 11:14:16] [INFO] [deepseek] AI analysis GBPUSD: bias=bearish score=65.0 conf=0.70
[2026-06-15 11:14:16] [DEBUG] [signal_engine] Signal: SELL score=65.0 conf=0.70 valid=True
[2026-06-15 11:14:16] [INFO] [sentiment] Sentiment GBPUSD: neutral score=50 bull=3 bear=2
[2026-06-15 11:14:16] [INFO] [mtf] MTF GBPUSD: H4=bullish H1=bearish M15=bearish aligned=True (weak)
[2026-06-15 11:14:16] [INFO] [main] GBPUSD: SKIP - Score 38.1 < 65
[2026-06-15 11:14:16] [INFO] [main] Sleeping 1800s...
[2026-06-15 11:14:25] [WARNING] [mt5_watchdog] MT5 disconnected! Attempt 1/3
[2026-06-15 11:14:26] [INFO] [qd_client] Logged in to QuantDinger
[2026-06-15 11:14:26] [INFO] [qd_client] Logged in to QuantDinger
[2026-06-15 11:14:26] [INFO] [mt5_watchdog] MT5 already connected
[2026-06-15 11:14:26] [INFO] [mt5_watchdog] MT5 reconnected successfully!
[2026-06-15 11:14:46] [INFO] [qd_client] Logged in to QuantDinger
[2026-06-15 11:15:26] [INFO] [qd_client] Logged in to QuantDinger
[2026-06-15 11:15:46] [INFO] [qd_client] Logged in to QuantDinger
[2026-06-15 11:16:27] [INFO] [qd_client] Logged in to QuantDinger
[2026-06-15 11:16:46] [WARNING] [mt5_watchdog] MT5 disconnected! Attempt 1/3
[2026-06-15 11:16:47] [INFO] [qd_client] Logged in to QuantDinger
[2026-06-15 11:16:47] [INFO] [qd_client] Logged in to QuantDinger
[2026-06-15 11:16:47] [INFO] [mt5_watchdog] MT5 already connected
[2026-06-15 11:16:47] [INFO] [mt5_watchdog] MT5 reconnected successfully!
[2026-06-15 11:17:27] [INFO] [qd_client] Logged in to QuantDinger
[2026-06-15 11:17:47] [INFO] [qd_client] Logged in to QuantDinger
[2026-06-15 11:18:09] [INFO] [qd_client] Logged in to QuantDinger
[2026-06-15 11:18:47] [INFO] [qd_client] Logged in to QuantDinger
[2026-06-15 11:19:27] [INFO] [qd_client] Logged in to QuantDinger
[2026-06-15 11:19:48] [INFO] [qd_client] Logged in to QuantDinger
[2026-06-15 11:20:27] [WARNING] [mt5_watchdog] MT5 disconnected! Attempt 1/3
[2026-06-15 11:20:28] [INFO] [qd_client] Logged in to QuantDinger
[2026-06-15 11:20:28] [INFO] [qd_client] Logged in to QuantDinger
[2026-06-15 11:20:28] [INFO] [mt5_watchdog] MT5 already connected
[2026-06-15 11:20:28] [INFO] [mt5_watchdog] MT5 reconnected successfully!
[2026-06-15 11:20:48] [WARNING] [mt5_watchdog] MT5 disconnected! Attempt 1/3
[2026-06-15 11:20:48] [INFO] [qd_client] Logged in to QuantDinger
[2026-06-15 11:20:49] [INFO] [qd_client] Logged in to QuantDinger
[2026-06-15 11:20:49] [INFO] [mt5_watchdog] MT5 already connected
[2026-06-15 11:20:49] [INFO] [mt5_watchdog] MT5 reconnected successfully!
[2026-06-15 11:21:28] [INFO] [qd_client] Logged in to QuantDinger
[2026-06-15 11:21:49] [INFO] [qd_client] Logged in to QuantDinger
[2026-06-15 11:22:29] [INFO] [qd_client] Logged in to QuantDinger
[2026-06-15 11:22:49] [INFO] [qd_client] Logged in to QuantDinger
[2026-06-15 11:23:29] [INFO] [qd_client] Logged in to QuantDinger
[2026-06-15 11:23:49] [INFO] [qd_client] Logged in to QuantDinger
[2026-06-15 11:24:29] [WARNING] [mt5_watchdog] MT5 disconnected! Attempt 1/3
[2026-06-15 11:24:29] [INFO] [qd_client] Logged in to QuantDinger
[2026-06-15 11:24:30] [INFO] [qd_client] Logged in to QuantDinger
[2026-06-15 11:24:30] [INFO] [mt5_watchdog] MT5 already connected
[2026-06-15 11:24:30] [INFO] [mt5_watchdog] MT5 reconnected successfully!
[2026-06-15 11:24:50] [INFO] [qd_client] Logged in to QuantDinger
[2026-06-15 11:25:30] [INFO] [qd_client] Logged in to QuantDinger
[2026-06-15 11:25:50] [INFO] [qd_client] Logged in to QuantDinger
[2026-06-15 11:26:30] [INFO] [qd_client] Logged in to QuantDinger
[2026-06-15 11:26:50] [WARNING] [mt5_watchdog] MT5 disconnected! Attempt 1/3
[2026-06-15 11:26:50] [INFO] [qd_client] Logged in to QuantDinger
[2026-06-15 11:26:51] [INFO] [qd_client] Logged in to QuantDinger
[2026-06-15 11:26:51] [INFO] [mt5_watchdog] MT5 already connected
[2026-06-15 11:26:51] [INFO] [mt5_watchdog] MT5 reconnected successfully!
[2026-06-15 11:27:31] [INFO] [qd_client] Logged in to QuantDinger
[2026-06-15 11:27:51] [INFO] [qd_client] Logged in to QuantDinger
[2026-06-15 11:28:31] [WARNING] [mt5_watchdog] MT5 disconnected! Attempt 1/3
[2026-06-15 11:28:31] [INFO] [qd_client] Logged in to QuantDinger
[2026-06-15 11:28:32] [INFO] [qd_client] Logged in to QuantDinger
[2026-06-15 11:28:32] [INFO] [mt5_watchdog] MT5 already connected
[2026-06-15 11:28:32] [INFO] [mt5_watchdog] MT5 reconnected successfully!
[2026-06-15 11:28:51] [INFO] [qd_client] Logged in to QuantDinger
[2026-06-15 11:29:31] [INFO] [qd_client] Logged in to QuantDinger
[2026-06-15 11:29:52] [INFO] [qd_client] Logged in to QuantDinger
[2026-06-15 11:30:32] [INFO] [qd_client] Logged in to QuantDinger
[2026-06-15 11:30:52] [WARNING] [mt5_watchdog] MT5 disconnected! Attempt 1/3
[2026-06-15 11:30:52] [INFO] [qd_client] Logged in to QuantDinger
[2026-06-15 11:30:53] [INFO] [qd_client] Logged in to QuantDinger
[2026-06-15 11:30:53] [INFO] [mt5_watchdog] MT5 already connected
[2026-06-15 11:30:53] [INFO] [mt5_watchdog] MT5 reconnected successfully!
[2026-06-15 11:31:32] [INFO] [qd_client] Logged in to QuantDinger
[2026-06-15 11:31:52] [INFO] [qd_client] Logged in to QuantDinger
[2026-06-15 11:32:32] [WARNING] [mt5_watchdog] MT5 disconnected! Attempt 1/3
[2026-06-15 11:32:33] [INFO] [qd_client] Logged in to QuantDinger
[2026-06-15 11:32:33] [INFO] [qd_client] Logged in to QuantDinger
[2026-06-15 11:32:33] [INFO] [mt5_watchdog] MT5 already connected
[2026-06-15 11:32:34] [INFO] [mt5_watchdog] MT5 reconnected successfully!
[2026-06-15 11:32:53] [INFO] [qd_client] Logged in to QuantDinger
[2026-06-15 11:33:10] [INFO] [qd_client] Logged in to QuantDinger
[2026-06-15 11:33:53] [INFO] [qd_client] Logged in to QuantDinger
[2026-06-15 11:34:33] [INFO] [qd_client] Logged in to QuantDinger
[2026-06-15 11:34:42] [INFO] [main] ==================================================
[2026-06-15 11:34:42] [INFO] [main] Cycle 8 at 11:34:42
[2026-06-15 11:34:47] [INFO] [news_fetcher] Fetched 14 relevant news items
[2026-06-15 11:34:47] [INFO] [main] Equity: 69070.00$ | News: 14
[2026-06-15 11:34:47] [INFO] [main] --- EURUSD ---
[2026-06-15 11:34:51] [INFO] [deepseek] AI analysis EURUSD: bias=bullish score=75.0 conf=0.80
[2026-06-15 11:34:51] [DEBUG] [signal_engine] Signal: BUY score=75.0 conf=0.80 valid=True
[2026-06-15 11:34:51] [INFO] [sentiment] Sentiment EURUSD: bearish score=100 bull=0 bear=1
[2026-06-15 11:34:51] [INFO] [mtf] MTF EURUSD: H4=bullish H1=neutral M15=neutral aligned=False (weak)
[2026-06-15 11:34:51] [INFO] [voting_engine] EURUSD: MTF not aligned, reducing score
[2026-06-15 11:34:51] [INFO] [main] EURUSD: SKIP - Score 29.2 < 65
[2026-06-15 11:34:51] [INFO] [main] --- XAUUSD ---
[2026-06-15 11:34:53] [WARNING] [mt5_watchdog] MT5 disconnected! Attempt 1/3
[2026-06-15 11:34:54] [INFO] [qd_client] Logged in to QuantDinger
[2026-06-15 11:34:54] [INFO] [deepseek] AI analysis XAUUSD: bias=bullish score=75.0 conf=0.80
[2026-06-15 11:34:54] [DEBUG] [signal_engine] Signal: BUY score=75.0 conf=0.80 valid=True
[2026-06-15 11:34:54] [INFO] [sentiment] Sentiment XAUUSD: neutral score=50 bull=3 bear=2
[2026-06-15 11:34:55] [INFO] [qd_client] Logged in to QuantDinger
[2026-06-15 11:34:55] [INFO] [mt5_watchdog] MT5 already connected
[2026-06-15 11:34:55] [INFO] [mt5_watchdog] MT5 reconnected successfully!
[2026-06-15 11:34:55] [INFO] [mtf] MTF XAUUSD: H4=bearish H1=bearish M15=bearish aligned=True (strong)
[2026-06-15 11:34:55] [INFO] [main] XAUUSD: SKIP - Score 44.0 < 65
[2026-06-15 11:34:55] [INFO] [main] --- GBPUSD ---
[2026-06-15 11:34:58] [INFO] [deepseek] AI analysis GBPUSD: bias=bullish score=75.0 conf=0.80
[2026-06-15 11:34:58] [DEBUG] [signal_engine] Signal: BUY score=75.0 conf=0.80 valid=True
[2026-06-15 11:34:58] [INFO] [sentiment] Sentiment GBPUSD: bearish score=83 bull=1 bear=2
[2026-06-15 11:34:59] [INFO] [mtf] MTF GBPUSD: H4=bullish H1=bearish M15=bearish aligned=True (weak)
[2026-06-15 11:34:59] [INFO] [main] GBPUSD: SKIP - Score 43.9 < 65
[2026-06-15 11:34:59] [INFO] [main] Sleeping 1800s...
[2026-06-15 11:35:33] [INFO] [qd_client] Logged in to QuantDinger
[2026-06-15 11:35:54] [INFO] [qd_client] Logged in to QuantDinger
[2026-06-15 11:36:34] [INFO] [qd_client] Logged in to QuantDinger
[2026-06-15 11:36:54] [INFO] [qd_client] Logged in to QuantDinger
[2026-06-15 11:37:34] [INFO] [qd_client] Logged in to QuantDinger
[2026-06-15 11:37:55] [INFO] [qd_client] Logged in to QuantDinger
[2026-06-15 11:38:34] [WARNING] [mt5_watchdog] MT5 disconnected! Attempt 1/3
[2026-06-15 11:38:35] [INFO] [qd_client] Logged in to QuantDinger
[2026-06-15 11:38:35] [INFO] [qd_client] Logged in to QuantDinger
[2026-06-15 11:38:35] [INFO] [mt5_watchdog] MT5 already connected
[2026-06-15 11:38:35] [INFO] [mt5_watchdog] MT5 reconnected successfully!
[2026-06-15 11:38:55] [INFO] [qd_client] Logged in to QuantDinger
[2026-06-15 11:39:35] [INFO] [qd_client] Logged in to QuantDinger
[2026-06-15 11:39:56] [INFO] [qd_client] Logged in to QuantDinger
[2026-06-15 11:40:35] [INFO] [qd_client] Logged in to QuantDinger
[2026-06-15 11:40:55] [WARNING] [mt5_watchdog] MT5 disconnected! Attempt 1/3
[2026-06-15 11:40:56] [INFO] [qd_client] Logged in to QuantDinger
[2026-06-15 11:40:56] [INFO] [qd_client] Logged in to QuantDinger
[2026-06-15 11:40:56] [INFO] [mt5_watchdog] MT5 already connected
[2026-06-15 11:40:56] [INFO] [mt5_watchdog] MT5 reconnected successfully!
[2026-06-15 11:41:36] [INFO] [qd_client] Logged in to QuantDinger
[2026-06-15 11:41:56] [INFO] [qd_client] Logged in to QuantDinger
[2026-06-15 11:42:36] [WARNING] [mt5_watchdog] MT5 disconnected! Attempt 1/3
[2026-06-15 11:42:36] [INFO] [qd_client] Logged in to QuantDinger
[2026-06-15 11:42:37] [INFO] [qd_client] Logged in to QuantDinger
[2026-06-15 11:42:37] [INFO] [mt5_watchdog] MT5 already connected
[2026-06-15 11:42:37] [INFO] [mt5_watchdog] MT5 reconnected successfully!
[2026-06-15 11:42:57] [INFO] [qd_client] Logged in to QuantDinger
[2026-06-15 11:43:37] [INFO] [qd_client] Logged in to QuantDinger
[2026-06-15 11:43:57] [INFO] [qd_client] Logged in to QuantDinger
[2026-06-15 11:44:16] [INFO] [main] ==================================================
[2026-06-15 11:44:16] [INFO] [main] Cycle 4 at 11:44:16
[2026-06-15 11:44:20] [INFO] [news_fetcher] Fetched 13 relevant news items
[2026-06-15 11:44:20] [INFO] [main] Equity: 70170.00$ | News: 13
[2026-06-15 11:44:20] [INFO] [main] --- EURUSD ---
[2026-06-15 11:44:24] [INFO] [deepseek] AI analysis EURUSD: bias=bullish score=65.0 conf=0.60
[2026-06-15 11:44:24] [DEBUG] [signal_engine] Signal: BUY score=65.0 conf=0.60 valid=True
[2026-06-15 11:44:24] [INFO] [sentiment] Sentiment EURUSD: bearish score=100 bull=0 bear=2
[2026-06-15 11:44:24] [INFO] [mtf] MTF EURUSD: H4=bearish H1=bearish M15=bearish aligned=True (strong)
[2026-06-15 11:44:25] [INFO] [main] EURUSD: SKIP - Score 43.8 < 65
[2026-06-15 11:44:25] [INFO] [main] --- XAUUSD ---
[2026-06-15 11:44:28] [INFO] [deepseek] AI analysis XAUUSD: bias=bullish score=65.0 conf=0.70
[2026-06-15 11:44:28] [DEBUG] [signal_engine] Signal: BUY score=65.0 conf=0.70 valid=True
[2026-06-15 11:44:28] [INFO] [sentiment] Sentiment XAUUSD: neutral score=50 bull=3 bear=2
[2026-06-15 11:44:28] [INFO] [mtf] MTF XAUUSD: H4=bearish H1=bearish M15=bearish aligned=True (strong)
[2026-06-15 11:44:29] [INFO] [main] XAUUSD: SKIP - Score 41.1 < 65
[2026-06-15 11:44:29] [INFO] [main] --- GBPUSD ---
[2026-06-15 11:44:32] [INFO] [deepseek] AI analysis GBPUSD: bias=bullish score=65.0 conf=0.60
[2026-06-15 11:44:32] [DEBUG] [signal_engine] Signal: BUY score=65.0 conf=0.60 valid=True
[2026-06-15 11:44:33] [INFO] [mtf] MTF GBPUSD: H4=bullish H1=bearish M15=bearish aligned=True (weak)
[2026-06-15 11:44:33] [INFO] [main] GBPUSD: SKIP - Score 36.8 < 65
[2026-06-15 11:44:33] [INFO] [main] Sleeping 1800s...
[2026-06-15 11:44:37] [INFO] [qd_client] Logged in to QuantDinger
[2026-06-15 11:44:57] [WARNING] [mt5_watchdog] MT5 disconnected! Attempt 1/3
[2026-06-15 11:44:58] [INFO] [qd_client] Logged in to QuantDinger
[2026-06-15 11:44:58] [INFO] [qd_client] Logged in to QuantDinger
[2026-06-15 11:44:58] [INFO] [mt5_watchdog] MT5 already connected
[2026-06-15 11:44:58] [INFO] [mt5_watchdog] MT5 reconnected successfully!
[2026-06-15 11:45:37] [INFO] [qd_client] Logged in to QuantDinger
[2026-06-15 11:45:58] [INFO] [qd_client] Logged in to QuantDinger
[2026-06-15 11:46:38] [INFO] [qd_client] Logged in to QuantDinger
[2026-06-15 11:46:58] [INFO] [qd_client] Logged in to QuantDinger
[2026-06-15 11:47:38] [INFO] [qd_client] Logged in to QuantDinger
[2026-06-15 11:47:59] [INFO] [qd_client] Logged in to QuantDinger
[2026-06-15 11:48:12] [INFO] [qd_client] Logged in to QuantDinger
[2026-06-15 11:48:59] [WARNING] [mt5_watchdog] MT5 disconnected! Attempt 1/3
[2026-06-15 11:48:59] [INFO] [qd_client] Logged in to QuantDinger
[2026-06-15 11:49:00] [INFO] [qd_client] Logged in to QuantDinger
[2026-06-15 11:49:00] [INFO] [mt5_watchdog] MT5 already connected
[2026-06-15 11:49:00] [INFO] [mt5_watchdog] MT5 reconnected successfully!
[2026-06-15 11:49:39] [INFO] [qd_client] Logged in to QuantDinger
[2026-06-15 11:50:00] [INFO] [qd_client] Logged in to QuantDinger
[2026-06-15 11:50:38] [WARNING] [mt5_watchdog] MT5 disconnected! Attempt 1/3
[2026-06-15 11:50:39] [INFO] [qd_client] Logged in to QuantDinger
[2026-06-15 11:50:39] [INFO] [qd_client] Logged in to QuantDinger
[2026-06-15 11:50:39] [INFO] [mt5_watchdog] MT5 already connected
[2026-06-15 11:50:39] [INFO] [mt5_watchdog] MT5 reconnected successfully!
[2026-06-15 11:51:00] [INFO] [qd_client] Logged in to QuantDinger
[2026-06-15 11:51:39] [INFO] [qd_client] Logged in to QuantDinger
[2026-06-15 11:52:00] [INFO] [qd_client] Logged in to QuantDinger
[2026-06-15 11:52:40] [INFO] [qd_client] Logged in to QuantDinger
[2026-06-15 11:53:01] [INFO] [qd_client] Logged in to QuantDinger
[2026-06-15 11:53:40] [INFO] [qd_client] Logged in to QuantDinger
[2026-06-15 11:54:01] [INFO] [qd_client] Logged in to QuantDinger
[2026-06-15 11:54:40] [WARNING] [mt5_watchdog] MT5 disconnected! Attempt 1/3
[2026-06-15 11:54:40] [INFO] [qd_client] Logged in to QuantDinger
[2026-06-15 11:54:41] [INFO] [qd_client] Logged in to QuantDinger
[2026-06-15 11:54:41] [INFO] [mt5_watchdog] MT5 already connected
[2026-06-15 11:54:41] [INFO] [mt5_watchdog] MT5 reconnected successfully!
[2026-06-15 11:55:01] [WARNING] [mt5_watchdog] MT5 disconnected! Attempt 1/3
[2026-06-15 11:55:02] [INFO] [qd_client] Logged in to QuantDinger
[2026-06-15 11:55:02] [INFO] [qd_client] Logged in to QuantDinger
[2026-06-15 11:55:02] [INFO] [mt5_watchdog] MT5 already connected
[2026-06-15 11:55:02] [INFO] [mt5_watchdog] MT5 reconnected successfully!
[2026-06-15 11:55:41] [INFO] [qd_client] Logged in to QuantDinger
[2026-06-15 11:56:02] [INFO] [qd_client] Logged in to QuantDinger
[2026-06-15 11:56:41] [INFO] [qd_client] Logged in to QuantDinger
[2026-06-15 11:57:02] [INFO] [qd_client] Logged in to QuantDinger
[2026-06-15 11:57:42] [INFO] [qd_client] Logged in to QuantDinger
[2026-06-15 11:58:03] [INFO] [qd_client] Logged in to QuantDinger
[2026-06-15 11:58:42] [WARNING] [mt5_watchdog] MT5 disconnected! Attempt 1/3
[2026-06-15 11:58:42] [INFO] [qd_client] Logged in to QuantDinger
[2026-06-15 11:58:43] [INFO] [qd_client] Logged in to QuantDinger
[2026-06-15 11:58:43] [INFO] [mt5_watchdog] MT5 already connected
[2026-06-15 11:58:43] [INFO] [mt5_watchdog] MT5 reconnected successfully!
[2026-06-15 11:59:03] [WARNING] [mt5_watchdog] MT5 disconnected! Attempt 1/3
[2026-06-15 11:59:03] [INFO] [qd_client] Logged in to QuantDinger
[2026-06-15 11:59:04] [INFO] [qd_client] Logged in to QuantDinger
[2026-06-15 11:59:04] [INFO] [mt5_watchdog] MT5 already connected
[2026-06-15 11:59:04] [INFO] [mt5_watchdog] MT5 reconnected successfully!
[2026-06-15 11:59:43] [INFO] [qd_client] Logged in to QuantDinger
[2026-06-15 12:00:04] [INFO] [qd_client] Logged in to QuantDinger
[2026-06-15 12:00:43] [INFO] [qd_client] Logged in to QuantDinger
[2026-06-15 12:01:04] [INFO] [qd_client] Logged in to QuantDinger
[2026-06-15 12:01:43] [INFO] [qd_client] Logged in to QuantDinger
[2026-06-15 12:02:04] [INFO] [qd_client] Logged in to QuantDinger
[2026-06-15 12:02:43] [WARNING] [mt5_watchdog] MT5 disconnected! Attempt 1/3
[2026-06-15 12:02:44] [INFO] [qd_client] Logged in to QuantDinger
[2026-06-15 12:02:45] [INFO] [qd_client] Logged in to QuantDinger
[2026-06-15 12:02:45] [INFO] [mt5_watchdog] MT5 already connected
[2026-06-15 12:02:45] [INFO] [mt5_watchdog] MT5 reconnected successfully!
[2026-06-15 12:03:05] [WARNING] [mt5_watchdog] MT5 disconnected! Attempt 1/3
[2026-06-15 12:03:05] [INFO] [qd_client] Logged in to QuantDinger
[2026-06-15 12:03:06] [INFO] [qd_client] Logged in to QuantDinger
[2026-06-15 12:03:06] [INFO] [mt5_watchdog] MT5 already connected
[2026-06-15 12:03:06] [INFO] [mt5_watchdog] MT5 reconnected successfully!
[2026-06-15 12:03:13] [INFO] [qd_client] Logged in to QuantDinger
[2026-06-15 12:04:05] [INFO] [qd_client] Logged in to QuantDinger
[2026-06-15 12:04:44] [INFO] [qd_client] Logged in to QuantDinger
[2026-06-15 12:04:59] [INFO] [main] ==================================================
[2026-06-15 12:04:59] [INFO] [main] Cycle 9 at 12:04:59
[2026-06-15 12:05:03] [INFO] [news_fetcher] Fetched 12 relevant news items
[2026-06-15 12:05:03] [INFO] [main] Equity: 73400.00$ | News: 12
[2026-06-15 12:05:03] [INFO] [main] --- EURUSD ---
[2026-06-15 12:05:06] [INFO] [qd_client] Logged in to QuantDinger
[2026-06-15 12:05:06] [INFO] [deepseek] AI analysis EURUSD: bias=bullish score=75.0 conf=0.80
[2026-06-15 12:05:06] [DEBUG] [signal_engine] Signal: BUY score=75.0 conf=0.80 valid=True
[2026-06-15 12:05:06] [INFO] [sentiment] Sentiment EURUSD: bearish score=100 bull=0 bear=2
[2026-06-15 12:05:07] [INFO] [mtf] MTF EURUSD: H4=bullish H1=neutral M15=neutral aligned=False (weak)
[2026-06-15 12:05:07] [INFO] [voting_engine] EURUSD: MTF not aligned, reducing score
[2026-06-15 12:05:07] [INFO] [main] EURUSD: SKIP - Score 29.2 < 65
[2026-06-15 12:05:07] [INFO] [main] --- XAUUSD ---
[2026-06-15 12:05:10] [INFO] [deepseek] AI analysis XAUUSD: bias=bullish score=75.0 conf=0.80
[2026-06-15 12:05:10] [DEBUG] [signal_engine] Signal: BUY score=75.0 conf=0.80 valid=True
[2026-06-15 12:05:10] [INFO] [sentiment] Sentiment XAUUSD: neutral score=50 bull=3 bear=2
[2026-06-15 12:05:11] [INFO] [mtf] MTF XAUUSD: H4=bearish H1=bearish M15=bearish aligned=True (strong)
[2026-06-15 12:05:11] [INFO] [main] XAUUSD: SKIP - Score 44.0 < 65
[2026-06-15 12:05:11] [INFO] [main] --- GBPUSD ---
[2026-06-15 12:05:13] [INFO] [deepseek] AI analysis GBPUSD: bias=bullish score=75.0 conf=0.80
[2026-06-15 12:05:13] [DEBUG] [signal_engine] Signal: BUY score=75.0 conf=0.80 valid=True
[2026-06-15 12:05:14] [INFO] [mtf] MTF GBPUSD: H4=bullish H1=bearish M15=bearish aligned=True (weak)
[2026-06-15 12:05:14] [INFO] [main] GBPUSD: SKIP - Score 41.0 < 65
[2026-06-15 12:05:14] [INFO] [main] Sleeping 1800s...
[2026-06-15 12:05:45] [INFO] [qd_client] Logged in to QuantDinger
[2026-06-15 12:06:06] [INFO] [qd_client] Logged in to QuantDinger
[2026-06-15 12:06:45] [INFO] [qd_client] Logged in to QuantDinger
[2026-06-15 12:07:06] [INFO] [qd_client] Logged in to QuantDinger
[2026-06-15 12:07:45] [INFO] [qd_client] Logged in to QuantDinger
[2026-06-15 12:08:07] [INFO] [qd_client] Logged in to QuantDinger
[2026-06-15 12:08:45] [WARNING] [mt5_watchdog] MT5 disconnected! Attempt 1/3
[2026-06-15 12:08:46] [INFO] [qd_client] Logged in to QuantDinger
[2026-06-15 12:08:46] [INFO] [qd_client] Logged in to QuantDinger
[2026-06-15 12:08:46] [INFO] [mt5_watchdog] MT5 already connected
[2026-06-15 12:08:46] [INFO] [mt5_watchdog] MT5 reconnected successfully!
[2026-06-15 12:09:06] [WARNING] [mt5_watchdog] MT5 disconnected! Attempt 1/3
[2026-06-15 12:09:07] [INFO] [qd_client] Logged in to QuantDinger
[2026-06-15 12:09:08] [INFO] [qd_client] Logged in to QuantDinger
[2026-06-15 12:09:08] [INFO] [mt5_watchdog] MT5 already connected
[2026-06-15 12:09:08] [INFO] [mt5_watchdog] MT5 reconnected successfully!
[2026-06-15 12:09:46] [INFO] [qd_client] Logged in to QuantDinger
[2026-06-15 12:10:07] [INFO] [qd_client] Logged in to QuantDinger
[2026-06-15 12:10:47] [INFO] [qd_client] Logged in to QuantDinger
[2026-06-15 12:11:08] [INFO] [qd_client] Logged in to QuantDinger
[2026-06-15 12:11:47] [INFO] [qd_client] Logged in to QuantDinger
[2026-06-15 12:12:08] [INFO] [qd_client] Logged in to QuantDinger
[2026-06-15 12:12:47] [WARNING] [mt5_watchdog] MT5 disconnected! Attempt 1/3
[2026-06-15 12:12:47] [INFO] [qd_client] Logged in to QuantDinger
[2026-06-15 12:12:48] [INFO] [qd_client] Logged in to QuantDinger
[2026-06-15 12:12:48] [INFO] [mt5_watchdog] MT5 already connected
[2026-06-15 12:12:48] [INFO] [mt5_watchdog] MT5 reconnected successfully!
[2026-06-15 12:13:08] [WARNING] [mt5_watchdog] MT5 disconnected! Attempt 1/3
[2026-06-15 12:13:09] [INFO] [qd_client] Logged in to QuantDinger
[2026-06-15 12:13:09] [INFO] [qd_client] Logged in to QuantDinger
[2026-06-15 12:13:09] [INFO] [mt5_watchdog] MT5 already connected
[2026-06-15 12:13:09] [INFO] [mt5_watchdog] MT5 reconnected successfully!
[2026-06-15 12:13:48] [INFO] [qd_client] Logged in to QuantDinger
[2026-06-15 12:14:09] [INFO] [qd_client] Logged in to QuantDinger
[2026-06-15 12:14:33] [INFO] [main] ==================================================
[2026-06-15 12:14:33] [INFO] [main] Cycle 5 at 12:14:33
[2026-06-15 12:14:37] [INFO] [news_fetcher] Fetched 13 relevant news items
[2026-06-15 12:14:37] [INFO] [main] Equity: 73490.00$ | News: 13
[2026-06-15 12:14:37] [INFO] [main] --- EURUSD ---
[2026-06-15 12:14:41] [INFO] [deepseek] AI analysis EURUSD: bias=neutral score=65.0 conf=0.45
[2026-06-15 12:14:41] [DEBUG] [signal_engine] Signal: NEUTRAL score=65.0 conf=0.45 valid=False
[2026-06-15 12:14:41] [INFO] [sentiment] Sentiment EURUSD: bullish score=83 bull=2 bear=1
[2026-06-15 12:14:41] [INFO] [mtf] MTF EURUSD: H4=bullish H1=neutral M15=neutral aligned=False (weak)
[2026-06-15 12:14:41] [INFO] [voting_engine] EURUSD: MTF not aligned, reducing score
[2026-06-15 12:14:41] [INFO] [main] --- XAUUSD ---
[2026-06-15 12:14:45] [INFO] [deepseek] AI analysis XAUUSD: bias=bullish score=65.0 conf=0.70
[2026-06-15 12:14:45] [DEBUG] [signal_engine] Signal: BUY score=65.0 conf=0.70 valid=True
[2026-06-15 12:14:45] [INFO] [sentiment] Sentiment XAUUSD: neutral score=50 bull=1 bear=1
[2026-06-15 12:14:46] [INFO] [mtf] MTF XAUUSD: H4=bearish H1=bearish M15=bearish aligned=True (strong)
[2026-06-15 12:14:46] [INFO] [main] XAUUSD: SKIP - Score 41.1 < 65
[2026-06-15 12:14:46] [INFO] [main] --- GBPUSD ---
[2026-06-15 12:14:48] [INFO] [qd_client] Logged in to QuantDinger
[2026-06-15 12:14:50] [INFO] [deepseek] AI analysis GBPUSD: bias=neutral score=45.0 conf=0.40
[2026-06-15 12:14:50] [DEBUG] [signal_engine] Signal: NEUTRAL score=45.0 conf=0.40 valid=False
[2026-06-15 12:14:50] [INFO] [sentiment] Sentiment GBPUSD: bearish score=83 bull=1 bear=2
[2026-06-15 12:14:50] [INFO] [mtf] MTF GBPUSD: H4=bullish H1=bearish M15=bearish aligned=True (weak)
[2026-06-15 12:14:50] [INFO] [main] Sleeping 1800s...
[2026-06-15 12:15:09] [INFO] [qd_client] Logged in to QuantDinger
[2026-06-15 12:15:48] [INFO] [qd_client] Logged in to QuantDinger
[2026-06-15 12:16:10] [INFO] [qd_client] Logged in to QuantDinger
[2026-06-15 12:16:49] [WARNING] [mt5_watchdog] MT5 disconnected! Attempt 1/3
[2026-06-15 12:16:49] [INFO] [qd_client] Logged in to QuantDinger
[2026-06-15 12:16:50] [INFO] [qd_client] Logged in to QuantDinger
[2026-06-15 12:16:50] [INFO] [mt5_watchdog] MT5 already connected
[2026-06-15 12:16:50] [INFO] [mt5_watchdog] MT5 reconnected successfully!
[2026-06-15 12:17:10] [WARNING] [mt5_watchdog] MT5 disconnected! Attempt 1/3
[2026-06-15 12:17:10] [INFO] [qd_client] Logged in to QuantDinger
[2026-06-15 12:17:11] [INFO] [qd_client] Logged in to QuantDinger
[2026-06-15 12:17:11] [INFO] [mt5_watchdog] MT5 already connected
[2026-06-15 12:17:11] [INFO] [mt5_watchdog] MT5 reconnected successfully!
[2026-06-15 12:17:49] [INFO] [qd_client] Logged in to QuantDinger
[2026-06-15 12:18:11] [INFO] [qd_client] Logged in to QuantDinger
[2026-06-15 12:18:14] [INFO] [qd_client] Logged in to QuantDinger
[2026-06-15 12:19:11] [INFO] [qd_client] Logged in to QuantDinger
[2026-06-15 12:19:50] [INFO] [qd_client] Logged in to QuantDinger
[2026-06-15 12:20:11] [INFO] [qd_client] Logged in to QuantDinger
[2026-06-15 12:20:50] [INFO] [qd_client] Logged in to QuantDinger
[2026-06-15 12:21:12] [INFO] [qd_client] Logged in to QuantDinger
[2026-06-15 12:21:50] [INFO] [qd_client] Logged in to QuantDinger
[2026-06-15 12:22:12] [INFO] [qd_client] Logged in to QuantDinger
[2026-06-15 12:22:51] [INFO] [qd_client] Logged in to QuantDinger
[2026-06-15 12:23:12] [WARNING] [mt5_watchdog] MT5 disconnected! Attempt 1/3
[2026-06-15 12:23:13] [INFO] [qd_client] Logged in to QuantDinger
[2026-06-15 12:23:13] [INFO] [qd_client] Logged in to QuantDinger
[2026-06-15 12:23:13] [INFO] [mt5_watchdog] MT5 already connected
[2026-06-15 12:23:13] [INFO] [mt5_watchdog] MT5 reconnected successfully!
[2026-06-15 12:23:51] [INFO] [qd_client] Logged in to QuantDinger
[2026-06-15 12:24:13] [INFO] [qd_client] Logged in to QuantDinger
[2026-06-15 12:24:51] [WARNING] [mt5_watchdog] MT5 disconnected! Attempt 1/3
[2026-06-15 12:24:52] [INFO] [qd_client] Logged in to QuantDinger
[2026-06-15 12:24:52] [INFO] [qd_client] Logged in to QuantDinger
[2026-06-15 12:24:52] [INFO] [mt5_watchdog] MT5 already connected
[2026-06-15 12:24:52] [INFO] [mt5_watchdog] MT5 reconnected successfully!
[2026-06-15 12:25:13] [INFO] [qd_client] Logged in to QuantDinger
[2026-06-15 12:25:52] [INFO] [qd_client] Logged in to QuantDinger
[2026-06-15 12:26:14] [INFO] [qd_client] Logged in to QuantDinger
[2026-06-15 12:26:52] [INFO] [qd_client] Logged in to QuantDinger
[2026-06-15 12:27:14] [WARNING] [mt5_watchdog] MT5 disconnected! Attempt 1/3
[2026-06-15 12:27:14] [INFO] [qd_client] Logged in to QuantDinger
[2026-06-15 12:27:15] [INFO] [qd_client] Logged in to QuantDinger
[2026-06-15 12:27:15] [INFO] [mt5_watchdog] MT5 already connected
[2026-06-15 12:27:15] [INFO] [mt5_watchdog] MT5 reconnected successfully!
[2026-06-15 12:27:53] [INFO] [qd_client] Logged in to QuantDinger
[2026-06-15 12:28:14] [INFO] [qd_client] Logged in to QuantDinger
[2026-06-15 12:28:53] [WARNING] [mt5_watchdog] MT5 disconnected! Attempt 1/3
[2026-06-15 12:28:53] [INFO] [qd_client] Logged in to QuantDinger
[2026-06-15 12:28:54] [INFO] [qd_client] Logged in to QuantDinger
[2026-06-15 12:28:54] [INFO] [mt5_watchdog] MT5 already connected
[2026-06-15 12:28:54] [INFO] [mt5_watchdog] MT5 reconnected successfully!
[2026-06-15 12:29:15] [INFO] [qd_client] Logged in to QuantDinger
[2026-06-15 12:29:54] [INFO] [qd_client] Logged in to QuantDinger
[2026-06-15 12:30:15] [INFO] [qd_client] Logged in to QuantDinger
[2026-06-15 12:30:54] [INFO] [qd_client] Logged in to QuantDinger
[2026-06-15 12:31:16] [INFO] [qd_client] Logged in to QuantDinger
[2026-06-15 12:31:54] [INFO] [qd_client] Logged in to QuantDinger
[2026-06-15 12:32:16] [INFO] [qd_client] Logged in to QuantDinger
[2026-06-15 12:32:55] [INFO] [qd_client] Logged in to QuantDinger
[2026-06-15 12:33:16] [WARNING] [mt5_watchdog] MT5 disconnected! Attempt 1/3
[2026-06-15 12:33:16] [INFO] [qd_client] Logged in to QuantDinger
[2026-06-15 12:33:17] [INFO] [qd_client] Logged in to QuantDinger
[2026-06-15 12:33:17] [INFO] [mt5_watchdog] MT5 already connected
[2026-06-15 12:33:17] [INFO] [mt5_watchdog] MT5 reconnected successfully!
[2026-06-15 12:33:55] [INFO] [qd_client] Logged in to QuantDinger
[2026-06-15 12:34:17] [INFO] [qd_client] Logged in to QuantDinger
[2026-06-15 12:34:55] [WARNING] [mt5_watchdog] MT5 disconnected! Attempt 1/3
[2026-06-15 12:34:55] [INFO] [qd_client] Logged in to QuantDinger
[2026-06-15 12:34:56] [INFO] [qd_client] Logged in to QuantDinger
[2026-06-15 12:34:56] [INFO] [mt5_watchdog] MT5 already connected
[2026-06-15 12:34:56] [INFO] [mt5_watchdog] MT5 reconnected successfully!
[2026-06-15 12:35:14] [INFO] [main] ==================================================
[2026-06-15 12:35:14] [INFO] [main] Cycle 10 at 12:35:14
[2026-06-15 12:35:17] [INFO] [qd_client] Logged in to QuantDinger
[2026-06-15 12:35:18] [INFO] [news_fetcher] Fetched 14 relevant news items
[2026-06-15 12:35:19] [INFO] [qd_client] Logged in to QuantDinger
[2026-06-15 12:35:19] [INFO] [main] Equity: 76530.00$ | News: 14
[2026-06-15 12:35:19] [INFO] [main] --- EURUSD ---
[2026-06-15 12:35:22] [INFO] [deepseek] AI analysis EURUSD: bias=bullish score=75.0 conf=0.80
[2026-06-15 12:35:22] [DEBUG] [signal_engine] Signal: BUY score=75.0 conf=0.80 valid=True
[2026-06-15 12:35:22] [INFO] [sentiment] Sentiment EURUSD: bullish score=83 bull=2 bear=1
[2026-06-15 12:35:22] [INFO] [mtf] MTF EURUSD: H4=bullish H1=neutral M15=neutral aligned=False (weak)
[2026-06-15 12:35:22] [INFO] [voting_engine] EURUSD: MTF not aligned, reducing score
[2026-06-15 12:35:22] [INFO] [main] EURUSD: SKIP - Score 28.3 < 65
[2026-06-15 12:35:22] [INFO] [main] --- XAUUSD ---
[2026-06-15 12:35:25] [INFO] [deepseek] AI analysis XAUUSD: bias=bullish score=75.0 conf=0.80
[2026-06-15 12:35:25] [DEBUG] [signal_engine] Signal: BUY score=75.0 conf=0.80 valid=True
[2026-06-15 12:35:25] [INFO] [sentiment] Sentiment XAUUSD: neutral score=50 bull=1 bear=1
[2026-06-15 12:35:26] [INFO] [mtf] MTF XAUUSD: H4=bearish H1=bearish M15=bearish aligned=True (strong)
[2026-06-15 12:35:26] [INFO] [main] XAUUSD: SKIP - Score 44.0 < 65
[2026-06-15 12:35:26] [INFO] [main] --- GBPUSD ---
[2026-06-15 12:35:28] [INFO] [deepseek] AI analysis GBPUSD: bias=bullish score=75.0 conf=0.80
[2026-06-15 12:35:28] [DEBUG] [signal_engine] Signal: BUY score=75.0 conf=0.80 valid=True
[2026-06-15 12:35:28] [INFO] [sentiment] Sentiment GBPUSD: bearish score=83 bull=1 bear=2
[2026-06-15 12:35:29] [INFO] [mtf] MTF GBPUSD: H4=bullish H1=bearish M15=bearish aligned=True (weak)
[2026-06-15 12:35:29] [INFO] [main] GBPUSD: SKIP - Score 43.9 < 65
[2026-06-15 12:35:29] [INFO] [main] Sleeping 1800s...
[2026-06-15 12:36:18] [INFO] [qd_client] Logged in to QuantDinger
[2026-06-15 12:36:56] [INFO] [qd_client] Logged in to QuantDinger
[2026-06-15 12:37:18] [WARNING] [mt5_watchdog] MT5 disconnected! Attempt 1/3
[2026-06-15 12:37:18] [INFO] [qd_client] Logged in to QuantDinger
[2026-06-15 12:37:19] [INFO] [qd_client] Logged in to QuantDinger
[2026-06-15 12:37:19] [INFO] [mt5_watchdog] MT5 already connected
[2026-06-15 12:37:19] [INFO] [mt5_watchdog] MT5 reconnected successfully!
[2026-06-15 12:37:56] [INFO] [qd_client] Logged in to QuantDinger
[2026-06-15 12:38:18] [INFO] [qd_client] Logged in to QuantDinger
[2026-06-15 12:38:57] [WARNING] [mt5_watchdog] MT5 disconnected! Attempt 1/3
[2026-06-15 12:38:57] [INFO] [qd_client] Logged in to QuantDinger
[2026-06-15 12:38:58] [INFO] [qd_client] Logged in to QuantDinger
[2026-06-15 12:38:58] [INFO] [mt5_watchdog] MT5 already connected
[2026-06-15 12:38:58] [INFO] [mt5_watchdog] MT5 reconnected successfully!
[2026-06-15 12:39:19] [INFO] [qd_client] Logged in to QuantDinger
[2026-06-15 12:39:57] [INFO] [qd_client] Logged in to QuantDinger
[2026-06-15 12:40:19] [INFO] [qd_client] Logged in to QuantDinger
[2026-06-15 12:40:57] [INFO] [qd_client] Logged in to QuantDinger
[2026-06-15 12:41:20] [INFO] [qd_client] Logged in to QuantDinger
[2026-06-15 12:41:58] [INFO] [qd_client] Logged in to QuantDinger
[2026-06-15 12:42:20] [INFO] [qd_client] Logged in to QuantDinger
[2026-06-15 12:42:58] [INFO] [qd_client] Logged in to QuantDinger
[2026-06-15 12:43:20] [WARNING] [mt5_watchdog] MT5 disconnected! Attempt 1/3
[2026-06-15 12:43:20] [INFO] [qd_client] Logged in to QuantDinger
[2026-06-15 12:43:21] [INFO] [qd_client] Logged in to QuantDinger
[2026-06-15 12:43:21] [INFO] [mt5_watchdog] MT5 already connected
[2026-06-15 12:43:21] [INFO] [mt5_watchdog] MT5 reconnected successfully!
[2026-06-15 12:43:59] [INFO] [qd_client] Logged in to QuantDinger
[2026-06-15 12:44:21] [INFO] [qd_client] Logged in to QuantDinger
[2026-06-15 12:44:50] [INFO] [main] ==================================================
[2026-06-15 12:44:50] [INFO] [main] Cycle 6 at 12:44:50
[2026-06-15 12:44:54] [INFO] [news_fetcher] Fetched 14 relevant news items
[2026-06-15 12:44:54] [INFO] [main] Equity: 76820.00$ | News: 14
[2026-06-15 12:44:54] [INFO] [main] --- EURUSD ---
[2026-06-15 12:44:58] [INFO] [deepseek] AI analysis EURUSD: bias=neutral score=65.0 conf=0.45
[2026-06-15 12:44:58] [DEBUG] [signal_engine] Signal: NEUTRAL score=65.0 conf=0.45 valid=False
[2026-06-15 12:44:58] [INFO] [sentiment] Sentiment EURUSD: bullish score=83 bull=2 bear=1
[2026-06-15 12:44:58] [INFO] [mtf] MTF EURUSD: H4=bullish H1=neutral M15=neutral aligned=False (weak)
[2026-06-15 12:44:58] [INFO] [voting_engine] EURUSD: MTF not aligned, reducing score
[2026-06-15 12:44:58] [INFO] [main] --- XAUUSD ---
[2026-06-15 12:44:58] [WARNING] [mt5_watchdog] MT5 disconnected! Attempt 1/3
[2026-06-15 12:44:59] [INFO] [qd_client] Logged in to QuantDinger
[2026-06-15 12:44:59] [INFO] [qd_client] Logged in to QuantDinger
[2026-06-15 12:44:59] [INFO] [mt5_watchdog] MT5 already connected
[2026-06-15 12:44:59] [INFO] [mt5_watchdog] MT5 reconnected successfully!
[2026-06-15 12:45:02] [INFO] [deepseek] AI analysis XAUUSD: bias=bullish score=65.0 conf=0.70
[2026-06-15 12:45:02] [DEBUG] [signal_engine] Signal: BUY score=65.0 conf=0.70 valid=True
[2026-06-15 12:45:02] [INFO] [sentiment] Sentiment XAUUSD: neutral score=50 bull=1 bear=1
[2026-06-15 12:45:02] [INFO] [mtf] MTF XAUUSD: H4=bearish H1=bearish M15=bearish aligned=True (strong)
[2026-06-15 12:45:02] [INFO] [main] XAUUSD: SKIP - Score 41.1 < 65
[2026-06-15 12:45:02] [INFO] [main] --- GBPUSD ---
[2026-06-15 12:45:06] [INFO] [deepseek] AI analysis GBPUSD: bias=neutral score=55.0 conf=0.45
[2026-06-15 12:45:06] [DEBUG] [signal_engine] Signal: NEUTRAL score=55.0 conf=0.45 valid=False
[2026-06-15 12:45:06] [INFO] [sentiment] Sentiment GBPUSD: bearish score=83 bull=1 bear=2
[2026-06-15 12:45:06] [INFO] [mtf] MTF GBPUSD: H4=bullish H1=bearish M15=bearish aligned=True (weak)
[2026-06-15 12:45:06] [INFO] [main] Sleeping 1800s...
[2026-06-15 12:45:21] [INFO] [qd_client] Logged in to QuantDinger
[2026-06-15 12:45:59] [INFO] [qd_client] Logged in to QuantDinger
[2026-06-15 12:46:22] [INFO] [qd_client] Logged in to QuantDinger
[2026-06-15 12:47:00] [INFO] [qd_client] Logged in to QuantDinger
[2026-06-15 12:47:22] [WARNING] [mt5_watchdog] MT5 disconnected! Attempt 1/3
[2026-06-15 12:47:22] [INFO] [qd_client] Logged in to QuantDinger
[2026-06-15 12:47:23] [INFO] [qd_client] Logged in to QuantDinger
[2026-06-15 12:47:23] [INFO] [mt5_watchdog] MT5 already connected
[2026-06-15 12:47:23] [INFO] [mt5_watchdog] MT5 reconnected successfully!
[2026-06-15 12:48:00] [INFO] [qd_client] Logged in to QuantDinger
[2026-06-15 12:48:22] [INFO] [qd_client] Logged in to QuantDinger
[2026-06-15 12:49:00] [WARNING] [mt5_watchdog] MT5 disconnected! Attempt 1/3
[2026-06-15 12:49:01] [INFO] [qd_client] Logged in to QuantDinger
[2026-06-15 12:49:01] [INFO] [qd_client] Logged in to QuantDinger
[2026-06-15 12:49:01] [INFO] [mt5_watchdog] MT5 already connected
[2026-06-15 12:49:01] [INFO] [mt5_watchdog] MT5 reconnected successfully!
[2026-06-15 12:49:23] [INFO] [qd_client] Logged in to QuantDinger
[2026-06-15 12:50:01] [INFO] [qd_client] Logged in to QuantDinger
[2026-06-15 12:50:23] [INFO] [qd_client] Logged in to QuantDinger
[2026-06-15 12:51:01] [INFO] [qd_client] Logged in to QuantDinger
[2026-06-15 12:51:24] [INFO] [qd_client] Logged in to QuantDinger
[2026-06-15 12:52:02] [INFO] [qd_client] Logged in to QuantDinger
[2026-06-15 12:52:24] [INFO] [qd_client] Logged in to QuantDinger
[2026-06-15 12:53:02] [WARNING] [mt5_watchdog] MT5 disconnected! Attempt 1/3
[2026-06-15 12:53:02] [INFO] [qd_client] Logged in to QuantDinger
[2026-06-15 12:53:03] [INFO] [qd_client] Logged in to QuantDinger
[2026-06-15 12:53:03] [INFO] [mt5_watchdog] MT5 already connected
[2026-06-15 12:53:03] [INFO] [mt5_watchdog] MT5 reconnected successfully!
[2026-06-15 12:53:24] [WARNING] [mt5_watchdog] MT5 disconnected! Attempt 1/3
[2026-06-15 12:53:24] [INFO] [qd_client] Logged in to QuantDinger
[2026-06-15 12:53:25] [INFO] [qd_client] Logged in to QuantDinger
[2026-06-15 12:53:25] [INFO] [mt5_watchdog] MT5 already connected
[2026-06-15 12:53:25] [INFO] [mt5_watchdog] MT5 reconnected successfully!
[2026-06-15 12:54:03] [INFO] [qd_client] Logged in to QuantDinger
[2026-06-15 12:54:25] [INFO] [qd_client] Logged in to QuantDinger
[2026-06-15 12:55:03] [INFO] [qd_client] Logged in to QuantDinger
[2026-06-15 12:55:25] [INFO] [qd_client] Logged in to QuantDinger
[2026-06-15 12:56:03] [INFO] [qd_client] Logged in to QuantDinger
[2026-06-15 12:56:26] [INFO] [qd_client] Logged in to QuantDinger
[2026-06-15 12:57:04] [INFO] [qd_client] Logged in to QuantDinger
[2026-06-15 12:57:25] [WARNING] [mt5_watchdog] MT5 disconnected! Attempt 1/3
[2026-06-15 12:57:26] [INFO] [qd_client] Logged in to QuantDinger
[2026-06-15 12:57:26] [INFO] [qd_client] Logged in to QuantDinger
[2026-06-15 12:57:27] [INFO] [mt5_watchdog] MT5 already connected
[2026-06-15 12:57:27] [INFO] [mt5_watchdog] MT5 reconnected successfully!
[2026-06-15 12:58:04] [INFO] [qd_client] Logged in to QuantDinger
[2026-06-15 12:58:26] [INFO] [qd_client] Logged in to QuantDinger
[2026-06-15 12:59:04] [WARNING] [mt5_watchdog] MT5 disconnected! Attempt 1/3
[2026-06-15 12:59:05] [INFO] [qd_client] Logged in to QuantDinger
[2026-06-15 12:59:05] [INFO] [qd_client] Logged in to QuantDinger
[2026-06-15 12:59:05] [INFO] [mt5_watchdog] MT5 already connected
[2026-06-15 12:59:05] [INFO] [mt5_watchdog] MT5 reconnected successfully!
[2026-06-15 12:59:27] [INFO] [qd_client] Logged in to QuantDinger
[2026-06-15 13:00:05] [INFO] [qd_client] Logged in to QuantDinger
[2026-06-15 13:00:27] [INFO] [qd_client] Logged in to QuantDinger
[2026-06-15 13:01:05] [INFO] [qd_client] Logged in to QuantDinger
[2026-06-15 13:01:27] [WARNING] [mt5_watchdog] MT5 disconnected! Attempt 1/3
[2026-06-15 13:01:28] [INFO] [qd_client] Logged in to QuantDinger
[2026-06-15 13:01:28] [INFO] [qd_client] Logged in to QuantDinger
[2026-06-15 13:01:28] [INFO] [mt5_watchdog] MT5 already connected
[2026-06-15 13:01:28] [INFO] [mt5_watchdog] MT5 reconnected successfully!
[2026-06-15 13:02:06] [INFO] [qd_client] Logged in to QuantDinger
[2026-06-15 13:02:28] [INFO] [qd_client] Logged in to QuantDinger
[2026-06-15 13:03:06] [WARNING] [mt5_watchdog] MT5 disconnected! Attempt 1/3
[2026-06-15 13:03:06] [INFO] [qd_client] Logged in to QuantDinger
[2026-06-15 13:03:07] [INFO] [qd_client] Logged in to QuantDinger
[2026-06-15 13:03:07] [INFO] [mt5_watchdog] MT5 already connected
[2026-06-15 13:03:07] [INFO] [mt5_watchdog] MT5 reconnected successfully!
[2026-06-15 13:03:28] [INFO] [qd_client] Logged in to QuantDinger
[2026-06-15 13:04:06] [INFO] [qd_client] Logged in to QuantDinger
[2026-06-15 13:04:29] [INFO] [qd_client] Logged in to QuantDinger
[2026-06-15 13:05:03] [INFO] [qd_client] Logged in to QuantDinger
[2026-06-15 13:05:29] [INFO] [main] ==================================================
[2026-06-15 13:05:29] [INFO] [main] Cycle 11 at 13:05:29
[2026-06-15 13:05:29] [WARNING] [mt5_watchdog] MT5 disconnected! Attempt 1/3
[2026-06-15 13:05:29] [INFO] [qd_client] Logged in to QuantDinger
[2026-06-15 13:05:30] [INFO] [qd_client] Logged in to QuantDinger
[2026-06-15 13:05:30] [INFO] [mt5_watchdog] MT5 already connected
[2026-06-15 13:05:30] [INFO] [mt5_watchdog] MT5 reconnected successfully!
[2026-06-15 13:05:33] [INFO] [news_fetcher] Fetched 13 relevant news items
[2026-06-15 13:05:33] [INFO] [qd_client] Logged in to QuantDinger
[2026-06-15 13:05:33] [INFO] [main] Equity: 75040.00$ | News: 13
[2026-06-15 13:05:33] [INFO] [main] --- EURUSD ---
[2026-06-15 13:05:37] [INFO] [deepseek] AI analysis EURUSD: bias=bullish score=75.0 conf=0.80
[2026-06-15 13:05:37] [DEBUG] [signal_engine] Signal: BUY score=75.0 conf=0.80 valid=True
[2026-06-15 13:05:37] [INFO] [sentiment] Sentiment EURUSD: bullish score=100 bull=1 bear=0
[2026-06-15 13:05:37] [INFO] [mtf] MTF EURUSD: H4=bullish H1=bearish M15=bearish aligned=True (weak)
[2026-06-15 13:05:37] [INFO] [main] EURUSD: SKIP - Score 45.0 < 65
[2026-06-15 13:05:37] [INFO] [main] --- XAUUSD ---
[2026-06-15 13:05:40] [INFO] [deepseek] AI analysis XAUUSD: bias=bullish score=75.0 conf=0.80
[2026-06-15 13:05:40] [DEBUG] [signal_engine] Signal: BUY score=75.0 conf=0.80 valid=True
[2026-06-15 13:05:40] [INFO] [sentiment] Sentiment XAUUSD: neutral score=50 bull=1 bear=1
[2026-06-15 13:05:41] [INFO] [mtf] MTF XAUUSD: H4=bearish H1=bearish M15=bearish aligned=True (strong)
[2026-06-15 13:05:41] [INFO] [main] XAUUSD: SKIP - Score 44.0 < 65
[2026-06-15 13:05:41] [INFO] [main] --- GBPUSD ---
[2026-06-15 13:05:44] [INFO] [deepseek] AI analysis GBPUSD: bias=bullish score=75.0 conf=0.80
[2026-06-15 13:05:44] [DEBUG] [signal_engine] Signal: BUY score=75.0 conf=0.80 valid=True
[2026-06-15 13:05:44] [INFO] [mtf] MTF GBPUSD: H4=bullish H1=bearish M15=bearish aligned=True (weak)
[2026-06-15 13:05:44] [INFO] [main] GBPUSD: SKIP - Score 41.0 < 65
[2026-06-15 13:05:44] [INFO] [main] Sleeping 1800s...
[2026-06-15 13:06:29] [INFO] [qd_client] Logged in to QuantDinger
[2026-06-15 13:06:56] [INFO] [qd_client] Logged in to QuantDinger
[2026-06-15 13:07:16] [ERROR] [telegram_bot] Reply error: HTTPSConnectionPool(host='api.telegram.org', port=443): Read timed out. (read timeout=10)
[2026-06-15 13:07:30] [INFO] [qd_client] Logged in to QuantDinger
[2026-06-15 13:07:37] [ERROR] [telegram_bot] Updates error: HTTPSConnectionPool(host='api.telegram.org', port=443): Read timed out. (read timeout=35)
[2026-06-15 13:08:07] [INFO] [qd_client] Logged in to QuantDinger
[2026-06-15 13:08:30] [INFO] [qd_client] Logged in to QuantDinger
[2026-06-15 13:09:07] [INFO] [qd_client] Logged in to QuantDinger
[2026-06-15 13:09:31] [INFO] [qd_client] Logged in to QuantDinger
[2026-06-15 13:10:08] [INFO] [qd_client] Logged in to QuantDinger
[2026-06-15 13:10:31] [INFO] [qd_client] Logged in to QuantDinger
[2026-06-15 13:11:08] [WARNING] [mt5_watchdog] MT5 disconnected! Attempt 1/3
[2026-06-15 13:11:08] [INFO] [qd_client] Logged in to QuantDinger
[2026-06-15 13:11:09] [INFO] [qd_client] Logged in to QuantDinger
[2026-06-15 13:11:09] [INFO] [mt5_watchdog] MT5 already connected
[2026-06-15 13:11:09] [INFO] [mt5_watchdog] MT5 reconnected successfully!
[2026-06-15 13:11:31] [WARNING] [mt5_watchdog] MT5 disconnected! Attempt 1/3
[2026-06-15 13:11:31] [INFO] [qd_client] Logged in to QuantDinger
[2026-06-15 13:11:33] [INFO] [qd_client] Logged in to QuantDinger
[2026-06-15 13:11:33] [INFO] [mt5_watchdog] MT5 already connected
[2026-06-15 13:11:33] [INFO] [mt5_watchdog] MT5 reconnected successfully!
[2026-06-15 13:12:09] [INFO] [qd_client] Logged in to QuantDinger
[2026-06-15 13:12:32] [INFO] [qd_client] Logged in to QuantDinger
[2026-06-15 13:13:09] [INFO] [qd_client] Logged in to QuantDinger
[2026-06-15 13:13:32] [INFO] [qd_client] Logged in to QuantDinger
[2026-06-15 13:13:32] [INFO] [qd_client] Logged in to QuantDinger
[2026-06-15 13:14:09] [INFO] [qd_client] Logged in to QuantDinger
[2026-06-15 13:14:33] [INFO] [qd_client] Logged in to QuantDinger
[2026-06-15 13:15:06] [INFO] [main] ==================================================
[2026-06-15 13:15:06] [INFO] [main] Cycle 7 at 13:15:06
[2026-06-15 13:15:06] [INFO] [main] Trading paused, skipping
[2026-06-15 13:15:06] [INFO] [main] Sleeping 1800s...
[2026-06-15 13:15:10] [WARNING] [mt5_watchdog] MT5 disconnected! Attempt 1/3
[2026-06-15 13:15:10] [INFO] [qd_client] Logged in to QuantDinger
[2026-06-15 13:15:11] [INFO] [qd_client] Logged in to QuantDinger
[2026-06-15 13:15:11] [INFO] [mt5_watchdog] MT5 already connected
[2026-06-15 13:15:11] [INFO] [mt5_watchdog] MT5 reconnected successfully!
[2026-06-15 13:15:33] [INFO] [qd_client] Logged in to QuantDinger
[2026-06-15 13:16:10] [INFO] [qd_client] Logged in to QuantDinger
[2026-06-15 13:16:34] [INFO] [qd_client] Logged in to QuantDinger
[2026-06-15 13:16:35] [INFO] [main] Trading Bot V3 starting...
[2026-06-15 13:16:35] [INFO] [database] V3 Database initialized with all tables
[2026-06-15 13:16:35] [INFO] [qd_client] Logged in to QuantDinger
[2026-06-15 13:16:35] [INFO] [qd_client] MT5 connected
[2026-06-15 13:16:35] [INFO] [main] MT5 connected
[2026-06-15 13:16:35] [INFO] [telegram_bot] Telegram polling started
[2026-06-15 13:16:35] [INFO] [telegram_bot] Telegram bot V3 started
[2026-06-15 13:16:35] [INFO] [mt5_watchdog] MT5 watchdog started (V1 reconnect logic)
[2026-06-15 13:16:35] [INFO] [reconciliation] Reconciliation loop started (every 60s)
[2026-06-15 13:16:35] [INFO] [reconciliation] Reconciliation thread started
[2026-06-15 13:16:36] [INFO] [main] ==================================================
[2026-06-15 13:16:36] [INFO] [main] Cycle 1 at 13:16:36
[2026-06-15 13:16:42] [INFO] [news_fetcher] Fetched 11 relevant news items
[2026-06-15 13:16:42] [INFO] [main] Equity: 74670.00$ | News: 11
[2026-06-15 13:16:42] [INFO] [main] --- EURUSD ---
[2026-06-15 13:16:45] [INFO] [deepseek] AI analysis EURUSD: bias=neutral score=45.0 conf=0.45
[2026-06-15 13:16:45] [DEBUG] [signal_engine] Signal: NEUTRAL score=45.0 conf=0.45 valid=False
[2026-06-15 13:16:45] [INFO] [sentiment] Sentiment EURUSD: bearish score=88 bull=1 bear=3
[2026-06-15 13:16:46] [INFO] [mtf] MTF EURUSD: H4=bullish H1=neutral M15=neutral aligned=False (weak)
[2026-06-15 13:16:46] [INFO] [voting_engine] EURUSD: MTF not aligned, reducing score
[2026-06-15 13:16:46] [INFO] [main] --- XAUUSD ---
[2026-06-15 13:16:49] [INFO] [deepseek] AI analysis XAUUSD: bias=neutral score=45.0 conf=0.40
[2026-06-15 13:16:49] [DEBUG] [signal_engine] Signal: NEUTRAL score=45.0 conf=0.40 valid=False
[2026-06-15 13:16:50] [INFO] [mtf] MTF XAUUSD: H4=bearish H1=bearish M15=bearish aligned=True (strong)
[2026-06-15 13:16:50] [INFO] [main] --- GBPUSD ---
[2026-06-15 13:16:53] [INFO] [deepseek] AI analysis GBPUSD: bias=bearish score=55.0 conf=0.65
[2026-06-15 13:16:53] [DEBUG] [signal_engine] Signal: SELL score=55.0 conf=0.65 valid=True
[2026-06-15 13:16:54] [INFO] [mtf] MTF GBPUSD: H4=bullish H1=bearish M15=bearish aligned=True (weak)
[2026-06-15 13:16:54] [INFO] [main] GBPUSD: SKIP - Score 36.1 < 65
[2026-06-15 13:16:54] [INFO] [main] Sleeping 1800s...
[2026-06-15 13:17:11] [INFO] [qd_client] Logged in to QuantDinger
[2026-06-15 13:17:34] [INFO] [qd_client] Logged in to QuantDinger
[2026-06-15 13:17:34] [INFO] [qd_client] Logged in to QuantDinger
[2026-06-15 13:17:35] [WARNING] [mt5_watchdog] MT5 disconnected! Attempt 1/3
[2026-06-15 13:17:36] [INFO] [qd_client] Logged in to QuantDinger
[2026-06-15 13:17:36] [INFO] [qd_client] Logged in to QuantDinger
[2026-06-15 13:17:36] [INFO] [qd_client] Logged in to QuantDinger
[2026-06-15 13:17:36] [INFO] [mt5_watchdog] MT5 already connected
[2026-06-15 13:17:36] [INFO] [mt5_watchdog] MT5 reconnected successfully!
[2026-06-15 13:17:37] [INFO] [qd_client] Logged in to QuantDinger
[2026-06-15 13:17:55] [INFO] [news_fetcher] Fetched 11 relevant news items
[2026-06-15 13:18:00] [INFO] [deepseek] AI analysis EURUSD: bias=bearish score=55.0 conf=0.65
[2026-06-15 13:18:05] [INFO] [deepseek] AI analysis XAUUSD: bias=neutral score=45.0 conf=0.45
[2026-06-15 13:18:09] [INFO] [deepseek] AI analysis GBPUSD: bias=bearish score=45.0 conf=0.60
[2026-06-15 13:18:21] [INFO] [qd_client] Logged in to QuantDinger
[2026-06-15 13:18:21] [INFO] [qd_client] Logged in to QuantDinger
[2026-06-15 13:18:22] [INFO] [qd_client] Logged in to QuantDinger
[2026-06-15 13:18:34] [INFO] [qd_client] Logged in to QuantDinger
[2026-06-15 13:18:36] [INFO] [qd_client] Logged in to QuantDinger
[2026-06-15 13:20:40] [INFO] [main] Trading Bot V3 starting...
[2026-06-15 13:20:40] [INFO] [database] V3 Database initialized with all tables
[2026-06-15 13:20:40] [ERROR] [qd_client] Login attempt 1 failed: Expecting value: line 1 column 1 (char 0)
[2026-06-15 13:20:45] [ERROR] [qd_client] Login attempt 2 failed: Expecting value: line 1 column 1 (char 0)
[2026-06-15 13:20:51] [INFO] [qd_client] Logged in to QuantDinger
[2026-06-15 13:20:51] [INFO] [qd_client] MT5 connected
[2026-06-15 13:20:51] [INFO] [main] MT5 connected
[2026-06-15 13:20:51] [INFO] [telegram_bot] Telegram polling started
[2026-06-15 13:20:51] [INFO] [telegram_bot] Telegram bot V3 started
[2026-06-15 13:20:51] [INFO] [mt5_watchdog] MT5 watchdog started (V1 reconnect logic)
[2026-06-15 13:20:51] [INFO] [reconciliation] Reconciliation loop started (every 60s)
[2026-06-15 13:20:51] [INFO] [reconciliation] Reconciliation thread started
[2026-06-15 13:20:52] [INFO] [main] ==================================================
[2026-06-15 13:20:52] [INFO] [main] Cycle 1 at 13:20:52
[2026-06-15 13:20:57] [INFO] [news_fetcher] Fetched 11 relevant news items
[2026-06-15 13:20:57] [INFO] [main] Equity: 74960.00$ | News: 11
[2026-06-15 13:20:57] [INFO] [main] --- EURUSD ---
[2026-06-15 13:21:01] [INFO] [deepseek] AI analysis EURUSD: bias=bearish score=55.0 conf=0.65
[2026-06-15 13:21:01] [DEBUG] [signal_engine] Signal: SELL score=55.0 conf=0.65 valid=True
[2026-06-15 13:21:01] [INFO] [sentiment] Sentiment EURUSD: bullish score=100 bull=1 bear=0
[2026-06-15 13:21:02] [INFO] [mtf] MTF EURUSD: H4=bullish H1=neutral M15=neutral aligned=False (weak)
[2026-06-15 13:21:02] [INFO] [voting_engine] EURUSD: MTF not aligned, reducing score
[2026-06-15 13:21:02] [INFO] [main] --- XAUUSD ---
[2026-06-15 13:21:05] [INFO] [deepseek] AI analysis XAUUSD: bias=neutral score=45.0 conf=0.40
[2026-06-15 13:21:05] [DEBUG] [signal_engine] Signal: NEUTRAL score=45.0 conf=0.40 valid=False
[2026-06-15 13:21:06] [INFO] [mtf] MTF XAUUSD: H4=bearish H1=bearish M15=bearish aligned=True (strong)
[2026-06-15 13:21:06] [INFO] [main] --- GBPUSD ---
[2026-06-15 13:21:10] [INFO] [deepseek] AI analysis GBPUSD: bias=neutral score=45.0 conf=0.45
[2026-06-15 13:21:10] [DEBUG] [signal_engine] Signal: NEUTRAL score=45.0 conf=0.45 valid=False
[2026-06-15 13:21:10] [INFO] [mtf] MTF GBPUSD: H4=bullish H1=bearish M15=bearish aligned=True (weak)
[2026-06-15 13:21:10] [INFO] [main] Sleeping 1800s...
[2026-06-15 13:23:51] [WARNING] [mt5_watchdog] MT5 disconnected! Attempt 1/3
[2026-06-15 13:23:52] [INFO] [qd_client] Logged in to QuantDinger
[2026-06-15 13:23:53] [INFO] [qd_client] Logged in to QuantDinger
[2026-06-15 13:23:53] [INFO] [mt5_watchdog] MT5 already connected
[2026-06-15 13:23:53] [INFO] [mt5_watchdog] MT5 reconnected successfully!
