[2026-07-08 00:28:34] [INFO] [main] Trading Bot V3 starting...
[2026-07-08 00:28:34] [INFO] [database] V3 Database initialized with all tables
[2026-07-08 00:28:34] [INFO] [qd_client] Logged in to QuantDinger
[2026-07-08 00:28:34] [INFO] [qd_client] MT5 connected
[2026-07-08 00:28:34] [INFO] [main] MT5 connected
[2026-07-08 00:28:34] [INFO] [telegram_bot] Telegram polling started
[2026-07-08 00:28:34] [INFO] [telegram_bot] Telegram bot V3 started
[2026-07-08 00:28:34] [INFO] [mt5_watchdog] MT5 watchdog started (V1 reconnect logic)
[2026-07-08 00:28:34] [INFO] [reconciliation] Reconciliation loop started (every 60s)
[2026-07-08 00:28:34] [INFO] [reconciliation] Reconciliation thread started (safety only)
[2026-07-08 00:28:34] [INFO] [post_entry_manager] PostEntryManager started
[2026-07-08 00:28:34] [ERROR] [reconciliation] [RECONCILE] MT5 positions_get returned None last_error=(-10004, 'No IPC connection')
[2026-07-08 00:28:35] [INFO] [main] ==================================================
[2026-07-08 00:28:35] [INFO] [main] Cycle 1 at 00:28:35
[2026-07-08 00:28:44] [INFO] [news_fetcher] Fetched 18 relevant news items
[2026-07-08 00:28:44] [INFO] [main] Equity: 74374.47$ | News: 18
[2026-07-08 00:28:44] [DEBUG] [hybrid_market_client] Fetching indicators for EURUSD (QuantDinger only)
[2026-07-08 00:28:44] [DEBUG] [market_client] Candles EURUSD 4H: 100 bars ✓
[2026-07-08 00:28:44] [DEBUG] [hybrid_market_client] ✓ Got live data from QuantDinger for EURUSD
[2026-07-08 00:28:44] [DEBUG] [hybrid_market_client] Fetching indicators for EURUSD (QuantDinger only)
[2026-07-08 00:28:44] [DEBUG] [market_client] Candles EURUSD 4H: 100 bars ✓
[2026-07-08 00:28:44] [DEBUG] [hybrid_market_client] ✓ Got live data from QuantDinger for EURUSD
[2026-07-08 00:28:44] [DEBUG] [hybrid_market_client] Fetching indicators for EURUSD (QuantDinger only)
[2026-07-08 00:28:44] [DEBUG] [market_client] Candles EURUSD 4H: 100 bars ✓
[2026-07-08 00:28:44] [DEBUG] [hybrid_market_client] ✓ Got live data from QuantDinger for EURUSD
[2026-07-08 00:28:44] [INFO] [market_snapshot_builder] [SNAPSHOT_BUILT] symbol=EURUSD tfs=H4,H1,M15
[2026-07-08 00:28:44] [DEBUG] [hybrid_market_client] Fetching indicators for XAUUSD (QuantDinger only)
[2026-07-08 00:28:45] [DEBUG] [market_client] Candles XAUUSD 4H: 96 bars ✓
[2026-07-08 00:28:45] [DEBUG] [hybrid_market_client] ✓ Got live data from QuantDinger for XAUUSD
[2026-07-08 00:28:45] [DEBUG] [hybrid_market_client] Fetching indicators for XAUUSD (QuantDinger only)
[2026-07-08 00:28:45] [DEBUG] [market_client] Candles XAUUSD 4H: 96 bars ✓
[2026-07-08 00:28:45] [DEBUG] [hybrid_market_client] ✓ Got live data from QuantDinger for XAUUSD
[2026-07-08 00:28:45] [DEBUG] [hybrid_market_client] Fetching indicators for XAUUSD (QuantDinger only)
[2026-07-08 00:28:45] [DEBUG] [market_client] Candles XAUUSD 4H: 96 bars ✓
[2026-07-08 00:28:45] [DEBUG] [hybrid_market_client] ✓ Got live data from QuantDinger for XAUUSD
[2026-07-08 00:28:45] [INFO] [market_snapshot_builder] [SNAPSHOT_BUILT] symbol=XAUUSD tfs=H4,H1,M15
[2026-07-08 00:28:45] [DEBUG] [hybrid_market_client] Fetching indicators for GBPUSD (QuantDinger only)
[2026-07-08 00:28:45] [DEBUG] [market_client] Candles GBPUSD 4H: 100 bars ✓
[2026-07-08 00:28:45] [ERROR] [main] Main loop: QuantDinger returned empty data for GBPUSD - no fallback available
[2026-07-08 00:29:32] [INFO] [main] Trading Bot V3 starting...
[2026-07-08 00:29:32] [INFO] [database] V3 Database initialized with all tables
[2026-07-08 00:29:32] [INFO] [qd_client] Logged in to QuantDinger
[2026-07-08 00:29:32] [INFO] [qd_client] MT5 connected
[2026-07-08 00:29:32] [INFO] [main] MT5 connected
[2026-07-08 00:29:32] [INFO] [telegram_bot] Telegram polling started
[2026-07-08 00:29:32] [INFO] [telegram_bot] Telegram bot V3 started
[2026-07-08 00:29:32] [INFO] [mt5_watchdog] MT5 watchdog started (V1 reconnect logic)
[2026-07-08 00:29:32] [INFO] [reconciliation] Reconciliation loop started (every 60s)
[2026-07-08 00:29:32] [INFO] [reconciliation] Reconciliation thread started (safety only)
[2026-07-08 00:29:32] [INFO] [post_entry_manager] PostEntryManager started
[2026-07-08 00:29:32] [ERROR] [reconciliation] [RECONCILE] MT5 positions_get returned None last_error=(-10004, 'No IPC connection')
[2026-07-08 00:29:33] [INFO] [main] ==================================================
[2026-07-08 00:29:33] [INFO] [main] Cycle 1 at 00:29:33
[2026-07-08 00:29:41] [INFO] [news_fetcher] Fetched 18 relevant news items
[2026-07-08 00:29:41] [INFO] [main] Equity: 74374.47$ | News: 18
[2026-07-08 00:29:41] [DEBUG] [hybrid_market_client] Fetching indicators for EURUSD (QuantDinger only)
[2026-07-08 00:29:41] [DEBUG] [market_client] Candles EURUSD 4H: 100 bars ✓
[2026-07-08 00:29:41] [DEBUG] [hybrid_market_client] ✓ Got live data from QuantDinger for EURUSD
[2026-07-08 00:29:41] [DEBUG] [hybrid_market_client] Fetching indicators for EURUSD (QuantDinger only)
[2026-07-08 00:29:41] [DEBUG] [market_client] Candles EURUSD 4H: 100 bars ✓
[2026-07-08 00:29:41] [DEBUG] [hybrid_market_client] ✓ Got live data from QuantDinger for EURUSD
[2026-07-08 00:29:41] [DEBUG] [hybrid_market_client] Fetching indicators for EURUSD (QuantDinger only)
[2026-07-08 00:29:41] [DEBUG] [market_client] Candles EURUSD 4H: 100 bars ✓
[2026-07-08 00:29:41] [DEBUG] [hybrid_market_client] ✓ Got live data from QuantDinger for EURUSD
[2026-07-08 00:29:41] [INFO] [market_snapshot_builder] [SNAPSHOT_BUILT] symbol=EURUSD tfs=H4,H1,M15
[2026-07-08 00:29:41] [DEBUG] [hybrid_market_client] Fetching indicators for XAUUSD (QuantDinger only)
[2026-07-08 00:29:41] [DEBUG] [market_client] Candles XAUUSD 4H: 96 bars ✓
[2026-07-08 00:29:41] [DEBUG] [hybrid_market_client] ✓ Got live data from QuantDinger for XAUUSD
[2026-07-08 00:29:41] [DEBUG] [hybrid_market_client] Fetching indicators for XAUUSD (QuantDinger only)
[2026-07-08 00:29:41] [DEBUG] [market_client] Candles XAUUSD 4H: 96 bars ✓
[2026-07-08 00:29:41] [DEBUG] [hybrid_market_client] ✓ Got live data from QuantDinger for XAUUSD
[2026-07-08 00:29:41] [DEBUG] [hybrid_market_client] Fetching indicators for XAUUSD (QuantDinger only)
[2026-07-08 00:29:41] [DEBUG] [market_client] Candles XAUUSD 4H: 96 bars ✓
[2026-07-08 00:29:41] [DEBUG] [hybrid_market_client] ✓ Got live data from QuantDinger for XAUUSD
[2026-07-08 00:29:41] [INFO] [market_snapshot_builder] [SNAPSHOT_BUILT] symbol=XAUUSD tfs=H4,H1,M15
[2026-07-08 00:29:41] [DEBUG] [hybrid_market_client] Fetching indicators for GBPUSD (QuantDinger only)
[2026-07-08 00:29:41] [DEBUG] [market_client] Candles GBPUSD 4H: 100 bars ✓
[2026-07-08 00:29:41] [ERROR] [main] Main loop: QuantDinger returned empty data for GBPUSD - no fallback available
[2026-07-08 00:30:32] [ERROR] [reconciliation] [RECONCILE] MT5 positions_get returned None last_error=(-10004, 'No IPC connection')
[2026-07-08 00:30:42] [INFO] [main] ==================================================
[2026-07-08 00:30:42] [INFO] [main] Cycle 2 at 00:30:42
[2026-07-08 00:30:43] [INFO] [main] Equity: 74386.47$ | News: 18
[2026-07-08 00:30:43] [DEBUG] [hybrid_market_client] Fetching indicators for EURUSD (QuantDinger only)
[2026-07-08 00:30:43] [DEBUG] [market_client] Using cached candles for EURUSD H4 (age: 61s)
[2026-07-08 00:30:43] [DEBUG] [hybrid_market_client] ✓ Got live data from QuantDinger for EURUSD
[2026-07-08 00:30:43] [DEBUG] [hybrid_market_client] Fetching indicators for EURUSD (QuantDinger only)
[2026-07-08 00:30:43] [DEBUG] [market_client] Using cached candles for EURUSD H1 (age: 61s)
[2026-07-08 00:30:43] [DEBUG] [hybrid_market_client] ✓ Got live data from QuantDinger for EURUSD
[2026-07-08 00:30:43] [DEBUG] [hybrid_market_client] Fetching indicators for EURUSD (QuantDinger only)
[2026-07-08 00:30:43] [DEBUG] [market_client] Using cached candles for EURUSD M15 (age: 61s)
[2026-07-08 00:30:43] [DEBUG] [hybrid_market_client] ✓ Got live data from QuantDinger for EURUSD
[2026-07-08 00:30:43] [INFO] [market_snapshot_builder] [SNAPSHOT_BUILT] symbol=EURUSD tfs=H4,H1,M15
[2026-07-08 00:30:43] [DEBUG] [hybrid_market_client] Fetching indicators for XAUUSD (QuantDinger only)
[2026-07-08 00:30:43] [DEBUG] [market_client] Using cached candles for XAUUSD H4 (age: 61s)
[2026-07-08 00:30:43] [DEBUG] [hybrid_market_client] ✓ Got live data from QuantDinger for XAUUSD
[2026-07-08 00:30:43] [DEBUG] [hybrid_market_client] Fetching indicators for XAUUSD (QuantDinger only)
[2026-07-08 00:30:43] [DEBUG] [market_client] Using cached candles for XAUUSD H1 (age: 61s)
[2026-07-08 00:30:43] [DEBUG] [hybrid_market_client] ✓ Got live data from QuantDinger for XAUUSD
[2026-07-08 00:30:43] [DEBUG] [hybrid_market_client] Fetching indicators for XAUUSD (QuantDinger only)
[2026-07-08 00:30:43] [DEBUG] [market_client] Using cached candles for XAUUSD M15 (age: 61s)
[2026-07-08 00:30:43] [DEBUG] [hybrid_market_client] ✓ Got live data from QuantDinger for XAUUSD
[2026-07-08 00:30:43] [INFO] [market_snapshot_builder] [SNAPSHOT_BUILT] symbol=XAUUSD tfs=H4,H1,M15
[2026-07-08 00:30:43] [DEBUG] [hybrid_market_client] Fetching indicators for GBPUSD (QuantDinger only)
[2026-07-08 00:30:43] [DEBUG] [market_client] Using cached candles for GBPUSD H4 (age: 61s)
[2026-07-08 00:30:43] [ERROR] [main] Main loop: QuantDinger returned empty data for GBPUSD - no fallback available
[2026-07-08 00:31:32] [WARNING] [reconciliation] Unknown position in QD: 9465545624 EURUSD
[2026-07-08 00:31:32] [WARNING] [reconciliation] Unknown position in QD: 9465691004 EURUSD
[2026-07-08 00:31:32] [WARNING] [reconciliation] Unknown position in QD: 9465828541 EURUSD
[2026-07-08 00:31:32] [INFO] [reconciliation] Reconciliation: {'db_count': 0, 'qd_count': 3, 'fixes': 0, 'mismatches': ['QD orphan: 9465545624', 'QD orphan: 9465691004', 'QD orphan: 9465828541']}
[2026-07-08 00:31:32] [INFO] [post_entry_trade_monitor] [MONITOR_ID_DIAG] ts=1783459892 symbol=EURUSD d_ticket=9465545624 d_position_id=None d_id=None chosen_ticket=9465545624
[2026-07-08 00:31:32] [INFO] [post_entry_trade_monitor] [MONITOR_ID_DIAG] ts=1783459892 symbol=EURUSD d_ticket=9465691004 d_position_id=None d_id=None chosen_ticket=9465691004
[2026-07-08 00:31:32] [INFO] [post_entry_trade_monitor] [MONITOR_ID_DIAG] ts=1783459892 symbol=EURUSD d_ticket=9465828541 d_position_id=None d_id=None chosen_ticket=9465828541
[2026-07-08 00:31:32] [INFO] [post_entry_manager] [POST_ENTRY] New position detected ticket=9465545624 symbol=EURUSD
[2026-07-08 00:31:32] [INFO] [post_entry_manager] [POST_ENTRY] New position detected ticket=9465691004 symbol=EURUSD
[2026-07-08 00:31:32] [INFO] [post_entry_manager] [POST_ENTRY] New position detected ticket=9465828541 symbol=EURUSD
[2026-07-08 00:31:32] [CRITICAL] [post_entry_manager] [EMERGENCY_STOP] Closing ticket=9465545624 symbol=EURUSD dir=buy entry=1.14146 current=1.14074 loss_points=-71.99999999998319 threshold=-30
[2026-07-08 00:31:32] [ERROR] [post_entry_manager] [EMERGENCY_STOP] precheck failed order_id=9465545624: Traceback (most recent call last):
  File "F:\files (2)\google\botdd\trading_bot_v3\execution\post_entry\post_entry_manager.py", line 182, in run_once
    ok = self._executor.close_position(order_id)
  File "F:\files (2)\google\botdd\trading_bot_v3\execution\post_entry\action_executor.py", line 114, in close_position
    logger.info(f"[CLOSE_DIAG] ts={int(time.time())} ticket_int={ticket_int} open_position_tickets={positions_list_all}")
                                       ^^^^
NameError: name 'time' is not defined. Did you forget to import 'time'?

[2026-07-08 00:31:32] [INFO] [post_entry_manager] [POST_ENTRY] Monitoring ticket=9465545624
[2026-07-08 00:31:32] [INFO] [market_regime_detector] [REGIME] Could not compute ATR from MT5 for EURUSD
[2026-07-08 00:31:32] [INFO] [stop_loss_breach_rule] [SL_CHECK] ticket=9465545624 direction=buy current=1.14074 sl=1.1439300000000001 breached=False
[2026-07-08 00:31:32] [INFO] [red_flag_detector] ========== RED FLAG REPORT ==========
[2026-07-08 00:31:32] [INFO] [red_flag_detector] ProfitDecay : NO
[2026-07-08 00:31:32] [INFO] [red_flag_detector] TradeHealth : NO
[2026-07-08 00:31:32] [INFO] [red_flag_detector] ATRSpike : NO
[2026-07-08 00:31:32] [INFO] [red_flag_detector] BadRegime : NO
[2026-07-08 00:31:32] [INFO] [red_flag_detector] FlagCount : 0
[2026-07-08 00:31:32] [INFO] [red_flag_detector] Score : 0.000
[2026-07-08 00:31:32] [INFO] [red_flag_detector] Severity : 0
[2026-07-08 00:31:32] [INFO] [red_flag_detector] ConsultExitModel : NO
[2026-07-08 00:31:32] [INFO] [red_flag_detector] ======================================
[2026-07-08 00:31:32] [INFO] [xgboost_exit_adapter] ========== EXIT MODEL FEATURES ==========
atr: 2.82e-05 | rsi: 0.3514 | mfe: 36.0 | mae: 0.0
trade_health: 50.0 | profit_decay_pct: 0.0
time_open_hours: 0.0 | spread: 15.0 | news_impact: 0.6
market_regime: TRENDING | volume: 0.5 | session: new_york
adx: 0.0
trend_h1: 0.0
trend_h4: 0.0
=========================================
Prediction about to be called | ticket=9465545624 | open_time=2026-07-08 01:47:23 | current_time=2026-07-08 00:31:32
[2026-07-08 00:31:32] [INFO] [xgboost_exit_model] Loaded Exit Model from F:\files (2)\google\botdd\trading_bot_v3\models\xgboost_exit_model.json
[2026-07-08 00:31:32] [INFO] [xgboost_exit_model] [EXIT_MODEL] XGBoost prediction: probability=7.6%
[2026-07-08 00:31:32] [INFO] [xgboost_exit_adapter] [EXIT_MODEL] ticket=9465545624 prediction_exit_probability=0.0761 decision_signal=7.6%
[2026-07-08 00:31:32] [ERROR] [post_entry_manager] [POST_ENTRY] per-position error ticket=9465545624: Traceback (most recent call last):
  File "F:\files (2)\google\botdd\trading_bot_v3\execution\post_entry\post_entry_manager.py", line 342, in run_once
    ok = self._executor.close_position(order_id)
  File "F:\files (2)\google\botdd\trading_bot_v3\execution\post_entry\action_executor.py", line 114, in close_position
    logger.info(f"[CLOSE_DIAG] ts={int(time.time())} ticket_int={ticket_int} open_position_tickets={positions_list_all}")
                                       ^^^^
NameError: name 'time' is not defined. Did you forget to import 'time'?

[2026-07-08 00:31:32] [INFO] [post_entry_manager] [POST_ENTRY] Monitoring ticket=9465691004
[2026-07-08 00:31:32] [INFO] [market_regime_detector] [REGIME] Could not compute ATR from MT5 for EURUSD
[2026-07-08 00:31:32] [INFO] [stop_loss_breach_rule] [SL_CHECK] ticket=9465691004 direction=buy current=1.14074 sl=1.14406 breached=False
[2026-07-08 00:31:32] [INFO] [red_flag_detector] ========== RED FLAG REPORT ==========
[2026-07-08 00:31:32] [INFO] [red_flag_detector] ProfitDecay : NO
[2026-07-08 00:31:32] [INFO] [red_flag_detector] TradeHealth : NO
[2026-07-08 00:31:32] [INFO] [red_flag_detector] ATRSpike : NO
[2026-07-08 00:31:32] [INFO] [red_flag_detector] BadRegime : NO
[2026-07-08 00:31:32] [INFO] [red_flag_detector] FlagCount : 0
[2026-07-08 00:31:32] [INFO] [red_flag_detector] Score : 0.000
[2026-07-08 00:31:32] [INFO] [red_flag_detector] Severity : 0
[2026-07-08 00:31:32] [INFO] [red_flag_detector] ConsultExitModel : NO
[2026-07-08 00:31:32] [INFO] [red_flag_detector] ======================================
[2026-07-08 00:31:32] [INFO] [xgboost_exit_adapter] ========== EXIT MODEL FEATURES ==========
atr: 2.82e-05 | rsi: 0.35619999999999996 | mfe: 43.0 | mae: 0.0
trade_health: 50.0 | profit_decay_pct: 0.0
time_open_hours: 0.0 | spread: 15.0 | news_impact: 0.7
market_regime: TRENDING | volume: 0.5 | session: new_york
adx: 0.0
trend_h1: 0.0
trend_h4: 0.0
=========================================
Prediction about to be called | ticket=9465691004 | open_time=2026-07-08 01:59:01 | current_time=2026-07-08 00:31:32
[2026-07-08 00:31:32] [INFO] [xgboost_exit_model] [EXIT_MODEL] XGBoost prediction: probability=7.6%
[2026-07-08 00:31:32] [INFO] [xgboost_exit_adapter] [EXIT_MODEL] ticket=9465691004 prediction_exit_probability=0.0761 decision_signal=7.6%
[2026-07-08 00:31:32] [ERROR] [post_entry_manager] [POST_ENTRY] per-position error ticket=9465691004: Traceback (most recent call last):
  File "F:\files (2)\google\botdd\trading_bot_v3\execution\post_entry\post_entry_manager.py", line 342, in run_once
    ok = self._executor.close_position(order_id)
  File "F:\files (2)\google\botdd\trading_bot_v3\execution\post_entry\action_executor.py", line 114, in close_position
    logger.info(f"[CLOSE_DIAG] ts={int(time.time())} ticket_int={ticket_int} open_position_tickets={positions_list_all}")
                                       ^^^^
NameError: name 'time' is not defined. Did you forget to import 'time'?

[2026-07-08 00:31:32] [INFO] [post_entry_manager] [POST_ENTRY] Monitoring ticket=9465828541
[2026-07-08 00:31:32] [INFO] [market_regime_detector] [REGIME] Could not compute ATR from MT5 for EURUSD
[2026-07-08 00:31:32] [INFO] [stop_loss_breach_rule] [SL_CHECK] ticket=9465828541 direction=buy current=1.14074 sl=1.14354 breached=False
[2026-07-08 00:31:32] [INFO] [red_flag_detector] ========== RED FLAG REPORT ==========
[2026-07-08 00:31:32] [INFO] [red_flag_detector] ProfitDecay : NO
[2026-07-08 00:31:32] [INFO] [red_flag_detector] TradeHealth : NO
[2026-07-08 00:31:32] [INFO] [red_flag_detector] ATRSpike : NO
[2026-07-08 00:31:32] [INFO] [red_flag_detector] BadRegime : NO
[2026-07-08 00:31:32] [INFO] [red_flag_detector] FlagCount : 0
[2026-07-08 00:31:32] [INFO] [red_flag_detector] Score : 0.000
[2026-07-08 00:31:32] [INFO] [red_flag_detector] Severity : 0
[2026-07-08 00:31:32] [INFO] [red_flag_detector] ConsultExitModel : NO
[2026-07-08 00:31:32] [INFO] [red_flag_detector] ======================================
[2026-07-08 00:31:32] [INFO] [xgboost_exit_adapter] ========== EXIT MODEL FEATURES ==========
atr: 2.82e-05 | rsi: 0.33770000000000006 | mfe: 17.5 | mae: 0.0
trade_health: 50.0 | profit_decay_pct: 0.0
time_open_hours: 0.0 | spread: 15.0 | news_impact: 0.6
market_regime: TRENDING | volume: 0.5 | session: new_york
adx: 0.0
trend_h1: 0.0
trend_h4: 0.0
=========================================
Prediction about to be called | ticket=9465828541 | open_time=2026-07-08 02:56:02 | current_time=2026-07-08 00:31:32
[2026-07-08 00:31:32] [INFO] [xgboost_exit_model] [EXIT_MODEL] XGBoost prediction: probability=7.6%
[2026-07-08 00:31:32] [INFO] [xgboost_exit_adapter] [EXIT_MODEL] ticket=9465828541 prediction_exit_probability=0.0761 decision_signal=7.6%
[2026-07-08 00:31:32] [ERROR] [post_entry_manager] [POST_ENTRY] per-position error ticket=9465828541: Traceback (most recent call last):
  File "F:\files (2)\google\botdd\trading_bot_v3\execution\post_entry\post_entry_manager.py", line 342, in run_once
    ok = self._executor.close_position(order_id)
  File "F:\files (2)\google\botdd\trading_bot_v3\execution\post_entry\action_executor.py", line 114, in close_position
    logger.info(f"[CLOSE_DIAG] ts={int(time.time())} ticket_int={ticket_int} open_position_tickets={positions_list_all}")
                                       ^^^^
NameError: name 'time' is not defined. Did you forget to import 'time'?

[2026-07-08 00:31:43] [INFO] [main] ==================================================
[2026-07-08 00:31:43] [INFO] [main] Cycle 3 at 00:31:43
[2026-07-08 00:31:44] [INFO] [main] Equity: 74383.47$ | News: 18
[2026-07-08 00:31:44] [DEBUG] [hybrid_market_client] Fetching indicators for EURUSD (QuantDinger only)
[2026-07-08 00:31:44] [DEBUG] [market_client] Using cached candles for EURUSD H4 (age: 122s)
[2026-07-08 00:31:44] [DEBUG] [hybrid_market_client] ✓ Got live data from QuantDinger for EURUSD
[2026-07-08 00:31:44] [DEBUG] [hybrid_market_client] Fetching indicators for EURUSD (QuantDinger only)
[2026-07-08 00:31:44] [DEBUG] [market_client] Using cached candles for EURUSD H1 (age: 122s)
[2026-07-08 00:31:44] [DEBUG] [hybrid_market_client] ✓ Got live data from QuantDinger for EURUSD
[2026-07-08 00:31:44] [DEBUG] [hybrid_market_client] Fetching indicators for EURUSD (QuantDinger only)
[2026-07-08 00:31:44] [DEBUG] [market_client] Using cached candles for EURUSD M15 (age: 122s)
[2026-07-08 00:31:44] [DEBUG] [hybrid_market_client] ✓ Got live data from QuantDinger for EURUSD
[2026-07-08 00:31:44] [INFO] [market_snapshot_builder] [SNAPSHOT_BUILT] symbol=EURUSD tfs=H4,H1,M15
[2026-07-08 00:31:44] [DEBUG] [hybrid_market_client] Fetching indicators for XAUUSD (QuantDinger only)
[2026-07-08 00:31:44] [DEBUG] [market_client] Using cached candles for XAUUSD H4 (age: 122s)
[2026-07-08 00:31:44] [DEBUG] [hybrid_market_client] ✓ Got live data from QuantDinger for XAUUSD
[2026-07-08 00:31:44] [DEBUG] [hybrid_market_client] Fetching indicators for XAUUSD (QuantDinger only)
[2026-07-08 00:31:44] [DEBUG] [market_client] Using cached candles for XAUUSD H1 (age: 122s)
[2026-07-08 00:31:44] [DEBUG] [hybrid_market_client] ✓ Got live data from QuantDinger for XAUUSD
[2026-07-08 00:31:44] [DEBUG] [hybrid_market_client] Fetching indicators for XAUUSD (QuantDinger only)
[2026-07-08 00:31:44] [DEBUG] [market_client] Using cached candles for XAUUSD M15 (age: 122s)
[2026-07-08 00:31:44] [DEBUG] [hybrid_market_client] ✓ Got live data from QuantDinger for XAUUSD
[2026-07-08 00:31:44] [INFO] [market_snapshot_builder] [SNAPSHOT_BUILT] symbol=XAUUSD tfs=H4,H1,M15
[2026-07-08 00:31:44] [DEBUG] [hybrid_market_client] Fetching indicators for GBPUSD (QuantDinger only)
[2026-07-08 00:31:44] [DEBUG] [market_client] Using cached candles for GBPUSD H4 (age: 122s)
[2026-07-08 00:31:44] [ERROR] [main] Main loop: QuantDinger returned empty data for GBPUSD - no fallback available
[2026-07-08 00:34:36] [INFO] [main] Trading Bot V3 starting...
[2026-07-08 00:34:36] [INFO] [database] V3 Database initialized with all tables
[2026-07-08 00:34:37] [INFO] [qd_client] Logged in to QuantDinger
[2026-07-08 00:34:37] [INFO] [qd_client] MT5 connected
[2026-07-08 00:34:37] [INFO] [main] MT5 connected
[2026-07-08 00:34:37] [INFO] [telegram_bot] Telegram polling started
[2026-07-08 00:34:37] [INFO] [telegram_bot] Telegram bot V3 started
[2026-07-08 00:34:37] [INFO] [mt5_watchdog] MT5 watchdog started (V1 reconnect logic)
[2026-07-08 00:34:37] [INFO] [reconciliation] Reconciliation loop started (every 60s)
[2026-07-08 00:34:37] [INFO] [reconciliation] Reconciliation thread started (safety only)
[2026-07-08 00:34:37] [INFO] [post_entry_manager] PostEntryManager started
[2026-07-08 00:34:37] [ERROR] [reconciliation] [RECONCILE] MT5 positions_get returned None last_error=(-10004, 'No IPC connection')
[2026-07-08 00:34:37] [INFO] [main] ==================================================
[2026-07-08 00:34:37] [INFO] [main] Cycle 1 at 00:34:37
[2026-07-08 00:34:46] [INFO] [news_fetcher] Fetched 17 relevant news items
[2026-07-08 00:34:46] [INFO] [main] Equity: 74446.47$ | News: 17
[2026-07-08 00:34:46] [DEBUG] [hybrid_market_client] Fetching indicators for EURUSD (QuantDinger only)
[2026-07-08 00:34:46] [DEBUG] [market_client] Candles EURUSD 4H: 100 bars ✓
[2026-07-08 00:34:46] [DEBUG] [hybrid_market_client] ✓ Got live data from QuantDinger for EURUSD
[2026-07-08 00:34:46] [DEBUG] [hybrid_market_client] Fetching indicators for EURUSD (QuantDinger only)
[2026-07-08 00:34:46] [DEBUG] [market_client] Candles EURUSD 4H: 100 bars ✓
[2026-07-08 00:34:46] [DEBUG] [hybrid_market_client] ✓ Got live data from QuantDinger for EURUSD
[2026-07-08 00:34:46] [DEBUG] [hybrid_market_client] Fetching indicators for EURUSD (QuantDinger only)
[2026-07-08 00:34:46] [DEBUG] [market_client] Candles EURUSD 4H: 100 bars ✓
[2026-07-08 00:34:46] [DEBUG] [hybrid_market_client] ✓ Got live data from QuantDinger for EURUSD
[2026-07-08 00:34:46] [INFO] [market_snapshot_builder] [SNAPSHOT_BUILT] symbol=EURUSD tfs=H4,H1,M15
[2026-07-08 00:34:46] [DEBUG] [hybrid_market_client] Fetching indicators for XAUUSD (QuantDinger only)
[2026-07-08 00:34:47] [DEBUG] [market_client] Candles XAUUSD 4H: 96 bars ✓
[2026-07-08 00:34:47] [DEBUG] [hybrid_market_client] ✓ Got live data from QuantDinger for XAUUSD
[2026-07-08 00:34:47] [DEBUG] [hybrid_market_client] Fetching indicators for XAUUSD (QuantDinger only)
[2026-07-08 00:34:47] [DEBUG] [market_client] Candles XAUUSD 4H: 96 bars ✓
[2026-07-08 00:34:47] [DEBUG] [hybrid_market_client] ✓ Got live data from QuantDinger for XAUUSD
[2026-07-08 00:34:47] [DEBUG] [hybrid_market_client] Fetching indicators for XAUUSD (QuantDinger only)
[2026-07-08 00:34:47] [DEBUG] [market_client] Candles XAUUSD 4H: 96 bars ✓
[2026-07-08 00:34:47] [DEBUG] [hybrid_market_client] ✓ Got live data from QuantDinger for XAUUSD
[2026-07-08 00:34:47] [INFO] [market_snapshot_builder] [SNAPSHOT_BUILT] symbol=XAUUSD tfs=H4,H1,M15
[2026-07-08 00:34:47] [DEBUG] [hybrid_market_client] Fetching indicators for GBPUSD (QuantDinger only)
[2026-07-08 00:34:47] [DEBUG] [market_client] Candles GBPUSD 4H: 100 bars ✓
[2026-07-08 00:34:47] [DEBUG] [hybrid_market_client] ✓ Got live data from QuantDinger for GBPUSD
[2026-07-08 00:34:47] [DEBUG] [hybrid_market_client] Fetching indicators for GBPUSD (QuantDinger only)
[2026-07-08 00:34:47] [DEBUG] [market_client] Candles GBPUSD 4H: 100 bars ✓
[2026-07-08 00:34:47] [DEBUG] [hybrid_market_client] ✓ Got live data from QuantDinger for GBPUSD
[2026-07-08 00:34:47] [DEBUG] [hybrid_market_client] Fetching indicators for GBPUSD (QuantDinger only)
[2026-07-08 00:34:47] [DEBUG] [market_client] Candles GBPUSD 4H: 100 bars ✓
[2026-07-08 00:34:47] [DEBUG] [hybrid_market_client] ✓ Got live data from QuantDinger for GBPUSD
[2026-07-08 00:34:47] [INFO] [market_snapshot_builder] [SNAPSHOT_BUILT] symbol=GBPUSD tfs=H4,H1,M15
[2026-07-08 00:34:47] [INFO] [main] --- EURUSD ---
[2026-07-08 00:34:51] [INFO] [deepseek] DEEPSEEK OK: {
  "impact_score": 85,
  "bias": "bearish",
  "confidence": 0.9,
  "reason": "الأنباء تدعم ضعف اليو...
[2026-07-08 00:34:51] [INFO] [deepseek] AI EURUSD: bias=bearish impact=85.0 conf=0.90
[2026-07-08 00:34:51] [INFO] [signal_engine] [VERIFY] SIGNAL_INPUT bias=bearish score=85.0 confidence=0.9
[2026-07-08 00:34:51] [INFO] [signal_engine] [VERIFY] SIGNAL_RULE rule=confidence>=0.60 actual=0.9 result=True
[2026-07-08 00:34:51] [INFO] [signal_engine] [VERIFY] SIGNAL_RULE rule=score>=55 actual=85.0 result=True
[2026-07-08 00:34:51] [INFO] [signal_engine] [VERIFY] SIGNAL_RULE rule=bias in [bullish,bearish] actual=bearish result=True
[2026-07-08 00:34:51] [INFO] [signal_engine] [VERIFY] SIGNAL_FINAL direction=SELL score=85.0 confidence=0.9 valid=True
[2026-07-08 00:34:51] [DEBUG] [signal_engine] Signal: SELL score=85.0 conf=0.90 strength=قوي جداً valid=True
[2026-07-08 00:34:51] [INFO] [sentiment] Sentiment EURUSD: bearish score=83 bull=1 bear=2
[2026-07-08 00:34:51] [DEBUG] [mtf] MTF (snapshot) EURUSD: H4=bearish H1=bearish M15=bearish aligned=True (strong)
[2026-07-08 00:34:51] [INFO] [main] [VERIFY][DATA_TRUTH] symbol=EURUSD timeframe=H4/H1/M15 news_fetched=True indicators_fetched=True live_data=True cached=False
[2026-07-08 00:34:51] [INFO] [voting_engine] EURUSD: MTF strongly aligned, boosting score 10%
[2026-07-08 00:34:51] [DEBUG] [hybrid_market_client] Fetching indicators for EURUSD (QuantDinger only)
[2026-07-08 00:34:51] [DEBUG] [market_client] Candles EURUSD 4H: 100 bars ✓
[2026-07-08 00:34:51] [DEBUG] [hybrid_market_client] ✓ Got live data from QuantDinger for EURUSD
[2026-07-08 00:34:51] [DEBUG] [hybrid_market_client] Fetching indicators for EURUSD (QuantDinger only)
[2026-07-08 00:34:51] [DEBUG] [market_client] Using cached candles for EURUSD 4H (age: 0s)
[2026-07-08 00:34:51] [DEBUG] [hybrid_market_client] ✓ Got live data from QuantDinger for EURUSD
[2026-07-08 00:34:51] [INFO] [sltp] SL/TP EURUSD: entry=1.1405109167099 atr=0.00149 sl=1.14275 tp=1.13678
[2026-07-08 00:34:51] [INFO] [position_sizing] Position size: 0.5 (equity=74446, risk=0.003, sl_dist=0.00224, score=92, cons_loss=0)
[2026-07-08 00:34:51] [INFO] [xgboost_v2] [VERIFY] XGBOOST MODEL LOADED path=models/xgb_model.json available=True
[2026-07-08 00:34:51] [INFO] [xgboost_v2] XGBoost v2 model loaded successfully
[2026-07-08 00:34:51] [DEBUG] [xgboost_v2] V2 predict: rsi=31.0 atr=0.00149 regime=TRENDING session=new_york dir=SELL -> p_win=0.628
[2026-07-08 00:34:51] [INFO] [xgboost_v2] [VERIFY] XGBOOST PREDICTION p_win=0.628 available=True
[2026-07-08 00:34:51] [INFO] [main] [VERIFY][DECISION_TRUTH] bias=bearish score=91.8 confidence=1.0 vote=SELL risk_passed=True sl_tp_calculated=True position_size=0.5 xgboost_p_win=0.6277217268943787 final_decision_valid=True reject_reason=OK
[2026-07-08 00:34:51] [INFO] [mt5_direct] [MT5_DIRECT] open_trade symbol=EURUSD direction=SELL volume=0.5 sl=1.14275 tp=1.13678
[2026-07-08 00:34:51] [INFO] [mt5_direct] [MT5_DIRECT] terminal_info: TerminalInfo(community_account=True, community_connection=True, connected=True, dlls_allowed=False, trade_allowed=True, tradeapi_disabled=False, email_enabled=False, ftp_enabled=False, notifications_enabled=False, mqid=True, build=5956, maxbars=100000, codepage=0, ping_last=71452, community_balance=0.0, retransmission=0.003085372250161982, company='MetaQuotes Ltd.', name='MetaTrader 5', language='English', path='C:\\Program Files\\MetaTrader 5', data_path='C:\\Users\\ACER\\AppData\\Roaming\\MetaQuotes\\Terminal\\D0E8209F77C8CF37AD8BF550E51FF075', commondata_path='C:\\Users\\ACER\\AppData\\Roaming\\MetaQuotes\\Terminal\\Common')
[2026-07-08 00:34:51] [INFO] [mt5_direct] [MT5_DIRECT] account_info: AccountInfo(login=108132137, trade_mode=0, leverage=100, limit_orders=200, margin_so_mode=0, trade_allowed=True, trade_expert=True, margin_mode=2, currency_digits=2, fifo_close=False, balance=74291.47, credit=0.0, profit=162.5, equity=74453.97, margin=1712.08, margin_free=72741.89, margin_level=4348.743633475072, margin_so_call=50.0, margin_so_so=30.0, margin_initial=0.0, margin_maintenance=0.0, assets=0.0, liabilities=0.0, commission_blocked=0.0, name='Ali Nabil', server='MetaQuotes-Demo', currency='USD', company='MetaQuotes Ltd.')
[2026-07-08 00:34:51] [DEBUG] [mt5_direct] [MT5_DIRECT] order_send request={'action': 1, 'symbol': 'EURUSD', 'volume': 0.5, 'type': 1, 'price': 1.14022, 'sl': 1.14275, 'tp': 1.13678, 'deviation': 20, 'magic': 0, 'comment': 'Bot V3', 'type_filling': 1}
[2026-07-08 00:34:51] [ERROR] [mt5_direct] [MT5_DIRECT] order_send failed result=OrderSendResult(retcode=10030, deal=0, order=0, volume=0.0, price=0.0, bid=0.0, ask=0.0, comment='Unsupported filling mode', request_id=0, retcode_external=0, request=TradeRequest(action=1, magic=0, order=0, symbol='EURUSD', volume=0.5, price=1.14022, stoplimit=0.0, sl=1.14275, tp=1.13678, deviation=20, type=1, type_filling=1, type_time=0, expiration=0, comment='Bot V3', position=0, position_by=0)) comment=Unsupported filling mode retcode=10030
[2026-07-08 00:34:51] [INFO] [mt5_direct] [MT5_DIRECT] Retry order_send without type_filling
[2026-07-08 00:34:51] [INFO] [main] [VERIFY][EXECUTION_RESULT] symbol=EURUSD open_trade_result={'status': 'success', 'order_id': '9465892054', 'price': 1.14022, 'symbol': 'EURUSD', 'direction': 'SELL', 'volume': 0.5, 'timestamp': 1783460091.5811677, 'raw_response': {'retcode': 10009, 'deal': 9138424243, 'order': 9465892054, 'volume': 0.5, 'price': 1.14022, 'bid': 0.0, 'ask': 0.0, 'comment': 'Request executed', 'request_id': 2288193248, 'retcode_external': 0, 'request': TradeRequest(action=1, magic=0, order=0, symbol='EURUSD', volume=0.5, price=1.14022, stoplimit=0.0, sl=1.14275, tp=1.13678, deviation=20, type=1, type_filling=0, type_time=0, expiration=0, comment='Bot V3', position=0, position_by=0)}}
[2026-07-08 00:34:51] [INFO] [sltp] SL/TP EURUSD: entry=1.14022 atr=0.00149 sl=1.14246 tp=1.13648
[2026-07-08 00:34:52] [INFO] [main] --- XAUUSD ---
[2026-07-08 00:34:52] [INFO] [post_entry_trade_monitor] [MONITOR_ID_DIAG] ts=1783460092 symbol=EURUSD d_ticket=9465545624 d_position_id=None d_id=None chosen_ticket=9465545624
[2026-07-08 00:34:52] [INFO] [post_entry_trade_monitor] [MONITOR_ID_DIAG] ts=1783460092 symbol=EURUSD d_ticket=9465691004 d_position_id=None d_id=None chosen_ticket=9465691004
[2026-07-08 00:34:52] [INFO] [post_entry_trade_monitor] [MONITOR_ID_DIAG] ts=1783460092 symbol=EURUSD d_ticket=9465828541 d_position_id=None d_id=None chosen_ticket=9465828541
[2026-07-08 00:34:52] [INFO] [post_entry_trade_monitor] [MONITOR_ID_DIAG] ts=1783460092 symbol=EURUSD d_ticket=9465892054 d_position_id=None d_id=None chosen_ticket=9465892054
[2026-07-08 00:34:52] [INFO] [post_entry_manager] [POST_ENTRY] New position detected ticket=9465545624 symbol=EURUSD
[2026-07-08 00:34:52] [INFO] [post_entry_manager] [POST_ENTRY] New position detected ticket=9465691004 symbol=EURUSD
[2026-07-08 00:34:52] [INFO] [post_entry_manager] [POST_ENTRY] New position detected ticket=9465828541 symbol=EURUSD
[2026-07-08 00:34:52] [INFO] [post_entry_manager] [POST_ENTRY] New position detected ticket=9465892054 symbol=EURUSD
[2026-07-08 00:34:52] [CRITICAL] [post_entry_manager] [EMERGENCY_STOP] Closing ticket=9465545624 symbol=EURUSD dir=buy entry=1.14146 current=1.14029 loss_points=-116.99999999998933 threshold=-30
[2026-07-08 00:34:52] [ERROR] [post_entry_manager] [EMERGENCY_STOP] precheck failed order_id=9465545624: Traceback (most recent call last):
  File "F:\files (2)\google\botdd\trading_bot_v3\execution\post_entry\post_entry_manager.py", line 182, in run_once
    ok = self._executor.close_position(order_id)
  File "F:\files (2)\google\botdd\trading_bot_v3\execution\post_entry\action_executor.py", line 114, in close_position
    logger.info(f"[CLOSE_DIAG] ts={int(time.time())} ticket_int={ticket_int} open_position_tickets={positions_list_all}")
                                       ^^^^
NameError: name 'time' is not defined. Did you forget to import 'time'?

[2026-07-08 00:34:52] [INFO] [post_entry_manager] [POST_ENTRY] Monitoring ticket=9465545624
[2026-07-08 00:34:52] [INFO] [market_regime_detector] [REGIME] Could not compute ATR from MT5 for EURUSD
[2026-07-08 00:34:52] [INFO] [stop_loss_breach_rule] [SL_CHECK] ticket=9465545624 direction=buy current=1.14029 sl=1.1439300000000001 breached=False
[2026-07-08 00:34:52] [INFO] [red_flag_detector] ========== RED FLAG REPORT ==========
[2026-07-08 00:34:52] [INFO] [red_flag_detector] ProfitDecay : NO
[2026-07-08 00:34:52] [INFO] [red_flag_detector] TradeHealth : NO
[2026-07-08 00:34:52] [INFO] [red_flag_detector] ATRSpike : NO
[2026-07-08 00:34:52] [INFO] [red_flag_detector] BadRegime : NO
[2026-07-08 00:34:52] [INFO] [red_flag_detector] FlagCount : 0
[2026-07-08 00:34:52] [INFO] [red_flag_detector] Score : 0.000
[2026-07-08 00:34:52] [INFO] [red_flag_detector] Severity : 0
[2026-07-08 00:34:52] [INFO] [red_flag_detector] ConsultExitModel : NO
[2026-07-08 00:34:52] [INFO] [red_flag_detector] ======================================
[2026-07-08 00:34:52] [INFO] [xgboost_exit_adapter] ========== EXIT MODEL FEATURES ==========
atr: 2.82e-05 | rsi: 0.3514 | mfe: 58.5 | mae: 0.0
trade_health: 50.0 | profit_decay_pct: 0.0
time_open_hours: 0.0 | spread: 15.0 | news_impact: 0.6
market_regime: TRENDING | volume: 0.5 | session: new_york
adx: 0.0
trend_h1: 0.0
trend_h4: 0.0
=========================================
Prediction about to be called | ticket=9465545624 | open_time=2026-07-08 01:47:23 | current_time=2026-07-08 00:34:52
[2026-07-08 00:34:52] [INFO] [xgboost_exit_model] Loaded Exit Model from F:\files (2)\google\botdd\trading_bot_v3\models\xgboost_exit_model.json
[2026-07-08 00:34:52] [INFO] [xgboost_exit_model] [EXIT_MODEL] XGBoost prediction: probability=7.6%
[2026-07-08 00:34:52] [WARNING] [xgboost_exit_adapter] [FALLBACK] Significant loss -11.7 pips for ticket=9465545624, forcing exit_prob=0.80
[2026-07-08 00:34:52] [INFO] [xgboost_exit_adapter] [EXIT_MODEL] ticket=9465545624 prediction_exit_probability=0.8000 decision_signal=80.0%
[2026-07-08 00:34:52] [ERROR] [post_entry_manager] [POST_ENTRY] per-position error ticket=9465545624: Traceback (most recent call last):
  File "F:\files (2)\google\botdd\trading_bot_v3\execution\post_entry\post_entry_manager.py", line 342, in run_once
    ok = self._executor.close_position(order_id)
  File "F:\files (2)\google\botdd\trading_bot_v3\execution\post_entry\action_executor.py", line 114, in close_position
    logger.info(f"[CLOSE_DIAG] ts={int(time.time())} ticket_int={ticket_int} open_position_tickets={positions_list_all}")
                                       ^^^^
NameError: name 'time' is not defined. Did you forget to import 'time'?

[2026-07-08 00:34:52] [INFO] [post_entry_manager] [POST_ENTRY] Monitoring ticket=9465691004
[2026-07-08 00:34:52] [INFO] [market_regime_detector] [REGIME] Could not compute ATR from MT5 for EURUSD
[2026-07-08 00:34:52] [INFO] [stop_loss_breach_rule] [SL_CHECK] ticket=9465691004 direction=buy current=1.14029 sl=1.14406 breached=False
[2026-07-08 00:34:52] [INFO] [red_flag_detector] ========== RED FLAG REPORT ==========
[2026-07-08 00:34:52] [INFO] [red_flag_detector] ProfitDecay : NO
[2026-07-08 00:34:52] [INFO] [red_flag_detector] TradeHealth : NO
[2026-07-08 00:34:52] [INFO] [red_flag_detector] ATRSpike : NO
[2026-07-08 00:34:52] [INFO] [red_flag_detector] BadRegime : NO
[2026-07-08 00:34:52] [INFO] [red_flag_detector] FlagCount : 0
[2026-07-08 00:34:52] [INFO] [red_flag_detector] Score : 0.000
[2026-07-08 00:34:52] [INFO] [red_flag_detector] Severity : 0
[2026-07-08 00:34:52] [INFO] [red_flag_detector] ConsultExitModel : NO
[2026-07-08 00:34:52] [INFO] [red_flag_detector] ======================================
[2026-07-08 00:34:52] [INFO] [xgboost_exit_adapter] ========== EXIT MODEL FEATURES ==========
atr: 2.82e-05 | rsi: 0.35619999999999996 | mfe: 65.5 | mae: 0.0
trade_health: 50.0 | profit_decay_pct: 0.0
time_open_hours: 0.0 | spread: 15.0 | news_impact: 0.7
market_regime: TRENDING | volume: 0.5 | session: new_york
adx: 0.0
trend_h1: 0.0
trend_h4: 0.0
=========================================
Prediction about to be called | ticket=9465691004 | open_time=2026-07-08 01:59:01 | current_time=2026-07-08 00:34:52
[2026-07-08 00:34:52] [INFO] [xgboost_exit_model] [EXIT_MODEL] XGBoost prediction: probability=7.6%
[2026-07-08 00:34:52] [WARNING] [xgboost_exit_adapter] [FALLBACK] Significant loss -13.1 pips for ticket=9465691004, forcing exit_prob=0.80
[2026-07-08 00:34:52] [INFO] [xgboost_exit_adapter] [EXIT_MODEL] ticket=9465691004 prediction_exit_probability=0.8000 decision_signal=80.0%
[2026-07-08 00:34:52] [ERROR] [post_entry_manager] [POST_ENTRY] per-position error ticket=9465691004: Traceback (most recent call last):
  File "F:\files (2)\google\botdd\trading_bot_v3\execution\post_entry\post_entry_manager.py", line 342, in run_once
    ok = self._executor.close_position(order_id)
  File "F:\files (2)\google\botdd\trading_bot_v3\execution\post_entry\action_executor.py", line 114, in close_position
    logger.info(f"[CLOSE_DIAG] ts={int(time.time())} ticket_int={ticket_int} open_position_tickets={positions_list_all}")
                                       ^^^^
NameError: name 'time' is not defined. Did you forget to import 'time'?

[2026-07-08 00:34:52] [INFO] [post_entry_manager] [POST_ENTRY] Monitoring ticket=9465828541
[2026-07-08 00:34:52] [INFO] [market_regime_detector] [REGIME] Could not compute ATR from MT5 for EURUSD
[2026-07-08 00:34:52] [INFO] [stop_loss_breach_rule] [SL_CHECK] ticket=9465828541 direction=buy current=1.14029 sl=1.14354 breached=False
[2026-07-08 00:34:52] [INFO] [red_flag_detector] ========== RED FLAG REPORT ==========
[2026-07-08 00:34:52] [INFO] [red_flag_detector] ProfitDecay : NO
[2026-07-08 00:34:52] [INFO] [red_flag_detector] TradeHealth : NO
[2026-07-08 00:34:52] [INFO] [red_flag_detector] ATRSpike : NO
[2026-07-08 00:34:52] [INFO] [red_flag_detector] BadRegime : NO
[2026-07-08 00:34:52] [INFO] [red_flag_detector] FlagCount : 0
[2026-07-08 00:34:52] [INFO] [red_flag_detector] Score : 0.000
[2026-07-08 00:34:52] [INFO] [red_flag_detector] Severity : 0
[2026-07-08 00:34:52] [INFO] [red_flag_detector] ConsultExitModel : NO
[2026-07-08 00:34:52] [INFO] [red_flag_detector] ======================================
[2026-07-08 00:34:52] [INFO] [xgboost_exit_adapter] ========== EXIT MODEL FEATURES ==========
atr: 2.82e-05 | rsi: 0.33770000000000006 | mfe: 40.0 | mae: 0.0
trade_health: 50.0 | profit_decay_pct: 0.0
time_open_hours: 0.0 | spread: 15.0 | news_impact: 0.6
market_regime: TRENDING | volume: 0.5 | session: new_york
adx: 0.0
trend_h1: 0.0
trend_h4: 0.0
=========================================
Prediction about to be called | ticket=9465828541 | open_time=2026-07-08 02:56:02 | current_time=2026-07-08 00:34:52
[2026-07-08 00:34:52] [INFO] [xgboost_exit_model] [EXIT_MODEL] XGBoost prediction: probability=7.6%
[2026-07-08 00:34:52] [INFO] [xgboost_exit_adapter] [EXIT_MODEL] ticket=9465828541 prediction_exit_probability=0.0761 decision_signal=7.6%
[2026-07-08 00:34:52] [ERROR] [post_entry_manager] [POST_ENTRY] per-position error ticket=9465828541: Traceback (most recent call last):
  File "F:\files (2)\google\botdd\trading_bot_v3\execution\post_entry\post_entry_manager.py", line 342, in run_once
    ok = self._executor.close_position(order_id)
  File "F:\files (2)\google\botdd\trading_bot_v3\execution\post_entry\action_executor.py", line 114, in close_position
    logger.info(f"[CLOSE_DIAG] ts={int(time.time())} ticket_int={ticket_int} open_position_tickets={positions_list_all}")
                                       ^^^^
NameError: name 'time' is not defined. Did you forget to import 'time'?

[2026-07-08 00:34:52] [INFO] [post_entry_manager] [POST_ENTRY] Monitoring ticket=9465892054
[2026-07-08 00:34:52] [INFO] [market_regime_detector] [REGIME] Could not compute ATR from MT5 for EURUSD
[2026-07-08 00:34:52] [INFO] [stop_loss_breach_rule] [SL_CHECK] ticket=9465892054 direction=buy current=1.14029 sl=1.14275 breached=False
[2026-07-08 00:34:52] [INFO] [red_flag_detector] ========== RED FLAG REPORT ==========
[2026-07-08 00:34:52] [INFO] [red_flag_detector] ProfitDecay : NO
[2026-07-08 00:34:52] [INFO] [red_flag_detector] TradeHealth : NO
[2026-07-08 00:34:52] [INFO] [red_flag_detector] ATRSpike : NO
[2026-07-08 00:34:52] [INFO] [red_flag_detector] BadRegime : NO
[2026-07-08 00:34:52] [INFO] [red_flag_detector] FlagCount : 0
[2026-07-08 00:34:52] [INFO] [red_flag_detector] Score : 0.000
[2026-07-08 00:34:52] [INFO] [red_flag_detector] Severity : 0
[2026-07-08 00:34:52] [INFO] [red_flag_detector] ConsultExitModel : NO
[2026-07-08 00:34:52] [INFO] [red_flag_detector] ======================================
[2026-07-08 00:34:52] [INFO] [xgboost_exit_adapter] ========== EXIT MODEL FEATURES ==========
atr: 2.9880000000000002e-05 | rsi: 0.3097 | mfe: 0.0 | mae: -3.5
trade_health: 50.0 | profit_decay_pct: 0.0
time_open_hours: 0.0 | spread: 15.0 | news_impact: 0.85
market_regime: TRENDING | volume: 0.5 | session: asia
adx: 0.0
trend_h1: 0.0
trend_h4: 0.0
=========================================
Prediction about to be called | ticket=9465892054 | open_time=2026-07-08 03:34:51 | current_time=2026-07-08 00:34:52
[2026-07-08 00:34:52] [INFO] [xgboost_exit_model] [EXIT_MODEL] XGBoost prediction: probability=98.6%
[2026-07-08 00:34:52] [INFO] [xgboost_exit_adapter] [EXIT_MODEL] ticket=9465892054 prediction_exit_probability=0.9864 decision_signal=98.6%
[2026-07-08 00:34:52] [ERROR] [post_entry_manager] [POST_ENTRY] per-position error ticket=9465892054: Traceback (most recent call last):
  File "F:\files (2)\google\botdd\trading_bot_v3\execution\post_entry\post_entry_manager.py", line 342, in run_once
    ok = self._executor.close_position(order_id)
  File "F:\files (2)\google\botdd\trading_bot_v3\execution\post_entry\action_executor.py", line 114, in close_position
    logger.info(f"[CLOSE_DIAG] ts={int(time.time())} ticket_int={ticket_int} open_position_tickets={positions_list_all}")
                                       ^^^^
NameError: name 'time' is not defined. Did you forget to import 'time'?

[2026-07-08 00:34:56] [WARNING] [deepseek] DeepSeek truncated by max_tokens, finish_reason=length, content={
  "impact_score": 65,

[2026-07-08 00:34:56] [WARNING] [deepseek] Retry 1: JSON incomplete/truncated, raw={
  "impact_score": 65,

[2026-07-08 00:35:03] [INFO] [deepseek] DEEPSEEK OK: {
  "impact_score": 60,
  "bias": "bearish",
  "confidence": 0.65,
  "reason": "الاتجاه هابط مع أخبا...
[2026-07-08 00:35:03] [INFO] [deepseek] AI XAUUSD: bias=bearish impact=60.0 conf=0.65
[2026-07-08 00:35:03] [INFO] [signal_engine] [VERIFY] SIGNAL_INPUT bias=bearish score=60.0 confidence=0.65
[2026-07-08 00:35:03] [INFO] [signal_engine] [VERIFY] SIGNAL_RULE rule=confidence>=0.60 actual=0.65 result=True
[2026-07-08 00:35:03] [INFO] [signal_engine] [VERIFY] SIGNAL_RULE rule=score>=55 actual=60.0 result=True
[2026-07-08 00:35:03] [INFO] [signal_engine] [VERIFY] SIGNAL_RULE rule=bias in [bullish,bearish] actual=bearish result=True
[2026-07-08 00:35:03] [INFO] [signal_engine] [VERIFY] SIGNAL_FINAL direction=SELL score=60.0 confidence=0.65 valid=True
[2026-07-08 00:35:03] [DEBUG] [signal_engine] Signal: SELL score=60.0 conf=0.65 strength=متوسط valid=True
[2026-07-08 00:35:03] [INFO] [sentiment] Sentiment XAUUSD: bearish score=83 bull=1 bear=2
[2026-07-08 00:35:03] [DEBUG] [mtf] MTF (snapshot) XAUUSD: H4=bearish H1=neutral M15=neutral aligned=False (weak)
[2026-07-08 00:35:03] [INFO] [main] [VERIFY][DATA_TRUTH] symbol=XAUUSD timeframe=H4/H1/M15 news_fetched=True indicators_fetched=True live_data=True cached=False
[2026-07-08 00:35:03] [INFO] [voting_engine] XAUUSD: MTF weakly misaligned, reducing score 10%
[2026-07-08 00:35:03] [DEBUG] [hybrid_market_client] Fetching indicators for XAUUSD (QuantDinger only)
[2026-07-08 00:35:03] [DEBUG] [market_client] Candles XAUUSD 4H: 96 bars ✓
[2026-07-08 00:35:03] [DEBUG] [hybrid_market_client] ✓ Got live data from QuantDinger for XAUUSD
[2026-07-08 00:35:03] [DEBUG] [hybrid_market_client] Fetching indicators for XAUUSD (QuantDinger only)
[2026-07-08 00:35:03] [DEBUG] [market_client] Using cached candles for XAUUSD 4H (age: 0s)
[2026-07-08 00:35:03] [DEBUG] [hybrid_market_client] ✓ Got live data from QuantDinger for XAUUSD
[2026-07-08 00:35:03] [INFO] [sltp] SL/TP XAUUSD: entry=4116.60009765625 atr=38.17843 sl=4126.6001 tp=4021.15402
[2026-07-08 00:35:03] [INFO] [position_sizing] Position size: 0.1 (equity=74446, risk=0.001, sl_dist=10.00000, score=46, cons_loss=0)
[2026-07-08 00:35:03] [DEBUG] [xgboost_v2] V2 predict: rsi=45.1 atr=38.17843 regime=TRENDING session=new_york dir=SELL -> p_win=0.139
[2026-07-08 00:35:03] [INFO] [xgboost_v2] [VERIFY] XGBOOST PREDICTION p_win=0.139 available=True
[2026-07-08 00:35:03] [INFO] [main] [VERIFY][DECISION_TRUTH] bias=bearish score=46.3 confidence=0.576 vote=SELL risk_passed=True sl_tp_calculated=True position_size=0.1 xgboost_p_win=0.13892023265361786 final_decision_valid=False reject_reason=p_win<threshold (p_win=0.139 threshold=0.6)
[2026-07-08 00:35:03] [INFO] [main] --- GBPUSD ---
[2026-07-08 00:35:08] [INFO] [deepseek] DEEPSEEK OK: {
  "impact_score": 70,
  "bias": "bearish",
  "confidence": 0.6,
  "reason": "اتجاه هابط على عدة أط...
[2026-07-08 00:35:08] [INFO] [deepseek] AI GBPUSD: bias=bearish impact=70.0 conf=0.60
[2026-07-08 00:35:08] [INFO] [signal_engine] [VERIFY] SIGNAL_INPUT bias=bearish score=70.0 confidence=0.6
[2026-07-08 00:35:08] [INFO] [signal_engine] [VERIFY] SIGNAL_RULE rule=confidence>=0.60 actual=0.6 result=True
[2026-07-08 00:35:08] [INFO] [signal_engine] [VERIFY] SIGNAL_RULE rule=score>=55 actual=70.0 result=True
[2026-07-08 00:35:08] [INFO] [signal_engine] [VERIFY] SIGNAL_RULE rule=bias in [bullish,bearish] actual=bearish result=True
[2026-07-08 00:35:08] [INFO] [signal_engine] [VERIFY] SIGNAL_FINAL direction=SELL score=70.0 confidence=0.6 valid=True
[2026-07-08 00:35:08] [DEBUG] [signal_engine] Signal: SELL score=70.0 conf=0.60 strength=متوسط valid=True
[2026-07-08 00:35:08] [INFO] [sentiment] Sentiment GBPUSD: bearish score=100 bull=0 bear=1
[2026-07-08 00:35:08] [DEBUG] [mtf] MTF (snapshot) GBPUSD: H4=bearish H1=neutral M15=neutral aligned=False (weak)
[2026-07-08 00:35:08] [INFO] [main] [VERIFY][DATA_TRUTH] symbol=GBPUSD timeframe=H4/H1/M15 news_fetched=True indicators_fetched=True live_data=True cached=False
[2026-07-08 00:35:08] [INFO] [voting_engine] GBPUSD: MTF weakly misaligned, reducing score 10%
[2026-07-08 00:35:08] [INFO] [correlation_protection] [CORRELATION_PROTECTION] Block correlated GBPUSD sell with EURUSD sell action=block
[2026-07-08 00:35:08] [INFO] [risk_engine] Risk: CorrelationProtection blocked (GBPUSD SELL)
[2026-07-08 00:35:08] [DEBUG] [hybrid_market_client] Fetching indicators for GBPUSD (QuantDinger only)
[2026-07-08 00:35:08] [DEBUG] [market_client] Candles GBPUSD 4H: 100 bars ✓
[2026-07-08 00:35:08] [DEBUG] [hybrid_market_client] ✓ Got live data from QuantDinger for GBPUSD
[2026-07-08 00:35:08] [DEBUG] [hybrid_market_client] Fetching indicators for GBPUSD (QuantDinger only)
[2026-07-08 00:35:08] [DEBUG] [market_client] Using cached candles for GBPUSD 4H (age: 0s)
[2026-07-08 00:35:08] [DEBUG] [hybrid_market_client] ✓ Got live data from QuantDinger for GBPUSD
[2026-07-08 00:35:08] [INFO] [sltp] SL/TP GBPUSD: entry=1.3359339237213135 atr=0.00194 sl=1.33884 tp=1.3311
[2026-07-08 00:35:08] [INFO] [position_sizing] Position size: 0.5 (equity=74446, risk=0.001, sl_dist=0.00291, score=52, cons_loss=0)
[2026-07-08 00:35:08] [DEBUG] [xgboost_v2] V2 predict: rsi=50.8 atr=0.00194 regime=TRENDING session=new_york dir=SELL -> p_win=0.429
[2026-07-08 00:35:08] [INFO] [xgboost_v2] [VERIFY] XGBOOST PREDICTION p_win=0.429 available=True
[2026-07-08 00:35:08] [INFO] [main] [VERIFY][DECISION_TRUTH] bias=bearish score=52.1 confidence=0.531 vote=SELL risk_passed=False sl_tp_calculated=True position_size=0.5 xgboost_p_win=0.42870810627937317 final_decision_valid=False reject_reason=p_win<threshold (p_win=0.429 threshold=0.6)
[2026-07-08 00:35:08] [INFO] [adaptive_weights] EURUSD weights updated: {'ai': 0.239, 'trend': 0.239, 'momentum': 0.239, 'sentiment': 0.239, 'volatility': 0.043} | WR=8.6% PF=0
[2026-07-08 00:35:08] [INFO] [adaptive_weights] GBPUSD weights updated: {'ai': 0.239, 'trend': 0.239, 'momentum': 0.239, 'sentiment': 0.239, 'volatility': 0.043} | WR=13.0% PF=8.53
[2026-07-08 00:35:08] [INFO] [adaptive_weights] 🏆 أفضل زوج: EURUSD | WR=8.6% | PnL=190.0$
[2026-07-08 00:35:08] [INFO] [adaptive_weights] ⚠️ أسوأ زوج: XAUUSD | WR=0.0% | PnL=0.0$
[2026-07-08 00:35:08] [INFO] [main] Sleeping 1800s...
[2026-07-08 00:35:37] [ERROR] [reconciliation] [RECONCILE] MT5 positions_get returned None last_error=(-10004, 'No IPC connection')
[2026-07-08 00:35:37] [WARNING] [reconciliation] Orphan trade in DB (no longer in QD): trade_id=63 order_id=9465892054
[2026-07-08 00:35:37] [INFO] [reconciliation] Ignoring orphan during bot warmup window: order_id=9465892054
[2026-07-08 00:36:37] [ERROR] [reconciliation] [RECONCILE] MT5 positions_get returned None last_error=(-10004, 'No IPC connection')
[2026-07-08 00:36:37] [WARNING] [reconciliation] Orphan trade in DB (no longer in QD): trade_id=63 order_id=9465892054
[2026-07-08 00:36:37] [WARNING] [reconciliation] Orphan trade pending confirmation cycle 1/3: order_id=9465892054
[2026-07-08 00:36:37] [INFO] [reconciliation] Reconciliation: {'db_count': 1, 'qd_count': 0, 'fixes': 0, 'mismatches': ['DB orphan pending: trade_id 63 order_id 9465892054 cycle 1/3']}
[2026-07-08 00:37:37] [ERROR] [reconciliation] [RECONCILE] MT5 positions_get returned None last_error=(-10004, 'No IPC connection')
[2026-07-08 00:37:37] [WARNING] [reconciliation] Orphan trade in DB (no longer in QD): trade_id=63 order_id=9465892054
[2026-07-08 00:37:37] [WARNING] [reconciliation] Orphan trade pending confirmation cycle 2/3: order_id=9465892054
[2026-07-08 00:37:37] [INFO] [reconciliation] Reconciliation: {'db_count': 1, 'qd_count': 0, 'fixes': 0, 'mismatches': ['DB orphan pending: trade_id 63 order_id 9465892054 cycle 2/3']}
[2026-07-08 00:45:10] [INFO] [main] Trading Bot V3 starting...
[2026-07-08 00:45:10] [INFO] [database] V3 Database initialized with all tables
[2026-07-08 00:45:10] [INFO] [qd_client] Logged in to QuantDinger
[2026-07-08 00:45:10] [INFO] [qd_client] MT5 connected
[2026-07-08 00:45:10] [INFO] [main] MT5 connected
[2026-07-08 00:45:10] [INFO] [main] [STARTUP_SAFETY] Starting startup safety check (run-once)
[2026-07-08 00:45:10] [WARNING] [main] [STARTUP_SAFETY] mt5.positions_get returned None. attempt=1 last_error=(0, '')
[2026-07-08 00:45:10] [ERROR] [main] [STARTUP_SAFETY] FAIL-SAFE: MT5 positions_get None with non-IPC error last_error=(0, ''). Stopping.
[2026-07-08 00:45:10] [ERROR] [main] [STARTUP_SAFETY] Startup safety check failed. Stopping bot.
[2026-07-08 00:45:34] [INFO] [main] Trading Bot V3 starting...
[2026-07-08 00:45:34] [INFO] [database] V3 Database initialized with all tables
[2026-07-08 00:45:34] [INFO] [qd_client] Logged in to QuantDinger
[2026-07-08 00:45:34] [INFO] [qd_client] MT5 connected
[2026-07-08 00:45:34] [INFO] [main] MT5 connected
[2026-07-08 00:45:34] [INFO] [main] [STARTUP_SAFETY] Starting startup safety check (run-once)
[2026-07-08 00:45:34] [WARNING] [main] [STARTUP_SAFETY] mt5.positions_get returned None. attempt=1 last_error=(0, '')
[2026-07-08 00:45:34] [WARNING] [main] [STARTUP_SAFETY] mt5.positions_get None diagnostic last_error=(0, '')
[2026-07-08 00:45:34] [ERROR] [main] [STARTUP_SAFETY] FAIL-SAFE: MT5 IPC not healthy after retries. positions_get=None attempts=1 last_error=(-10004, 'No IPC connection'). Stopping bot to avoid duplicate/unsafe trading.
[2026-07-08 00:45:34] [ERROR] [main] [STARTUP_SAFETY] Startup safety check failed. Stopping bot.
[2026-07-08 00:46:17] [INFO] [main] Trading Bot V3 starting...
[2026-07-08 00:46:17] [INFO] [database] V3 Database initialized with all tables
[2026-07-08 00:46:17] [INFO] [qd_client] Logged in to QuantDinger
[2026-07-08 00:46:17] [INFO] [qd_client] MT5 connected
[2026-07-08 00:46:17] [INFO] [main] MT5 connected
[2026-07-08 00:46:17] [INFO] [main] [STARTUP_SAFETY] Starting startup safety check (run-once)
[2026-07-08 00:46:17] [WARNING] [main] [STARTUP_SAFETY] mt5.positions_get returned None. attempt=1 last_error=(0, '')
[2026-07-08 00:46:17] [WARNING] [main] [STARTUP_SAFETY] mt5.positions_get None diagnostic last_error=(0, '')
[2026-07-08 00:46:17] [ERROR] [main] [STARTUP_SAFETY] FAIL-SAFE: MT5 IPC not healthy after retries. positions_get=None attempts=1 last_error=(-10004, 'No IPC connection'). Stopping bot to avoid duplicate/unsafe trading.
[2026-07-08 00:46:17] [ERROR] [main] [STARTUP_SAFETY] Startup safety check failed. Stopping bot.
[2026-07-08 00:47:17] [INFO] [main] Trading Bot V3 starting...
[2026-07-08 00:47:17] [INFO] [database] V3 Database initialized with all tables
[2026-07-08 00:47:18] [INFO] [qd_client] Logged in to QuantDinger
[2026-07-08 00:47:18] [INFO] [qd_client] MT5 connected
[2026-07-08 00:47:18] [INFO] [main] MT5 connected
[2026-07-08 00:47:18] [INFO] [main] [STARTUP_SAFETY] Starting startup safety check (run-once)
[2026-07-08 00:47:18] [WARNING] [main] [STARTUP_SAFETY] mt5.positions_get returned None. attempt=1 last_error=(0, '')
[2026-07-08 00:47:18] [WARNING] [main] [STARTUP_SAFETY] mt5.positions_get None diagnostic last_error=(0, '')
[2026-07-08 00:47:18] [ERROR] [main] [STARTUP_SAFETY] FAIL-SAFE: MT5 IPC not healthy after retries. positions_get=None attempts=1 last_error=(-10004, 'No IPC connection'). Stopping bot to avoid duplicate/unsafe trading.
[2026-07-08 00:47:18] [ERROR] [main] [STARTUP_SAFETY] Startup safety check failed. Stopping bot.
[2026-07-08 00:47:36] [INFO] [main] Trading Bot V3 starting...
[2026-07-08 00:47:36] [INFO] [database] V3 Database initialized with all tables
[2026-07-08 00:47:36] [INFO] [qd_client] Logged in to QuantDinger
[2026-07-08 00:47:36] [INFO] [qd_client] MT5 connected
[2026-07-08 00:47:36] [INFO] [main] MT5 connected
[2026-07-08 00:47:36] [INFO] [main] [STARTUP_SAFETY] Starting startup safety check (run-once)
[2026-07-08 00:47:36] [WARNING] [main] [STARTUP_SAFETY] mt5.positions_get returned None. attempt=1 last_error=(0, '')
[2026-07-08 00:47:36] [WARNING] [main] [STARTUP_SAFETY] mt5.positions_get None diagnostic last_error=(0, '')
[2026-07-08 00:47:36] [ERROR] [main] [STARTUP_SAFETY] FAIL-SAFE: MT5 IPC not healthy after retries. positions_get=None attempts=1 last_error=(-10004, 'No IPC connection'). Stopping bot to avoid duplicate/unsafe trading.
[2026-07-08 00:47:36] [ERROR] [main] [STARTUP_SAFETY] Startup safety check failed. Stopping bot.
[2026-07-08 00:49:10] [INFO] [main] Trading Bot V3 starting...
[2026-07-08 00:49:10] [INFO] [database] V3 Database initialized with all tables
[2026-07-08 00:49:11] [INFO] [qd_client] Logged in to QuantDinger
[2026-07-08 00:49:11] [INFO] [qd_client] MT5 connected
[2026-07-08 00:49:11] [INFO] [main] MT5 connected
[2026-07-08 00:49:11] [INFO] [main] [STARTUP_SAFETY] Starting startup safety check (run-once)
[2026-07-08 00:49:11] [WARNING] [main] [STARTUP_SAFETY] mt5.positions_get returned None. attempt=1 last_error=(0, '')
[2026-07-08 00:49:11] [WARNING] [main] [STARTUP_SAFETY] mt5.positions_get None diagnostic last_error=(0, '')
[2026-07-08 00:49:11] [ERROR] [main] [STARTUP_SAFETY] FAIL-SAFE: MT5 IPC not healthy after retries. positions_get=None attempts=1 last_error=(-10004, 'No IPC connection'). Stopping bot to avoid duplicate/unsafe trading.
[2026-07-08 00:49:11] [ERROR] [main] [STARTUP_SAFETY] Startup safety check failed. Stopping bot.
[2026-07-08 00:49:32] [INFO] [main] Trading Bot V3 starting...
[2026-07-08 00:49:32] [INFO] [database] V3 Database initialized with all tables
[2026-07-08 00:49:33] [INFO] [qd_client] Logged in to QuantDinger
[2026-07-08 00:49:33] [INFO] [qd_client] MT5 connected
[2026-07-08 00:49:33] [INFO] [main] MT5 connected
[2026-07-08 00:49:33] [INFO] [main] [STARTUP_SAFETY] Starting startup safety check (run-once)
[2026-07-08 00:49:33] [WARNING] [main] [STARTUP_SAFETY] mt5.positions_get returned None. attempt=1 last_error=(0, '')
[2026-07-08 00:49:33] [WARNING] [main] [STARTUP_SAFETY] mt5.positions_get None diagnostic last_error=(0, '')
[2026-07-08 00:49:33] [ERROR] [main] [STARTUP_SAFETY] FAIL-SAFE: MT5 IPC not healthy after retries. positions_get=None attempts=1 last_error=(-10004, 'No IPC connection'). Stopping bot to avoid duplicate/unsafe trading.
[2026-07-08 00:49:33] [ERROR] [main] [STARTUP_SAFETY] Startup safety check failed. Stopping bot.
[2026-07-08 00:52:28] [INFO] [main] Trading Bot V3 starting...
[2026-07-08 00:52:28] [INFO] [database] V3 Database initialized with all tables
[2026-07-08 00:52:28] [INFO] [qd_client] Logged in to QuantDinger
[2026-07-08 00:52:28] [INFO] [qd_client] MT5 connected
[2026-07-08 00:52:28] [INFO] [main] MT5 connected
[2026-07-08 00:52:28] [INFO] [main] [STARTUP_SAFETY] Starting startup safety check (run-once)
[2026-07-08 00:52:28] [WARNING] [main] [STARTUP_SAFETY] mt5.positions_get None diagnostic last_error=(1, 'Success')
[2026-07-08 00:52:28] [INFO] [main] [STARTUP_SAFETY] MT5 open positions count=4
[2026-07-08 00:52:28] [INFO] [main] [STARTUP_SAFETY][MT5] ticket=9465545624 symbol=EURUSD volume=0.5 open_time=1783464443
[2026-07-08 00:52:28] [INFO] [main] [STARTUP_SAFETY][MT5] ticket=9465691004 symbol=EURUSD volume=0.5 open_time=1783465141
[2026-07-08 00:52:28] [INFO] [main] [STARTUP_SAFETY][MT5] ticket=9465828541 symbol=EURUSD volume=0.5 open_time=1783468562
[2026-07-08 00:52:28] [INFO] [main] [STARTUP_SAFETY][MT5] ticket=9465892054 symbol=EURUSD volume=0.5 open_time=1783470891
[2026-07-08 00:52:28] [INFO] [main] [STARTUP_SAFETY] DB open trades count=1
[2026-07-08 00:52:28] [INFO] [main] [STARTUP_SAFETY] missing_in_db(MT5-only)=3 missing_in_mt5(DB-only)=0
[2026-07-08 00:52:28] [INFO] [main] [STARTUP_SAFETY] Imported MT5-only position into DB ticket=9465691004 symbol=EURUSD direction=sell
[2026-07-08 00:52:28] [INFO] [main] [STARTUP_SAFETY] Imported MT5-only position into DB ticket=9465545624 symbol=EURUSD direction=sell
[2026-07-08 00:52:28] [INFO] [main] [STARTUP_SAFETY] Imported MT5-only position into DB ticket=9465828541 symbol=EURUSD direction=sell
[2026-07-08 00:52:28] [INFO] [main] [STARTUP_SAFETY] Synced open positions count=1
[2026-07-08 00:52:28] [INFO] [main] [STARTUP_SAFETY] Completed startup safety check successfully
[2026-07-08 00:52:28] [INFO] [telegram_bot] Telegram polling started
[2026-07-08 00:52:28] [INFO] [telegram_bot] Telegram bot V3 started
[2026-07-08 00:52:28] [INFO] [mt5_watchdog] MT5 watchdog started (V1 reconnect logic)
[2026-07-08 00:52:28] [INFO] [reconciliation] Reconciliation loop started (every 60s)
[2026-07-08 00:52:28] [INFO] [reconciliation] Reconciliation thread started (safety only)
[2026-07-08 00:52:28] [INFO] [post_entry_manager] PostEntryManager started
[2026-07-08 00:52:28] [INFO] [post_entry_trade_monitor] [MONITOR_ID_DIAG] ts=1783461148 symbol=EURUSD d_ticket=9465545624 d_position_id=None d_id=None chosen_ticket=9465545624
[2026-07-08 00:52:28] [INFO] [post_entry_trade_monitor] [MONITOR_ID_DIAG] ts=1783461148 symbol=EURUSD d_ticket=9465691004 d_position_id=None d_id=None chosen_ticket=9465691004
[2026-07-08 00:52:28] [INFO] [post_entry_trade_monitor] [MONITOR_ID_DIAG] ts=1783461148 symbol=EURUSD d_ticket=9465828541 d_position_id=None d_id=None chosen_ticket=9465828541
[2026-07-08 00:52:28] [INFO] [post_entry_trade_monitor] [MONITOR_ID_DIAG] ts=1783461148 symbol=EURUSD d_ticket=9465892054 d_position_id=None d_id=None chosen_ticket=9465892054
[2026-07-08 00:52:28] [INFO] [post_entry_manager] [POST_ENTRY] New position detected ticket=9465545624 symbol=EURUSD
[2026-07-08 00:52:28] [INFO] [post_entry_manager] [POST_ENTRY] New position detected ticket=9465691004 symbol=EURUSD
[2026-07-08 00:52:28] [INFO] [post_entry_manager] [POST_ENTRY] New position detected ticket=9465828541 symbol=EURUSD
[2026-07-08 00:52:28] [INFO] [post_entry_manager] [POST_ENTRY] New position detected ticket=9465892054 symbol=EURUSD
[2026-07-08 00:52:28] [CRITICAL] [post_entry_manager] [EMERGENCY_STOP] Closing ticket=9465545624 symbol=EURUSD dir=buy entry=1.14146 current=1.14044 loss_points=-102.00000000000207 threshold=-30
[2026-07-08 00:52:28] [ERROR] [post_entry_manager] [EMERGENCY_STOP] precheck failed order_id=9465545624: Traceback (most recent call last):
  File "F:\files (2)\google\botdd\trading_bot_v3\execution\post_entry\post_entry_manager.py", line 182, in run_once
    ok = self._executor.close_position(order_id)
  File "F:\files (2)\google\botdd\trading_bot_v3\execution\post_entry\action_executor.py", line 114, in close_position
    logger.info(f"[CLOSE_DIAG] ts={int(time.time())} ticket_int={ticket_int} open_position_tickets={positions_list_all}")
                                       ^^^^
NameError: name 'time' is not defined. Did you forget to import 'time'?

[2026-07-08 00:52:28] [INFO] [post_entry_manager] [POST_ENTRY] Monitoring ticket=9465545624
[2026-07-08 00:52:28] [INFO] [market_regime_detector] [REGIME] Could not compute ATR from MT5 for EURUSD
[2026-07-08 00:52:28] [INFO] [stop_loss_breach_rule] [SL_CHECK] ticket=9465545624 direction=buy current=1.14044 sl=1.1439300000000001 breached=False
[2026-07-08 00:52:29] [INFO] [main] ==================================================
[2026-07-08 00:52:29] [INFO] [main] Cycle 1 at 00:52:29
[2026-07-08 00:52:29] [INFO] [main] [GUARD] Found 4 open trade(s) in database.
[2026-07-08 00:52:29] [INFO] [main] [GUARD] Open positions detected. Skipping all trading this cycle.
[2026-07-08 00:52:29] [INFO] [main] Sleeping 1800s...
[2026-07-08 00:52:36] [INFO] [news_fetcher] Fetched 18 relevant news items
[2026-07-08 00:52:36] [INFO] [red_flag_detector] ========== RED FLAG REPORT ==========
[2026-07-08 00:52:36] [INFO] [red_flag_detector] ProfitDecay : NO
[2026-07-08 00:52:36] [INFO] [red_flag_detector] TradeHealth : NO
[2026-07-08 00:52:36] [INFO] [red_flag_detector] ATRSpike : NO
[2026-07-08 00:52:36] [INFO] [red_flag_detector] BadRegime : NO
[2026-07-08 00:52:36] [INFO] [red_flag_detector] FlagCount : 0
[2026-07-08 00:52:36] [INFO] [red_flag_detector] Score : 0.000
[2026-07-08 00:52:36] [INFO] [red_flag_detector] Severity : 0
[2026-07-08 00:52:36] [INFO] [red_flag_detector] ConsultExitModel : NO
[2026-07-08 00:52:36] [INFO] [red_flag_detector] ======================================
[2026-07-08 00:52:36] [INFO] [xgboost_exit_adapter] ========== EXIT MODEL FEATURES ==========
atr: 2.82e-05 | rsi: 0.3514 | mfe: 51.0 | mae: 0.0
trade_health: 50.0 | profit_decay_pct: 0.0
time_open_hours: 0.0 | spread: 15.0 | news_impact: 0.6
market_regime: TRENDING | volume: 0.5 | session: new_york
adx: 0.0
trend_h1: 0.0
trend_h4: 0.0
=========================================
Prediction about to be called | ticket=9465545624 | open_time=2026-07-08 01:47:23 | current_time=2026-07-08 00:52:36
[2026-07-08 00:52:36] [INFO] [xgboost_exit_model] Loaded Exit Model from F:\files (2)\google\botdd\trading_bot_v3\models\xgboost_exit_model.json
[2026-07-08 00:52:36] [INFO] [xgboost_exit_model] [EXIT_MODEL] XGBoost prediction: probability=7.6%
[2026-07-08 00:52:36] [WARNING] [xgboost_exit_adapter] [FALLBACK] Significant loss -10.2 pips for ticket=9465545624, forcing exit_prob=0.80
[2026-07-08 00:52:36] [INFO] [xgboost_exit_adapter] [EXIT_MODEL] ticket=9465545624 prediction_exit_probability=0.8000 decision_signal=80.0%
[2026-07-08 00:52:36] [ERROR] [post_entry_manager] [POST_ENTRY] per-position error ticket=9465545624: Traceback (most recent call last):
  File "F:\files (2)\google\botdd\trading_bot_v3\execution\post_entry\post_entry_manager.py", line 342, in run_once
    ok = self._executor.close_position(order_id)
  File "F:\files (2)\google\botdd\trading_bot_v3\execution\post_entry\action_executor.py", line 114, in close_position
    logger.info(f"[CLOSE_DIAG] ts={int(time.time())} ticket_int={ticket_int} open_position_tickets={positions_list_all}")
                                       ^^^^
NameError: name 'time' is not defined. Did you forget to import 'time'?

[2026-07-08 00:52:36] [INFO] [post_entry_manager] [POST_ENTRY] Monitoring ticket=9465691004
[2026-07-08 00:52:36] [INFO] [market_regime_detector] [REGIME] Could not compute ATR from MT5 for EURUSD
[2026-07-08 00:52:36] [INFO] [stop_loss_breach_rule] [SL_CHECK] ticket=9465691004 direction=buy current=1.14044 sl=1.14406 breached=False
[2026-07-08 00:52:36] [INFO] [red_flag_detector] ========== RED FLAG REPORT ==========
[2026-07-08 00:52:36] [INFO] [red_flag_detector] ProfitDecay : NO
[2026-07-08 00:52:36] [INFO] [red_flag_detector] TradeHealth : NO
[2026-07-08 00:52:36] [INFO] [red_flag_detector] ATRSpike : NO
[2026-07-08 00:52:36] [INFO] [red_flag_detector] BadRegime : NO
[2026-07-08 00:52:36] [INFO] [red_flag_detector] FlagCount : 0
[2026-07-08 00:52:36] [INFO] [red_flag_detector] Score : 0.000
[2026-07-08 00:52:36] [INFO] [red_flag_detector] Severity : 0
[2026-07-08 00:52:36] [INFO] [red_flag_detector] ConsultExitModel : NO
[2026-07-08 00:52:36] [INFO] [red_flag_detector] ======================================
[2026-07-08 00:52:36] [INFO] [xgboost_exit_adapter] ========== EXIT MODEL FEATURES ==========
atr: 2.82e-05 | rsi: 0.35619999999999996 | mfe: 58.0 | mae: 0.0
trade_health: 50.0 | profit_decay_pct: 0.0
time_open_hours: 0.0 | spread: 15.0 | news_impact: 0.7
market_regime: TRENDING | volume: 0.5 | session: new_york
adx: 0.0
trend_h1: 0.0
trend_h4: 0.0
=========================================
Prediction about to be called | ticket=9465691004 | open_time=2026-07-08 01:59:01 | current_time=2026-07-08 00:52:36
[2026-07-08 00:52:36] [INFO] [xgboost_exit_model] [EXIT_MODEL] XGBoost prediction: probability=7.6%
[2026-07-08 00:52:36] [WARNING] [xgboost_exit_adapter] [FALLBACK] Significant loss -11.6 pips for ticket=9465691004, forcing exit_prob=0.80
[2026-07-08 00:52:36] [INFO] [xgboost_exit_adapter] [EXIT_MODEL] ticket=9465691004 prediction_exit_probability=0.8000 decision_signal=80.0%
[2026-07-08 00:52:36] [ERROR] [post_entry_manager] [POST_ENTRY] per-position error ticket=9465691004: Traceback (most recent call last):
  File "F:\files (2)\google\botdd\trading_bot_v3\execution\post_entry\post_entry_manager.py", line 342, in run_once
    ok = self._executor.close_position(order_id)
  File "F:\files (2)\google\botdd\trading_bot_v3\execution\post_entry\action_executor.py", line 114, in close_position
    logger.info(f"[CLOSE_DIAG] ts={int(time.time())} ticket_int={ticket_int} open_position_tickets={positions_list_all}")
                                       ^^^^
NameError: name 'time' is not defined. Did you forget to import 'time'?

[2026-07-08 00:52:36] [INFO] [post_entry_manager] [POST_ENTRY] Monitoring ticket=9465828541
[2026-07-08 00:52:36] [INFO] [market_regime_detector] [REGIME] Could not compute ATR from MT5 for EURUSD
[2026-07-08 00:52:36] [INFO] [stop_loss_breach_rule] [SL_CHECK] ticket=9465828541 direction=buy current=1.14044 sl=1.14354 breached=False
[2026-07-08 00:52:36] [INFO] [red_flag_detector] ========== RED FLAG REPORT ==========
[2026-07-08 00:52:36] [INFO] [red_flag_detector] ProfitDecay : NO
[2026-07-08 00:52:36] [INFO] [red_flag_detector] TradeHealth : NO
[2026-07-08 00:52:36] [INFO] [red_flag_detector] ATRSpike : NO
[2026-07-08 00:52:36] [INFO] [red_flag_detector] BadRegime : NO
[2026-07-08 00:52:36] [INFO] [red_flag_detector] FlagCount : 0
[2026-07-08 00:52:36] [INFO] [red_flag_detector] Score : 0.000
[2026-07-08 00:52:36] [INFO] [red_flag_detector] Severity : 0
[2026-07-08 00:52:36] [INFO] [red_flag_detector] ConsultExitModel : NO
[2026-07-08 00:52:36] [INFO] [red_flag_detector] ======================================
[2026-07-08 00:52:36] [INFO] [xgboost_exit_adapter] ========== EXIT MODEL FEATURES ==========
atr: 2.82e-05 | rsi: 0.33770000000000006 | mfe: 32.5 | mae: 0.0
trade_health: 50.0 | profit_decay_pct: 0.0
time_open_hours: 0.0 | spread: 15.0 | news_impact: 0.6
market_regime: TRENDING | volume: 0.5 | session: new_york
adx: 0.0
trend_h1: 0.0
trend_h4: 0.0
=========================================
Prediction about to be called | ticket=9465828541 | open_time=2026-07-08 02:56:02 | current_time=2026-07-08 00:52:36
[2026-07-08 00:52:36] [INFO] [xgboost_exit_model] [EXIT_MODEL] XGBoost prediction: probability=7.6%
[2026-07-08 00:52:36] [INFO] [xgboost_exit_adapter] [EXIT_MODEL] ticket=9465828541 prediction_exit_probability=0.0761 decision_signal=7.6%
[2026-07-08 00:52:36] [ERROR] [post_entry_manager] [POST_ENTRY] per-position error ticket=9465828541: Traceback (most recent call last):
  File "F:\files (2)\google\botdd\trading_bot_v3\execution\post_entry\post_entry_manager.py", line 342, in run_once
    ok = self._executor.close_position(order_id)
  File "F:\files (2)\google\botdd\trading_bot_v3\execution\post_entry\action_executor.py", line 114, in close_position
    logger.info(f"[CLOSE_DIAG] ts={int(time.time())} ticket_int={ticket_int} open_position_tickets={positions_list_all}")
                                       ^^^^
NameError: name 'time' is not defined. Did you forget to import 'time'?

[2026-07-08 00:52:36] [INFO] [post_entry_manager] [POST_ENTRY] Monitoring ticket=9465892054
[2026-07-08 00:52:36] [INFO] [market_regime_detector] [REGIME] Could not compute ATR from MT5 for EURUSD
[2026-07-08 00:52:36] [INFO] [stop_loss_breach_rule] [SL_CHECK] ticket=9465892054 direction=buy current=1.14044 sl=1.14275 breached=False
[2026-07-08 00:52:36] [INFO] [red_flag_detector] ========== RED FLAG REPORT ==========
[2026-07-08 00:52:36] [INFO] [red_flag_detector] ProfitDecay : NO
[2026-07-08 00:52:36] [INFO] [red_flag_detector] TradeHealth : NO
[2026-07-08 00:52:36] [INFO] [red_flag_detector] ATRSpike : NO
[2026-07-08 00:52:36] [INFO] [red_flag_detector] BadRegime : NO
[2026-07-08 00:52:36] [INFO] [red_flag_detector] FlagCount : 0
[2026-07-08 00:52:36] [INFO] [red_flag_detector] Score : 0.000
[2026-07-08 00:52:36] [INFO] [red_flag_detector] Severity : 0
[2026-07-08 00:52:36] [INFO] [red_flag_detector] ConsultExitModel : NO
[2026-07-08 00:52:36] [INFO] [red_flag_detector] ======================================
[2026-07-08 00:52:36] [INFO] [xgboost_exit_adapter] ========== EXIT MODEL FEATURES ==========
atr: 2.9880000000000002e-05 | rsi: 0.3097 | mfe: 0.0 | mae: -11.0
trade_health: 50.0 | profit_decay_pct: 0.0
time_open_hours: 0.0 | spread: 15.0 | news_impact: 0.85
market_regime: TRENDING | volume: 0.5 | session: asia
adx: 0.0
trend_h1: 0.0
trend_h4: 0.0
=========================================
Prediction about to be called | ticket=9465892054 | open_time=2026-07-08 03:34:51 | current_time=2026-07-08 00:52:36
[2026-07-08 00:52:36] [INFO] [xgboost_exit_model] [EXIT_MODEL] XGBoost prediction: probability=98.6%
[2026-07-08 00:52:36] [INFO] [xgboost_exit_adapter] [EXIT_MODEL] ticket=9465892054 prediction_exit_probability=0.9864 decision_signal=98.6%
[2026-07-08 00:52:36] [ERROR] [post_entry_manager] [POST_ENTRY] per-position error ticket=9465892054: Traceback (most recent call last):
  File "F:\files (2)\google\botdd\trading_bot_v3\execution\post_entry\post_entry_manager.py", line 342, in run_once
    ok = self._executor.close_position(order_id)
  File "F:\files (2)\google\botdd\trading_bot_v3\execution\post_entry\action_executor.py", line 114, in close_position
    logger.info(f"[CLOSE_DIAG] ts={int(time.time())} ticket_int={ticket_int} open_position_tickets={positions_list_all}")
                                       ^^^^
NameError: name 'time' is not defined. Did you forget to import 'time'?

[2026-07-08 00:53:16] [INFO] [main] Trading Bot V3 starting...
[2026-07-08 00:53:16] [INFO] [database] V3 Database initialized with all tables
[2026-07-08 00:53:16] [INFO] [qd_client] Logged in to QuantDinger
[2026-07-08 00:53:16] [INFO] [qd_client] MT5 connected
[2026-07-08 00:53:16] [INFO] [main] MT5 connected
[2026-07-08 00:53:16] [INFO] [main] [STARTUP_SAFETY] Starting startup safety check (run-once)
[2026-07-08 00:53:16] [WARNING] [main] [STARTUP_SAFETY] mt5.positions_get None diagnostic last_error=(1, 'Success')
[2026-07-08 00:53:16] [INFO] [main] [STARTUP_SAFETY] MT5 open positions count=4
[2026-07-08 00:53:16] [INFO] [main] [STARTUP_SAFETY][MT5] ticket=9465545624 symbol=EURUSD volume=0.5 open_time=1783464443
[2026-07-08 00:53:16] [INFO] [main] [STARTUP_SAFETY][MT5] ticket=9465691004 symbol=EURUSD volume=0.5 open_time=1783465141
[2026-07-08 00:53:16] [INFO] [main] [STARTUP_SAFETY][MT5] ticket=9465828541 symbol=EURUSD volume=0.5 open_time=1783468562
[2026-07-08 00:53:16] [INFO] [main] [STARTUP_SAFETY][MT5] ticket=9465892054 symbol=EURUSD volume=0.5 open_time=1783470891
[2026-07-08 00:53:16] [INFO] [main] [STARTUP_SAFETY] DB open trades count=4
[2026-07-08 00:53:16] [INFO] [main] [STARTUP_SAFETY] missing_in_db(MT5-only)=0 missing_in_mt5(DB-only)=0
[2026-07-08 00:53:16] [INFO] [main] [STARTUP_SAFETY] Synced open positions count=4
[2026-07-08 00:53:16] [INFO] [main] [STARTUP_SAFETY] Completed startup safety check successfully
[2026-07-08 00:53:16] [INFO] [telegram_bot] Telegram polling started
[2026-07-08 00:53:16] [INFO] [telegram_bot] Telegram bot V3 started
[2026-07-08 00:53:16] [INFO] [mt5_watchdog] MT5 watchdog started (V1 reconnect logic)
[2026-07-08 00:53:16] [INFO] [reconciliation] Reconciliation loop started (every 60s)
[2026-07-08 00:53:16] [INFO] [reconciliation] Reconciliation thread started (safety only)
[2026-07-08 00:53:16] [INFO] [post_entry_manager] PostEntryManager started
[2026-07-08 00:53:16] [INFO] [post_entry_trade_monitor] [MONITOR_ID_DIAG] ts=1783461196 symbol=EURUSD d_ticket=9465545624 d_position_id=None d_id=None chosen_ticket=9465545624
[2026-07-08 00:53:16] [INFO] [post_entry_trade_monitor] [MONITOR_ID_DIAG] ts=1783461196 symbol=EURUSD d_ticket=9465691004 d_position_id=None d_id=None chosen_ticket=9465691004
[2026-07-08 00:53:16] [INFO] [post_entry_trade_monitor] [MONITOR_ID_DIAG] ts=1783461196 symbol=EURUSD d_ticket=9465828541 d_position_id=None d_id=None chosen_ticket=9465828541
[2026-07-08 00:53:16] [INFO] [post_entry_trade_monitor] [MONITOR_ID_DIAG] ts=1783461196 symbol=EURUSD d_ticket=9465892054 d_position_id=None d_id=None chosen_ticket=9465892054
[2026-07-08 00:53:16] [INFO] [post_entry_manager] [POST_ENTRY] New position detected ticket=9465545624 symbol=EURUSD
[2026-07-08 00:53:16] [INFO] [post_entry_manager] [POST_ENTRY] New position detected ticket=9465691004 symbol=EURUSD
[2026-07-08 00:53:16] [INFO] [post_entry_manager] [POST_ENTRY] New position detected ticket=9465828541 symbol=EURUSD
[2026-07-08 00:53:16] [INFO] [post_entry_manager] [POST_ENTRY] New position detected ticket=9465892054 symbol=EURUSD
[2026-07-08 00:53:16] [CRITICAL] [post_entry_manager] [EMERGENCY_STOP] Closing ticket=9465545624 symbol=EURUSD dir=buy entry=1.14146 current=1.14053 loss_points=-92.99999999998752 threshold=-30
[2026-07-08 00:53:16] [ERROR] [post_entry_manager] [EMERGENCY_STOP] precheck failed order_id=9465545624: Traceback (most recent call last):
  File "F:\files (2)\google\botdd\trading_bot_v3\execution\post_entry\post_entry_manager.py", line 182, in run_once
    ok = self._executor.close_position(order_id)
  File "F:\files (2)\google\botdd\trading_bot_v3\execution\post_entry\action_executor.py", line 114, in close_position
    logger.info(f"[CLOSE_DIAG] ts={int(time.time())} ticket_int={ticket_int} open_position_tickets={positions_list_all}")
                                       ^^^^
NameError: name 'time' is not defined. Did you forget to import 'time'?

[2026-07-08 00:53:16] [INFO] [post_entry_manager] [POST_ENTRY] Monitoring ticket=9465545624
[2026-07-08 00:53:16] [INFO] [market_regime_detector] [REGIME] Could not compute ATR from MT5 for EURUSD
[2026-07-08 00:53:16] [INFO] [stop_loss_breach_rule] [SL_CHECK] ticket=9465545624 direction=buy current=1.14053 sl=1.1439300000000001 breached=False
[2026-07-08 00:53:17] [INFO] [main] ==================================================
[2026-07-08 00:53:17] [INFO] [main] Cycle 1 at 00:53:17
[2026-07-08 00:53:17] [INFO] [main] [GUARD] Found 4 open trade(s) in database.
[2026-07-08 00:53:17] [INFO] [main] [GUARD] Open positions detected. Skipping all trading this cycle.
[2026-07-08 00:53:17] [INFO] [main] Sleeping 1800s...
[2026-07-08 00:53:23] [INFO] [news_fetcher] Fetched 18 relevant news items
[2026-07-08 00:53:23] [INFO] [red_flag_detector] ========== RED FLAG REPORT ==========
[2026-07-08 00:53:23] [INFO] [red_flag_detector] ProfitDecay : NO
[2026-07-08 00:53:23] [INFO] [red_flag_detector] TradeHealth : NO
[2026-07-08 00:53:23] [INFO] [red_flag_detector] ATRSpike : NO
[2026-07-08 00:53:23] [INFO] [red_flag_detector] BadRegime : NO
[2026-07-08 00:53:23] [INFO] [red_flag_detector] FlagCount : 0
[2026-07-08 00:53:23] [INFO] [red_flag_detector] Score : 0.000
[2026-07-08 00:53:23] [INFO] [red_flag_detector] Severity : 0
[2026-07-08 00:53:23] [INFO] [red_flag_detector] ConsultExitModel : NO
[2026-07-08 00:53:23] [INFO] [red_flag_detector] ======================================
[2026-07-08 00:53:23] [INFO] [xgboost_exit_adapter] ========== EXIT MODEL FEATURES ==========
atr: 2.82e-05 | rsi: 0.3514 | mfe: 46.5 | mae: 0.0
trade_health: 50.0 | profit_decay_pct: 0.0
time_open_hours: 0.0 | spread: 15.0 | news_impact: 0.6
market_regime: TRENDING | volume: 0.5 | session: new_york
adx: 0.0
trend_h1: 0.0
trend_h4: 0.0
=========================================
Prediction about to be called | ticket=9465545624 | open_time=2026-07-08 01:47:23 | current_time=2026-07-08 00:53:23
[2026-07-08 00:53:24] [INFO] [xgboost_exit_model] Loaded Exit Model from F:\files (2)\google\botdd\trading_bot_v3\models\xgboost_exit_model.json
[2026-07-08 00:53:24] [INFO] [xgboost_exit_model] [EXIT_MODEL] XGBoost prediction: probability=7.6%
[2026-07-08 00:53:24] [INFO] [xgboost_exit_adapter] [EXIT_MODEL] ticket=9465545624 prediction_exit_probability=0.0761 decision_signal=7.6%
[2026-07-08 00:53:24] [ERROR] [post_entry_manager] [POST_ENTRY] per-position error ticket=9465545624: Traceback (most recent call last):
  File "F:\files (2)\google\botdd\trading_bot_v3\execution\post_entry\post_entry_manager.py", line 342, in run_once
    ok = self._executor.close_position(order_id)
  File "F:\files (2)\google\botdd\trading_bot_v3\execution\post_entry\action_executor.py", line 114, in close_position
    logger.info(f"[CLOSE_DIAG] ts={int(time.time())} ticket_int={ticket_int} open_position_tickets={positions_list_all}")
                                       ^^^^
NameError: name 'time' is not defined. Did you forget to import 'time'?

[2026-07-08 00:53:24] [INFO] [post_entry_manager] [POST_ENTRY] Monitoring ticket=9465691004
[2026-07-08 00:53:24] [INFO] [market_regime_detector] [REGIME] Could not compute ATR from MT5 for EURUSD
[2026-07-08 00:53:24] [INFO] [stop_loss_breach_rule] [SL_CHECK] ticket=9465691004 direction=buy current=1.14053 sl=1.14406 breached=False
[2026-07-08 00:53:24] [INFO] [red_flag_detector] ========== RED FLAG REPORT ==========
[2026-07-08 00:53:24] [INFO] [red_flag_detector] ProfitDecay : NO
[2026-07-08 00:53:24] [INFO] [red_flag_detector] TradeHealth : NO
[2026-07-08 00:53:24] [INFO] [red_flag_detector] ATRSpike : NO
[2026-07-08 00:53:24] [INFO] [red_flag_detector] BadRegime : NO
[2026-07-08 00:53:24] [INFO] [red_flag_detector] FlagCount : 0
[2026-07-08 00:53:24] [INFO] [red_flag_detector] Score : 0.000
[2026-07-08 00:53:24] [INFO] [red_flag_detector] Severity : 0
[2026-07-08 00:53:24] [INFO] [red_flag_detector] ConsultExitModel : NO
[2026-07-08 00:53:24] [INFO] [red_flag_detector] ======================================
[2026-07-08 00:53:24] [INFO] [xgboost_exit_adapter] ========== EXIT MODEL FEATURES ==========
atr: 2.82e-05 | rsi: 0.35619999999999996 | mfe: 53.5 | mae: 0.0
trade_health: 50.0 | profit_decay_pct: 0.0
time_open_hours: 0.0 | spread: 15.0 | news_impact: 0.7
market_regime: TRENDING | volume: 0.5 | session: new_york
adx: 0.0
trend_h1: 0.0
trend_h4: 0.0
=========================================
Prediction about to be called | ticket=9465691004 | open_time=2026-07-08 01:59:01 | current_time=2026-07-08 00:53:24
[2026-07-08 00:53:24] [INFO] [xgboost_exit_model] [EXIT_MODEL] XGBoost prediction: probability=7.6%
[2026-07-08 00:53:24] [WARNING] [xgboost_exit_adapter] [FALLBACK] Significant loss -10.7 pips for ticket=9465691004, forcing exit_prob=0.80
[2026-07-08 00:53:24] [INFO] [xgboost_exit_adapter] [EXIT_MODEL] ticket=9465691004 prediction_exit_probability=0.8000 decision_signal=80.0%
[2026-07-08 00:53:24] [ERROR] [post_entry_manager] [POST_ENTRY] per-position error ticket=9465691004: Traceback (most recent call last):
  File "F:\files (2)\google\botdd\trading_bot_v3\execution\post_entry\post_entry_manager.py", line 342, in run_once
    ok = self._executor.close_position(order_id)
  File "F:\files (2)\google\botdd\trading_bot_v3\execution\post_entry\action_executor.py", line 114, in close_position
    logger.info(f"[CLOSE_DIAG] ts={int(time.time())} ticket_int={ticket_int} open_position_tickets={positions_list_all}")
                                       ^^^^
NameError: name 'time' is not defined. Did you forget to import 'time'?

[2026-07-08 00:53:24] [INFO] [post_entry_manager] [POST_ENTRY] Monitoring ticket=9465828541
[2026-07-08 00:53:24] [INFO] [market_regime_detector] [REGIME] Could not compute ATR from MT5 for EURUSD
[2026-07-08 00:53:24] [INFO] [stop_loss_breach_rule] [SL_CHECK] ticket=9465828541 direction=buy current=1.14053 sl=1.14354 breached=False
[2026-07-08 00:53:24] [INFO] [red_flag_detector] ========== RED FLAG REPORT ==========
[2026-07-08 00:53:24] [INFO] [red_flag_detector] ProfitDecay : NO
[2026-07-08 00:53:24] [INFO] [red_flag_detector] TradeHealth : NO
[2026-07-08 00:53:24] [INFO] [red_flag_detector] ATRSpike : NO
[2026-07-08 00:53:24] [INFO] [red_flag_detector] BadRegime : NO
[2026-07-08 00:53:24] [INFO] [red_flag_detector] FlagCount : 0
[2026-07-08 00:53:24] [INFO] [red_flag_detector] Score : 0.000
[2026-07-08 00:53:24] [INFO] [red_flag_detector] Severity : 0
[2026-07-08 00:53:24] [INFO] [red_flag_detector] ConsultExitModel : NO
[2026-07-08 00:53:24] [INFO] [red_flag_detector] ======================================
[2026-07-08 00:53:24] [INFO] [xgboost_exit_adapter] ========== EXIT MODEL FEATURES ==========
atr: 2.82e-05 | rsi: 0.33770000000000006 | mfe: 28.0 | mae: 0.0
trade_health: 50.0 | profit_decay_pct: 0.0
time_open_hours: 0.0 | spread: 15.0 | news_impact: 0.6
market_regime: TRENDING | volume: 0.5 | session: new_york
adx: 0.0
trend_h1: 0.0
trend_h4: 0.0
=========================================
Prediction about to be called | ticket=9465828541 | open_time=2026-07-08 02:56:02 | current_time=2026-07-08 00:53:24
[2026-07-08 00:53:24] [INFO] [xgboost_exit_model] [EXIT_MODEL] XGBoost prediction: probability=7.6%
[2026-07-08 00:53:24] [INFO] [xgboost_exit_adapter] [EXIT_MODEL] ticket=9465828541 prediction_exit_probability=0.0761 decision_signal=7.6%
[2026-07-08 00:53:24] [ERROR] [post_entry_manager] [POST_ENTRY] per-position error ticket=9465828541: Traceback (most recent call last):
  File "F:\files (2)\google\botdd\trading_bot_v3\execution\post_entry\post_entry_manager.py", line 342, in run_once
    ok = self._executor.close_position(order_id)
  File "F:\files (2)\google\botdd\trading_bot_v3\execution\post_entry\action_executor.py", line 114, in close_position
    logger.info(f"[CLOSE_DIAG] ts={int(time.time())} ticket_int={ticket_int} open_position_tickets={positions_list_all}")
                                       ^^^^
NameError: name 'time' is not defined. Did you forget to import 'time'?

[2026-07-08 00:53:24] [INFO] [post_entry_manager] [POST_ENTRY] Monitoring ticket=9465892054
[2026-07-08 00:53:24] [INFO] [market_regime_detector] [REGIME] Could not compute ATR from MT5 for EURUSD
[2026-07-08 00:53:24] [INFO] [stop_loss_breach_rule] [SL_CHECK] ticket=9465892054 direction=buy current=1.14053 sl=1.14275 breached=False
[2026-07-08 00:53:24] [INFO] [red_flag_detector] ========== RED FLAG REPORT ==========
[2026-07-08 00:53:24] [INFO] [red_flag_detector] ProfitDecay : NO
[2026-07-08 00:53:24] [INFO] [red_flag_detector] TradeHealth : NO
[2026-07-08 00:53:24] [INFO] [red_flag_detector] ATRSpike : NO
[2026-07-08 00:53:24] [INFO] [red_flag_detector] BadRegime : NO
[2026-07-08 00:53:24] [INFO] [red_flag_detector] FlagCount : 0
[2026-07-08 00:53:24] [INFO] [red_flag_detector] Score : 0.000
[2026-07-08 00:53:24] [INFO] [red_flag_detector] Severity : 0
[2026-07-08 00:53:24] [INFO] [red_flag_detector] ConsultExitModel : NO
[2026-07-08 00:53:24] [INFO] [red_flag_detector] ======================================
[2026-07-08 00:53:24] [INFO] [xgboost_exit_adapter] ========== EXIT MODEL FEATURES ==========
atr: 2.9880000000000002e-05 | rsi: 0.3097 | mfe: 0.0 | mae: -15.5
trade_health: 50.0 | profit_decay_pct: 0.0
time_open_hours: 0.0 | spread: 15.0 | news_impact: 0.85
market_regime: TRENDING | volume: 0.5 | session: asia
adx: 0.0
trend_h1: 0.0
trend_h4: 0.0
=========================================
Prediction about to be called | ticket=9465892054 | open_time=2026-07-08 03:34:51 | current_time=2026-07-08 00:53:24
[2026-07-08 00:53:24] [INFO] [xgboost_exit_model] [EXIT_MODEL] XGBoost prediction: probability=98.6%
[2026-07-08 00:53:24] [INFO] [xgboost_exit_adapter] [EXIT_MODEL] ticket=9465892054 prediction_exit_probability=0.9864 decision_signal=98.6%
[2026-07-08 00:53:24] [ERROR] [post_entry_manager] [POST_ENTRY] per-position error ticket=9465892054: Traceback (most recent call last):
  File "F:\files (2)\google\botdd\trading_bot_v3\execution\post_entry\post_entry_manager.py", line 342, in run_once
    ok = self._executor.close_position(order_id)
  File "F:\files (2)\google\botdd\trading_bot_v3\execution\post_entry\action_executor.py", line 114, in close_position
    logger.info(f"[CLOSE_DIAG] ts={int(time.time())} ticket_int={ticket_int} open_position_tickets={positions_list_all}")
                                       ^^^^
NameError: name 'time' is not defined. Did you forget to import 'time'?

[2026-07-08 00:53:28] [ERROR] [reconciliation] [RECONCILE] MT5 positions_get returned None last_error=(-10004, 'No IPC connection')
[2026-07-08 00:53:28] [WARNING] [reconciliation] Orphan trade in DB (no longer in QD): trade_id=63 order_id=9465892054
[2026-07-08 00:53:28] [INFO] [reconciliation] Ignoring orphan during bot warmup window: order_id=9465892054
[2026-07-08 00:53:28] [WARNING] [reconciliation] Orphan trade in DB (no longer in QD): trade_id=64 order_id=9465691004
[2026-07-08 00:53:28] [INFO] [reconciliation] Ignoring orphan during bot warmup window: order_id=9465691004
[2026-07-08 00:53:28] [WARNING] [reconciliation] Orphan trade in DB (no longer in QD): trade_id=65 order_id=9465545624
[2026-07-08 00:53:28] [INFO] [reconciliation] Ignoring orphan during bot warmup window: order_id=9465545624
[2026-07-08 00:53:28] [WARNING] [reconciliation] Orphan trade in DB (no longer in QD): trade_id=66 order_id=9465828541
[2026-07-08 00:53:28] [INFO] [reconciliation] Ignoring orphan during bot warmup window: order_id=9465828541
[2026-07-08 00:53:28] [WARNING] [mt5_watchdog] MT5 disconnected! Attempt 1/3
[2026-07-08 00:53:29] [INFO] [qd_client] Logged in to QuantDinger
[2026-07-08 00:53:29] [INFO] [mt5_watchdog] MT5 already connected
[2026-07-08 00:53:29] [INFO] [mt5_watchdog] MT5 reconnected successfully!
[2026-07-08 00:54:28] [ERROR] [reconciliation] [RECONCILE] MT5 positions_get returned None last_error=(-10004, 'No IPC connection')
[2026-07-08 00:54:28] [WARNING] [reconciliation] Orphan trade in DB (no longer in QD): trade_id=63 order_id=9465892054
[2026-07-08 00:54:28] [WARNING] [reconciliation] Orphan trade pending confirmation cycle 1/3: order_id=9465892054
[2026-07-08 00:54:28] [WARNING] [reconciliation] Orphan trade in DB (no longer in QD): trade_id=64 order_id=9465691004
[2026-07-08 00:54:28] [WARNING] [reconciliation] Orphan trade pending confirmation cycle 1/3: order_id=9465691004
[2026-07-08 00:54:28] [WARNING] [reconciliation] Orphan trade in DB (no longer in QD): trade_id=65 order_id=9465545624
[2026-07-08 00:54:28] [WARNING] [reconciliation] Orphan trade pending confirmation cycle 1/3: order_id=9465545624
[2026-07-08 00:54:28] [WARNING] [reconciliation] Orphan trade in DB (no longer in QD): trade_id=66 order_id=9465828541
[2026-07-08 00:54:28] [WARNING] [reconciliation] Orphan trade pending confirmation cycle 1/3: order_id=9465828541
[2026-07-08 00:54:28] [INFO] [reconciliation] Reconciliation: {'db_count': 4, 'qd_count': 0, 'fixes': 0, 'mismatches': ['DB orphan pending: trade_id 63 order_id 9465892054 cycle 1/3', 'DB orphan pending: trade_id 64 order_id 9465691004 cycle 1/3', 'DB orphan pending: trade_id 65 order_id 9465545624 cycle 1/3', 'DB orphan pending: trade_id 66 order_id 9465828541 cycle 1/3']}
[2026-07-08 00:55:28] [ERROR] [reconciliation] [RECONCILE] MT5 positions_get returned None last_error=(-10004, 'No IPC connection')
[2026-07-08 00:55:28] [WARNING] [reconciliation] Orphan trade in DB (no longer in QD): trade_id=63 order_id=9465892054
[2026-07-08 00:55:28] [WARNING] [reconciliation] Orphan trade pending confirmation cycle 2/3: order_id=9465892054
[2026-07-08 00:55:28] [WARNING] [reconciliation] Orphan trade in DB (no longer in QD): trade_id=64 order_id=9465691004
[2026-07-08 00:55:28] [WARNING] [reconciliation] Orphan trade pending confirmation cycle 2/3: order_id=9465691004
[2026-07-08 00:55:28] [WARNING] [reconciliation] Orphan trade in DB (no longer in QD): trade_id=65 order_id=9465545624
[2026-07-08 00:55:28] [WARNING] [reconciliation] Orphan trade pending confirmation cycle 2/3: order_id=9465545624
[2026-07-08 00:55:28] [WARNING] [reconciliation] Orphan trade in DB (no longer in QD): trade_id=66 order_id=9465828541
[2026-07-08 00:55:28] [WARNING] [reconciliation] Orphan trade pending confirmation cycle 2/3: order_id=9465828541
[2026-07-08 00:55:28] [INFO] [reconciliation] Reconciliation: {'db_count': 4, 'qd_count': 0, 'fixes': 0, 'mismatches': ['DB orphan pending: trade_id 63 order_id 9465892054 cycle 2/3', 'DB orphan pending: trade_id 64 order_id 9465691004 cycle 2/3', 'DB orphan pending: trade_id 65 order_id 9465545624 cycle 2/3', 'DB orphan pending: trade_id 66 order_id 9465828541 cycle 2/3']}
[2026-07-08 00:56:28] [ERROR] [reconciliation] [RECONCILE] MT5 positions_get returned None last_error=(-10004, 'No IPC connection')
[2026-07-08 00:56:28] [WARNING] [reconciliation] Orphan trade in DB (no longer in QD): trade_id=63 order_id=9465892054
[2026-07-08 00:56:28] [WARNING] [reconciliation] [RECONCILE] Orphan confirmed after 3 cycles; closing DB: order_id=9465892054
[2026-07-08 00:56:29] [WARNING] [reconciliation] Orphan trade in DB (no longer in QD): trade_id=64 order_id=9465691004
[2026-07-08 00:56:29] [WARNING] [reconciliation] [RECONCILE] Orphan confirmed after 3 cycles; closing DB: order_id=9465691004
[2026-07-08 00:56:29] [WARNING] [reconciliation] Orphan trade in DB (no longer in QD): trade_id=65 order_id=9465545624
[2026-07-08 00:56:29] [WARNING] [reconciliation] [RECONCILE] Orphan confirmed after 3 cycles; closing DB: order_id=9465545624
[2026-07-08 00:56:30] [WARNING] [reconciliation] Orphan trade in DB (no longer in QD): trade_id=66 order_id=9465828541
[2026-07-08 00:56:30] [WARNING] [reconciliation] [RECONCILE] Orphan confirmed after 3 cycles; closing DB: order_id=9465828541
[2026-07-08 00:56:30] [INFO] [reconciliation] Reconciliation: {'db_count': 4, 'qd_count': 0, 'fixes': 4, 'mismatches': ['DB orphan closed after confirmation: trade_id 63 order_id 9465892054', 'DB orphan closed after confirmation: trade_id 64 order_id 9465691004', 'DB orphan closed after confirmation: trade_id 65 order_id 9465545624', 'DB orphan closed after confirmation: trade_id 66 order_id 9465828541']}
[2026-07-08 00:57:30] [ERROR] [reconciliation] [RECONCILE] MT5 positions_get returned None last_error=(-10004, 'No IPC connection')
[2026-07-08 00:58:30] [ERROR] [reconciliation] [RECONCILE] MT5 positions_get returned None last_error=(-10004, 'No IPC connection')
[2026-07-08 00:59:30] [ERROR] [reconciliation] [RECONCILE] MT5 positions_get returned None last_error=(-10004, 'No IPC connection')
[2026-07-08 01:00:30] [ERROR] [reconciliation] [RECONCILE] MT5 positions_get returned None last_error=(-10004, 'No IPC connection')
[2026-07-08 01:03:47] [INFO] [main] Trading Bot V3 starting...
[2026-07-08 01:03:47] [INFO] [database] V3 Database initialized with all tables
[2026-07-08 01:03:47] [INFO] [qd_client] Logged in to QuantDinger
[2026-07-08 01:03:47] [INFO] [qd_client] MT5 connected
[2026-07-08 01:03:47] [INFO] [main] MT5 connected
[2026-07-08 01:03:47] [INFO] [main] [STARTUP_SAFETY] Starting startup safety check (run-once)
[2026-07-08 01:03:47] [WARNING] [main] [STARTUP_SAFETY] mt5.positions_get None diagnostic last_error=(1, 'Success')
[2026-07-08 01:03:47] [INFO] [main] [STARTUP_SAFETY] MT5 open positions count=4
[2026-07-08 01:03:47] [INFO] [main] [STARTUP_SAFETY][MT5] ticket=9465545624 symbol=EURUSD volume=0.5 open_time=1783464443
[2026-07-08 01:03:47] [INFO] [main] [STARTUP_SAFETY][MT5] ticket=9465691004 symbol=EURUSD volume=0.5 open_time=1783465141
[2026-07-08 01:03:47] [INFO] [main] [STARTUP_SAFETY][MT5] ticket=9465828541 symbol=EURUSD volume=0.5 open_time=1783468562
[2026-07-08 01:03:47] [INFO] [main] [STARTUP_SAFETY][MT5] ticket=9465892054 symbol=EURUSD volume=0.5 open_time=1783470891
[2026-07-08 01:03:47] [INFO] [main] [STARTUP_SAFETY] DB open trades count=0
[2026-07-08 01:03:47] [INFO] [main] [STARTUP_SAFETY] missing_in_db(MT5-only)=4 missing_in_mt5(DB-only)=0
[2026-07-08 01:03:47] [INFO] [main] [STARTUP_SAFETY] Imported MT5-only position into DB ticket=9465545624 symbol=EURUSD direction=sell
[2026-07-08 01:03:47] [INFO] [main] [STARTUP_SAFETY] Imported MT5-only position into DB ticket=9465892054 symbol=EURUSD direction=sell
[2026-07-08 01:03:47] [INFO] [main] [STARTUP_SAFETY] Imported MT5-only position into DB ticket=9465691004 symbol=EURUSD direction=sell
[2026-07-08 01:03:47] [INFO] [main] [STARTUP_SAFETY] Imported MT5-only position into DB ticket=9465828541 symbol=EURUSD direction=sell
[2026-07-08 01:03:47] [INFO] [main] [STARTUP_SAFETY] Synced open positions count=0
[2026-07-08 01:03:47] [INFO] [main] [STARTUP_SAFETY] Completed startup safety check successfully
[2026-07-08 01:03:47] [INFO] [telegram_bot] Telegram polling started
[2026-07-08 01:03:47] [INFO] [telegram_bot] Telegram bot V3 started
[2026-07-08 01:03:47] [INFO] [mt5_watchdog] MT5 watchdog started (V1 reconnect logic)
[2026-07-08 01:03:47] [INFO] [reconciliation] Reconciliation loop started (every 60s)
[2026-07-08 01:03:47] [INFO] [reconciliation] Reconciliation thread started (safety only)
[2026-07-08 01:03:47] [INFO] [post_entry_manager] PostEntryManager started
[2026-07-08 01:03:47] [INFO] [post_entry_trade_monitor] [MONITOR_ID_DIAG] ts=1783461827 symbol=EURUSD d_ticket=9465545624 d_position_id=None d_id=None chosen_ticket=9465545624
[2026-07-08 01:03:47] [INFO] [post_entry_trade_monitor] [MONITOR_ID_DIAG] ts=1783461827 symbol=EURUSD d_ticket=9465691004 d_position_id=None d_id=None chosen_ticket=9465691004
[2026-07-08 01:03:47] [INFO] [post_entry_trade_monitor] [MONITOR_ID_DIAG] ts=1783461827 symbol=EURUSD d_ticket=9465828541 d_position_id=None d_id=None chosen_ticket=9465828541
[2026-07-08 01:03:47] [INFO] [post_entry_trade_monitor] [MONITOR_ID_DIAG] ts=1783461827 symbol=EURUSD d_ticket=9465892054 d_position_id=None d_id=None chosen_ticket=9465892054
[2026-07-08 01:03:47] [INFO] [post_entry_manager] [POST_ENTRY] New position detected ticket=9465545624 symbol=EURUSD
[2026-07-08 01:03:47] [INFO] [post_entry_manager] [POST_ENTRY] New position detected ticket=9465691004 symbol=EURUSD
[2026-07-08 01:03:47] [INFO] [post_entry_manager] [POST_ENTRY] New position detected ticket=9465828541 symbol=EURUSD
[2026-07-08 01:03:47] [INFO] [post_entry_manager] [POST_ENTRY] New position detected ticket=9465892054 symbol=EURUSD
[2026-07-08 01:03:47] [CRITICAL] [post_entry_manager] [EMERGENCY_STOP] Closing ticket=9465545624 symbol=EURUSD dir=buy entry=1.14146 current=1.14081 loss_points=-64.99999999998174 threshold=-30
[2026-07-08 01:03:47] [INFO] [action_executor] [CLOSE_DIAG] ts=1783461827 ticket_int=9465545624 open_position_tickets=[9465545624, 9465691004, 9465828541, 9465892054]
[2026-07-08 01:03:47] [INFO] [action_executor] [MT5] close_position retcode=10009 comment=Request executed ticket=9465545624
[2026-07-08 01:03:47] [INFO] [post_entry_event_logger] [LOGGER_LISTENER] event_type=TradeClosed ticket=9465545624
[2026-07-08 01:03:47] [INFO] [post_entry_database_listener] [DATABASE_LISTENER] event_type=TradeClosed ticket=9465545624
[2026-07-08 01:03:47] [INFO] [post_entry_telegram_listener] [TELEGRAM_LISTENER] event_type=TradeClosed ticket=9465545624
[2026-07-08 01:03:48] [INFO] [main] ==================================================
[2026-07-08 01:03:48] [INFO] [main] Cycle 1 at 01:03:48
[2026-07-08 01:03:48] [INFO] [main] [GUARD] Found 3 open position(s) on MT5.
[2026-07-08 01:03:48] [INFO] [main] [GUARD] Found 4 open trade(s) in database.
[2026-07-08 01:03:48] [INFO] [main] [GUARD] Open positions detected. Skipping all trading this cycle.
[2026-07-08 01:03:48] [INFO] [main] Sleeping 1800s...
[2026-07-08 01:03:48] [CRITICAL] [post_entry_manager] [EMERGENCY_STOP] Closing ticket=9465691004 symbol=EURUSD dir=buy entry=1.1416 current=1.14081 loss_points=-78.99999999998464 threshold=-30
[2026-07-08 01:03:48] [INFO] [action_executor] [CLOSE_DIAG] ts=1783461828 ticket_int=9465691004 open_position_tickets=[9465691004, 9465828541, 9465892054]
[2026-07-08 01:03:48] [INFO] [action_executor] [MT5] close_position retcode=10009 comment=Request executed ticket=9465691004
[2026-07-08 01:03:48] [INFO] [post_entry_event_logger] [LOGGER_LISTENER] event_type=TradeClosed ticket=9465691004
[2026-07-08 01:03:48] [INFO] [post_entry_database_listener] [DATABASE_LISTENER] event_type=TradeClosed ticket=9465691004
[2026-07-08 01:03:48] [INFO] [post_entry_telegram_listener] [TELEGRAM_LISTENER] event_type=TradeClosed ticket=9465691004
[2026-07-08 01:03:49] [INFO] [post_entry_manager] [POST_ENTRY] Monitoring ticket=9465828541
[2026-07-08 01:03:49] [INFO] [market_regime_detector] [REGIME] Could not compute ATR from MT5 for EURUSD
[2026-07-08 01:03:49] [INFO] [stop_loss_breach_rule] [SL_CHECK] ticket=9465828541 direction=buy current=1.14081 sl=1.14354 breached=False
[2026-07-08 01:03:57] [INFO] [news_fetcher] Fetched 19 relevant news items
[2026-07-08 01:03:57] [INFO] [red_flag_detector] ========== RED FLAG REPORT ==========
[2026-07-08 01:03:57] [INFO] [red_flag_detector] ProfitDecay : NO
[2026-07-08 01:03:57] [INFO] [red_flag_detector] TradeHealth : NO
[2026-07-08 01:03:57] [INFO] [red_flag_detector] ATRSpike : NO
[2026-07-08 01:03:57] [INFO] [red_flag_detector] BadRegime : NO
[2026-07-08 01:03:57] [INFO] [red_flag_detector] FlagCount : 0
[2026-07-08 01:03:57] [INFO] [red_flag_detector] Score : 0.000
[2026-07-08 01:03:57] [INFO] [red_flag_detector] Severity : 0
[2026-07-08 01:03:57] [INFO] [red_flag_detector] ConsultExitModel : NO
[2026-07-08 01:03:57] [INFO] [red_flag_detector] ======================================
[2026-07-08 01:03:57] [INFO] [xgboost_exit_adapter] ========== EXIT MODEL FEATURES ==========
atr: 2.82e-05 | rsi: 0.33770000000000006 | mfe: 14.0 | mae: 0.0
trade_health: 50.0 | profit_decay_pct: 0.0
time_open_hours: 0.0 | spread: 15.0 | news_impact: 0.6
market_regime: TRENDING | volume: 0.5 | session: new_york
adx: 0.0
trend_h1: 0.0
trend_h4: 0.0
=========================================
Prediction about to be called | ticket=9465828541 | open_time=2026-07-08 02:56:02 | current_time=2026-07-08 01:03:57
[2026-07-08 01:03:57] [INFO] [xgboost_exit_model] Loaded Exit Model from F:\files (2)\google\botdd\trading_bot_v3\models\xgboost_exit_model.json
[2026-07-08 01:03:57] [INFO] [xgboost_exit_model] [EXIT_MODEL] XGBoost prediction: probability=7.6%
[2026-07-08 01:03:57] [INFO] [xgboost_exit_adapter] [EXIT_MODEL] ticket=9465828541 prediction_exit_probability=0.0761 decision_signal=7.6%
[2026-07-08 01:03:57] [INFO] [action_executor] [CLOSE_DIAG] ts=1783461837 ticket_int=9465828541 open_position_tickets=[]
[2026-07-08 01:03:57] [WARNING] [action_executor] [MT5] close_position no position ticket=9465828541
[2026-07-08 01:03:57] [INFO] [post_entry_manager] [POST_ENTRY] Monitoring ticket=9465892054
[2026-07-08 01:03:57] [INFO] [market_regime_detector] [REGIME] Could not compute ATR from MT5 for EURUSD
[2026-07-08 01:03:57] [INFO] [stop_loss_breach_rule] [SL_CHECK] ticket=9465892054 direction=buy current=1.14081 sl=1.14275 breached=False
[2026-07-08 01:03:57] [INFO] [red_flag_detector] ========== RED FLAG REPORT ==========
[2026-07-08 01:03:57] [INFO] [red_flag_detector] ProfitDecay : NO
[2026-07-08 01:03:57] [INFO] [red_flag_detector] TradeHealth : NO
[2026-07-08 01:03:57] [INFO] [red_flag_detector] ATRSpike : NO
[2026-07-08 01:03:57] [INFO] [red_flag_detector] BadRegime : NO
[2026-07-08 01:03:57] [INFO] [red_flag_detector] FlagCount : 0
[2026-07-08 01:03:57] [INFO] [red_flag_detector] Score : 0.000
[2026-07-08 01:03:57] [INFO] [red_flag_detector] Severity : 0
[2026-07-08 01:03:57] [INFO] [red_flag_detector] ConsultExitModel : NO
[2026-07-08 01:03:57] [INFO] [red_flag_detector] ======================================
[2026-07-08 01:03:57] [INFO] [xgboost_exit_adapter] ========== EXIT MODEL FEATURES ==========
atr: 2.9880000000000002e-05 | rsi: 0.3097 | mfe: 0.0 | mae: -29.5
trade_health: 50.0 | profit_decay_pct: 0.0
time_open_hours: 0.0 | spread: 15.0 | news_impact: 0.85
market_regime: TRENDING | volume: 0.5 | session: asia
adx: 0.0
trend_h1: 0.0
trend_h4: 0.0
=========================================
Prediction about to be called | ticket=9465892054 | open_time=2026-07-08 03:34:51 | current_time=2026-07-08 01:03:57
[2026-07-08 01:03:57] [INFO] [xgboost_exit_model] [EXIT_MODEL] XGBoost prediction: probability=98.6%
[2026-07-08 01:03:57] [INFO] [xgboost_exit_adapter] [EXIT_MODEL] ticket=9465892054 prediction_exit_probability=0.9864 decision_signal=98.6%
[2026-07-08 01:03:57] [INFO] [action_executor] [CLOSE_DIAG] ts=1783461837 ticket_int=9465892054 open_position_tickets=[]
[2026-07-08 01:03:57] [WARNING] [action_executor] [MT5] close_position no position ticket=9465892054
[2026-07-08 01:04:47] [ERROR] [reconciliation] [RECONCILE] MT5 positions_get returned None last_error=(-10004, 'No IPC connection')
[2026-07-08 01:04:47] [WARNING] [reconciliation] Orphan trade in DB (no longer in QD): trade_id=68 order_id=9465892054
[2026-07-08 01:04:47] [INFO] [reconciliation] Ignoring orphan during bot warmup window: order_id=9465892054
[2026-07-08 01:04:47] [WARNING] [reconciliation] Orphan trade in DB (no longer in QD): trade_id=70 order_id=9465828541
[2026-07-08 01:04:47] [INFO] [reconciliation] Ignoring orphan during bot warmup window: order_id=9465828541
[2026-07-08 01:05:47] [ERROR] [reconciliation] [RECONCILE] MT5 positions_get returned None last_error=(-10004, 'No IPC connection')
[2026-07-08 01:05:47] [WARNING] [reconciliation] Orphan trade in DB (no longer in QD): trade_id=68 order_id=9465892054
[2026-07-08 01:05:47] [WARNING] [reconciliation] Orphan trade pending confirmation cycle 1/3: order_id=9465892054
[2026-07-08 01:05:47] [WARNING] [reconciliation] Orphan trade in DB (no longer in QD): trade_id=70 order_id=9465828541
[2026-07-08 01:05:47] [WARNING] [reconciliation] Orphan trade pending confirmation cycle 1/3: order_id=9465828541
[2026-07-08 01:05:47] [INFO] [reconciliation] Reconciliation: {'db_count': 2, 'qd_count': 0, 'fixes': 0, 'mismatches': ['DB orphan pending: trade_id 68 order_id 9465892054 cycle 1/3', 'DB orphan pending: trade_id 70 order_id 9465828541 cycle 1/3']}
[2026-07-08 01:37:06] [WARNING] [reconciliation] Orphan trade in DB (no longer in QD): trade_id=1 order_id=123456
[2026-07-08 01:37:06] [WARNING] [reconciliation] Orphan trade pending confirmation cycle 1/3: order_id=123456
[2026-07-08 01:37:06] [INFO] [reconciliation] Reconciliation: {'db_count': 1, 'qd_count': 0, 'fixes': 0, 'mismatches': ['DB orphan pending: trade_id 1 order_id 123456 cycle 1/3']}
[2026-07-08 01:37:06] [WARNING] [reconciliation] Orphan trade in DB (no longer in QD): trade_id=1 order_id=123456
[2026-07-08 01:37:06] [WARNING] [reconciliation] Orphan trade pending confirmation cycle 2/3: order_id=123456
[2026-07-08 01:37:06] [INFO] [reconciliation] Reconciliation: {'db_count': 1, 'qd_count': 0, 'fixes': 0, 'mismatches': ['DB orphan pending: trade_id 1 order_id 123456 cycle 2/3']}
[2026-07-08 01:37:06] [WARNING] [reconciliation] Orphan trade in DB (no longer in QD): trade_id=1 order_id=123456
[2026-07-08 01:37:06] [WARNING] [reconciliation] [RECONCILE] Orphan confirmed after 3 cycles; closing DB: order_id=123456
[2026-07-08 01:37:07] [INFO] [reconciliation] Reconciliation: {'db_count': 1, 'qd_count': 0, 'fixes': 1, 'mismatches': ['DB orphan closed after confirmation: trade_id 1 order_id 123456']}
[2026-07-08 01:40:52] [WARNING] [reconciliation] Orphan trade in DB (no longer in QD): trade_id=1 order_id=123456
[2026-07-08 01:40:52] [WARNING] [reconciliation] Orphan trade pending confirmation cycle 1/3: order_id=123456
[2026-07-08 01:40:52] [INFO] [reconciliation] Reconciliation: {'db_count': 1, 'qd_count': 0, 'fixes': 0, 'mismatches': ['DB orphan pending: trade_id 1 order_id 123456 cycle 1/3']}
[2026-07-08 01:40:52] [WARNING] [reconciliation] Orphan trade in DB (no longer in QD): trade_id=1 order_id=123456
[2026-07-08 01:40:52] [WARNING] [reconciliation] Orphan trade pending confirmation cycle 2/3: order_id=123456
[2026-07-08 01:40:52] [INFO] [reconciliation] Reconciliation: {'db_count': 1, 'qd_count': 0, 'fixes': 0, 'mismatches': ['DB orphan pending: trade_id 1 order_id 123456 cycle 2/3']}
[2026-07-08 01:40:52] [WARNING] [reconciliation] Orphan trade in DB (no longer in QD): trade_id=1 order_id=123456
[2026-07-08 01:40:52] [WARNING] [reconciliation] [RECONCILE] Orphan confirmed after 3 cycles; closing DB: order_id=123456
[2026-07-08 01:40:52] [INFO] [reconciliation] Reconciliation: {'db_count': 1, 'qd_count': 0, 'fixes': 1, 'mismatches': ['DB orphan closed after confirmation: trade_id 1 order_id 123456']}
[2026-07-08 01:52:22] [INFO] [main] Trading Bot V3 starting...
[2026-07-08 01:52:22] [INFO] [database] V3 Database initialized with all tables
[2026-07-08 01:52:22] [INFO] [qd_client] Logged in to QuantDinger
[2026-07-08 01:52:22] [INFO] [qd_client] MT5 connected
[2026-07-08 01:52:22] [INFO] [main] MT5 connected
[2026-07-08 01:52:22] [INFO] [main] [STARTUP_SAFETY] Starting startup safety check (run-once)
[2026-07-08 01:52:22] [WARNING] [main] [STARTUP_SAFETY] mt5.positions_get None diagnostic last_error=(1, 'Success')
[2026-07-08 01:52:22] [INFO] [main] [STARTUP_SAFETY] MT5 open positions count=2
[2026-07-08 01:52:22] [INFO] [main] [STARTUP_SAFETY][MT5] ticket=9465828541 symbol=EURUSD volume=0.5 open_time=1783468562
[2026-07-08 01:52:22] [INFO] [main] [STARTUP_SAFETY][MT5] ticket=9465892054 symbol=EURUSD volume=0.5 open_time=1783470891
[2026-07-08 01:52:22] [INFO] [main] [STARTUP_SAFETY] DB open trades count=2
[2026-07-08 01:52:22] [INFO] [main] [STARTUP_SAFETY] missing_in_db(MT5-only)=0 missing_in_mt5(DB-only)=0
[2026-07-08 01:52:22] [INFO] [main] [STARTUP_SAFETY] Synced open positions count=2
[2026-07-08 01:52:22] [INFO] [main] [STARTUP_SAFETY] Completed startup safety check successfully
[2026-07-08 01:52:22] [INFO] [telegram_bot] Telegram polling started
[2026-07-08 01:52:22] [INFO] [telegram_bot] Telegram bot V3 started
[2026-07-08 01:52:22] [INFO] [mt5_watchdog] MT5 watchdog started (V1 reconnect logic)
[2026-07-08 01:52:22] [INFO] [reconciliation] Reconciliation loop started (every 60s)
[2026-07-08 01:52:22] [INFO] [reconciliation] Reconciliation thread started (safety only)
[2026-07-08 01:52:22] [INFO] [post_entry_manager] PostEntryManager started
[2026-07-08 01:52:22] [INFO] [post_entry_trade_monitor] [MONITOR_ID_DIAG] ts=1783464742 symbol=EURUSD d_ticket=9465828541 d_position_id=None d_id=None chosen_ticket=9465828541
[2026-07-08 01:52:22] [INFO] [post_entry_trade_monitor] [MONITOR_ID_DIAG] ts=1783464742 symbol=EURUSD d_ticket=9465892054 d_position_id=None d_id=None chosen_ticket=9465892054
[2026-07-08 01:52:22] [INFO] [post_entry_manager] [POST_ENTRY] New position detected ticket=9465828541 symbol=EURUSD
[2026-07-08 01:52:22] [INFO] [post_entry_manager] [POST_ENTRY] New position detected ticket=9465892054 symbol=EURUSD
[2026-07-08 01:52:22] [CRITICAL] [post_entry_manager] [EMERGENCY_STOP] Closing ticket=9465828541 symbol=EURUSD dir=buy entry=1.14109 current=1.14054 loss_points=-54.99999999998283 threshold=-30
[2026-07-08 01:52:22] [INFO] [action_executor] [CLOSE_DIAG] ts=1783464742 ticket_int=9465828541 open_position_tickets=[9465828541, 9465892054]
[2026-07-08 01:52:22] [INFO] [action_executor] [MT5] close_position retcode=10009 comment=Request executed ticket=9465828541
[2026-07-08 01:52:22] [INFO] [post_entry_event_logger] [LOGGER_LISTENER] event_type=TradeClosed ticket=9465828541
[2026-07-08 01:52:22] [INFO] [post_entry_database_listener] [DATABASE_LISTENER] event_type=TradeClosed ticket=9465828541
[2026-07-08 01:52:22] [INFO] [post_entry_telegram_listener] [TELEGRAM_LISTENER] event_type=TradeClosed ticket=9465828541
[2026-07-08 01:52:23] [INFO] [main] ==================================================
[2026-07-08 01:52:23] [INFO] [main] Cycle 1 at 01:52:23
[2026-07-08 01:52:23] [INFO] [main] [GUARD] Found 1 open position(s) on MT5.
[2026-07-08 01:52:23] [INFO] [main] [GUARD] Found 2 open trade(s) in database.
[2026-07-08 01:52:23] [INFO] [main] [GUARD] Open positions detected. Skipping all trading this cycle.
[2026-07-08 01:52:23] [INFO] [main] Sleeping 1800s...
[2026-07-08 01:52:23] [INFO] [post_entry_manager] [POST_ENTRY] Monitoring ticket=9465892054
[2026-07-08 01:52:23] [INFO] [market_regime_detector] [REGIME] Could not compute ATR from MT5 for EURUSD
[2026-07-08 01:52:23] [INFO] [stop_loss_breach_rule] [SL_CHECK] ticket=9465892054 direction=buy current=1.14054 sl=1.14275 breached=False
[2026-07-08 01:52:32] [INFO] [news_fetcher] Fetched 17 relevant news items
[2026-07-08 01:52:32] [INFO] [red_flag_detector] ========== RED FLAG REPORT ==========
[2026-07-08 01:52:32] [INFO] [red_flag_detector] ProfitDecay : NO
[2026-07-08 01:52:32] [INFO] [red_flag_detector] TradeHealth : NO
[2026-07-08 01:52:32] [INFO] [red_flag_detector] ATRSpike : NO
[2026-07-08 01:52:32] [INFO] [red_flag_detector] BadRegime : NO
[2026-07-08 01:52:32] [INFO] [red_flag_detector] FlagCount : 0
[2026-07-08 01:52:32] [INFO] [red_flag_detector] Score : 0.000
[2026-07-08 01:52:32] [INFO] [red_flag_detector] Severity : 0
[2026-07-08 01:52:32] [INFO] [red_flag_detector] ConsultExitModel : NO
[2026-07-08 01:52:32] [INFO] [red_flag_detector] ======================================
[2026-07-08 01:52:32] [INFO] [xgboost_exit_adapter] ========== EXIT MODEL FEATURES ==========
atr: 2.9880000000000002e-05 | rsi: 0.3097 | mfe: 0.0 | mae: -16.0
trade_health: 50.0 | profit_decay_pct: 0.0
time_open_hours: 1.294989333152771 | spread: 15.0 | news_impact: 0.85
market_regime: TRENDING | volume: 0.5 | session: asia
adx: 0.0
trend_h1: 0.0
trend_h4: 0.0
=========================================
Prediction about to be called | ticket=9465892054 | open_time=2026-07-08 03:34:51 | current_time=2026-07-08 01:52:32
[2026-07-08 01:52:33] [INFO] [xgboost_exit_model] Loaded Exit Model from F:\files (2)\google\botdd\trading_bot_v3\models\xgboost_exit_model.json
[2026-07-08 01:52:33] [INFO] [xgboost_exit_model] [EXIT_MODEL] XGBoost prediction: probability=98.6%
[2026-07-08 01:52:33] [INFO] [xgboost_exit_adapter] [EXIT_MODEL] ticket=9465892054 prediction_exit_probability=0.9864 decision_signal=98.6%
[2026-07-08 01:52:34] [ERROR] [action_executor] [MT5] close_position query failed - IPC unstable, will retry next cycle ticket=9465892054
[2026-07-08 01:53:22] [WARNING] [reconciliation] [RECONCILE] MT5 positions_get returned None (query failure). last_error=(-10004, 'No IPC connection')
[2026-07-08 01:53:22] [WARNING] [reconciliation] [RECONCILE] MT5 positions_get query failed; skipping orphan checks for this cycle.
[2026-07-08 01:54:22] [WARNING] [reconciliation] [RECONCILE] MT5 positions_get returned None (query failure). last_error=(-10004, 'No IPC connection')
[2026-07-08 01:54:22] [WARNING] [reconciliation] [RECONCILE] MT5 positions_get query failed; skipping orphan checks for this cycle.
[2026-07-08 01:55:22] [WARNING] [reconciliation] [RECONCILE] MT5 positions_get returned None (query failure). last_error=(-10004, 'No IPC connection')
[2026-07-08 01:55:22] [WARNING] [reconciliation] [RECONCILE] MT5 positions_get query failed; skipping orphan checks for this cycle.
[2026-07-08 01:57:46] [INFO] [main] Trading Bot V3 starting...
[2026-07-08 01:57:46] [INFO] [database] V3 Database initialized with all tables
[2026-07-08 01:57:47] [INFO] [qd_client] Logged in to QuantDinger
[2026-07-08 01:57:47] [INFO] [qd_client] MT5 connected
[2026-07-08 01:57:47] [INFO] [main] MT5 connected
[2026-07-08 01:57:47] [INFO] [main] [STARTUP_SAFETY] Starting startup safety check (run-once)
[2026-07-08 01:57:47] [WARNING] [main] [STARTUP_SAFETY] mt5.positions_get None diagnostic last_error=(1, 'Success')
[2026-07-08 01:57:47] [INFO] [main] [STARTUP_SAFETY] MT5 open positions count=1
[2026-07-08 01:57:47] [INFO] [main] [STARTUP_SAFETY][MT5] ticket=9465892054 symbol=EURUSD volume=0.5 open_time=1783470891
[2026-07-08 01:57:47] [INFO] [main] [STARTUP_SAFETY] DB open trades count=1
[2026-07-08 01:57:47] [INFO] [main] [STARTUP_SAFETY] missing_in_db(MT5-only)=0 missing_in_mt5(DB-only)=0
[2026-07-08 01:57:47] [INFO] [main] [STARTUP_SAFETY] Synced open positions count=1
[2026-07-08 01:57:47] [INFO] [main] [STARTUP_SAFETY] Completed startup safety check successfully
[2026-07-08 01:57:47] [INFO] [telegram_bot] Telegram polling started
[2026-07-08 01:57:47] [INFO] [telegram_bot] Telegram bot V3 started
[2026-07-08 01:57:47] [INFO] [mt5_watchdog] MT5 watchdog started (V1 reconnect logic)
[2026-07-08 01:57:47] [INFO] [reconciliation] Reconciliation loop started (every 60s)
[2026-07-08 01:57:47] [INFO] [reconciliation] Reconciliation thread started (safety only)
[2026-07-08 01:57:47] [INFO] [post_entry_manager] PostEntryManager started
[2026-07-08 01:57:47] [INFO] [post_entry_trade_monitor] [MONITOR_ID_DIAG] ts=1783465067 symbol=EURUSD d_ticket=9465892054 d_position_id=None d_id=None chosen_ticket=9465892054
[2026-07-08 01:57:47] [INFO] [post_entry_manager] [POST_ENTRY] New position detected ticket=9465892054 symbol=EURUSD
[2026-07-08 01:57:47] [INFO] [post_entry_manager] [POST_ENTRY] Monitoring ticket=9465892054
[2026-07-08 01:57:47] [WARNING] [market_regime_detector] [REGIME] MT5 IPC failure – skipping ATR this cycle symbol=EURUSD timeframe=H4 tf=16388 bars=200
[2026-07-08 01:57:47] [INFO] [market_regime_detector] [REGIME] Could not compute ATR from MT5 for EURUSD
[2026-07-08 01:57:47] [INFO] [stop_loss_breach_rule] [SL_CHECK] ticket=9465892054 direction=buy current=1.14071 sl=1.14275 breached=False
[2026-07-08 01:57:47] [INFO] [main] ==================================================
[2026-07-08 01:57:47] [INFO] [main] Cycle 1 at 01:57:47
[2026-07-08 01:57:47] [INFO] [main] [GUARD] Found 1 open trade(s) in database.
[2026-07-08 01:57:47] [INFO] [main] [GUARD] Open positions detected. Skipping all trading this cycle.
[2026-07-08 01:57:47] [INFO] [main] Sleeping 1800s...
[2026-07-08 01:58:36] [INFO] [news_fetcher] Fetched 16 relevant news items
[2026-07-08 01:58:36] [INFO] [red_flag_detector] ========== RED FLAG REPORT ==========
[2026-07-08 01:58:36] [INFO] [red_flag_detector] ProfitDecay : NO
[2026-07-08 01:58:36] [INFO] [red_flag_detector] TradeHealth : NO
[2026-07-08 01:58:36] [INFO] [red_flag_detector] ATRSpike : NO
[2026-07-08 01:58:36] [INFO] [red_flag_detector] BadRegime : NO
[2026-07-08 01:58:36] [INFO] [red_flag_detector] FlagCount : 0
[2026-07-08 01:58:36] [INFO] [red_flag_detector] Score : 0.000
[2026-07-08 01:58:36] [INFO] [red_flag_detector] Severity : 0
[2026-07-08 01:58:36] [INFO] [red_flag_detector] ConsultExitModel : NO
[2026-07-08 01:58:36] [INFO] [red_flag_detector] ======================================
[2026-07-08 01:58:36] [INFO] [xgboost_exit_adapter] ========== EXIT MODEL FEATURES ==========
atr: 2.9880000000000002e-05 | rsi: 0.3097 | mfe: 0.0 | mae: -24.5
trade_health: 50.0 | profit_decay_pct: 0.0
time_open_hours: 1.395948429438803 | spread: 15.0 | news_impact: 0.85
market_regime: TRENDING | volume: 0.5 | session: asia
adx: 0.0
trend_h1: 0.0
trend_h4: 0.0
=========================================
Prediction about to be called | ticket=9465892054 | open_time=2026-07-08 03:34:51 | current_time=2026-07-08 01:58:36
[2026-07-08 01:58:36] [INFO] [xgboost_exit_model] Loaded Exit Model from F:\files (2)\google\botdd\trading_bot_v3\models\xgboost_exit_model.json
[2026-07-08 01:58:36] [INFO] [xgboost_exit_model] [EXIT_MODEL] XGBoost prediction: probability=98.6%
[2026-07-08 01:58:36] [INFO] [xgboost_exit_adapter] [EXIT_MODEL] ticket=9465892054 prediction_exit_probability=0.9864 decision_signal=98.6%
[2026-07-08 01:58:36] [INFO] [action_executor] [CLOSE_DIAG] ts=1783465116 ticket_int=9465892054 open_position_tickets=[9465892054]
[2026-07-08 01:58:36] [INFO] [action_executor] [MT5] close_position retcode=10009 comment=Request executed ticket=9465892054
[2026-07-08 01:58:36] [INFO] [post_entry_event_logger] [LOGGER_LISTENER] event_type=TradeClosed ticket=9465892054
[2026-07-08 01:58:36] [INFO] [post_entry_database_listener] [DATABASE_LISTENER] event_type=TradeClosed ticket=9465892054
[2026-07-08 01:58:36] [INFO] [post_entry_telegram_listener] [TELEGRAM_LISTENER] event_type=TradeClosed ticket=9465892054
[2026-07-08 02:13:02] [INFO] [main] Trading Bot V3 starting...
[2026-07-08 02:13:02] [INFO] [database] V3 Database initialized with all tables
[2026-07-08 02:13:03] [INFO] [qd_client] Logged in to QuantDinger
[2026-07-08 02:13:03] [INFO] [qd_client] MT5 connected
[2026-07-08 02:13:03] [INFO] [main] MT5 connected
[2026-07-08 02:13:03] [INFO] [main] [STARTUP_SAFETY] Starting startup safety check (run-once)
[2026-07-08 02:13:03] [WARNING] [main] [STARTUP_SAFETY] mt5.positions_get None diagnostic last_error=(1, 'Success')
[2026-07-08 02:13:03] [INFO] [main] [STARTUP_SAFETY] MT5 open positions count=0
[2026-07-08 02:13:03] [INFO] [main] [STARTUP_SAFETY] DB open trades count=0
[2026-07-08 02:13:03] [INFO] [main] [STARTUP_SAFETY] missing_in_db(MT5-only)=0 missing_in_mt5(DB-only)=0
[2026-07-08 02:13:03] [INFO] [main] [STARTUP_SAFETY] Synced open positions count=0
[2026-07-08 02:13:03] [INFO] [main] [STARTUP_SAFETY] Completed startup safety check successfully
[2026-07-08 02:13:03] [INFO] [telegram_bot] Telegram polling started
[2026-07-08 02:13:03] [INFO] [telegram_bot] Telegram bot V3 started
[2026-07-08 02:13:03] [INFO] [mt5_watchdog] MT5 watchdog started (V1 reconnect logic)
[2026-07-08 02:13:03] [INFO] [reconciliation] Reconciliation loop started (every 60s)
[2026-07-08 02:13:03] [INFO] [reconciliation] Reconciliation thread started (safety only)
[2026-07-08 02:13:03] [INFO] [post_entry_manager] PostEntryManager started
[2026-07-08 02:13:03] [INFO] [main] ==================================================
[2026-07-08 02:13:03] [INFO] [main] Cycle 1 at 02:13:03
[2026-07-08 02:13:13] [INFO] [news_fetcher] Fetched 17 relevant news items
[2026-07-08 02:13:13] [INFO] [main] Equity: 74364.47$ | News: 17
[2026-07-08 02:13:13] [DEBUG] [hybrid_market_client] Fetching indicators for EURUSD (QuantDinger only)
[2026-07-08 02:13:17] [DEBUG] [market_client] Candles EURUSD 4H: 100 bars ✓
[2026-07-08 02:13:17] [DEBUG] [hybrid_market_client] ✓ Got live data from QuantDinger for EURUSD
[2026-07-08 02:13:17] [DEBUG] [hybrid_market_client] Fetching indicators for EURUSD (QuantDinger only)
[2026-07-08 02:13:17] [DEBUG] [market_client] Candles EURUSD 4H: 100 bars ✓
[2026-07-08 02:13:17] [DEBUG] [hybrid_market_client] ✓ Got live data from QuantDinger for EURUSD
[2026-07-08 02:13:17] [DEBUG] [hybrid_market_client] Fetching indicators for EURUSD (QuantDinger only)
[2026-07-08 02:13:17] [DEBUG] [market_client] Candles EURUSD 4H: 100 bars ✓
[2026-07-08 02:13:17] [DEBUG] [hybrid_market_client] ✓ Got live data from QuantDinger for EURUSD
[2026-07-08 02:13:17] [INFO] [market_snapshot_builder] [SNAPSHOT_BUILT] symbol=EURUSD tfs=H4,H1,M15
[2026-07-08 02:13:17] [DEBUG] [hybrid_market_client] Fetching indicators for XAUUSD (QuantDinger only)
[2026-07-08 02:13:17] [DEBUG] [market_client] Candles XAUUSD 4H: 96 bars ✓
[2026-07-08 02:13:17] [DEBUG] [hybrid_market_client] ✓ Got live data from QuantDinger for XAUUSD
[2026-07-08 02:13:17] [DEBUG] [hybrid_market_client] Fetching indicators for XAUUSD (QuantDinger only)
[2026-07-08 02:13:17] [DEBUG] [market_client] Candles XAUUSD 4H: 96 bars ✓
[2026-07-08 02:13:17] [DEBUG] [hybrid_market_client] ✓ Got live data from QuantDinger for XAUUSD
[2026-07-08 02:13:17] [DEBUG] [hybrid_market_client] Fetching indicators for XAUUSD (QuantDinger only)
[2026-07-08 02:13:17] [DEBUG] [market_client] Candles XAUUSD 4H: 96 bars ✓
[2026-07-08 02:13:17] [DEBUG] [hybrid_market_client] ✓ Got live data from QuantDinger for XAUUSD
[2026-07-08 02:13:17] [INFO] [market_snapshot_builder] [SNAPSHOT_BUILT] symbol=XAUUSD tfs=H4,H1,M15
[2026-07-08 02:13:17] [DEBUG] [hybrid_market_client] Fetching indicators for GBPUSD (QuantDinger only)
[2026-07-08 02:13:18] [DEBUG] [market_client] Candles GBPUSD 4H: 100 bars ✓
[2026-07-08 02:13:18] [DEBUG] [hybrid_market_client] ✓ Got live data from QuantDinger for GBPUSD
[2026-07-08 02:13:18] [DEBUG] [hybrid_market_client] Fetching indicators for GBPUSD (QuantDinger only)
[2026-07-08 02:13:18] [DEBUG] [market_client] Candles GBPUSD 4H: 100 bars ✓
[2026-07-08 02:13:18] [DEBUG] [hybrid_market_client] ✓ Got live data from QuantDinger for GBPUSD
[2026-07-08 02:13:18] [DEBUG] [hybrid_market_client] Fetching indicators for GBPUSD (QuantDinger only)
[2026-07-08 02:13:18] [DEBUG] [market_client] Candles GBPUSD 4H: 100 bars ✓
[2026-07-08 02:13:18] [DEBUG] [hybrid_market_client] ✓ Got live data from QuantDinger for GBPUSD
[2026-07-08 02:13:18] [INFO] [market_snapshot_builder] [SNAPSHOT_BUILT] symbol=GBPUSD tfs=H4,H1,M15
[2026-07-08 02:13:18] [INFO] [main] --- EURUSD ---
[2026-07-08 02:13:23] [WARNING] [deepseek] DeepSeek empty response: finish_reason=length, raw={"id":"921da8e1-2560-4342-8a88-275b20d533a9","object":"chat.completion","created":1783465998,"model":"deepseek-v4-flash","choices":[{"index":0,"message":{"role":"assistant","content":"","reasoning_content":"We need to analyze the given data. Market context: EURUSD current price 1.14090, RSI 33.35 (o
[2026-07-08 02:13:29] [INFO] [deepseek] DEEPSEEK OK: {
  "impact_score": 60,
  "bias": "bearish",
  "confidence": 0.85,
  "reason": "اتجاه هبوطي قوي مع م...
[2026-07-08 02:13:29] [INFO] [deepseek] AI EURUSD: bias=bearish impact=60.0 conf=0.85
[2026-07-08 02:13:29] [INFO] [signal_engine] [VERIFY] SIGNAL_INPUT bias=bearish score=60.0 confidence=0.85
[2026-07-08 02:13:29] [INFO] [signal_engine] [VERIFY] SIGNAL_RULE rule=confidence>=0.60 actual=0.85 result=True
[2026-07-08 02:13:29] [INFO] [signal_engine] [VERIFY] SIGNAL_RULE rule=score>=55 actual=60.0 result=True
[2026-07-08 02:13:29] [INFO] [signal_engine] [VERIFY] SIGNAL_RULE rule=bias in [bullish,bearish] actual=bearish result=True
[2026-07-08 02:13:29] [INFO] [signal_engine] [VERIFY] SIGNAL_FINAL direction=SELL score=60.0 confidence=0.85 valid=True
[2026-07-08 02:13:29] [DEBUG] [signal_engine] Signal: SELL score=60.0 conf=0.85 strength=متوسط valid=True
[2026-07-08 02:13:29] [INFO] [sentiment] Sentiment EURUSD: bullish score=83 bull=2 bear=1
[2026-07-08 02:13:29] [DEBUG] [mtf] MTF (snapshot) EURUSD: H4=bearish H1=bearish M15=bearish aligned=True (strong)
[2026-07-08 02:13:29] [INFO] [main] [VERIFY][DATA_TRUTH] symbol=EURUSD timeframe=H4/H1/M15 news_fetched=True indicators_fetched=True live_data=True cached=False
[2026-07-08 02:13:29] [INFO] [voting_engine] EURUSD: MTF strongly aligned, boosting score 10%
[2026-07-08 02:13:29] [DEBUG] [hybrid_market_client] Fetching indicators for EURUSD (QuantDinger only)
[2026-07-08 02:13:29] [DEBUG] [market_client] Candles EURUSD 4H: 100 bars ✓
[2026-07-08 02:13:29] [DEBUG] [hybrid_market_client] ✓ Got live data from QuantDinger for EURUSD
[2026-07-08 02:13:29] [DEBUG] [hybrid_market_client] Fetching indicators for EURUSD (QuantDinger only)
[2026-07-08 02:13:29] [DEBUG] [market_client] Using cached candles for EURUSD 4H (age: 0s)
[2026-07-08 02:13:29] [DEBUG] [hybrid_market_client] ✓ Got live data from QuantDinger for EURUSD
[2026-07-08 02:13:29] [INFO] [sltp] SL/TP EURUSD: entry=1.1409013271331787 atr=0.00146 sl=1.1431 tp=1.13724
[2026-07-08 02:13:29] [INFO] [position_sizing] Position size: 0.5 (equity=74364, risk=0.001, sl_dist=0.00220, score=83, cons_loss=1)
[2026-07-08 02:13:29] [INFO] [xgboost_v2] [VERIFY] XGBOOST MODEL LOADED path=models/xgb_model.json available=True
[2026-07-08 02:13:29] [INFO] [xgboost_v2] XGBoost v2 model loaded successfully
[2026-07-08 02:13:29] [DEBUG] [xgboost_v2] V2 predict: rsi=33.4 atr=0.00146 regime=TRENDING session=new_york dir=SELL -> p_win=0.744
[2026-07-08 02:13:29] [INFO] [xgboost_v2] [VERIFY] XGBOOST PREDICTION p_win=0.744 available=True
[2026-07-08 02:13:29] [INFO] [main] [VERIFY][DECISION_TRUTH] bias=bearish score=82.9 confidence=1.0 vote=SELL risk_passed=True sl_tp_calculated=True position_size=0.5 xgboost_p_win=0.7435734868049622 final_decision_valid=True reject_reason=OK
[2026-07-08 02:13:29] [INFO] [mt5_direct] [MT5_DIRECT] open_trade symbol=EURUSD direction=SELL volume=0.5 sl=1.1431 tp=1.13724
[2026-07-08 02:13:29] [INFO] [mt5_direct] [MT5_DIRECT] terminal_info: TerminalInfo(community_account=True, community_connection=True, connected=True, dlls_allowed=False, trade_allowed=True, tradeapi_disabled=False, email_enabled=False, ftp_enabled=False, notifications_enabled=False, mqid=True, build=5956, maxbars=100000, codepage=0, ping_last=72671, community_balance=0.0, retransmission=0.07857827149331008, company='MetaQuotes Ltd.', name='MetaTrader 5', language='English', path='C:\\Program Files\\MetaTrader 5', data_path='C:\\Users\\ACER\\AppData\\Roaming\\MetaQuotes\\Terminal\\D0E8209F77C8CF37AD8BF550E51FF075', commondata_path='C:\\Users\\ACER\\AppData\\Roaming\\MetaQuotes\\Terminal\\Common')
[2026-07-08 02:13:29] [INFO] [mt5_direct] [MT5_DIRECT] account_info: AccountInfo(login=108132137, trade_mode=0, leverage=100, limit_orders=200, margin_so_mode=0, trade_allowed=True, trade_expert=True, margin_mode=2, currency_digits=2, fifo_close=False, balance=74364.47, credit=0.0, profit=0.0, equity=74364.47, margin=0.0, margin_free=74364.47, margin_level=0.0, margin_so_call=50.0, margin_so_so=30.0, margin_initial=0.0, margin_maintenance=0.0, assets=0.0, liabilities=0.0, commission_blocked=0.0, name='Ali Nabil', server='MetaQuotes-Demo', currency='USD', company='MetaQuotes Ltd.')
[2026-07-08 02:13:29] [DEBUG] [mt5_direct] [MT5_DIRECT] order_send request={'action': 1, 'symbol': 'EURUSD', 'volume': 0.5, 'type': 1, 'price': 1.14044, 'sl': 1.1431, 'tp': 1.13724, 'deviation': 20, 'magic': 0, 'comment': 'Bot V3', 'type_filling': 1}
[2026-07-08 02:13:29] [ERROR] [mt5_direct] [MT5_DIRECT] order_send failed result=OrderSendResult(retcode=10030, deal=0, order=0, volume=0.0, price=0.0, bid=0.0, ask=0.0, comment='Unsupported filling mode', request_id=0, retcode_external=0, request=TradeRequest(action=1, magic=0, order=0, symbol='EURUSD', volume=0.5, price=1.14044, stoplimit=0.0, sl=1.1431, tp=1.13724, deviation=20, type=1, type_filling=1, type_time=0, expiration=0, comment='Bot V3', position=0, position_by=0)) comment=Unsupported filling mode retcode=10030
[2026-07-08 02:13:29] [INFO] [mt5_direct] [MT5_DIRECT] Retry order_send without type_filling
[2026-07-08 02:13:30] [INFO] [main] [VERIFY][EXECUTION_RESULT] symbol=EURUSD open_trade_result={'status': 'success', 'order_id': '9466411981', 'price': 1.14044, 'symbol': 'EURUSD', 'direction': 'SELL', 'volume': 0.5, 'timestamp': 1783466010.0434246, 'raw_response': {'retcode': 10009, 'deal': 9138993657, 'order': 9466411981, 'volume': 0.5, 'price': 1.14044, 'bid': 0.0, 'ask': 0.0, 'comment': 'Request executed', 'request_id': 41979557, 'retcode_external': 0, 'request': TradeRequest(action=1, magic=0, order=0, symbol='EURUSD', volume=0.5, price=1.14044, stoplimit=0.0, sl=1.1431, tp=1.13724, deviation=20, type=1, type_filling=0, type_time=0, expiration=0, comment='Bot V3', position=0, position_by=0)}}
[2026-07-08 02:13:30] [INFO] [sltp] SL/TP EURUSD: entry=1.14044 atr=0.00146 sl=1.14264 tp=1.13678
[2026-07-08 02:13:30] [INFO] [main] --- XAUUSD ---
[2026-07-08 02:13:33] [INFO] [post_entry_trade_monitor] [MONITOR_ID_DIAG] ts=1783466013 symbol=EURUSD d_ticket=9466411981 d_position_id=None d_id=None chosen_ticket=9466411981
[2026-07-08 02:13:33] [INFO] [post_entry_manager] [POST_ENTRY] New position detected ticket=9466411981 symbol=EURUSD
[2026-07-08 02:13:33] [INFO] [post_entry_manager] [POST_ENTRY] Monitoring ticket=9466411981
[2026-07-08 02:13:33] [WARNING] [market_regime_detector] [REGIME] MT5 IPC failure – skipping ATR this cycle symbol=EURUSD timeframe=H4 tf=16388 bars=200
[2026-07-08 02:13:33] [INFO] [market_regime_detector] [REGIME] Could not compute ATR from MT5 for EURUSD
[2026-07-08 02:13:33] [INFO] [stop_loss_breach_rule] [SL_CHECK] ticket=9466411981 direction=buy current=1.14045 sl=1.1431 breached=False
[2026-07-08 02:13:33] [INFO] [red_flag_detector] ========== RED FLAG REPORT ==========
[2026-07-08 02:13:33] [INFO] [red_flag_detector] ProfitDecay : NO
[2026-07-08 02:13:33] [INFO] [red_flag_detector] TradeHealth : NO
[2026-07-08 02:13:33] [INFO] [red_flag_detector] ATRSpike : NO
[2026-07-08 02:13:33] [INFO] [red_flag_detector] BadRegime : NO
[2026-07-08 02:13:33] [INFO] [red_flag_detector] FlagCount : 0
[2026-07-08 02:13:33] [INFO] [red_flag_detector] Score : 0.000
[2026-07-08 02:13:33] [INFO] [red_flag_detector] Severity : 0
[2026-07-08 02:13:33] [INFO] [red_flag_detector] ConsultExitModel : NO
[2026-07-08 02:13:33] [INFO] [red_flag_detector] ======================================
[2026-07-08 02:13:33] [INFO] [xgboost_exit_adapter] ========== EXIT MODEL FEATURES ==========
atr: 2.9299999999999997e-05 | rsi: 0.3335 | mfe: 0.0 | mae: -0.5
trade_health: 50.0 | profit_decay_pct: 0.0
time_open_hours: 0.0008907042609320746 | spread: 15.0 | news_impact: 0.6
market_regime: TRENDING | volume: 0.5 | session: asia
adx: -1.0
trend_h1: -1.0
trend_h4: -1.0
=========================================
Prediction about to be called | ticket=9466411981 | open_time=2026-07-08 05:13:30 | current_time=2026-07-08 02:13:33
[2026-07-08 02:13:33] [INFO] [xgboost_exit_model] Loaded Exit Model from F:\files (2)\google\botdd\trading_bot_v3\models\xgboost_exit_model.json
[2026-07-08 02:13:33] [INFO] [xgboost_exit_model] [EXIT_MODEL] XGBoost prediction: probability=98.6%
[2026-07-08 02:13:33] [INFO] [xgboost_exit_adapter] [EXIT_MODEL] ticket=9466411981 prediction_exit_probability=0.9864 decision_signal=98.6%
[2026-07-08 02:13:34] [ERROR] [action_executor] [MT5] close_position query failed - IPC unstable, will retry next cycle ticket=9466411981
[2026-07-08 02:13:35] [INFO] [deepseek] DEEPSEEK OK: {
  "impact_score": 55,
  "bias": "bearish",
  "confidence": 0.7,
  "reason": "الاتجاه الفني هبوطي ب...
[2026-07-08 02:13:35] [INFO] [deepseek] AI XAUUSD: bias=bearish impact=55.0 conf=0.70
[2026-07-08 02:13:35] [INFO] [signal_engine] [VERIFY] SIGNAL_INPUT bias=bearish score=55.0 confidence=0.7
[2026-07-08 02:13:35] [INFO] [signal_engine] [VERIFY] SIGNAL_RULE rule=confidence>=0.60 actual=0.7 result=True
[2026-07-08 02:13:35] [INFO] [signal_engine] [VERIFY] SIGNAL_RULE rule=score>=55 actual=55.0 result=True
[2026-07-08 02:13:35] [INFO] [signal_engine] [VERIFY] SIGNAL_RULE rule=bias in [bullish,bearish] actual=bearish result=True
[2026-07-08 02:13:35] [INFO] [signal_engine] [VERIFY] SIGNAL_FINAL direction=SELL score=55.0 confidence=0.7 valid=True
[2026-07-08 02:13:35] [DEBUG] [signal_engine] Signal: SELL score=55.0 conf=0.70 strength=متوسط valid=True
[2026-07-08 02:13:35] [DEBUG] [mtf] MTF (snapshot) XAUUSD: H4=bearish H1=bearish M15=bearish aligned=True (strong)
[2026-07-08 02:13:35] [INFO] [main] [VERIFY][DATA_TRUTH] symbol=XAUUSD timeframe=H4/H1/M15 news_fetched=True indicators_fetched=True live_data=True cached=False
[2026-07-08 02:13:35] [INFO] [voting_engine] XAUUSD: MTF strongly aligned, boosting score 10%
[2026-07-08 02:13:35] [DEBUG] [hybrid_market_client] Fetching indicators for XAUUSD (QuantDinger only)
[2026-07-08 02:13:35] [DEBUG] [market_client] Candles XAUUSD 4H: 96 bars ✓
[2026-07-08 02:13:35] [DEBUG] [hybrid_market_client] ✓ Got live data from QuantDinger for XAUUSD
[2026-07-08 02:13:35] [DEBUG] [hybrid_market_client] Fetching indicators for XAUUSD (QuantDinger only)
[2026-07-08 02:13:35] [DEBUG] [market_client] Using cached candles for XAUUSD 4H (age: 0s)
[2026-07-08 02:13:35] [DEBUG] [hybrid_market_client] ✓ Got live data from QuantDinger for XAUUSD
[2026-07-08 02:13:35] [INFO] [sltp] SL/TP XAUUSD: entry=4107.39990234375 atr=38.90702 sl=4117.3999 tp=4010.13236
[2026-07-08 02:13:35] [INFO] [position_sizing] Position size: 0.1 (equity=74364, risk=0.001, sl_dist=10.00000, score=84, cons_loss=1)
[2026-07-08 02:13:35] [DEBUG] [xgboost_v2] V2 predict: rsi=43.4 atr=38.90702 regime=TRENDING session=new_york dir=SELL -> p_win=0.071
[2026-07-08 02:13:35] [INFO] [xgboost_v2] [VERIFY] XGBOOST PREDICTION p_win=0.071 available=True
[2026-07-08 02:13:35] [INFO] [main] [VERIFY][DECISION_TRUTH] bias=bearish score=83.8 confidence=1.0 vote=SELL risk_passed=True sl_tp_calculated=True position_size=0.1 xgboost_p_win=0.07064886391162872 final_decision_valid=False reject_reason=p_win<threshold (p_win=0.071 threshold=0.6)
[2026-07-08 02:13:35] [INFO] [main] --- GBPUSD ---
[2026-07-08 02:13:39] [INFO] [deepseek] DEEPSEEK OK: {
  "impact_score": 65,
  "bias": "bearish",
  "confidence": 0.7,
  "reason": "الاتجاهات الفنية هابط...
[2026-07-08 02:13:39] [INFO] [deepseek] AI GBPUSD: bias=bearish impact=65.0 conf=0.70
[2026-07-08 02:13:39] [INFO] [signal_engine] [VERIFY] SIGNAL_INPUT bias=bearish score=65.0 confidence=0.7
[2026-07-08 02:13:39] [INFO] [signal_engine] [VERIFY] SIGNAL_RULE rule=confidence>=0.60 actual=0.7 result=True
[2026-07-08 02:13:39] [INFO] [signal_engine] [VERIFY] SIGNAL_RULE rule=score>=55 actual=65.0 result=True
[2026-07-08 02:13:39] [INFO] [signal_engine] [VERIFY] SIGNAL_RULE rule=bias in [bullish,bearish] actual=bearish result=True
[2026-07-08 02:13:39] [INFO] [signal_engine] [VERIFY] SIGNAL_FINAL direction=SELL score=65.0 confidence=0.7 valid=True
[2026-07-08 02:13:39] [DEBUG] [signal_engine] Signal: SELL score=65.0 conf=0.70 strength=متوسط valid=True
[2026-07-08 02:13:39] [DEBUG] [mtf] MTF (snapshot) GBPUSD: H4=bearish H1=neutral M15=neutral aligned=False (weak)
[2026-07-08 02:13:39] [INFO] [main] [VERIFY][DATA_TRUTH] symbol=GBPUSD timeframe=H4/H1/M15 news_fetched=True indicators_fetched=True live_data=True cached=False
[2026-07-08 02:13:39] [INFO] [voting_engine] GBPUSD: MTF weakly misaligned, reducing score 10%
[2026-07-08 02:13:39] [INFO] [correlation_protection] [CORRELATION_PROTECTION] Block correlated GBPUSD sell with EURUSD sell action=block
[2026-07-08 02:13:39] [INFO] [risk_engine] Risk: CorrelationProtection blocked (GBPUSD SELL)
[2026-07-08 02:13:39] [DEBUG] [hybrid_market_client] Fetching indicators for GBPUSD (QuantDinger only)
[2026-07-08 02:13:39] [DEBUG] [market_client] Candles GBPUSD 4H: 100 bars ✓
[2026-07-08 02:13:39] [DEBUG] [hybrid_market_client] ✓ Got live data from QuantDinger for GBPUSD
[2026-07-08 02:13:39] [DEBUG] [hybrid_market_client] Fetching indicators for GBPUSD (QuantDinger only)
[2026-07-08 02:13:39] [DEBUG] [market_client] Using cached candles for GBPUSD 4H (age: 0s)
[2026-07-08 02:13:39] [DEBUG] [hybrid_market_client] ✓ Got live data from QuantDinger for GBPUSD
[2026-07-08 02:13:39] [INFO] [sltp] SL/TP GBPUSD: entry=1.3352917432785034 atr=0.00190 sl=1.33814 tp=1.33054
[2026-07-08 02:13:39] [INFO] [position_sizing] Position size: 0.5 (equity=74364, risk=0.000, sl_dist=0.00285, score=62, cons_loss=1)
[2026-07-08 02:13:39] [DEBUG] [xgboost_v2] V2 predict: rsi=48.3 atr=0.00190 regime=TRENDING session=new_york dir=SELL -> p_win=0.464
[2026-07-08 02:13:39] [INFO] [xgboost_v2] [VERIFY] XGBOOST PREDICTION p_win=0.464 available=True
[2026-07-08 02:13:39] [INFO] [main] [VERIFY][DECISION_TRUTH] bias=bearish score=61.6 confidence=0.62 vote=SELL risk_passed=False sl_tp_calculated=True position_size=0.5 xgboost_p_win=0.4637296497821808 final_decision_valid=False reject_reason=p_win<threshold (p_win=0.464 threshold=0.6)
[2026-07-08 02:13:40] [INFO] [adaptive_weights] EURUSD weights updated: {'ai': 0.239, 'trend': 0.239, 'momentum': 0.239, 'sentiment': 0.239, 'volatility': 0.043} | WR=14.0% PF=11.82
[2026-07-08 02:13:40] [INFO] [adaptive_weights] GBPUSD weights updated: {'ai': 0.239, 'trend': 0.239, 'momentum': 0.239, 'sentiment': 0.239, 'volatility': 0.043} | WR=13.0% PF=8.53
[2026-07-08 02:13:40] [INFO] [adaptive_weights] 🏆 أفضل زوج: EURUSD | WR=14.0% | PnL=265.0$
[2026-07-08 02:13:40] [INFO] [adaptive_weights] ⚠️ أسوأ زوج: XAUUSD | WR=0.0% | PnL=0.0$
[2026-07-08 02:13:40] [INFO] [main] Sleeping 1800s...
[2026-07-08 02:14:03] [WARNING] [reconciliation] [RECONCILE] MT5 positions_get returned None (query failure). last_error=(-10004, 'No IPC connection')
[2026-07-08 02:14:03] [WARNING] [reconciliation] [RECONCILE] MT5 positions_get query failed; skipping orphan checks for this cycle.
[2026-07-08 02:15:03] [WARNING] [reconciliation] [RECONCILE] MT5 positions_get returned None (query failure). last_error=(-10004, 'No IPC connection')
[2026-07-08 02:15:03] [WARNING] [reconciliation] [RECONCILE] MT5 positions_get query failed; skipping orphan checks for this cycle.
[2026-07-08 02:15:34] [INFO] [post_entry_trade_monitor] [MONITOR_ID_DIAG] ts=1783466134 symbol=EURUSD d_ticket=9466411981 d_position_id=None d_id=None chosen_ticket=9466411981
[2026-07-08 02:15:34] [INFO] [post_entry_manager] [POST_ENTRY] Monitoring ticket=9466411981
[2026-07-08 02:15:34] [WARNING] [market_regime_detector] [REGIME] MT5 IPC failure – skipping ATR this cycle symbol=EURUSD timeframe=H4 tf=16388 bars=200
[2026-07-08 02:15:34] [INFO] [market_regime_detector] [REGIME] Could not compute ATR from MT5 for EURUSD
[2026-07-08 02:15:34] [INFO] [stop_loss_breach_rule] [SL_CHECK] ticket=9466411981 direction=buy current=1.1403699999999999 sl=1.1431 breached=False
[2026-07-08 02:15:34] [INFO] [red_flag_detector] ========== RED FLAG REPORT ==========
[2026-07-08 02:15:34] [INFO] [red_flag_detector] ProfitDecay : NO
[2026-07-08 02:15:34] [INFO] [red_flag_detector] TradeHealth : NO
[2026-07-08 02:15:34] [INFO] [red_flag_detector] ATRSpike : NO
[2026-07-08 02:15:34] [INFO] [red_flag_detector] BadRegime : NO
[2026-07-08 02:15:34] [INFO] [red_flag_detector] FlagCount : 0
[2026-07-08 02:15:34] [INFO] [red_flag_detector] Score : 0.000
[2026-07-08 02:15:34] [INFO] [red_flag_detector] Severity : 0
[2026-07-08 02:15:34] [INFO] [red_flag_detector] ConsultExitModel : NO
[2026-07-08 02:15:34] [INFO] [red_flag_detector] ======================================
[2026-07-08 02:15:34] [INFO] [xgboost_exit_adapter] ========== EXIT MODEL FEATURES ==========
atr: 2.9299999999999997e-05 | rsi: 0.3335 | mfe: 3.5 | mae: -0.5
trade_health: 50.0 | profit_decay_pct: 0.0
time_open_hours: 0.03451187160280016 | spread: 15.0 | news_impact: 0.6
market_regime: TRENDING | volume: 0.5 | session: asia
adx: -1.0
trend_h1: -1.0
trend_h4: -1.0
=========================================
Prediction about to be called | ticket=9466411981 | open_time=2026-07-08 05:13:30 | current_time=2026-07-08 02:15:34
[2026-07-08 02:15:34] [INFO] [xgboost_exit_model] [EXIT_MODEL] XGBoost prediction: probability=7.6%
[2026-07-08 02:15:34] [INFO] [xgboost_exit_adapter] [EXIT_MODEL] ticket=9466411981 prediction_exit_probability=0.0761 decision_signal=7.6%
[2026-07-08 02:15:35] [ERROR] [action_executor] [MT5] close_position query failed - IPC unstable, will retry next cycle ticket=9466411981
[2026-07-08 02:16:03] [WARNING] [reconciliation] [RECONCILE] MT5 positions_get returned None (query failure). last_error=(-10004, 'No IPC connection')
[2026-07-08 02:16:03] [WARNING] [reconciliation] [RECONCILE] MT5 positions_get query failed; skipping orphan checks for this cycle.
[2026-07-08 02:17:03] [WARNING] [reconciliation] [RECONCILE] MT5 positions_get returned None (query failure). last_error=(-10004, 'No IPC connection')
[2026-07-08 02:17:03] [WARNING] [reconciliation] [RECONCILE] MT5 positions_get query failed; skipping orphan checks for this cycle.
[2026-07-08 02:17:17] [INFO] [main] Trading Bot V3 starting...
[2026-07-08 02:17:17] [INFO] [database] V3 Database initialized with all tables
[2026-07-08 02:17:17] [INFO] [qd_client] Logged in to QuantDinger
[2026-07-08 02:17:17] [INFO] [qd_client] MT5 connected
[2026-07-08 02:17:17] [INFO] [main] MT5 connected
[2026-07-08 02:17:17] [INFO] [main] [STARTUP_SAFETY] Starting startup safety check (run-once)
[2026-07-08 02:17:17] [WARNING] [main] [STARTUP_SAFETY] mt5.positions_get None diagnostic last_error=(1, 'Success')
[2026-07-08 02:17:17] [INFO] [main] [STARTUP_SAFETY] MT5 open positions count=1
[2026-07-08 02:17:17] [INFO] [main] [STARTUP_SAFETY][MT5] ticket=9466411981 symbol=EURUSD volume=0.5 open_time=1783476810
[2026-07-08 02:17:17] [INFO] [main] [STARTUP_SAFETY] DB open trades count=1
[2026-07-08 02:17:17] [INFO] [main] [STARTUP_SAFETY] missing_in_db(MT5-only)=0 missing_in_mt5(DB-only)=0
[2026-07-08 02:17:17] [INFO] [main] [STARTUP_SAFETY] Synced open positions count=1
[2026-07-08 02:17:17] [INFO] [main] [STARTUP_SAFETY] Completed startup safety check successfully
[2026-07-08 02:17:17] [INFO] [telegram_bot] Telegram polling started
[2026-07-08 02:17:17] [INFO] [telegram_bot] Telegram bot V3 started
[2026-07-08 02:17:17] [INFO] [mt5_watchdog] MT5 watchdog started (V1 reconnect logic)
[2026-07-08 02:17:17] [INFO] [reconciliation] Reconciliation loop started (every 60s)
[2026-07-08 02:17:17] [INFO] [reconciliation] Reconciliation thread started (safety only)
[2026-07-08 02:17:17] [INFO] [post_entry_manager] PostEntryManager started
[2026-07-08 02:17:17] [INFO] [post_entry_trade_monitor] [MONITOR_ID_DIAG] ts=1783466237 symbol=EURUSD d_ticket=9466411981 d_position_id=None d_id=None chosen_ticket=9466411981
[2026-07-08 02:17:17] [INFO] [post_entry_manager] [POST_ENTRY] New position detected ticket=9466411981 symbol=EURUSD
[2026-07-08 02:17:17] [INFO] [post_entry_manager] [POST_ENTRY] Monitoring ticket=9466411981
[2026-07-08 02:17:17] [WARNING] [market_regime_detector] [REGIME] MT5 IPC failure – skipping ATR this cycle symbol=EURUSD timeframe=H4 tf=16388 bars=200
[2026-07-08 02:17:17] [INFO] [market_regime_detector] [REGIME] Could not compute ATR from MT5 for EURUSD
[2026-07-08 02:17:17] [INFO] [stop_loss_breach_rule] [SL_CHECK] ticket=9466411981 direction=buy current=1.14059 sl=1.1431 breached=False
[2026-07-08 02:17:18] [INFO] [main] ==================================================
[2026-07-08 02:17:18] [INFO] [main] Cycle 1 at 02:17:18
[2026-07-08 02:17:18] [INFO] [main] [GUARD] Found 1 open trade(s) in database.
[2026-07-08 02:17:18] [INFO] [main] [GUARD] Open positions detected. Skipping all trading this cycle.
[2026-07-08 02:17:18] [INFO] [main] Sleeping 1800s...
[2026-07-08 02:17:25] [INFO] [news_fetcher] Fetched 17 relevant news items
[2026-07-08 02:17:25] [INFO] [red_flag_detector] ========== RED FLAG REPORT ==========
[2026-07-08 02:17:25] [INFO] [red_flag_detector] ProfitDecay : NO
[2026-07-08 02:17:25] [INFO] [red_flag_detector] TradeHealth : NO
[2026-07-08 02:17:25] [INFO] [red_flag_detector] ATRSpike : NO
[2026-07-08 02:17:25] [INFO] [red_flag_detector] BadRegime : NO
[2026-07-08 02:17:25] [INFO] [red_flag_detector] FlagCount : 0
[2026-07-08 02:17:25] [INFO] [red_flag_detector] Score : 0.000
[2026-07-08 02:17:25] [INFO] [red_flag_detector] Severity : 0
[2026-07-08 02:17:25] [INFO] [red_flag_detector] ConsultExitModel : NO
[2026-07-08 02:17:25] [INFO] [red_flag_detector] ======================================
[2026-07-08 02:17:25] [INFO] [xgboost_exit_adapter] ========== EXIT MODEL FEATURES ==========
atr: 2.9299999999999997e-05 | rsi: 0.3335 | mfe: 0.0 | mae: -7.5
trade_health: 50.0 | profit_decay_pct: 0.0
time_open_hours: 0.06542111304071214 | spread: 15.0 | news_impact: 0.6
market_regime: TRENDING | volume: 0.5 | session: asia
adx: -1.0
trend_h1: -1.0
trend_h4: -1.0
=========================================
Prediction about to be called | ticket=9466411981 | open_time=2026-07-08 05:13:30 | current_time=2026-07-08 02:17:25
[2026-07-08 02:17:25] [INFO] [xgboost_exit_model] Loaded Exit Model from F:\files (2)\google\botdd\trading_bot_v3\models\xgboost_exit_model.json
[2026-07-08 02:17:25] [INFO] [xgboost_exit_model] [EXIT_MODEL] XGBoost prediction: probability=98.6%
[2026-07-08 02:17:25] [INFO] [xgboost_exit_adapter] [EXIT_MODEL] ticket=9466411981 prediction_exit_probability=0.9864 decision_signal=98.6%
[2026-07-08 02:17:26] [ERROR] [action_executor] [MT5] close_position query failed - IPC unstable, will retry next cycle ticket=9466411981
[2026-07-08 02:19:41] [INFO] [main] Trading Bot V3 starting...
[2026-07-08 02:19:41] [INFO] [database] V3 Database initialized with all tables
[2026-07-08 02:19:42] [INFO] [qd_client] Logged in to QuantDinger
[2026-07-08 02:19:42] [INFO] [qd_client] MT5 connected
[2026-07-08 02:19:42] [INFO] [main] MT5 connected
[2026-07-08 02:19:42] [INFO] [main] [STARTUP_SAFETY] Starting startup safety check (run-once)
[2026-07-08 02:19:42] [WARNING] [main] [STARTUP_SAFETY] mt5.positions_get None diagnostic last_error=(1, 'Success')
[2026-07-08 02:19:42] [INFO] [main] [STARTUP_SAFETY] MT5 open positions count=1
[2026-07-08 02:19:42] [INFO] [main] [STARTUP_SAFETY][MT5] ticket=9466411981 symbol=EURUSD volume=0.5 open_time=1783476810
[2026-07-08 02:19:42] [INFO] [main] [STARTUP_SAFETY] DB open trades count=1
[2026-07-08 02:19:42] [INFO] [main] [STARTUP_SAFETY] missing_in_db(MT5-only)=0 missing_in_mt5(DB-only)=0
[2026-07-08 02:19:42] [INFO] [main] [STARTUP_SAFETY] Synced open positions count=1
[2026-07-08 02:19:42] [INFO] [main] [STARTUP_SAFETY] Completed startup safety check successfully
[2026-07-08 02:19:42] [INFO] [telegram_bot] Telegram polling started
[2026-07-08 02:19:42] [INFO] [telegram_bot] Telegram bot V3 started
[2026-07-08 02:19:42] [INFO] [mt5_watchdog] MT5 watchdog started (V1 reconnect logic)
[2026-07-08 02:19:42] [INFO] [reconciliation] Reconciliation loop started (every 60s)
[2026-07-08 02:19:42] [INFO] [reconciliation] Reconciliation thread started (safety only)
[2026-07-08 02:19:42] [INFO] [post_entry_manager] PostEntryManager started
[2026-07-08 02:19:42] [INFO] [post_entry_trade_monitor] [MONITOR_ID_DIAG] ts=1783466382 symbol=EURUSD d_ticket=9466411981 d_position_id=None d_id=None chosen_ticket=9466411981
[2026-07-08 02:19:42] [INFO] [post_entry_manager] [POST_ENTRY] New position detected ticket=9466411981 symbol=EURUSD
[2026-07-08 02:19:42] [INFO] [post_entry_manager] [POST_ENTRY] Monitoring ticket=9466411981
[2026-07-08 02:19:42] [WARNING] [market_regime_detector] [REGIME] MT5 IPC failure – skipping ATR this cycle symbol=EURUSD timeframe=H4 tf=16388 bars=200
[2026-07-08 02:19:42] [INFO] [market_regime_detector] [REGIME] Could not compute ATR from MT5 for EURUSD
[2026-07-08 02:19:42] [INFO] [stop_loss_breach_rule] [SL_CHECK] ticket=9466411981 direction=buy current=1.14055 sl=1.1431 breached=False
[2026-07-08 02:19:42] [INFO] [main] ==================================================
[2026-07-08 02:19:42] [INFO] [main] Cycle 1 at 02:19:42
[2026-07-08 02:19:42] [INFO] [main] [GUARD] Found 1 open trade(s) in database.
[2026-07-08 02:19:42] [INFO] [main] [GUARD] Open positions detected. Skipping all trading this cycle.
[2026-07-08 02:19:42] [INFO] [main] Sleeping 1800s...
[2026-07-08 02:19:50] [INFO] [news_fetcher] Fetched 17 relevant news items
[2026-07-08 02:19:50] [INFO] [red_flag_detector] ========== RED FLAG REPORT ==========
[2026-07-08 02:19:50] [INFO] [red_flag_detector] ProfitDecay : NO
[2026-07-08 02:19:50] [INFO] [red_flag_detector] TradeHealth : NO
[2026-07-08 02:19:50] [INFO] [red_flag_detector] ATRSpike : NO
[2026-07-08 02:19:50] [INFO] [red_flag_detector] BadRegime : NO
[2026-07-08 02:19:50] [INFO] [red_flag_detector] FlagCount : 0
[2026-07-08 02:19:50] [INFO] [red_flag_detector] Score : 0.000
[2026-07-08 02:19:50] [INFO] [red_flag_detector] Severity : 0
[2026-07-08 02:19:50] [INFO] [red_flag_detector] ConsultExitModel : NO
[2026-07-08 02:19:50] [INFO] [red_flag_detector] ======================================
[2026-07-08 02:19:50] [INFO] [xgboost_exit_adapter] ========== EXIT MODEL FEATURES ==========
atr: 2.9299999999999997e-05 | rsi: 0.3335 | mfe: 0.0 | mae: -5.5
trade_health: 50.0 | profit_decay_pct: 0.0
time_open_hours: 0.10578695899910397 | spread: 15.0 | news_impact: 0.6
market_regime: TRENDING | volume: 0.5 | session: asia
adx: -1.0
trend_h1: -1.0
trend_h4: -1.0
=========================================
Prediction about to be called | ticket=9466411981 | open_time=2026-07-08 05:13:30 | current_time=2026-07-08 02:19:50
[2026-07-08 02:19:50] [INFO] [xgboost_exit_model] Loaded Exit Model from F:\files (2)\google\botdd\trading_bot_v3\models\xgboost_exit_model.json
[2026-07-08 02:19:50] [INFO] [xgboost_exit_model] [EXIT_MODEL] XGBoost prediction: probability=98.6%
[2026-07-08 02:19:50] [INFO] [xgboost_exit_adapter] [EXIT_MODEL] ticket=9466411981 prediction_exit_probability=0.9864 decision_signal=98.6%
[2026-07-08 02:19:51] [ERROR] [action_executor] [MT5] close_position query failed - IPC unstable, will retry next cycle ticket=9466411981
[2026-07-08 02:37:21] [INFO] [main] Trading Bot V3 starting...
[2026-07-08 02:37:21] [INFO] [database] V3 Database initialized with all tables
[2026-07-08 02:37:21] [INFO] [qd_client] Logged in to QuantDinger
[2026-07-08 02:37:21] [INFO] [qd_client] MT5 connected
[2026-07-08 02:37:21] [INFO] [main] MT5 connected
[2026-07-08 02:37:21] [INFO] [main] [STARTUP_SAFETY] Starting startup safety check (run-once)
[2026-07-08 02:37:21] [WARNING] [main] [STARTUP_SAFETY] mt5.positions_get None diagnostic last_error=(1, 'Success')
[2026-07-08 02:37:21] [INFO] [main] [STARTUP_SAFETY] MT5 open positions count=1
[2026-07-08 02:37:21] [INFO] [main] [STARTUP_SAFETY][MT5] ticket=9466411981 symbol=EURUSD volume=0.5 open_time=1783476810
[2026-07-08 02:37:21] [INFO] [main] [STARTUP_SAFETY] DB open trades count=1
[2026-07-08 02:37:21] [INFO] [main] [STARTUP_SAFETY] missing_in_db(MT5-only)=0 missing_in_mt5(DB-only)=0
[2026-07-08 02:37:21] [INFO] [main] [STARTUP_SAFETY] Synced open positions count=1
[2026-07-08 02:37:21] [INFO] [main] [STARTUP_SAFETY] Completed startup safety check successfully
[2026-07-08 02:37:21] [INFO] [telegram_bot] Telegram polling started
[2026-07-08 02:37:21] [INFO] [telegram_bot] Telegram bot V3 started
[2026-07-08 02:37:21] [INFO] [mt5_watchdog] MT5 watchdog started (V1 reconnect logic)
[2026-07-08 02:37:21] [INFO] [reconciliation] Reconciliation loop started (every 60s)
[2026-07-08 02:37:21] [INFO] [reconciliation] Reconciliation thread started (safety only)
[2026-07-08 02:37:21] [INFO] [post_entry_manager] PostEntryManager started
[2026-07-08 02:37:21] [INFO] [post_entry_trade_monitor] [MONITOR_ID_DIAG] ts=1783467441 symbol=EURUSD d_ticket=9466411981 d_position_id=None d_id=None chosen_ticket=9466411981
[2026-07-08 02:37:21] [INFO] [post_entry_manager] [POST_ENTRY] New position detected ticket=9466411981 symbol=EURUSD
[2026-07-08 02:37:21] [INFO] [post_entry_manager] [POST_ENTRY] Monitoring ticket=9466411981
[2026-07-08 02:37:21] [WARNING] [market_regime_detector] [REGIME] MT5 IPC failure – skipping ATR this cycle symbol=EURUSD timeframe=H4 tf=16388 bars=200
[2026-07-08 02:37:21] [INFO] [market_regime_detector] [REGIME] Could not compute ATR from MT5 for EURUSD
[2026-07-08 02:37:21] [INFO] [stop_loss_breach_rule] [SL_CHECK] ticket=9466411981 direction=buy current=1.14044 sl=1.1431 breached=False
[2026-07-08 02:37:22] [INFO] [main] ==================================================
[2026-07-08 02:37:22] [INFO] [main] Cycle 1 at 02:37:22
[2026-07-08 02:37:22] [INFO] [main] [GUARD] Found 1 open trade(s) in database.
[2026-07-08 02:37:22] [INFO] [main] [GUARD] Open positions detected. Skipping all trading this cycle.
[2026-07-08 02:37:22] [INFO] [main] Sleeping 1800s...
[2026-07-08 02:37:29] [INFO] [news_fetcher] Fetched 16 relevant news items
[2026-07-08 02:37:29] [INFO] [red_flag_detector] ========== RED FLAG REPORT ==========
[2026-07-08 02:37:29] [INFO] [red_flag_detector] ProfitDecay : NO
[2026-07-08 02:37:29] [INFO] [red_flag_detector] TradeHealth : NO
[2026-07-08 02:37:29] [INFO] [red_flag_detector] ATRSpike : NO
[2026-07-08 02:37:29] [INFO] [red_flag_detector] BadRegime : NO
[2026-07-08 02:37:29] [INFO] [red_flag_detector] FlagCount : 0
[2026-07-08 02:37:29] [INFO] [red_flag_detector] Score : 0.000
[2026-07-08 02:37:29] [INFO] [red_flag_detector] Severity : 0
[2026-07-08 02:37:29] [INFO] [red_flag_detector] ConsultExitModel : NO
[2026-07-08 02:37:29] [INFO] [red_flag_detector] ======================================
[2026-07-08 02:37:29] [INFO] [xgboost_exit_adapter] ========== EXIT MODEL FEATURES ==========
atr: 2.9299999999999997e-05 | rsi: 0.3335 | mfe: 0.0 | mae: 0.0
trade_health: 50.0 | profit_decay_pct: 0.0
time_open_hours: 0.3999288280804952 | spread: 15.0 | news_impact: 0.6
market_regime: TRENDING | volume: 0.5 | session: asia
adx: -1.0
trend_h1: -1.0
trend_h4: -1.0
=========================================
Prediction about to be called | ticket=9466411981 | open_time=2026-07-08 05:13:30 | current_time=2026-07-08 02:37:29
[2026-07-08 02:37:29] [INFO] [xgboost_exit_model] Loaded Exit Model from F:\files (2)\google\botdd\trading_bot_v3\models\xgboost_exit_model.json
[2026-07-08 02:37:29] [INFO] [xgboost_exit_model] [EXIT_MODEL] XGBoost prediction: probability=98.6%
[2026-07-08 02:37:29] [INFO] [xgboost_exit_adapter] [EXIT_MODEL] ticket=9466411981 prediction_exit_probability=0.9864 decision_signal=98.6%
[2026-07-08 02:37:29] [INFO] [action_executor] [CLOSE_DIAG] ts=1783467449 ticket_int=9466411981 open_position_tickets=[]
[2026-07-08 02:37:31] [ERROR] [action_executor] [MT5] close_position query failed - IPC unstable (ticket query returned None) ticket=9466411981
[2026-07-08 02:38:21] [WARNING] [reconciliation] [RECONCILE] MT5 positions_get returned None (query failure). last_error=(-10004, 'No IPC connection')
[2026-07-08 02:38:21] [WARNING] [reconciliation] [RECONCILE] MT5 positions_get query failed; skipping orphan checks for this cycle.
[2026-07-08 02:39:21] [WARNING] [reconciliation] [RECONCILE] MT5 positions_get returned None (query failure). last_error=(-10004, 'No IPC connection')
[2026-07-08 02:39:21] [WARNING] [reconciliation] [RECONCILE] MT5 positions_get query failed; skipping orphan checks for this cycle.
[2026-07-08 02:48:06] [INFO] [main] Trading Bot V3 starting...
[2026-07-08 02:48:06] [INFO] [database] V3 Database initialized with all tables
[2026-07-08 02:48:06] [INFO] [qd_client] Logged in to QuantDinger
[2026-07-08 02:48:06] [INFO] [qd_client] MT5 connected
[2026-07-08 02:48:06] [INFO] [main] MT5 connected
[2026-07-08 02:48:06] [INFO] [main] [STARTUP_SAFETY] Starting startup safety check (run-once)
[2026-07-08 02:48:06] [WARNING] [main] [STARTUP_SAFETY] mt5.positions_get None diagnostic last_error=(1, 'Success')
[2026-07-08 02:48:06] [INFO] [main] [STARTUP_SAFETY] MT5 open positions count=1
[2026-07-08 02:48:06] [INFO] [main] [STARTUP_SAFETY][MT5] ticket=9466411981 symbol=EURUSD volume=0.5 open_time=1783476810
[2026-07-08 02:48:06] [INFO] [main] [STARTUP_SAFETY] DB open trades count=1
[2026-07-08 02:48:06] [INFO] [main] [STARTUP_SAFETY] missing_in_db(MT5-only)=0 missing_in_mt5(DB-only)=0
[2026-07-08 02:48:06] [INFO] [main] [STARTUP_SAFETY] Synced open positions count=1
[2026-07-08 02:48:06] [INFO] [main] [STARTUP_SAFETY] Completed startup safety check successfully
[2026-07-08 02:48:06] [INFO] [telegram_bot] Telegram polling started
[2026-07-08 02:48:06] [INFO] [telegram_bot] Telegram bot V3 started
[2026-07-08 02:48:06] [INFO] [mt5_watchdog] MT5 watchdog started (V1 reconnect logic)
[2026-07-08 02:48:06] [INFO] [reconciliation] Reconciliation loop started (every 60s)
[2026-07-08 02:48:06] [INFO] [reconciliation] Reconciliation thread started (safety only)
[2026-07-08 02:48:06] [INFO] [post_entry_manager] PostEntryManager started
[2026-07-08 02:48:06] [INFO] [post_entry_trade_monitor] [MONITOR_ID_DIAG] ts=1783468086 symbol=EURUSD d_ticket=9466411981 d_position_id=None d_id=None chosen_ticket=9466411981
[2026-07-08 02:48:06] [INFO] [post_entry_manager] [POST_ENTRY] New position detected ticket=9466411981 symbol=EURUSD
[2026-07-08 02:48:06] [INFO] [post_entry_manager] [POST_ENTRY] Monitoring ticket=9466411981
[2026-07-08 02:48:06] [WARNING] [market_regime_detector] [REGIME] MT5 IPC failure – skipping ATR this cycle symbol=EURUSD timeframe=H4 tf=16388 bars=200
[2026-07-08 02:48:06] [INFO] [market_regime_detector] [REGIME] Could not compute ATR from MT5 for EURUSD
[2026-07-08 02:48:06] [INFO] [stop_loss_breach_rule] [SL_CHECK] ticket=9466411981 direction=buy current=1.14039 sl=1.1431 breached=False
[2026-07-08 02:48:07] [INFO] [main] ==================================================
[2026-07-08 02:48:07] [INFO] [main] Cycle 1 at 02:48:07
[2026-07-08 02:48:07] [INFO] [main] [GUARD] Found 1 open trade(s) in database.
[2026-07-08 02:48:07] [INFO] [main] [GUARD] Open positions detected. Skipping all trading this cycle.
[2026-07-08 02:48:07] [INFO] [main] Sleeping 1800s...
[2026-07-08 02:48:15] [INFO] [news_fetcher] Fetched 17 relevant news items
[2026-07-08 02:48:15] [INFO] [red_flag_detector] ========== RED FLAG REPORT ==========
[2026-07-08 02:48:15] [INFO] [red_flag_detector] ProfitDecay : NO
[2026-07-08 02:48:15] [INFO] [red_flag_detector] TradeHealth : NO
[2026-07-08 02:48:15] [INFO] [red_flag_detector] ATRSpike : NO
[2026-07-08 02:48:15] [INFO] [red_flag_detector] BadRegime : NO
[2026-07-08 02:48:15] [INFO] [red_flag_detector] FlagCount : 0
[2026-07-08 02:48:15] [INFO] [red_flag_detector] Score : 0.000
[2026-07-08 02:48:15] [INFO] [red_flag_detector] Severity : 0
[2026-07-08 02:48:15] [INFO] [red_flag_detector] ConsultExitModel : NO
[2026-07-08 02:48:15] [INFO] [red_flag_detector] ======================================
[2026-07-08 02:48:15] [INFO] [xgboost_exit_adapter] ========== EXIT MODEL FEATURES ==========
atr: 2.9299999999999997e-05 | rsi: 0.3335 | mfe: 2.5 | mae: 0.0
trade_health: 50.0 | profit_decay_pct: 0.0
time_open_hours: 0.5792338906394111 | spread: 15.0 | news_impact: 0.6
market_regime: TRENDING | volume: 0.5 | session: asia
adx: -1.0
trend_h1: -1.0
trend_h4: -1.0
=========================================
Prediction about to be called | ticket=9466411981 | open_time=2026-07-08 05:13:30 | current_time=2026-07-08 02:48:15
[2026-07-08 02:48:15] [INFO] [xgboost_exit_model] Loaded Exit Model from F:\files (2)\google\botdd\trading_bot_v3\models\xgboost_exit_model.json
[2026-07-08 02:48:15] [INFO] [xgboost_exit_model] [EXIT_MODEL] XGBoost prediction: probability=7.6%
[2026-07-08 02:48:15] [INFO] [xgboost_exit_adapter] [EXIT_MODEL] ticket=9466411981 prediction_exit_probability=0.0761 decision_signal=7.6%
[2026-07-08 02:48:15] [INFO] [action_executor] [CLOSE_DIAG] ts=1783468095 ticket_int=9466411981 open_position_tickets=[]
[2026-07-08 02:48:17] [WARNING] [action_executor] [MT5] close_position IPC unstable after retries; best-effort reconnect ticket=9466411981
[2026-07-08 02:48:17] [INFO] [action_executor] [MT5] close_position retcode=10009 comment=Request executed ticket=9466411981
[2026-07-08 02:48:17] [INFO] [post_entry_event_logger] [LOGGER_LISTENER] event_type=TradeClosed ticket=9466411981
[2026-07-08 02:48:17] [INFO] [post_entry_database_listener] [DATABASE_LISTENER] event_type=TradeClosed ticket=9466411981
[2026-07-08 02:48:17] [INFO] [post_entry_telegram_listener] [TELEGRAM_LISTENER] event_type=TradeClosed ticket=9466411981
[2026-07-08 02:49:56] [INFO] [main] Trading Bot V3 starting...
[2026-07-08 02:49:56] [INFO] [database] V3 Database initialized with all tables
[2026-07-08 02:49:56] [INFO] [qd_client] Logged in to QuantDinger
[2026-07-08 02:49:56] [INFO] [qd_client] MT5 connected
[2026-07-08 02:49:56] [INFO] [main] MT5 connected
[2026-07-08 02:49:56] [INFO] [main] [STARTUP_SAFETY] Starting startup safety check (run-once)
[2026-07-08 02:49:56] [WARNING] [main] [STARTUP_SAFETY] mt5.positions_get None diagnostic last_error=(1, 'Success')
[2026-07-08 02:49:56] [INFO] [main] [STARTUP_SAFETY] MT5 open positions count=0
[2026-07-08 02:49:56] [INFO] [main] [STARTUP_SAFETY] DB open trades count=0
[2026-07-08 02:49:56] [INFO] [main] [STARTUP_SAFETY] missing_in_db(MT5-only)=0 missing_in_mt5(DB-only)=0
[2026-07-08 02:49:56] [INFO] [main] [STARTUP_SAFETY] Synced open positions count=0
[2026-07-08 02:49:56] [INFO] [main] [STARTUP_SAFETY] Completed startup safety check successfully
[2026-07-08 02:49:56] [INFO] [telegram_bot] Telegram polling started
[2026-07-08 02:49:56] [INFO] [telegram_bot] Telegram bot V3 started
[2026-07-08 02:49:56] [INFO] [mt5_watchdog] MT5 watchdog started (V1 reconnect logic)
[2026-07-08 02:49:56] [INFO] [reconciliation] Reconciliation loop started (every 60s)
[2026-07-08 02:49:56] [INFO] [reconciliation] Reconciliation thread started (safety only)
[2026-07-08 02:49:56] [INFO] [post_entry_manager] PostEntryManager started
[2026-07-08 02:49:57] [INFO] [main] ==================================================
[2026-07-08 02:49:57] [INFO] [main] Cycle 1 at 02:49:57
[2026-07-08 02:50:05] [INFO] [news_fetcher] Fetched 17 relevant news items
[2026-07-08 02:50:05] [INFO] [main] Equity: 74366.97$ | News: 17
[2026-07-08 02:50:05] [DEBUG] [hybrid_market_client] Fetching indicators for EURUSD (QuantDinger only)
[2026-07-08 02:50:09] [DEBUG] [market_client] Candles EURUSD 4H: 100 bars ✓
[2026-07-08 02:50:09] [DEBUG] [hybrid_market_client] ✓ Got live data from QuantDinger for EURUSD
[2026-07-08 02:50:09] [DEBUG] [hybrid_market_client] Fetching indicators for EURUSD (QuantDinger only)
[2026-07-08 02:50:09] [DEBUG] [market_client] Candles EURUSD 4H: 100 bars ✓
[2026-07-08 02:50:09] [DEBUG] [hybrid_market_client] ✓ Got live data from QuantDinger for EURUSD
[2026-07-08 02:50:09] [DEBUG] [hybrid_market_client] Fetching indicators for EURUSD (QuantDinger only)
[2026-07-08 02:50:09] [DEBUG] [market_client] Candles EURUSD 4H: 100 bars ✓
[2026-07-08 02:50:09] [DEBUG] [hybrid_market_client] ✓ Got live data from QuantDinger for EURUSD
[2026-07-08 02:50:09] [INFO] [market_snapshot_builder] [SNAPSHOT_BUILT] symbol=EURUSD tfs=H4,H1,M15
[2026-07-08 02:50:09] [DEBUG] [hybrid_market_client] Fetching indicators for XAUUSD (QuantDinger only)
[2026-07-08 02:50:09] [DEBUG] [market_client] Candles XAUUSD 4H: 96 bars ✓
[2026-07-08 02:50:09] [DEBUG] [hybrid_market_client] ✓ Got live data from QuantDinger for XAUUSD
[2026-07-08 02:50:09] [DEBUG] [hybrid_market_client] Fetching indicators for XAUUSD (QuantDinger only)
[2026-07-08 02:50:09] [DEBUG] [market_client] Candles XAUUSD 4H: 96 bars ✓
[2026-07-08 02:50:09] [DEBUG] [hybrid_market_client] ✓ Got live data from QuantDinger for XAUUSD
[2026-07-08 02:50:09] [DEBUG] [hybrid_market_client] Fetching indicators for XAUUSD (QuantDinger only)
[2026-07-08 02:50:09] [DEBUG] [market_client] Candles XAUUSD 4H: 96 bars ✓
[2026-07-08 02:50:09] [DEBUG] [hybrid_market_client] ✓ Got live data from QuantDinger for XAUUSD
[2026-07-08 02:50:09] [INFO] [market_snapshot_builder] [SNAPSHOT_BUILT] symbol=XAUUSD tfs=H4,H1,M15
[2026-07-08 02:50:09] [DEBUG] [hybrid_market_client] Fetching indicators for GBPUSD (QuantDinger only)
[2026-07-08 02:50:09] [DEBUG] [market_client] Candles GBPUSD 4H: 100 bars ✓
[2026-07-08 02:50:09] [DEBUG] [hybrid_market_client] ✓ Got live data from QuantDinger for GBPUSD
[2026-07-08 02:50:09] [DEBUG] [hybrid_market_client] Fetching indicators for GBPUSD (QuantDinger only)
[2026-07-08 02:50:09] [DEBUG] [market_client] Candles GBPUSD 4H: 100 bars ✓
[2026-07-08 02:50:09] [DEBUG] [hybrid_market_client] ✓ Got live data from QuantDinger for GBPUSD
[2026-07-08 02:50:09] [DEBUG] [hybrid_market_client] Fetching indicators for GBPUSD (QuantDinger only)
[2026-07-08 02:50:09] [DEBUG] [market_client] Candles GBPUSD 4H: 100 bars ✓
[2026-07-08 02:50:09] [DEBUG] [hybrid_market_client] ✓ Got live data from QuantDinger for GBPUSD
[2026-07-08 02:50:09] [INFO] [market_snapshot_builder] [SNAPSHOT_BUILT] symbol=GBPUSD tfs=H4,H1,M15
[2026-07-08 02:50:09] [INFO] [main] --- EURUSD ---
[2026-07-08 02:50:12] [INFO] [deepseek] DEEPSEEK OK: {
  "impact_score": 75,
  "bias": "bearish",
  "confidence": 0.85,
  "reason": "اتجاه هبوطي مؤكد مع ...
[2026-07-08 02:50:12] [INFO] [deepseek] AI EURUSD: bias=bearish impact=75.0 conf=0.85
[2026-07-08 02:50:12] [INFO] [signal_engine] [VERIFY] SIGNAL_INPUT bias=bearish score=75.0 confidence=0.85
[2026-07-08 02:50:12] [INFO] [signal_engine] [VERIFY] SIGNAL_RULE rule=confidence>=0.60 actual=0.85 result=True
[2026-07-08 02:50:12] [INFO] [signal_engine] [VERIFY] SIGNAL_RULE rule=score>=55 actual=75.0 result=True
[2026-07-08 02:50:12] [INFO] [signal_engine] [VERIFY] SIGNAL_RULE rule=bias in [bullish,bearish] actual=bearish result=True
[2026-07-08 02:50:12] [INFO] [signal_engine] [VERIFY] SIGNAL_FINAL direction=SELL score=75.0 confidence=0.85 valid=True
[2026-07-08 02:50:12] [DEBUG] [signal_engine] Signal: SELL score=75.0 conf=0.85 strength=قوي valid=True
[2026-07-08 02:50:12] [INFO] [sentiment] Sentiment EURUSD: neutral score=50 bull=1 bear=1
[2026-07-08 02:50:12] [DEBUG] [mtf] MTF (snapshot) EURUSD: H4=bearish H1=bearish M15=bearish aligned=True (strong)
[2026-07-08 02:50:12] [INFO] [main] [VERIFY][DATA_TRUTH] symbol=EURUSD timeframe=H4/H1/M15 news_fetched=True indicators_fetched=True live_data=True cached=False
[2026-07-08 02:50:12] [INFO] [voting_engine] EURUSD: MTF strongly aligned, boosting score 10%
[2026-07-08 02:50:12] [DEBUG] [hybrid_market_client] Fetching indicators for EURUSD (QuantDinger only)
[2026-07-08 02:50:12] [DEBUG] [market_client] Candles EURUSD 4H: 100 bars ✓
[2026-07-08 02:50:12] [DEBUG] [hybrid_market_client] ✓ Got live data from QuantDinger for EURUSD
[2026-07-08 02:50:12] [DEBUG] [hybrid_market_client] Fetching indicators for EURUSD (QuantDinger only)
[2026-07-08 02:50:12] [DEBUG] [market_client] Using cached candles for EURUSD 4H (age: 0s)
[2026-07-08 02:50:12] [DEBUG] [hybrid_market_client] ✓ Got live data from QuantDinger for EURUSD
[2026-07-08 02:50:12] [INFO] [sltp] SL/TP EURUSD: entry=1.1406410932540894 atr=0.00148 sl=1.14287 tp=1.13693
[2026-07-08 02:50:12] [INFO] [position_sizing] Position size: 0.5 (equity=74367, risk=0.002, sl_dist=0.00223, score=88, cons_loss=0)
[2026-07-08 02:50:12] [INFO] [xgboost_v2] [VERIFY] XGBOOST MODEL LOADED path=models/xgb_model.json available=True
[2026-07-08 02:50:12] [INFO] [xgboost_v2] XGBoost v2 model loaded successfully
[2026-07-08 02:50:13] [DEBUG] [xgboost_v2] V2 predict: rsi=32.5 atr=0.00148 regime=TRENDING session=new_york dir=SELL -> p_win=0.732
[2026-07-08 02:50:13] [INFO] [xgboost_v2] [VERIFY] XGBOOST PREDICTION p_win=0.732 available=True
[2026-07-08 02:50:13] [INFO] [main] [VERIFY][DECISION_TRUTH] bias=bearish score=88.0 confidence=1.0 vote=SELL risk_passed=True sl_tp_calculated=True position_size=0.5 xgboost_p_win=0.7318161129951477 final_decision_valid=True reject_reason=OK
[2026-07-08 02:50:13] [INFO] [mt5_direct] [MT5_DIRECT] open_trade symbol=EURUSD direction=SELL volume=0.5 sl=1.14287 tp=1.13693
[2026-07-08 02:50:13] [INFO] [mt5_direct] [MT5_DIRECT] terminal_info: TerminalInfo(community_account=True, community_connection=True, connected=True, dlls_allowed=False, trade_allowed=True, tradeapi_disabled=False, email_enabled=False, ftp_enabled=False, notifications_enabled=False, mqid=True, build=5956, maxbars=100000, codepage=0, ping_last=72671, community_balance=0.0, retransmission=0.02603149811271639, company='MetaQuotes Ltd.', name='MetaTrader 5', language='English', path='C:\\Program Files\\MetaTrader 5', data_path='C:\\Users\\ACER\\AppData\\Roaming\\MetaQuotes\\Terminal\\D0E8209F77C8CF37AD8BF550E51FF075', commondata_path='C:\\Users\\ACER\\AppData\\Roaming\\MetaQuotes\\Terminal\\Common')
[2026-07-08 02:50:13] [INFO] [mt5_direct] [MT5_DIRECT] account_info: AccountInfo(login=108132137, trade_mode=0, leverage=100, limit_orders=200, margin_so_mode=0, trade_allowed=True, trade_expert=True, margin_mode=2, currency_digits=2, fifo_close=False, balance=74366.97, credit=0.0, profit=0.0, equity=74366.97, margin=0.0, margin_free=74366.97, margin_level=0.0, margin_so_call=50.0, margin_so_so=30.0, margin_initial=0.0, margin_maintenance=0.0, assets=0.0, liabilities=0.0, commission_blocked=0.0, name='Ali Nabil', server='MetaQuotes-Demo', currency='USD', company='MetaQuotes Ltd.')
[2026-07-08 02:50:13] [DEBUG] [mt5_direct] [MT5_DIRECT] order_send request={'action': 1, 'symbol': 'EURUSD', 'volume': 0.5, 'type': 1, 'price': 1.14021, 'sl': 1.14287, 'tp': 1.13693, 'deviation': 20, 'magic': 0, 'comment': 'Bot V3', 'type_filling': 1}
[2026-07-08 02:50:13] [ERROR] [mt5_direct] [MT5_DIRECT] order_send failed result=OrderSendResult(retcode=10030, deal=0, order=0, volume=0.0, price=0.0, bid=0.0, ask=0.0, comment='Unsupported filling mode', request_id=0, retcode_external=0, request=TradeRequest(action=1, magic=0, order=0, symbol='EURUSD', volume=0.5, price=1.14021, stoplimit=0.0, sl=1.14287, tp=1.13693, deviation=20, type=1, type_filling=1, type_time=0, expiration=0, comment='Bot V3', position=0, position_by=0)) comment=Unsupported filling mode retcode=10030
[2026-07-08 02:50:13] [INFO] [mt5_direct] [MT5_DIRECT] Retry order_send without type_filling
[2026-07-08 02:50:13] [INFO] [main] [VERIFY][EXECUTION_RESULT] symbol=EURUSD open_trade_result={'status': 'success', 'order_id': '9466660076', 'price': 1.14021, 'symbol': 'EURUSD', 'direction': 'SELL', 'volume': 0.5, 'timestamp': 1783468213.0855567, 'raw_response': {'retcode': 10009, 'deal': 9139265724, 'order': 9466660076, 'volume': 0.5, 'price': 1.14021, 'bid': 0.0, 'ask': 0.0, 'comment': 'Request executed', 'request_id': 936865539, 'retcode_external': 0, 'request': TradeRequest(action=1, magic=0, order=0, symbol='EURUSD', volume=0.5, price=1.14021, stoplimit=0.0, sl=1.14287, tp=1.13693, deviation=20, type=1, type_filling=0, type_time=0, expiration=0, comment='Bot V3', position=0, position_by=0)}}
[2026-07-08 02:50:13] [INFO] [sltp] SL/TP EURUSD: entry=1.14021 atr=0.00148 sl=1.14244 tp=1.1365
[2026-07-08 02:50:13] [INFO] [main] --- XAUUSD ---
[2026-07-08 02:50:16] [INFO] [post_entry_trade_monitor] [MONITOR_ID_DIAG] ts=1783468216 symbol=EURUSD d_ticket=9466660076 d_position_id=None d_id=None chosen_ticket=9466660076
[2026-07-08 02:50:16] [INFO] [post_entry_manager] [POST_ENTRY] New position detected ticket=9466660076 symbol=EURUSD
[2026-07-08 02:50:16] [INFO] [post_entry_manager] [POST_ENTRY] Monitoring ticket=9466660076
[2026-07-08 02:50:16] [WARNING] [market_regime_detector] [REGIME] MT5 IPC failure – skipping ATR this cycle symbol=EURUSD timeframe=H4 tf=16388 bars=200
[2026-07-08 02:50:16] [INFO] [market_regime_detector] [REGIME] Could not compute ATR from MT5 for EURUSD
[2026-07-08 02:50:16] [INFO] [stop_loss_breach_rule] [SL_CHECK] ticket=9466660076 direction=buy current=1.14023 sl=1.14287 breached=False
[2026-07-08 02:50:16] [INFO] [red_flag_detector] ========== RED FLAG REPORT ==========
[2026-07-08 02:50:16] [INFO] [red_flag_detector] ProfitDecay : NO
[2026-07-08 02:50:16] [INFO] [red_flag_detector] TradeHealth : NO
[2026-07-08 02:50:16] [INFO] [red_flag_detector] ATRSpike : NO
[2026-07-08 02:50:16] [INFO] [red_flag_detector] BadRegime : NO
[2026-07-08 02:50:16] [INFO] [red_flag_detector] FlagCount : 0
[2026-07-08 02:50:16] [INFO] [red_flag_detector] Score : 0.000
[2026-07-08 02:50:16] [INFO] [red_flag_detector] Severity : 0
[2026-07-08 02:50:16] [INFO] [red_flag_detector] ConsultExitModel : NO
[2026-07-08 02:50:16] [INFO] [red_flag_detector] ======================================
[2026-07-08 02:50:16] [INFO] [xgboost_exit_adapter] ========== EXIT MODEL FEATURES ==========
atr: 2.968e-05 | rsi: 0.32520000000000004 | mfe: 0.0 | mae: -1.0
trade_health: 50.0 | profit_decay_pct: 0.0
time_open_hours: 0.0013582751486036512 | spread: 15.0 | news_impact: 0.75
market_regime: TRENDING | volume: 0.5 | session: asia
adx: -1.0
trend_h1: -1.0
trend_h4: -1.0
=========================================
Prediction about to be called | ticket=9466660076 | open_time=2026-07-08 05:50:12 | current_time=2026-07-08 02:50:16
[2026-07-08 02:50:16] [INFO] [xgboost_exit_model] Loaded Exit Model from F:\files (2)\google\botdd\trading_bot_v3\models\xgboost_exit_model.json
[2026-07-08 02:50:16] [INFO] [xgboost_exit_model] [EXIT_MODEL] XGBoost prediction: probability=98.6%
[2026-07-08 02:50:16] [INFO] [xgboost_exit_adapter] [EXIT_MODEL] ticket=9466660076 prediction_exit_probability=0.9864 decision_signal=98.6%
[2026-07-08 02:50:16] [INFO] [action_executor] [CLOSE_DIAG] ts=1783468216 ticket_int=9466660076 open_position_tickets=[]
[2026-07-08 02:50:17] [WARNING] [deepseek] DeepSeek truncated by max_tokens, finish_reason=length, content={
  "impact_score": 85,
  "bias": "bearish",
  "confidence": 0.85,
  "reason": "اتجاه هبوطي فني مدعوم بقوة الدولار بسبب التو
[2026-07-08 02:50:17] [WARNING] [deepseek] Retry 1: JSON incomplete/truncated, raw={
  "impact_score": 85,
  "bias": "bearish",
  "confidence": 0.85,
  "reason": "اتجاه هبوطي فني مدعوم بقوة الدولار بسبب التو
[2026-07-08 02:50:18] [WARNING] [action_executor] [MT5] close_position IPC unstable after retries; best-effort reconnect ticket=9466660076
[2026-07-08 02:50:19] [INFO] [action_executor] [MT5] close_position retcode=10009 comment=Request executed ticket=9466660076
[2026-07-08 02:50:19] [INFO] [post_entry_event_logger] [LOGGER_LISTENER] event_type=TradeClosed ticket=9466660076
[2026-07-08 02:50:19] [INFO] [post_entry_database_listener] [DATABASE_LISTENER] event_type=TradeClosed ticket=9466660076
[2026-07-08 02:50:19] [INFO] [post_entry_telegram_listener] [TELEGRAM_LISTENER] event_type=TradeClosed ticket=9466660076
[2026-07-08 02:50:23] [INFO] [deepseek] DEEPSEEK OK: {
  "impact_score": 70,
  "bias": "bearish",
  "confidence": 0.8,
  "reason": "تجدد التوترات بين أمر...
[2026-07-08 02:50:23] [INFO] [deepseek] AI XAUUSD: bias=bearish impact=70.0 conf=0.80
[2026-07-08 02:50:23] [INFO] [signal_engine] [VERIFY] SIGNAL_INPUT bias=bearish score=70.0 confidence=0.8
[2026-07-08 02:50:23] [INFO] [signal_engine] [VERIFY] SIGNAL_RULE rule=confidence>=0.60 actual=0.8 result=True
[2026-07-08 02:50:23] [INFO] [signal_engine] [VERIFY] SIGNAL_RULE rule=score>=55 actual=70.0 result=True
[2026-07-08 02:50:23] [INFO] [signal_engine] [VERIFY] SIGNAL_RULE rule=bias in [bullish,bearish] actual=bearish result=True
[2026-07-08 02:50:23] [INFO] [signal_engine] [VERIFY] SIGNAL_FINAL direction=SELL score=70.0 confidence=0.8 valid=True
[2026-07-08 02:50:23] [DEBUG] [signal_engine] Signal: SELL score=70.0 conf=0.80 strength=قوي valid=True
[2026-07-08 02:50:23] [DEBUG] [mtf] MTF (snapshot) XAUUSD: H4=bearish H1=bearish M15=bearish aligned=True (strong)
[2026-07-08 02:50:23] [INFO] [main] [VERIFY][DATA_TRUTH] symbol=XAUUSD timeframe=H4/H1/M15 news_fetched=True indicators_fetched=True live_data=True cached=False
[2026-07-08 02:50:23] [INFO] [voting_engine] XAUUSD: MTF strongly aligned, boosting score 10%
[2026-07-08 02:50:23] [DEBUG] [hybrid_market_client] Fetching indicators for XAUUSD (QuantDinger only)
[2026-07-08 02:50:23] [DEBUG] [market_client] Candles XAUUSD 4H: 96 bars ✓
[2026-07-08 02:50:23] [DEBUG] [hybrid_market_client] ✓ Got live data from QuantDinger for XAUUSD
[2026-07-08 02:50:23] [DEBUG] [hybrid_market_client] Fetching indicators for XAUUSD (QuantDinger only)
[2026-07-08 02:50:23] [DEBUG] [market_client] Using cached candles for XAUUSD 4H (age: 0s)
[2026-07-08 02:50:23] [DEBUG] [hybrid_market_client] ✓ Got live data from QuantDinger for XAUUSD
[2026-07-08 02:50:23] [INFO] [sltp] SL/TP XAUUSD: entry=4112.7001953125 atr=38.90702 sl=4122.7002 tp=4015.43265
[2026-07-08 02:50:23] [INFO] [position_sizing] Position size: 0.1 (equity=74367, risk=0.002, sl_dist=10.00000, score=92, cons_loss=1)
[2026-07-08 02:50:23] [DEBUG] [xgboost_v2] V2 predict: rsi=44.4 atr=38.90702 regime=TRENDING session=new_york dir=SELL -> p_win=0.071
[2026-07-08 02:50:23] [INFO] [xgboost_v2] [VERIFY] XGBOOST PREDICTION p_win=0.071 available=True
[2026-07-08 02:50:23] [INFO] [main] [VERIFY][DECISION_TRUTH] bias=bearish score=91.8 confidence=1.0 vote=SELL risk_passed=True sl_tp_calculated=True position_size=0.1 xgboost_p_win=0.07064886391162872 final_decision_valid=False reject_reason=p_win<threshold (p_win=0.071 threshold=0.6)
[2026-07-08 02:50:23] [INFO] [main] --- GBPUSD ---
[2026-07-08 02:50:26] [INFO] [deepseek] DEEPSEEK OK: {"impact_score": 65, "bias": "bearish", "confidence": 0.8, "reason": "توترات إيران وأمريكا تدعم الدو...
[2026-07-08 02:50:26] [INFO] [deepseek] AI GBPUSD: bias=bearish impact=65.0 conf=0.80
[2026-07-08 02:50:26] [INFO] [signal_engine] [VERIFY] SIGNAL_INPUT bias=bearish score=65.0 confidence=0.8
[2026-07-08 02:50:26] [INFO] [signal_engine] [VERIFY] SIGNAL_RULE rule=confidence>=0.60 actual=0.8 result=True
[2026-07-08 02:50:26] [INFO] [signal_engine] [VERIFY] SIGNAL_RULE rule=score>=55 actual=65.0 result=True
[2026-07-08 02:50:26] [INFO] [signal_engine] [VERIFY] SIGNAL_RULE rule=bias in [bullish,bearish] actual=bearish result=True
[2026-07-08 02:50:26] [INFO] [signal_engine] [VERIFY] SIGNAL_FINAL direction=SELL score=65.0 confidence=0.8 valid=True
[2026-07-08 02:50:26] [DEBUG] [signal_engine] Signal: SELL score=65.0 conf=0.80 strength=متوسط valid=True
[2026-07-08 02:50:26] [DEBUG] [mtf] MTF (snapshot) GBPUSD: H4=bearish H1=neutral M15=neutral aligned=False (weak)
[2026-07-08 02:50:26] [INFO] [main] [VERIFY][DATA_TRUTH] symbol=GBPUSD timeframe=H4/H1/M15 news_fetched=True indicators_fetched=True live_data=True cached=False
[2026-07-08 02:50:26] [INFO] [voting_engine] GBPUSD: MTF weakly misaligned, reducing score 10%
[2026-07-08 02:50:26] [DEBUG] [hybrid_market_client] Fetching indicators for GBPUSD (QuantDinger only)
[2026-07-08 02:50:26] [DEBUG] [market_client] Candles GBPUSD 4H: 100 bars ✓
[2026-07-08 02:50:26] [DEBUG] [hybrid_market_client] ✓ Got live data from QuantDinger for GBPUSD
[2026-07-08 02:50:26] [DEBUG] [hybrid_market_client] Fetching indicators for GBPUSD (QuantDinger only)
[2026-07-08 02:50:26] [DEBUG] [market_client] Using cached candles for GBPUSD 4H (age: 0s)
[2026-07-08 02:50:26] [DEBUG] [hybrid_market_client] ✓ Got live data from QuantDinger for GBPUSD
[2026-07-08 02:50:26] [INFO] [sltp] SL/TP GBPUSD: entry=1.334935188293457 atr=0.00192 sl=1.33782 tp=1.33013
[2026-07-08 02:50:26] [INFO] [position_sizing] Position size: 0.5 (equity=74367, risk=0.000, sl_dist=0.00288, score=62, cons_loss=1)
[2026-07-08 02:50:26] [DEBUG] [xgboost_v2] V2 predict: rsi=47.1 atr=0.00192 regime=TRENDING session=new_york dir=SELL -> p_win=0.464
[2026-07-08 02:50:26] [INFO] [xgboost_v2] [VERIFY] XGBOOST PREDICTION p_win=0.464 available=True
[2026-07-08 02:50:26] [INFO] [main] [VERIFY][DECISION_TRUTH] bias=bearish score=62.1 confidence=0.708 vote=SELL risk_passed=True sl_tp_calculated=True position_size=0.5 xgboost_p_win=0.4637296497821808 final_decision_valid=False reject_reason=p_win<threshold (p_win=0.464 threshold=0.6)
[2026-07-08 02:50:26] [INFO] [adaptive_weights] EURUSD weights updated: {'ai': 0.239, 'trend': 0.239, 'momentum': 0.239, 'sentiment': 0.239, 'volatility': 0.043} | WR=15.6% PF=11.45
[2026-07-08 02:50:26] [INFO] [adaptive_weights] GBPUSD weights updated: {'ai': 0.239, 'trend': 0.239, 'momentum': 0.239, 'sentiment': 0.239, 'volatility': 0.043} | WR=13.0% PF=8.53
[2026-07-08 02:50:26] [INFO] [adaptive_weights] 🏆 أفضل زوج: EURUSD | WR=15.6% | PnL=266.5$
[2026-07-08 02:50:26] [INFO] [adaptive_weights] ⚠️ أسوأ زوج: XAUUSD | WR=0.0% | PnL=0.0$
[2026-07-08 02:50:26] [INFO] [main] Sleeping 1800s...
[2026-07-08 11:07:38] [INFO] [main] Trading Bot V3 starting...
[2026-07-08 11:07:38] [INFO] [database] V3 Database initialized with all tables
[2026-07-08 11:07:38] [INFO] [qd_client] Logged in to QuantDinger
[2026-07-08 11:07:38] [INFO] [qd_client] MT5 connected
[2026-07-08 11:07:38] [INFO] [main] MT5 connected
[2026-07-08 11:07:38] [INFO] [main] [STARTUP_SAFETY] Starting startup safety check (run-once)
[2026-07-08 11:07:38] [WARNING] [main] [STARTUP_SAFETY] mt5.positions_get None diagnostic last_error=(1, 'Success')
[2026-07-08 11:07:38] [INFO] [main] [STARTUP_SAFETY] MT5 open positions count=0
[2026-07-08 11:07:38] [INFO] [main] [STARTUP_SAFETY] DB open trades count=0
[2026-07-08 11:07:38] [INFO] [main] [STARTUP_SAFETY] missing_in_db(MT5-only)=0 missing_in_mt5(DB-only)=0
[2026-07-08 11:07:38] [INFO] [main] [STARTUP_SAFETY] Synced open positions count=0
[2026-07-08 11:07:38] [INFO] [main] [STARTUP_SAFETY] Completed startup safety check successfully
[2026-07-08 11:07:38] [INFO] [telegram_bot] Telegram polling started
[2026-07-08 11:07:38] [INFO] [telegram_bot] Telegram bot V3 started
[2026-07-08 11:07:38] [INFO] [mt5_watchdog] MT5 watchdog started (V1 reconnect logic)
[2026-07-08 11:07:38] [INFO] [reconciliation] Reconciliation loop started (every 60s)
[2026-07-08 11:07:38] [INFO] [reconciliation] Reconciliation thread started (safety only)
[2026-07-08 11:07:38] [INFO] [post_entry_manager] PostEntryManager started
[2026-07-08 11:07:39] [INFO] [main] ==================================================
[2026-07-08 11:07:39] [INFO] [main] Cycle 1 at 11:07:39
[2026-07-08 11:07:48] [INFO] [news_fetcher] Fetched 17 relevant news items
[2026-07-08 11:07:48] [INFO] [main] Equity: 74365.97$ | News: 17
[2026-07-08 11:07:48] [DEBUG] [hybrid_market_client] Fetching indicators for EURUSD (QuantDinger only)
[2026-07-08 11:07:51] [DEBUG] [market_client] Candles EURUSD 4H: 100 bars ✓
[2026-07-08 11:07:51] [DEBUG] [hybrid_market_client] ✓ Got live data from QuantDinger for EURUSD
[2026-07-08 11:07:51] [DEBUG] [hybrid_market_client] Fetching indicators for EURUSD (QuantDinger only)
[2026-07-08 11:07:51] [DEBUG] [market_client] Candles EURUSD 4H: 100 bars ✓
[2026-07-08 11:07:51] [DEBUG] [hybrid_market_client] ✓ Got live data from QuantDinger for EURUSD
[2026-07-08 11:07:51] [DEBUG] [hybrid_market_client] Fetching indicators for EURUSD (QuantDinger only)
[2026-07-08 11:07:51] [DEBUG] [market_client] Candles EURUSD 4H: 100 bars ✓
[2026-07-08 11:07:51] [DEBUG] [hybrid_market_client] ✓ Got live data from QuantDinger for EURUSD
[2026-07-08 11:07:51] [INFO] [market_snapshot_builder] [SNAPSHOT_BUILT] symbol=EURUSD tfs=H4,H1,M15
[2026-07-08 11:07:51] [DEBUG] [hybrid_market_client] Fetching indicators for XAUUSD (QuantDinger only)
[2026-07-08 11:07:51] [DEBUG] [market_client] Candles XAUUSD 4H: 98 bars ✓
[2026-07-08 11:07:51] [DEBUG] [hybrid_market_client] ✓ Got live data from QuantDinger for XAUUSD
[2026-07-08 11:07:51] [DEBUG] [hybrid_market_client] Fetching indicators for XAUUSD (QuantDinger only)
[2026-07-08 11:07:51] [DEBUG] [market_client] Candles XAUUSD 4H: 98 bars ✓
[2026-07-08 11:07:51] [DEBUG] [hybrid_market_client] ✓ Got live data from QuantDinger for XAUUSD
[2026-07-08 11:07:51] [DEBUG] [hybrid_market_client] Fetching indicators for XAUUSD (QuantDinger only)
[2026-07-08 11:07:52] [DEBUG] [market_client] Candles XAUUSD 4H: 98 bars ✓
[2026-07-08 11:07:52] [DEBUG] [hybrid_market_client] ✓ Got live data from QuantDinger for XAUUSD
[2026-07-08 11:07:52] [INFO] [market_snapshot_builder] [SNAPSHOT_BUILT] symbol=XAUUSD tfs=H4,H1,M15
[2026-07-08 11:07:52] [DEBUG] [hybrid_market_client] Fetching indicators for GBPUSD (QuantDinger only)
[2026-07-08 11:07:52] [DEBUG] [market_client] Candles GBPUSD 4H: 100 bars ✓
[2026-07-08 11:07:52] [DEBUG] [hybrid_market_client] ✓ Got live data from QuantDinger for GBPUSD
[2026-07-08 11:07:52] [DEBUG] [hybrid_market_client] Fetching indicators for GBPUSD (QuantDinger only)
[2026-07-08 11:07:52] [DEBUG] [market_client] Candles GBPUSD 4H: 100 bars ✓
[2026-07-08 11:07:52] [DEBUG] [hybrid_market_client] ✓ Got live data from QuantDinger for GBPUSD
[2026-07-08 11:07:52] [DEBUG] [hybrid_market_client] Fetching indicators for GBPUSD (QuantDinger only)
[2026-07-08 11:07:52] [DEBUG] [market_client] Candles GBPUSD 4H: 100 bars ✓
[2026-07-08 11:07:52] [DEBUG] [hybrid_market_client] ✓ Got live data from QuantDinger for GBPUSD
[2026-07-08 11:07:52] [INFO] [market_snapshot_builder] [SNAPSHOT_BUILT] symbol=GBPUSD tfs=H4,H1,M15
[2026-07-08 11:07:52] [INFO] [main] --- EURUSD ---
[2026-07-08 11:07:55] [INFO] [deepseek] DEEPSEEK OK: {
  "impact_score": 30,
  "bias": "bearish",
  "confidence": 0.65,
  "reason": "الاتجاه هابط على جمي...
[2026-07-08 11:07:55] [INFO] [deepseek] AI EURUSD: bias=bearish impact=30.0 conf=0.65
[2026-07-08 11:07:55] [INFO] [signal_engine] [VERIFY] SIGNAL_INPUT bias=bearish score=30.0 confidence=0.65
[2026-07-08 11:07:55] [INFO] [signal_engine] [VERIFY] SIGNAL_RULE rule=confidence>=0.60 actual=0.65 result=True
[2026-07-08 11:07:55] [INFO] [signal_engine] [VERIFY] SIGNAL_RULE rule=score>=55 actual=30.0 result=False
[2026-07-08 11:07:55] [INFO] [signal_engine] [VERIFY] SIGNAL_RULE rule=bias in [bullish,bearish] actual=bearish result=True
[2026-07-08 11:07:55] [INFO] [signal_engine] [VERIFY] SIGNAL_FINAL direction=SELL score=30.0 confidence=0.65 valid=False
[2026-07-08 11:07:55] [INFO] [signal_engine] [VERIFY] SIGNAL_FAILURE_REASONS
[2026-07-08 11:07:55] [INFO] [signal_engine] * score below threshold
[2026-07-08 11:07:55] [INFO] [signal_engine] [VERIFY] SIGNAL_FAILURE_LOCATION file=F:\files (2)\google\botdd\trading_bot_v3\decision\signal_engine.py function=generate_signal
[2026-07-08 11:07:55] [DEBUG] [signal_engine] Signal: SELL score=30.0 conf=0.65 strength=ضعيف valid=False
[2026-07-08 11:07:55] [INFO] [sentiment] Sentiment EURUSD: bullish score=83 bull=4 bear=2
[2026-07-08 11:07:55] [DEBUG] [mtf] MTF (snapshot) EURUSD: H4=bearish H1=neutral M15=neutral aligned=False (weak)
[2026-07-08 11:07:55] [INFO] [main] [VERIFY][DATA_TRUTH] symbol=EURUSD timeframe=H4/H1/M15 news_fetched=True indicators_fetched=True live_data=True cached=False
[2026-07-08 11:07:55] [INFO] [voting_engine] EURUSD: MTF weakly misaligned, reducing score 10%
[2026-07-08 11:07:55] [INFO] [risk_engine] Risk: Score too low (EURUSD SELL) - Score 41.1 < 45
[2026-07-08 11:07:55] [DEBUG] [hybrid_market_client] Fetching indicators for EURUSD (QuantDinger only)
[2026-07-08 11:07:55] [DEBUG] [market_client] Candles EURUSD 4H: 100 bars ✓
[2026-07-08 11:07:55] [DEBUG] [hybrid_market_client] ✓ Got live data from QuantDinger for EURUSD
[2026-07-08 11:07:55] [DEBUG] [hybrid_market_client] Fetching indicators for EURUSD (QuantDinger only)
[2026-07-08 11:07:55] [DEBUG] [market_client] Using cached candles for EURUSD 4H (age: 0s)
[2026-07-08 11:07:55] [DEBUG] [hybrid_market_client] ✓ Got live data from QuantDinger for EURUSD
[2026-07-08 11:07:55] [INFO] [sltp] SL/TP EURUSD: entry=1.142987847328186 atr=0.00159 sl=1.14537 tp=1.13902
[2026-07-08 11:07:55] [INFO] [position_sizing] Position size: 0.5 (equity=74366, risk=0.000, sl_dist=0.00238, score=41, cons_loss=1)
[2026-07-08 11:07:55] [INFO] [xgboost_v2] [VERIFY] XGBOOST MODEL LOADED path=models/xgb_model.json available=True
[2026-07-08 11:07:55] [INFO] [xgboost_v2] XGBoost v2 model loaded successfully
[2026-07-08 11:07:55] [DEBUG] [xgboost_v2] V2 predict: rsi=46.6 atr=0.00159 regime=TRENDING session=london dir=SELL -> p_win=0.908
[2026-07-08 11:07:55] [INFO] [xgboost_v2] [VERIFY] XGBOOST PREDICTION p_win=0.908 available=True
[2026-07-08 11:07:55] [INFO] [main] [VERIFY][DECISION_TRUTH] bias=bearish score=41.1 confidence=0.576 vote=SELL risk_passed=False sl_tp_calculated=True position_size=0.5 xgboost_p_win=0.9084347486495972 final_decision_valid=False reject_reason=Score 41.1 < 45
[2026-07-08 11:07:55] [INFO] [main] --- XAUUSD ---
[2026-07-08 11:07:59] [INFO] [deepseek] DEEPSEEK OK: {"impact_score": 70, "bias": "bearish", "confidence": 0.85, "reason": "الاتجاه هبوطي قوي على جميع ال...
[2026-07-08 11:07:59] [INFO] [deepseek] AI XAUUSD: bias=bearish impact=70.0 conf=0.85
[2026-07-08 11:07:59] [INFO] [signal_engine] [VERIFY] SIGNAL_INPUT bias=bearish score=70.0 confidence=0.85
[2026-07-08 11:07:59] [INFO] [signal_engine] [VERIFY] SIGNAL_RULE rule=confidence>=0.60 actual=0.85 result=True
[2026-07-08 11:07:59] [INFO] [signal_engine] [VERIFY] SIGNAL_RULE rule=score>=55 actual=70.0 result=True
[2026-07-08 11:07:59] [INFO] [signal_engine] [VERIFY] SIGNAL_RULE rule=bias in [bullish,bearish] actual=bearish result=True
[2026-07-08 11:07:59] [INFO] [signal_engine] [VERIFY] SIGNAL_FINAL direction=SELL score=70.0 confidence=0.85 valid=True
[2026-07-08 11:07:59] [DEBUG] [signal_engine] Signal: SELL score=70.0 conf=0.85 strength=قوي valid=True
[2026-07-08 11:07:59] [INFO] [sentiment] Sentiment XAUUSD: bearish score=100 bull=0 bear=1
[2026-07-08 11:07:59] [DEBUG] [mtf] MTF (snapshot) XAUUSD: H4=bearish H1=bearish M15=bearish aligned=True (strong)
[2026-07-08 11:07:59] [INFO] [main] [VERIFY][DATA_TRUTH] symbol=XAUUSD timeframe=H4/H1/M15 news_fetched=True indicators_fetched=True live_data=True cached=False
[2026-07-08 11:07:59] [INFO] [voting_engine] XAUUSD: MTF strongly aligned, boosting score 10%
[2026-07-08 11:07:59] [DEBUG] [hybrid_market_client] Fetching indicators for XAUUSD (QuantDinger only)
[2026-07-08 11:07:59] [DEBUG] [market_client] Candles XAUUSD 4H: 98 bars ✓
[2026-07-08 11:07:59] [DEBUG] [hybrid_market_client] ✓ Got live data from QuantDinger for XAUUSD
[2026-07-08 11:07:59] [DEBUG] [hybrid_market_client] Fetching indicators for XAUUSD (QuantDinger only)
[2026-07-08 11:07:59] [DEBUG] [market_client] Using cached candles for XAUUSD 4H (age: 0s)
[2026-07-08 11:07:59] [DEBUG] [hybrid_market_client] ✓ Got live data from QuantDinger for XAUUSD
[2026-07-08 11:07:59] [INFO] [sltp] SL/TP XAUUSD: entry=4132.2001953125 atr=35.47133 sl=4142.2002 tp=4043.52187
[2026-07-08 11:07:59] [INFO] [position_sizing] Position size: 0.1 (equity=74366, risk=0.001, sl_dist=10.00000, score=87, cons_loss=1)
[2026-07-08 11:07:59] [DEBUG] [xgboost_v2] V2 predict: rsi=35.6 atr=35.47133 regime=TRENDING session=london dir=SELL -> p_win=0.260
[2026-07-08 11:07:59] [INFO] [xgboost_v2] [VERIFY] XGBOOST PREDICTION p_win=0.260 available=True
[2026-07-08 11:07:59] [INFO] [main] [VERIFY][DECISION_TRUTH] bias=bearish score=86.8 confidence=1.0 vote=SELL risk_passed=True sl_tp_calculated=True position_size=0.1 xgboost_p_win=0.2602490782737732 final_decision_valid=False reject_reason=p_win<threshold (p_win=0.260 threshold=0.6)
[2026-07-08 11:07:59] [INFO] [main] --- GBPUSD ---
[2026-07-08 11:08:02] [INFO] [deepseek] DEEPSEEK OK: {
  "impact_score": 70,
  "bias": "bullish",
  "confidence": 0.85,
  "reason": "الاتجاه الصاعد قوي و...
[2026-07-08 11:08:02] [INFO] [deepseek] AI GBPUSD: bias=bullish impact=70.0 conf=0.85
[2026-07-08 11:08:02] [INFO] [signal_engine] [VERIFY] SIGNAL_INPUT bias=bullish score=70.0 confidence=0.85
[2026-07-08 11:08:02] [INFO] [signal_engine] [VERIFY] SIGNAL_RULE rule=confidence>=0.60 actual=0.85 result=True
[2026-07-08 11:08:02] [INFO] [signal_engine] [VERIFY] SIGNAL_RULE rule=score>=55 actual=70.0 result=True
[2026-07-08 11:08:02] [INFO] [signal_engine] [VERIFY] SIGNAL_RULE rule=bias in [bullish,bearish] actual=bullish result=True
[2026-07-08 11:08:02] [INFO] [signal_engine] [VERIFY] SIGNAL_FINAL direction=BUY score=70.0 confidence=0.85 valid=True
[2026-07-08 11:08:02] [DEBUG] [signal_engine] Signal: BUY score=70.0 conf=0.85 strength=قوي valid=True
[2026-07-08 11:08:02] [INFO] [sentiment] Sentiment GBPUSD: bullish score=100 bull=1 bear=0
[2026-07-08 11:08:02] [DEBUG] [mtf] MTF (snapshot) GBPUSD: H4=bullish H1=bullish M15=bullish aligned=True (strong)
[2026-07-08 11:08:02] [INFO] [main] [VERIFY][DATA_TRUTH] symbol=GBPUSD timeframe=H4/H1/M15 news_fetched=True indicators_fetched=True live_data=True cached=False
[2026-07-08 11:08:02] [INFO] [voting_engine] GBPUSD: MTF strongly aligned, boosting score 10%
[2026-07-08 11:08:02] [DEBUG] [hybrid_market_client] Fetching indicators for GBPUSD (QuantDinger only)
[2026-07-08 11:08:02] [DEBUG] [market_client] Candles GBPUSD 4H: 100 bars ✓
[2026-07-08 11:08:02] [DEBUG] [hybrid_market_client] ✓ Got live data from QuantDinger for GBPUSD
[2026-07-08 11:08:02] [DEBUG] [hybrid_market_client] Fetching indicators for GBPUSD (QuantDinger only)
[2026-07-08 11:08:02] [DEBUG] [market_client] Using cached candles for GBPUSD 4H (age: 0s)
[2026-07-08 11:08:02] [DEBUG] [hybrid_market_client] ✓ Got live data from QuantDinger for GBPUSD
[2026-07-08 11:08:02] [INFO] [sltp] SL/TP GBPUSD: entry=1.3368983268737793 atr=0.00198 sl=1.33393 tp=1.34184
[2026-07-08 11:08:02] [INFO] [position_sizing] Position size: 0.5 (equity=74366, risk=0.002, sl_dist=0.00297, score=100, cons_loss=1)
[2026-07-08 11:08:02] [DEBUG] [xgboost_v2] V2 predict: rsi=57.2 atr=0.00198 regime=TRENDING session=london dir=BUY -> p_win=0.148
[2026-07-08 11:08:02] [INFO] [xgboost_v2] [VERIFY] XGBOOST PREDICTION p_win=0.148 available=True
[2026-07-08 11:08:02] [INFO] [main] [VERIFY][DECISION_TRUTH] bias=bullish score=100 confidence=1.0 vote=BUY risk_passed=True sl_tp_calculated=True position_size=0.5 xgboost_p_win=0.14802861213684082 final_decision_valid=False reject_reason=p_win<threshold (p_win=0.148 threshold=0.6)
[2026-07-08 11:08:02] [INFO] [adaptive_weights] EURUSD weights updated: {'ai': 0.239, 'trend': 0.239, 'momentum': 0.239, 'sentiment': 0.239, 'volatility': 0.043} | WR=15.6% PF=11.45
[2026-07-08 11:08:02] [INFO] [adaptive_weights] GBPUSD weights updated: {'ai': 0.239, 'trend': 0.239, 'momentum': 0.239, 'sentiment': 0.239, 'volatility': 0.043} | WR=13.0% PF=8.53
[2026-07-08 11:08:02] [INFO] [adaptive_weights] 🏆 أفضل زوج: EURUSD | WR=15.6% | PnL=266.5$
[2026-07-08 11:08:02] [INFO] [adaptive_weights] ⚠️ أسوأ زوج: XAUUSD | WR=0.0% | PnL=0.0$
[2026-07-08 11:08:02] [INFO] [main] Sleeping 1800s...
[2026-07-08 11:22:49] [INFO] [main] Trading Bot V3 starting...
[2026-07-08 11:22:49] [INFO] [database] V3 Database initialized with all tables
[2026-07-08 11:22:49] [INFO] [qd_client] Logged in to QuantDinger
[2026-07-08 11:22:49] [INFO] [qd_client] MT5 connected
[2026-07-08 11:22:49] [INFO] [main] MT5 connected
[2026-07-08 11:22:49] [INFO] [main] [STARTUP_SAFETY] Starting startup safety check (run-once)
[2026-07-08 11:22:49] [WARNING] [main] [STARTUP_SAFETY] mt5.positions_get None diagnostic last_error=(1, 'Success')
[2026-07-08 11:22:49] [INFO] [main] [STARTUP_SAFETY] MT5 open positions count=0
[2026-07-08 11:22:49] [INFO] [main] [STARTUP_SAFETY] DB open trades count=0
[2026-07-08 11:22:49] [INFO] [main] [STARTUP_SAFETY] missing_in_db(MT5-only)=0 missing_in_mt5(DB-only)=0
[2026-07-08 11:22:49] [INFO] [main] [STARTUP_SAFETY] Synced open positions count=0
[2026-07-08 11:22:49] [INFO] [main] [STARTUP_SAFETY] Completed startup safety check successfully
[2026-07-08 11:22:49] [INFO] [telegram_bot] Telegram polling started
[2026-07-08 11:22:49] [INFO] [telegram_bot] Telegram bot V3 started
[2026-07-08 11:22:49] [INFO] [mt5_watchdog] MT5 watchdog started (V1 reconnect logic)
[2026-07-08 11:22:49] [INFO] [reconciliation] Reconciliation loop started (every 60s)
[2026-07-08 11:22:49] [INFO] [reconciliation] Reconciliation thread started (safety only)
[2026-07-08 11:22:49] [INFO] [post_entry_manager] PostEntryManager started
[2026-07-08 11:22:50] [INFO] [main] ==================================================
[2026-07-08 11:22:50] [INFO] [main] Cycle 1 at 11:22:50
[2026-07-08 11:22:59] [INFO] [news_fetcher] Fetched 19 relevant news items
[2026-07-08 11:22:59] [INFO] [main] Equity: 74365.97$ | News: 19
[2026-07-08 11:22:59] [DEBUG] [hybrid_market_client] Fetching indicators for EURUSD (QuantDinger only)
[2026-07-08 11:22:59] [DEBUG] [market_client] Candles EURUSD 4H: 100 bars ✓
[2026-07-08 11:22:59] [DEBUG] [hybrid_market_client] ✓ Got live data from QuantDinger for EURUSD
[2026-07-08 11:22:59] [DEBUG] [hybrid_market_client] Fetching indicators for EURUSD (QuantDinger only)
[2026-07-08 11:22:59] [DEBUG] [market_client] Candles EURUSD 4H: 100 bars ✓
[2026-07-08 11:22:59] [DEBUG] [hybrid_market_client] ✓ Got live data from QuantDinger for EURUSD
[2026-07-08 11:22:59] [DEBUG] [hybrid_market_client] Fetching indicators for EURUSD (QuantDinger only)
[2026-07-08 11:22:59] [DEBUG] [market_client] Candles EURUSD 4H: 100 bars ✓
[2026-07-08 11:22:59] [DEBUG] [hybrid_market_client] ✓ Got live data from QuantDinger for EURUSD
[2026-07-08 11:22:59] [INFO] [market_snapshot_builder] [SNAPSHOT_BUILT] symbol=EURUSD tfs=H4,H1,M15
[2026-07-08 11:22:59] [DEBUG] [hybrid_market_client] Fetching indicators for XAUUSD (QuantDinger only)
[2026-07-08 11:23:00] [DEBUG] [market_client] Candles XAUUSD 4H: 99 bars ✓
[2026-07-08 11:23:00] [DEBUG] [hybrid_market_client] ✓ Got live data from QuantDinger for XAUUSD
[2026-07-08 11:23:00] [DEBUG] [hybrid_market_client] Fetching indicators for XAUUSD (QuantDinger only)
[2026-07-08 11:23:00] [DEBUG] [market_client] Candles XAUUSD 4H: 99 bars ✓
[2026-07-08 11:23:00] [DEBUG] [hybrid_market_client] ✓ Got live data from QuantDinger for XAUUSD
[2026-07-08 11:23:00] [DEBUG] [hybrid_market_client] Fetching indicators for XAUUSD (QuantDinger only)
[2026-07-08 11:23:00] [DEBUG] [market_client] Candles XAUUSD 4H: 99 bars ✓
[2026-07-08 11:23:00] [DEBUG] [hybrid_market_client] ✓ Got live data from QuantDinger for XAUUSD
[2026-07-08 11:23:00] [INFO] [market_snapshot_builder] [SNAPSHOT_BUILT] symbol=XAUUSD tfs=H4,H1,M15
[2026-07-08 11:23:00] [DEBUG] [hybrid_market_client] Fetching indicators for GBPUSD (QuantDinger only)
[2026-07-08 11:23:00] [DEBUG] [market_client] Candles GBPUSD 4H: 100 bars ✓
[2026-07-08 11:23:00] [DEBUG] [hybrid_market_client] ✓ Got live data from QuantDinger for GBPUSD
[2026-07-08 11:23:00] [DEBUG] [hybrid_market_client] Fetching indicators for GBPUSD (QuantDinger only)
[2026-07-08 11:23:00] [DEBUG] [market_client] Candles GBPUSD 4H: 100 bars ✓
[2026-07-08 11:23:00] [DEBUG] [hybrid_market_client] ✓ Got live data from QuantDinger for GBPUSD
[2026-07-08 11:23:00] [DEBUG] [hybrid_market_client] Fetching indicators for GBPUSD (QuantDinger only)
[2026-07-08 11:23:00] [DEBUG] [market_client] Candles GBPUSD 4H: 100 bars ✓
[2026-07-08 11:23:00] [DEBUG] [hybrid_market_client] ✓ Got live data from QuantDinger for GBPUSD
[2026-07-08 11:23:00] [INFO] [market_snapshot_builder] [SNAPSHOT_BUILT] symbol=GBPUSD tfs=H4,H1,M15
[2026-07-08 11:23:00] [INFO] [main] --- EURUSD ---
[2026-07-08 11:23:04] [INFO] [deepseek] DEEPSEEK OK: {
  "impact_score": 30,
  "bias": "bearish",
  "confidence": 0.65,
  "reason": "الاتجاه هابط بقوة وم...
[2026-07-08 11:23:04] [INFO] [deepseek] AI EURUSD: bias=bearish impact=30.0 conf=0.65
[2026-07-08 11:23:04] [INFO] [signal_engine] [VERIFY] SIGNAL_INPUT bias=bearish score=30.0 confidence=0.65
[2026-07-08 11:23:04] [INFO] [signal_engine] [VERIFY] SIGNAL_RULE rule=confidence>=0.60 actual=0.65 result=True
[2026-07-08 11:23:04] [INFO] [signal_engine] [VERIFY] SIGNAL_RULE rule=score>=55 actual=30.0 result=False
[2026-07-08 11:23:04] [INFO] [signal_engine] [VERIFY] SIGNAL_RULE rule=bias in [bullish,bearish] actual=bearish result=True
[2026-07-08 11:23:04] [INFO] [signal_engine] [VERIFY] SIGNAL_FINAL direction=SELL score=30.0 confidence=0.65 valid=False
[2026-07-08 11:23:04] [INFO] [signal_engine] [VERIFY] SIGNAL_FAILURE_REASONS
[2026-07-08 11:23:04] [INFO] [signal_engine] * score below threshold
[2026-07-08 11:23:04] [INFO] [signal_engine] [VERIFY] SIGNAL_FAILURE_LOCATION file=F:\files (2)\google\botdd\trading_bot_v3\decision\signal_engine.py function=generate_signal
[2026-07-08 11:23:04] [DEBUG] [signal_engine] Signal: SELL score=30.0 conf=0.65 strength=ضعيف valid=False
[2026-07-08 11:23:04] [INFO] [sentiment] Sentiment EURUSD: bullish score=83 bull=4 bear=2
[2026-07-08 11:23:04] [DEBUG] [mtf] MTF (snapshot) EURUSD: H4=bearish H1=bearish M15=bearish aligned=True (strong)
[2026-07-08 11:23:04] [INFO] [main] [VERIFY][DATA_TRUTH] symbol=EURUSD timeframe=H4/H1/M15 news_fetched=True indicators_fetched=True live_data=True cached=False
[2026-07-08 11:23:04] [INFO] [voting_engine] EURUSD: MTF strongly aligned, boosting score 10%
[2026-07-08 11:23:04] [DEBUG] [hybrid_market_client] Fetching indicators for EURUSD (QuantDinger only)
[2026-07-08 11:23:04] [DEBUG] [market_client] Candles EURUSD 4H: 100 bars ✓
[2026-07-08 11:23:04] [DEBUG] [hybrid_market_client] ✓ Got live data from QuantDinger for EURUSD
[2026-07-08 11:23:04] [DEBUG] [hybrid_market_client] Fetching indicators for EURUSD (QuantDinger only)
[2026-07-08 11:23:04] [DEBUG] [market_client] Using cached candles for EURUSD 4H (age: 0s)
[2026-07-08 11:23:04] [DEBUG] [hybrid_market_client] ✓ Got live data from QuantDinger for EURUSD
[2026-07-08 11:23:04] [INFO] [sltp] SL/TP EURUSD: entry=1.1409013271331787 atr=0.00167 sl=1.14341 tp=1.13673
[2026-07-08 11:23:04] [INFO] [position_sizing] Position size: 0.5 (equity=74366, risk=0.000, sl_dist=0.00251, score=59, cons_loss=1)
[2026-07-08 11:23:04] [INFO] [xgboost_v2] [VERIFY] XGBOOST MODEL LOADED path=models/xgb_model.json available=True
[2026-07-08 11:23:04] [INFO] [xgboost_v2] XGBoost v2 model loaded successfully
[2026-07-08 11:23:04] [DEBUG] [xgboost_v2] V2 predict: rsi=38.5 atr=0.00167 regime=TRENDING session=london dir=SELL -> p_win=0.711
[2026-07-08 11:23:04] [INFO] [xgboost_v2] [VERIFY] XGBOOST PREDICTION p_win=0.711 available=True
[2026-07-08 11:23:04] [INFO] [main] [VERIFY][DECISION_TRUTH] bias=bearish score=58.7 confidence=0.987 vote=SELL risk_passed=True sl_tp_calculated=True position_size=0.5 xgboost_p_win=0.7114793658256531 final_decision_valid=False reject_reason=OK
[2026-07-08 11:23:04] [INFO] [main] --- XAUUSD ---
[2026-07-08 11:23:08] [WARNING] [deepseek] DeepSeek truncated by max_tokens, finish_reason=length, content={
  "impact_score": 60,
  "bias": "bullish",
  "confidence": 0.6,
  "reason": "توترات جيوسياسية مع إيران
[2026-07-08 11:23:08] [WARNING] [deepseek] Retry 1: JSON incomplete/truncated, raw={
  "impact_score": 60,
  "bias": "bullish",
  "confidence": 0.6,
  "reason": "توترات جيوسياسية مع إيران
[2026-07-08 11:23:14] [INFO] [deepseek] DEEPSEEK OK: {"impact_score": 65, "bias": "bullish", "confidence": 0.6, "reason": "تصريحات ترامب حول إنهاء مذكرة ...
[2026-07-08 11:23:14] [INFO] [deepseek] AI XAUUSD: bias=bullish impact=65.0 conf=0.60
[2026-07-08 11:23:14] [INFO] [signal_engine] [VERIFY] SIGNAL_INPUT bias=bullish score=65.0 confidence=0.6
[2026-07-08 11:23:14] [INFO] [signal_engine] [VERIFY] SIGNAL_RULE rule=confidence>=0.60 actual=0.6 result=True
[2026-07-08 11:23:14] [INFO] [signal_engine] [VERIFY] SIGNAL_RULE rule=score>=55 actual=65.0 result=True
[2026-07-08 11:23:14] [INFO] [signal_engine] [VERIFY] SIGNAL_RULE rule=bias in [bullish,bearish] actual=bullish result=True
[2026-07-08 11:23:14] [INFO] [signal_engine] [VERIFY] SIGNAL_FINAL direction=BUY score=65.0 confidence=0.6 valid=True
[2026-07-08 11:23:14] [DEBUG] [signal_engine] Signal: BUY score=65.0 conf=0.60 strength=متوسط valid=True
[2026-07-08 11:23:14] [INFO] [sentiment] Sentiment XAUUSD: bearish score=100 bull=0 bear=1
[2026-07-08 11:23:14] [DEBUG] [mtf] MTF (snapshot) XAUUSD: H4=bearish H1=bearish M15=bearish aligned=True (strong)
[2026-07-08 11:23:14] [INFO] [main] [VERIFY][DATA_TRUTH] symbol=XAUUSD timeframe=H4/H1/M15 news_fetched=True indicators_fetched=True live_data=True cached=False
[2026-07-08 11:23:14] [INFO] [voting_engine] XAUUSD: MTF strongly aligned, boosting score 10%
[2026-07-08 11:23:14] [INFO] [risk_engine] Risk: Score too low (XAUUSD SELL) - Score 42.9 < 45
[2026-07-08 11:23:14] [DEBUG] [hybrid_market_client] Fetching indicators for XAUUSD (QuantDinger only)
[2026-07-08 11:23:14] [DEBUG] [market_client] Candles XAUUSD 4H: 99 bars ✓
[2026-07-08 11:23:14] [DEBUG] [hybrid_market_client] ✓ Got live data from QuantDinger for XAUUSD
[2026-07-08 11:23:14] [DEBUG] [hybrid_market_client] Fetching indicators for XAUUSD (QuantDinger only)
[2026-07-08 11:23:14] [DEBUG] [market_client] Using cached candles for XAUUSD 4H (age: 0s)
[2026-07-08 11:23:14] [DEBUG] [hybrid_market_client] ✓ Got live data from QuantDinger for XAUUSD
[2026-07-08 11:23:14] [INFO] [sltp] SL/TP XAUUSD: entry=4128.39990234375 atr=32.77134 sl=4138.3999 tp=4046.47154
[2026-07-08 11:23:14] [INFO] [position_sizing] Position size: 0.1 (equity=74366, risk=0.000, sl_dist=10.00000, score=43, cons_loss=1)
[2026-07-08 11:23:14] [DEBUG] [xgboost_v2] V2 predict: rsi=38.1 atr=32.77134 regime=TRENDING session=london dir=SELL -> p_win=0.295
[2026-07-08 11:23:14] [INFO] [xgboost_v2] [VERIFY] XGBOOST PREDICTION p_win=0.295 available=True
[2026-07-08 11:23:14] [INFO] [main] [VERIFY][DECISION_TRUTH] bias=bullish score=42.9 confidence=0.475 vote=SELL risk_passed=False sl_tp_calculated=True position_size=0.1 xgboost_p_win=0.29465019702911377 final_decision_valid=False reject_reason=p_win<threshold (p_win=0.295 threshold=0.6)
[2026-07-08 11:23:14] [INFO] [main] --- GBPUSD ---
[2026-07-08 11:23:18] [INFO] [deepseek] DEEPSEEK OK: {"impact_score": 65, "bias": "bearish", "confidence": 0.75, "reason": "اتجاه هبوطي قوي على جميع الأط...
[2026-07-08 11:23:18] [INFO] [deepseek] AI GBPUSD: bias=bearish impact=65.0 conf=0.75
[2026-07-08 11:23:18] [INFO] [signal_engine] [VERIFY] SIGNAL_INPUT bias=bearish score=65.0 confidence=0.75
[2026-07-08 11:23:18] [INFO] [signal_engine] [VERIFY] SIGNAL_RULE rule=confidence>=0.60 actual=0.75 result=True
[2026-07-08 11:23:18] [INFO] [signal_engine] [VERIFY] SIGNAL_RULE rule=score>=55 actual=65.0 result=True
[2026-07-08 11:23:18] [INFO] [signal_engine] [VERIFY] SIGNAL_RULE rule=bias in [bullish,bearish] actual=bearish result=True
[2026-07-08 11:23:18] [INFO] [signal_engine] [VERIFY] SIGNAL_FINAL direction=SELL score=65.0 confidence=0.75 valid=True
[2026-07-08 11:23:18] [DEBUG] [signal_engine] Signal: SELL score=65.0 conf=0.75 strength=متوسط valid=True
[2026-07-08 11:23:18] [INFO] [sentiment] Sentiment GBPUSD: bullish score=100 bull=1 bear=0
[2026-07-08 11:23:18] [DEBUG] [mtf] MTF (snapshot) GBPUSD: H4=bearish H1=neutral M15=neutral aligned=False (weak)
[2026-07-08 11:23:18] [INFO] [main] [VERIFY][DATA_TRUTH] symbol=GBPUSD timeframe=H4/H1/M15 news_fetched=True indicators_fetched=True live_data=True cached=False
[2026-07-08 11:23:18] [INFO] [voting_engine] GBPUSD: MTF weakly misaligned, reducing score 10%
[2026-07-08 11:23:18] [DEBUG] [hybrid_market_client] Fetching indicators for GBPUSD (QuantDinger only)
[2026-07-08 11:23:18] [DEBUG] [market_client] Candles GBPUSD 4H: 100 bars ✓
[2026-07-08 11:23:18] [DEBUG] [hybrid_market_client] ✓ Got live data from QuantDinger for GBPUSD
[2026-07-08 11:23:18] [DEBUG] [hybrid_market_client] Fetching indicators for GBPUSD (QuantDinger only)
[2026-07-08 11:23:18] [DEBUG] [market_client] Using cached candles for GBPUSD 4H (age: 0s)
[2026-07-08 11:23:18] [DEBUG] [hybrid_market_client] ✓ Got live data from QuantDinger for GBPUSD
[2026-07-08 11:23:18] [INFO] [sltp] SL/TP GBPUSD: entry=1.3348461389541626 atr=0.00205 sl=1.33792 tp=1.32972
[2026-07-08 11:23:18] [INFO] [position_sizing] Position size: 0.5 (equity=74366, risk=0.000, sl_dist=0.00307, score=52, cons_loss=1)
[2026-07-08 11:23:18] [DEBUG] [xgboost_v2] V2 predict: rsi=50.3 atr=0.00205 regime=TRENDING session=london dir=SELL -> p_win=0.421
[2026-07-08 11:23:18] [INFO] [xgboost_v2] [VERIFY] XGBOOST PREDICTION p_win=0.421 available=True
[2026-07-08 11:23:18] [INFO] [main] [VERIFY][DECISION_TRUTH] bias=bearish score=51.5 confidence=0.664 vote=SELL risk_passed=True sl_tp_calculated=True position_size=0.5 xgboost_p_win=0.42128658294677734 final_decision_valid=False reject_reason=p_win<threshold (p_win=0.421 threshold=0.6)
[2026-07-08 11:23:18] [INFO] [adaptive_weights] EURUSD weights updated: {'ai': 0.239, 'trend': 0.239, 'momentum': 0.239, 'sentiment': 0.239, 'volatility': 0.043} | WR=15.6% PF=11.45
[2026-07-08 11:23:18] [INFO] [adaptive_weights] GBPUSD weights updated: {'ai': 0.239, 'trend': 0.239, 'momentum': 0.239, 'sentiment': 0.239, 'volatility': 0.043} | WR=13.0% PF=8.53
[2026-07-08 11:23:18] [INFO] [adaptive_weights] 🏆 أفضل زوج: EURUSD | WR=15.6% | PnL=266.5$
[2026-07-08 11:23:18] [INFO] [adaptive_weights] ⚠️ أسوأ زوج: XAUUSD | WR=0.0% | PnL=0.0$
[2026-07-08 11:23:18] [INFO] [main] Sleeping 1800s...
[2026-07-08 11:24:09] [INFO] [post_entry_trade_monitor] [MONITOR_ID_DIAG] ts=1783499049 symbol=EURUSD d_ticket=9472909740 d_position_id=None d_id=None chosen_ticket=9472909740
[2026-07-08 11:24:09] [INFO] [post_entry_manager] [POST_ENTRY] New position detected ticket=9472909740 symbol=EURUSD
[2026-07-08 11:24:09] [INFO] [post_entry_manager] [POST_ENTRY] Monitoring ticket=9472909740
[2026-07-08 11:24:09] [WARNING] [market_regime_detector] [REGIME] MT5 IPC failure – skipping ATR this cycle symbol=EURUSD timeframe=H4 tf=16388 bars=200
[2026-07-08 11:24:09] [INFO] [market_regime_detector] [REGIME] Could not compute ATR from MT5 for EURUSD
[2026-07-08 11:24:09] [INFO] [stop_loss_breach_rule] [SL_CHECK] ticket=9472909740 direction=buy current=1.1408800000000001 sl=0 breached=False
[2026-07-08 11:24:09] [INFO] [red_flag_detector] ========== RED FLAG REPORT ==========
[2026-07-08 11:24:09] [INFO] [red_flag_detector] ProfitDecay : NO
[2026-07-08 11:24:09] [INFO] [red_flag_detector] TradeHealth : NO
[2026-07-08 11:24:09] [INFO] [red_flag_detector] ATRSpike : NO
[2026-07-08 11:24:09] [INFO] [red_flag_detector] BadRegime : NO
[2026-07-08 11:24:09] [INFO] [red_flag_detector] FlagCount : 0
[2026-07-08 11:24:09] [INFO] [red_flag_detector] Score : 0.000
[2026-07-08 11:24:09] [INFO] [red_flag_detector] Severity : 0
[2026-07-08 11:24:09] [INFO] [red_flag_detector] ConsultExitModel : NO
[2026-07-08 11:24:09] [INFO] [red_flag_detector] ======================================
[2026-07-08 11:24:49] [WARNING] [reconciliation] [RECONCILE] MT5 positions_get returned None (query failure). last_error=(-10004, 'No IPC connection')
[2026-07-08 11:24:49] [WARNING] [reconciliation] [RECONCILE] MT5 positions_get query failed; skipping orphan checks for this cycle.
[2026-07-08 11:32:16] [INFO] [main] Trading Bot V3 starting...
[2026-07-08 11:32:16] [INFO] [database] V3 Database initialized with all tables
[2026-07-08 11:32:16] [INFO] [qd_client] Logged in to QuantDinger
[2026-07-08 11:32:16] [INFO] [qd_client] MT5 connected
[2026-07-08 11:32:16] [INFO] [main] MT5 connected
[2026-07-08 11:32:16] [INFO] [main] [STARTUP_SAFETY] Starting startup safety check (run-once)
[2026-07-08 11:32:16] [WARNING] [main] [STARTUP_SAFETY] mt5.positions_get None diagnostic last_error=(1, 'Success')
[2026-07-08 11:32:16] [INFO] [main] [STARTUP_SAFETY] MT5 open positions count=1
[2026-07-08 11:32:16] [INFO] [main] [STARTUP_SAFETY][MT5] ticket=9472909740 symbol=EURUSD volume=1.0 open_time=1783509847
[2026-07-08 11:32:16] [INFO] [main] [STARTUP_SAFETY] DB open trades count=0
[2026-07-08 11:32:16] [INFO] [main] [STARTUP_SAFETY] missing_in_db(MT5-only)=1 missing_in_mt5(DB-only)=0
[2026-07-08 11:32:16] [INFO] [main] [STARTUP_SAFETY] Imported MT5-only position into DB ticket=9472909740 symbol=EURUSD direction=sell
[2026-07-08 11:32:16] [INFO] [main] [STARTUP_SAFETY] Synced open positions count=0
[2026-07-08 11:32:16] [INFO] [main] [STARTUP_SAFETY] Completed startup safety check successfully
[2026-07-08 11:32:16] [INFO] [telegram_bot] Telegram polling started
[2026-07-08 11:32:16] [INFO] [telegram_bot] Telegram bot V3 started
[2026-07-08 11:32:16] [INFO] [mt5_watchdog] MT5 watchdog started (V1 reconnect logic)
[2026-07-08 11:32:16] [INFO] [reconciliation] Reconciliation loop started (every 60s)
[2026-07-08 11:32:16] [INFO] [reconciliation] Reconciliation thread started (safety only)
[2026-07-08 11:32:16] [INFO] [post_entry_manager] PostEntryManager started
[2026-07-08 11:32:16] [INFO] [post_entry_trade_monitor] [MONITOR_ID_DIAG] ts=1783499536 symbol=EURUSD d_ticket=9472909740 d_position_id=None d_id=None chosen_ticket=9472909740
[2026-07-08 11:32:16] [INFO] [post_entry_manager] [POST_ENTRY] New position detected ticket=9472909740 symbol=EURUSD
[2026-07-08 11:32:16] [INFO] [post_entry_manager] [POST_ENTRY] Monitoring ticket=9472909740
[2026-07-08 11:32:16] [WARNING] [market_regime_detector] [REGIME] MT5 IPC failure – skipping ATR this cycle symbol=EURUSD timeframe=H4 tf=16388 bars=200
[2026-07-08 11:32:16] [INFO] [market_regime_detector] [REGIME] Could not compute ATR from MT5 for EURUSD
[2026-07-08 11:32:16] [INFO] [stop_loss_breach_rule] [SL_CHECK] ticket=9472909740 direction=buy current=1.14132 sl=0 breached=False
[2026-07-08 11:32:16] [WARNING] [reconciliation] [RECONCILE] MT5 positions_get returned None (query failure). last_error=(-10004, 'No IPC connection')
[2026-07-08 11:32:16] [WARNING] [reconciliation] [RECONCILE] MT5 positions_get query failed; skipping orphan checks for this cycle.
[2026-07-08 11:32:17] [INFO] [main] ==================================================
[2026-07-08 11:32:17] [INFO] [main] Cycle 1 at 11:32:17
[2026-07-08 11:32:17] [INFO] [main] [GUARD] Found 1 open trade(s) in database.
[2026-07-08 11:32:17] [INFO] [main] [GUARD] Open positions detected. Skipping all trading this cycle.
[2026-07-08 11:32:17] [INFO] [main] Sleeping 1800s...
[2026-07-08 11:32:24] [INFO] [news_fetcher] Fetched 18 relevant news items
[2026-07-08 11:32:24] [INFO] [red_flag_detector] ========== RED FLAG REPORT ==========
[2026-07-08 11:32:24] [INFO] [red_flag_detector] ProfitDecay : NO
[2026-07-08 11:32:24] [INFO] [red_flag_detector] TradeHealth : NO
[2026-07-08 11:32:24] [INFO] [red_flag_detector] ATRSpike : NO
[2026-07-08 11:32:24] [INFO] [red_flag_detector] BadRegime : NO
[2026-07-08 11:32:24] [INFO] [red_flag_detector] FlagCount : 0
[2026-07-08 11:32:24] [INFO] [red_flag_detector] Score : 0.000
[2026-07-08 11:32:24] [INFO] [red_flag_detector] Severity : 0
[2026-07-08 11:32:24] [INFO] [red_flag_detector] ConsultExitModel : NO
[2026-07-08 11:32:24] [INFO] [red_flag_detector] ======================================
[2026-07-08 11:32:24] [INFO] [xgboost_exit_adapter] ========== EXIT MODEL FEATURES ==========
atr: 0.0 | rsi: 50.0 | mfe: 0.0 | mae: -40.0
trade_health: 50.0 | profit_decay_pct: 0.0
time_open_hours: 0.1382060839070214 | spread: 15.0 | news_impact: 0
market_regime: UNKNOWN | volume: 1.0 | session: london
adx: -1.0
trend_h1: -1.0
trend_h4: -1.0
=========================================
Prediction about to be called | ticket=9472909740 | open_time=2026-07-08 14:24:07 | current_time=2026-07-08 11:32:24
[2026-07-08 11:32:24] [WARNING] [xgboost_exit_adapter] [EXIT_MODEL] features_incomplete=True (core_missing=1) ticket=9472909740 missing_details=atr=0.0
[2026-07-08 11:33:16] [WARNING] [reconciliation] [RECONCILE] MT5 positions_get returned None (query failure). last_error=(-10004, 'No IPC connection')
[2026-07-08 11:33:16] [WARNING] [reconciliation] [RECONCILE] MT5 positions_get query failed; skipping orphan checks for this cycle.
[2026-07-08 11:34:18] [INFO] [main] Trading Bot V3 starting...
[2026-07-08 11:34:18] [INFO] [database] V3 Database initialized with all tables
[2026-07-08 11:34:18] [INFO] [qd_client] Logged in to QuantDinger
[2026-07-08 11:34:18] [INFO] [qd_client] MT5 connected
[2026-07-08 11:34:18] [INFO] [main] MT5 connected
[2026-07-08 11:34:18] [INFO] [main] [STARTUP_SAFETY] Starting startup safety check (run-once)
[2026-07-08 11:34:18] [WARNING] [main] [STARTUP_SAFETY] mt5.positions_get None diagnostic last_error=(1, 'Success')
[2026-07-08 11:34:18] [INFO] [main] [STARTUP_SAFETY] MT5 open positions count=1
[2026-07-08 11:34:18] [INFO] [main] [STARTUP_SAFETY][MT5] ticket=9472909740 symbol=EURUSD volume=1.0 open_time=1783509847
[2026-07-08 11:34:18] [INFO] [main] [STARTUP_SAFETY] DB open trades count=1
[2026-07-08 11:34:18] [INFO] [main] [STARTUP_SAFETY] missing_in_db(MT5-only)=0 missing_in_mt5(DB-only)=0
[2026-07-08 11:34:18] [INFO] [main] [STARTUP_SAFETY] Synced open positions count=1
[2026-07-08 11:34:18] [INFO] [main] [STARTUP_SAFETY] Completed startup safety check successfully
[2026-07-08 11:34:18] [INFO] [telegram_bot] Telegram polling started
[2026-07-08 11:34:18] [INFO] [telegram_bot] Telegram bot V3 started
[2026-07-08 11:34:18] [INFO] [mt5_watchdog] MT5 watchdog started (V1 reconnect logic)
[2026-07-08 11:34:18] [INFO] [reconciliation] Reconciliation loop started (every 60s)
[2026-07-08 11:34:18] [INFO] [reconciliation] Reconciliation thread started (safety only)
[2026-07-08 11:34:18] [INFO] [post_entry_manager] PostEntryManager started
[2026-07-08 11:34:18] [INFO] [post_entry_trade_monitor] [MONITOR_ID_DIAG] ts=1783499658 symbol=EURUSD d_ticket=9472909740 d_position_id=None d_id=None chosen_ticket=9472909740
[2026-07-08 11:34:18] [INFO] [post_entry_manager] [POST_ENTRY] New position detected ticket=9472909740 symbol=EURUSD
[2026-07-08 11:34:18] [INFO] [post_entry_manager] [POST_ENTRY] Monitoring ticket=9472909740
[2026-07-08 11:34:18] [WARNING] [market_regime_detector] [REGIME] MT5 IPC failure – skipping ATR this cycle symbol=EURUSD timeframe=H4 tf=16388 bars=200
[2026-07-08 11:34:18] [INFO] [market_regime_detector] [REGIME] Could not compute ATR from MT5 for EURUSD
[2026-07-08 11:34:18] [INFO] [stop_loss_breach_rule] [SL_CHECK] ticket=9472909740 direction=buy current=1.14133 sl=0 breached=False
[2026-07-08 11:34:19] [INFO] [main] ==================================================
[2026-07-08 11:34:19] [INFO] [main] Cycle 1 at 11:34:19
[2026-07-08 11:34:19] [INFO] [main] [GUARD] Found 1 open trade(s) in database.
[2026-07-08 11:34:19] [INFO] [main] [GUARD] Open positions detected. Skipping all trading this cycle.
[2026-07-08 11:34:19] [INFO] [main] Sleeping 1800s...
[2026-07-08 11:34:26] [INFO] [news_fetcher] Fetched 18 relevant news items
[2026-07-08 11:34:26] [INFO] [red_flag_detector] ========== RED FLAG REPORT ==========
[2026-07-08 11:34:26] [INFO] [red_flag_detector] ProfitDecay : NO
[2026-07-08 11:34:26] [INFO] [red_flag_detector] TradeHealth : NO
[2026-07-08 11:34:26] [INFO] [red_flag_detector] ATRSpike : NO
[2026-07-08 11:34:26] [INFO] [red_flag_detector] BadRegime : NO
[2026-07-08 11:34:26] [INFO] [red_flag_detector] FlagCount : 0
[2026-07-08 11:34:26] [INFO] [red_flag_detector] Score : 0.000
[2026-07-08 11:34:26] [INFO] [red_flag_detector] Severity : 0
[2026-07-08 11:34:26] [INFO] [red_flag_detector] ======================================
[2026-07-08 11:34:26] [INFO] [xgboost_exit_adapter] ========== EXIT MODEL FEATURES ==========
atr: 0.0 | rsi: 50.0 | mfe: 0.0 | mae: -41.0
trade_health: 50.0 | profit_decay_pct: 0.0
time_open_hours: 0.17220454216003417 | spread: 15.0 | news_impact: 0
market_regime: UNKNOWN | volume: 1.0 | session: london
adx: -1.0
trend_h1: -1.0
trend_h4: -1.0
=========================================
Prediction about to be called | ticket=9472909740 | open_time=2026-07-08 14:24:07 | current_time=2026-07-08 11:34:26
[2026-07-08 11:34:26] [WARNING] [xgboost_exit_adapter] [EXIT_MODEL] features_incomplete=True (core_missing=1) ticket=9472909740 missing_details=atr=0.0
[2026-07-08 11:35:18] [WARNING] [reconciliation] [RECONCILE] MT5 positions_get returned None (query failure). last_error=(-10004, 'No IPC connection')
[2026-07-08 11:35:18] [WARNING] [reconciliation] [RECONCILE] MT5 positions_get query failed; skipping orphan checks for this cycle.
[2026-07-08 11:36:18] [WARNING] [reconciliation] [RECONCILE] MT5 positions_get returned None (query failure). last_error=(-10004, 'No IPC connection')
[2026-07-08 11:36:18] [WARNING] [reconciliation] [RECONCILE] MT5 positions_get query failed; skipping orphan checks for this cycle.
[2026-07-08 11:37:18] [WARNING] [reconciliation] [RECONCILE] MT5 positions_get returned None (query failure). last_error=(-10004, 'No IPC connection')
[2026-07-08 11:37:18] [WARNING] [reconciliation] [RECONCILE] MT5 positions_get query failed; skipping orphan checks for this cycle.
[2026-07-08 11:38:18] [WARNING] [reconciliation] [RECONCILE] MT5 positions_get returned None (query failure). last_error=(-10004, 'No IPC connection')
[2026-07-08 11:38:18] [WARNING] [reconciliation] [RECONCILE] MT5 positions_get query failed; skipping orphan checks for this cycle.
[2026-07-08 11:39:01] [INFO] [post_entry_trade_monitor] [MONITOR_ID_DIAG] ts=1783499941 symbol=EURUSD d_ticket=9472909740 d_position_id=None d_id=None chosen_ticket=9472909740
[2026-07-08 11:39:01] [INFO] [post_entry_manager] [POST_ENTRY] Monitoring ticket=9472909740
[2026-07-08 11:39:01] [WARNING] [market_regime_detector] [REGIME] MT5 IPC failure – skipping ATR this cycle symbol=EURUSD timeframe=H4 tf=16388 bars=200
[2026-07-08 11:39:01] [INFO] [market_regime_detector] [REGIME] Could not compute ATR from MT5 for EURUSD
[2026-07-08 11:39:01] [INFO] [stop_loss_breach_rule] [SL_CHECK] ticket=9472909740 direction=buy current=1.14085 sl=0 breached=False
[2026-07-08 11:39:01] [INFO] [red_flag_detector] ========== RED FLAG REPORT ==========
[2026-07-08 11:39:01] [INFO] [red_flag_detector] ProfitDecay : NO
[2026-07-08 11:39:01] [INFO] [red_flag_detector] TradeHealth : NO
[2026-07-08 11:39:01] [INFO] [red_flag_detector] ATRSpike : NO
[2026-07-08 11:39:01] [INFO] [red_flag_detector] BadRegime : NO
[2026-07-08 11:39:01] [INFO] [red_flag_detector] FlagCount : 0
[2026-07-08 11:39:01] [INFO] [red_flag_detector] Score : 0.000
[2026-07-08 11:39:01] [INFO] [red_flag_detector] Severity : 0
[2026-07-08 11:39:01] [INFO] [red_flag_detector] ======================================
[2026-07-08 11:39:01] [INFO] [xgboost_exit_adapter] ========== EXIT MODEL FEATURES ==========
atr: 0.0 | rsi: 50.0 | mfe: 7.0 | mae: -41.0
trade_health: 50.0 | profit_decay_pct: 0.0
time_open_hours: 0.2486019617319107 | spread: 15.0 | news_impact: 0
market_regime: UNKNOWN | volume: 1.0 | session: london
adx: -1.0
trend_h1: -1.0
trend_h4: -1.0
=========================================
Prediction about to be called | ticket=9472909740 | open_time=2026-07-08 14:24:07 | current_time=2026-07-08 11:39:01
[2026-07-08 11:39:01] [WARNING] [xgboost_exit_adapter] [EXIT_MODEL] features_incomplete=True (core_missing=1) ticket=9472909740 missing_details=atr=0.0
[2026-07-08 11:39:18] [WARNING] [reconciliation] [RECONCILE] MT5 positions_get returned None (query failure). last_error=(-10004, 'No IPC connection')
[2026-07-08 11:39:18] [WARNING] [reconciliation] [RECONCILE] MT5 positions_get query failed; skipping orphan checks for this cycle.
[2026-07-08 11:40:18] [WARNING] [reconciliation] [RECONCILE] MT5 positions_get returned None (query failure). last_error=(-10004, 'No IPC connection')
[2026-07-08 11:40:18] [WARNING] [reconciliation] [RECONCILE] MT5 positions_get query failed; skipping orphan checks for this cycle.
[2026-07-08 11:41:18] [WARNING] [reconciliation] [RECONCILE] MT5 positions_get returned None (query failure). last_error=(-10004, 'No IPC connection')
[2026-07-08 11:41:18] [WARNING] [reconciliation] [RECONCILE] MT5 positions_get query failed; skipping orphan checks for this cycle.
[2026-07-08 11:42:18] [WARNING] [reconciliation] [RECONCILE] MT5 positions_get returned None (query failure). last_error=(-10004, 'No IPC connection')
[2026-07-08 11:42:18] [WARNING] [reconciliation] [RECONCILE] MT5 positions_get query failed; skipping orphan checks for this cycle.
[2026-07-08 11:43:18] [WARNING] [reconciliation] [RECONCILE] MT5 positions_get returned None (query failure). last_error=(-10004, 'No IPC connection')
[2026-07-08 11:43:18] [WARNING] [reconciliation] [RECONCILE] MT5 positions_get query failed; skipping orphan checks for this cycle.
[2026-07-08 11:44:18] [WARNING] [reconciliation] [RECONCILE] MT5 positions_get returned None (query failure). last_error=(-10004, 'No IPC connection')
[2026-07-08 11:44:18] [WARNING] [reconciliation] [RECONCILE] MT5 positions_get query failed; skipping orphan checks for this cycle.
[2026-07-08 11:45:18] [WARNING] [reconciliation] [RECONCILE] MT5 positions_get returned None (query failure). last_error=(-10004, 'No IPC connection')
[2026-07-08 11:45:18] [WARNING] [reconciliation] [RECONCILE] MT5 positions_get query failed; skipping orphan checks for this cycle.
[2026-07-08 11:46:18] [WARNING] [reconciliation] [RECONCILE] MT5 positions_get returned None (query failure). last_error=(-10004, 'No IPC connection')
[2026-07-08 11:46:18] [WARNING] [reconciliation] [RECONCILE] MT5 positions_get query failed; skipping orphan checks for this cycle.
[2026-07-08 11:47:18] [WARNING] [reconciliation] [RECONCILE] MT5 positions_get returned None (query failure). last_error=(-10004, 'No IPC connection')
[2026-07-08 11:47:18] [WARNING] [reconciliation] [RECONCILE] MT5 positions_get query failed; skipping orphan checks for this cycle.
[2026-07-08 11:48:18] [WARNING] [reconciliation] [RECONCILE] MT5 positions_get returned None (query failure). last_error=(-10004, 'No IPC connection')
[2026-07-08 11:48:18] [WARNING] [reconciliation] [RECONCILE] MT5 positions_get query failed; skipping orphan checks for this cycle.
[2026-07-08 11:49:22] [INFO] [post_entry_trade_monitor] [MONITOR_ID_DIAG] ts=1783500562 symbol=EURUSD d_ticket=9472909740 d_position_id=None d_id=None chosen_ticket=9472909740
[2026-07-08 11:49:22] [INFO] [post_entry_manager] [POST_ENTRY] Monitoring ticket=9472909740
[2026-07-08 11:49:22] [WARNING] [market_regime_detector] [REGIME] MT5 IPC failure – skipping ATR this cycle symbol=EURUSD timeframe=H4 tf=16388 bars=200
[2026-07-08 11:49:22] [INFO] [market_regime_detector] [REGIME] Could not compute ATR from MT5 for EURUSD
[2026-07-08 11:49:22] [INFO] [stop_loss_breach_rule] [SL_CHECK] ticket=9472909740 direction=buy current=1.14185 sl=0 breached=False
[2026-07-08 11:49:29] [INFO] [news_fetcher] Fetched 17 relevant news items
[2026-07-08 11:49:29] [INFO] [red_flag_detector] ========== RED FLAG REPORT ==========
[2026-07-08 11:49:29] [INFO] [red_flag_detector] ProfitDecay : YES
[2026-07-08 11:49:29] [INFO] [red_flag_detector] TradeHealth : NO
[2026-07-08 11:49:29] [INFO] [red_flag_detector] ATRSpike : NO
[2026-07-08 11:49:29] [INFO] [red_flag_detector] BadRegime : NO
[2026-07-08 11:49:29] [INFO] [red_flag_detector] FlagCount : 1
[2026-07-08 11:49:29] [INFO] [red_flag_detector] Score : 1.930
[2026-07-08 11:49:29] [INFO] [red_flag_detector] Severity : 1
[2026-07-08 11:49:29] [INFO] [red_flag_detector] ======================================
[2026-07-08 11:49:29] [INFO] [xgboost_exit_adapter] ========== EXIT MODEL FEATURES ==========
atr: 0.0 | rsi: 50.0 | mfe: 7.0 | mae: -93.0
trade_health: 50.0 | profit_decay_pct: 193.0
time_open_hours: 0.4229074567556381 | spread: 15.0 | news_impact: 0
market_regime: UNKNOWN | volume: 1.0 | session: london
adx: -1.0
trend_h1: -1.0
trend_h4: -1.0
=========================================
Prediction about to be called | ticket=9472909740 | open_time=2026-07-08 14:24:07 | current_time=2026-07-08 11:49:29
[2026-07-08 11:49:29] [WARNING] [xgboost_exit_adapter] [EXIT_MODEL] features_incomplete=True (core_missing=1) ticket=9472909740 missing_details=atr=0.0
[2026-07-08 11:50:16] [DEBUG] [hybrid_market_client] Fetching indicators for EURUSD (QuantDinger only)
[2026-07-08 11:50:16] [INFO] [qd_client] Logged in to QuantDinger
[2026-07-08 11:50:17] [DEBUG] [market_client] Candles EURUSD 4H: 100 bars ✓
[2026-07-08 11:50:17] [DEBUG] [hybrid_market_client] ✓ Got live data from QuantDinger for EURUSD
[2026-07-08 11:50:17] [DEBUG] [hybrid_market_client] Fetching indicators for XAUUSD (QuantDinger only)
[2026-07-08 11:50:17] [DEBUG] [market_client] Candles XAUUSD 4H: 99 bars ✓
[2026-07-08 11:50:17] [DEBUG] [hybrid_market_client] ✓ Got live data from QuantDinger for XAUUSD
[2026-07-08 11:50:17] [DEBUG] [hybrid_market_client] Fetching indicators for GBPUSD (QuantDinger only)
[2026-07-08 11:50:17] [DEBUG] [market_client] Candles GBPUSD 4H: 100 bars ✓
[2026-07-08 11:50:17] [DEBUG] [hybrid_market_client] ✓ Got live data from QuantDinger for GBPUSD
[2026-07-08 11:50:18] [WARNING] [reconciliation] [RECONCILE] MT5 positions_get returned None (query failure). last_error=(-10004, 'No IPC connection')
[2026-07-08 11:50:18] [WARNING] [reconciliation] [RECONCILE] MT5 positions_get query failed; skipping orphan checks for this cycle.
[2026-07-08 11:51:18] [WARNING] [reconciliation] [RECONCILE] MT5 positions_get returned None (query failure). last_error=(-10004, 'No IPC connection')
[2026-07-08 11:51:18] [WARNING] [reconciliation] [RECONCILE] MT5 positions_get query failed; skipping orphan checks for this cycle.
[2026-07-08 11:51:19] [WARNING] [mt5_watchdog] MT5 disconnected! Attempt 1/3
[2026-07-08 11:51:19] [INFO] [qd_client] Logged in to QuantDinger
[2026-07-08 11:51:19] [INFO] [mt5_watchdog] MT5 already connected
[2026-07-08 11:51:19] [INFO] [mt5_watchdog] MT5 reconnected successfully!
[2026-07-08 11:51:56] [INFO] [main] Trading Bot V3 starting...
[2026-07-08 11:51:56] [INFO] [database] V3 Database initialized with all tables
[2026-07-08 11:51:56] [INFO] [qd_client] Logged in to QuantDinger
[2026-07-08 11:51:56] [INFO] [qd_client] MT5 connected
[2026-07-08 11:51:56] [INFO] [main] MT5 connected
[2026-07-08 11:51:56] [INFO] [main] [STARTUP_SAFETY] Starting startup safety check (run-once)
[2026-07-08 11:51:56] [WARNING] [main] [STARTUP_SAFETY] mt5.positions_get None diagnostic last_error=(1, 'Success')
[2026-07-08 11:51:56] [INFO] [main] [STARTUP_SAFETY] MT5 open positions count=1
[2026-07-08 11:51:56] [INFO] [main] [STARTUP_SAFETY][MT5] ticket=9472909740 symbol=EURUSD volume=1.0 open_time=1783509847
[2026-07-08 11:51:56] [INFO] [main] [STARTUP_SAFETY] DB open trades count=1
[2026-07-08 11:51:56] [INFO] [main] [STARTUP_SAFETY] missing_in_db(MT5-only)=0 missing_in_mt5(DB-only)=0
[2026-07-08 11:51:56] [INFO] [main] [STARTUP_SAFETY] Synced open positions count=1
[2026-07-08 11:51:56] [INFO] [main] [STARTUP_SAFETY] Completed startup safety check successfully
[2026-07-08 11:51:56] [INFO] [telegram_bot] Telegram polling started
[2026-07-08 11:51:56] [INFO] [telegram_bot] Telegram bot V3 started
[2026-07-08 11:51:56] [INFO] [mt5_watchdog] MT5 watchdog started (V1 reconnect logic)
[2026-07-08 11:51:56] [INFO] [reconciliation] Reconciliation loop started (every 60s)
[2026-07-08 11:51:56] [INFO] [reconciliation] Reconciliation thread started (safety only)
[2026-07-08 11:51:56] [INFO] [post_entry_manager] PostEntryManager started
[2026-07-08 11:51:56] [INFO] [post_entry_trade_monitor] [MONITOR_ID_DIAG] ts=1783500716 symbol=EURUSD d_ticket=9472909740 d_position_id=None d_id=None chosen_ticket=9472909740
[2026-07-08 11:51:56] [INFO] [post_entry_manager] [POST_ENTRY] New position detected ticket=9472909740 symbol=EURUSD
[2026-07-08 11:51:56] [INFO] [post_entry_manager] [POST_ENTRY] Monitoring ticket=9472909740
[2026-07-08 11:51:56] [WARNING] [market_regime_detector] [REGIME] MT5 IPC failure – skipping ATR this cycle symbol=EURUSD timeframe=H4 tf=16388 bars=200
[2026-07-08 11:51:56] [INFO] [market_regime_detector] [REGIME] Could not compute ATR from MT5 for EURUSD
[2026-07-08 11:51:56] [INFO] [stop_loss_breach_rule] [SL_CHECK] ticket=9472909740 direction=buy current=1.14152 sl=0 breached=False
[2026-07-08 11:51:57] [INFO] [main] ==================================================
[2026-07-08 11:51:57] [INFO] [main] Cycle 1 at 11:51:57
[2026-07-08 11:51:57] [INFO] [main] [GUARD] Found 1 open trade(s) in database.
[2026-07-08 11:51:57] [INFO] [main] [GUARD] Open positions detected. Skipping all trading this cycle.
[2026-07-08 11:51:57] [INFO] [main] Sleeping 1800s...
[2026-07-08 11:52:04] [INFO] [news_fetcher] Fetched 17 relevant news items
[2026-07-08 11:52:04] [INFO] [red_flag_detector] ========== RED FLAG REPORT ==========
[2026-07-08 11:52:04] [INFO] [red_flag_detector] ProfitDecay : NO
[2026-07-08 11:52:04] [INFO] [red_flag_detector] TradeHealth : NO
[2026-07-08 11:52:04] [INFO] [red_flag_detector] ATRSpike : NO
[2026-07-08 11:52:04] [INFO] [red_flag_detector] BadRegime : NO
[2026-07-08 11:52:04] [INFO] [red_flag_detector] FlagCount : 0
[2026-07-08 11:52:04] [INFO] [red_flag_detector] Score : 0.000
[2026-07-08 11:52:04] [INFO] [red_flag_detector] Severity : 0
[2026-07-08 11:52:04] [INFO] [red_flag_detector] ======================================
[2026-07-08 11:52:04] [WARNING] [xgboost_exit_adapter] [EXIT_MODEL] Using default ATR for EURUSD: 0.001
[2026-07-08 11:52:04] [INFO] [xgboost_exit_adapter] ========== EXIT MODEL FEATURES ==========
atr: 0.001 | rsi: 50.0 | mfe: 0.0 | mae: -60.0
trade_health: 50.0 | profit_decay_pct: 0.0
time_open_hours: 0.46591752409935 | spread: 15.0 | news_impact: 0
market_regime: UNKNOWN | volume: 1.0 | session: london
adx: -1.0
trend_h1: -1.0
trend_h4: -1.0
=========================================
Prediction about to be called | ticket=9472909740 | open_time=2026-07-08 14:24:07 | current_time=2026-07-08 11:52:04
[2026-07-08 11:52:04] [INFO] [xgboost_exit_model] Loaded Exit Model from F:\files (2)\google\botdd\trading_bot_v3\models\xgboost_exit_model.json
[2026-07-08 11:52:04] [INFO] [xgboost_exit_model] [EXIT_MODEL] XGBoost prediction: probability=0.1%
[2026-07-08 11:52:04] [INFO] [xgboost_exit_adapter] [EXIT_MODEL] ticket=9472909740 prediction_exit_probability=0.0015 decision_signal=0.1%
[2026-07-08 11:52:18] [WARNING] [reconciliation] [RECONCILE] MT5 positions_get returned None (query failure). last_error=(-10004, 'No IPC connection')
[2026-07-08 11:52:18] [WARNING] [reconciliation] [RECONCILE] MT5 positions_get query failed; skipping orphan checks for this cycle.
[2026-07-08 11:52:56] [WARNING] [reconciliation] [RECONCILE] positions_get returned None attempt=1/3 last_error=(-10004, 'No IPC connection')
[2026-07-08 11:52:56] [WARNING] [reconciliation] [RECONCILE] IPC still failing (-10004). shutdown+initialize before next retry...
[2026-07-08 11:52:59] [INFO] [post_entry_trade_monitor] [MONITOR_ID_DIAG] ts=1783500779 symbol=EURUSD d_ticket=9472909740 d_position_id=None d_id=None chosen_ticket=9472909740
[2026-07-08 11:52:59] [INFO] [post_entry_manager] [POST_ENTRY] Monitoring ticket=9472909740
[2026-07-08 11:52:59] [WARNING] [market_regime_detector] [REGIME] MT5 IPC failure – skipping ATR this cycle symbol=EURUSD timeframe=H4 tf=16388 bars=200
[2026-07-08 11:52:59] [INFO] [market_regime_detector] [REGIME] Could not compute ATR from MT5 for EURUSD
[2026-07-08 11:52:59] [INFO] [stop_loss_breach_rule] [SL_CHECK] ticket=9472909740 direction=buy current=1.1414 sl=0 breached=False
[2026-07-08 11:52:59] [INFO] [red_flag_detector] ========== RED FLAG REPORT ==========
[2026-07-08 11:52:59] [INFO] [red_flag_detector] ProfitDecay : NO
[2026-07-08 11:52:59] [INFO] [red_flag_detector] TradeHealth : NO
[2026-07-08 11:52:59] [INFO] [red_flag_detector] ATRSpike : NO
[2026-07-08 11:52:59] [INFO] [red_flag_detector] BadRegime : NO
[2026-07-08 11:52:59] [INFO] [red_flag_detector] FlagCount : 0
[2026-07-08 11:52:59] [INFO] [red_flag_detector] Score : 0.000
[2026-07-08 11:52:59] [INFO] [red_flag_detector] Severity : 0
[2026-07-08 11:52:59] [INFO] [red_flag_detector] ======================================
[2026-07-08 11:52:59] [WARNING] [xgboost_exit_adapter] [EXIT_MODEL] Using default ATR for EURUSD: 0.001
[2026-07-08 11:52:59] [INFO] [xgboost_exit_adapter] ========== EXIT MODEL FEATURES ==========
atr: 0.001 | rsi: 50.0 | mfe: 0.0 | mae: -60.0
trade_health: 50.0 | profit_decay_pct: 0.0
time_open_hours: 0.48123205529318913 | spread: 15.0 | news_impact: 0
market_regime: UNKNOWN | volume: 1.0 | session: london
adx: -1.0
trend_h1: -1.0
trend_h4: -1.0
=========================================
Prediction about to be called | ticket=9472909740 | open_time=2026-07-08 14:24:07 | current_time=2026-07-08 11:52:59
[2026-07-08 11:52:59] [INFO] [xgboost_exit_model] [EXIT_MODEL] XGBoost prediction: probability=0.1%
[2026-07-08 11:52:59] [INFO] [xgboost_exit_adapter] [EXIT_MODEL] ticket=9472909740 prediction_exit_probability=0.0015 decision_signal=0.1%
[2026-07-08 11:52:59] [WARNING] [reconciliation] [RECONCILE] positions_get returned None attempt=2/3 last_error=(-10004, 'No IPC connection')
[2026-07-08 11:52:59] [WARNING] [reconciliation] [RECONCILE] IPC still failing (-10004). shutdown+initialize before next retry...
[2026-07-08 11:53:04] [INFO] [post_entry_trade_monitor] [MONITOR_ID_DIAG] ts=1783500784 symbol=EURUSD d_ticket=9472909740 d_position_id=None d_id=None chosen_ticket=9472909740
[2026-07-08 11:53:04] [INFO] [post_entry_manager] [POST_ENTRY] Monitoring ticket=9472909740
[2026-07-08 11:53:04] [WARNING] [market_regime_detector] [REGIME] MT5 IPC failure – skipping ATR this cycle symbol=EURUSD timeframe=H4 tf=16388 bars=200
[2026-07-08 11:53:04] [INFO] [market_regime_detector] [REGIME] Could not compute ATR from MT5 for EURUSD
[2026-07-08 11:53:04] [INFO] [stop_loss_breach_rule] [SL_CHECK] ticket=9472909740 direction=buy current=1.14139 sl=0 breached=False
[2026-07-08 11:53:04] [INFO] [red_flag_detector] ========== RED FLAG REPORT ==========
[2026-07-08 11:53:04] [INFO] [red_flag_detector] ProfitDecay : NO
[2026-07-08 11:53:04] [INFO] [red_flag_detector] TradeHealth : NO
[2026-07-08 11:53:04] [INFO] [red_flag_detector] ATRSpike : NO
[2026-07-08 11:53:04] [INFO] [red_flag_detector] BadRegime : NO
[2026-07-08 11:53:04] [INFO] [red_flag_detector] FlagCount : 0
[2026-07-08 11:53:04] [INFO] [red_flag_detector] Score : 0.000
[2026-07-08 11:53:04] [INFO] [red_flag_detector] Severity : 0
[2026-07-08 11:53:04] [INFO] [red_flag_detector] ======================================
[2026-07-08 11:53:04] [WARNING] [xgboost_exit_adapter] [EXIT_MODEL] Using default ATR for EURUSD: 0.001
[2026-07-08 11:53:04] [INFO] [xgboost_exit_adapter] ========== EXIT MODEL FEATURES ==========
atr: 0.001 | rsi: 50.0 | mfe: 0.0 | mae: -60.0
trade_health: 50.0 | profit_decay_pct: 0.0
time_open_hours: 0.48262338830365076 | spread: 15.0 | news_impact: 0
market_regime: UNKNOWN | volume: 1.0 | session: london
adx: -1.0
trend_h1: -1.0
trend_h4: -1.0
=========================================
Prediction about to be called | ticket=9472909740 | open_time=2026-07-08 14:24:07 | current_time=2026-07-08 11:53:04
[2026-07-08 11:53:04] [INFO] [xgboost_exit_model] [EXIT_MODEL] XGBoost prediction: probability=0.1%
[2026-07-08 11:53:04] [INFO] [xgboost_exit_adapter] [EXIT_MODEL] ticket=9472909740 prediction_exit_probability=0.0015 decision_signal=0.1%
[2026-07-08 11:53:18] [WARNING] [reconciliation] [RECONCILE] MT5 positions_get returned None (query failure). last_error=(-10004, 'No IPC connection')
[2026-07-08 11:53:18] [WARNING] [reconciliation] [RECONCILE] MT5 positions_get query failed; skipping orphan checks for this cycle.
[2026-07-08 11:53:20] [WARNING] [mt5_watchdog] MT5 disconnected! Attempt 1/3
[2026-07-08 11:53:21] [INFO] [qd_client] Logged in to QuantDinger
[2026-07-08 11:53:21] [INFO] [mt5_watchdog] MT5 already connected
[2026-07-08 11:53:21] [INFO] [mt5_watchdog] MT5 reconnected successfully!
[2026-07-08 11:54:02] [WARNING] [reconciliation] [RECONCILE] positions_get returned None attempt=1/3 last_error=(-10004, 'No IPC connection')
[2026-07-08 11:54:02] [WARNING] [reconciliation] [RECONCILE] IPC still failing (-10004). shutdown+initialize before next retry...
[2026-07-08 11:54:04] [INFO] [post_entry_trade_monitor] [MONITOR_ID_DIAG] ts=1783500844 symbol=EURUSD d_ticket=9472909740 d_position_id=None d_id=None chosen_ticket=9472909740
[2026-07-08 11:54:04] [INFO] [post_entry_manager] [POST_ENTRY] Monitoring ticket=9472909740
[2026-07-08 11:54:04] [WARNING] [market_regime_detector] [REGIME] MT5 IPC failure – skipping ATR this cycle symbol=EURUSD timeframe=H4 tf=16388 bars=200
[2026-07-08 11:54:04] [INFO] [market_regime_detector] [REGIME] Could not compute ATR from MT5 for EURUSD
[2026-07-08 11:54:04] [INFO] [stop_loss_breach_rule] [SL_CHECK] ticket=9472909740 direction=buy current=1.14152 sl=0 breached=False
[2026-07-08 11:54:04] [INFO] [red_flag_detector] ========== RED FLAG REPORT ==========
[2026-07-08 11:54:04] [INFO] [red_flag_detector] ProfitDecay : NO
[2026-07-08 11:54:04] [INFO] [red_flag_detector] TradeHealth : NO
[2026-07-08 11:54:04] [INFO] [red_flag_detector] ATRSpike : NO
[2026-07-08 11:54:04] [INFO] [red_flag_detector] BadRegime : NO
[2026-07-08 11:54:04] [INFO] [red_flag_detector] FlagCount : 0
[2026-07-08 11:54:04] [INFO] [red_flag_detector] Score : 0.000
[2026-07-08 11:54:04] [INFO] [red_flag_detector] Severity : 0
[2026-07-08 11:54:04] [INFO] [red_flag_detector] ======================================
[2026-07-08 11:54:04] [WARNING] [xgboost_exit_adapter] [EXIT_MODEL] Using default ATR for EURUSD: 0.001
[2026-07-08 11:54:04] [INFO] [xgboost_exit_adapter] ========== EXIT MODEL FEATURES ==========
atr: 0.001 | rsi: 50.0 | mfe: 0.0 | mae: -60.0
trade_health: 50.0 | profit_decay_pct: 0.0
time_open_hours: 0.4992905739280913 | spread: 15.0 | news_impact: 0
market_regime: UNKNOWN | volume: 1.0 | session: london
adx: -1.0
trend_h1: -1.0
trend_h4: -1.0
=========================================
Prediction about to be called | ticket=9472909740 | open_time=2026-07-08 14:24:07 | current_time=2026-07-08 11:54:04
[2026-07-08 11:54:04] [INFO] [xgboost_exit_model] [EXIT_MODEL] XGBoost prediction: probability=0.1%
[2026-07-08 11:54:04] [INFO] [xgboost_exit_adapter] [EXIT_MODEL] ticket=9472909740 prediction_exit_probability=0.0015 decision_signal=0.1%
[2026-07-08 11:54:05] [WARNING] [reconciliation] [RECONCILE] positions_get returned None attempt=2/3 last_error=(-10004, 'No IPC connection')
[2026-07-08 11:54:05] [WARNING] [reconciliation] [RECONCILE] IPC still failing (-10004). shutdown+initialize before next retry...
[2026-07-08 11:54:09] [INFO] [post_entry_trade_monitor] [MONITOR_ID_DIAG] ts=1783500849 symbol=EURUSD d_ticket=9472909740 d_position_id=None d_id=None chosen_ticket=9472909740
[2026-07-08 11:54:09] [INFO] [post_entry_manager] [POST_ENTRY] Monitoring ticket=9472909740
[2026-07-08 11:54:09] [WARNING] [market_regime_detector] [REGIME] MT5 IPC failure – skipping ATR this cycle symbol=EURUSD timeframe=H4 tf=16388 bars=200
[2026-07-08 11:54:09] [INFO] [market_regime_detector] [REGIME] Could not compute ATR from MT5 for EURUSD
[2026-07-08 11:54:09] [INFO] [stop_loss_breach_rule] [SL_CHECK] ticket=9472909740 direction=buy current=1.14152 sl=0 breached=False
[2026-07-08 11:54:09] [INFO] [red_flag_detector] ========== RED FLAG REPORT ==========
[2026-07-08 11:54:09] [INFO] [red_flag_detector] ProfitDecay : NO
[2026-07-08 11:54:09] [INFO] [red_flag_detector] TradeHealth : NO
[2026-07-08 11:54:09] [INFO] [red_flag_detector] ATRSpike : NO
[2026-07-08 11:54:09] [INFO] [red_flag_detector] BadRegime : NO
[2026-07-08 11:54:09] [INFO] [red_flag_detector] FlagCount : 0
[2026-07-08 11:54:09] [INFO] [red_flag_detector] Score : 0.000
[2026-07-08 11:54:09] [INFO] [red_flag_detector] Severity : 0
[2026-07-08 11:54:09] [INFO] [red_flag_detector] ======================================
[2026-07-08 11:54:09] [WARNING] [xgboost_exit_adapter] [EXIT_MODEL] Using default ATR for EURUSD: 0.001
[2026-07-08 11:54:09] [INFO] [xgboost_exit_adapter] ========== EXIT MODEL FEATURES ==========
atr: 0.001 | rsi: 50.0 | mfe: 0.0 | mae: -60.0
trade_health: 50.0 | profit_decay_pct: 0.0
time_open_hours: 0.5006810710165236 | spread: 15.0 | news_impact: 0
market_regime: UNKNOWN | volume: 1.0 | session: london
adx: -1.0
trend_h1: -1.0
trend_h4: -1.0
=========================================
Prediction about to be called | ticket=9472909740 | open_time=2026-07-08 14:24:07 | current_time=2026-07-08 11:54:09
[2026-07-08 11:54:09] [INFO] [xgboost_exit_model] [EXIT_MODEL] XGBoost prediction: probability=0.1%
[2026-07-08 11:54:09] [INFO] [xgboost_exit_adapter] [EXIT_MODEL] ticket=9472909740 prediction_exit_probability=0.0015 decision_signal=0.1%
[2026-07-08 11:54:18] [WARNING] [reconciliation] [RECONCILE] MT5 positions_get returned None (query failure). last_error=(-10004, 'No IPC connection')
[2026-07-08 11:54:18] [WARNING] [reconciliation] [RECONCILE] MT5 positions_get query failed; skipping orphan checks for this cycle.
[2026-07-08 11:54:56] [WARNING] [mt5_watchdog] MT5 disconnected! Attempt 1/3
[2026-07-08 11:54:57] [INFO] [qd_client] Logged in to QuantDinger
[2026-07-08 11:54:57] [INFO] [mt5_watchdog] MT5 already connected
[2026-07-08 11:54:57] [INFO] [mt5_watchdog] MT5 reconnected successfully!
[2026-07-08 11:55:08] [WARNING] [reconciliation] [RECONCILE] positions_get returned None attempt=1/3 last_error=(-10004, 'No IPC connection')
[2026-07-08 11:55:08] [WARNING] [reconciliation] [RECONCILE] IPC still failing (-10004). shutdown+initialize before next retry...
[2026-07-08 11:55:14] [INFO] [post_entry_trade_monitor] [MONITOR_ID_DIAG] ts=1783500914 symbol=EURUSD d_ticket=9472909740 d_position_id=None d_id=None chosen_ticket=9472909740
[2026-07-08 11:55:14] [INFO] [post_entry_manager] [POST_ENTRY] Monitoring ticket=9472909740
[2026-07-08 11:55:14] [WARNING] [market_regime_detector] [REGIME] MT5 IPC failure – skipping ATR this cycle symbol=EURUSD timeframe=H4 tf=16388 bars=200
[2026-07-08 11:55:14] [INFO] [market_regime_detector] [REGIME] Could not compute ATR from MT5 for EURUSD
[2026-07-08 11:55:14] [INFO] [stop_loss_breach_rule] [SL_CHECK] ticket=9472909740 direction=buy current=1.14146 sl=0 breached=False
[2026-07-08 11:55:14] [INFO] [red_flag_detector] ========== RED FLAG REPORT ==========
[2026-07-08 11:55:14] [INFO] [red_flag_detector] ProfitDecay : NO
[2026-07-08 11:55:14] [INFO] [red_flag_detector] TradeHealth : NO
[2026-07-08 11:55:14] [INFO] [red_flag_detector] ATRSpike : NO
[2026-07-08 11:55:14] [INFO] [red_flag_detector] BadRegime : NO
[2026-07-08 11:55:14] [INFO] [red_flag_detector] FlagCount : 0
[2026-07-08 11:55:14] [INFO] [red_flag_detector] Score : 0.000
[2026-07-08 11:55:14] [INFO] [red_flag_detector] Severity : 0
[2026-07-08 11:55:14] [INFO] [red_flag_detector] ======================================
[2026-07-08 11:55:14] [WARNING] [xgboost_exit_adapter] [EXIT_MODEL] Using default ATR for EURUSD: 0.001
[2026-07-08 11:55:14] [INFO] [xgboost_exit_adapter] ========== EXIT MODEL FEATURES ==========
atr: 0.001 | rsi: 50.0 | mfe: 0.0 | mae: -60.0
trade_health: 50.0 | profit_decay_pct: 0.0
time_open_hours: 0.5187371000316408 | spread: 15.0 | news_impact: 0
market_regime: UNKNOWN | volume: 1.0 | session: london
adx: -1.0
trend_h1: -1.0
trend_h4: -1.0
=========================================
Prediction about to be called | ticket=9472909740 | open_time=2026-07-08 14:24:07 | current_time=2026-07-08 11:55:14
[2026-07-08 11:55:14] [INFO] [xgboost_exit_model] [EXIT_MODEL] XGBoost prediction: probability=0.1%
[2026-07-08 11:55:14] [INFO] [xgboost_exit_adapter] [EXIT_MODEL] ticket=9472909740 prediction_exit_probability=0.0015 decision_signal=0.1%
[2026-07-08 11:55:18] [WARNING] [reconciliation] [RECONCILE] MT5 positions_get returned None (query failure). last_error=(-10004, 'No IPC connection')
[2026-07-08 11:55:18] [WARNING] [reconciliation] [RECONCILE] MT5 positions_get query failed; skipping orphan checks for this cycle.
[2026-07-08 11:55:21] [WARNING] [mt5_watchdog] MT5 disconnected! Attempt 1/3
[2026-07-08 11:55:22] [INFO] [qd_client] Logged in to QuantDinger
[2026-07-08 11:55:22] [INFO] [mt5_watchdog] MT5 already connected
[2026-07-08 11:55:22] [INFO] [mt5_watchdog] MT5 reconnected successfully!
[2026-07-08 11:56:11] [WARNING] [reconciliation] [RECONCILE] positions_get returned None attempt=1/3 last_error=(-10004, 'No IPC connection')
[2026-07-08 11:56:11] [WARNING] [reconciliation] [RECONCILE] IPC still failing (-10004). shutdown+initialize before next retry...
[2026-07-08 11:56:14] [INFO] [post_entry_trade_monitor] [MONITOR_ID_DIAG] ts=1783500974 symbol=EURUSD d_ticket=9472909740 d_position_id=None d_id=None chosen_ticket=9472909740
[2026-07-08 11:56:14] [INFO] [post_entry_manager] [POST_ENTRY] Monitoring ticket=9472909740
[2026-07-08 11:56:14] [WARNING] [market_regime_detector] [REGIME] MT5 IPC failure – skipping ATR this cycle symbol=EURUSD timeframe=H4 tf=16388 bars=200
[2026-07-08 11:56:14] [INFO] [market_regime_detector] [REGIME] Could not compute ATR from MT5 for EURUSD
[2026-07-08 11:56:14] [INFO] [stop_loss_breach_rule] [SL_CHECK] ticket=9472909740 direction=buy current=1.14136 sl=0 breached=False
[2026-07-08 11:56:14] [INFO] [red_flag_detector] ========== RED FLAG REPORT ==========
[2026-07-08 11:56:14] [INFO] [red_flag_detector] ProfitDecay : NO
[2026-07-08 11:56:14] [INFO] [red_flag_detector] TradeHealth : NO
[2026-07-08 11:56:14] [INFO] [red_flag_detector] ATRSpike : NO
[2026-07-08 11:56:14] [INFO] [red_flag_detector] BadRegime : NO
[2026-07-08 11:56:14] [INFO] [red_flag_detector] FlagCount : 0
[2026-07-08 11:56:14] [INFO] [red_flag_detector] Score : 0.000
[2026-07-08 11:56:14] [INFO] [red_flag_detector] Severity : 0
[2026-07-08 11:56:14] [INFO] [red_flag_detector] ======================================
[2026-07-08 11:56:14] [WARNING] [xgboost_exit_adapter] [EXIT_MODEL] Using default ATR for EURUSD: 0.001
[2026-07-08 11:56:14] [INFO] [xgboost_exit_adapter] ========== EXIT MODEL FEATURES ==========
atr: 0.001 | rsi: 50.0 | mfe: 0.0 | mae: -60.0
trade_health: 50.0 | profit_decay_pct: 0.0
time_open_hours: 0.5354046787818273 | spread: 15.0 | news_impact: 0
market_regime: UNKNOWN | volume: 1.0 | session: london
adx: -1.0
trend_h1: -1.0
trend_h4: -1.0
=========================================
Prediction about to be called | ticket=9472909740 | open_time=2026-07-08 14:24:07 | current_time=2026-07-08 11:56:14
[2026-07-08 11:56:14] [INFO] [xgboost_exit_model] [EXIT_MODEL] XGBoost prediction: probability=0.1%
[2026-07-08 11:56:14] [INFO] [xgboost_exit_adapter] [EXIT_MODEL] ticket=9472909740 prediction_exit_probability=0.0015 decision_signal=0.1%
[2026-07-08 11:56:14] [WARNING] [reconciliation] [RECONCILE] positions_get returned None attempt=2/3 last_error=(-10004, 'No IPC connection')
[2026-07-08 11:56:14] [WARNING] [reconciliation] [RECONCILE] IPC still failing (-10004). shutdown+initialize before next retry...
[2026-07-08 11:56:18] [WARNING] [reconciliation] [RECONCILE] MT5 positions_get returned None (query failure). last_error=(-10004, 'No IPC connection')
[2026-07-08 11:56:18] [WARNING] [reconciliation] [RECONCILE] MT5 positions_get query failed; skipping orphan checks for this cycle.
[2026-07-08 11:56:19] [INFO] [post_entry_trade_monitor] [MONITOR_ID_DIAG] ts=1783500979 symbol=EURUSD d_ticket=9472909740 d_position_id=None d_id=None chosen_ticket=9472909740
[2026-07-08 11:56:19] [INFO] [post_entry_manager] [POST_ENTRY] Monitoring ticket=9472909740
[2026-07-08 11:56:19] [WARNING] [market_regime_detector] [REGIME] MT5 IPC failure – skipping ATR this cycle symbol=EURUSD timeframe=H4 tf=16388 bars=200
[2026-07-08 11:56:19] [INFO] [market_regime_detector] [REGIME] Could not compute ATR from MT5 for EURUSD
[2026-07-08 11:56:19] [INFO] [stop_loss_breach_rule] [SL_CHECK] ticket=9472909740 direction=buy current=1.14136 sl=0 breached=False
[2026-07-08 11:56:19] [INFO] [red_flag_detector] ========== RED FLAG REPORT ==========
[2026-07-08 11:56:19] [INFO] [red_flag_detector] ProfitDecay : NO
[2026-07-08 11:56:19] [INFO] [red_flag_detector] TradeHealth : NO
[2026-07-08 11:56:19] [INFO] [red_flag_detector] ATRSpike : NO
[2026-07-08 11:56:19] [INFO] [red_flag_detector] BadRegime : NO
[2026-07-08 11:56:19] [INFO] [red_flag_detector] FlagCount : 0
[2026-07-08 11:56:19] [INFO] [red_flag_detector] Score : 0.000
[2026-07-08 11:56:19] [INFO] [red_flag_detector] Severity : 0
[2026-07-08 11:56:19] [INFO] [red_flag_detector] ======================================
[2026-07-08 11:56:19] [WARNING] [xgboost_exit_adapter] [EXIT_MODEL] Using default ATR for EURUSD: 0.001
[2026-07-08 11:56:19] [INFO] [xgboost_exit_adapter] ========== EXIT MODEL FEATURES ==========
atr: 0.001 | rsi: 50.0 | mfe: 0.0 | mae: -60.0
trade_health: 50.0 | profit_decay_pct: 0.0
time_open_hours: 0.5367951175901625 | spread: 15.0 | news_impact: 0
market_regime: UNKNOWN | volume: 1.0 | session: london
adx: -1.0
trend_h1: -1.0
trend_h4: -1.0
=========================================
Prediction about to be called | ticket=9472909740 | open_time=2026-07-08 14:24:07 | current_time=2026-07-08 11:56:19
[2026-07-08 11:56:19] [INFO] [xgboost_exit_model] [EXIT_MODEL] XGBoost prediction: probability=0.1%
[2026-07-08 11:56:19] [INFO] [xgboost_exit_adapter] [EXIT_MODEL] ticket=9472909740 prediction_exit_probability=0.0015 decision_signal=0.1%
[2026-07-08 11:56:58] [WARNING] [mt5_watchdog] MT5 disconnected! Attempt 1/3
[2026-07-08 11:56:59] [INFO] [qd_client] Logged in to QuantDinger
[2026-07-08 11:56:59] [INFO] [mt5_watchdog] MT5 already connected
[2026-07-08 11:56:59] [INFO] [mt5_watchdog] MT5 reconnected successfully!
[2026-07-08 11:57:17] [WARNING] [reconciliation] [RECONCILE] positions_get returned None attempt=1/3 last_error=(-10004, 'No IPC connection')
[2026-07-08 11:57:17] [WARNING] [reconciliation] [RECONCILE] IPC still failing (-10004). shutdown+initialize before next retry...
[2026-07-08 11:57:18] [WARNING] [reconciliation] [RECONCILE] MT5 positions_get returned None (query failure). last_error=(-10004, 'No IPC connection')
[2026-07-08 11:57:18] [WARNING] [reconciliation] [RECONCILE] MT5 positions_get query failed; skipping orphan checks for this cycle.
[2026-07-08 11:57:19] [INFO] [post_entry_trade_monitor] [MONITOR_ID_DIAG] ts=1783501039 symbol=EURUSD d_ticket=9472909740 d_position_id=None d_id=None chosen_ticket=9472909740
[2026-07-08 11:57:19] [INFO] [post_entry_manager] [POST_ENTRY] Monitoring ticket=9472909740
[2026-07-08 11:57:19] [WARNING] [market_regime_detector] [REGIME] MT5 IPC failure – skipping ATR this cycle symbol=EURUSD timeframe=H4 tf=16388 bars=200
[2026-07-08 11:57:19] [INFO] [market_regime_detector] [REGIME] Could not compute ATR from MT5 for EURUSD
[2026-07-08 11:57:19] [INFO] [stop_loss_breach_rule] [SL_CHECK] ticket=9472909740 direction=buy current=1.14127 sl=0 breached=False
[2026-07-08 11:57:19] [INFO] [red_flag_detector] ========== RED FLAG REPORT ==========
[2026-07-08 11:57:19] [INFO] [red_flag_detector] ProfitDecay : NO
[2026-07-08 11:57:19] [INFO] [red_flag_detector] TradeHealth : NO
[2026-07-08 11:57:19] [INFO] [red_flag_detector] ATRSpike : NO
[2026-07-08 11:57:19] [INFO] [red_flag_detector] BadRegime : NO
[2026-07-08 11:57:19] [INFO] [red_flag_detector] FlagCount : 0
[2026-07-08 11:57:19] [INFO] [red_flag_detector] Score : 0.000
[2026-07-08 11:57:19] [INFO] [red_flag_detector] Severity : 0
[2026-07-08 11:57:19] [INFO] [red_flag_detector] ======================================
[2026-07-08 11:57:19] [WARNING] [xgboost_exit_adapter] [EXIT_MODEL] Using default ATR for EURUSD: 0.001
[2026-07-08 11:57:19] [INFO] [xgboost_exit_adapter] ========== EXIT MODEL FEATURES ==========
atr: 0.001 | rsi: 50.0 | mfe: 0.0 | mae: -60.0
trade_health: 50.0 | profit_decay_pct: 0.0
time_open_hours: 0.5534618065092298 | spread: 15.0 | news_impact: 0
market_regime: UNKNOWN | volume: 1.0 | session: london
adx: -1.0
trend_h1: -1.0
trend_h4: -1.0
=========================================
Prediction about to be called | ticket=9472909740 | open_time=2026-07-08 14:24:07 | current_time=2026-07-08 11:57:19
[2026-07-08 11:57:19] [INFO] [xgboost_exit_model] [EXIT_MODEL] XGBoost prediction: probability=0.1%
[2026-07-08 11:57:19] [INFO] [xgboost_exit_adapter] [EXIT_MODEL] ticket=9472909740 prediction_exit_probability=0.0015 decision_signal=0.1%
[2026-07-08 11:57:20] [WARNING] [reconciliation] [RECONCILE] positions_get returned None attempt=2/3 last_error=(-10004, 'No IPC connection')
[2026-07-08 11:57:20] [WARNING] [reconciliation] [RECONCILE] IPC still failing (-10004). shutdown+initialize before next retry...
[2026-07-08 11:57:23] [WARNING] [mt5_watchdog] MT5 disconnected! Attempt 1/3
[2026-07-08 11:57:24] [INFO] [qd_client] Logged in to QuantDinger
[2026-07-08 11:57:24] [INFO] [mt5_watchdog] MT5 already connected
[2026-07-08 11:57:24] [INFO] [mt5_watchdog] MT5 reconnected successfully!
[2026-07-08 11:57:24] [INFO] [post_entry_trade_monitor] [MONITOR_ID_DIAG] ts=1783501044 symbol=EURUSD d_ticket=9472909740 d_position_id=None d_id=None chosen_ticket=9472909740
[2026-07-08 11:57:24] [INFO] [post_entry_manager] [POST_ENTRY] Monitoring ticket=9472909740
[2026-07-08 11:57:24] [WARNING] [market_regime_detector] [REGIME] MT5 IPC failure – skipping ATR this cycle symbol=EURUSD timeframe=H4 tf=16388 bars=200
[2026-07-08 11:57:24] [INFO] [market_regime_detector] [REGIME] Could not compute ATR from MT5 for EURUSD
[2026-07-08 11:57:24] [INFO] [stop_loss_breach_rule] [SL_CHECK] ticket=9472909740 direction=buy current=1.14134 sl=0 breached=False
[2026-07-08 11:57:24] [INFO] [red_flag_detector] ========== RED FLAG REPORT ==========
[2026-07-08 11:57:24] [INFO] [red_flag_detector] ProfitDecay : NO
[2026-07-08 11:57:24] [INFO] [red_flag_detector] TradeHealth : NO
[2026-07-08 11:57:24] [INFO] [red_flag_detector] ATRSpike : NO
[2026-07-08 11:57:24] [INFO] [red_flag_detector] BadRegime : NO
[2026-07-08 11:57:24] [INFO] [red_flag_detector] FlagCount : 0
[2026-07-08 11:57:24] [INFO] [red_flag_detector] Score : 0.000
[2026-07-08 11:57:24] [INFO] [red_flag_detector] Severity : 0
[2026-07-08 11:57:24] [INFO] [red_flag_detector] ======================================
[2026-07-08 11:57:24] [WARNING] [xgboost_exit_adapter] [EXIT_MODEL] Using default ATR for EURUSD: 0.001
[2026-07-08 11:57:24] [INFO] [xgboost_exit_adapter] ========== EXIT MODEL FEATURES ==========
atr: 0.001 | rsi: 50.0 | mfe: 0.0 | mae: -60.0
trade_health: 50.0 | profit_decay_pct: 0.0
time_open_hours: 0.5548525892363654 | spread: 15.0 | news_impact: 0
market_regime: UNKNOWN | volume: 1.0 | session: london
adx: -1.0
trend_h1: -1.0
trend_h4: -1.0
=========================================
Prediction about to be called | ticket=9472909740 | open_time=2026-07-08 14:24:07 | current_time=2026-07-08 11:57:24
[2026-07-08 11:57:24] [INFO] [xgboost_exit_model] [EXIT_MODEL] XGBoost prediction: probability=0.1%
[2026-07-08 11:57:24] [INFO] [xgboost_exit_adapter] [EXIT_MODEL] ticket=9472909740 prediction_exit_probability=0.0015 decision_signal=0.1%
[2026-07-08 11:58:18] [WARNING] [reconciliation] [RECONCILE] MT5 positions_get returned None (query failure). last_error=(-10004, 'No IPC connection')
[2026-07-08 11:58:18] [WARNING] [reconciliation] [RECONCILE] MT5 positions_get query failed; skipping orphan checks for this cycle.
[2026-07-08 11:58:23] [WARNING] [reconciliation] [RECONCILE] positions_get returned None attempt=1/3 last_error=(-10004, 'No IPC connection')
[2026-07-08 11:58:23] [WARNING] [reconciliation] [RECONCILE] IPC still failing (-10004). shutdown+initialize before next retry...
[2026-07-08 11:58:29] [INFO] [post_entry_trade_monitor] [MONITOR_ID_DIAG] ts=1783501109 symbol=EURUSD d_ticket=9472909740 d_position_id=None d_id=None chosen_ticket=9472909740
[2026-07-08 11:58:29] [INFO] [post_entry_manager] [POST_ENTRY] Monitoring ticket=9472909740
[2026-07-08 11:58:29] [WARNING] [market_regime_detector] [REGIME] MT5 IPC failure – skipping ATR this cycle symbol=EURUSD timeframe=H4 tf=16388 bars=200
[2026-07-08 11:58:29] [INFO] [market_regime_detector] [REGIME] Could not compute ATR from MT5 for EURUSD
[2026-07-08 11:58:29] [INFO] [stop_loss_breach_rule] [SL_CHECK] ticket=9472909740 direction=buy current=1.14106 sl=0 breached=False
[2026-07-08 11:58:29] [INFO] [red_flag_detector] ========== RED FLAG REPORT ==========
[2026-07-08 11:58:29] [INFO] [red_flag_detector] ProfitDecay : NO
[2026-07-08 11:58:29] [INFO] [red_flag_detector] TradeHealth : NO
[2026-07-08 11:58:29] [INFO] [red_flag_detector] ATRSpike : NO
[2026-07-08 11:58:29] [INFO] [red_flag_detector] BadRegime : NO
[2026-07-08 11:58:29] [INFO] [red_flag_detector] FlagCount : 0
[2026-07-08 11:58:29] [INFO] [red_flag_detector] Score : 0.000
[2026-07-08 11:58:29] [INFO] [red_flag_detector] Severity : 0
[2026-07-08 11:58:29] [INFO] [red_flag_detector] ======================================
[2026-07-08 11:58:29] [WARNING] [xgboost_exit_adapter] [EXIT_MODEL] Using default ATR for EURUSD: 0.001
[2026-07-08 11:58:29] [INFO] [xgboost_exit_adapter] ========== EXIT MODEL FEATURES ==========
atr: 0.001 | rsi: 50.0 | mfe: 0.0 | mae: -60.0
trade_health: 50.0 | profit_decay_pct: 0.0
time_open_hours: 0.5729085931513045 | spread: 15.0 | news_impact: 0
market_regime: UNKNOWN | volume: 1.0 | session: london
adx: -1.0
trend_h1: -1.0
trend_h4: -1.0
=========================================
Prediction about to be called | ticket=9472909740 | open_time=2026-07-08 14:24:07 | current_time=2026-07-08 11:58:29
[2026-07-08 11:58:29] [INFO] [xgboost_exit_model] [EXIT_MODEL] XGBoost prediction: probability=0.1%
[2026-07-08 11:58:29] [INFO] [xgboost_exit_adapter] [EXIT_MODEL] ticket=9472909740 prediction_exit_probability=0.0015 decision_signal=0.1%
[2026-07-08 11:58:59] [WARNING] [mt5_watchdog] MT5 disconnected! Attempt 1/3
[2026-07-08 11:59:00] [INFO] [qd_client] Logged in to QuantDinger
[2026-07-08 11:59:00] [INFO] [mt5_watchdog] MT5 already connected
[2026-07-08 11:59:00] [INFO] [mt5_watchdog] MT5 reconnected successfully!
[2026-07-08 11:59:18] [WARNING] [reconciliation] [RECONCILE] MT5 positions_get returned None (query failure). last_error=(-10004, 'No IPC connection')
[2026-07-08 11:59:18] [WARNING] [reconciliation] [RECONCILE] MT5 positions_get query failed; skipping orphan checks for this cycle.
[2026-07-08 11:59:24] [WARNING] [mt5_watchdog] MT5 disconnected! Attempt 1/3
[2026-07-08 11:59:25] [INFO] [qd_client] Logged in to QuantDinger
[2026-07-08 11:59:25] [INFO] [mt5_watchdog] MT5 already connected
[2026-07-08 11:59:25] [INFO] [mt5_watchdog] MT5 reconnected successfully!
[2026-07-08 11:59:26] [WARNING] [reconciliation] [RECONCILE] positions_get returned None attempt=1/3 last_error=(-10004, 'No IPC connection')
[2026-07-08 11:59:26] [WARNING] [reconciliation] [RECONCILE] IPC still failing (-10004). shutdown+initialize before next retry...
[2026-07-08 11:59:29] [INFO] [post_entry_trade_monitor] [MONITOR_ID_DIAG] ts=1783501169 symbol=EURUSD d_ticket=9472909740 d_position_id=None d_id=None chosen_ticket=9472909740
[2026-07-08 11:59:29] [INFO] [post_entry_manager] [POST_ENTRY] Monitoring ticket=9472909740
[2026-07-08 11:59:29] [WARNING] [market_regime_detector] [REGIME] MT5 IPC failure – skipping ATR this cycle symbol=EURUSD timeframe=H4 tf=16388 bars=200
[2026-07-08 11:59:29] [INFO] [market_regime_detector] [REGIME] Could not compute ATR from MT5 for EURUSD
[2026-07-08 11:59:29] [INFO] [stop_loss_breach_rule] [SL_CHECK] ticket=9472909740 direction=buy current=1.1411 sl=0 breached=False
[2026-07-08 11:59:29] [INFO] [red_flag_detector] ========== RED FLAG REPORT ==========
[2026-07-08 11:59:29] [INFO] [red_flag_detector] ProfitDecay : NO
[2026-07-08 11:59:29] [INFO] [red_flag_detector] TradeHealth : NO
[2026-07-08 11:59:29] [INFO] [red_flag_detector] ATRSpike : NO
[2026-07-08 11:59:29] [INFO] [red_flag_detector] BadRegime : NO
[2026-07-08 11:59:29] [INFO] [red_flag_detector] FlagCount : 0
[2026-07-08 11:59:29] [INFO] [red_flag_detector] Score : 0.000
[2026-07-08 11:59:29] [INFO] [red_flag_detector] Severity : 0
[2026-07-08 11:59:29] [INFO] [red_flag_detector] ======================================
[2026-07-08 11:59:29] [WARNING] [xgboost_exit_adapter] [EXIT_MODEL] Using default ATR for EURUSD: 0.001
[2026-07-08 11:59:29] [INFO] [xgboost_exit_adapter] ========== EXIT MODEL FEATURES ==========
atr: 0.001 | rsi: 50.0 | mfe: 0.0 | mae: -60.0
trade_health: 50.0 | profit_decay_pct: 0.0
time_open_hours: 0.5895757765240139 | spread: 15.0 | news_impact: 0
market_regime: UNKNOWN | volume: 1.0 | session: london
adx: -1.0
trend_h1: -1.0
trend_h4: -1.0
=========================================
Prediction about to be called | ticket=9472909740 | open_time=2026-07-08 14:24:07 | current_time=2026-07-08 11:59:29
[2026-07-08 11:59:29] [INFO] [xgboost_exit_model] [EXIT_MODEL] XGBoost prediction: probability=0.1%
[2026-07-08 11:59:29] [INFO] [xgboost_exit_adapter] [EXIT_MODEL] ticket=9472909740 prediction_exit_probability=0.0015 decision_signal=0.1%
[2026-07-08 11:59:29] [WARNING] [reconciliation] [RECONCILE] positions_get returned None attempt=2/3 last_error=(-10004, 'No IPC connection')
[2026-07-08 11:59:29] [WARNING] [reconciliation] [RECONCILE] IPC still failing (-10004). shutdown+initialize before next retry...
[2026-07-08 11:59:34] [INFO] [post_entry_trade_monitor] [MONITOR_ID_DIAG] ts=1783501174 symbol=EURUSD d_ticket=9472909740 d_position_id=None d_id=None chosen_ticket=9472909740
[2026-07-08 11:59:34] [INFO] [post_entry_manager] [POST_ENTRY] Monitoring ticket=9472909740
[2026-07-08 11:59:34] [WARNING] [market_regime_detector] [REGIME] MT5 IPC failure – skipping ATR this cycle symbol=EURUSD timeframe=H4 tf=16388 bars=200
[2026-07-08 11:59:34] [INFO] [market_regime_detector] [REGIME] Could not compute ATR from MT5 for EURUSD
[2026-07-08 11:59:34] [INFO] [stop_loss_breach_rule] [SL_CHECK] ticket=9472909740 direction=buy current=1.14106 sl=0 breached=False
[2026-07-08 11:59:34] [INFO] [red_flag_detector] ========== RED FLAG REPORT ==========
[2026-07-08 11:59:34] [INFO] [red_flag_detector] ProfitDecay : NO
[2026-07-08 11:59:34] [INFO] [red_flag_detector] TradeHealth : NO
[2026-07-08 11:59:34] [INFO] [red_flag_detector] ATRSpike : NO
[2026-07-08 11:59:34] [INFO] [red_flag_detector] BadRegime : NO
[2026-07-08 11:59:34] [INFO] [red_flag_detector] FlagCount : 0
[2026-07-08 11:59:34] [INFO] [red_flag_detector] Score : 0.000
[2026-07-08 11:59:34] [INFO] [red_flag_detector] Severity : 0
[2026-07-08 11:59:34] [INFO] [red_flag_detector] ======================================
[2026-07-08 11:59:34] [WARNING] [xgboost_exit_adapter] [EXIT_MODEL] Using default ATR for EURUSD: 0.001
[2026-07-08 11:59:34] [INFO] [xgboost_exit_adapter] ========== EXIT MODEL FEATURES ==========
atr: 0.001 | rsi: 50.0 | mfe: 0.0 | mae: -60.0
trade_health: 50.0 | profit_decay_pct: 0.0
time_open_hours: 0.5909666719701555 | spread: 15.0 | news_impact: 0
market_regime: UNKNOWN | volume: 1.0 | session: london
adx: -1.0
trend_h1: -1.0
trend_h4: -1.0
=========================================
Prediction about to be called | ticket=9472909740 | open_time=2026-07-08 14:24:07 | current_time=2026-07-08 11:59:34
[2026-07-08 11:59:34] [INFO] [xgboost_exit_model] [EXIT_MODEL] XGBoost prediction: probability=0.1%
[2026-07-08 11:59:34] [INFO] [xgboost_exit_adapter] [EXIT_MODEL] ticket=9472909740 prediction_exit_probability=0.0015 decision_signal=0.1%
[2026-07-08 12:00:18] [WARNING] [reconciliation] [RECONCILE] MT5 positions_get returned None (query failure). last_error=(-10004, 'No IPC connection')
[2026-07-08 12:00:18] [WARNING] [reconciliation] [RECONCILE] MT5 positions_get query failed; skipping orphan checks for this cycle.
[2026-07-08 12:00:32] [WARNING] [reconciliation] [RECONCILE] positions_get returned None attempt=1/3 last_error=(-10004, 'No IPC connection')
[2026-07-08 12:00:32] [WARNING] [reconciliation] [RECONCILE] IPC still failing (-10004). shutdown+initialize before next retry...
[2026-07-08 12:00:34] [INFO] [post_entry_trade_monitor] [MONITOR_ID_DIAG] ts=1783501234 symbol=EURUSD d_ticket=9472909740 d_position_id=None d_id=None chosen_ticket=9472909740
[2026-07-08 12:00:34] [INFO] [post_entry_manager] [POST_ENTRY] Monitoring ticket=9472909740
[2026-07-08 12:00:34] [WARNING] [market_regime_detector] [REGIME] MT5 IPC failure – skipping ATR this cycle symbol=EURUSD timeframe=H4 tf=16388 bars=200
[2026-07-08 12:00:34] [INFO] [market_regime_detector] [REGIME] Could not compute ATR from MT5 for EURUSD
[2026-07-08 12:00:34] [INFO] [stop_loss_breach_rule] [SL_CHECK] ticket=9472909740 direction=buy current=1.1408800000000001 sl=0 breached=False
[2026-07-08 12:00:34] [INFO] [red_flag_detector] ========== RED FLAG REPORT ==========
[2026-07-08 12:00:34] [INFO] [red_flag_detector] ProfitDecay : NO
[2026-07-08 12:00:34] [INFO] [red_flag_detector] TradeHealth : NO
[2026-07-08 12:00:34] [INFO] [red_flag_detector] ATRSpike : NO
[2026-07-08 12:00:34] [INFO] [red_flag_detector] BadRegime : NO
[2026-07-08 12:00:34] [INFO] [red_flag_detector] FlagCount : 0
[2026-07-08 12:00:34] [INFO] [red_flag_detector] Score : 0.000
[2026-07-08 12:00:34] [INFO] [red_flag_detector] Severity : 0
[2026-07-08 12:00:34] [INFO] [red_flag_detector] ======================================
[2026-07-08 12:00:34] [WARNING] [xgboost_exit_adapter] [EXIT_MODEL] Using default ATR for EURUSD: 0.001
[2026-07-08 12:00:34] [INFO] [xgboost_exit_adapter] ========== EXIT MODEL FEATURES ==========
atr: 0.001 | rsi: 50.0 | mfe: 4.0 | mae: -60.0
trade_health: 50.0 | profit_decay_pct: 0.0
time_open_hours: 0.6076340291235182 | spread: 15.0 | news_impact: 0
market_regime: UNKNOWN | volume: 1.0 | session: london
adx: -1.0
trend_h1: -1.0
trend_h4: -1.0
=========================================
Prediction about to be called | ticket=9472909740 | open_time=2026-07-08 14:24:07 | current_time=2026-07-08 12:00:34
[2026-07-08 12:00:34] [INFO] [xgboost_exit_model] [EXIT_MODEL] XGBoost prediction: probability=0.1%
[2026-07-08 12:00:34] [INFO] [xgboost_exit_adapter] [EXIT_MODEL] ticket=9472909740 prediction_exit_probability=0.0011 decision_signal=0.1%
[2026-07-08 12:00:35] [WARNING] [reconciliation] [RECONCILE] positions_get returned None attempt=2/3 last_error=(-10004, 'No IPC connection')
[2026-07-08 12:00:35] [WARNING] [reconciliation] [RECONCILE] IPC still failing (-10004). shutdown+initialize before next retry...
[2026-07-08 12:00:39] [INFO] [post_entry_trade_monitor] [MONITOR_ID_DIAG] ts=1783501239 symbol=EURUSD d_ticket=9472909740 d_position_id=None d_id=None chosen_ticket=9472909740
[2026-07-08 12:00:39] [INFO] [post_entry_manager] [POST_ENTRY] Monitoring ticket=9472909740
[2026-07-08 12:00:39] [WARNING] [market_regime_detector] [REGIME] MT5 IPC failure – skipping ATR this cycle symbol=EURUSD timeframe=H4 tf=16388 bars=200
[2026-07-08 12:00:39] [INFO] [market_regime_detector] [REGIME] Could not compute ATR from MT5 for EURUSD
[2026-07-08 12:00:39] [INFO] [stop_loss_breach_rule] [SL_CHECK] ticket=9472909740 direction=buy current=1.14089 sl=0 breached=False
[2026-07-08 12:00:39] [INFO] [red_flag_detector] ========== RED FLAG REPORT ==========
[2026-07-08 12:00:39] [INFO] [red_flag_detector] ProfitDecay : NO
[2026-07-08 12:00:39] [INFO] [red_flag_detector] TradeHealth : NO
[2026-07-08 12:00:39] [INFO] [red_flag_detector] ATRSpike : NO
[2026-07-08 12:00:39] [INFO] [red_flag_detector] BadRegime : NO
[2026-07-08 12:00:39] [INFO] [red_flag_detector] FlagCount : 0
[2026-07-08 12:00:39] [INFO] [red_flag_detector] Score : 0.000
[2026-07-08 12:00:39] [INFO] [red_flag_detector] Severity : 0
[2026-07-08 12:00:39] [INFO] [red_flag_detector] ======================================
[2026-07-08 12:00:39] [WARNING] [xgboost_exit_adapter] [EXIT_MODEL] Using default ATR for EURUSD: 0.001
[2026-07-08 12:00:39] [INFO] [xgboost_exit_adapter] ========== EXIT MODEL FEATURES ==========
atr: 0.001 | rsi: 50.0 | mfe: 4.0 | mae: -60.0
trade_health: 50.0 | profit_decay_pct: 25.0
time_open_hours: 0.6090247187349531 | spread: 15.0 | news_impact: 0
market_regime: UNKNOWN | volume: 1.0 | session: london
adx: -1.0
trend_h1: -1.0
trend_h4: -1.0
=========================================
Prediction about to be called | ticket=9472909740 | open_time=2026-07-08 14:24:07 | current_time=2026-07-08 12:00:39
[2026-07-08 12:00:39] [INFO] [xgboost_exit_model] [EXIT_MODEL] XGBoost prediction: probability=0.1%
[2026-07-08 12:00:39] [INFO] [xgboost_exit_adapter] [EXIT_MODEL] ticket=9472909740 prediction_exit_probability=0.0011 decision_signal=0.1%
[2026-07-08 12:01:01] [WARNING] [mt5_watchdog] MT5 disconnected! Attempt 1/3
[2026-07-08 12:01:01] [INFO] [qd_client] Logged in to QuantDinger
[2026-07-08 12:01:02] [INFO] [mt5_watchdog] MT5 already connected
[2026-07-08 12:01:02] [INFO] [mt5_watchdog] MT5 reconnected successfully!
[2026-07-08 12:01:18] [WARNING] [reconciliation] [RECONCILE] MT5 positions_get returned None (query failure). last_error=(-10004, 'No IPC connection')
[2026-07-08 12:01:18] [WARNING] [reconciliation] [RECONCILE] MT5 positions_get query failed; skipping orphan checks for this cycle.
[2026-07-08 12:01:26] [WARNING] [mt5_watchdog] MT5 disconnected! Attempt 1/3
[2026-07-08 12:01:26] [INFO] [qd_client] Logged in to QuantDinger
[2026-07-08 12:01:26] [INFO] [mt5_watchdog] MT5 already connected
[2026-07-08 12:01:26] [INFO] [mt5_watchdog] MT5 reconnected successfully!
[2026-07-08 12:01:38] [WARNING] [reconciliation] [RECONCILE] positions_get returned None attempt=1/3 last_error=(-10004, 'No IPC connection')
[2026-07-08 12:01:38] [WARNING] [reconciliation] [RECONCILE] IPC still failing (-10004). shutdown+initialize before next retry...
[2026-07-08 12:01:44] [INFO] [post_entry_trade_monitor] [MONITOR_ID_DIAG] ts=1783501304 symbol=EURUSD d_ticket=9472909740 d_position_id=None d_id=None chosen_ticket=9472909740
[2026-07-08 12:01:44] [INFO] [post_entry_manager] [POST_ENTRY] Monitoring ticket=9472909740
[2026-07-08 12:01:44] [WARNING] [market_regime_detector] [REGIME] MT5 IPC failure – skipping ATR this cycle symbol=EURUSD timeframe=H4 tf=16388 bars=200
[2026-07-08 12:01:44] [INFO] [market_regime_detector] [REGIME] Could not compute ATR from MT5 for EURUSD
[2026-07-08 12:01:44] [INFO] [stop_loss_breach_rule] [SL_CHECK] ticket=9472909740 direction=buy current=1.14078 sl=0 breached=False
[2026-07-08 12:01:44] [INFO] [red_flag_detector] ========== RED FLAG REPORT ==========
[2026-07-08 12:01:44] [INFO] [red_flag_detector] ProfitDecay : NO
[2026-07-08 12:01:44] [INFO] [red_flag_detector] TradeHealth : NO
[2026-07-08 12:01:44] [INFO] [red_flag_detector] ATRSpike : NO
[2026-07-08 12:01:44] [INFO] [red_flag_detector] BadRegime : NO
[2026-07-08 12:01:44] [INFO] [red_flag_detector] FlagCount : 0
[2026-07-08 12:01:44] [INFO] [red_flag_detector] Score : 0.000
[2026-07-08 12:01:44] [INFO] [red_flag_detector] Severity : 0
[2026-07-08 12:01:44] [INFO] [red_flag_detector] ======================================
[2026-07-08 12:01:44] [WARNING] [xgboost_exit_adapter] [EXIT_MODEL] Using default ATR for EURUSD: 0.001
[2026-07-08 12:01:44] [INFO] [xgboost_exit_adapter] ========== EXIT MODEL FEATURES ==========
atr: 0.001 | rsi: 50.0 | mfe: 14.0 | mae: -60.0
trade_health: 50.0 | profit_decay_pct: 0.0
time_open_hours: 0.6270807203981611 | spread: 15.0 | news_impact: 0
market_regime: UNKNOWN | volume: 1.0 | session: london
adx: -1.0
trend_h1: -1.0
trend_h4: -1.0
=========================================
Prediction about to be called | ticket=9472909740 | open_time=2026-07-08 14:24:07 | current_time=2026-07-08 12:01:44
[2026-07-08 12:01:44] [INFO] [xgboost_exit_model] [EXIT_MODEL] XGBoost prediction: probability=0.1%
[2026-07-08 12:01:44] [INFO] [xgboost_exit_adapter] [EXIT_MODEL] ticket=9472909740 prediction_exit_probability=0.0011 decision_signal=0.1%
[2026-07-08 12:02:18] [WARNING] [reconciliation] [RECONCILE] MT5 positions_get returned None (query failure). last_error=(-10004, 'No IPC connection')
[2026-07-08 12:02:18] [WARNING] [reconciliation] [RECONCILE] MT5 positions_get query failed; skipping orphan checks for this cycle.
[2026-07-08 12:02:41] [WARNING] [reconciliation] [RECONCILE] positions_get returned None attempt=1/3 last_error=(-10004, 'No IPC connection')
[2026-07-08 12:02:41] [WARNING] [reconciliation] [RECONCILE] IPC still failing (-10004). shutdown+initialize before next retry...
[2026-07-08 12:02:44] [INFO] [post_entry_trade_monitor] [MONITOR_ID_DIAG] ts=1783501364 symbol=EURUSD d_ticket=9472909740 d_position_id=None d_id=None chosen_ticket=9472909740
[2026-07-08 12:02:44] [INFO] [post_entry_manager] [POST_ENTRY] Monitoring ticket=9472909740
[2026-07-08 12:02:44] [WARNING] [market_regime_detector] [REGIME] MT5 IPC failure – skipping ATR this cycle symbol=EURUSD timeframe=H4 tf=16388 bars=200
[2026-07-08 12:02:44] [INFO] [market_regime_detector] [REGIME] Could not compute ATR from MT5 for EURUSD
[2026-07-08 12:02:44] [INFO] [stop_loss_breach_rule] [SL_CHECK] ticket=9472909740 direction=buy current=1.14096 sl=0 breached=False
[2026-07-08 12:02:45] [WARNING] [reconciliation] [RECONCILE] positions_get returned None attempt=2/3 last_error=(-10004, 'No IPC connection')
[2026-07-08 12:02:45] [WARNING] [reconciliation] [RECONCILE] IPC still failing (-10004). shutdown+initialize before next retry...
[2026-07-08 12:03:01] [INFO] [news_fetcher] Fetched 17 relevant news items
[2026-07-08 12:03:01] [INFO] [red_flag_detector] ========== RED FLAG REPORT ==========
[2026-07-08 12:03:01] [INFO] [red_flag_detector] ProfitDecay : YES
[2026-07-08 12:03:01] [INFO] [red_flag_detector] TradeHealth : NO
[2026-07-08 12:03:01] [INFO] [red_flag_detector] ATRSpike : NO
[2026-07-08 12:03:01] [INFO] [red_flag_detector] BadRegime : NO
[2026-07-08 12:03:01] [INFO] [red_flag_detector] FlagCount : 1
[2026-07-08 12:03:01] [INFO] [red_flag_detector] Score : 1.040
[2026-07-08 12:03:01] [INFO] [red_flag_detector] Severity : 1
[2026-07-08 12:03:01] [INFO] [red_flag_detector] ======================================
[2026-07-08 12:03:01] [INFO] [xgboost_exit_adapter] [EXIT_MODEL] ATR calculated from candles: 0.0010335714285713957 (symbol=EURUSD)
[2026-07-08 12:03:01] [INFO] [xgboost_exit_adapter] ========== EXIT MODEL FEATURES ==========
atr: 0.0010335714285713957 | rsi: 50.0 | mfe: 14.0 | mae: -60.0
trade_health: 50.0 | profit_decay_pct: 104.0
time_open_hours: 0.6485804934634103 | spread: 15.0 | news_impact: 0
market_regime: UNKNOWN | volume: 1.0 | session: london
adx: -1.0
trend_h1: -1.0
trend_h4: -1.0
=========================================
Prediction about to be called | ticket=9472909740 | open_time=2026-07-08 14:24:07 | current_time=2026-07-08 12:03:01
[2026-07-08 12:03:01] [INFO] [xgboost_exit_model] [EXIT_MODEL] XGBoost prediction: probability=0.1%
[2026-07-08 12:03:01] [INFO] [xgboost_exit_adapter] [EXIT_MODEL] ticket=9472909740 prediction_exit_probability=0.0011 decision_signal=0.1%
[2026-07-08 12:03:02] [WARNING] [mt5_watchdog] MT5 disconnected! Attempt 1/3
[2026-07-08 12:03:03] [INFO] [qd_client] Logged in to QuantDinger
[2026-07-08 12:03:03] [INFO] [mt5_watchdog] MT5 already connected
[2026-07-08 12:03:03] [INFO] [mt5_watchdog] MT5 reconnected successfully!
[2026-07-08 12:03:06] [INFO] [post_entry_trade_monitor] [MONITOR_ID_DIAG] ts=1783501386 symbol=EURUSD d_ticket=9472909740 d_position_id=None d_id=None chosen_ticket=9472909740
[2026-07-08 12:03:06] [INFO] [post_entry_manager] [POST_ENTRY] Monitoring ticket=9472909740
[2026-07-08 12:03:06] [WARNING] [market_regime_detector] [REGIME] MT5 IPC failure – skipping ATR this cycle symbol=EURUSD timeframe=H4 tf=16388 bars=200
[2026-07-08 12:03:06] [INFO] [market_regime_detector] [REGIME] Could not compute ATR from MT5 for EURUSD
[2026-07-08 12:03:06] [INFO] [stop_loss_breach_rule] [SL_CHECK] ticket=9472909740 direction=buy current=1.141 sl=0 breached=False
[2026-07-08 12:03:06] [INFO] [red_flag_detector] ========== RED FLAG REPORT ==========
[2026-07-08 12:03:06] [INFO] [red_flag_detector] ProfitDecay : YES
[2026-07-08 12:03:06] [INFO] [red_flag_detector] TradeHealth : NO
[2026-07-08 12:03:06] [INFO] [red_flag_detector] ATRSpike : NO
[2026-07-08 12:03:06] [INFO] [red_flag_detector] BadRegime : NO
[2026-07-08 12:03:06] [INFO] [red_flag_detector] FlagCount : 1
[2026-07-08 12:03:06] [INFO] [red_flag_detector] Score : 1.080
[2026-07-08 12:03:06] [INFO] [red_flag_detector] Severity : 1
[2026-07-08 12:03:06] [INFO] [red_flag_detector] ======================================
[2026-07-08 12:03:06] [WARNING] [xgboost_exit_adapter] [EXIT_MODEL] Using default ATR for EURUSD: 0.001
[2026-07-08 12:03:06] [INFO] [xgboost_exit_adapter] ========== EXIT MODEL FEATURES ==========
atr: 0.001 | rsi: 50.0 | mfe: 14.0 | mae: -60.0
trade_health: 50.0 | profit_decay_pct: 108.0
time_open_hours: 0.649981797337532 | spread: 15.0 | news_impact: 0
market_regime: UNKNOWN | volume: 1.0 | session: london
adx: -1.0
trend_h1: -1.0
trend_h4: -1.0
=========================================
Prediction about to be called | ticket=9472909740 | open_time=2026-07-08 14:24:07 | current_time=2026-07-08 12:03:06
[2026-07-08 12:03:06] [INFO] [xgboost_exit_model] [EXIT_MODEL] XGBoost prediction: probability=0.1%
[2026-07-08 12:03:06] [INFO] [xgboost_exit_adapter] [EXIT_MODEL] ticket=9472909740 prediction_exit_probability=0.0011 decision_signal=0.1%
[2026-07-08 12:03:18] [WARNING] [reconciliation] [RECONCILE] MT5 positions_get returned None (query failure). last_error=(-10004, 'No IPC connection')
[2026-07-08 12:03:18] [WARNING] [reconciliation] [RECONCILE] MT5 positions_get query failed; skipping orphan checks for this cycle.
[2026-07-08 12:03:27] [WARNING] [mt5_watchdog] MT5 disconnected! Attempt 1/3
[2026-07-08 12:03:28] [INFO] [qd_client] Logged in to QuantDinger
[2026-07-08 12:03:28] [INFO] [mt5_watchdog] MT5 already connected
[2026-07-08 12:03:28] [INFO] [mt5_watchdog] MT5 reconnected successfully!
[2026-07-08 12:03:47] [WARNING] [reconciliation] [RECONCILE] positions_get returned None attempt=1/3 last_error=(-10004, 'No IPC connection')
[2026-07-08 12:03:47] [WARNING] [reconciliation] [RECONCILE] IPC still failing (-10004). shutdown+initialize before next retry...
[2026-07-08 12:03:51] [INFO] [post_entry_trade_monitor] [MONITOR_ID_DIAG] ts=1783501431 symbol=EURUSD d_ticket=9472909740 d_position_id=None d_id=None chosen_ticket=9472909740
[2026-07-08 12:03:51] [INFO] [post_entry_manager] [POST_ENTRY] Monitoring ticket=9472909740
[2026-07-08 12:03:51] [WARNING] [market_regime_detector] [REGIME] MT5 IPC failure – skipping ATR this cycle symbol=EURUSD timeframe=H4 tf=16388 bars=200
[2026-07-08 12:03:51] [INFO] [market_regime_detector] [REGIME] Could not compute ATR from MT5 for EURUSD
[2026-07-08 12:03:51] [INFO] [stop_loss_breach_rule] [SL_CHECK] ticket=9472909740 direction=buy current=1.14076 sl=0 breached=False
[2026-07-08 12:03:51] [INFO] [red_flag_detector] ========== RED FLAG REPORT ==========
[2026-07-08 12:03:51] [INFO] [red_flag_detector] ProfitDecay : NO
[2026-07-08 12:03:51] [INFO] [red_flag_detector] TradeHealth : NO
[2026-07-08 12:03:51] [INFO] [red_flag_detector] ATRSpike : NO
[2026-07-08 12:03:51] [INFO] [red_flag_detector] BadRegime : NO
[2026-07-08 12:03:51] [INFO] [red_flag_detector] FlagCount : 0
[2026-07-08 12:03:51] [INFO] [red_flag_detector] Score : 0.000
[2026-07-08 12:03:51] [INFO] [red_flag_detector] Severity : 0
[2026-07-08 12:03:51] [INFO] [red_flag_detector] ======================================
[2026-07-08 12:03:51] [WARNING] [xgboost_exit_adapter] [EXIT_MODEL] Using default ATR for EURUSD: 0.001
[2026-07-08 12:03:51] [INFO] [xgboost_exit_adapter] ========== EXIT MODEL FEATURES ==========
atr: 0.001 | rsi: 50.0 | mfe: 16.0 | mae: -60.0
trade_health: 50.0 | profit_decay_pct: 0.0
time_open_hours: 0.6624821565548579 | spread: 15.0 | news_impact: 0
market_regime: UNKNOWN | volume: 1.0 | session: london
adx: -1.0
trend_h1: -1.0
trend_h4: -1.0
=========================================
Prediction about to be called | ticket=9472909740 | open_time=2026-07-08 14:24:07 | current_time=2026-07-08 12:03:51
[2026-07-08 12:03:51] [INFO] [xgboost_exit_model] [EXIT_MODEL] XGBoost prediction: probability=0.1%
[2026-07-08 12:03:51] [INFO] [xgboost_exit_adapter] [EXIT_MODEL] ticket=9472909740 prediction_exit_probability=0.0011 decision_signal=0.1%
[2026-07-08 12:04:18] [WARNING] [reconciliation] [RECONCILE] MT5 positions_get returned None (query failure). last_error=(-10004, 'No IPC connection')
[2026-07-08 12:04:18] [WARNING] [reconciliation] [RECONCILE] MT5 positions_get query failed; skipping orphan checks for this cycle.
[2026-07-08 12:04:19] [INFO] [main] ==================================================
[2026-07-08 12:04:19] [INFO] [main] Cycle 2 at 12:04:19
[2026-07-08 12:04:19] [INFO] [main] [GUARD] Found 1 open position(s) on MT5.
[2026-07-08 12:04:19] [INFO] [main] [GUARD] Found 1 open trade(s) in database.
[2026-07-08 12:04:19] [INFO] [main] [GUARD] Open positions detected. Skipping all trading this cycle.
[2026-07-08 12:04:19] [INFO] [main] Sleeping 1800s...
[2026-07-08 12:04:19] [INFO] [post_entry_trade_monitor] [MONITOR_ID_DIAG] ts=1783501459 symbol=EURUSD d_ticket=9472909740 d_position_id=None d_id=None chosen_ticket=9472909740
[2026-07-08 12:04:19] [INFO] [post_entry_manager] [POST_ENTRY] Monitoring ticket=9472909740
[2026-07-08 12:04:19] [WARNING] [market_regime_detector] [REGIME] MT5 IPC failure – skipping ATR this cycle symbol=EURUSD timeframe=H4 tf=16388 bars=200
[2026-07-08 12:04:19] [INFO] [market_regime_detector] [REGIME] Could not compute ATR from MT5 for EURUSD
[2026-07-08 12:04:19] [INFO] [stop_loss_breach_rule] [SL_CHECK] ticket=9472909740 direction=buy current=1.14072 sl=0 breached=False
[2026-07-08 12:04:26] [INFO] [news_fetcher] Fetched 17 relevant news items
[2026-07-08 12:04:26] [INFO] [red_flag_detector] ========== RED FLAG REPORT ==========
[2026-07-08 12:04:26] [INFO] [red_flag_detector] ProfitDecay : NO
[2026-07-08 12:04:26] [INFO] [red_flag_detector] TradeHealth : NO
[2026-07-08 12:04:26] [INFO] [red_flag_detector] ATRSpike : NO
[2026-07-08 12:04:26] [INFO] [red_flag_detector] BadRegime : NO
[2026-07-08 12:04:26] [INFO] [red_flag_detector] FlagCount : 0
[2026-07-08 12:04:26] [INFO] [red_flag_detector] Score : 0.000
[2026-07-08 12:04:26] [INFO] [red_flag_detector] Severity : 0
[2026-07-08 12:04:26] [INFO] [red_flag_detector] ======================================
[2026-07-08 12:04:26] [INFO] [xgboost_exit_adapter] ========== EXIT MODEL FEATURES ==========
atr: 0.0 | rsi: 50.0 | mfe: 20.0 | mae: -93.0
trade_health: 50.0 | profit_decay_pct: 0.0
time_open_hours: 0.6720511253012551 | spread: 15.0 | news_impact: 0
market_regime: UNKNOWN | volume: 1.0 | session: london
adx: -1.0
trend_h1: -1.0
trend_h4: -1.0
=========================================
Prediction about to be called | ticket=9472909740 | open_time=2026-07-08 14:24:07 | current_time=2026-07-08 12:04:26
[2026-07-08 12:04:26] [WARNING] [xgboost_exit_adapter] [EXIT_MODEL] features_incomplete=True (core_missing=1) ticket=9472909740 missing_details=atr=0.0
[2026-07-08 12:04:51] [WARNING] [reconciliation] [RECONCILE] positions_get returned None attempt=1/3 last_error=(-10004, 'No IPC connection')
[2026-07-08 12:04:51] [WARNING] [reconciliation] [RECONCILE] IPC still failing (-10004). shutdown+initialize before next retry...
[2026-07-08 12:04:56] [INFO] [post_entry_trade_monitor] [MONITOR_ID_DIAG] ts=1783501496 symbol=EURUSD d_ticket=9472909740 d_position_id=None d_id=None chosen_ticket=9472909740
[2026-07-08 12:04:56] [INFO] [post_entry_manager] [POST_ENTRY] Monitoring ticket=9472909740
[2026-07-08 12:04:56] [WARNING] [market_regime_detector] [REGIME] MT5 IPC failure – skipping ATR this cycle symbol=EURUSD timeframe=H4 tf=16388 bars=200
[2026-07-08 12:04:56] [INFO] [market_regime_detector] [REGIME] Could not compute ATR from MT5 for EURUSD
[2026-07-08 12:04:56] [INFO] [stop_loss_breach_rule] [SL_CHECK] ticket=9472909740 direction=buy current=1.14092 sl=0 breached=False
[2026-07-08 12:04:56] [INFO] [red_flag_detector] ========== RED FLAG REPORT ==========
[2026-07-08 12:04:56] [INFO] [red_flag_detector] ProfitDecay : YES
[2026-07-08 12:04:56] [INFO] [red_flag_detector] TradeHealth : NO
[2026-07-08 12:04:56] [INFO] [red_flag_detector] ATRSpike : NO
[2026-07-08 12:04:56] [INFO] [red_flag_detector] BadRegime : NO
[2026-07-08 12:04:56] [INFO] [red_flag_detector] FlagCount : 1
[2026-07-08 12:04:56] [INFO] [red_flag_detector] Score : 1.000
[2026-07-08 12:04:56] [INFO] [red_flag_detector] Severity : 1
[2026-07-08 12:04:56] [INFO] [red_flag_detector] ======================================
[2026-07-08 12:04:56] [WARNING] [xgboost_exit_adapter] [EXIT_MODEL] Using default ATR for EURUSD: 0.001
[2026-07-08 12:04:56] [INFO] [xgboost_exit_adapter] ========== EXIT MODEL FEATURES ==========
atr: 0.001 | rsi: 50.0 | mfe: 16.0 | mae: -60.0
trade_health: 50.0 | profit_decay_pct: 100.0
time_open_hours: 0.6805374799172084 | spread: 15.0 | news_impact: 0
market_regime: UNKNOWN | volume: 1.0 | session: london
adx: -1.0
trend_h1: -1.0
trend_h4: -1.0
=========================================
Prediction about to be called | ticket=9472909740 | open_time=2026-07-08 14:24:07 | current_time=2026-07-08 12:04:56
[2026-07-08 12:04:56] [INFO] [xgboost_exit_model] [EXIT_MODEL] XGBoost prediction: probability=0.1%
[2026-07-08 12:04:56] [INFO] [xgboost_exit_adapter] [EXIT_MODEL] ticket=9472909740 prediction_exit_probability=0.0011 decision_signal=0.1%
[2026-07-08 12:05:04] [WARNING] [mt5_watchdog] MT5 disconnected! Attempt 1/3
[2026-07-08 12:05:05] [INFO] [qd_client] Logged in to QuantDinger
[2026-07-08 12:05:05] [INFO] [mt5_watchdog] MT5 already connected
[2026-07-08 12:05:05] [INFO] [mt5_watchdog] MT5 reconnected successfully!
[2026-07-08 12:05:18] [WARNING] [reconciliation] [RECONCILE] MT5 positions_get returned None (query failure). last_error=(-10004, 'No IPC connection')
[2026-07-08 12:05:18] [WARNING] [reconciliation] [RECONCILE] MT5 positions_get query failed; skipping orphan checks for this cycle.
[2026-07-08 12:05:28] [WARNING] [mt5_watchdog] MT5 disconnected! Attempt 1/3
[2026-07-08 12:05:29] [INFO] [qd_client] Logged in to QuantDinger
[2026-07-08 12:05:29] [INFO] [mt5_watchdog] MT5 already connected
[2026-07-08 12:05:29] [INFO] [mt5_watchdog] MT5 reconnected successfully!
[2026-07-08 12:05:54] [WARNING] [reconciliation] [RECONCILE] positions_get returned None attempt=1/3 last_error=(-10004, 'No IPC connection')
[2026-07-08 12:05:54] [WARNING] [reconciliation] [RECONCILE] IPC still failing (-10004). shutdown+initialize before next retry...
[2026-07-08 12:05:56] [INFO] [post_entry_trade_monitor] [MONITOR_ID_DIAG] ts=1783501556 symbol=EURUSD d_ticket=9472909740 d_position_id=None d_id=None chosen_ticket=9472909740
[2026-07-08 12:05:56] [INFO] [post_entry_manager] [POST_ENTRY] Monitoring ticket=9472909740
[2026-07-08 12:05:56] [WARNING] [market_regime_detector] [REGIME] MT5 IPC failure – skipping ATR this cycle symbol=EURUSD timeframe=H4 tf=16388 bars=200
[2026-07-08 12:05:56] [INFO] [market_regime_detector] [REGIME] Could not compute ATR from MT5 for EURUSD
[2026-07-08 12:05:56] [INFO] [stop_loss_breach_rule] [SL_CHECK] ticket=9472909740 direction=buy current=1.14087 sl=0 breached=False
[2026-07-08 12:05:56] [INFO] [red_flag_detector] ========== RED FLAG REPORT ==========
[2026-07-08 12:05:56] [INFO] [red_flag_detector] ProfitDecay : NO
[2026-07-08 12:05:56] [INFO] [red_flag_detector] TradeHealth : NO
[2026-07-08 12:05:56] [INFO] [red_flag_detector] ATRSpike : NO
[2026-07-08 12:05:56] [INFO] [red_flag_detector] BadRegime : NO
[2026-07-08 12:05:56] [INFO] [red_flag_detector] FlagCount : 0
[2026-07-08 12:05:56] [INFO] [red_flag_detector] Score : 0.000
[2026-07-08 12:05:56] [INFO] [red_flag_detector] Severity : 0
[2026-07-08 12:05:56] [INFO] [red_flag_detector] ======================================
[2026-07-08 12:05:56] [WARNING] [xgboost_exit_adapter] [EXIT_MODEL] Using default ATR for EURUSD: 0.001
[2026-07-08 12:05:56] [INFO] [xgboost_exit_adapter] ========== EXIT MODEL FEATURES ==========
atr: 0.001 | rsi: 50.0 | mfe: 16.0 | mae: -60.0
trade_health: 50.0 | profit_decay_pct: 68.75
time_open_hours: 0.6972043999036153 | spread: 15.0 | news_impact: 0
market_regime: UNKNOWN | volume: 1.0 | session: london
adx: -1.0
trend_h1: -1.0
trend_h4: -1.0
=========================================
Prediction about to be called | ticket=9472909740 | open_time=2026-07-08 14:24:07 | current_time=2026-07-08 12:05:56
[2026-07-08 12:05:56] [INFO] [xgboost_exit_model] [EXIT_MODEL] XGBoost prediction: probability=0.1%
[2026-07-08 12:05:56] [INFO] [xgboost_exit_adapter] [EXIT_MODEL] ticket=9472909740 prediction_exit_probability=0.0011 decision_signal=0.1%
[2026-07-08 12:05:57] [WARNING] [reconciliation] [RECONCILE] positions_get returned None attempt=2/3 last_error=(-10004, 'No IPC connection')
[2026-07-08 12:05:57] [WARNING] [reconciliation] [RECONCILE] IPC still failing (-10004). shutdown+initialize before next retry...
[2026-07-08 12:06:01] [INFO] [post_entry_trade_monitor] [MONITOR_ID_DIAG] ts=1783501561 symbol=EURUSD d_ticket=9472909740 d_position_id=None d_id=None chosen_ticket=9472909740
[2026-07-08 12:06:01] [INFO] [post_entry_manager] [POST_ENTRY] Monitoring ticket=9472909740
[2026-07-08 12:06:01] [WARNING] [market_regime_detector] [REGIME] MT5 IPC failure – skipping ATR this cycle symbol=EURUSD timeframe=H4 tf=16388 bars=200
[2026-07-08 12:06:01] [INFO] [market_regime_detector] [REGIME] Could not compute ATR from MT5 for EURUSD
[2026-07-08 12:06:01] [INFO] [stop_loss_breach_rule] [SL_CHECK] ticket=9472909740 direction=buy current=1.14075 sl=0 breached=False
[2026-07-08 12:06:01] [INFO] [red_flag_detector] ========== RED FLAG REPORT ==========
[2026-07-08 12:06:01] [INFO] [red_flag_detector] ProfitDecay : NO
[2026-07-08 12:06:01] [INFO] [red_flag_detector] TradeHealth : NO
[2026-07-08 12:06:01] [INFO] [red_flag_detector] ATRSpike : NO
[2026-07-08 12:06:01] [INFO] [red_flag_detector] BadRegime : NO
[2026-07-08 12:06:01] [INFO] [red_flag_detector] FlagCount : 0
[2026-07-08 12:06:01] [INFO] [red_flag_detector] Score : 0.000
[2026-07-08 12:06:01] [INFO] [red_flag_detector] Severity : 0
[2026-07-08 12:06:01] [INFO] [red_flag_detector] ======================================
[2026-07-08 12:06:01] [WARNING] [xgboost_exit_adapter] [EXIT_MODEL] Using default ATR for EURUSD: 0.001
[2026-07-08 12:06:01] [INFO] [xgboost_exit_adapter] ========== EXIT MODEL FEATURES ==========
atr: 0.001 | rsi: 50.0 | mfe: 17.0 | mae: -60.0
trade_health: 50.0 | profit_decay_pct: 0.0
time_open_hours: 0.698594739039739 | spread: 15.0 | news_impact: 0
market_regime: UNKNOWN | volume: 1.0 | session: london
adx: -1.0
trend_h1: -1.0
trend_h4: -1.0
=========================================
Prediction about to be called | ticket=9472909740 | open_time=2026-07-08 14:24:07 | current_time=2026-07-08 12:06:01
[2026-07-08 12:06:01] [INFO] [xgboost_exit_model] [EXIT_MODEL] XGBoost prediction: probability=0.1%
[2026-07-08 12:06:01] [INFO] [xgboost_exit_adapter] [EXIT_MODEL] ticket=9472909740 prediction_exit_probability=0.0011 decision_signal=0.1%
[2026-07-08 12:06:18] [WARNING] [reconciliation] [RECONCILE] MT5 positions_get returned None (query failure). last_error=(-10004, 'No IPC connection')
[2026-07-08 12:06:18] [WARNING] [reconciliation] [RECONCILE] MT5 positions_get query failed; skipping orphan checks for this cycle.
[2026-07-08 12:06:56] [INFO] [post_entry_trade_monitor] [MONITOR_ID_DIAG] ts=1783501616 symbol=EURUSD d_ticket=9472909740 d_position_id=None d_id=None chosen_ticket=9472909740
[2026-07-08 12:06:56] [INFO] [post_entry_manager] [POST_ENTRY] Monitoring ticket=9472909740
[2026-07-08 12:06:56] [WARNING] [market_regime_detector] [REGIME] MT5 IPC failure – skipping ATR this cycle symbol=EURUSD timeframe=H4 tf=16388 bars=200
[2026-07-08 12:06:56] [INFO] [market_regime_detector] [REGIME] Could not compute ATR from MT5 for EURUSD
[2026-07-08 12:06:56] [INFO] [stop_loss_breach_rule] [SL_CHECK] ticket=9472909740 direction=buy current=1.1407 sl=0 breached=False
[2026-07-08 12:06:56] [INFO] [red_flag_detector] ========== RED FLAG REPORT ==========
[2026-07-08 12:06:56] [INFO] [red_flag_detector] ProfitDecay : NO
[2026-07-08 12:06:56] [INFO] [red_flag_detector] TradeHealth : NO
[2026-07-08 12:06:56] [INFO] [red_flag_detector] ATRSpike : NO
[2026-07-08 12:06:56] [INFO] [red_flag_detector] BadRegime : NO
[2026-07-08 12:06:56] [INFO] [red_flag_detector] FlagCount : 0
[2026-07-08 12:06:56] [INFO] [red_flag_detector] Score : 0.000
[2026-07-08 12:06:56] [INFO] [red_flag_detector] Severity : 0
[2026-07-08 12:06:56] [INFO] [red_flag_detector] ======================================
[2026-07-08 12:06:56] [WARNING] [xgboost_exit_adapter] [EXIT_MODEL] Using default ATR for EURUSD: 0.001
[2026-07-08 12:06:56] [INFO] [xgboost_exit_adapter] ========== EXIT MODEL FEATURES ==========
atr: 0.001 | rsi: 50.0 | mfe: 22.0 | mae: -60.0
trade_health: 50.0 | profit_decay_pct: 0.0
time_open_hours: 0.7138730254438188 | spread: 15.0 | news_impact: 0
market_regime: UNKNOWN | volume: 1.0 | session: london
adx: -1.0
trend_h1: -1.0
trend_h4: -1.0
=========================================
Prediction about to be called | ticket=9472909740 | open_time=2026-07-08 14:24:07 | current_time=2026-07-08 12:06:56
[2026-07-08 12:06:56] [INFO] [xgboost_exit_model] [EXIT_MODEL] XGBoost prediction: probability=0.1%
[2026-07-08 12:06:56] [INFO] [xgboost_exit_adapter] [EXIT_MODEL] ticket=9472909740 prediction_exit_probability=0.0011 decision_signal=0.1%
[2026-07-08 12:07:00] [WARNING] [reconciliation] [RECONCILE] positions_get returned None attempt=1/3 last_error=(-10004, 'No IPC connection')
[2026-07-08 12:07:00] [WARNING] [reconciliation] [RECONCILE] IPC still failing (-10004). shutdown+initialize before next retry...
[2026-07-08 12:07:01] [INFO] [post_entry_trade_monitor] [MONITOR_ID_DIAG] ts=1783501621 symbol=EURUSD d_ticket=9472909740 d_position_id=None d_id=None chosen_ticket=9472909740
[2026-07-08 12:07:01] [INFO] [post_entry_manager] [POST_ENTRY] Monitoring ticket=9472909740
[2026-07-08 12:07:01] [WARNING] [market_regime_detector] [REGIME] MT5 IPC failure – skipping ATR this cycle symbol=EURUSD timeframe=H4 tf=16388 bars=200
[2026-07-08 12:07:01] [INFO] [market_regime_detector] [REGIME] Could not compute ATR from MT5 for EURUSD
[2026-07-08 12:07:01] [INFO] [stop_loss_breach_rule] [SL_CHECK] ticket=9472909740 direction=buy current=1.1407 sl=0 breached=False
[2026-07-08 12:07:01] [INFO] [red_flag_detector] ========== RED FLAG REPORT ==========
[2026-07-08 12:07:01] [INFO] [red_flag_detector] ProfitDecay : NO
[2026-07-08 12:07:01] [INFO] [red_flag_detector] TradeHealth : NO
[2026-07-08 12:07:01] [INFO] [red_flag_detector] ATRSpike : NO
[2026-07-08 12:07:01] [INFO] [red_flag_detector] BadRegime : NO
[2026-07-08 12:07:01] [INFO] [red_flag_detector] FlagCount : 0
[2026-07-08 12:07:01] [INFO] [red_flag_detector] Score : 0.000
[2026-07-08 12:07:01] [INFO] [red_flag_detector] Severity : 0
[2026-07-08 12:07:01] [INFO] [red_flag_detector] ======================================
[2026-07-08 12:07:01] [WARNING] [xgboost_exit_adapter] [EXIT_MODEL] Using default ATR for EURUSD: 0.001
[2026-07-08 12:07:01] [INFO] [xgboost_exit_adapter] ========== EXIT MODEL FEATURES ==========
atr: 0.001 | rsi: 50.0 | mfe: 22.0 | mae: -60.0
trade_health: 50.0 | profit_decay_pct: 0.0
time_open_hours: 0.7152637432681189 | spread: 15.0 | news_impact: 0
market_regime: UNKNOWN | volume: 1.0 | session: london
adx: -1.0
trend_h1: -1.0
trend_h4: -1.0
=========================================
Prediction about to be called | ticket=9472909740 | open_time=2026-07-08 14:24:07 | current_time=2026-07-08 12:07:01
[2026-07-08 12:07:01] [INFO] [xgboost_exit_model] [EXIT_MODEL] XGBoost prediction: probability=0.1%
[2026-07-08 12:07:01] [INFO] [xgboost_exit_adapter] [EXIT_MODEL] ticket=9472909740 prediction_exit_probability=0.0011 decision_signal=0.1%
[2026-07-08 12:07:03] [WARNING] [reconciliation] [RECONCILE] positions_get returned None attempt=2/3 last_error=(-10004, 'No IPC connection')
[2026-07-08 12:07:03] [WARNING] [reconciliation] [RECONCILE] IPC still failing (-10004). shutdown+initialize before next retry...
[2026-07-08 12:07:05] [WARNING] [mt5_watchdog] MT5 disconnected! Attempt 1/3
[2026-07-08 12:07:06] [INFO] [qd_client] Logged in to QuantDinger
[2026-07-08 12:07:06] [INFO] [mt5_watchdog] MT5 already connected
[2026-07-08 12:07:06] [INFO] [mt5_watchdog] MT5 reconnected successfully!
[2026-07-08 12:07:06] [INFO] [post_entry_trade_monitor] [MONITOR_ID_DIAG] ts=1783501626 symbol=EURUSD d_ticket=9472909740 d_position_id=None d_id=None chosen_ticket=9472909740
[2026-07-08 12:07:06] [INFO] [post_entry_manager] [POST_ENTRY] Monitoring ticket=9472909740
[2026-07-08 12:07:06] [WARNING] [market_regime_detector] [REGIME] MT5 IPC failure – skipping ATR this cycle symbol=EURUSD timeframe=H4 tf=16388 bars=200
[2026-07-08 12:07:06] [INFO] [market_regime_detector] [REGIME] Could not compute ATR from MT5 for EURUSD
[2026-07-08 12:07:06] [INFO] [stop_loss_breach_rule] [SL_CHECK] ticket=9472909740 direction=buy current=1.14068 sl=0 breached=False
[2026-07-08 12:07:06] [INFO] [red_flag_detector] ========== RED FLAG REPORT ==========
[2026-07-08 12:07:06] [INFO] [red_flag_detector] ProfitDecay : NO
[2026-07-08 12:07:06] [INFO] [red_flag_detector] TradeHealth : NO
[2026-07-08 12:07:06] [INFO] [red_flag_detector] ATRSpike : NO
[2026-07-08 12:07:06] [INFO] [red_flag_detector] BadRegime : NO
[2026-07-08 12:07:06] [INFO] [red_flag_detector] FlagCount : 0
[2026-07-08 12:07:06] [INFO] [red_flag_detector] Score : 0.000
[2026-07-08 12:07:06] [INFO] [red_flag_detector] Severity : 0
[2026-07-08 12:07:06] [INFO] [red_flag_detector] ======================================
[2026-07-08 12:07:06] [WARNING] [xgboost_exit_adapter] [EXIT_MODEL] Using default ATR for EURUSD: 0.001
[2026-07-08 12:07:06] [INFO] [xgboost_exit_adapter] ========== EXIT MODEL FEATURES ==========
atr: 0.001 | rsi: 50.0 | mfe: 24.0 | mae: -60.0
trade_health: 50.0 | profit_decay_pct: 0.0
time_open_hours: 0.7166540467739105 | spread: 15.0 | news_impact: 0
market_regime: UNKNOWN | volume: 1.0 | session: london
adx: -1.0
trend_h1: -1.0
trend_h4: -1.0
=========================================
Prediction about to be called | ticket=9472909740 | open_time=2026-07-08 14:24:07 | current_time=2026-07-08 12:07:06
[2026-07-08 12:07:06] [INFO] [xgboost_exit_model] [EXIT_MODEL] XGBoost prediction: probability=0.1%
[2026-07-08 12:07:06] [INFO] [xgboost_exit_adapter] [EXIT_MODEL] ticket=9472909740 prediction_exit_probability=0.0011 decision_signal=0.1%
[2026-07-08 12:07:18] [WARNING] [reconciliation] [RECONCILE] MT5 positions_get returned None (query failure). last_error=(-10004, 'No IPC connection')
[2026-07-08 12:07:18] [WARNING] [reconciliation] [RECONCILE] MT5 positions_get query failed; skipping orphan checks for this cycle.
[2026-07-08 12:07:30] [WARNING] [mt5_watchdog] MT5 disconnected! Attempt 1/3
[2026-07-08 12:07:30] [INFO] [qd_client] Logged in to QuantDinger
[2026-07-08 12:07:30] [INFO] [mt5_watchdog] MT5 already connected
[2026-07-08 12:07:30] [INFO] [mt5_watchdog] MT5 reconnected successfully!
[2026-07-08 12:08:06] [WARNING] [reconciliation] [RECONCILE] positions_get returned None attempt=1/3 last_error=(-10004, 'No IPC connection')
[2026-07-08 12:08:06] [WARNING] [reconciliation] [RECONCILE] IPC still failing (-10004). shutdown+initialize before next retry...
[2026-07-08 12:08:11] [INFO] [post_entry_trade_monitor] [MONITOR_ID_DIAG] ts=1783501691 symbol=EURUSD d_ticket=9472909740 d_position_id=None d_id=None chosen_ticket=9472909740
[2026-07-08 12:08:11] [CRITICAL] [post_entry_manager] [EMERGENCY_STOP] Closing ticket=9472909740 symbol=EURUSD dir=buy entry=1.14092 current=1.14051 loss_points=-41.000000000002146 threshold=-30
[2026-07-08 12:08:11] [INFO] [action_executor] [CLOSE_DIAG] ts=1783501691 ticket_int=9472909740 open_position_tickets=[9472909740]
[2026-07-08 12:08:12] [INFO] [action_executor] [MT5] close_position retcode=10009 comment=Request executed ticket=9472909740
[2026-07-08 12:08:12] [INFO] [post_entry_event_logger] [LOGGER_LISTENER] event_type=TradeClosed ticket=9472909740
[2026-07-08 12:08:12] [INFO] [post_entry_database_listener] [DATABASE_LISTENER] event_type=TradeClosed ticket=9472909740
[2026-07-08 12:08:12] [INFO] [post_entry_telegram_listener] [TELEGRAM_LISTENER] event_type=TradeClosed ticket=9472909740
[2026-07-08 12:08:18] [WARNING] [reconciliation] [RECONCILE] MT5 positions_get returned None (query failure). last_error=(-10004, 'No IPC connection')
[2026-07-08 12:08:18] [WARNING] [reconciliation] [RECONCILE] MT5 positions_get query failed; skipping orphan checks for this cycle.
[2026-07-08 12:09:07] [WARNING] [mt5_watchdog] MT5 disconnected! Attempt 1/3
[2026-07-08 12:09:07] [INFO] [qd_client] Logged in to QuantDinger
[2026-07-08 12:09:07] [INFO] [mt5_watchdog] MT5 already connected
[2026-07-08 12:09:07] [INFO] [mt5_watchdog] MT5 reconnected successfully!
[2026-07-08 12:09:18] [WARNING] [reconciliation] [RECONCILE] MT5 positions_get returned None (query failure). last_error=(-10004, 'No IPC connection')
[2026-07-08 12:09:18] [WARNING] [reconciliation] [RECONCILE] MT5 positions_get query failed; skipping orphan checks for this cycle.
[2026-07-08 12:09:31] [WARNING] [mt5_watchdog] MT5 disconnected! Attempt 1/3
[2026-07-08 12:09:32] [INFO] [qd_client] Logged in to QuantDinger
[2026-07-08 12:09:32] [INFO] [mt5_watchdog] MT5 already connected
[2026-07-08 12:09:32] [INFO] [mt5_watchdog] MT5 reconnected successfully!
[2026-07-08 12:10:18] [WARNING] [reconciliation] [RECONCILE] MT5 positions_get returned None (query failure). last_error=(-10004, 'No IPC connection')
[2026-07-08 12:10:18] [WARNING] [reconciliation] [RECONCILE] MT5 positions_get query failed; skipping orphan checks for this cycle.
[2026-07-08 12:11:08] [WARNING] [mt5_watchdog] MT5 disconnected! Attempt 1/3
[2026-07-08 12:11:09] [INFO] [qd_client] Logged in to QuantDinger
[2026-07-08 12:11:09] [INFO] [mt5_watchdog] MT5 already connected
[2026-07-08 12:11:09] [INFO] [mt5_watchdog] MT5 reconnected successfully!
[2026-07-08 12:11:18] [WARNING] [reconciliation] [RECONCILE] MT5 positions_get returned None (query failure). last_error=(-10004, 'No IPC connection')
[2026-07-08 12:11:18] [WARNING] [reconciliation] [RECONCILE] MT5 positions_get query failed; skipping orphan checks for this cycle.
[2026-07-08 12:11:32] [WARNING] [mt5_watchdog] MT5 disconnected! Attempt 1/3
[2026-07-08 12:11:33] [INFO] [qd_client] Logged in to QuantDinger
[2026-07-08 12:11:33] [INFO] [mt5_watchdog] MT5 already connected
[2026-07-08 12:11:33] [INFO] [mt5_watchdog] MT5 reconnected successfully!
[2026-07-08 12:12:18] [WARNING] [reconciliation] [RECONCILE] MT5 positions_get returned None (query failure). last_error=(-10004, 'No IPC connection')
[2026-07-08 12:12:18] [WARNING] [reconciliation] [RECONCILE] MT5 positions_get query failed; skipping orphan checks for this cycle.
[2026-07-08 12:13:09] [WARNING] [mt5_watchdog] MT5 disconnected! Attempt 1/3
[2026-07-08 12:13:10] [INFO] [qd_client] Logged in to QuantDinger
[2026-07-08 12:13:10] [INFO] [mt5_watchdog] MT5 already connected
[2026-07-08 12:13:10] [INFO] [mt5_watchdog] MT5 reconnected successfully!
[2026-07-08 12:13:18] [WARNING] [reconciliation] [RECONCILE] MT5 positions_get returned None (query failure). last_error=(-10004, 'No IPC connection')
[2026-07-08 12:13:18] [WARNING] [reconciliation] [RECONCILE] MT5 positions_get query failed; skipping orphan checks for this cycle.
[2026-07-08 12:13:34] [WARNING] [mt5_watchdog] MT5 disconnected! Attempt 1/3
[2026-07-08 12:13:35] [INFO] [qd_client] Logged in to QuantDinger
[2026-07-08 12:13:35] [INFO] [mt5_watchdog] MT5 already connected
[2026-07-08 12:13:35] [INFO] [mt5_watchdog] MT5 reconnected successfully!
[2026-07-08 12:14:18] [WARNING] [reconciliation] [RECONCILE] MT5 positions_get returned None (query failure). last_error=(-10004, 'No IPC connection')
[2026-07-08 12:14:18] [WARNING] [reconciliation] [RECONCILE] MT5 positions_get query failed; skipping orphan checks for this cycle.
[2026-07-08 12:15:11] [WARNING] [mt5_watchdog] MT5 disconnected! Attempt 1/3
[2026-07-08 12:15:12] [INFO] [qd_client] Logged in to QuantDinger
[2026-07-08 12:15:12] [INFO] [mt5_watchdog] MT5 already connected
[2026-07-08 12:15:12] [INFO] [mt5_watchdog] MT5 reconnected successfully!
[2026-07-08 12:15:18] [WARNING] [reconciliation] [RECONCILE] MT5 positions_get returned None (query failure). last_error=(-10004, 'No IPC connection')
[2026-07-08 12:15:18] [WARNING] [reconciliation] [RECONCILE] MT5 positions_get query failed; skipping orphan checks for this cycle.
[2026-07-08 12:15:35] [WARNING] [mt5_watchdog] MT5 disconnected! Attempt 1/3
[2026-07-08 12:15:36] [INFO] [qd_client] Logged in to QuantDinger
[2026-07-08 12:15:36] [INFO] [mt5_watchdog] MT5 already connected
[2026-07-08 12:15:36] [INFO] [mt5_watchdog] MT5 reconnected successfully!
[2026-07-08 12:16:18] [WARNING] [reconciliation] [RECONCILE] MT5 positions_get returned None (query failure). last_error=(-10004, 'No IPC connection')
[2026-07-08 12:16:18] [WARNING] [reconciliation] [RECONCILE] MT5 positions_get query failed; skipping orphan checks for this cycle.
[2026-07-08 12:17:18] [WARNING] [reconciliation] [RECONCILE] MT5 positions_get returned None (query failure). last_error=(-10004, 'No IPC connection')
[2026-07-08 12:17:18] [WARNING] [reconciliation] [RECONCILE] MT5 positions_get query failed; skipping orphan checks for this cycle.
[2026-07-08 12:18:18] [WARNING] [reconciliation] [RECONCILE] MT5 positions_get returned None (query failure). last_error=(-10004, 'No IPC connection')
[2026-07-08 12:18:18] [WARNING] [reconciliation] [RECONCILE] MT5 positions_get query failed; skipping orphan checks for this cycle.
[2026-07-08 12:19:18] [WARNING] [reconciliation] [RECONCILE] MT5 positions_get returned None (query failure). last_error=(-10004, 'No IPC connection')
[2026-07-08 12:19:18] [WARNING] [reconciliation] [RECONCILE] MT5 positions_get query failed; skipping orphan checks for this cycle.
[2026-07-08 12:34:19] [INFO] [main] ==================================================
[2026-07-08 12:34:19] [INFO] [main] Cycle 3 at 12:34:19
[2026-07-08 12:34:27] [INFO] [news_fetcher] Fetched 22 relevant news items
[2026-07-08 12:34:27] [INFO] [main] Equity: 74406.97$ | News: 22
[2026-07-08 12:34:27] [DEBUG] [hybrid_market_client] Fetching indicators for EURUSD (QuantDinger only)
[2026-07-08 12:34:27] [DEBUG] [market_client] Candles EURUSD 4H: 100 bars ✓
[2026-07-08 12:34:27] [DEBUG] [hybrid_market_client] ✓ Got live data from QuantDinger for EURUSD
[2026-07-08 12:34:27] [DEBUG] [hybrid_market_client] Fetching indicators for EURUSD (QuantDinger only)
[2026-07-08 12:34:27] [DEBUG] [market_client] Candles EURUSD 4H: 100 bars ✓
[2026-07-08 12:34:27] [DEBUG] [hybrid_market_client] ✓ Got live data from QuantDinger for EURUSD
[2026-07-08 12:34:27] [DEBUG] [hybrid_market_client] Fetching indicators for EURUSD (QuantDinger only)
[2026-07-08 12:34:27] [DEBUG] [market_client] Candles EURUSD 4H: 100 bars ✓
[2026-07-08 12:34:27] [DEBUG] [hybrid_market_client] ✓ Got live data from QuantDinger for EURUSD
[2026-07-08 12:34:27] [INFO] [market_snapshot_builder] [SNAPSHOT_BUILT] symbol=EURUSD tfs=H4,H1,M15
[2026-07-08 12:34:27] [DEBUG] [hybrid_market_client] Fetching indicators for XAUUSD (QuantDinger only)
[2026-07-08 12:34:27] [DEBUG] [market_client] Candles XAUUSD 4H: 99 bars ✓
[2026-07-08 12:34:27] [DEBUG] [hybrid_market_client] ✓ Got live data from QuantDinger for XAUUSD
[2026-07-08 12:34:27] [DEBUG] [hybrid_market_client] Fetching indicators for XAUUSD (QuantDinger only)
[2026-07-08 12:34:27] [DEBUG] [market_client] Candles XAUUSD 4H: 99 bars ✓
[2026-07-08 12:34:27] [DEBUG] [hybrid_market_client] ✓ Got live data from QuantDinger for XAUUSD
[2026-07-08 12:34:27] [DEBUG] [hybrid_market_client] Fetching indicators for XAUUSD (QuantDinger only)
[2026-07-08 12:34:27] [DEBUG] [market_client] Candles XAUUSD 4H: 99 bars ✓
[2026-07-08 12:34:27] [DEBUG] [hybrid_market_client] ✓ Got live data from QuantDinger for XAUUSD
[2026-07-08 12:34:27] [INFO] [market_snapshot_builder] [SNAPSHOT_BUILT] symbol=XAUUSD tfs=H4,H1,M15
[2026-07-08 12:34:27] [DEBUG] [hybrid_market_client] Fetching indicators for GBPUSD (QuantDinger only)
[2026-07-08 12:34:28] [DEBUG] [market_client] Candles GBPUSD 4H: 100 bars ✓
[2026-07-08 12:34:28] [DEBUG] [hybrid_market_client] ✓ Got live data from QuantDinger for GBPUSD
[2026-07-08 12:34:28] [DEBUG] [hybrid_market_client] Fetching indicators for GBPUSD (QuantDinger only)
[2026-07-08 12:34:28] [DEBUG] [market_client] Candles GBPUSD 4H: 100 bars ✓
[2026-07-08 12:34:28] [DEBUG] [hybrid_market_client] ✓ Got live data from QuantDinger for GBPUSD
[2026-07-08 12:34:28] [DEBUG] [hybrid_market_client] Fetching indicators for GBPUSD (QuantDinger only)
[2026-07-08 12:34:28] [DEBUG] [market_client] Candles GBPUSD 4H: 100 bars ✓
[2026-07-08 12:34:28] [DEBUG] [hybrid_market_client] ✓ Got live data from QuantDinger for GBPUSD
[2026-07-08 12:34:28] [INFO] [market_snapshot_builder] [SNAPSHOT_BUILT] symbol=GBPUSD tfs=H4,H1,M15
[2026-07-08 12:34:28] [INFO] [main] --- EURUSD ---
[2026-07-08 12:34:31] [INFO] [deepseek] DEEPSEEK OK: {
  "impact_score": 85,
  "bias": "bearish",
  "confidence": 0.9,
  "reason": "الاتجاه هابط مع ضعف ش...
[2026-07-08 12:34:31] [INFO] [deepseek] AI EURUSD: bias=bearish impact=85.0 conf=0.90
[2026-07-08 12:34:31] [INFO] [signal_engine] [VERIFY] SIGNAL_INPUT bias=bearish score=85.0 confidence=0.9
[2026-07-08 12:34:31] [INFO] [signal_engine] [VERIFY] SIGNAL_RULE rule=confidence>=0.60 actual=0.9 result=True
[2026-07-08 12:34:31] [INFO] [signal_engine] [VERIFY] SIGNAL_RULE rule=score>=55 actual=85.0 result=True
[2026-07-08 12:34:31] [INFO] [signal_engine] [VERIFY] SIGNAL_RULE rule=bias in [bullish,bearish] actual=bearish result=True
[2026-07-08 12:34:31] [INFO] [signal_engine] [VERIFY] SIGNAL_FINAL direction=SELL score=85.0 confidence=0.9 valid=True
[2026-07-08 12:34:31] [DEBUG] [signal_engine] Signal: SELL score=85.0 conf=0.90 strength=قوي جداً valid=True
[2026-07-08 12:34:31] [INFO] [sentiment] Sentiment EURUSD: neutral score=50 bull=3 bear=3
[2026-07-08 12:34:31] [DEBUG] [mtf] MTF (snapshot) EURUSD: H4=bearish H1=bearish M15=bearish aligned=True (strong)
[2026-07-08 12:34:31] [INFO] [main] [VERIFY][DATA_TRUTH] symbol=EURUSD timeframe=H4/H1/M15 news_fetched=True indicators_fetched=True live_data=True cached=False
[2026-07-08 12:34:31] [INFO] [voting_engine] EURUSD: MTF strongly aligned, boosting score 10%
[2026-07-08 12:34:31] [DEBUG] [hybrid_market_client] Fetching indicators for EURUSD (QuantDinger only)
[2026-07-08 12:34:31] [DEBUG] [market_client] Candles EURUSD 4H: 100 bars ✓
[2026-07-08 12:34:31] [DEBUG] [hybrid_market_client] ✓ Got live data from QuantDinger for EURUSD
[2026-07-08 12:34:31] [DEBUG] [hybrid_market_client] Fetching indicators for EURUSD (QuantDinger only)
[2026-07-08 12:34:31] [DEBUG] [market_client] Using cached candles for EURUSD 4H (age: 0s)
[2026-07-08 12:34:31] [DEBUG] [hybrid_market_client] ✓ Got live data from QuantDinger for EURUSD
[2026-07-08 12:34:31] [INFO] [sltp] SL/TP EURUSD: entry=1.1410315036773682 atr=0.00172 sl=1.14362 tp=1.13672
[2026-07-08 12:34:31] [INFO] [position_sizing] Position size: 0.5 (equity=74407, risk=0.003, sl_dist=0.00259, score=92, cons_loss=0)
[2026-07-08 12:34:31] [INFO] [xgboost_v2] [VERIFY] XGBOOST MODEL LOADED path=models/xgb_model.json available=True
[2026-07-08 12:34:31] [INFO] [xgboost_v2] XGBoost v2 model loaded successfully
[2026-07-08 12:34:31] [DEBUG] [xgboost_v2] V2 predict: rsi=39.0 atr=0.00172 regime=TRENDING session=london dir=SELL -> p_win=0.711
[2026-07-08 12:34:31] [INFO] [xgboost_v2] [VERIFY] XGBOOST PREDICTION p_win=0.711 available=True
[2026-07-08 12:34:31] [INFO] [main] [VERIFY][DECISION_TRUTH] bias=bearish score=92.4 confidence=1.0 vote=SELL risk_passed=True sl_tp_calculated=True position_size=0.5 xgboost_p_win=0.7114793658256531 final_decision_valid=True reject_reason=OK
[2026-07-08 12:34:31] [INFO] [mt5_direct] [MT5_DIRECT] open_trade symbol=EURUSD direction=SELL volume=0.5 sl=1.14362 tp=1.13672
[2026-07-08 12:34:31] [INFO] [mt5_direct] [MT5_DIRECT] terminal_info: TerminalInfo(community_account=True, community_connection=True, connected=True, dlls_allowed=False, trade_allowed=True, tradeapi_disabled=False, email_enabled=False, ftp_enabled=False, notifications_enabled=False, mqid=True, build=5956, maxbars=100000, codepage=0, ping_last=72832, community_balance=0.0, retransmission=0.0, company='MetaQuotes Ltd.', name='MetaTrader 5', language='English', path='C:\\Program Files\\MetaTrader 5', data_path='C:\\Users\\ACER\\AppData\\Roaming\\MetaQuotes\\Terminal\\D0E8209F77C8CF37AD8BF550E51FF075', commondata_path='C:\\Users\\ACER\\AppData\\Roaming\\MetaQuotes\\Terminal\\Common')
[2026-07-08 12:34:31] [INFO] [mt5_direct] [MT5_DIRECT] account_info: AccountInfo(login=108132137, trade_mode=0, leverage=100, limit_orders=200, margin_so_mode=0, trade_allowed=True, trade_expert=True, margin_mode=2, currency_digits=2, fifo_close=False, balance=74406.97, credit=0.0, profit=0.0, equity=74406.97, margin=0.0, margin_free=74406.97, margin_level=0.0, margin_so_call=50.0, margin_so_so=30.0, margin_initial=0.0, margin_maintenance=0.0, assets=0.0, liabilities=0.0, commission_blocked=0.0, name='Ali Nabil', server='MetaQuotes-Demo', currency='USD', company='MetaQuotes Ltd.')
[2026-07-08 12:34:31] [DEBUG] [mt5_direct] [MT5_DIRECT] order_send request={'action': 1, 'symbol': 'EURUSD', 'volume': 0.5, 'type': 1, 'price': 1.1409799999999999, 'sl': 1.14362, 'tp': 1.13672, 'deviation': 20, 'magic': 0, 'comment': 'Bot V3', 'type_filling': 1}
[2026-07-08 12:34:31] [ERROR] [mt5_direct] [MT5_DIRECT] order_send failed result=OrderSendResult(retcode=10030, deal=0, order=0, volume=0.0, price=0.0, bid=0.0, ask=0.0, comment='Unsupported filling mode', request_id=0, retcode_external=0, request=TradeRequest(action=1, magic=0, order=0, symbol='EURUSD', volume=0.5, price=1.1409799999999999, stoplimit=0.0, sl=1.14362, tp=1.13672, deviation=20, type=1, type_filling=1, type_time=0, expiration=0, comment='Bot V3', position=0, position_by=0)) comment=Unsupported filling mode retcode=10030
[2026-07-08 12:34:31] [INFO] [mt5_direct] [MT5_DIRECT] Retry order_send without type_filling
[2026-07-08 12:34:31] [INFO] [post_entry_trade_monitor] [MONITOR_ID_DIAG] ts=1783503271 symbol=EURUSD d_ticket=9474790444 d_position_id=None d_id=None chosen_ticket=9474790444
[2026-07-08 12:34:31] [INFO] [main] [VERIFY][EXECUTION_RESULT] symbol=EURUSD open_trade_result={'status': 'success', 'order_id': '9474790444', 'price': 1.14102, 'symbol': 'EURUSD', 'direction': 'SELL', 'volume': 0.5, 'timestamp': 1783503271.7496288, 'raw_response': {'retcode': 10009, 'deal': 9148364663, 'order': 9474790444, 'volume': 0.5, 'price': 1.14102, 'bid': 0.0, 'ask': 0.0, 'comment': 'Request executed', 'request_id': 2837393703, 'retcode_external': 0, 'request': TradeRequest(action=1, magic=0, order=0, symbol='EURUSD', volume=0.5, price=1.1409799999999999, stoplimit=0.0, sl=1.14362, tp=1.13672, deviation=20, type=1, type_filling=0, type_time=0, expiration=0, comment='Bot V3', position=0, position_by=0)}}
[2026-07-08 12:34:31] [INFO] [post_entry_manager] [POST_ENTRY] Position closed ticket=9472909740
[2026-07-08 12:34:31] [INFO] [sltp] SL/TP EURUSD: entry=1.14102 atr=0.00172 sl=1.14361 tp=1.13671
[2026-07-08 12:34:31] [INFO] [post_entry_manager] [POST_ENTRY] New position detected ticket=9474790444 symbol=EURUSD
[2026-07-08 12:34:31] [INFO] [post_entry_manager] [POST_ENTRY] Monitoring ticket=9474790444
[2026-07-08 12:34:31] [WARNING] [market_regime_detector] [REGIME] MT5 IPC failure – skipping ATR this cycle symbol=EURUSD timeframe=H4 tf=16388 bars=200
[2026-07-08 12:34:31] [INFO] [market_regime_detector] [REGIME] Could not compute ATR from MT5 for EURUSD
[2026-07-08 12:34:31] [INFO] [stop_loss_breach_rule] [SL_CHECK] ticket=9474790444 direction=buy current=1.14103 sl=1.14362 breached=False
[2026-07-08 12:34:31] [INFO] [red_flag_detector] ========== RED FLAG REPORT ==========
[2026-07-08 12:34:31] [INFO] [red_flag_detector] ProfitDecay : NO
[2026-07-08 12:34:31] [INFO] [red_flag_detector] TradeHealth : NO
[2026-07-08 12:34:31] [INFO] [red_flag_detector] ATRSpike : NO
[2026-07-08 12:34:31] [INFO] [red_flag_detector] BadRegime : NO
[2026-07-08 12:34:31] [INFO] [red_flag_detector] FlagCount : 0
[2026-07-08 12:34:31] [INFO] [red_flag_detector] Score : 0.000
[2026-07-08 12:34:31] [INFO] [red_flag_detector] Severity : 0
[2026-07-08 12:34:31] [INFO] [red_flag_detector] ======================================
[2026-07-08 12:34:31] [INFO] [xgboost_exit_adapter] ========== EXIT MODEL FEATURES ==========
atr: 0.0 | rsi: 50.0 | mfe: 0.0 | mae: -0.5
trade_health: 50.0 | profit_decay_pct: 0.0
time_open_hours: 0.00020927190780639648 | spread: 15.0 | news_impact: 0
market_regime: UNKNOWN | volume: 0.5 | session: london
adx: -1.0
trend_h1: -1.0
trend_h4: -1.0
=========================================
Prediction about to be called | ticket=9474790444 | open_time=2026-07-08 15:34:31 | current_time=2026-07-08 12:34:31
[2026-07-08 12:34:31] [WARNING] [xgboost_exit_adapter] [EXIT_MODEL] features_incomplete=True (core_missing=1) ticket=9474790444 missing_details=atr=0.0
[2026-07-08 12:34:31] [INFO] [action_executor] [CLOSE_DIAG] ts=1783503271 ticket_int=9474790444 open_position_tickets=[]
[2026-07-08 12:34:32] [INFO] [main] --- XAUUSD ---
[2026-07-08 12:34:33] [WARNING] [action_executor] [MT5] close_position IPC unstable after retries; best-effort reconnect ticket=9474790444
[2026-07-08 12:34:34] [INFO] [action_executor] [MT5] close_position retcode=10009 comment=Request executed ticket=9474790444
[2026-07-08 12:34:34] [INFO] [post_entry_event_logger] [LOGGER_LISTENER] event_type=TradeClosed ticket=9474790444
[2026-07-08 12:34:34] [INFO] [post_entry_database_listener] [DATABASE_LISTENER] event_type=TradeClosed ticket=9474790444
[2026-07-08 12:34:34] [INFO] [post_entry_telegram_listener] [TELEGRAM_LISTENER] event_type=TradeClosed ticket=9474790444
[2026-07-08 12:34:36] [WARNING] [deepseek] DeepSeek empty response: finish_reason=length, raw={"id":"772a4507-6575-4b7d-ade5-3faee9f3c311","object":"chat.completion","created":1783503272,"model":"deepseek-v4-flash","choices":[{"index":0,"message":{"role":"assistant","content":"","reasoning_content":"We need to analyze the market context: XAUUSD at 4069.0, RSI 28.79 (oversold), ATR 37.62, tre
[2026-07-08 12:34:41] [INFO] [deepseek] DEEPSEEK OK: {
  "impact_score": 85,
  "bias": "bearish",
  "confidence": 0.9,
  "reason": "ارتفاع الدولار وتدهور...
[2026-07-08 12:34:41] [INFO] [deepseek] AI XAUUSD: bias=bearish impact=85.0 conf=0.90
[2026-07-08 12:34:41] [INFO] [signal_engine] [VERIFY] SIGNAL_INPUT bias=bearish score=85.0 confidence=0.9
[2026-07-08 12:34:41] [INFO] [signal_engine] [VERIFY] SIGNAL_RULE rule=confidence>=0.60 actual=0.9 result=True
[2026-07-08 12:34:41] [INFO] [signal_engine] [VERIFY] SIGNAL_RULE rule=score>=55 actual=85.0 result=True
[2026-07-08 12:34:41] [INFO] [signal_engine] [VERIFY] SIGNAL_RULE rule=bias in [bullish,bearish] actual=bearish result=True
[2026-07-08 12:34:41] [INFO] [signal_engine] [VERIFY] SIGNAL_FINAL direction=SELL score=85.0 confidence=0.9 valid=True
[2026-07-08 12:34:41] [DEBUG] [signal_engine] Signal: SELL score=85.0 conf=0.90 strength=قوي جداً valid=True
[2026-07-08 12:34:41] [DEBUG] [mtf] MTF (snapshot) XAUUSD: H4=bearish H1=bullish M15=bullish aligned=True (weak)
[2026-07-08 12:34:41] [INFO] [main] [VERIFY][DATA_TRUTH] symbol=XAUUSD timeframe=H4/H1/M15 news_fetched=True indicators_fetched=True live_data=True cached=False
[2026-07-08 12:34:41] [DEBUG] [hybrid_market_client] Fetching indicators for XAUUSD (QuantDinger only)
[2026-07-08 12:34:41] [DEBUG] [market_client] Candles XAUUSD 4H: 99 bars ✓
[2026-07-08 12:34:41] [DEBUG] [hybrid_market_client] ✓ Got live data from QuantDinger for XAUUSD
[2026-07-08 12:34:41] [DEBUG] [hybrid_market_client] Fetching indicators for XAUUSD (QuantDinger only)
[2026-07-08 12:34:41] [DEBUG] [market_client] Using cached candles for XAUUSD 4H (age: 0s)
[2026-07-08 12:34:41] [DEBUG] [hybrid_market_client] ✓ Got live data from QuantDinger for XAUUSD
[2026-07-08 12:34:41] [INFO] [sltp] SL/TP XAUUSD: entry=4069.0 atr=37.62134 sl=4079.0 tp=3974.94666
[2026-07-08 12:34:41] [INFO] [position_sizing] Position size: 0.1 (equity=74407, risk=0.000, sl_dist=10.00000, score=61, cons_loss=1)
[2026-07-08 12:34:41] [DEBUG] [xgboost_v2] V2 predict: rsi=28.8 atr=37.62134 regime=TRENDING session=london dir=SELL -> p_win=0.204
[2026-07-08 12:34:41] [INFO] [xgboost_v2] [VERIFY] XGBOOST PREDICTION p_win=0.204 available=True
[2026-07-08 12:34:41] [INFO] [main] [VERIFY][DECISION_TRUTH] bias=bearish score=61.4 confidence=1.0 vote=SELL risk_passed=True sl_tp_calculated=True position_size=0.1 xgboost_p_win=0.20395739376544952 final_decision_valid=False reject_reason=p_win<threshold (p_win=0.204 threshold=0.6)
[2026-07-08 12:34:41] [INFO] [main] --- GBPUSD ---
[2026-07-08 12:34:45] [WARNING] [deepseek] DeepSeek empty response: finish_reason=length, raw={"id":"175f970f-ccaa-4d6e-8bcd-290b9254bd2b","object":"chat.completion","created":1783503281,"model":"deepseek-v4-flash","choices":[{"index":0,"message":{"role":"assistant","content":"","reasoning_content":"We need to analyze the given data. Market context: GBPUSD current price 1.33376, RSI 47.07 (n
[2026-07-08 12:34:51] [INFO] [deepseek] DEEPSEEK OK: {"impact_score": 85, "bias": "bearish", "confidence": 0.8, "reason": "الأخبار تشير إلى مخاطر جيوسياس...
[2026-07-08 12:34:51] [INFO] [deepseek] AI GBPUSD: bias=bearish impact=85.0 conf=0.80
[2026-07-08 12:34:51] [INFO] [signal_engine] [VERIFY] SIGNAL_INPUT bias=bearish score=85.0 confidence=0.8
[2026-07-08 12:34:51] [INFO] [signal_engine] [VERIFY] SIGNAL_RULE rule=confidence>=0.60 actual=0.8 result=True
[2026-07-08 12:34:51] [INFO] [signal_engine] [VERIFY] SIGNAL_RULE rule=score>=55 actual=85.0 result=True
[2026-07-08 12:34:51] [INFO] [signal_engine] [VERIFY] SIGNAL_RULE rule=bias in [bullish,bearish] actual=bearish result=True
[2026-07-08 12:34:51] [INFO] [signal_engine] [VERIFY] SIGNAL_FINAL direction=SELL score=85.0 confidence=0.8 valid=True
[2026-07-08 12:34:51] [DEBUG] [signal_engine] Signal: SELL score=85.0 conf=0.80 strength=قوي جداً valid=True
[2026-07-08 12:34:51] [INFO] [sentiment] Sentiment GBPUSD: bearish score=83 bull=2 bear=4
[2026-07-08 12:34:51] [DEBUG] [mtf] MTF (snapshot) GBPUSD: H4=bearish H1=neutral M15=neutral aligned=False (weak)
[2026-07-08 12:34:51] [INFO] [main] [VERIFY][DATA_TRUTH] symbol=GBPUSD timeframe=H4/H1/M15 news_fetched=True indicators_fetched=True live_data=True cached=False
[2026-07-08 12:34:51] [INFO] [voting_engine] GBPUSD: MTF weakly misaligned, reducing score 10%
[2026-07-08 12:34:51] [DEBUG] [hybrid_market_client] Fetching indicators for GBPUSD (QuantDinger only)
[2026-07-08 12:34:51] [DEBUG] [market_client] Candles GBPUSD 4H: 100 bars ✓
[2026-07-08 12:34:51] [DEBUG] [hybrid_market_client] ✓ Got live data from QuantDinger for GBPUSD
[2026-07-08 12:34:51] [DEBUG] [hybrid_market_client] Fetching indicators for GBPUSD (QuantDinger only)
[2026-07-08 12:34:51] [DEBUG] [market_client] Using cached candles for GBPUSD 4H (age: 0s)
[2026-07-08 12:34:51] [DEBUG] [hybrid_market_client] ✓ Got live data from QuantDinger for GBPUSD
[2026-07-08 12:34:51] [INFO] [sltp] SL/TP GBPUSD: entry=1.333760142326355 atr=0.00221 sl=1.33707 tp=1.32825
[2026-07-08 12:34:51] [INFO] [position_sizing] Position size: 0.5 (equity=74407, risk=0.000, sl_dist=0.00331, score=53, cons_loss=1)
[2026-07-08 12:34:51] [DEBUG] [xgboost_v2] V2 predict: rsi=47.1 atr=0.00221 regime=TRENDING session=london dir=SELL -> p_win=0.442
[2026-07-08 12:34:51] [INFO] [xgboost_v2] [VERIFY] XGBOOST PREDICTION p_win=0.442 available=True
[2026-07-08 12:34:51] [INFO] [main] [VERIFY][DECISION_TRUTH] bias=bearish score=53.1 confidence=0.708 vote=SELL risk_passed=True sl_tp_calculated=True position_size=0.5 xgboost_p_win=0.44223281741142273 final_decision_valid=False reject_reason=p_win<threshold (p_win=0.442 threshold=0.6)
[2026-07-08 12:34:51] [INFO] [adaptive_weights] EURUSD weights updated: {'ai': 0.239, 'trend': 0.239, 'momentum': 0.239, 'sentiment': 0.239, 'volatility': 0.043} | WR=17.0% PF=12.81
[2026-07-08 12:34:51] [INFO] [adaptive_weights] GBPUSD weights updated: {'ai': 0.239, 'trend': 0.239, 'momentum': 0.239, 'sentiment': 0.239, 'volatility': 0.043} | WR=13.0% PF=8.53
[2026-07-08 12:34:51] [INFO] [adaptive_weights] 🏆 أفضل زوج: EURUSD | WR=17.0% | PnL=307.0$
[2026-07-08 12:34:51] [INFO] [adaptive_weights] ⚠️ أسوأ زوج: XAUUSD | WR=0.0% | PnL=0.0$
[2026-07-08 12:34:51] [INFO] [main] Sleeping 1800s...
[2026-07-08 13:04:51] [INFO] [main] ==================================================
[2026-07-08 13:04:51] [INFO] [main] Cycle 4 at 13:04:51
[2026-07-08 13:05:00] [INFO] [news_fetcher] Fetched 20 relevant news items
[2026-07-08 13:05:00] [INFO] [main] Equity: 74405.97$ | News: 20
[2026-07-08 13:05:00] [DEBUG] [hybrid_market_client] Fetching indicators for EURUSD (QuantDinger only)
[2026-07-08 13:05:00] [DEBUG] [market_client] Candles EURUSD 4H: 100 bars ✓
[2026-07-08 13:05:00] [DEBUG] [hybrid_market_client] ✓ Got live data from QuantDinger for EURUSD
[2026-07-08 13:05:00] [DEBUG] [hybrid_market_client] Fetching indicators for EURUSD (QuantDinger only)
[2026-07-08 13:05:00] [DEBUG] [market_client] Candles EURUSD 4H: 100 bars ✓
[2026-07-08 13:05:00] [DEBUG] [hybrid_market_client] ✓ Got live data from QuantDinger for EURUSD
[2026-07-08 13:05:00] [DEBUG] [hybrid_market_client] Fetching indicators for EURUSD (QuantDinger only)
[2026-07-08 13:05:00] [DEBUG] [market_client] Candles EURUSD 4H: 100 bars ✓
[2026-07-08 13:05:00] [DEBUG] [hybrid_market_client] ✓ Got live data from QuantDinger for EURUSD
[2026-07-08 13:05:00] [INFO] [market_snapshot_builder] [SNAPSHOT_BUILT] symbol=EURUSD tfs=H4,H1,M15
[2026-07-08 13:05:00] [DEBUG] [hybrid_market_client] Fetching indicators for XAUUSD (QuantDinger only)
[2026-07-08 13:05:00] [DEBUG] [market_client] Candles XAUUSD 4H: 99 bars ✓
[2026-07-08 13:05:00] [DEBUG] [hybrid_market_client] ✓ Got live data from QuantDinger for XAUUSD
[2026-07-08 13:05:00] [DEBUG] [hybrid_market_client] Fetching indicators for XAUUSD (QuantDinger only)
[2026-07-08 13:05:00] [DEBUG] [market_client] Candles XAUUSD 4H: 99 bars ✓
[2026-07-08 13:05:00] [DEBUG] [hybrid_market_client] ✓ Got live data from QuantDinger for XAUUSD
[2026-07-08 13:05:00] [DEBUG] [hybrid_market_client] Fetching indicators for XAUUSD (QuantDinger only)
[2026-07-08 13:05:00] [DEBUG] [market_client] Candles XAUUSD 4H: 99 bars ✓
[2026-07-08 13:05:00] [DEBUG] [hybrid_market_client] ✓ Got live data from QuantDinger for XAUUSD
[2026-07-08 13:05:00] [INFO] [market_snapshot_builder] [SNAPSHOT_BUILT] symbol=XAUUSD tfs=H4,H1,M15
[2026-07-08 13:05:00] [DEBUG] [hybrid_market_client] Fetching indicators for GBPUSD (QuantDinger only)
[2026-07-08 13:05:01] [DEBUG] [market_client] Candles GBPUSD 4H: 100 bars ✓
[2026-07-08 13:05:01] [DEBUG] [hybrid_market_client] ✓ Got live data from QuantDinger for GBPUSD
[2026-07-08 13:05:01] [DEBUG] [hybrid_market_client] Fetching indicators for GBPUSD (QuantDinger only)
[2026-07-08 13:05:01] [DEBUG] [market_client] Candles GBPUSD 4H: 100 bars ✓
[2026-07-08 13:05:01] [DEBUG] [hybrid_market_client] ✓ Got live data from QuantDinger for GBPUSD
[2026-07-08 13:05:01] [DEBUG] [hybrid_market_client] Fetching indicators for GBPUSD (QuantDinger only)
[2026-07-08 13:05:01] [DEBUG] [market_client] Candles GBPUSD 4H: 100 bars ✓
[2026-07-08 13:05:01] [DEBUG] [hybrid_market_client] ✓ Got live data from QuantDinger for GBPUSD
[2026-07-08 13:05:01] [INFO] [market_snapshot_builder] [SNAPSHOT_BUILT] symbol=GBPUSD tfs=H4,H1,M15
[2026-07-08 13:05:01] [INFO] [main] --- EURUSD ---
[2026-07-08 13:05:04] [INFO] [deepseek] DEEPSEEK OK: {
  "impact_score": 85,
  "bias": "bearish",
  "confidence": 0.9,
  "reason": "الأخبار تشير إلى تفاق...
[2026-07-08 13:05:04] [INFO] [deepseek] AI EURUSD: bias=bearish impact=85.0 conf=0.90
[2026-07-08 13:05:04] [INFO] [signal_engine] [VERIFY] SIGNAL_INPUT bias=bearish score=85.0 confidence=0.9
[2026-07-08 13:05:04] [INFO] [signal_engine] [VERIFY] SIGNAL_RULE rule=confidence>=0.60 actual=0.9 result=True
[2026-07-08 13:05:04] [INFO] [signal_engine] [VERIFY] SIGNAL_RULE rule=score>=55 actual=85.0 result=True
[2026-07-08 13:05:04] [INFO] [signal_engine] [VERIFY] SIGNAL_RULE rule=bias in [bullish,bearish] actual=bearish result=True
[2026-07-08 13:05:04] [INFO] [signal_engine] [VERIFY] SIGNAL_FINAL direction=SELL score=85.0 confidence=0.9 valid=True
[2026-07-08 13:05:04] [DEBUG] [signal_engine] Signal: SELL score=85.0 conf=0.90 strength=قوي جداً valid=True
[2026-07-08 13:05:04] [INFO] [sentiment] Sentiment EURUSD: neutral score=50 bull=2 bear=3
[2026-07-08 13:05:04] [DEBUG] [mtf] MTF (snapshot) EURUSD: H4=bearish H1=bearish M15=bearish aligned=True (strong)
[2026-07-08 13:05:04] [INFO] [main] [VERIFY][DATA_TRUTH] symbol=EURUSD timeframe=H4/H1/M15 news_fetched=True indicators_fetched=True live_data=True cached=False
[2026-07-08 13:05:04] [INFO] [voting_engine] EURUSD: MTF strongly aligned, boosting score 10%
[2026-07-08 13:05:04] [DEBUG] [hybrid_market_client] Fetching indicators for EURUSD (QuantDinger only)
[2026-07-08 13:05:04] [DEBUG] [market_client] Candles EURUSD 4H: 100 bars ✓
[2026-07-08 13:05:04] [DEBUG] [hybrid_market_client] ✓ Got live data from QuantDinger for EURUSD
[2026-07-08 13:05:04] [DEBUG] [hybrid_market_client] Fetching indicators for EURUSD (QuantDinger only)
[2026-07-08 13:05:04] [DEBUG] [market_client] Using cached candles for EURUSD 4H (age: 0s)
[2026-07-08 13:05:04] [DEBUG] [hybrid_market_client] ✓ Got live data from QuantDinger for EURUSD
[2026-07-08 13:05:04] [INFO] [sltp] SL/TP EURUSD: entry=1.1409013271331787 atr=0.00172 sl=1.14349 tp=1.13659
[2026-07-08 13:05:04] [INFO] [position_sizing] Position size: 0.5 (equity=74406, risk=0.002, sl_dist=0.00259, score=92, cons_loss=1)
[2026-07-08 13:05:04] [DEBUG] [xgboost_v2] V2 predict: rsi=38.5 atr=0.00172 regime=TRENDING session=london dir=SELL -> p_win=0.711
[2026-07-08 13:05:04] [INFO] [xgboost_v2] [VERIFY] XGBOOST PREDICTION p_win=0.711 available=True
[2026-07-08 13:05:04] [INFO] [main] [VERIFY][DECISION_TRUTH] bias=bearish score=92.4 confidence=1.0 vote=SELL risk_passed=True sl_tp_calculated=True position_size=0.5 xgboost_p_win=0.7114793658256531 final_decision_valid=True reject_reason=OK
[2026-07-08 13:05:04] [INFO] [mt5_direct] [MT5_DIRECT] open_trade symbol=EURUSD direction=SELL volume=0.5 sl=1.14349 tp=1.13659
[2026-07-08 13:05:04] [INFO] [mt5_direct] [MT5_DIRECT] terminal_info: TerminalInfo(community_account=True, community_connection=True, connected=True, dlls_allowed=False, trade_allowed=True, tradeapi_disabled=False, email_enabled=False, ftp_enabled=False, notifications_enabled=False, mqid=True, build=5956, maxbars=100000, codepage=0, ping_last=72832, community_balance=0.0, retransmission=0.0, company='MetaQuotes Ltd.', name='MetaTrader 5', language='English', path='C:\\Program Files\\MetaTrader 5', data_path='C:\\Users\\ACER\\AppData\\Roaming\\MetaQuotes\\Terminal\\D0E8209F77C8CF37AD8BF550E51FF075', commondata_path='C:\\Users\\ACER\\AppData\\Roaming\\MetaQuotes\\Terminal\\Common')
[2026-07-08 13:05:04] [INFO] [mt5_direct] [MT5_DIRECT] account_info: AccountInfo(login=108132137, trade_mode=0, leverage=100, limit_orders=200, margin_so_mode=0, trade_allowed=True, trade_expert=True, margin_mode=2, currency_digits=2, fifo_close=False, balance=74405.97, credit=0.0, profit=0.0, equity=74405.97, margin=0.0, margin_free=74405.97, margin_level=0.0, margin_so_call=50.0, margin_so_so=30.0, margin_initial=0.0, margin_maintenance=0.0, assets=0.0, liabilities=0.0, commission_blocked=0.0, name='Ali Nabil', server='MetaQuotes-Demo', currency='USD', company='MetaQuotes Ltd.')
[2026-07-08 13:05:04] [DEBUG] [mt5_direct] [MT5_DIRECT] order_send request={'action': 1, 'symbol': 'EURUSD', 'volume': 0.5, 'type': 1, 'price': 1.1406399999999999, 'sl': 1.14349, 'tp': 1.13659, 'deviation': 20, 'magic': 0, 'comment': 'Bot V3', 'type_filling': 1}
[2026-07-08 13:05:04] [ERROR] [mt5_direct] [MT5_DIRECT] order_send failed result=OrderSendResult(retcode=10030, deal=0, order=0, volume=0.0, price=0.0, bid=0.0, ask=0.0, comment='Unsupported filling mode', request_id=0, retcode_external=0, request=TradeRequest(action=1, magic=0, order=0, symbol='EURUSD', volume=0.5, price=1.1406399999999999, stoplimit=0.0, sl=1.14349, tp=1.13659, deviation=20, type=1, type_filling=1, type_time=0, expiration=0, comment='Bot V3', position=0, position_by=0)) comment=Unsupported filling mode retcode=10030
[2026-07-08 13:05:04] [INFO] [mt5_direct] [MT5_DIRECT] Retry order_send without type_filling
[2026-07-08 13:05:05] [INFO] [main] [VERIFY][EXECUTION_RESULT] symbol=EURUSD open_trade_result={'status': 'success', 'order_id': '9475377922', 'price': 1.1406, 'symbol': 'EURUSD', 'direction': 'SELL', 'volume': 0.5, 'timestamp': 1783505105.296509, 'raw_response': {'retcode': 10009, 'deal': 9149040291, 'order': 9475377922, 'volume': 0.5, 'price': 1.1406, 'bid': 0.0, 'ask': 0.0, 'comment': 'Request executed', 'request_id': 2837393705, 'retcode_external': 0, 'request': TradeRequest(action=1, magic=0, order=0, symbol='EURUSD', volume=0.5, price=1.1406399999999999, stoplimit=0.0, sl=1.14349, tp=1.13659, deviation=20, type=1, type_filling=0, type_time=0, expiration=0, comment='Bot V3', position=0, position_by=0)}}
[2026-07-08 13:05:05] [INFO] [sltp] SL/TP EURUSD: entry=1.1406 atr=0.00172 sl=1.14319 tp=1.13629
[2026-07-08 13:05:05] [INFO] [main] --- XAUUSD ---
[2026-07-08 13:05:09] [INFO] [post_entry_trade_monitor] [MONITOR_ID_DIAG] ts=1783505109 symbol=EURUSD d_ticket=9475377922 d_position_id=None d_id=None chosen_ticket=9475377922
[2026-07-08 13:05:09] [INFO] [post_entry_manager] [POST_ENTRY] New position detected ticket=9475377922 symbol=EURUSD
[2026-07-08 13:05:09] [INFO] [post_entry_manager] [POST_ENTRY] Monitoring ticket=9475377922
[2026-07-08 13:05:09] [WARNING] [market_regime_detector] [REGIME] MT5 IPC failure – skipping ATR this cycle symbol=EURUSD timeframe=H4 tf=16388 bars=200
[2026-07-08 13:05:09] [INFO] [market_regime_detector] [REGIME] Could not compute ATR from MT5 for EURUSD
[2026-07-08 13:05:09] [INFO] [stop_loss_breach_rule] [SL_CHECK] ticket=9475377922 direction=buy current=1.1406100000000001 sl=1.14349 breached=False
[2026-07-08 13:05:09] [INFO] [red_flag_detector] ========== RED FLAG REPORT ==========
[2026-07-08 13:05:09] [INFO] [red_flag_detector] ProfitDecay : NO
[2026-07-08 13:05:09] [INFO] [red_flag_detector] TradeHealth : NO
[2026-07-08 13:05:09] [INFO] [red_flag_detector] ATRSpike : NO
[2026-07-08 13:05:09] [INFO] [red_flag_detector] BadRegime : NO
[2026-07-08 13:05:09] [INFO] [red_flag_detector] FlagCount : 0
[2026-07-08 13:05:09] [INFO] [red_flag_detector] Score : 0.000
[2026-07-08 13:05:09] [INFO] [red_flag_detector] Severity : 0
[2026-07-08 13:05:09] [INFO] [red_flag_detector] ======================================
[2026-07-08 13:05:09] [INFO] [xgboost_exit_adapter] ========== EXIT MODEL FEATURES ==========
atr: 3.45e-05 | rsi: 0.38549999999999995 | mfe: 0.0 | mae: -0.5
trade_health: 50.0 | profit_decay_pct: 0.0
time_open_hours: 0.001302827795346578 | spread: 15.0 | news_impact: 0.85
market_regime: TRENDING | volume: 0.5 | session: new_york
adx: -1.0
trend_h1: -1.0
trend_h4: -1.0
=========================================
Prediction about to be called | ticket=9475377922 | open_time=2026-07-08 16:05:05 | current_time=2026-07-08 13:05:09
[2026-07-08 13:05:09] [INFO] [xgboost_exit_model] Loaded Exit Model from F:\files (2)\google\botdd\trading_bot_v3\models\xgboost_exit_model.json
[2026-07-08 13:05:09] [INFO] [xgboost_exit_model] [EXIT_MODEL] XGBoost prediction: probability=98.6%
[2026-07-08 13:05:09] [INFO] [xgboost_exit_adapter] [EXIT_MODEL] ticket=9475377922 prediction_exit_probability=0.9864 decision_signal=98.6%
[2026-07-08 13:05:09] [INFO] [action_executor] [CLOSE_DIAG] ts=1783505109 ticket_int=9475377922 open_position_tickets=[]
[2026-07-08 13:05:10] [WARNING] [deepseek] DeepSeek truncated by max_tokens, finish_reason=length, content={"impact_score": 80, "bias": "bearish", "confidence": 0.7, "reason": "الاتجاه هابط بقوة على جميع الأطر الزمنية، والأخبار السلبية قد تزيد الضغط على الذ
[2026-07-08 13:05:10] [INFO] [deepseek] DEEPSEEK OK: {"impact_score": 80, "bias": "bearish", "confidence": 0.7, "reason": "الاتجاه هابط بقوة على جميع الأ...
[2026-07-08 13:05:10] [INFO] [deepseek] AI XAUUSD: bias=bearish impact=80.0 conf=0.70
[2026-07-08 13:05:10] [INFO] [signal_engine] [VERIFY] SIGNAL_INPUT bias=bearish score=80.0 confidence=0.7
[2026-07-08 13:05:10] [INFO] [signal_engine] [VERIFY] SIGNAL_RULE rule=confidence>=0.60 actual=0.7 result=True
[2026-07-08 13:05:10] [INFO] [signal_engine] [VERIFY] SIGNAL_RULE rule=score>=55 actual=80.0 result=True
[2026-07-08 13:05:10] [INFO] [signal_engine] [VERIFY] SIGNAL_RULE rule=bias in [bullish,bearish] actual=bearish result=True
[2026-07-08 13:05:10] [INFO] [signal_engine] [VERIFY] SIGNAL_FINAL direction=SELL score=80.0 confidence=0.7 valid=True
[2026-07-08 13:05:10] [DEBUG] [signal_engine] Signal: SELL score=80.0 conf=0.70 strength=قوي valid=True
[2026-07-08 13:05:10] [DEBUG] [mtf] MTF (snapshot) XAUUSD: H4=bearish H1=bullish M15=bullish aligned=True (weak)
[2026-07-08 13:05:10] [INFO] [main] [VERIFY][DATA_TRUTH] symbol=XAUUSD timeframe=H4/H1/M15 news_fetched=True indicators_fetched=True live_data=True cached=False
[2026-07-08 13:05:10] [DEBUG] [hybrid_market_client] Fetching indicators for XAUUSD (QuantDinger only)
[2026-07-08 13:05:10] [DEBUG] [market_client] Candles XAUUSD 4H: 99 bars ✓
[2026-07-08 13:05:10] [DEBUG] [hybrid_market_client] ✓ Got live data from QuantDinger for XAUUSD
[2026-07-08 13:05:10] [DEBUG] [hybrid_market_client] Fetching indicators for XAUUSD (QuantDinger only)
[2026-07-08 13:05:10] [DEBUG] [market_client] Using cached candles for XAUUSD 4H (age: 0s)
[2026-07-08 13:05:10] [DEBUG] [hybrid_market_client] ✓ Got live data from QuantDinger for XAUUSD
[2026-07-08 13:05:10] [INFO] [sltp] SL/TP XAUUSD: entry=4058.5 atr=38.02133 sl=4068.5 tp=3963.44668
[2026-07-08 13:05:10] [INFO] [position_sizing] Position size: 0.1 (equity=74406, risk=0.000, sl_dist=10.00000, score=56, cons_loss=1)
[2026-07-08 13:05:10] [DEBUG] [xgboost_v2] V2 predict: rsi=27.6 atr=38.02133 regime=TRENDING session=london dir=SELL -> p_win=0.255
[2026-07-08 13:05:10] [INFO] [xgboost_v2] [VERIFY] XGBOOST PREDICTION p_win=0.255 available=True
[2026-07-08 13:05:10] [INFO] [main] [VERIFY][DECISION_TRUTH] bias=bearish score=55.7 confidence=1.0 vote=SELL risk_passed=True sl_tp_calculated=True position_size=0.1 xgboost_p_win=0.25502195954322815 final_decision_valid=False reject_reason=p_win<threshold (p_win=0.255 threshold=0.6)
[2026-07-08 13:05:10] [INFO] [main] --- GBPUSD ---
[2026-07-08 13:05:11] [WARNING] [action_executor] [MT5] close_position IPC unstable after retries; best-effort reconnect ticket=9475377922
[2026-07-08 13:05:11] [INFO] [action_executor] [MT5] close_position retcode=10009 comment=Request executed ticket=9475377922
[2026-07-08 13:05:11] [INFO] [post_entry_event_logger] [LOGGER_LISTENER] event_type=TradeClosed ticket=9475377922
[2026-07-08 13:05:11] [INFO] [post_entry_database_listener] [DATABASE_LISTENER] event_type=TradeClosed ticket=9475377922
[2026-07-08 13:05:11] [INFO] [post_entry_telegram_listener] [TELEGRAM_LISTENER] event_type=TradeClosed ticket=9475377922
[2026-07-08 13:05:14] [INFO] [deepseek] DEEPSEEK OK: {"impact_score": 85, "bias": "bearish", "confidence": 0.8, "reason": "الأخبار تشير إلى مخاطر جيوسياس...
[2026-07-08 13:05:14] [INFO] [deepseek] AI GBPUSD: bias=bearish impact=85.0 conf=0.80
[2026-07-08 13:05:14] [INFO] [signal_engine] [VERIFY] SIGNAL_INPUT bias=bearish score=85.0 confidence=0.8
[2026-07-08 13:05:14] [INFO] [signal_engine] [VERIFY] SIGNAL_RULE rule=confidence>=0.60 actual=0.8 result=True
[2026-07-08 13:05:14] [INFO] [signal_engine] [VERIFY] SIGNAL_RULE rule=score>=55 actual=85.0 result=True
[2026-07-08 13:05:14] [INFO] [signal_engine] [VERIFY] SIGNAL_RULE rule=bias in [bullish,bearish] actual=bearish result=True
[2026-07-08 13:05:14] [INFO] [signal_engine] [VERIFY] SIGNAL_FINAL direction=SELL score=85.0 confidence=0.8 valid=True
[2026-07-08 13:05:14] [DEBUG] [signal_engine] Signal: SELL score=85.0 conf=0.80 strength=قوي جداً valid=True
[2026-07-08 13:05:14] [INFO] [sentiment] Sentiment GBPUSD: neutral score=50 bull=1 bear=1
[2026-07-08 13:05:14] [DEBUG] [mtf] MTF (snapshot) GBPUSD: H4=bearish H1=neutral M15=neutral aligned=False (weak)
[2026-07-08 13:05:14] [INFO] [main] [VERIFY][DATA_TRUTH] symbol=GBPUSD timeframe=H4/H1/M15 news_fetched=True indicators_fetched=True live_data=True cached=False
[2026-07-08 13:05:14] [INFO] [voting_engine] GBPUSD: MTF weakly misaligned, reducing score 10%
[2026-07-08 13:05:14] [DEBUG] [hybrid_market_client] Fetching indicators for GBPUSD (QuantDinger only)
[2026-07-08 13:05:14] [DEBUG] [market_client] Candles GBPUSD 4H: 100 bars ✓
[2026-07-08 13:05:14] [DEBUG] [hybrid_market_client] ✓ Got live data from QuantDinger for GBPUSD
[2026-07-08 13:05:14] [DEBUG] [hybrid_market_client] Fetching indicators for GBPUSD (QuantDinger only)
[2026-07-08 13:05:14] [DEBUG] [market_client] Using cached candles for GBPUSD 4H (age: 0s)
[2026-07-08 13:05:14] [DEBUG] [hybrid_market_client] ✓ Got live data from QuantDinger for GBPUSD
[2026-07-08 13:05:14] [INFO] [sltp] SL/TP GBPUSD: entry=1.3346501588821411 atr=0.00221 sl=1.33796 tp=1.32914
[2026-07-08 13:05:14] [INFO] [position_sizing] Position size: 0.5 (equity=74406, risk=0.000, sl_dist=0.00331, score=68, cons_loss=2)
[2026-07-08 13:05:14] [DEBUG] [xgboost_v2] V2 predict: rsi=49.7 atr=0.00221 regime=TRENDING session=london dir=SELL -> p_win=0.442
[2026-07-08 13:05:14] [INFO] [xgboost_v2] [VERIFY] XGBOOST PREDICTION p_win=0.442 available=True
[2026-07-08 13:05:14] [INFO] [main] [VERIFY][DECISION_TRUTH] bias=bearish score=68.5 confidence=0.708 vote=SELL risk_passed=True sl_tp_calculated=True position_size=0.5 xgboost_p_win=0.44223281741142273 final_decision_valid=False reject_reason=p_win<threshold (p_win=0.442 threshold=0.6)
[2026-07-08 13:05:14] [INFO] [adaptive_weights] EURUSD weights updated: {'ai': 0.239, 'trend': 0.239, 'momentum': 0.239, 'sentiment': 0.239, 'volatility': 0.043} | WR=16.7% PF=12.57
[2026-07-08 13:05:14] [INFO] [adaptive_weights] GBPUSD weights updated: {'ai': 0.239, 'trend': 0.239, 'momentum': 0.239, 'sentiment': 0.239, 'volatility': 0.043} | WR=13.0% PF=8.53
[2026-07-08 13:05:14] [INFO] [adaptive_weights] 🏆 أفضل زوج: EURUSD | WR=16.7% | PnL=306.5$
[2026-07-08 13:05:14] [INFO] [adaptive_weights] ⚠️ أسوأ زوج: XAUUSD | WR=0.0% | PnL=0.0$
[2026-07-08 13:05:14] [INFO] [main] Sleeping 1800s...
[2026-07-08 13:15:37] [INFO] [qd_client] Logged in to QuantDinger
