[2026-06-17 01:44:54] [INFO] [main] Trading Bot V3 starting...
[2026-06-17 01:44:54] [INFO] [database] V3 Database initialized with all tables
[2026-06-17 01:44:54] [ERROR] [qd_client] Login attempt 1 failed: Expecting value: line 1 column 1 (char 0)
[2026-06-17 01:44:59] [ERROR] [qd_client] Login attempt 2 failed: Expecting value: line 1 column 1 (char 0)
[2026-06-17 01:45:05] [INFO] [qd_client] Logged in to QuantDinger
[2026-06-17 01:45:05] [INFO] [qd_client] MT5 connected
[2026-06-17 01:45:05] [INFO] [main] MT5 connected
[2026-06-17 01:45:05] [INFO] [telegram_bot] Telegram polling started
[2026-06-17 01:45:05] [INFO] [telegram_bot] Telegram bot V3 started
[2026-06-17 01:45:05] [INFO] [mt5_watchdog] MT5 watchdog started (V1 reconnect logic)
[2026-06-17 01:45:05] [INFO] [reconciliation] Reconciliation loop started (every 60s)
[2026-06-17 01:45:05] [INFO] [reconciliation] Reconciliation thread started
[2026-06-17 01:45:06] [INFO] [main] ==================================================
[2026-06-17 01:45:06] [INFO] [main] Cycle 1 at 01:45:06
[2026-06-17 01:45:06] [INFO] [reconciliation] Reconciliation: {'db_count': 1, 'qd_count': 0, 'fixes': 1, 'mismatches': ['DB orphan closed: trade 1']}
[2026-06-17 01:45:16] [INFO] [news_fetcher] Fetched 3 relevant news items
[2026-06-17 01:45:16] [INFO] [main] Equity: 73516.00$ | News: 3
[2026-06-17 01:45:16] [INFO] [main] --- EURUSD ---
[2026-06-17 01:45:19] [INFO] [deepseek] AI analysis EURUSD: bias=neutral score=35.0 conf=0.40
[2026-06-17 01:45:19] [DEBUG] [signal_engine] Signal: NEUTRAL score=35.0 conf=0.40 strength=ضعيف valid=False
[2026-06-17 01:45:19] [INFO] [sentiment] Sentiment EURUSD: neutral score=50 bull=1 bear=1
[2026-06-17 01:45:19] [DEBUG] [market_client] Candles API error for EURUSD: {'code': 404, 'status': 'Not Found'}
[2026-06-17 01:45:19] [DEBUG] [indicators] No trend data for EURUSD, using neutral
[2026-06-17 01:45:19] [DEBUG] [market_client] Candles API error for EURUSD: {'code': 404, 'status': 'Not Found'}
[2026-06-17 01:45:19] [DEBUG] [indicators] No momentum data for EURUSD, using neutral
[2026-06-17 01:45:19] [DEBUG] [market_client] Candles API error for EURUSD: {'code': 404, 'status': 'Not Found'}
[2026-06-17 01:45:19] [DEBUG] [indicators] No momentum data for EURUSD, using neutral
[2026-06-17 01:45:19] [INFO] [mtf] MTF EURUSD: H4=neutral H1=neutral M15=neutral aligned=False (weak)
[2026-06-17 01:45:19] [DEBUG] [market_client] Candles API error for EURUSD: {'code': 404, 'status': 'Not Found'}
[2026-06-17 01:45:19] [DEBUG] [indicators] No trend data for EURUSD, using neutral
[2026-06-17 01:45:19] [DEBUG] [market_client] Candles API error for EURUSD: {'code': 404, 'status': 'Not Found'}
[2026-06-17 01:45:19] [DEBUG] [indicators] No momentum data for EURUSD, using neutral
[2026-06-17 01:45:19] [DEBUG] [market_client] Candles API error for EURUSD: {'code': 404, 'status': 'Not Found'}
[2026-06-17 01:45:19] [DEBUG] [indicators] No volatility data for EURUSD, using neutral
[2026-06-17 01:45:19] [DEBUG] [market_client] Candles API error for EURUSD: {'code': 404, 'status': 'Not Found'}
[2026-06-17 01:45:19] [DEBUG] [indicators] No trend data for EURUSD, using neutral
[2026-06-17 01:45:19] [DEBUG] [market_client] Candles API error for EURUSD: {'code': 404, 'status': 'Not Found'}
[2026-06-17 01:45:19] [DEBUG] [indicators] No volatility data for EURUSD, using neutral
[2026-06-17 01:45:19] [INFO] [voting_engine] EURUSD: MTF weakly misaligned, reducing score 20%
[2026-06-17 01:45:19] [INFO] [main] --- XAUUSD ---
[2026-06-17 01:45:22] [INFO] [deepseek] AI analysis XAUUSD: bias=neutral score=30.0 conf=0.40
[2026-06-17 01:45:22] [DEBUG] [signal_engine] Signal: NEUTRAL score=30.0 conf=0.40 strength=ضعيف valid=False
[2026-06-17 01:45:22] [INFO] [sentiment] Sentiment XAUUSD: neutral score=50 bull=1 bear=1
[2026-06-17 01:45:22] [DEBUG] [market_client] Candles API error for XAUUSD: {'code': 404, 'status': 'Not Found'}
[2026-06-17 01:45:22] [DEBUG] [indicators] No trend data for XAUUSD, using neutral
[2026-06-17 01:45:22] [DEBUG] [market_client] Candles API error for XAUUSD: {'code': 404, 'status': 'Not Found'}
[2026-06-17 01:45:22] [DEBUG] [indicators] No momentum data for XAUUSD, using neutral
[2026-06-17 01:45:22] [DEBUG] [market_client] Candles API error for XAUUSD: {'code': 404, 'status': 'Not Found'}
[2026-06-17 01:45:22] [DEBUG] [indicators] No momentum data for XAUUSD, using neutral
[2026-06-17 01:45:22] [INFO] [mtf] MTF XAUUSD: H4=neutral H1=neutral M15=neutral aligned=False (weak)
[2026-06-17 01:45:22] [DEBUG] [market_client] Candles API error for XAUUSD: {'code': 404, 'status': 'Not Found'}
[2026-06-17 01:45:22] [DEBUG] [indicators] No trend data for XAUUSD, using neutral
[2026-06-17 01:45:22] [DEBUG] [market_client] Candles API error for XAUUSD: {'code': 404, 'status': 'Not Found'}
[2026-06-17 01:45:22] [DEBUG] [indicators] No momentum data for XAUUSD, using neutral
[2026-06-17 01:45:22] [DEBUG] [market_client] Candles API error for XAUUSD: {'code': 404, 'status': 'Not Found'}
[2026-06-17 01:45:22] [DEBUG] [indicators] No volatility data for XAUUSD, using neutral
[2026-06-17 01:45:22] [DEBUG] [market_client] Candles API error for XAUUSD: {'code': 404, 'status': 'Not Found'}
[2026-06-17 01:45:22] [DEBUG] [indicators] No trend data for XAUUSD, using neutral
[2026-06-17 01:45:22] [DEBUG] [market_client] Candles API error for XAUUSD: {'code': 404, 'status': 'Not Found'}
[2026-06-17 01:45:22] [DEBUG] [indicators] No volatility data for XAUUSD, using neutral
[2026-06-17 01:45:22] [INFO] [voting_engine] XAUUSD: MTF weakly misaligned, reducing score 20%
[2026-06-17 01:45:22] [INFO] [main] --- GBPUSD ---
[2026-06-17 01:45:25] [INFO] [deepseek] AI analysis GBPUSD: bias=neutral score=25.0 conf=0.30
[2026-06-17 01:45:25] [DEBUG] [signal_engine] Signal: NEUTRAL score=25.0 conf=0.30 strength=ضعيف valid=False
[2026-06-17 01:45:25] [INFO] [sentiment] Sentiment GBPUSD: neutral score=50 bull=1 bear=1
[2026-06-17 01:45:25] [DEBUG] [market_client] Candles API error for GBPUSD: {'code': 404, 'status': 'Not Found'}
[2026-06-17 01:45:25] [DEBUG] [indicators] No trend data for GBPUSD, using neutral
[2026-06-17 01:45:25] [DEBUG] [market_client] Candles API error for GBPUSD: {'code': 404, 'status': 'Not Found'}
[2026-06-17 01:45:25] [DEBUG] [indicators] No momentum data for GBPUSD, using neutral
[2026-06-17 01:45:25] [DEBUG] [market_client] Candles API error for GBPUSD: {'code': 404, 'status': 'Not Found'}
[2026-06-17 01:45:25] [DEBUG] [indicators] No momentum data for GBPUSD, using neutral
[2026-06-17 01:45:25] [INFO] [mtf] MTF GBPUSD: H4=neutral H1=neutral M15=neutral aligned=False (weak)
[2026-06-17 01:45:25] [DEBUG] [market_client] Candles API error for GBPUSD: {'code': 404, 'status': 'Not Found'}
[2026-06-17 01:45:25] [DEBUG] [indicators] No trend data for GBPUSD, using neutral
[2026-06-17 01:45:25] [DEBUG] [market_client] Candles API error for GBPUSD: {'code': 404, 'status': 'Not Found'}
[2026-06-17 01:45:25] [DEBUG] [indicators] No momentum data for GBPUSD, using neutral
[2026-06-17 01:45:25] [DEBUG] [market_client] Candles API error for GBPUSD: {'code': 404, 'status': 'Not Found'}
[2026-06-17 01:45:25] [DEBUG] [indicators] No volatility data for GBPUSD, using neutral
[2026-06-17 01:45:26] [DEBUG] [market_client] Candles API error for GBPUSD: {'code': 404, 'status': 'Not Found'}
[2026-06-17 01:45:26] [DEBUG] [indicators] No trend data for GBPUSD, using neutral
[2026-06-17 01:45:26] [DEBUG] [market_client] Candles API error for GBPUSD: {'code': 404, 'status': 'Not Found'}
[2026-06-17 01:45:26] [DEBUG] [indicators] No volatility data for GBPUSD, using neutral
[2026-06-17 01:45:26] [INFO] [voting_engine] GBPUSD: MTF weakly misaligned, reducing score 20%
[2026-06-17 01:45:26] [INFO] [main] Sleeping 1800s...
[2026-06-17 01:46:07] [INFO] [reconciliation] Reconciliation: {'db_count': 1, 'qd_count': 0, 'fixes': 1, 'mismatches': ['DB orphan closed: trade 1']}
[2026-06-17 01:47:07] [INFO] [reconciliation] Reconciliation: {'db_count': 1, 'qd_count': 0, 'fixes': 1, 'mismatches': ['DB orphan closed: trade 1']}
[2026-06-17 01:48:08] [INFO] [reconciliation] Reconciliation: {'db_count': 1, 'qd_count': 0, 'fixes': 1, 'mismatches': ['DB orphan closed: trade 1']}
[2026-06-17 01:48:15] [INFO] [news_fetcher] Fetched 3 relevant news items
[2026-06-17 01:48:18] [INFO] [deepseek] AI analysis EURUSD: bias=neutral score=25.0 conf=0.30
[2026-06-17 01:48:18] [DEBUG] [market_client] Candles API error for EURUSD: {'code': 404, 'status': 'Not Found'}
[2026-06-17 01:48:18] [DEBUG] [indicators] No trend data for EURUSD, using neutral
[2026-06-17 01:48:18] [DEBUG] [market_client] Candles API error for EURUSD: {'code': 404, 'status': 'Not Found'}
[2026-06-17 01:48:18] [DEBUG] [indicators] No trend data for EURUSD, using neutral
[2026-06-17 01:48:18] [DEBUG] [market_client] Candles API error for EURUSD: {'code': 404, 'status': 'Not Found'}
[2026-06-17 01:48:18] [DEBUG] [indicators] No volatility data for EURUSD, using neutral
[2026-06-17 01:48:22] [INFO] [deepseek] AI analysis XAUUSD: bias=neutral score=35.0 conf=0.40
[2026-06-17 01:48:22] [DEBUG] [market_client] Candles API error for XAUUSD: {'code': 404, 'status': 'Not Found'}
[2026-06-17 01:48:22] [DEBUG] [indicators] No trend data for XAUUSD, using neutral
[2026-06-17 01:48:22] [DEBUG] [market_client] Candles API error for XAUUSD: {'code': 404, 'status': 'Not Found'}
[2026-06-17 01:48:22] [DEBUG] [indicators] No trend data for XAUUSD, using neutral
[2026-06-17 01:48:22] [DEBUG] [market_client] Candles API error for XAUUSD: {'code': 404, 'status': 'Not Found'}
[2026-06-17 01:48:22] [DEBUG] [indicators] No volatility data for XAUUSD, using neutral
[2026-06-17 01:48:25] [INFO] [deepseek] AI analysis GBPUSD: bias=neutral score=25.0 conf=0.30
[2026-06-17 01:48:25] [DEBUG] [market_client] Candles API error for GBPUSD: {'code': 404, 'status': 'Not Found'}
[2026-06-17 01:48:25] [DEBUG] [indicators] No trend data for GBPUSD, using neutral
[2026-06-17 01:48:25] [DEBUG] [market_client] Candles API error for GBPUSD: {'code': 404, 'status': 'Not Found'}
[2026-06-17 01:48:25] [DEBUG] [indicators] No trend data for GBPUSD, using neutral
[2026-06-17 01:48:25] [DEBUG] [market_client] Candles API error for GBPUSD: {'code': 404, 'status': 'Not Found'}
[2026-06-17 01:48:25] [DEBUG] [indicators] No volatility data for GBPUSD, using neutral
[2026-06-17 01:49:09] [INFO] [reconciliation] Reconciliation: {'db_count': 1, 'qd_count': 0, 'fixes': 1, 'mismatches': ['DB orphan closed: trade 1']}
[2026-06-17 01:50:05] [WARNING] [mt5_watchdog] MT5 disconnected! Attempt 1/3
[2026-06-17 01:50:06] [INFO] [qd_client] Logged in to QuantDinger
[2026-06-17 01:50:06] [INFO] [mt5_watchdog] MT5 already connected
[2026-06-17 01:50:06] [INFO] [mt5_watchdog] MT5 reconnected successfully!
[2026-06-17 01:50:10] [INFO] [reconciliation] Reconciliation: {'db_count': 1, 'qd_count': 0, 'fixes': 1, 'mismatches': ['DB orphan closed: trade 1']}
[2026-06-17 01:51:10] [INFO] [reconciliation] Reconciliation: {'db_count': 1, 'qd_count': 0, 'fixes': 1, 'mismatches': ['DB orphan closed: trade 1']}
[2026-06-17 01:52:11] [INFO] [reconciliation] Reconciliation: {'db_count': 1, 'qd_count': 0, 'fixes': 1, 'mismatches': ['DB orphan closed: trade 1']}
[2026-06-17 01:53:12] [INFO] [reconciliation] Reconciliation: {'db_count': 1, 'qd_count': 0, 'fixes': 1, 'mismatches': ['DB orphan closed: trade 1']}
[2026-06-17 01:54:13] [INFO] [reconciliation] Reconciliation: {'db_count': 1, 'qd_count': 0, 'fixes': 1, 'mismatches': ['DB orphan closed: trade 1']}
[2026-06-17 01:55:13] [INFO] [reconciliation] Reconciliation: {'db_count': 1, 'qd_count': 0, 'fixes': 1, 'mismatches': ['DB orphan closed: trade 1']}
[2026-06-17 01:56:07] [INFO] [main] Trading Bot V3 starting...
[2026-06-17 01:56:07] [INFO] [database] V3 Database initialized with all tables
[2026-06-17 01:56:07] [INFO] [qd_client] Logged in to QuantDinger
[2026-06-17 01:56:07] [INFO] [qd_client] MT5 connected
[2026-06-17 01:56:07] [INFO] [main] MT5 connected
[2026-06-17 01:56:07] [INFO] [telegram_bot] Telegram polling started
[2026-06-17 01:56:07] [INFO] [telegram_bot] Telegram bot V3 started
[2026-06-17 01:56:07] [INFO] [mt5_watchdog] MT5 watchdog started (V1 reconnect logic)
[2026-06-17 01:56:07] [INFO] [reconciliation] Reconciliation loop started (every 60s)
[2026-06-17 01:56:07] [INFO] [reconciliation] Reconciliation thread started
[2026-06-17 01:56:08] [INFO] [main] ==================================================
[2026-06-17 01:56:08] [INFO] [main] Cycle 1 at 01:56:08
[2026-06-17 01:56:08] [INFO] [reconciliation] Reconciliation: {'db_count': 1, 'qd_count': 0, 'fixes': 1, 'mismatches': ['DB orphan closed: trade 1']}
[2026-06-17 01:56:14] [INFO] [qd_client] Logged in to QuantDinger
[2026-06-17 01:56:15] [INFO] [reconciliation] Reconciliation: {'db_count': 1, 'qd_count': 0, 'fixes': 1, 'mismatches': ['DB orphan closed: trade 1']}
[2026-06-17 01:56:17] [INFO] [news_fetcher] Fetched 5 relevant news items
[2026-06-17 01:56:17] [INFO] [qd_client] Logged in to QuantDinger
[2026-06-17 01:56:17] [INFO] [main] Equity: 73516.00$ | News: 5
[2026-06-17 01:56:17] [INFO] [main] --- EURUSD ---
[2026-06-17 01:56:21] [INFO] [deepseek] AI analysis EURUSD: bias=neutral score=30.0 conf=0.40
[2026-06-17 01:56:21] [DEBUG] [signal_engine] Signal: NEUTRAL score=30.0 conf=0.40 strength=ضعيف valid=False
[2026-06-17 01:56:21] [INFO] [sentiment] Sentiment EURUSD: neutral score=50 bull=1 bear=1
[2026-06-17 01:56:21] [DEBUG] [market_client] Candles API error for EURUSD: {'code': 0, 'msg': 'No data found', 'data': [], 'hint': None}
[2026-06-17 01:56:21] [DEBUG] [indicators] No trend data for EURUSD, using neutral
[2026-06-17 01:56:21] [DEBUG] [market_client] Candles API error for EURUSD: {'code': 0, 'msg': 'No data found', 'data': [], 'hint': None}
[2026-06-17 01:56:21] [DEBUG] [indicators] No momentum data for EURUSD, using neutral
[2026-06-17 01:56:21] [DEBUG] [market_client] Candles API error for EURUSD: {'code': 0, 'msg': 'No data found', 'data': [], 'hint': None}
[2026-06-17 01:56:21] [DEBUG] [indicators] No momentum data for EURUSD, using neutral
[2026-06-17 01:56:21] [INFO] [mtf] MTF EURUSD: H4=neutral H1=neutral M15=neutral aligned=False (weak)
[2026-06-17 01:56:21] [DEBUG] [market_client] Candles API error for EURUSD: {'code': 0, 'msg': 'No data found', 'data': [], 'hint': None}
[2026-06-17 01:56:21] [DEBUG] [indicators] No trend data for EURUSD, using neutral
[2026-06-17 01:56:21] [DEBUG] [market_client] Candles API error for EURUSD: {'code': 0, 'msg': 'No data found', 'data': [], 'hint': None}
[2026-06-17 01:56:21] [DEBUG] [indicators] No momentum data for EURUSD, using neutral
[2026-06-17 01:56:21] [DEBUG] [market_client] Candles API error for EURUSD: {'code': 0, 'msg': 'No data found', 'data': [], 'hint': None}
[2026-06-17 01:56:21] [DEBUG] [indicators] No volatility data for EURUSD, using neutral
[2026-06-17 01:56:21] [DEBUG] [market_client] Candles API error for EURUSD: {'code': 0, 'msg': 'No data found', 'data': [], 'hint': None}
[2026-06-17 01:56:21] [DEBUG] [indicators] No trend data for EURUSD, using neutral
[2026-06-17 01:56:21] [DEBUG] [market_client] Candles API error for EURUSD: {'code': 0, 'msg': 'No data found', 'data': [], 'hint': None}
[2026-06-17 01:56:21] [DEBUG] [indicators] No volatility data for EURUSD, using neutral
[2026-06-17 01:56:21] [INFO] [voting_engine] EURUSD: MTF weakly misaligned, reducing score 20%
[2026-06-17 01:56:21] [INFO] [main] --- XAUUSD ---
[2026-06-17 01:56:24] [INFO] [deepseek] AI analysis XAUUSD: bias=neutral score=35.0 conf=0.40
[2026-06-17 01:56:24] [DEBUG] [signal_engine] Signal: NEUTRAL score=35.0 conf=0.40 strength=ضعيف valid=False
[2026-06-17 01:56:24] [INFO] [sentiment] Sentiment XAUUSD: neutral score=50 bull=1 bear=1
[2026-06-17 01:56:24] [DEBUG] [market_client] Candles API error for XAUUSD: {'code': 0, 'msg': 'No data found', 'data': [], 'hint': None}
[2026-06-17 01:56:24] [DEBUG] [indicators] No trend data for XAUUSD, using neutral
[2026-06-17 01:56:24] [DEBUG] [market_client] Candles API error for XAUUSD: {'code': 0, 'msg': 'No data found', 'data': [], 'hint': None}
[2026-06-17 01:56:24] [DEBUG] [indicators] No momentum data for XAUUSD, using neutral
[2026-06-17 01:56:24] [DEBUG] [market_client] Candles API error for XAUUSD: {'code': 0, 'msg': 'No data found', 'data': [], 'hint': None}
[2026-06-17 01:56:24] [DEBUG] [indicators] No momentum data for XAUUSD, using neutral
[2026-06-17 01:56:24] [INFO] [mtf] MTF XAUUSD: H4=neutral H1=neutral M15=neutral aligned=False (weak)
[2026-06-17 01:56:24] [DEBUG] [market_client] Candles API error for XAUUSD: {'code': 0, 'msg': 'No data found', 'data': [], 'hint': None}
[2026-06-17 01:56:24] [DEBUG] [indicators] No trend data for XAUUSD, using neutral
[2026-06-17 01:56:24] [DEBUG] [market_client] Candles API error for XAUUSD: {'code': 0, 'msg': 'No data found', 'data': [], 'hint': None}
[2026-06-17 01:56:24] [DEBUG] [indicators] No momentum data for XAUUSD, using neutral
[2026-06-17 01:56:24] [DEBUG] [market_client] Candles API error for XAUUSD: {'code': 0, 'msg': 'No data found', 'data': [], 'hint': None}
[2026-06-17 01:56:24] [DEBUG] [indicators] No volatility data for XAUUSD, using neutral
[2026-06-17 01:56:24] [DEBUG] [market_client] Candles API error for XAUUSD: {'code': 0, 'msg': 'No data found', 'data': [], 'hint': None}
[2026-06-17 01:56:24] [DEBUG] [indicators] No trend data for XAUUSD, using neutral
[2026-06-17 01:56:24] [DEBUG] [market_client] Candles API error for XAUUSD: {'code': 0, 'msg': 'No data found', 'data': [], 'hint': None}
[2026-06-17 01:56:24] [DEBUG] [indicators] No volatility data for XAUUSD, using neutral
[2026-06-17 01:56:24] [INFO] [voting_engine] XAUUSD: MTF weakly misaligned, reducing score 20%
[2026-06-17 01:56:24] [INFO] [main] --- GBPUSD ---
[2026-06-17 01:56:27] [INFO] [deepseek] AI analysis GBPUSD: bias=neutral score=35.0 conf=0.40
[2026-06-17 01:56:27] [DEBUG] [signal_engine] Signal: NEUTRAL score=35.0 conf=0.40 strength=ضعيف valid=False
[2026-06-17 01:56:27] [INFO] [sentiment] Sentiment GBPUSD: neutral score=50 bull=1 bear=1
[2026-06-17 01:56:27] [DEBUG] [market_client] Candles API error for GBPUSD: {'code': 0, 'msg': 'No data found', 'data': [], 'hint': None}
[2026-06-17 01:56:27] [DEBUG] [indicators] No trend data for GBPUSD, using neutral
[2026-06-17 01:56:27] [DEBUG] [market_client] Candles API error for GBPUSD: {'code': 0, 'msg': 'No data found', 'data': [], 'hint': None}
[2026-06-17 01:56:27] [DEBUG] [indicators] No momentum data for GBPUSD, using neutral
[2026-06-17 01:56:27] [DEBUG] [market_client] Candles API error for GBPUSD: {'code': 0, 'msg': 'No data found', 'data': [], 'hint': None}
[2026-06-17 01:56:27] [DEBUG] [indicators] No momentum data for GBPUSD, using neutral
[2026-06-17 01:56:27] [INFO] [mtf] MTF GBPUSD: H4=neutral H1=neutral M15=neutral aligned=False (weak)
[2026-06-17 01:56:27] [DEBUG] [market_client] Candles API error for GBPUSD: {'code': 0, 'msg': 'No data found', 'data': [], 'hint': None}
[2026-06-17 01:56:27] [DEBUG] [indicators] No trend data for GBPUSD, using neutral
[2026-06-17 01:56:27] [DEBUG] [market_client] Candles API error for GBPUSD: {'code': 0, 'msg': 'No data found', 'data': [], 'hint': None}
[2026-06-17 01:56:27] [DEBUG] [indicators] No momentum data for GBPUSD, using neutral
[2026-06-17 01:56:27] [DEBUG] [market_client] Candles API error for GBPUSD: {'code': 0, 'msg': 'No data found', 'data': [], 'hint': None}
[2026-06-17 01:56:27] [DEBUG] [indicators] No volatility data for GBPUSD, using neutral
[2026-06-17 01:56:27] [DEBUG] [market_client] Candles API error for GBPUSD: {'code': 0, 'msg': 'No data found', 'data': [], 'hint': None}
[2026-06-17 01:56:27] [DEBUG] [indicators] No trend data for GBPUSD, using neutral
[2026-06-17 01:56:27] [DEBUG] [market_client] Candles API error for GBPUSD: {'code': 0, 'msg': 'No data found', 'data': [], 'hint': None}
[2026-06-17 01:56:27] [DEBUG] [indicators] No volatility data for GBPUSD, using neutral
[2026-06-17 01:56:27] [INFO] [voting_engine] GBPUSD: MTF weakly misaligned, reducing score 20%
[2026-06-17 01:56:28] [INFO] [main] Sleeping 1800s...
[2026-06-17 01:57:09] [INFO] [reconciliation] Reconciliation: {'db_count': 1, 'qd_count': 0, 'fixes': 1, 'mismatches': ['DB orphan closed: trade 1']}
[2026-06-17 01:57:15] [INFO] [qd_client] Logged in to QuantDinger
[2026-06-17 01:57:16] [INFO] [reconciliation] Reconciliation: {'db_count': 1, 'qd_count': 0, 'fixes': 1, 'mismatches': ['DB orphan closed: trade 1']}
[2026-06-17 01:58:09] [INFO] [qd_client] Logged in to QuantDinger
[2026-06-17 01:58:10] [INFO] [reconciliation] Reconciliation: {'db_count': 1, 'qd_count': 0, 'fixes': 1, 'mismatches': ['DB orphan closed: trade 1']}
[2026-06-17 01:58:16] [INFO] [qd_client] Logged in to QuantDinger
[2026-06-17 01:58:17] [INFO] [reconciliation] Reconciliation: {'db_count': 1, 'qd_count': 0, 'fixes': 1, 'mismatches': ['DB orphan closed: trade 1']}
[2026-06-17 01:59:07] [WARNING] [mt5_watchdog] MT5 disconnected! Attempt 1/3
[2026-06-17 01:59:08] [INFO] [qd_client] Logged in to QuantDinger
[2026-06-17 01:59:08] [INFO] [mt5_watchdog] MT5 already connected
[2026-06-17 01:59:08] [INFO] [mt5_watchdog] MT5 reconnected successfully!
[2026-06-17 01:59:11] [INFO] [reconciliation] Reconciliation: {'db_count': 1, 'qd_count': 0, 'fixes': 1, 'mismatches': ['DB orphan closed: trade 1']}
[2026-06-17 02:00:12] [INFO] [reconciliation] Reconciliation: {'db_count': 1, 'qd_count': 0, 'fixes': 1, 'mismatches': ['DB orphan closed: trade 1']}
[2026-06-17 02:01:12] [INFO] [reconciliation] Reconciliation: {'db_count': 1, 'qd_count': 0, 'fixes': 1, 'mismatches': ['DB orphan closed: trade 1']}
[2026-06-17 02:01:50] [INFO] [main] Trading Bot V3 starting...
[2026-06-17 02:01:50] [INFO] [database] V3 Database initialized with all tables
[2026-06-17 02:01:50] [INFO] [qd_client] Logged in to QuantDinger
[2026-06-17 02:01:50] [INFO] [qd_client] MT5 connected
[2026-06-17 02:01:50] [INFO] [main] MT5 connected
[2026-06-17 02:01:50] [INFO] [telegram_bot] Telegram polling started
[2026-06-17 02:01:50] [INFO] [telegram_bot] Telegram bot V3 started
[2026-06-17 02:01:50] [INFO] [mt5_watchdog] MT5 watchdog started (V1 reconnect logic)
[2026-06-17 02:01:50] [INFO] [reconciliation] Reconciliation loop started (every 60s)
[2026-06-17 02:01:50] [INFO] [reconciliation] Reconciliation thread started
[2026-06-17 02:01:51] [INFO] [reconciliation] Reconciliation: {'db_count': 1, 'qd_count': 0, 'fixes': 1, 'mismatches': ['DB orphan closed: trade 1']}
[2026-06-17 02:01:51] [INFO] [main] ==================================================
[2026-06-17 02:01:51] [INFO] [main] Cycle 1 at 02:01:51
[2026-06-17 02:02:01] [INFO] [news_fetcher] Fetched 5 relevant news items
[2026-06-17 02:02:02] [INFO] [main] Equity: 73516.00$ | News: 5
[2026-06-17 02:02:02] [INFO] [main] --- EURUSD ---
[2026-06-17 02:02:05] [INFO] [deepseek] AI analysis EURUSD: bias=bearish score=65.0 conf=0.70
[2026-06-17 02:02:05] [DEBUG] [signal_engine] Signal: SELL score=65.0 conf=0.70 strength=متوسط valid=True
[2026-06-17 02:02:05] [DEBUG] [market_client] Candles API error for EURUSD: {'code': 0, 'msg': 'No data found', 'data': [], 'hint': None}
[2026-06-17 02:02:05] [DEBUG] [indicators] No trend data for EURUSD, using neutral
[2026-06-17 02:02:05] [DEBUG] [market_client] Candles API error for EURUSD: {'code': 0, 'msg': 'No data found', 'data': [], 'hint': None}
[2026-06-17 02:02:05] [DEBUG] [indicators] No momentum data for EURUSD, using neutral
[2026-06-17 02:02:05] [DEBUG] [market_client] Candles API error for EURUSD: {'code': 0, 'msg': 'No data found', 'data': [], 'hint': None}
[2026-06-17 02:02:05] [DEBUG] [indicators] No momentum data for EURUSD, using neutral
[2026-06-17 02:02:05] [INFO] [mtf] MTF EURUSD: H4=neutral H1=neutral M15=neutral aligned=False (weak)
[2026-06-17 02:02:05] [DEBUG] [market_client] Candles API error for EURUSD: {'code': 0, 'msg': 'No data found', 'data': [], 'hint': None}
[2026-06-17 02:02:05] [DEBUG] [indicators] No trend data for EURUSD, using neutral
[2026-06-17 02:02:05] [DEBUG] [market_client] Candles API error for EURUSD: {'code': 0, 'msg': 'No data found', 'data': [], 'hint': None}
[2026-06-17 02:02:05] [DEBUG] [indicators] No momentum data for EURUSD, using neutral
[2026-06-17 02:02:05] [DEBUG] [market_client] Candles API error for EURUSD: {'code': 0, 'msg': 'No data found', 'data': [], 'hint': None}
[2026-06-17 02:02:05] [DEBUG] [indicators] No volatility data for EURUSD, using neutral
[2026-06-17 02:02:05] [DEBUG] [market_client] Candles API error for EURUSD: {'code': 0, 'msg': 'No data found', 'data': [], 'hint': None}
[2026-06-17 02:02:05] [DEBUG] [indicators] No trend data for EURUSD, using neutral
[2026-06-17 02:02:05] [DEBUG] [market_client] Candles API error for EURUSD: {'code': 0, 'msg': 'No data found', 'data': [], 'hint': None}
[2026-06-17 02:02:05] [DEBUG] [indicators] No volatility data for EURUSD, using neutral
[2026-06-17 02:02:05] [INFO] [voting_engine] EURUSD: MTF weakly misaligned, reducing score 20%
[2026-06-17 02:02:05] [INFO] [main] EURUSD: SKIP - Score 50.5 < 65
[2026-06-17 02:02:05] [INFO] [main] --- XAUUSD ---
[2026-06-17 02:02:09] [INFO] [deepseek] AI analysis XAUUSD: bias=neutral score=35.0 conf=0.40
[2026-06-17 02:02:09] [DEBUG] [signal_engine] Signal: NEUTRAL score=35.0 conf=0.40 strength=ضعيف valid=False
[2026-06-17 02:02:09] [DEBUG] [market_client] Candles API error for XAUUSD: {'code': 0, 'msg': 'No data found', 'data': [], 'hint': None}
[2026-06-17 02:02:09] [DEBUG] [indicators] No trend data for XAUUSD, using neutral
[2026-06-17 02:02:09] [DEBUG] [market_client] Candles API error for XAUUSD: {'code': 0, 'msg': 'No data found', 'data': [], 'hint': None}
[2026-06-17 02:02:09] [DEBUG] [indicators] No momentum data for XAUUSD, using neutral
[2026-06-17 02:02:09] [DEBUG] [market_client] Candles API error for XAUUSD: {'code': 0, 'msg': 'No data found', 'data': [], 'hint': None}
[2026-06-17 02:02:09] [DEBUG] [indicators] No momentum data for XAUUSD, using neutral
[2026-06-17 02:02:09] [INFO] [mtf] MTF XAUUSD: H4=neutral H1=neutral M15=neutral aligned=False (weak)
[2026-06-17 02:02:09] [DEBUG] [market_client] Candles API error for XAUUSD: {'code': 0, 'msg': 'No data found', 'data': [], 'hint': None}
[2026-06-17 02:02:09] [DEBUG] [indicators] No trend data for XAUUSD, using neutral
[2026-06-17 02:02:09] [DEBUG] [market_client] Candles API error for XAUUSD: {'code': 0, 'msg': 'No data found', 'data': [], 'hint': None}
[2026-06-17 02:02:09] [DEBUG] [indicators] No momentum data for XAUUSD, using neutral
[2026-06-17 02:02:09] [DEBUG] [market_client] Candles API error for XAUUSD: {'code': 0, 'msg': 'No data found', 'data': [], 'hint': None}
[2026-06-17 02:02:09] [DEBUG] [indicators] No volatility data for XAUUSD, using neutral
[2026-06-17 02:02:09] [DEBUG] [market_client] Candles API error for XAUUSD: {'code': 0, 'msg': 'No data found', 'data': [], 'hint': None}
[2026-06-17 02:02:09] [DEBUG] [indicators] No trend data for XAUUSD, using neutral
[2026-06-17 02:02:09] [DEBUG] [market_client] Candles API error for XAUUSD: {'code': 0, 'msg': 'No data found', 'data': [], 'hint': None}
[2026-06-17 02:02:09] [DEBUG] [indicators] No volatility data for XAUUSD, using neutral
[2026-06-17 02:02:09] [INFO] [voting_engine] XAUUSD: MTF weakly misaligned, reducing score 20%
[2026-06-17 02:02:09] [INFO] [main] --- GBPUSD ---
[2026-06-17 02:02:12] [INFO] [deepseek] AI analysis GBPUSD: bias=neutral score=25.0 conf=0.40
[2026-06-17 02:02:12] [DEBUG] [signal_engine] Signal: NEUTRAL score=25.0 conf=0.40 strength=ضعيف valid=False
[2026-06-17 02:02:12] [DEBUG] [market_client] Candles API error for GBPUSD: {'code': 0, 'msg': 'No data found', 'data': [], 'hint': None}
[2026-06-17 02:02:12] [DEBUG] [indicators] No trend data for GBPUSD, using neutral
[2026-06-17 02:02:12] [DEBUG] [market_client] Candles API error for GBPUSD: {'code': 0, 'msg': 'No data found', 'data': [], 'hint': None}
[2026-06-17 02:02:12] [DEBUG] [indicators] No momentum data for GBPUSD, using neutral
[2026-06-17 02:02:12] [DEBUG] [market_client] Candles API error for GBPUSD: {'code': 0, 'msg': 'No data found', 'data': [], 'hint': None}
[2026-06-17 02:02:12] [DEBUG] [indicators] No momentum data for GBPUSD, using neutral
[2026-06-17 02:02:12] [INFO] [mtf] MTF GBPUSD: H4=neutral H1=neutral M15=neutral aligned=False (weak)
[2026-06-17 02:02:12] [DEBUG] [market_client] Candles API error for GBPUSD: {'code': 0, 'msg': 'No data found', 'data': [], 'hint': None}
[2026-06-17 02:02:12] [DEBUG] [indicators] No trend data for GBPUSD, using neutral
[2026-06-17 02:02:12] [DEBUG] [market_client] Candles API error for GBPUSD: {'code': 0, 'msg': 'No data found', 'data': [], 'hint': None}
[2026-06-17 02:02:12] [DEBUG] [indicators] No momentum data for GBPUSD, using neutral
[2026-06-17 02:02:12] [DEBUG] [market_client] Candles API error for GBPUSD: {'code': 0, 'msg': 'No data found', 'data': [], 'hint': None}
[2026-06-17 02:02:12] [DEBUG] [indicators] No volatility data for GBPUSD, using neutral
[2026-06-17 02:02:12] [DEBUG] [market_client] Candles API error for GBPUSD: {'code': 0, 'msg': 'No data found', 'data': [], 'hint': None}
[2026-06-17 02:02:12] [DEBUG] [indicators] No trend data for GBPUSD, using neutral
[2026-06-17 02:02:12] [DEBUG] [market_client] Candles API error for GBPUSD: {'code': 0, 'msg': 'No data found', 'data': [], 'hint': None}
[2026-06-17 02:02:12] [DEBUG] [indicators] No volatility data for GBPUSD, using neutral
[2026-06-17 02:02:12] [INFO] [voting_engine] GBPUSD: MTF weakly misaligned, reducing score 20%
[2026-06-17 02:02:12] [INFO] [main] Sleeping 1800s...
[2026-06-17 02:02:13] [INFO] [qd_client] Logged in to QuantDinger
[2026-06-17 02:02:14] [INFO] [reconciliation] Reconciliation: {'db_count': 1, 'qd_count': 0, 'fixes': 1, 'mismatches': ['DB orphan closed: trade 1']}
[2026-06-17 02:02:50] [WARNING] [mt5_watchdog] MT5 disconnected! Attempt 1/3
[2026-06-17 02:02:51] [INFO] [qd_client] Logged in to QuantDinger
[2026-06-17 02:02:51] [INFO] [mt5_watchdog] MT5 already connected
[2026-06-17 02:02:51] [INFO] [mt5_watchdog] MT5 reconnected successfully!
[2026-06-17 02:02:51] [INFO] [qd_client] Logged in to QuantDinger
[2026-06-17 02:02:52] [INFO] [reconciliation] Reconciliation: {'db_count': 1, 'qd_count': 0, 'fixes': 1, 'mismatches': ['DB orphan closed: trade 1']}
[2026-06-17 02:03:09] [WARNING] [mt5_watchdog] MT5 disconnected! Attempt 1/3
[2026-06-17 02:03:11] [INFO] [qd_client] Logged in to QuantDinger
[2026-06-17 02:03:11] [INFO] [mt5_watchdog] MT5 already connected
[2026-06-17 02:03:11] [INFO] [mt5_watchdog] MT5 reconnected successfully!
[2026-06-17 02:03:16] [INFO] [reconciliation] Reconciliation: {'db_count': 1, 'qd_count': 0, 'fixes': 1, 'mismatches': ['DB orphan closed: trade 1']}
[2026-06-17 02:03:53] [INFO] [qd_client] Logged in to QuantDinger
[2026-06-17 02:03:54] [INFO] [reconciliation] Reconciliation: {'db_count': 1, 'qd_count': 0, 'fixes': 1, 'mismatches': ['DB orphan closed: trade 1']}
[2026-06-17 02:04:17] [INFO] [qd_client] Logged in to QuantDinger
[2026-06-17 02:04:18] [INFO] [reconciliation] Reconciliation: {'db_count': 1, 'qd_count': 0, 'fixes': 1, 'mismatches': ['DB orphan closed: trade 1']}
[2026-06-17 02:04:52] [WARNING] [mt5_watchdog] MT5 disconnected! Attempt 1/3
[2026-06-17 02:04:53] [INFO] [qd_client] Logged in to QuantDinger
[2026-06-17 02:04:53] [INFO] [mt5_watchdog] MT5 already connected
[2026-06-17 02:04:53] [INFO] [mt5_watchdog] MT5 reconnected successfully!
[2026-06-17 02:04:54] [INFO] [reconciliation] Reconciliation: {'db_count': 1, 'qd_count': 0, 'fixes': 1, 'mismatches': ['DB orphan closed: trade 1']}
[2026-06-17 02:05:13] [WARNING] [mt5_watchdog] MT5 disconnected! Attempt 1/3
[2026-06-17 02:05:15] [INFO] [qd_client] Logged in to QuantDinger
[2026-06-17 02:05:15] [INFO] [mt5_watchdog] MT5 already connected
[2026-06-17 02:05:15] [INFO] [mt5_watchdog] MT5 reconnected successfully!
[2026-06-17 02:05:20] [INFO] [reconciliation] Reconciliation: {'db_count': 1, 'qd_count': 0, 'fixes': 1, 'mismatches': ['DB orphan closed: trade 1']}
[2026-06-17 02:05:55] [INFO] [qd_client] Logged in to QuantDinger
[2026-06-17 02:05:55] [INFO] [reconciliation] Reconciliation: {'db_count': 1, 'qd_count': 0, 'fixes': 1, 'mismatches': ['DB orphan closed: trade 1']}
[2026-06-17 02:06:20] [INFO] [qd_client] Logged in to QuantDinger
[2026-06-17 02:06:22] [INFO] [reconciliation] Reconciliation: {'db_count': 1, 'qd_count': 0, 'fixes': 1, 'mismatches': ['DB orphan closed: trade 1']}
[2026-06-17 02:06:54] [WARNING] [mt5_watchdog] MT5 disconnected! Attempt 1/3
[2026-06-17 02:06:55] [INFO] [qd_client] Logged in to QuantDinger
[2026-06-17 02:06:55] [INFO] [mt5_watchdog] MT5 already connected
[2026-06-17 02:06:55] [INFO] [mt5_watchdog] MT5 reconnected successfully!
[2026-06-17 02:06:56] [INFO] [reconciliation] Reconciliation: {'db_count': 1, 'qd_count': 0, 'fixes': 1, 'mismatches': ['DB orphan closed: trade 1']}
[2026-06-17 02:07:16] [WARNING] [mt5_watchdog] MT5 disconnected! Attempt 1/3
[2026-06-17 02:07:19] [INFO] [qd_client] Logged in to QuantDinger
[2026-06-17 02:07:19] [INFO] [mt5_watchdog] MT5 already connected
[2026-06-17 02:07:19] [INFO] [mt5_watchdog] MT5 reconnected successfully!
[2026-06-17 02:07:24] [INFO] [reconciliation] Reconciliation: {'db_count': 1, 'qd_count': 0, 'fixes': 1, 'mismatches': ['DB orphan closed: trade 1']}
[2026-06-17 02:07:57] [INFO] [qd_client] Logged in to QuantDinger
[2026-06-17 02:07:57] [INFO] [reconciliation] Reconciliation: {'db_count': 1, 'qd_count': 0, 'fixes': 1, 'mismatches': ['DB orphan closed: trade 1']}
[2026-06-17 02:08:24] [INFO] [qd_client] Logged in to QuantDinger
[2026-06-17 02:08:26] [INFO] [reconciliation] Reconciliation: {'db_count': 1, 'qd_count': 0, 'fixes': 1, 'mismatches': ['DB orphan closed: trade 1']}
[2026-06-17 02:08:56] [WARNING] [mt5_watchdog] MT5 disconnected! Attempt 1/3
[2026-06-17 02:08:57] [INFO] [qd_client] Logged in to QuantDinger
[2026-06-17 02:08:57] [INFO] [mt5_watchdog] MT5 already connected
[2026-06-17 02:08:57] [INFO] [mt5_watchdog] MT5 reconnected successfully!
[2026-06-17 02:08:58] [INFO] [reconciliation] Reconciliation: {'db_count': 1, 'qd_count': 0, 'fixes': 1, 'mismatches': ['DB orphan closed: trade 1']}
[2026-06-17 02:09:20] [WARNING] [mt5_watchdog] MT5 disconnected! Attempt 1/3
[2026-06-17 02:09:22] [INFO] [qd_client] Logged in to QuantDinger
[2026-06-17 02:09:22] [INFO] [mt5_watchdog] MT5 already connected
[2026-06-17 02:09:22] [INFO] [mt5_watchdog] MT5 reconnected successfully!
[2026-06-17 02:09:28] [INFO] [reconciliation] Reconciliation: {'db_count': 1, 'qd_count': 0, 'fixes': 1, 'mismatches': ['DB orphan closed: trade 1']}
[2026-06-17 02:09:59] [INFO] [qd_client] Logged in to QuantDinger
[2026-06-17 02:10:00] [INFO] [reconciliation] Reconciliation: {'db_count': 1, 'qd_count': 0, 'fixes': 1, 'mismatches': ['DB orphan closed: trade 1']}
[2026-06-17 02:10:14] [INFO] [main] Trading Bot V3 starting...
[2026-06-17 02:10:14] [INFO] [database] V3 Database initialized with all tables
[2026-06-17 02:10:15] [INFO] [qd_client] Logged in to QuantDinger
[2026-06-17 02:10:15] [INFO] [qd_client] MT5 connected
[2026-06-17 02:10:15] [INFO] [main] MT5 connected
[2026-06-17 02:10:15] [INFO] [telegram_bot] Telegram polling started
[2026-06-17 02:10:15] [INFO] [telegram_bot] Telegram bot V3 started
[2026-06-17 02:10:15] [INFO] [mt5_watchdog] MT5 watchdog started (V1 reconnect logic)
[2026-06-17 02:10:15] [INFO] [reconciliation] Reconciliation loop started (every 60s)
[2026-06-17 02:10:15] [INFO] [reconciliation] Reconciliation thread started
[2026-06-17 02:10:16] [INFO] [main] ==================================================
[2026-06-17 02:10:16] [INFO] [main] Cycle 1 at 02:10:16
[2026-06-17 02:10:16] [INFO] [reconciliation] Reconciliation: {'db_count': 1, 'qd_count': 0, 'fixes': 1, 'mismatches': ['DB orphan closed: trade 1']}
[2026-06-17 02:10:26] [INFO] [news_fetcher] Fetched 7 relevant news items
[2026-06-17 02:10:26] [INFO] [main] Equity: 73516.00$ | News: 7
[2026-06-17 02:10:26] [INFO] [main] --- EURUSD ---
[2026-06-17 02:10:28] [INFO] [qd_client] Logged in to QuantDinger
[2026-06-17 02:10:30] [INFO] [reconciliation] Reconciliation: {'db_count': 1, 'qd_count': 0, 'fixes': 1, 'mismatches': ['DB orphan closed: trade 1']}
[2026-06-17 02:10:30] [INFO] [deepseek] AI analysis EURUSD: bias=bearish score=60.0 conf=0.70
[2026-06-17 02:10:30] [DEBUG] [signal_engine] Signal: SELL score=60.0 conf=0.70 strength=متوسط valid=True
[2026-06-17 02:10:31] [DEBUG] [market_client] Candles EURUSD 4H: 50 bars
[2026-06-17 02:10:31] [DEBUG] [market_client] Indicators EURUSD: RSI=67.5 ATR=0.00175 trend=strong uptrend
[2026-06-17 02:10:31] [DEBUG] [market_client] Candles EURUSD 4H: 50 bars
[2026-06-17 02:10:31] [DEBUG] [market_client] Indicators EURUSD: RSI=67.5 ATR=0.00175 trend=strong uptrend
[2026-06-17 02:10:31] [DEBUG] [market_client] Candles EURUSD 4H: 50 bars
[2026-06-17 02:10:31] [DEBUG] [market_client] Indicators EURUSD: RSI=67.5 ATR=0.00175 trend=strong uptrend
[2026-06-17 02:10:31] [INFO] [mtf] MTF EURUSD: H4=bullish H1=bullish M15=bullish aligned=True (strong)
[2026-06-17 02:10:31] [DEBUG] [market_client] Candles EURUSD 4H: 50 bars
[2026-06-17 02:10:31] [DEBUG] [market_client] Indicators EURUSD: RSI=67.5 ATR=0.00175 trend=strong uptrend
[2026-06-17 02:10:31] [DEBUG] [market_client] Candles EURUSD 4H: 50 bars
[2026-06-17 02:10:31] [DEBUG] [market_client] Indicators EURUSD: RSI=67.5 ATR=0.00175 trend=strong uptrend
[2026-06-17 02:10:31] [DEBUG] [market_client] Candles EURUSD 4H: 50 bars
[2026-06-17 02:10:31] [DEBUG] [market_client] Indicators EURUSD: RSI=67.5 ATR=0.00175 trend=strong uptrend
[2026-06-17 02:10:31] [DEBUG] [market_client] Candles EURUSD 4H: 50 bars
[2026-06-17 02:10:31] [DEBUG] [market_client] Indicators EURUSD: RSI=67.5 ATR=0.00175 trend=strong uptrend
[2026-06-17 02:10:31] [DEBUG] [market_client] Candles EURUSD 4H: 50 bars
[2026-06-17 02:10:31] [DEBUG] [market_client] Indicators EURUSD: RSI=67.5 ATR=0.00175 trend=strong uptrend
[2026-06-17 02:10:31] [INFO] [voting_engine] EURUSD: MTF strongly aligned, boosting score 10%
[2026-06-17 02:10:31] [INFO] [main] EURUSD: SKIP - Score 48.8 < 65
[2026-06-17 02:10:31] [INFO] [main] --- XAUUSD ---
[2026-06-17 02:10:36] [INFO] [deepseek] AI analysis XAUUSD: bias=neutral score=35.0 conf=0.40
[2026-06-17 02:10:36] [DEBUG] [signal_engine] Signal: NEUTRAL score=35.0 conf=0.40 strength=ضعيف valid=False
[2026-06-17 02:10:36] [DEBUG] [market_client] Candles XAUUSD 4H: 50 bars
[2026-06-17 02:10:36] [DEBUG] [market_client] Indicators XAUUSD: RSI=77.9 ATR=32.21422 trend=strong uptrend
[2026-06-17 02:10:36] [DEBUG] [market_client] Candles XAUUSD 4H: 50 bars
[2026-06-17 02:10:36] [DEBUG] [market_client] Indicators XAUUSD: RSI=77.9 ATR=32.21422 trend=strong uptrend
[2026-06-17 02:10:36] [DEBUG] [market_client] Candles XAUUSD 4H: 50 bars
[2026-06-17 02:10:36] [DEBUG] [market_client] Indicators XAUUSD: RSI=77.9 ATR=32.21422 trend=strong uptrend
[2026-06-17 02:10:36] [INFO] [mtf] MTF XAUUSD: H4=bullish H1=bearish M15=bearish aligned=True (weak)
[2026-06-17 02:10:36] [DEBUG] [market_client] Candles XAUUSD 4H: 50 bars
[2026-06-17 02:10:36] [DEBUG] [market_client] Indicators XAUUSD: RSI=77.9 ATR=32.21422 trend=strong uptrend
[2026-06-17 02:10:36] [DEBUG] [market_client] Candles XAUUSD 4H: 50 bars
[2026-06-17 02:10:36] [DEBUG] [market_client] Indicators XAUUSD: RSI=77.9 ATR=32.21422 trend=strong uptrend
[2026-06-17 02:10:36] [DEBUG] [market_client] Candles XAUUSD 4H: 50 bars
[2026-06-17 02:10:36] [DEBUG] [market_client] Indicators XAUUSD: RSI=77.9 ATR=32.21422 trend=strong uptrend
[2026-06-17 02:10:36] [DEBUG] [market_client] Candles XAUUSD 4H: 50 bars
[2026-06-17 02:10:36] [DEBUG] [market_client] Indicators XAUUSD: RSI=77.9 ATR=32.21422 trend=strong uptrend
[2026-06-17 02:10:36] [DEBUG] [market_client] Candles XAUUSD 4H: 50 bars
[2026-06-17 02:10:36] [DEBUG] [market_client] Indicators XAUUSD: RSI=77.9 ATR=32.21422 trend=strong uptrend
[2026-06-17 02:10:36] [INFO] [main] --- GBPUSD ---
[2026-06-17 02:10:41] [INFO] [deepseek] AI analysis GBPUSD: bias=neutral score=35.0 conf=0.40
[2026-06-17 02:10:41] [DEBUG] [signal_engine] Signal: NEUTRAL score=35.0 conf=0.40 strength=ضعيف valid=False
[2026-06-17 02:10:41] [DEBUG] [market_client] Candles GBPUSD 4H: 50 bars
[2026-06-17 02:10:41] [DEBUG] [market_client] Indicators GBPUSD: RSI=54.2 ATR=0.00221 trend=strong uptrend
[2026-06-17 02:10:41] [DEBUG] [market_client] Candles GBPUSD 4H: 50 bars
[2026-06-17 02:10:41] [DEBUG] [market_client] Indicators GBPUSD: RSI=54.2 ATR=0.00221 trend=strong uptrend
[2026-06-17 02:10:41] [DEBUG] [market_client] Candles GBPUSD 4H: 50 bars
[2026-06-17 02:10:41] [DEBUG] [market_client] Indicators GBPUSD: RSI=54.2 ATR=0.00221 trend=strong uptrend
[2026-06-17 02:10:41] [INFO] [mtf] MTF GBPUSD: H4=bullish H1=neutral M15=neutral aligned=False (weak)
[2026-06-17 02:10:41] [DEBUG] [market_client] Candles GBPUSD 4H: 50 bars
[2026-06-17 02:10:41] [DEBUG] [market_client] Indicators GBPUSD: RSI=54.2 ATR=0.00221 trend=strong uptrend
[2026-06-17 02:10:41] [DEBUG] [market_client] Candles GBPUSD 4H: 50 bars
[2026-06-17 02:10:41] [DEBUG] [market_client] Indicators GBPUSD: RSI=54.2 ATR=0.00221 trend=strong uptrend
[2026-06-17 02:10:41] [DEBUG] [market_client] Candles GBPUSD 4H: 50 bars
[2026-06-17 02:10:41] [DEBUG] [market_client] Indicators GBPUSD: RSI=54.2 ATR=0.00221 trend=strong uptrend
[2026-06-17 02:10:41] [DEBUG] [market_client] Candles GBPUSD 4H: 50 bars
[2026-06-17 02:10:41] [DEBUG] [market_client] Indicators GBPUSD: RSI=54.2 ATR=0.00221 trend=strong uptrend
[2026-06-17 02:10:41] [DEBUG] [market_client] Candles GBPUSD 4H: 50 bars
[2026-06-17 02:10:41] [DEBUG] [market_client] Indicators GBPUSD: RSI=54.2 ATR=0.00221 trend=strong uptrend
[2026-06-17 02:10:41] [INFO] [voting_engine] GBPUSD: MTF weakly misaligned, reducing score 20%
[2026-06-17 02:10:41] [INFO] [main] Sleeping 1800s...
[2026-06-17 02:10:58] [WARNING] [mt5_watchdog] MT5 disconnected! Attempt 1/3
[2026-06-17 02:11:00] [INFO] [qd_client] Logged in to QuantDinger
[2026-06-17 02:11:00] [INFO] [mt5_watchdog] MT5 already connected
[2026-06-17 02:11:00] [INFO] [mt5_watchdog] MT5 reconnected successfully!
[2026-06-17 02:11:02] [INFO] [reconciliation] Reconciliation: {'db_count': 1, 'qd_count': 0, 'fixes': 1, 'mismatches': ['DB orphan closed: trade 1']}
[2026-06-17 02:11:08] [INFO] [qd_client] Logged in to QuantDinger
[2026-06-17 02:11:15] [WARNING] [mt5_watchdog] MT5 disconnected! Attempt 1/3
[2026-06-17 02:11:16] [INFO] [qd_client] Logged in to QuantDinger
[2026-06-17 02:11:16] [INFO] [mt5_watchdog] MT5 already connected
[2026-06-17 02:11:16] [INFO] [mt5_watchdog] MT5 reconnected successfully!
[2026-06-17 02:11:16] [INFO] [qd_client] Logged in to QuantDinger
[2026-06-17 02:11:17] [INFO] [reconciliation] Reconciliation: {'db_count': 1, 'qd_count': 0, 'fixes': 1, 'mismatches': ['DB orphan closed: trade 1']}
[2026-06-17 02:11:23] [WARNING] [mt5_watchdog] MT5 disconnected! Attempt 1/3
[2026-06-17 02:11:25] [INFO] [qd_client] Logged in to QuantDinger
[2026-06-17 02:11:25] [INFO] [mt5_watchdog] MT5 already connected
[2026-06-17 02:11:25] [INFO] [mt5_watchdog] MT5 reconnected successfully!
[2026-06-17 02:11:31] [INFO] [reconciliation] Reconciliation: {'db_count': 1, 'qd_count': 0, 'fixes': 1, 'mismatches': ['DB orphan closed: trade 1']}
[2026-06-17 02:12:02] [INFO] [qd_client] Logged in to QuantDinger
[2026-06-17 02:12:04] [INFO] [reconciliation] Reconciliation: {'db_count': 1, 'qd_count': 0, 'fixes': 1, 'mismatches': ['DB orphan closed: trade 1']}
[2026-06-17 02:12:18] [INFO] [qd_client] Logged in to QuantDinger
[2026-06-17 02:12:18] [INFO] [reconciliation] Reconciliation: {'db_count': 1, 'qd_count': 0, 'fixes': 1, 'mismatches': ['DB orphan closed: trade 1']}
[2026-06-17 02:12:32] [INFO] [qd_client] Logged in to QuantDinger
[2026-06-17 02:12:33] [INFO] [reconciliation] Reconciliation: {'db_count': 1, 'qd_count': 0, 'fixes': 1, 'mismatches': ['DB orphan closed: trade 1']}
[2026-06-17 02:12:40] [INFO] [qd_client] Logged in to QuantDinger
[2026-06-17 02:12:40] [INFO] [qd_client] Logged in to QuantDinger
[2026-06-17 02:13:05] [INFO] [reconciliation] Reconciliation: {'db_count': 1, 'qd_count': 0, 'fixes': 1, 'mismatches': ['DB orphan closed: trade 1']}
[2026-06-17 02:13:17] [WARNING] [mt5_watchdog] MT5 disconnected! Attempt 1/3
[2026-06-17 02:13:18] [INFO] [qd_client] Logged in to QuantDinger
[2026-06-17 02:13:18] [INFO] [mt5_watchdog] MT5 already connected
[2026-06-17 02:13:18] [INFO] [mt5_watchdog] MT5 reconnected successfully!
[2026-06-17 02:13:19] [INFO] [reconciliation] Reconciliation: {'db_count': 1, 'qd_count': 0, 'fixes': 1, 'mismatches': ['DB orphan closed: trade 1']}
[2026-06-17 02:13:27] [WARNING] [mt5_watchdog] MT5 disconnected! Attempt 1/3
[2026-06-17 02:13:29] [INFO] [qd_client] Logged in to QuantDinger
[2026-06-17 02:13:29] [INFO] [mt5_watchdog] MT5 already connected
[2026-06-17 02:13:29] [INFO] [mt5_watchdog] MT5 reconnected successfully!
[2026-06-17 02:13:35] [INFO] [reconciliation] Reconciliation: {'db_count': 1, 'qd_count': 0, 'fixes': 1, 'mismatches': ['DB orphan closed: trade 1']}
[2026-06-17 02:14:06] [INFO] [qd_client] Logged in to QuantDinger
[2026-06-17 02:14:07] [INFO] [reconciliation] Reconciliation: {'db_count': 1, 'qd_count': 0, 'fixes': 1, 'mismatches': ['DB orphan closed: trade 1']}
[2026-06-17 02:14:20] [INFO] [qd_client] Logged in to QuantDinger
[2026-06-17 02:14:20] [INFO] [reconciliation] Reconciliation: {'db_count': 1, 'qd_count': 0, 'fixes': 1, 'mismatches': ['DB orphan closed: trade 1']}
[2026-06-17 02:14:36] [INFO] [qd_client] Logged in to QuantDinger
[2026-06-17 02:14:37] [INFO] [reconciliation] Reconciliation: {'db_count': 1, 'qd_count': 0, 'fixes': 1, 'mismatches': ['DB orphan closed: trade 1']}
[2026-06-17 02:14:40] [INFO] [qd_client] Logged in to QuantDinger
[2026-06-17 02:14:44] [INFO] [qd_client] Logged in to QuantDinger
[2026-06-17 02:15:02] [WARNING] [mt5_watchdog] MT5 disconnected! Attempt 1/3
[2026-06-17 02:15:04] [INFO] [qd_client] Logged in to QuantDinger
[2026-06-17 02:15:04] [INFO] [mt5_watchdog] MT5 already connected
[2026-06-17 02:15:04] [INFO] [mt5_watchdog] MT5 reconnected successfully!
[2026-06-17 02:15:09] [INFO] [reconciliation] Reconciliation: {'db_count': 1, 'qd_count': 0, 'fixes': 1, 'mismatches': ['DB orphan closed: trade 1']}
[2026-06-17 02:15:19] [WARNING] [mt5_watchdog] MT5 disconnected! Attempt 1/3
[2026-06-17 02:15:20] [INFO] [qd_client] Logged in to QuantDinger
[2026-06-17 02:15:20] [INFO] [mt5_watchdog] MT5 already connected
[2026-06-17 02:15:20] [INFO] [mt5_watchdog] MT5 reconnected successfully!
[2026-06-17 02:15:21] [INFO] [reconciliation] Reconciliation: {'db_count': 1, 'qd_count': 0, 'fixes': 1, 'mismatches': ['DB orphan closed: trade 1']}
[2026-06-17 02:15:31] [WARNING] [mt5_watchdog] MT5 disconnected! Attempt 1/3
[2026-06-17 02:15:32] [INFO] [qd_client] Logged in to QuantDinger
[2026-06-17 02:15:32] [INFO] [qd_client] Logged in to QuantDinger
[2026-06-17 02:15:33] [INFO] [qd_client] Logged in to QuantDinger
[2026-06-17 02:15:33] [INFO] [mt5_watchdog] MT5 already connected
[2026-06-17 02:15:33] [INFO] [mt5_watchdog] MT5 reconnected successfully!
[2026-06-17 02:15:35] [INFO] [qd_client] Logged in to QuantDinger
[2026-06-17 02:15:38] [INFO] [qd_client] Logged in to QuantDinger
[2026-06-17 02:15:39] [INFO] [reconciliation] Reconciliation: {'db_count': 1, 'qd_count': 0, 'fixes': 1, 'mismatches': ['DB orphan closed: trade 1']}
[2026-06-17 02:16:10] [INFO] [qd_client] Logged in to QuantDinger
[2026-06-17 02:16:11] [INFO] [reconciliation] Reconciliation: {'db_count': 1, 'qd_count': 0, 'fixes': 1, 'mismatches': ['DB orphan closed: trade 1']}
[2026-06-17 02:16:22] [INFO] [qd_client] Logged in to QuantDinger
[2026-06-17 02:16:22] [INFO] [reconciliation] Reconciliation: {'db_count': 1, 'qd_count': 0, 'fixes': 1, 'mismatches': ['DB orphan closed: trade 1']}
[2026-06-17 02:16:40] [INFO] [qd_client] Logged in to QuantDinger
[2026-06-17 02:16:42] [INFO] [reconciliation] Reconciliation: {'db_count': 1, 'qd_count': 0, 'fixes': 1, 'mismatches': ['DB orphan closed: trade 1']}
[2026-06-17 02:16:51] [INFO] [qd_client] Logged in to QuantDinger
[2026-06-17 02:17:13] [INFO] [reconciliation] Reconciliation: {'db_count': 1, 'qd_count': 0, 'fixes': 1, 'mismatches': ['DB orphan closed: trade 1']}
[2026-06-17 02:17:21] [WARNING] [mt5_watchdog] MT5 disconnected! Attempt 1/3
[2026-06-17 02:17:22] [INFO] [qd_client] Logged in to QuantDinger
[2026-06-17 02:17:22] [INFO] [mt5_watchdog] MT5 already connected
[2026-06-17 02:17:22] [INFO] [mt5_watchdog] MT5 reconnected successfully!
[2026-06-17 02:17:23] [INFO] [reconciliation] Reconciliation: {'db_count': 1, 'qd_count': 0, 'fixes': 1, 'mismatches': ['DB orphan closed: trade 1']}
[2026-06-17 02:17:35] [WARNING] [mt5_watchdog] MT5 disconnected! Attempt 1/3
[2026-06-17 02:17:37] [INFO] [qd_client] Logged in to QuantDinger
[2026-06-17 02:17:37] [INFO] [mt5_watchdog] MT5 already connected
[2026-06-17 02:17:37] [INFO] [mt5_watchdog] MT5 reconnected successfully!
[2026-06-17 02:17:43] [INFO] [reconciliation] Reconciliation: {'db_count': 1, 'qd_count': 0, 'fixes': 1, 'mismatches': ['DB orphan closed: trade 1']}
[2026-06-17 02:18:13] [INFO] [qd_client] Logged in to QuantDinger
[2026-06-17 02:18:15] [INFO] [reconciliation] Reconciliation: {'db_count': 1, 'qd_count': 0, 'fixes': 1, 'mismatches': ['DB orphan closed: trade 1']}
[2026-06-17 02:18:24] [INFO] [qd_client] Logged in to QuantDinger
[2026-06-17 02:18:24] [INFO] [reconciliation] Reconciliation: {'db_count': 1, 'qd_count': 0, 'fixes': 1, 'mismatches': ['DB orphan closed: trade 1']}
[2026-06-17 02:18:44] [INFO] [qd_client] Logged in to QuantDinger
[2026-06-17 02:18:46] [INFO] [reconciliation] Reconciliation: {'db_count': 1, 'qd_count': 0, 'fixes': 1, 'mismatches': ['DB orphan closed: trade 1']}
[2026-06-17 02:19:06] [WARNING] [mt5_watchdog] MT5 disconnected! Attempt 1/3
[2026-06-17 02:19:08] [INFO] [qd_client] Logged in to QuantDinger
[2026-06-17 02:19:08] [INFO] [mt5_watchdog] MT5 already connected
[2026-06-17 02:19:08] [INFO] [mt5_watchdog] MT5 reconnected successfully!
[2026-06-17 02:19:17] [INFO] [reconciliation] Reconciliation: {'db_count': 1, 'qd_count': 0, 'fixes': 1, 'mismatches': ['DB orphan closed: trade 1']}
[2026-06-17 02:19:23] [WARNING] [mt5_watchdog] MT5 disconnected! Attempt 1/3
[2026-06-17 02:19:24] [INFO] [qd_client] Logged in to QuantDinger
[2026-06-17 02:19:24] [INFO] [mt5_watchdog] MT5 already connected
[2026-06-17 02:19:24] [INFO] [mt5_watchdog] MT5 reconnected successfully!
[2026-06-17 02:19:25] [INFO] [reconciliation] Reconciliation: {'db_count': 1, 'qd_count': 0, 'fixes': 1, 'mismatches': ['DB orphan closed: trade 1']}
[2026-06-17 02:19:39] [WARNING] [mt5_watchdog] MT5 disconnected! Attempt 1/3
[2026-06-17 02:19:41] [INFO] [qd_client] Logged in to QuantDinger
[2026-06-17 02:19:41] [INFO] [mt5_watchdog] MT5 already connected
[2026-06-17 02:19:41] [INFO] [mt5_watchdog] MT5 reconnected successfully!
[2026-06-17 02:19:48] [INFO] [reconciliation] Reconciliation: {'db_count': 1, 'qd_count': 0, 'fixes': 1, 'mismatches': ['DB orphan closed: trade 1']}
[2026-06-17 02:20:18] [INFO] [qd_client] Logged in to QuantDinger
[2026-06-17 02:20:19] [INFO] [reconciliation] Reconciliation: {'db_count': 1, 'qd_count': 0, 'fixes': 1, 'mismatches': ['DB orphan closed: trade 1']}
[2026-06-17 02:20:26] [INFO] [qd_client] Logged in to QuantDinger
[2026-06-17 02:20:26] [INFO] [reconciliation] Reconciliation: {'db_count': 1, 'qd_count': 0, 'fixes': 1, 'mismatches': ['DB orphan closed: trade 1']}
[2026-06-17 02:20:48] [INFO] [qd_client] Logged in to QuantDinger
[2026-06-17 02:20:50] [INFO] [reconciliation] Reconciliation: {'db_count': 1, 'qd_count': 0, 'fixes': 1, 'mismatches': ['DB orphan closed: trade 1']}
[2026-06-17 02:21:09] [WARNING] [mt5_watchdog] MT5 disconnected! Attempt 1/3
[2026-06-17 02:21:12] [INFO] [qd_client] Logged in to QuantDinger
[2026-06-17 02:21:12] [INFO] [mt5_watchdog] MT5 already connected
[2026-06-17 02:21:12] [INFO] [mt5_watchdog] MT5 reconnected successfully!
[2026-06-17 02:21:21] [INFO] [reconciliation] Reconciliation: {'db_count': 1, 'qd_count': 0, 'fixes': 1, 'mismatches': ['DB orphan closed: trade 1']}
[2026-06-17 02:21:25] [WARNING] [mt5_watchdog] MT5 disconnected! Attempt 1/3
[2026-06-17 02:21:26] [INFO] [qd_client] Logged in to QuantDinger
[2026-06-17 02:21:26] [INFO] [mt5_watchdog] MT5 already connected
[2026-06-17 02:21:26] [INFO] [mt5_watchdog] MT5 reconnected successfully!
[2026-06-17 02:21:27] [INFO] [reconciliation] Reconciliation: {'db_count': 1, 'qd_count': 0, 'fixes': 1, 'mismatches': ['DB orphan closed: trade 1']}
[2026-06-17 02:21:43] [WARNING] [mt5_watchdog] MT5 disconnected! Attempt 1/3
[2026-06-17 02:21:45] [INFO] [qd_client] Logged in to QuantDinger
[2026-06-17 02:21:45] [INFO] [mt5_watchdog] MT5 already connected
[2026-06-17 02:21:45] [INFO] [mt5_watchdog] MT5 reconnected successfully!
[2026-06-17 02:21:52] [INFO] [reconciliation] Reconciliation: {'db_count': 1, 'qd_count': 0, 'fixes': 1, 'mismatches': ['DB orphan closed: trade 1']}
[2026-06-17 02:22:22] [INFO] [qd_client] Logged in to QuantDinger
[2026-06-17 02:22:24] [INFO] [reconciliation] Reconciliation: {'db_count': 1, 'qd_count': 0, 'fixes': 1, 'mismatches': ['DB orphan closed: trade 1']}
[2026-06-17 02:22:27] [INFO] [qd_client] Logged in to QuantDinger
[2026-06-17 02:22:28] [INFO] [reconciliation] Reconciliation: {'db_count': 1, 'qd_count': 0, 'fixes': 1, 'mismatches': ['DB orphan closed: trade 1']}
[2026-06-17 02:22:53] [INFO] [qd_client] Logged in to QuantDinger
[2026-06-17 02:22:54] [INFO] [reconciliation] Reconciliation: {'db_count': 1, 'qd_count': 0, 'fixes': 1, 'mismatches': ['DB orphan closed: trade 1']}
[2026-06-17 02:23:14] [WARNING] [mt5_watchdog] MT5 disconnected! Attempt 1/3
[2026-06-17 02:23:16] [INFO] [qd_client] Logged in to QuantDinger
[2026-06-17 02:23:16] [INFO] [mt5_watchdog] MT5 already connected
[2026-06-17 02:23:16] [INFO] [mt5_watchdog] MT5 reconnected successfully!
[2026-06-17 02:23:25] [INFO] [reconciliation] Reconciliation: {'db_count': 1, 'qd_count': 0, 'fixes': 1, 'mismatches': ['DB orphan closed: trade 1']}
[2026-06-17 02:23:27] [WARNING] [mt5_watchdog] MT5 disconnected! Attempt 1/3
[2026-06-17 02:23:28] [INFO] [qd_client] Logged in to QuantDinger
[2026-06-17 02:23:28] [INFO] [mt5_watchdog] MT5 already connected
[2026-06-17 02:23:28] [INFO] [mt5_watchdog] MT5 reconnected successfully!
[2026-06-17 02:23:29] [INFO] [reconciliation] Reconciliation: {'db_count': 1, 'qd_count': 0, 'fixes': 1, 'mismatches': ['DB orphan closed: trade 1']}
[2026-06-17 02:23:47] [WARNING] [mt5_watchdog] MT5 disconnected! Attempt 1/3
[2026-06-17 02:23:49] [INFO] [qd_client] Logged in to QuantDinger
[2026-06-17 02:23:49] [INFO] [mt5_watchdog] MT5 already connected
[2026-06-17 02:23:49] [INFO] [mt5_watchdog] MT5 reconnected successfully!
[2026-06-17 02:23:57] [INFO] [reconciliation] Reconciliation: {'db_count': 1, 'qd_count': 0, 'fixes': 1, 'mismatches': ['DB orphan closed: trade 1']}
[2026-06-17 02:24:26] [INFO] [qd_client] Logged in to QuantDinger
[2026-06-17 02:24:28] [INFO] [reconciliation] Reconciliation: {'db_count': 1, 'qd_count': 0, 'fixes': 1, 'mismatches': ['DB orphan closed: trade 1']}
[2026-06-17 02:24:29] [INFO] [qd_client] Logged in to QuantDinger
[2026-06-17 02:24:30] [INFO] [reconciliation] Reconciliation: {'db_count': 1, 'qd_count': 0, 'fixes': 1, 'mismatches': ['DB orphan closed: trade 1']}
[2026-06-17 02:24:57] [INFO] [qd_client] Logged in to QuantDinger
[2026-06-17 02:24:59] [INFO] [reconciliation] Reconciliation: {'db_count': 1, 'qd_count': 0, 'fixes': 1, 'mismatches': ['DB orphan closed: trade 1']}
[2026-06-17 02:25:15] [INFO] [qd_client] Logged in to QuantDinger
[2026-06-17 02:25:18] [WARNING] [mt5_watchdog] MT5 disconnected! Attempt 1/3
[2026-06-17 02:25:20] [INFO] [qd_client] Logged in to QuantDinger
[2026-06-17 02:25:20] [INFO] [mt5_watchdog] MT5 already connected
[2026-06-17 02:25:20] [INFO] [mt5_watchdog] MT5 reconnected successfully!
[2026-06-17 02:25:29] [WARNING] [mt5_watchdog] MT5 disconnected! Attempt 1/3
[2026-06-17 02:25:30] [INFO] [reconciliation] Reconciliation: {'db_count': 1, 'qd_count': 0, 'fixes': 1, 'mismatches': ['DB orphan closed: trade 1']}
[2026-06-17 02:25:30] [INFO] [qd_client] Logged in to QuantDinger
[2026-06-17 02:25:30] [INFO] [mt5_watchdog] MT5 already connected
[2026-06-17 02:25:30] [INFO] [mt5_watchdog] MT5 reconnected successfully!
[2026-06-17 02:25:31] [INFO] [reconciliation] Reconciliation: {'db_count': 1, 'qd_count': 0, 'fixes': 1, 'mismatches': ['DB orphan closed: trade 1']}
[2026-06-17 02:25:51] [WARNING] [mt5_watchdog] MT5 disconnected! Attempt 1/3
[2026-06-17 02:25:53] [INFO] [qd_client] Logged in to QuantDinger
[2026-06-17 02:25:53] [INFO] [mt5_watchdog] MT5 already connected
[2026-06-17 02:25:53] [INFO] [mt5_watchdog] MT5 reconnected successfully!
[2026-06-17 02:26:00] [INFO] [reconciliation] Reconciliation: {'db_count': 1, 'qd_count': 0, 'fixes': 1, 'mismatches': ['DB orphan closed: trade 1']}
[2026-06-17 02:26:28] [INFO] [main] ==================================================
[2026-06-17 02:26:28] [INFO] [main] Cycle 2 at 02:26:28
[2026-06-17 02:26:30] [INFO] [qd_client] Logged in to QuantDinger
[2026-06-17 02:26:31] [INFO] [qd_client] Logged in to QuantDinger
[2026-06-17 02:26:32] [INFO] [reconciliation] Reconciliation: {'db_count': 1, 'qd_count': 0, 'fixes': 1, 'mismatches': ['DB orphan closed: trade 1']}
[2026-06-17 02:26:32] [INFO] [reconciliation] Reconciliation: {'db_count': 1, 'qd_count': 0, 'fixes': 1, 'mismatches': ['DB orphan closed: trade 1']}
[2026-06-17 02:26:40] [INFO] [news_fetcher] Fetched 6 relevant news items
[2026-06-17 02:26:41] [INFO] [qd_client] Logged in to QuantDinger
[2026-06-17 02:26:41] [INFO] [main] Equity: 73516.00$ | News: 6
[2026-06-17 02:26:41] [INFO] [main] --- EURUSD ---
[2026-06-17 02:26:45] [INFO] [deepseek] AI analysis EURUSD: bias=bearish score=65.0 conf=0.70
[2026-06-17 02:26:45] [DEBUG] [signal_engine] Signal: SELL score=65.0 conf=0.70 strength=متوسط valid=True
[2026-06-17 02:26:45] [DEBUG] [market_client] Candles API error for EURUSD: {'code': 0, 'msg': 'No data found', 'data': [], 'hint': None}
[2026-06-17 02:26:45] [DEBUG] [indicators] No trend data for EURUSD, using neutral
[2026-06-17 02:26:45] [DEBUG] [market_client] Candles API error for EURUSD: {'code': 0, 'msg': 'No data found', 'data': [], 'hint': None}
[2026-06-17 02:26:45] [DEBUG] [indicators] No momentum data for EURUSD, using neutral
[2026-06-17 02:26:45] [DEBUG] [market_client] Candles API error for EURUSD: {'code': 0, 'msg': 'No data found', 'data': [], 'hint': None}
[2026-06-17 02:26:45] [DEBUG] [indicators] No momentum data for EURUSD, using neutral
[2026-06-17 02:26:45] [INFO] [mtf] MTF EURUSD: H4=neutral H1=neutral M15=neutral aligned=False (weak)
[2026-06-17 02:26:45] [DEBUG] [market_client] Candles API error for EURUSD: {'code': 0, 'msg': 'No data found', 'data': [], 'hint': None}
[2026-06-17 02:26:45] [DEBUG] [indicators] No trend data for EURUSD, using neutral
[2026-06-17 02:26:45] [DEBUG] [market_client] Candles API error for EURUSD: {'code': 0, 'msg': 'No data found', 'data': [], 'hint': None}
[2026-06-17 02:26:45] [DEBUG] [indicators] No momentum data for EURUSD, using neutral
[2026-06-17 02:26:45] [DEBUG] [market_client] Candles API error for EURUSD: {'code': 0, 'msg': 'No data found', 'data': [], 'hint': None}
[2026-06-17 02:26:45] [DEBUG] [indicators] No volatility data for EURUSD, using neutral
[2026-06-17 02:26:45] [DEBUG] [market_client] Candles API error for EURUSD: {'code': 0, 'msg': 'No data found', 'data': [], 'hint': None}
[2026-06-17 02:26:45] [DEBUG] [indicators] No trend data for EURUSD, using neutral
[2026-06-17 02:26:45] [DEBUG] [market_client] Candles API error for EURUSD: {'code': 0, 'msg': 'No data found', 'data': [], 'hint': None}
[2026-06-17 02:26:45] [DEBUG] [indicators] No volatility data for EURUSD, using neutral
[2026-06-17 02:26:45] [INFO] [voting_engine] EURUSD: MTF weakly misaligned, reducing score 20%
[2026-06-17 02:26:45] [INFO] [main] EURUSD: SKIP - Score 50.5 < 65
[2026-06-17 02:26:45] [INFO] [main] --- XAUUSD ---
[2026-06-17 02:26:50] [INFO] [deepseek] AI analysis XAUUSD: bias=neutral score=35.0 conf=0.40
[2026-06-17 02:26:50] [DEBUG] [signal_engine] Signal: NEUTRAL score=35.0 conf=0.40 strength=ضعيف valid=False
[2026-06-17 02:26:50] [DEBUG] [market_client] Candles API error for XAUUSD: {'code': 0, 'msg': 'No data found', 'data': [], 'hint': None}
[2026-06-17 02:26:50] [DEBUG] [indicators] No trend data for XAUUSD, using neutral
[2026-06-17 02:26:50] [DEBUG] [market_client] Candles API error for XAUUSD: {'code': 0, 'msg': 'No data found', 'data': [], 'hint': None}
[2026-06-17 02:26:50] [DEBUG] [indicators] No momentum data for XAUUSD, using neutral
[2026-06-17 02:26:50] [DEBUG] [market_client] Candles API error for XAUUSD: {'code': 0, 'msg': 'No data found', 'data': [], 'hint': None}
[2026-06-17 02:26:50] [DEBUG] [indicators] No momentum data for XAUUSD, using neutral
[2026-06-17 02:26:50] [INFO] [mtf] MTF XAUUSD: H4=neutral H1=neutral M15=neutral aligned=False (weak)
[2026-06-17 02:26:50] [DEBUG] [market_client] Candles API error for XAUUSD: {'code': 0, 'msg': 'No data found', 'data': [], 'hint': None}
[2026-06-17 02:26:50] [DEBUG] [indicators] No trend data for XAUUSD, using neutral
[2026-06-17 02:26:50] [DEBUG] [market_client] Candles API error for XAUUSD: {'code': 0, 'msg': 'No data found', 'data': [], 'hint': None}
[2026-06-17 02:26:50] [DEBUG] [indicators] No momentum data for XAUUSD, using neutral
[2026-06-17 02:26:50] [DEBUG] [market_client] Candles API error for XAUUSD: {'code': 0, 'msg': 'No data found', 'data': [], 'hint': None}
[2026-06-17 02:26:50] [DEBUG] [indicators] No volatility data for XAUUSD, using neutral
[2026-06-17 02:26:50] [DEBUG] [market_client] Candles API error for XAUUSD: {'code': 0, 'msg': 'No data found', 'data': [], 'hint': None}
[2026-06-17 02:26:50] [DEBUG] [indicators] No trend data for XAUUSD, using neutral
[2026-06-17 02:26:50] [DEBUG] [market_client] Candles API error for XAUUSD: {'code': 0, 'msg': 'No data found', 'data': [], 'hint': None}
[2026-06-17 02:26:50] [DEBUG] [indicators] No volatility data for XAUUSD, using neutral
[2026-06-17 02:26:50] [INFO] [voting_engine] XAUUSD: MTF weakly misaligned, reducing score 20%
[2026-06-17 02:26:50] [INFO] [main] --- GBPUSD ---
[2026-06-17 02:26:54] [INFO] [deepseek] AI analysis GBPUSD: bias=neutral score=35.0 conf=0.40
[2026-06-17 02:26:54] [DEBUG] [signal_engine] Signal: NEUTRAL score=35.0 conf=0.40 strength=ضعيف valid=False
[2026-06-17 02:26:54] [DEBUG] [market_client] Candles API error for GBPUSD: {'code': 0, 'msg': 'No data found', 'data': [], 'hint': None}
[2026-06-17 02:26:54] [DEBUG] [indicators] No trend data for GBPUSD, using neutral
[2026-06-17 02:26:54] [DEBUG] [market_client] Candles API error for GBPUSD: {'code': 0, 'msg': 'No data found', 'data': [], 'hint': None}
[2026-06-17 02:26:54] [DEBUG] [indicators] No momentum data for GBPUSD, using neutral
[2026-06-17 02:26:54] [DEBUG] [market_client] Candles API error for GBPUSD: {'code': 0, 'msg': 'No data found', 'data': [], 'hint': None}
[2026-06-17 02:26:54] [DEBUG] [indicators] No momentum data for GBPUSD, using neutral
[2026-06-17 02:26:54] [INFO] [mtf] MTF GBPUSD: H4=neutral H1=neutral M15=neutral aligned=False (weak)
[2026-06-17 02:26:54] [DEBUG] [market_client] Candles API error for GBPUSD: {'code': 0, 'msg': 'No data found', 'data': [], 'hint': None}
[2026-06-17 02:26:54] [DEBUG] [indicators] No trend data for GBPUSD, using neutral
[2026-06-17 02:26:54] [DEBUG] [market_client] Candles API error for GBPUSD: {'code': 0, 'msg': 'No data found', 'data': [], 'hint': None}
[2026-06-17 02:26:54] [DEBUG] [indicators] No momentum data for GBPUSD, using neutral
[2026-06-17 02:26:54] [DEBUG] [market_client] Candles API error for GBPUSD: {'code': 0, 'msg': 'No data found', 'data': [], 'hint': None}
[2026-06-17 02:26:54] [DEBUG] [indicators] No volatility data for GBPUSD, using neutral
[2026-06-17 02:26:54] [DEBUG] [market_client] Candles API error for GBPUSD: {'code': 0, 'msg': 'No data found', 'data': [], 'hint': None}
[2026-06-17 02:26:54] [DEBUG] [indicators] No trend data for GBPUSD, using neutral
[2026-06-17 02:26:54] [DEBUG] [market_client] Candles API error for GBPUSD: {'code': 0, 'msg': 'No data found', 'data': [], 'hint': None}
[2026-06-17 02:26:54] [DEBUG] [indicators] No volatility data for GBPUSD, using neutral
[2026-06-17 02:26:54] [INFO] [voting_engine] GBPUSD: MTF weakly misaligned, reducing score 20%
[2026-06-17 02:26:54] [INFO] [main] Sleeping 1800s...
[2026-06-17 02:27:02] [INFO] [reconciliation] Reconciliation: {'db_count': 1, 'qd_count': 0, 'fixes': 1, 'mismatches': ['DB orphan closed: trade 1']}
[2026-06-17 02:27:21] [WARNING] [mt5_watchdog] MT5 disconnected! Attempt 1/3
[2026-06-17 02:27:23] [INFO] [qd_client] Logged in to QuantDinger
[2026-06-17 02:27:23] [INFO] [mt5_watchdog] MT5 already connected
[2026-06-17 02:27:23] [INFO] [mt5_watchdog] MT5 reconnected successfully!
[2026-06-17 02:27:30] [WARNING] [mt5_watchdog] MT5 disconnected! Attempt 1/3
[2026-06-17 02:27:32] [INFO] [qd_client] Logged in to QuantDinger
[2026-06-17 02:27:32] [INFO] [mt5_watchdog] MT5 already connected
[2026-06-17 02:27:32] [INFO] [mt5_watchdog] MT5 reconnected successfully!
[2026-06-17 02:27:32] [INFO] [qd_client] Logged in to QuantDinger
[2026-06-17 02:27:33] [INFO] [reconciliation] Reconciliation: {'db_count': 1, 'qd_count': 0, 'fixes': 1, 'mismatches': ['DB orphan closed: trade 1']}
[2026-06-17 02:27:34] [INFO] [reconciliation] Reconciliation: {'db_count': 1, 'qd_count': 0, 'fixes': 1, 'mismatches': ['DB orphan closed: trade 1']}
[2026-06-17 02:27:55] [WARNING] [mt5_watchdog] MT5 disconnected! Attempt 1/3
[2026-06-17 02:27:57] [INFO] [qd_client] Logged in to QuantDinger
[2026-06-17 02:27:57] [INFO] [mt5_watchdog] MT5 already connected
[2026-06-17 02:27:57] [INFO] [mt5_watchdog] MT5 reconnected successfully!
[2026-06-17 02:28:04] [INFO] [reconciliation] Reconciliation: {'db_count': 1, 'qd_count': 0, 'fixes': 1, 'mismatches': ['DB orphan closed: trade 1']}
[2026-06-17 02:28:33] [INFO] [qd_client] Logged in to QuantDinger
[2026-06-17 02:28:34] [INFO] [reconciliation] Reconciliation: {'db_count': 1, 'qd_count': 0, 'fixes': 1, 'mismatches': ['DB orphan closed: trade 1']}
[2026-06-17 02:28:34] [INFO] [qd_client] Logged in to QuantDinger
[2026-06-17 02:28:36] [INFO] [reconciliation] Reconciliation: {'db_count': 1, 'qd_count': 0, 'fixes': 1, 'mismatches': ['DB orphan closed: trade 1']}
[2026-06-17 02:29:04] [INFO] [qd_client] Logged in to QuantDinger
[2026-06-17 02:29:06] [INFO] [reconciliation] Reconciliation: {'db_count': 1, 'qd_count': 0, 'fixes': 1, 'mismatches': ['DB orphan closed: trade 1']}
[2026-06-17 02:29:25] [WARNING] [mt5_watchdog] MT5 disconnected! Attempt 1/3
[2026-06-17 02:29:27] [INFO] [qd_client] Logged in to QuantDinger
[2026-06-17 02:29:27] [INFO] [mt5_watchdog] MT5 already connected
[2026-06-17 02:29:27] [INFO] [mt5_watchdog] MT5 reconnected successfully!
[2026-06-17 02:29:32] [WARNING] [mt5_watchdog] MT5 disconnected! Attempt 1/3
[2026-06-17 02:29:34] [INFO] [qd_client] Logged in to QuantDinger
[2026-06-17 02:29:34] [INFO] [mt5_watchdog] MT5 already connected
[2026-06-17 02:29:34] [INFO] [mt5_watchdog] MT5 reconnected successfully!
[2026-06-17 02:29:34] [INFO] [reconciliation] Reconciliation: {'db_count': 1, 'qd_count': 0, 'fixes': 1, 'mismatches': ['DB orphan closed: trade 1']}
[2026-06-17 02:29:36] [INFO] [qd_client] Logged in to QuantDinger
[2026-06-17 02:29:38] [INFO] [reconciliation] Reconciliation: {'db_count': 1, 'qd_count': 0, 'fixes': 1, 'mismatches': ['DB orphan closed: trade 1']}
[2026-06-17 02:29:59] [WARNING] [mt5_watchdog] MT5 disconnected! Attempt 1/3
[2026-06-17 02:30:01] [INFO] [qd_client] Logged in to QuantDinger
[2026-06-17 02:30:01] [INFO] [mt5_watchdog] MT5 already connected
[2026-06-17 02:30:01] [INFO] [mt5_watchdog] MT5 reconnected successfully!
[2026-06-17 02:30:07] [INFO] [reconciliation] Reconciliation: {'db_count': 1, 'qd_count': 0, 'fixes': 1, 'mismatches': ['DB orphan closed: trade 1']}
[2026-06-17 02:30:35] [INFO] [qd_client] Logged in to QuantDinger
[2026-06-17 02:30:36] [INFO] [reconciliation] Reconciliation: {'db_count': 1, 'qd_count': 0, 'fixes': 1, 'mismatches': ['DB orphan closed: trade 1']}
[2026-06-17 02:30:38] [INFO] [qd_client] Logged in to QuantDinger
[2026-06-17 02:30:40] [INFO] [reconciliation] Reconciliation: {'db_count': 1, 'qd_count': 0, 'fixes': 1, 'mismatches': ['DB orphan closed: trade 1']}
[2026-06-17 02:31:08] [INFO] [qd_client] Logged in to QuantDinger
[2026-06-17 02:31:10] [INFO] [reconciliation] Reconciliation: {'db_count': 1, 'qd_count': 0, 'fixes': 1, 'mismatches': ['DB orphan closed: trade 1']}
[2026-06-17 02:31:29] [WARNING] [mt5_watchdog] MT5 disconnected! Attempt 1/3
[2026-06-17 02:31:31] [INFO] [qd_client] Logged in to QuantDinger
[2026-06-17 02:31:31] [INFO] [mt5_watchdog] MT5 already connected
[2026-06-17 02:31:31] [INFO] [mt5_watchdog] MT5 reconnected successfully!
[2026-06-17 02:31:34] [WARNING] [mt5_watchdog] MT5 disconnected! Attempt 1/3
[2026-06-17 02:31:36] [INFO] [qd_client] Logged in to QuantDinger
[2026-06-17 02:31:36] [INFO] [mt5_watchdog] MT5 already connected
[2026-06-17 02:31:36] [INFO] [mt5_watchdog] MT5 reconnected successfully!
[2026-06-17 02:31:36] [INFO] [reconciliation] Reconciliation: {'db_count': 1, 'qd_count': 0, 'fixes': 1, 'mismatches': ['DB orphan closed: trade 1']}
[2026-06-17 02:31:41] [INFO] [qd_client] Logged in to QuantDinger
[2026-06-17 02:31:42] [INFO] [reconciliation] Reconciliation: {'db_count': 1, 'qd_count': 0, 'fixes': 1, 'mismatches': ['DB orphan closed: trade 1']}
[2026-06-17 02:32:02] [WARNING] [mt5_watchdog] MT5 disconnected! Attempt 1/3
[2026-06-17 02:32:05] [INFO] [qd_client] Logged in to QuantDinger
[2026-06-17 02:32:05] [INFO] [mt5_watchdog] MT5 already connected
[2026-06-17 02:32:05] [INFO] [mt5_watchdog] MT5 reconnected successfully!
[2026-06-17 02:32:12] [INFO] [reconciliation] Reconciliation: {'db_count': 1, 'qd_count': 0, 'fixes': 1, 'mismatches': ['DB orphan closed: trade 1']}
[2026-06-17 02:32:12] [INFO] [main] ==================================================
[2026-06-17 02:32:12] [INFO] [main] Cycle 2 at 02:32:12
[2026-06-17 02:32:12] [WARNING] [main] MT5 disconnected, reconnecting...
[2026-06-17 02:32:13] [INFO] [qd_client] Logged in to QuantDinger
[2026-06-17 02:32:13] [INFO] [qd_client] MT5 connected
[2026-06-17 02:32:13] [INFO] [main] MT5 reconnected
[2026-06-17 02:32:25] [INFO] [news_fetcher] Fetched 3 relevant news items
[2026-06-17 02:32:26] [INFO] [main] Equity: 73516.00$ | News: 3
[2026-06-17 02:32:26] [INFO] [main] --- EURUSD ---
[2026-06-17 02:32:30] [INFO] [deepseek] AI analysis EURUSD: bias=neutral score=15.0 conf=0.30
[2026-06-17 02:32:30] [DEBUG] [signal_engine] Signal: NEUTRAL score=15.0 conf=0.30 strength=ضعيف valid=False
[2026-06-17 02:32:30] [INFO] [sentiment] Sentiment EURUSD: bullish score=100 bull=2 bear=0
[2026-06-17 02:32:30] [DEBUG] [market_client] Candles API error for EURUSD: {'code': 0, 'msg': 'No data found', 'data': [], 'hint': None}
[2026-06-17 02:32:30] [DEBUG] [indicators] No trend data for EURUSD, using neutral
[2026-06-17 02:32:30] [DEBUG] [market_client] Candles API error for EURUSD: {'code': 0, 'msg': 'No data found', 'data': [], 'hint': None}
[2026-06-17 02:32:30] [DEBUG] [indicators] No momentum data for EURUSD, using neutral
[2026-06-17 02:32:30] [DEBUG] [market_client] Candles API error for EURUSD: {'code': 0, 'msg': 'No data found', 'data': [], 'hint': None}
[2026-06-17 02:32:30] [DEBUG] [indicators] No momentum data for EURUSD, using neutral
[2026-06-17 02:32:30] [INFO] [mtf] MTF EURUSD: H4=neutral H1=neutral M15=neutral aligned=False (weak)
[2026-06-17 02:32:30] [DEBUG] [market_client] Candles API error for EURUSD: {'code': 0, 'msg': 'No data found', 'data': [], 'hint': None}
[2026-06-17 02:32:30] [DEBUG] [indicators] No trend data for EURUSD, using neutral
[2026-06-17 02:32:30] [DEBUG] [market_client] Candles API error for EURUSD: {'code': 0, 'msg': 'No data found', 'data': [], 'hint': None}
[2026-06-17 02:32:30] [DEBUG] [indicators] No momentum data for EURUSD, using neutral
[2026-06-17 02:32:30] [DEBUG] [market_client] Candles API error for EURUSD: {'code': 0, 'msg': 'No data found', 'data': [], 'hint': None}
[2026-06-17 02:32:30] [DEBUG] [indicators] No volatility data for EURUSD, using neutral
[2026-06-17 02:32:30] [DEBUG] [market_client] Candles API error for EURUSD: {'code': 0, 'msg': 'No data found', 'data': [], 'hint': None}
[2026-06-17 02:32:30] [DEBUG] [indicators] No trend data for EURUSD, using neutral
[2026-06-17 02:32:30] [DEBUG] [market_client] Candles API error for EURUSD: {'code': 0, 'msg': 'No data found', 'data': [], 'hint': None}
[2026-06-17 02:32:30] [DEBUG] [indicators] No volatility data for EURUSD, using neutral
[2026-06-17 02:32:30] [INFO] [voting_engine] EURUSD: MTF weakly misaligned, reducing score 20%
[2026-06-17 02:32:30] [INFO] [main] --- XAUUSD ---
[2026-06-17 02:32:35] [INFO] [deepseek] AI analysis XAUUSD: bias=neutral score=15.0 conf=0.30
[2026-06-17 02:32:35] [DEBUG] [signal_engine] Signal: NEUTRAL score=15.0 conf=0.30 strength=ضعيف valid=False
[2026-06-17 02:32:35] [INFO] [sentiment] Sentiment XAUUSD: bullish score=100 bull=2 bear=0
[2026-06-17 02:32:35] [DEBUG] [market_client] Candles API error for XAUUSD: {'code': 0, 'msg': 'No data found', 'data': [], 'hint': None}
[2026-06-17 02:32:35] [DEBUG] [indicators] No trend data for XAUUSD, using neutral
[2026-06-17 02:32:35] [DEBUG] [market_client] Candles API error for XAUUSD: {'code': 0, 'msg': 'No data found', 'data': [], 'hint': None}
[2026-06-17 02:32:35] [DEBUG] [indicators] No momentum data for XAUUSD, using neutral
[2026-06-17 02:32:35] [DEBUG] [market_client] Candles API error for XAUUSD: {'code': 0, 'msg': 'No data found', 'data': [], 'hint': None}
[2026-06-17 02:32:35] [DEBUG] [indicators] No momentum data for XAUUSD, using neutral
[2026-06-17 02:32:35] [INFO] [mtf] MTF XAUUSD: H4=neutral H1=neutral M15=neutral aligned=False (weak)
[2026-06-17 02:32:35] [DEBUG] [market_client] Candles API error for XAUUSD: {'code': 0, 'msg': 'No data found', 'data': [], 'hint': None}
[2026-06-17 02:32:35] [DEBUG] [indicators] No trend data for XAUUSD, using neutral
[2026-06-17 02:32:35] [DEBUG] [market_client] Candles API error for XAUUSD: {'code': 0, 'msg': 'No data found', 'data': [], 'hint': None}
[2026-06-17 02:32:35] [DEBUG] [indicators] No momentum data for XAUUSD, using neutral
[2026-06-17 02:32:35] [DEBUG] [market_client] Candles API error for XAUUSD: {'code': 0, 'msg': 'No data found', 'data': [], 'hint': None}
[2026-06-17 02:32:35] [DEBUG] [indicators] No volatility data for XAUUSD, using neutral
[2026-06-17 02:32:35] [DEBUG] [market_client] Candles API error for XAUUSD: {'code': 0, 'msg': 'No data found', 'data': [], 'hint': None}
[2026-06-17 02:32:35] [DEBUG] [indicators] No trend data for XAUUSD, using neutral
[2026-06-17 02:32:35] [DEBUG] [market_client] Candles API error for XAUUSD: {'code': 0, 'msg': 'No data found', 'data': [], 'hint': None}
[2026-06-17 02:32:35] [DEBUG] [indicators] No volatility data for XAUUSD, using neutral
[2026-06-17 02:32:35] [INFO] [voting_engine] XAUUSD: MTF weakly misaligned, reducing score 20%
[2026-06-17 02:32:35] [INFO] [main] --- GBPUSD ---
[2026-06-17 02:32:37] [INFO] [qd_client] Logged in to QuantDinger
[2026-06-17 02:32:38] [INFO] [reconciliation] Reconciliation: {'db_count': 1, 'qd_count': 0, 'fixes': 1, 'mismatches': ['DB orphan closed: trade 1']}
[2026-06-17 02:32:39] [INFO] [deepseek] AI analysis GBPUSD: bias=neutral score=10.0 conf=0.20
[2026-06-17 02:32:39] [DEBUG] [signal_engine] Signal: NEUTRAL score=10.0 conf=0.20 strength=ضعيف valid=False
[2026-06-17 02:32:39] [INFO] [sentiment] Sentiment GBPUSD: bullish score=100 bull=2 bear=0
[2026-06-17 02:32:39] [DEBUG] [market_client] Candles API error for GBPUSD: {'code': 0, 'msg': 'No data found', 'data': [], 'hint': None}
[2026-06-17 02:32:39] [DEBUG] [indicators] No trend data for GBPUSD, using neutral
[2026-06-17 02:32:39] [DEBUG] [market_client] Candles API error for GBPUSD: {'code': 0, 'msg': 'No data found', 'data': [], 'hint': None}
[2026-06-17 02:32:39] [DEBUG] [indicators] No momentum data for GBPUSD, using neutral
[2026-06-17 02:32:39] [DEBUG] [market_client] Candles API error for GBPUSD: {'code': 0, 'msg': 'No data found', 'data': [], 'hint': None}
[2026-06-17 02:32:39] [DEBUG] [indicators] No momentum data for GBPUSD, using neutral
[2026-06-17 02:32:39] [INFO] [mtf] MTF GBPUSD: H4=neutral H1=neutral M15=neutral aligned=False (weak)
[2026-06-17 02:32:39] [DEBUG] [market_client] Candles API error for GBPUSD: {'code': 0, 'msg': 'No data found', 'data': [], 'hint': None}
[2026-06-17 02:32:39] [DEBUG] [indicators] No trend data for GBPUSD, using neutral
[2026-06-17 02:32:39] [DEBUG] [market_client] Candles API error for GBPUSD: {'code': 0, 'msg': 'No data found', 'data': [], 'hint': None}
[2026-06-17 02:32:39] [DEBUG] [indicators] No momentum data for GBPUSD, using neutral
[2026-06-17 02:32:40] [DEBUG] [market_client] Candles API error for GBPUSD: {'code': 0, 'msg': 'No data found', 'data': [], 'hint': None}
[2026-06-17 02:32:40] [DEBUG] [indicators] No volatility data for GBPUSD, using neutral
[2026-06-17 02:32:40] [DEBUG] [market_client] Candles API error for GBPUSD: {'code': 0, 'msg': 'No data found', 'data': [], 'hint': None}
[2026-06-17 02:32:40] [DEBUG] [indicators] No trend data for GBPUSD, using neutral
[2026-06-17 02:32:40] [DEBUG] [market_client] Candles API error for GBPUSD: {'code': 0, 'msg': 'No data found', 'data': [], 'hint': None}
[2026-06-17 02:32:40] [DEBUG] [indicators] No volatility data for GBPUSD, using neutral
[2026-06-17 02:32:40] [INFO] [voting_engine] GBPUSD: MTF weakly misaligned, reducing score 20%
[2026-06-17 02:32:40] [INFO] [main] Sleeping 1800s...
[2026-06-17 02:32:42] [INFO] [qd_client] Logged in to QuantDinger
[2026-06-17 02:32:44] [INFO] [reconciliation] Reconciliation: {'db_count': 1, 'qd_count': 0, 'fixes': 1, 'mismatches': ['DB orphan closed: trade 1']}
[2026-06-17 02:33:12] [INFO] [qd_client] Logged in to QuantDinger
[2026-06-17 02:33:14] [INFO] [reconciliation] Reconciliation: {'db_count': 1, 'qd_count': 0, 'fixes': 1, 'mismatches': ['DB orphan closed: trade 1']}
[2026-06-17 02:33:33] [WARNING] [mt5_watchdog] MT5 disconnected! Attempt 1/3
[2026-06-17 02:33:35] [INFO] [qd_client] Logged in to QuantDinger
[2026-06-17 02:33:35] [INFO] [mt5_watchdog] MT5 already connected
[2026-06-17 02:33:35] [INFO] [mt5_watchdog] MT5 reconnected successfully!
[2026-06-17 02:33:37] [WARNING] [mt5_watchdog] MT5 disconnected! Attempt 1/3
[2026-06-17 02:33:38] [INFO] [qd_client] Logged in to QuantDinger
[2026-06-17 02:33:38] [INFO] [mt5_watchdog] MT5 already connected
[2026-06-17 02:33:38] [INFO] [mt5_watchdog] MT5 reconnected successfully!
[2026-06-17 02:33:38] [INFO] [qd_client] Logged in to QuantDinger
[2026-06-17 02:33:39] [INFO] [reconciliation] Reconciliation: {'db_count': 1, 'qd_count': 0, 'fixes': 1, 'mismatches': ['DB orphan closed: trade 1']}
[2026-06-17 02:33:44] [INFO] [qd_client] Logged in to QuantDinger
[2026-06-17 02:33:46] [INFO] [reconciliation] Reconciliation: {'db_count': 1, 'qd_count': 0, 'fixes': 1, 'mismatches': ['DB orphan closed: trade 1']}
[2026-06-17 02:34:06] [WARNING] [mt5_watchdog] MT5 disconnected! Attempt 1/3
[2026-06-17 02:34:09] [INFO] [qd_client] Logged in to QuantDinger
[2026-06-17 02:34:09] [INFO] [mt5_watchdog] MT5 already connected
[2026-06-17 02:34:09] [INFO] [mt5_watchdog] MT5 reconnected successfully!
[2026-06-17 02:34:15] [INFO] [reconciliation] Reconciliation: {'db_count': 1, 'qd_count': 0, 'fixes': 1, 'mismatches': ['DB orphan closed: trade 1']}
[2026-06-17 02:34:39] [INFO] [qd_client] Logged in to QuantDinger
[2026-06-17 02:34:40] [INFO] [reconciliation] Reconciliation: {'db_count': 1, 'qd_count': 0, 'fixes': 1, 'mismatches': ['DB orphan closed: trade 1']}
[2026-06-17 02:34:47] [INFO] [qd_client] Logged in to QuantDinger
[2026-06-17 02:34:49] [INFO] [reconciliation] Reconciliation: {'db_count': 1, 'qd_count': 0, 'fixes': 1, 'mismatches': ['DB orphan closed: trade 1']}
[2026-06-17 02:35:16] [INFO] [qd_client] Logged in to QuantDinger
[2026-06-17 02:35:17] [INFO] [reconciliation] Reconciliation: {'db_count': 1, 'qd_count': 0, 'fixes': 1, 'mismatches': ['DB orphan closed: trade 1']}
[2026-06-17 02:35:37] [WARNING] [mt5_watchdog] MT5 disconnected! Attempt 1/3
[2026-06-17 02:35:38] [WARNING] [mt5_watchdog] MT5 disconnected! Attempt 1/3
[2026-06-17 02:35:39] [INFO] [qd_client] Logged in to QuantDinger
[2026-06-17 02:35:39] [INFO] [mt5_watchdog] MT5 already connected
[2026-06-17 02:35:39] [INFO] [mt5_watchdog] MT5 reconnected successfully!
[2026-06-17 02:35:40] [INFO] [qd_client] Logged in to QuantDinger
[2026-06-17 02:35:40] [INFO] [mt5_watchdog] MT5 already connected
[2026-06-17 02:35:40] [INFO] [mt5_watchdog] MT5 reconnected successfully!
[2026-06-17 02:35:41] [INFO] [reconciliation] Reconciliation: {'db_count': 1, 'qd_count': 0, 'fixes': 1, 'mismatches': ['DB orphan closed: trade 1']}
[2026-06-17 02:35:49] [INFO] [qd_client] Logged in to QuantDinger
[2026-06-17 02:35:51] [INFO] [reconciliation] Reconciliation: {'db_count': 1, 'qd_count': 0, 'fixes': 1, 'mismatches': ['DB orphan closed: trade 1']}
[2026-06-17 02:36:10] [WARNING] [mt5_watchdog] MT5 disconnected! Attempt 1/3
[2026-06-17 02:36:12] [INFO] [qd_client] Logged in to QuantDinger
[2026-06-17 02:36:12] [INFO] [mt5_watchdog] MT5 already connected
[2026-06-17 02:36:12] [INFO] [mt5_watchdog] MT5 reconnected successfully!
[2026-06-17 02:36:19] [INFO] [reconciliation] Reconciliation: {'db_count': 1, 'qd_count': 0, 'fixes': 1, 'mismatches': ['DB orphan closed: trade 1']}
[2026-06-17 02:36:41] [INFO] [qd_client] Logged in to QuantDinger
[2026-06-17 02:36:42] [INFO] [reconciliation] Reconciliation: {'db_count': 1, 'qd_count': 0, 'fixes': 1, 'mismatches': ['DB orphan closed: trade 1']}
[2026-06-17 02:36:51] [INFO] [qd_client] Logged in to QuantDinger
[2026-06-17 02:36:53] [INFO] [reconciliation] Reconciliation: {'db_count': 1, 'qd_count': 0, 'fixes': 1, 'mismatches': ['DB orphan closed: trade 1']}
[2026-06-17 02:37:19] [INFO] [qd_client] Logged in to QuantDinger
[2026-06-17 02:37:21] [INFO] [reconciliation] Reconciliation: {'db_count': 1, 'qd_count': 0, 'fixes': 1, 'mismatches': ['DB orphan closed: trade 1']}
[2026-06-17 02:37:40] [WARNING] [mt5_watchdog] MT5 disconnected! Attempt 1/3
[2026-06-17 02:37:41] [WARNING] [mt5_watchdog] MT5 disconnected! Attempt 1/3
[2026-06-17 02:37:42] [INFO] [qd_client] Logged in to QuantDinger
[2026-06-17 02:37:42] [INFO] [mt5_watchdog] MT5 already connected
[2026-06-17 02:37:42] [INFO] [mt5_watchdog] MT5 reconnected successfully!
[2026-06-17 02:37:42] [INFO] [qd_client] Logged in to QuantDinger
[2026-06-17 02:37:42] [INFO] [mt5_watchdog] MT5 already connected
[2026-06-17 02:37:42] [INFO] [mt5_watchdog] MT5 reconnected successfully!
[2026-06-17 02:37:43] [INFO] [reconciliation] Reconciliation: {'db_count': 1, 'qd_count': 0, 'fixes': 1, 'mismatches': ['DB orphan closed: trade 1']}
[2026-06-17 02:37:54] [INFO] [reconciliation] Reconciliation: {'db_count': 1, 'qd_count': 0, 'fixes': 1, 'mismatches': ['DB orphan closed: trade 1']}
[2026-06-17 02:38:14] [WARNING] [mt5_watchdog] MT5 disconnected! Attempt 1/3
[2026-06-17 02:38:16] [INFO] [qd_client] Logged in to QuantDinger
[2026-06-17 02:38:16] [INFO] [mt5_watchdog] MT5 already connected
[2026-06-17 02:38:16] [INFO] [mt5_watchdog] MT5 reconnected successfully!
[2026-06-17 02:38:23] [INFO] [reconciliation] Reconciliation: {'db_count': 1, 'qd_count': 0, 'fixes': 1, 'mismatches': ['DB orphan closed: trade 1']}
[2026-06-17 02:38:43] [INFO] [qd_client] Logged in to QuantDinger
[2026-06-17 02:38:44] [INFO] [reconciliation] Reconciliation: {'db_count': 1, 'qd_count': 0, 'fixes': 1, 'mismatches': ['DB orphan closed: trade 1']}
[2026-06-17 02:38:55] [INFO] [qd_client] Logged in to QuantDinger
[2026-06-17 02:38:56] [INFO] [reconciliation] Reconciliation: {'db_count': 1, 'qd_count': 0, 'fixes': 1, 'mismatches': ['DB orphan closed: trade 1']}
[2026-06-17 02:39:24] [INFO] [qd_client] Logged in to QuantDinger
[2026-06-17 02:39:26] [INFO] [reconciliation] Reconciliation: {'db_count': 1, 'qd_count': 0, 'fixes': 1, 'mismatches': ['DB orphan closed: trade 1']}
[2026-06-17 02:39:43] [WARNING] [mt5_watchdog] MT5 disconnected! Attempt 1/3
[2026-06-17 02:39:44] [INFO] [qd_client] Logged in to QuantDinger
[2026-06-17 02:39:44] [INFO] [mt5_watchdog] MT5 already connected
[2026-06-17 02:39:44] [INFO] [mt5_watchdog] MT5 reconnected successfully!
[2026-06-17 02:39:44] [WARNING] [mt5_watchdog] MT5 disconnected! Attempt 1/3
[2026-06-17 02:39:45] [INFO] [reconciliation] Reconciliation: {'db_count': 1, 'qd_count': 0, 'fixes': 1, 'mismatches': ['DB orphan closed: trade 1']}
[2026-06-17 02:39:46] [INFO] [qd_client] Logged in to QuantDinger
[2026-06-17 02:39:46] [INFO] [mt5_watchdog] MT5 already connected
[2026-06-17 02:39:46] [INFO] [mt5_watchdog] MT5 reconnected successfully!
[2026-06-17 02:39:58] [INFO] [reconciliation] Reconciliation: {'db_count': 1, 'qd_count': 0, 'fixes': 1, 'mismatches': ['DB orphan closed: trade 1']}
[2026-06-17 02:40:16] [INFO] [qd_client] Logged in to QuantDinger
[2026-06-17 02:40:18] [WARNING] [mt5_watchdog] MT5 disconnected! Attempt 1/3
[2026-06-17 02:40:20] [INFO] [qd_client] Logged in to QuantDinger
[2026-06-17 02:40:20] [INFO] [mt5_watchdog] MT5 already connected
[2026-06-17 02:40:20] [INFO] [mt5_watchdog] MT5 reconnected successfully!
[2026-06-17 02:40:27] [INFO] [reconciliation] Reconciliation: {'db_count': 1, 'qd_count': 0, 'fixes': 1, 'mismatches': ['DB orphan closed: trade 1']}
[2026-06-17 02:40:41] [INFO] [main] ==================================================
[2026-06-17 02:40:41] [INFO] [main] Cycle 2 at 02:40:41
[2026-06-17 02:40:41] [WARNING] [main] MT5 disconnected, reconnecting...
[2026-06-17 02:40:42] [INFO] [qd_client] Logged in to QuantDinger
[2026-06-17 02:40:42] [INFO] [qd_client] MT5 connected
[2026-06-17 02:40:42] [INFO] [main] MT5 reconnected
[2026-06-17 02:40:46] [INFO] [reconciliation] Reconciliation: {'db_count': 1, 'qd_count': 0, 'fixes': 1, 'mismatches': ['DB orphan closed: trade 1']}
[2026-06-17 02:40:51] [INFO] [news_fetcher] Fetched 3 relevant news items
[2026-06-17 02:40:51] [INFO] [main] Equity: 73516.00$ | News: 3
[2026-06-17 02:40:51] [INFO] [main] --- EURUSD ---
[2026-06-17 02:40:54] [INFO] [deepseek] AI analysis EURUSD: bias=neutral score=15.0 conf=0.30
[2026-06-17 02:40:54] [DEBUG] [signal_engine] Signal: NEUTRAL score=15.0 conf=0.30 strength=ضعيف valid=False
[2026-06-17 02:40:54] [INFO] [sentiment] Sentiment EURUSD: bullish score=100 bull=2 bear=0
[2026-06-17 02:40:55] [DEBUG] [market_client] Candles EURUSD 4H: 50 bars
[2026-06-17 02:40:55] [DEBUG] [market_client] Indicators EURUSD: RSI=67.1 ATR=0.00175 trend=strong uptrend
[2026-06-17 02:40:55] [DEBUG] [market_client] Candles EURUSD 4H: 50 bars
[2026-06-17 02:40:55] [DEBUG] [market_client] Indicators EURUSD: RSI=67.1 ATR=0.00175 trend=strong uptrend
[2026-06-17 02:40:55] [DEBUG] [market_client] Candles EURUSD 4H: 50 bars
[2026-06-17 02:40:55] [DEBUG] [market_client] Indicators EURUSD: RSI=67.1 ATR=0.00175 trend=strong uptrend
[2026-06-17 02:40:55] [INFO] [mtf] MTF EURUSD: H4=bullish H1=bullish M15=bullish aligned=True (strong)
[2026-06-17 02:40:55] [DEBUG] [market_client] Candles EURUSD 4H: 50 bars
[2026-06-17 02:40:55] [DEBUG] [market_client] Indicators EURUSD: RSI=67.1 ATR=0.00175 trend=strong uptrend
[2026-06-17 02:40:55] [DEBUG] [market_client] Candles EURUSD 4H: 50 bars
[2026-06-17 02:40:55] [DEBUG] [market_client] Indicators EURUSD: RSI=67.1 ATR=0.00175 trend=strong uptrend
[2026-06-17 02:40:55] [DEBUG] [market_client] Candles EURUSD 4H: 50 bars
[2026-06-17 02:40:55] [DEBUG] [market_client] Indicators EURUSD: RSI=67.1 ATR=0.00175 trend=strong uptrend
[2026-06-17 02:40:55] [DEBUG] [market_client] Candles EURUSD 4H: 50 bars
[2026-06-17 02:40:55] [DEBUG] [market_client] Indicators EURUSD: RSI=67.1 ATR=0.00175 trend=strong uptrend
[2026-06-17 02:40:55] [DEBUG] [market_client] Candles EURUSD 4H: 50 bars
[2026-06-17 02:40:55] [DEBUG] [market_client] Indicators EURUSD: RSI=67.1 ATR=0.00175 trend=strong uptrend
[2026-06-17 02:40:55] [INFO] [voting_engine] EURUSD: MTF strongly aligned, boosting score 10%
[2026-06-17 02:40:55] [INFO] [main] --- XAUUSD ---
[2026-06-17 02:40:58] [INFO] [qd_client] Logged in to QuantDinger
[2026-06-17 02:40:59] [INFO] [deepseek] AI analysis XAUUSD: bias=neutral score=20.0 conf=0.30
[2026-06-17 02:40:59] [DEBUG] [signal_engine] Signal: NEUTRAL score=20.0 conf=0.30 strength=ضعيف valid=False
[2026-06-17 02:40:59] [INFO] [sentiment] Sentiment XAUUSD: bullish score=100 bull=2 bear=0
[2026-06-17 02:40:59] [DEBUG] [market_client] Candles XAUUSD 4H: 50 bars
[2026-06-17 02:40:59] [DEBUG] [market_client] Indicators XAUUSD: RSI=78.3 ATR=32.30706 trend=strong uptrend
[2026-06-17 02:40:59] [DEBUG] [market_client] Candles XAUUSD 4H: 50 bars
[2026-06-17 02:40:59] [DEBUG] [market_client] Indicators XAUUSD: RSI=78.3 ATR=32.30706 trend=strong uptrend
[2026-06-17 02:40:59] [DEBUG] [market_client] Candles XAUUSD 4H: 50 bars
[2026-06-17 02:40:59] [DEBUG] [market_client] Indicators XAUUSD: RSI=78.3 ATR=32.30706 trend=strong uptrend
[2026-06-17 02:40:59] [INFO] [mtf] MTF XAUUSD: H4=bullish H1=bearish M15=bearish aligned=True (weak)
[2026-06-17 02:40:59] [DEBUG] [market_client] Candles XAUUSD 4H: 50 bars
[2026-06-17 02:40:59] [DEBUG] [market_client] Indicators XAUUSD: RSI=78.3 ATR=32.30706 trend=strong uptrend
[2026-06-17 02:40:59] [DEBUG] [market_client] Candles XAUUSD 4H: 50 bars
[2026-06-17 02:40:59] [DEBUG] [market_client] Indicators XAUUSD: RSI=78.3 ATR=32.30706 trend=strong uptrend
[2026-06-17 02:40:59] [DEBUG] [market_client] Candles XAUUSD 4H: 50 bars
[2026-06-17 02:40:59] [DEBUG] [market_client] Indicators XAUUSD: RSI=78.3 ATR=32.30706 trend=strong uptrend
[2026-06-17 02:40:59] [DEBUG] [market_client] Candles XAUUSD 4H: 50 bars
[2026-06-17 02:40:59] [DEBUG] [market_client] Indicators XAUUSD: RSI=78.3 ATR=32.30706 trend=strong uptrend
[2026-06-17 02:40:59] [DEBUG] [market_client] Candles XAUUSD 4H: 50 bars
[2026-06-17 02:40:59] [DEBUG] [market_client] Indicators XAUUSD: RSI=78.3 ATR=32.30706 trend=strong uptrend
[2026-06-17 02:40:59] [INFO] [main] --- GBPUSD ---
[2026-06-17 02:40:59] [INFO] [reconciliation] Reconciliation: {'db_count': 1, 'qd_count': 0, 'fixes': 1, 'mismatches': ['DB orphan closed: trade 1']}
[2026-06-17 02:41:03] [INFO] [deepseek] AI analysis GBPUSD: bias=neutral score=10.0 conf=0.20
[2026-06-17 02:41:03] [DEBUG] [signal_engine] Signal: NEUTRAL score=10.0 conf=0.20 strength=ضعيف valid=False
[2026-06-17 02:41:03] [INFO] [sentiment] Sentiment GBPUSD: bullish score=100 bull=2 bear=0
[2026-06-17 02:41:03] [DEBUG] [market_client] Candles GBPUSD 4H: 50 bars
[2026-06-17 02:41:03] [DEBUG] [market_client] Indicators GBPUSD: RSI=53.7 ATR=0.00221 trend=strong uptrend
[2026-06-17 02:41:03] [DEBUG] [market_client] Candles GBPUSD 4H: 50 bars
[2026-06-17 02:41:03] [DEBUG] [market_client] Indicators GBPUSD: RSI=53.7 ATR=0.00221 trend=strong uptrend
[2026-06-17 02:41:03] [DEBUG] [market_client] Candles GBPUSD 4H: 50 bars
[2026-06-17 02:41:03] [DEBUG] [market_client] Indicators GBPUSD: RSI=53.7 ATR=0.00221 trend=strong uptrend
[2026-06-17 02:41:03] [INFO] [mtf] MTF GBPUSD: H4=bullish H1=neutral M15=neutral aligned=False (weak)
[2026-06-17 02:41:03] [DEBUG] [market_client] Candles GBPUSD 4H: 50 bars
[2026-06-17 02:41:03] [DEBUG] [market_client] Indicators GBPUSD: RSI=53.7 ATR=0.00221 trend=strong uptrend
[2026-06-17 02:41:03] [DEBUG] [market_client] Candles GBPUSD 4H: 50 bars
[2026-06-17 02:41:03] [DEBUG] [market_client] Indicators GBPUSD: RSI=53.7 ATR=0.00221 trend=strong uptrend
[2026-06-17 02:41:03] [DEBUG] [market_client] Candles GBPUSD 4H: 50 bars
[2026-06-17 02:41:03] [DEBUG] [market_client] Indicators GBPUSD: RSI=53.7 ATR=0.00221 trend=strong uptrend
[2026-06-17 02:41:03] [DEBUG] [market_client] Candles GBPUSD 4H: 50 bars
[2026-06-17 02:41:03] [DEBUG] [market_client] Indicators GBPUSD: RSI=53.7 ATR=0.00221 trend=strong uptrend
[2026-06-17 02:41:03] [DEBUG] [market_client] Candles GBPUSD 4H: 50 bars
[2026-06-17 02:41:03] [DEBUG] [market_client] Indicators GBPUSD: RSI=53.7 ATR=0.00221 trend=strong uptrend
[2026-06-17 02:41:03] [INFO] [voting_engine] GBPUSD: MTF weakly misaligned, reducing score 20%
[2026-06-17 02:41:03] [INFO] [main] Sleeping 1800s...
[2026-06-17 02:41:11] [INFO] [qd_client] Logged in to QuantDinger
[2026-06-17 02:41:29] [INFO] [reconciliation] Reconciliation: {'db_count': 1, 'qd_count': 0, 'fixes': 1, 'mismatches': ['DB orphan closed: trade 1']}
[2026-06-17 02:41:45] [WARNING] [mt5_watchdog] MT5 disconnected! Attempt 1/3
[2026-06-17 02:41:46] [INFO] [qd_client] Logged in to QuantDinger
[2026-06-17 02:41:46] [INFO] [mt5_watchdog] MT5 already connected
[2026-06-17 02:41:46] [INFO] [mt5_watchdog] MT5 reconnected successfully!
[2026-06-17 02:41:47] [INFO] [reconciliation] Reconciliation: {'db_count': 1, 'qd_count': 0, 'fixes': 1, 'mismatches': ['DB orphan closed: trade 1']}
[2026-06-17 02:41:48] [WARNING] [mt5_watchdog] MT5 disconnected! Attempt 1/3
[2026-06-17 02:41:50] [INFO] [qd_client] Logged in to QuantDinger
[2026-06-17 02:41:50] [INFO] [mt5_watchdog] MT5 already connected
[2026-06-17 02:41:50] [INFO] [mt5_watchdog] MT5 reconnected successfully!
[2026-06-17 02:42:01] [INFO] [reconciliation] Reconciliation: {'db_count': 1, 'qd_count': 0, 'fixes': 1, 'mismatches': ['DB orphan closed: trade 1']}
[2026-06-17 02:42:22] [WARNING] [mt5_watchdog] MT5 disconnected! Attempt 1/3
[2026-06-17 02:42:24] [INFO] [qd_client] Logged in to QuantDinger
[2026-06-17 02:42:24] [INFO] [mt5_watchdog] MT5 already connected
[2026-06-17 02:42:24] [INFO] [mt5_watchdog] MT5 reconnected successfully!
[2026-06-17 02:42:30] [INFO] [reconciliation] Reconciliation: {'db_count': 1, 'qd_count': 0, 'fixes': 1, 'mismatches': ['DB orphan closed: trade 1']}
[2026-06-17 02:42:47] [INFO] [qd_client] Logged in to QuantDinger
[2026-06-17 02:42:48] [INFO] [reconciliation] Reconciliation: {'db_count': 1, 'qd_count': 0, 'fixes': 1, 'mismatches': ['DB orphan closed: trade 1']}
[2026-06-17 02:43:02] [INFO] [qd_client] Logged in to QuantDinger
[2026-06-17 02:43:04] [INFO] [reconciliation] Reconciliation: {'db_count': 1, 'qd_count': 0, 'fixes': 1, 'mismatches': ['DB orphan closed: trade 1']}
[2026-06-17 02:43:31] [INFO] [qd_client] Logged in to QuantDinger
[2026-06-17 02:43:33] [INFO] [reconciliation] Reconciliation: {'db_count': 1, 'qd_count': 0, 'fixes': 1, 'mismatches': ['DB orphan closed: trade 1']}
[2026-06-17 02:43:47] [WARNING] [mt5_watchdog] MT5 disconnected! Attempt 1/3
[2026-06-17 02:43:48] [INFO] [qd_client] Logged in to QuantDinger
[2026-06-17 02:43:48] [INFO] [qd_client] Logged in to QuantDinger
[2026-06-17 02:43:48] [INFO] [mt5_watchdog] MT5 already connected
[2026-06-17 02:43:48] [INFO] [mt5_watchdog] MT5 reconnected successfully!
[2026-06-17 02:43:51] [INFO] [reconciliation] Reconciliation: {'db_count': 1, 'qd_count': 0, 'fixes': 1, 'mismatches': ['DB orphan closed: trade 1']}
[2026-06-17 02:43:51] [INFO] [main] Trading Bot V3 starting...
[2026-06-17 02:43:51] [INFO] [database] V3 Database initialized with all tables
[2026-06-17 02:43:51] [INFO] [qd_client] Logged in to QuantDinger
[2026-06-17 02:43:51] [INFO] [qd_client] MT5 connected
[2026-06-17 02:43:51] [INFO] [main] MT5 connected
[2026-06-17 02:43:51] [INFO] [telegram_bot] Telegram polling started
[2026-06-17 02:43:51] [INFO] [telegram_bot] Telegram bot V3 started
[2026-06-17 02:43:51] [INFO] [mt5_watchdog] MT5 watchdog started (V1 reconnect logic)
[2026-06-17 02:43:51] [INFO] [reconciliation] Reconciliation loop started (every 60s)
[2026-06-17 02:43:51] [INFO] [reconciliation] Reconciliation thread started
[2026-06-17 02:43:52] [WARNING] [mt5_watchdog] MT5 disconnected! Attempt 1/3
[2026-06-17 02:43:52] [INFO] [main] ==================================================
[2026-06-17 02:43:52] [INFO] [main] Cycle 1 at 02:43:52
[2026-06-17 02:43:52] [INFO] [reconciliation] Reconciliation: {'db_count': 1, 'qd_count': 0, 'fixes': 1, 'mismatches': ['DB orphan closed: trade 1']}
[2026-06-17 02:43:54] [INFO] [qd_client] Logged in to QuantDinger
[2026-06-17 02:43:54] [INFO] [mt5_watchdog] MT5 already connected
[2026-06-17 02:43:54] [INFO] [mt5_watchdog] MT5 reconnected successfully!
[2026-06-17 02:44:01] [INFO] [news_fetcher] Fetched 1 relevant news items
[2026-06-17 02:44:02] [INFO] [qd_client] Logged in to QuantDinger
[2026-06-17 02:44:02] [INFO] [main] Equity: 73516.00$ | News: 1
[2026-06-17 02:44:02] [INFO] [main] --- EURUSD ---
[2026-06-17 02:44:04] [INFO] [qd_client] Logged in to QuantDinger
[2026-06-17 02:44:05] [INFO] [deepseek] AI analysis EURUSD: bias=neutral score=25.0 conf=0.30
[2026-06-17 02:44:05] [DEBUG] [signal_engine] Signal: NEUTRAL score=25.0 conf=0.30 strength=ضعيف valid=False
[2026-06-17 02:44:05] [INFO] [sentiment] Sentiment EURUSD: bullish score=100 bull=1 bear=0
[2026-06-17 02:44:05] [DEBUG] [market_client] Candles EURUSD 4H: 50 bars
[2026-06-17 02:44:05] [DEBUG] [market_client] Indicators EURUSD: RSI=67.1 ATR=0.00175 trend=strong uptrend
[2026-06-17 02:44:05] [DEBUG] [market_client] Candles EURUSD 4H: 50 bars
[2026-06-17 02:44:05] [DEBUG] [market_client] Indicators EURUSD: RSI=67.1 ATR=0.00175 trend=strong uptrend
[2026-06-17 02:44:05] [DEBUG] [market_client] Candles EURUSD 4H: 50 bars
[2026-06-17 02:44:05] [DEBUG] [market_client] Indicators EURUSD: RSI=67.1 ATR=0.00175 trend=strong uptrend
[2026-06-17 02:44:05] [INFO] [mtf] MTF EURUSD: H4=bullish H1=bullish M15=bullish aligned=True (strong)
[2026-06-17 02:44:05] [DEBUG] [market_client] Candles EURUSD 4H: 50 bars
[2026-06-17 02:44:05] [DEBUG] [market_client] Indicators EURUSD: RSI=67.1 ATR=0.00175 trend=strong uptrend
[2026-06-17 02:44:05] [DEBUG] [market_client] Candles EURUSD 4H: 50 bars
[2026-06-17 02:44:05] [DEBUG] [market_client] Indicators EURUSD: RSI=67.1 ATR=0.00175 trend=strong uptrend
[2026-06-17 02:44:05] [DEBUG] [market_client] Candles EURUSD 4H: 50 bars
[2026-06-17 02:44:05] [DEBUG] [market_client] Indicators EURUSD: RSI=67.1 ATR=0.00175 trend=strong uptrend
[2026-06-17 02:44:05] [DEBUG] [market_client] Candles EURUSD 4H: 50 bars
[2026-06-17 02:44:05] [DEBUG] [market_client] Indicators EURUSD: RSI=67.1 ATR=0.00175 trend=strong uptrend
[2026-06-17 02:44:05] [DEBUG] [market_client] Candles EURUSD 4H: 50 bars
[2026-06-17 02:44:05] [DEBUG] [market_client] Indicators EURUSD: RSI=67.1 ATR=0.00175 trend=strong uptrend
[2026-06-17 02:44:05] [INFO] [voting_engine] EURUSD: MTF strongly aligned, boosting score 10%
[2026-06-17 02:44:05] [INFO] [main] --- XAUUSD ---
[2026-06-17 02:44:06] [INFO] [reconciliation] Reconciliation: {'db_count': 1, 'qd_count': 0, 'fixes': 1, 'mismatches': ['DB orphan closed: trade 1']}
[2026-06-17 02:44:08] [INFO] [deepseek] AI analysis XAUUSD: bias=neutral score=25.0 conf=0.30
[2026-06-17 02:44:08] [DEBUG] [signal_engine] Signal: NEUTRAL score=25.0 conf=0.30 strength=ضعيف valid=False
[2026-06-17 02:44:08] [INFO] [sentiment] Sentiment XAUUSD: bullish score=100 bull=1 bear=0
[2026-06-17 02:44:08] [DEBUG] [market_client] Candles XAUUSD 4H: 50 bars
[2026-06-17 02:44:08] [DEBUG] [market_client] Indicators XAUUSD: RSI=78.3 ATR=32.30706 trend=strong uptrend
[2026-06-17 02:44:08] [DEBUG] [market_client] Candles XAUUSD 4H: 50 bars
[2026-06-17 02:44:08] [DEBUG] [market_client] Indicators XAUUSD: RSI=78.3 ATR=32.30706 trend=strong uptrend
[2026-06-17 02:44:08] [DEBUG] [market_client] Candles XAUUSD 4H: 50 bars
[2026-06-17 02:44:08] [DEBUG] [market_client] Indicators XAUUSD: RSI=78.3 ATR=32.30706 trend=strong uptrend
[2026-06-17 02:44:08] [INFO] [mtf] MTF XAUUSD: H4=bullish H1=bearish M15=bearish aligned=True (weak)
[2026-06-17 02:44:08] [DEBUG] [market_client] Candles XAUUSD 4H: 50 bars
[2026-06-17 02:44:08] [DEBUG] [market_client] Indicators XAUUSD: RSI=78.3 ATR=32.30706 trend=strong uptrend
[2026-06-17 02:44:08] [DEBUG] [market_client] Candles XAUUSD 4H: 50 bars
[2026-06-17 02:44:08] [DEBUG] [market_client] Indicators XAUUSD: RSI=78.3 ATR=32.30706 trend=strong uptrend
[2026-06-17 02:44:08] [DEBUG] [market_client] Candles XAUUSD 4H: 50 bars
[2026-06-17 02:44:08] [DEBUG] [market_client] Indicators XAUUSD: RSI=78.3 ATR=32.30706 trend=strong uptrend
[2026-06-17 02:44:09] [DEBUG] [market_client] Candles XAUUSD 4H: 50 bars
[2026-06-17 02:44:09] [DEBUG] [market_client] Indicators XAUUSD: RSI=78.3 ATR=32.30706 trend=strong uptrend
[2026-06-17 02:44:09] [DEBUG] [market_client] Candles XAUUSD 4H: 50 bars
[2026-06-17 02:44:09] [DEBUG] [market_client] Indicators XAUUSD: RSI=78.3 ATR=32.30706 trend=strong uptrend
[2026-06-17 02:44:09] [INFO] [main] --- GBPUSD ---
[2026-06-17 02:44:12] [INFO] [deepseek] AI analysis GBPUSD: bias=neutral score=15.0 conf=0.30
[2026-06-17 02:44:12] [DEBUG] [signal_engine] Signal: NEUTRAL score=15.0 conf=0.30 strength=ضعيف valid=False
[2026-06-17 02:44:12] [INFO] [sentiment] Sentiment GBPUSD: bullish score=100 bull=1 bear=0
[2026-06-17 02:44:12] [DEBUG] [market_client] Candles GBPUSD 4H: 50 bars
[2026-06-17 02:44:12] [DEBUG] [market_client] Indicators GBPUSD: RSI=53.7 ATR=0.00221 trend=strong uptrend
[2026-06-17 02:44:12] [DEBUG] [market_client] Candles GBPUSD 4H: 50 bars
[2026-06-17 02:44:12] [DEBUG] [market_client] Indicators GBPUSD: RSI=53.7 ATR=0.00221 trend=strong uptrend
[2026-06-17 02:44:12] [DEBUG] [market_client] Candles GBPUSD 4H: 50 bars
[2026-06-17 02:44:12] [DEBUG] [market_client] Indicators GBPUSD: RSI=53.7 ATR=0.00221 trend=strong uptrend
[2026-06-17 02:44:12] [INFO] [mtf] MTF GBPUSD: H4=bullish H1=neutral M15=neutral aligned=False (weak)
[2026-06-17 02:44:12] [DEBUG] [market_client] Candles GBPUSD 4H: 50 bars
[2026-06-17 02:44:12] [DEBUG] [market_client] Indicators GBPUSD: RSI=53.7 ATR=0.00221 trend=strong uptrend
[2026-06-17 02:44:12] [DEBUG] [market_client] Candles GBPUSD 4H: 50 bars
[2026-06-17 02:44:12] [DEBUG] [market_client] Indicators GBPUSD: RSI=53.7 ATR=0.00221 trend=strong uptrend
[2026-06-17 02:44:12] [DEBUG] [market_client] Candles GBPUSD 4H: 50 bars
[2026-06-17 02:44:12] [DEBUG] [market_client] Indicators GBPUSD: RSI=53.7 ATR=0.00221 trend=strong uptrend
[2026-06-17 02:44:12] [DEBUG] [market_client] Candles GBPUSD 4H: 50 bars
[2026-06-17 02:44:12] [DEBUG] [market_client] Indicators GBPUSD: RSI=53.7 ATR=0.00221 trend=strong uptrend
[2026-06-17 02:44:12] [DEBUG] [market_client] Candles GBPUSD 4H: 50 bars
[2026-06-17 02:44:12] [DEBUG] [market_client] Indicators GBPUSD: RSI=53.7 ATR=0.00221 trend=strong uptrend
[2026-06-17 02:44:12] [INFO] [voting_engine] GBPUSD: MTF weakly misaligned, reducing score 20%
[2026-06-17 02:44:12] [INFO] [main] Sleeping 1800s...
[2026-06-17 02:44:26] [WARNING] [mt5_watchdog] MT5 disconnected! Attempt 1/3
[2026-06-17 02:44:28] [INFO] [qd_client] Logged in to QuantDinger
[2026-06-17 02:44:28] [INFO] [mt5_watchdog] MT5 already connected
[2026-06-17 02:44:28] [INFO] [mt5_watchdog] MT5 reconnected successfully!
[2026-06-17 02:44:34] [INFO] [reconciliation] Reconciliation: {'db_count': 1, 'qd_count': 0, 'fixes': 1, 'mismatches': ['DB orphan closed: trade 1']}
[2026-06-17 02:44:51] [INFO] [qd_client] Logged in to QuantDinger
[2026-06-17 02:44:51] [WARNING] [mt5_watchdog] MT5 disconnected! Attempt 1/3
[2026-06-17 02:44:53] [INFO] [qd_client] Logged in to QuantDinger
[2026-06-17 02:44:53] [INFO] [qd_client] Logged in to QuantDinger
[2026-06-17 02:44:53] [INFO] [mt5_watchdog] MT5 reconnected! Balance: 73516.0
[2026-06-17 02:44:53] [INFO] [mt5_watchdog] MT5 reconnected successfully!
[2026-06-17 02:44:53] [INFO] [reconciliation] Reconciliation: {'db_count': 1, 'qd_count': 0, 'fixes': 1, 'mismatches': ['DB orphan closed: trade 1']}
[2026-06-17 02:44:54] [INFO] [reconciliation] Reconciliation: {'db_count': 1, 'qd_count': 0, 'fixes': 1, 'mismatches': ['DB orphan closed: trade 1']}
[2026-06-17 02:45:06] [INFO] [qd_client] Logged in to QuantDinger
[2026-06-17 02:45:08] [INFO] [reconciliation] Reconciliation: {'db_count': 1, 'qd_count': 0, 'fixes': 1, 'mismatches': ['DB orphan closed: trade 1']}
[2026-06-17 02:45:35] [INFO] [qd_client] Logged in to QuantDinger
[2026-06-17 02:45:36] [INFO] [reconciliation] Reconciliation: {'db_count': 1, 'qd_count': 0, 'fixes': 1, 'mismatches': ['DB orphan closed: trade 1']}
[2026-06-17 02:45:51] [WARNING] [mt5_watchdog] MT5 disconnected! Attempt 1/3
[2026-06-17 02:45:53] [INFO] [qd_client] Logged in to QuantDinger
[2026-06-17 02:45:53] [INFO] [mt5_watchdog] MT5 already connected
[2026-06-17 02:45:53] [INFO] [mt5_watchdog] MT5 reconnected successfully!
[2026-06-17 02:45:54] [INFO] [qd_client] Logged in to QuantDinger
[2026-06-17 02:45:55] [INFO] [reconciliation] Reconciliation: {'db_count': 1, 'qd_count': 0, 'fixes': 1, 'mismatches': ['DB orphan closed: trade 1']}
[2026-06-17 02:45:55] [INFO] [reconciliation] Reconciliation: {'db_count': 1, 'qd_count': 0, 'fixes': 1, 'mismatches': ['DB orphan closed: trade 1']}
[2026-06-17 02:45:56] [WARNING] [mt5_watchdog] MT5 disconnected! Attempt 1/3
[2026-06-17 02:45:58] [INFO] [qd_client] Logged in to QuantDinger
[2026-06-17 02:45:58] [INFO] [mt5_watchdog] MT5 already connected
[2026-06-17 02:45:58] [INFO] [mt5_watchdog] MT5 reconnected successfully!
[2026-06-17 02:46:10] [INFO] [reconciliation] Reconciliation: {'db_count': 1, 'qd_count': 0, 'fixes': 1, 'mismatches': ['DB orphan closed: trade 1']}
[2026-06-17 02:46:29] [WARNING] [mt5_watchdog] MT5 disconnected! Attempt 1/3
[2026-06-17 02:46:32] [INFO] [qd_client] Logged in to QuantDinger
[2026-06-17 02:46:32] [INFO] [mt5_watchdog] MT5 already connected
[2026-06-17 02:46:32] [INFO] [mt5_watchdog] MT5 reconnected successfully!
[2026-06-17 02:46:38] [INFO] [reconciliation] Reconciliation: {'db_count': 1, 'qd_count': 0, 'fixes': 1, 'mismatches': ['DB orphan closed: trade 1']}
[2026-06-17 02:46:54] [WARNING] [mt5_watchdog] MT5 disconnected! Attempt 1/3
[2026-06-17 02:46:54] [INFO] [qd_client] Logged in to QuantDinger
[2026-06-17 02:46:55] [INFO] [qd_client] Logged in to QuantDinger
[2026-06-17 02:46:55] [INFO] [mt5_watchdog] MT5 already connected
[2026-06-17 02:46:55] [INFO] [mt5_watchdog] MT5 reconnected successfully!
[2026-06-17 02:46:55] [INFO] [qd_client] Logged in to QuantDinger
[2026-06-17 02:46:55] [ERROR] [reconciliation] Reconciliation error: object of type 'NoneType' has no len()
[2026-06-17 02:46:55] [INFO] [qd_client] Logged in to QuantDinger
[2026-06-17 02:46:57] [INFO] [reconciliation] Reconciliation: {'db_count': 1, 'qd_count': 0, 'fixes': 1, 'mismatches': ['DB orphan closed: trade 1']}
[2026-06-17 02:47:10] [INFO] [qd_client] Logged in to QuantDinger
[2026-06-17 02:47:12] [INFO] [reconciliation] Reconciliation: {'db_count': 1, 'qd_count': 0, 'fixes': 1, 'mismatches': ['DB orphan closed: trade 1']}
[2026-06-17 02:47:38] [INFO] [qd_client] Logged in to QuantDinger
[2026-06-17 02:47:40] [INFO] [reconciliation] Reconciliation: {'db_count': 1, 'qd_count': 0, 'fixes': 1, 'mismatches': ['DB orphan closed: trade 1']}
[2026-06-17 02:47:55] [WARNING] [mt5_watchdog] MT5 disconnected! Attempt 1/3
[2026-06-17 02:47:56] [INFO] [qd_client] Logged in to QuantDinger
[2026-06-17 02:47:57] [INFO] [reconciliation] Reconciliation: {'db_count': 1, 'qd_count': 0, 'fixes': 1, 'mismatches': ['DB orphan closed: trade 1']}
[2026-06-17 02:47:57] [INFO] [qd_client] Logged in to QuantDinger
[2026-06-17 02:47:57] [INFO] [mt5_watchdog] MT5 already connected
[2026-06-17 02:47:57] [INFO] [mt5_watchdog] MT5 reconnected successfully!
[2026-06-17 02:47:57] [INFO] [qd_client] Logged in to QuantDinger
[2026-06-17 02:47:59] [INFO] [reconciliation] Reconciliation: {'db_count': 1, 'qd_count': 0, 'fixes': 1, 'mismatches': ['DB orphan closed: trade 1']}
[2026-06-17 02:48:00] [WARNING] [mt5_watchdog] MT5 disconnected! Attempt 1/3
[2026-06-17 02:48:03] [INFO] [qd_client] Logged in to QuantDinger
[2026-06-17 02:48:03] [INFO] [mt5_watchdog] MT5 already connected
[2026-06-17 02:48:03] [INFO] [mt5_watchdog] MT5 reconnected successfully!
[2026-06-17 02:48:14] [INFO] [reconciliation] Reconciliation: {'db_count': 1, 'qd_count': 0, 'fixes': 1, 'mismatches': ['DB orphan closed: trade 1']}
[2026-06-17 02:48:33] [WARNING] [mt5_watchdog] MT5 disconnected! Attempt 1/3
[2026-06-17 02:48:35] [INFO] [qd_client] Logged in to QuantDinger
[2026-06-17 02:48:35] [INFO] [mt5_watchdog] MT5 already connected
[2026-06-17 02:48:35] [INFO] [mt5_watchdog] MT5 reconnected successfully!
[2026-06-17 02:48:41] [INFO] [reconciliation] Reconciliation: {'db_count': 1, 'qd_count': 0, 'fixes': 1, 'mismatches': ['DB orphan closed: trade 1']}
[2026-06-17 02:48:56] [WARNING] [mt5_watchdog] MT5 disconnected! Attempt 1/3
[2026-06-17 02:48:57] [INFO] [qd_client] Logged in to QuantDinger
[2026-06-17 02:48:57] [ERROR] [reconciliation] Reconciliation error: object of type 'NoneType' has no len()
[2026-06-17 02:48:57] [INFO] [qd_client] Logged in to QuantDinger
[2026-06-17 02:48:57] [INFO] [mt5_watchdog] MT5 already connected
[2026-06-17 02:48:57] [INFO] [mt5_watchdog] MT5 reconnected successfully!
[2026-06-17 02:48:59] [INFO] [qd_client] Logged in to QuantDinger
[2026-06-17 02:49:01] [INFO] [reconciliation] Reconciliation: {'db_count': 1, 'qd_count': 0, 'fixes': 1, 'mismatches': ['DB orphan closed: trade 1']}
[2026-06-17 02:49:14] [INFO] [qd_client] Logged in to QuantDinger
[2026-06-17 02:49:16] [INFO] [reconciliation] Reconciliation: {'db_count': 1, 'qd_count': 0, 'fixes': 1, 'mismatches': ['DB orphan closed: trade 1']}
[2026-06-17 02:49:42] [INFO] [qd_client] Logged in to QuantDinger
[2026-06-17 02:49:44] [INFO] [reconciliation] Reconciliation: {'db_count': 1, 'qd_count': 0, 'fixes': 1, 'mismatches': ['DB orphan closed: trade 1']}
[2026-06-17 02:49:57] [INFO] [qd_client] Logged in to QuantDinger
[2026-06-17 02:49:58] [INFO] [reconciliation] Reconciliation: {'db_count': 1, 'qd_count': 0, 'fixes': 1, 'mismatches': ['DB orphan closed: trade 1']}
[2026-06-17 02:49:59] [WARNING] [mt5_watchdog] MT5 disconnected! Attempt 1/3
[2026-06-17 02:50:01] [INFO] [qd_client] Logged in to QuantDinger
[2026-06-17 02:50:01] [INFO] [mt5_watchdog] MT5 already connected
[2026-06-17 02:50:01] [INFO] [mt5_watchdog] MT5 reconnected successfully!
[2026-06-17 02:50:01] [INFO] [qd_client] Logged in to QuantDinger
[2026-06-17 02:50:03] [INFO] [reconciliation] Reconciliation: {'db_count': 1, 'qd_count': 0, 'fixes': 1, 'mismatches': ['DB orphan closed: trade 1']}
[2026-06-17 02:50:04] [WARNING] [mt5_watchdog] MT5 disconnected! Attempt 1/3
[2026-06-17 02:50:06] [INFO] [qd_client] Logged in to QuantDinger
[2026-06-17 02:50:06] [INFO] [mt5_watchdog] MT5 already connected
[2026-06-17 02:50:06] [INFO] [mt5_watchdog] MT5 reconnected successfully!
[2026-06-17 02:50:17] [INFO] [reconciliation] Reconciliation: {'db_count': 1, 'qd_count': 0, 'fixes': 1, 'mismatches': ['DB orphan closed: trade 1']}
[2026-06-17 02:50:37] [WARNING] [mt5_watchdog] MT5 disconnected! Attempt 1/3
[2026-06-17 02:50:39] [INFO] [qd_client] Logged in to QuantDinger
[2026-06-17 02:50:39] [INFO] [mt5_watchdog] MT5 already connected
[2026-06-17 02:50:39] [INFO] [mt5_watchdog] MT5 reconnected successfully!
[2026-06-17 02:50:46] [INFO] [reconciliation] Reconciliation: {'db_count': 1, 'qd_count': 0, 'fixes': 1, 'mismatches': ['DB orphan closed: trade 1']}
[2026-06-17 02:50:58] [WARNING] [mt5_watchdog] MT5 disconnected! Attempt 1/3
[2026-06-17 02:50:58] [INFO] [qd_client] Logged in to QuantDinger
[2026-06-17 02:50:59] [INFO] [qd_client] Logged in to QuantDinger
[2026-06-17 02:50:59] [INFO] [mt5_watchdog] MT5 already connected
[2026-06-17 02:50:59] [INFO] [mt5_watchdog] MT5 reconnected successfully!
[2026-06-17 02:50:59] [INFO] [reconciliation] Reconciliation: {'db_count': 1, 'qd_count': 0, 'fixes': 1, 'mismatches': ['DB orphan closed: trade 1']}
[2026-06-17 02:51:04] [INFO] [qd_client] Logged in to QuantDinger
[2026-06-17 02:51:06] [INFO] [reconciliation] Reconciliation: {'db_count': 1, 'qd_count': 0, 'fixes': 1, 'mismatches': ['DB orphan closed: trade 1']}
[2026-06-17 02:51:18] [INFO] [qd_client] Logged in to QuantDinger
[2026-06-17 02:51:19] [INFO] [reconciliation] Reconciliation: {'db_count': 1, 'qd_count': 0, 'fixes': 1, 'mismatches': ['DB orphan closed: trade 1']}
[2026-06-17 02:51:46] [INFO] [qd_client] Logged in to QuantDinger
[2026-06-17 02:51:48] [INFO] [reconciliation] Reconciliation: {'db_count': 1, 'qd_count': 0, 'fixes': 1, 'mismatches': ['DB orphan closed: trade 1']}
[2026-06-17 02:52:00] [INFO] [qd_client] Logged in to QuantDinger
[2026-06-17 02:52:01] [INFO] [reconciliation] Reconciliation: {'db_count': 1, 'qd_count': 0, 'fixes': 1, 'mismatches': ['DB orphan closed: trade 1']}
[2026-06-17 02:52:03] [WARNING] [mt5_watchdog] MT5 disconnected! Attempt 1/3
[2026-06-17 02:52:05] [INFO] [qd_client] Logged in to QuantDinger
[2026-06-17 02:52:05] [INFO] [mt5_watchdog] MT5 already connected
[2026-06-17 02:52:05] [INFO] [mt5_watchdog] MT5 reconnected successfully!
[2026-06-17 02:52:08] [INFO] [reconciliation] Reconciliation: {'db_count': 1, 'qd_count': 0, 'fixes': 1, 'mismatches': ['DB orphan closed: trade 1']}
[2026-06-17 02:52:08] [WARNING] [mt5_watchdog] MT5 disconnected! Attempt 1/3
[2026-06-17 02:52:10] [INFO] [qd_client] Logged in to QuantDinger
[2026-06-17 02:52:10] [INFO] [mt5_watchdog] MT5 already connected
[2026-06-17 02:52:10] [INFO] [mt5_watchdog] MT5 reconnected successfully!
[2026-06-17 02:52:21] [INFO] [reconciliation] Reconciliation: {'db_count': 1, 'qd_count': 0, 'fixes': 1, 'mismatches': ['DB orphan closed: trade 1']}
[2026-06-17 02:52:41] [WARNING] [mt5_watchdog] MT5 disconnected! Attempt 1/3
[2026-06-17 02:52:43] [INFO] [qd_client] Logged in to QuantDinger
[2026-06-17 02:52:43] [INFO] [mt5_watchdog] MT5 already connected
[2026-06-17 02:52:43] [INFO] [mt5_watchdog] MT5 reconnected successfully!
[2026-06-17 02:52:50] [INFO] [reconciliation] Reconciliation: {'db_count': 1, 'qd_count': 0, 'fixes': 1, 'mismatches': ['DB orphan closed: trade 1']}
[2026-06-17 02:53:00] [WARNING] [mt5_watchdog] MT5 disconnected! Attempt 1/3
[2026-06-17 02:53:01] [INFO] [qd_client] Logged in to QuantDinger
[2026-06-17 02:53:01] [INFO] [mt5_watchdog] MT5 already connected
[2026-06-17 02:53:01] [INFO] [mt5_watchdog] MT5 reconnected successfully!
[2026-06-17 02:53:01] [INFO] [qd_client] Logged in to QuantDinger
[2026-06-17 02:53:02] [INFO] [reconciliation] Reconciliation: {'db_count': 1, 'qd_count': 0, 'fixes': 1, 'mismatches': ['DB orphan closed: trade 1']}
[2026-06-17 02:53:08] [INFO] [qd_client] Logged in to QuantDinger
[2026-06-17 02:53:10] [INFO] [reconciliation] Reconciliation: {'db_count': 1, 'qd_count': 0, 'fixes': 1, 'mismatches': ['DB orphan closed: trade 1']}
[2026-06-17 02:53:21] [INFO] [qd_client] Logged in to QuantDinger
[2026-06-17 02:53:23] [INFO] [reconciliation] Reconciliation: {'db_count': 1, 'qd_count': 0, 'fixes': 1, 'mismatches': ['DB orphan closed: trade 1']}
[2026-06-17 02:53:50] [INFO] [qd_client] Logged in to QuantDinger
[2026-06-17 02:53:52] [INFO] [reconciliation] Reconciliation: {'db_count': 1, 'qd_count': 0, 'fixes': 1, 'mismatches': ['DB orphan closed: trade 1']}
[2026-06-17 02:54:02] [INFO] [qd_client] Logged in to QuantDinger
[2026-06-17 02:54:03] [INFO] [reconciliation] Reconciliation: {'db_count': 1, 'qd_count': 0, 'fixes': 1, 'mismatches': ['DB orphan closed: trade 1']}
[2026-06-17 02:54:07] [WARNING] [mt5_watchdog] MT5 disconnected! Attempt 1/3
[2026-06-17 02:54:10] [INFO] [qd_client] Logged in to QuantDinger
[2026-06-17 02:54:10] [INFO] [mt5_watchdog] MT5 already connected
[2026-06-17 02:54:10] [INFO] [mt5_watchdog] MT5 reconnected successfully!
[2026-06-17 02:54:12] [WARNING] [mt5_watchdog] MT5 disconnected! Attempt 1/3
[2026-06-17 02:54:12] [INFO] [reconciliation] Reconciliation: {'db_count': 1, 'qd_count': 0, 'fixes': 1, 'mismatches': ['DB orphan closed: trade 1']}
[2026-06-17 02:54:14] [INFO] [qd_client] Logged in to QuantDinger
[2026-06-17 02:54:14] [INFO] [mt5_watchdog] MT5 already connected
[2026-06-17 02:54:14] [INFO] [mt5_watchdog] MT5 reconnected successfully!
[2026-06-17 02:54:25] [INFO] [reconciliation] Reconciliation: {'db_count': 1, 'qd_count': 0, 'fixes': 1, 'mismatches': ['DB orphan closed: trade 1']}
[2026-06-17 02:54:45] [WARNING] [mt5_watchdog] MT5 disconnected! Attempt 1/3
[2026-06-17 02:54:47] [INFO] [qd_client] Logged in to QuantDinger
[2026-06-17 02:54:47] [INFO] [mt5_watchdog] MT5 already connected
[2026-06-17 02:54:47] [INFO] [mt5_watchdog] MT5 reconnected successfully!
[2026-06-17 02:54:53] [INFO] [reconciliation] Reconciliation: {'db_count': 1, 'qd_count': 0, 'fixes': 1, 'mismatches': ['DB orphan closed: trade 1']}
[2026-06-17 02:55:02] [WARNING] [mt5_watchdog] MT5 disconnected! Attempt 1/3
[2026-06-17 02:55:03] [INFO] [qd_client] Logged in to QuantDinger
[2026-06-17 02:55:03] [INFO] [mt5_watchdog] MT5 already connected
[2026-06-17 02:55:03] [INFO] [mt5_watchdog] MT5 reconnected successfully!
[2026-06-17 02:55:04] [INFO] [reconciliation] Reconciliation: {'db_count': 1, 'qd_count': 0, 'fixes': 1, 'mismatches': ['DB orphan closed: trade 1']}
[2026-06-17 02:55:12] [INFO] [qd_client] Logged in to QuantDinger
[2026-06-17 02:55:14] [INFO] [reconciliation] Reconciliation: {'db_count': 1, 'qd_count': 0, 'fixes': 1, 'mismatches': ['DB orphan closed: trade 1']}
[2026-06-17 02:55:25] [INFO] [qd_client] Logged in to QuantDinger
[2026-06-17 02:55:27] [INFO] [reconciliation] Reconciliation: {'db_count': 1, 'qd_count': 0, 'fixes': 1, 'mismatches': ['DB orphan closed: trade 1']}
[2026-06-17 02:55:54] [INFO] [qd_client] Logged in to QuantDinger
[2026-06-17 02:55:55] [INFO] [reconciliation] Reconciliation: {'db_count': 1, 'qd_count': 0, 'fixes': 1, 'mismatches': ['DB orphan closed: trade 1']}
[2026-06-17 02:56:04] [INFO] [qd_client] Logged in to QuantDinger
[2026-06-17 02:56:05] [INFO] [reconciliation] Reconciliation: {'db_count': 1, 'qd_count': 0, 'fixes': 1, 'mismatches': ['DB orphan closed: trade 1']}
[2026-06-17 02:56:11] [WARNING] [mt5_watchdog] MT5 disconnected! Attempt 1/3
[2026-06-17 02:56:13] [INFO] [qd_client] Logged in to QuantDinger
[2026-06-17 02:56:13] [INFO] [qd_client] Logged in to QuantDinger
[2026-06-17 02:56:13] [INFO] [mt5_watchdog] MT5 already connected
[2026-06-17 02:56:13] [INFO] [mt5_watchdog] MT5 reconnected successfully!
[2026-06-17 02:56:16] [WARNING] [mt5_watchdog] MT5 disconnected! Attempt 1/3
[2026-06-17 02:56:16] [INFO] [reconciliation] Reconciliation: {'db_count': 1, 'qd_count': 0, 'fixes': 1, 'mismatches': ['DB orphan closed: trade 1']}
[2026-06-17 02:56:18] [INFO] [qd_client] Logged in to QuantDinger
[2026-06-17 02:56:18] [INFO] [mt5_watchdog] MT5 already connected
[2026-06-17 02:56:18] [INFO] [mt5_watchdog] MT5 reconnected successfully!
[2026-06-17 02:56:29] [INFO] [reconciliation] Reconciliation: {'db_count': 1, 'qd_count': 0, 'fixes': 1, 'mismatches': ['DB orphan closed: trade 1']}
[2026-06-17 02:56:49] [WARNING] [mt5_watchdog] MT5 disconnected! Attempt 1/3
[2026-06-17 02:56:51] [INFO] [qd_client] Logged in to QuantDinger
[2026-06-17 02:56:51] [INFO] [mt5_watchdog] MT5 already connected
[2026-06-17 02:56:51] [INFO] [mt5_watchdog] MT5 reconnected successfully!
[2026-06-17 02:56:54] [INFO] [main] ==================================================
[2026-06-17 02:56:54] [INFO] [main] Cycle 3 at 02:56:54
[2026-06-17 02:56:57] [INFO] [reconciliation] Reconciliation: {'db_count': 1, 'qd_count': 0, 'fixes': 1, 'mismatches': ['DB orphan closed: trade 1']}
[2026-06-17 02:57:04] [WARNING] [mt5_watchdog] MT5 disconnected! Attempt 1/3
[2026-06-17 02:57:05] [INFO] [qd_client] Logged in to QuantDinger
[2026-06-17 02:57:05] [INFO] [mt5_watchdog] MT5 already connected
[2026-06-17 02:57:05] [INFO] [mt5_watchdog] MT5 reconnected successfully!
[2026-06-17 02:57:06] [INFO] [news_fetcher] Fetched 1 relevant news items
[2026-06-17 02:57:06] [INFO] [reconciliation] Reconciliation: {'db_count': 1, 'qd_count': 0, 'fixes': 1, 'mismatches': ['DB orphan closed: trade 1']}
[2026-06-17 02:57:06] [INFO] [qd_client] Logged in to QuantDinger
[2026-06-17 02:57:06] [INFO] [main] Equity: 73516.00$ | News: 1
[2026-06-17 02:57:06] [INFO] [main] --- EURUSD ---
[2026-06-17 02:57:11] [INFO] [deepseek] AI analysis EURUSD: bias=neutral score=25.0 conf=0.30
[2026-06-17 02:57:11] [DEBUG] [signal_engine] Signal: NEUTRAL score=25.0 conf=0.30 strength=ضعيف valid=False
[2026-06-17 02:57:11] [INFO] [sentiment] Sentiment EURUSD: bullish score=100 bull=1 bear=0
[2026-06-17 02:57:11] [DEBUG] [market_client] Candles API error for EURUSD: {'code': 0, 'msg': 'No data found', 'data': [], 'hint': None}
[2026-06-17 02:57:11] [DEBUG] [indicators] No trend data for EURUSD, using neutral
[2026-06-17 02:57:11] [DEBUG] [market_client] Candles API error for EURUSD: {'code': 0, 'msg': 'No data found', 'data': [], 'hint': None}
[2026-06-17 02:57:11] [DEBUG] [indicators] No momentum data for EURUSD, using neutral
[2026-06-17 02:57:11] [DEBUG] [market_client] Candles API error for EURUSD: {'code': 0, 'msg': 'No data found', 'data': [], 'hint': None}
[2026-06-17 02:57:11] [DEBUG] [indicators] No momentum data for EURUSD, using neutral
[2026-06-17 02:57:11] [INFO] [mtf] MTF EURUSD: H4=neutral H1=neutral M15=neutral aligned=False (weak)
[2026-06-17 02:57:11] [DEBUG] [market_client] Candles API error for EURUSD: {'code': 0, 'msg': 'No data found', 'data': [], 'hint': None}
[2026-06-17 02:57:11] [DEBUG] [indicators] No trend data for EURUSD, using neutral
[2026-06-17 02:57:11] [DEBUG] [market_client] Candles API error for EURUSD: {'code': 0, 'msg': 'No data found', 'data': [], 'hint': None}
[2026-06-17 02:57:11] [DEBUG] [indicators] No momentum data for EURUSD, using neutral
[2026-06-17 02:57:11] [DEBUG] [market_client] Candles API error for EURUSD: {'code': 0, 'msg': 'No data found', 'data': [], 'hint': None}
[2026-06-17 02:57:11] [DEBUG] [indicators] No volatility data for EURUSD, using neutral
[2026-06-17 02:57:11] [DEBUG] [market_client] Candles API error for EURUSD: {'code': 0, 'msg': 'No data found', 'data': [], 'hint': None}
[2026-06-17 02:57:11] [DEBUG] [indicators] No trend data for EURUSD, using neutral
[2026-06-17 02:57:11] [DEBUG] [market_client] Candles API error for EURUSD: {'code': 0, 'msg': 'No data found', 'data': [], 'hint': None}
[2026-06-17 02:57:11] [DEBUG] [indicators] No volatility data for EURUSD, using neutral
[2026-06-17 02:57:11] [INFO] [voting_engine] EURUSD: MTF weakly misaligned, reducing score 20%
[2026-06-17 02:57:11] [INFO] [main] --- XAUUSD ---
[2026-06-17 02:57:16] [INFO] [deepseek] AI analysis XAUUSD: bias=neutral score=25.0 conf=0.40
[2026-06-17 02:57:16] [INFO] [qd_client] Logged in to QuantDinger
[2026-06-17 02:57:16] [DEBUG] [signal_engine] Signal: NEUTRAL score=25.0 conf=0.40 strength=ضعيف valid=False
[2026-06-17 02:57:16] [INFO] [sentiment] Sentiment XAUUSD: bullish score=100 bull=1 bear=0
[2026-06-17 02:57:16] [DEBUG] [market_client] Candles API error for XAUUSD: {'code': 0, 'msg': 'No data found', 'data': [], 'hint': None}
[2026-06-17 02:57:16] [DEBUG] [indicators] No trend data for XAUUSD, using neutral
[2026-06-17 02:57:16] [DEBUG] [market_client] Candles API error for XAUUSD: {'code': 0, 'msg': 'No data found', 'data': [], 'hint': None}
[2026-06-17 02:57:16] [DEBUG] [indicators] No momentum data for XAUUSD, using neutral
[2026-06-17 02:57:16] [DEBUG] [market_client] Candles API error for XAUUSD: {'code': 0, 'msg': 'No data found', 'data': [], 'hint': None}
[2026-06-17 02:57:16] [DEBUG] [indicators] No momentum data for XAUUSD, using neutral
[2026-06-17 02:57:16] [INFO] [mtf] MTF XAUUSD: H4=neutral H1=neutral M15=neutral aligned=False (weak)
[2026-06-17 02:57:16] [DEBUG] [market_client] Candles API error for XAUUSD: {'code': 0, 'msg': 'No data found', 'data': [], 'hint': None}
[2026-06-17 02:57:16] [DEBUG] [indicators] No trend data for XAUUSD, using neutral
[2026-06-17 02:57:16] [DEBUG] [market_client] Candles API error for XAUUSD: {'code': 0, 'msg': 'No data found', 'data': [], 'hint': None}
[2026-06-17 02:57:16] [DEBUG] [indicators] No momentum data for XAUUSD, using neutral
[2026-06-17 02:57:16] [DEBUG] [market_client] Candles API error for XAUUSD: {'code': 0, 'msg': 'No data found', 'data': [], 'hint': None}
[2026-06-17 02:57:16] [DEBUG] [indicators] No volatility data for XAUUSD, using neutral
[2026-06-17 02:57:16] [DEBUG] [market_client] Candles API error for XAUUSD: {'code': 0, 'msg': 'No data found', 'data': [], 'hint': None}
[2026-06-17 02:57:16] [DEBUG] [indicators] No trend data for XAUUSD, using neutral
[2026-06-17 02:57:16] [DEBUG] [market_client] Candles API error for XAUUSD: {'code': 0, 'msg': 'No data found', 'data': [], 'hint': None}
[2026-06-17 02:57:16] [DEBUG] [indicators] No volatility data for XAUUSD, using neutral
[2026-06-17 02:57:16] [INFO] [voting_engine] XAUUSD: MTF weakly misaligned, reducing score 20%
[2026-06-17 02:57:16] [INFO] [main] --- GBPUSD ---
[2026-06-17 02:57:18] [INFO] [reconciliation] Reconciliation: {'db_count': 1, 'qd_count': 0, 'fixes': 1, 'mismatches': ['DB orphan closed: trade 1']}
[2026-06-17 02:57:22] [INFO] [deepseek] AI analysis GBPUSD: bias=neutral score=15.0 conf=0.30
[2026-06-17 02:57:22] [DEBUG] [signal_engine] Signal: NEUTRAL score=15.0 conf=0.30 strength=ضعيف valid=False
[2026-06-17 02:57:22] [INFO] [sentiment] Sentiment GBPUSD: bullish score=100 bull=1 bear=0
[2026-06-17 02:57:22] [DEBUG] [market_client] Candles API error for GBPUSD: {'code': 0, 'msg': 'No data found', 'data': [], 'hint': None}
[2026-06-17 02:57:22] [DEBUG] [indicators] No trend data for GBPUSD, using neutral
[2026-06-17 02:57:22] [DEBUG] [market_client] Candles API error for GBPUSD: {'code': 0, 'msg': 'No data found', 'data': [], 'hint': None}
[2026-06-17 02:57:22] [DEBUG] [indicators] No momentum data for GBPUSD, using neutral
[2026-06-17 02:57:22] [DEBUG] [market_client] Candles API error for GBPUSD: {'code': 0, 'msg': 'No data found', 'data': [], 'hint': None}
[2026-06-17 02:57:22] [DEBUG] [indicators] No momentum data for GBPUSD, using neutral
[2026-06-17 02:57:22] [INFO] [mtf] MTF GBPUSD: H4=neutral H1=neutral M15=neutral aligned=False (weak)
[2026-06-17 02:57:22] [DEBUG] [market_client] Candles API error for GBPUSD: {'code': 0, 'msg': 'No data found', 'data': [], 'hint': None}
[2026-06-17 02:57:22] [DEBUG] [indicators] No trend data for GBPUSD, using neutral
[2026-06-17 02:57:22] [DEBUG] [market_client] Candles API error for GBPUSD: {'code': 0, 'msg': 'No data found', 'data': [], 'hint': None}
[2026-06-17 02:57:22] [DEBUG] [indicators] No momentum data for GBPUSD, using neutral
[2026-06-17 02:57:22] [DEBUG] [market_client] Candles API error for GBPUSD: {'code': 0, 'msg': 'No data found', 'data': [], 'hint': None}
[2026-06-17 02:57:22] [DEBUG] [indicators] No volatility data for GBPUSD, using neutral
[2026-06-17 02:57:22] [DEBUG] [market_client] Candles API error for GBPUSD: {'code': 0, 'msg': 'No data found', 'data': [], 'hint': None}
[2026-06-17 02:57:22] [DEBUG] [indicators] No trend data for GBPUSD, using neutral
[2026-06-17 02:57:22] [DEBUG] [market_client] Candles API error for GBPUSD: {'code': 0, 'msg': 'No data found', 'data': [], 'hint': None}
[2026-06-17 02:57:22] [DEBUG] [indicators] No volatility data for GBPUSD, using neutral
[2026-06-17 02:57:22] [INFO] [voting_engine] GBPUSD: MTF weakly misaligned, reducing score 20%
[2026-06-17 02:57:22] [INFO] [main] Sleeping 1800s...
[2026-06-17 02:57:29] [INFO] [qd_client] Logged in to QuantDinger
[2026-06-17 02:57:31] [INFO] [reconciliation] Reconciliation: {'db_count': 1, 'qd_count': 0, 'fixes': 1, 'mismatches': ['DB orphan closed: trade 1']}
[2026-06-17 02:57:58] [INFO] [qd_client] Logged in to QuantDinger
[2026-06-17 02:57:59] [INFO] [reconciliation] Reconciliation: {'db_count': 1, 'qd_count': 0, 'fixes': 1, 'mismatches': ['DB orphan closed: trade 1']}
[2026-06-17 02:58:06] [INFO] [qd_client] Logged in to QuantDinger
[2026-06-17 02:58:07] [INFO] [reconciliation] Reconciliation: {'db_count': 1, 'qd_count': 0, 'fixes': 1, 'mismatches': ['DB orphan closed: trade 1']}
[2026-06-17 02:58:15] [WARNING] [mt5_watchdog] MT5 disconnected! Attempt 1/3
[2026-06-17 02:58:18] [INFO] [qd_client] Logged in to QuantDinger
[2026-06-17 02:58:18] [INFO] [mt5_watchdog] MT5 already connected
[2026-06-17 02:58:18] [INFO] [mt5_watchdog] MT5 reconnected successfully!
[2026-06-17 02:58:20] [WARNING] [mt5_watchdog] MT5 disconnected! Attempt 1/3
[2026-06-17 02:58:20] [INFO] [reconciliation] Reconciliation: {'db_count': 1, 'qd_count': 0, 'fixes': 1, 'mismatches': ['DB orphan closed: trade 1']}
[2026-06-17 02:58:22] [INFO] [qd_client] Logged in to QuantDinger
[2026-06-17 02:58:22] [INFO] [mt5_watchdog] MT5 already connected
[2026-06-17 02:58:22] [INFO] [mt5_watchdog] MT5 reconnected successfully!
[2026-06-17 02:58:33] [INFO] [reconciliation] Reconciliation: {'db_count': 1, 'qd_count': 0, 'fixes': 1, 'mismatches': ['DB orphan closed: trade 1']}
[2026-06-17 02:58:52] [INFO] [qd_client] Logged in to QuantDinger
[2026-06-17 02:58:52] [WARNING] [mt5_watchdog] MT5 disconnected! Attempt 1/3
[2026-06-17 02:58:54] [INFO] [qd_client] Logged in to QuantDinger
[2026-06-17 02:58:54] [INFO] [mt5_watchdog] MT5 already connected
[2026-06-17 02:58:54] [INFO] [mt5_watchdog] MT5 reconnected successfully!
[2026-06-17 02:59:01] [INFO] [reconciliation] Reconciliation: {'db_count': 1, 'qd_count': 0, 'fixes': 1, 'mismatches': ['DB orphan closed: trade 1']}
[2026-06-17 02:59:06] [WARNING] [mt5_watchdog] MT5 disconnected! Attempt 1/3
[2026-06-17 02:59:07] [INFO] [qd_client] Logged in to QuantDinger
[2026-06-17 02:59:07] [INFO] [mt5_watchdog] MT5 already connected
[2026-06-17 02:59:07] [INFO] [mt5_watchdog] MT5 reconnected successfully!
[2026-06-17 02:59:08] [INFO] [reconciliation] Reconciliation: {'db_count': 1, 'qd_count': 0, 'fixes': 1, 'mismatches': ['DB orphan closed: trade 1']}
[2026-06-17 02:59:21] [INFO] [qd_client] Logged in to QuantDinger
[2026-06-17 02:59:22] [INFO] [reconciliation] Reconciliation: {'db_count': 1, 'qd_count': 0, 'fixes': 1, 'mismatches': ['DB orphan closed: trade 1']}
[2026-06-17 02:59:34] [INFO] [qd_client] Logged in to QuantDinger
[2026-06-17 02:59:35] [INFO] [reconciliation] Reconciliation: {'db_count': 1, 'qd_count': 0, 'fixes': 1, 'mismatches': ['DB orphan closed: trade 1']}
[2026-06-17 03:00:01] [INFO] [qd_client] Logged in to QuantDinger
[2026-06-17 03:00:03] [INFO] [reconciliation] Reconciliation: {'db_count': 1, 'qd_count': 0, 'fixes': 1, 'mismatches': ['DB orphan closed: trade 1']}
[2026-06-17 03:00:08] [INFO] [qd_client] Logged in to QuantDinger
[2026-06-17 03:00:09] [INFO] [reconciliation] Reconciliation: {'db_count': 1, 'qd_count': 0, 'fixes': 1, 'mismatches': ['DB orphan closed: trade 1']}
[2026-06-17 03:00:20] [WARNING] [mt5_watchdog] MT5 disconnected! Attempt 1/3
[2026-06-17 03:00:22] [INFO] [qd_client] Logged in to QuantDinger
[2026-06-17 03:00:22] [INFO] [mt5_watchdog] MT5 already connected
[2026-06-17 03:00:22] [INFO] [mt5_watchdog] MT5 reconnected successfully!
[2026-06-17 03:00:23] [WARNING] [mt5_watchdog] MT5 disconnected! Attempt 1/3
[2026-06-17 03:00:24] [INFO] [reconciliation] Reconciliation: {'db_count': 1, 'qd_count': 0, 'fixes': 1, 'mismatches': ['DB orphan closed: trade 1']}
[2026-06-17 03:00:26] [INFO] [qd_client] Logged in to QuantDinger
[2026-06-17 03:00:26] [INFO] [mt5_watchdog] MT5 already connected
[2026-06-17 03:00:26] [INFO] [mt5_watchdog] MT5 reconnected successfully!
[2026-06-17 03:00:37] [INFO] [reconciliation] Reconciliation: {'db_count': 1, 'qd_count': 0, 'fixes': 1, 'mismatches': ['DB orphan closed: trade 1']}
[2026-06-17 03:00:56] [WARNING] [mt5_watchdog] MT5 disconnected! Attempt 1/3
[2026-06-17 03:00:58] [INFO] [qd_client] Logged in to QuantDinger
[2026-06-17 03:00:58] [INFO] [mt5_watchdog] MT5 already connected
[2026-06-17 03:00:58] [INFO] [mt5_watchdog] MT5 reconnected successfully!
[2026-06-17 03:01:05] [INFO] [reconciliation] Reconciliation: {'db_count': 1, 'qd_count': 0, 'fixes': 1, 'mismatches': ['DB orphan closed: trade 1']}
[2026-06-17 03:01:08] [WARNING] [mt5_watchdog] MT5 disconnected! Attempt 1/3
[2026-06-17 03:01:09] [INFO] [qd_client] Logged in to QuantDinger
[2026-06-17 03:01:09] [INFO] [mt5_watchdog] MT5 already connected
[2026-06-17 03:01:09] [INFO] [mt5_watchdog] MT5 reconnected successfully!
[2026-06-17 03:01:10] [INFO] [reconciliation] Reconciliation: {'db_count': 1, 'qd_count': 0, 'fixes': 1, 'mismatches': ['DB orphan closed: trade 1']}
[2026-06-17 03:01:25] [INFO] [qd_client] Logged in to QuantDinger
[2026-06-17 03:01:26] [INFO] [reconciliation] Reconciliation: {'db_count': 1, 'qd_count': 0, 'fixes': 1, 'mismatches': ['DB orphan closed: trade 1']}
[2026-06-17 03:01:37] [INFO] [qd_client] Logged in to QuantDinger
[2026-06-17 03:01:39] [INFO] [reconciliation] Reconciliation: {'db_count': 1, 'qd_count': 0, 'fixes': 1, 'mismatches': ['DB orphan closed: trade 1']}
[2026-06-17 03:02:05] [INFO] [qd_client] Logged in to QuantDinger
[2026-06-17 03:02:07] [INFO] [reconciliation] Reconciliation: {'db_count': 1, 'qd_count': 0, 'fixes': 1, 'mismatches': ['DB orphan closed: trade 1']}
[2026-06-17 03:02:10] [INFO] [qd_client] Logged in to QuantDinger
[2026-06-17 03:02:11] [INFO] [reconciliation] Reconciliation: {'db_count': 1, 'qd_count': 0, 'fixes': 1, 'mismatches': ['DB orphan closed: trade 1']}
[2026-06-17 03:02:24] [WARNING] [mt5_watchdog] MT5 disconnected! Attempt 1/3
[2026-06-17 03:02:26] [INFO] [qd_client] Logged in to QuantDinger
[2026-06-17 03:02:26] [INFO] [mt5_watchdog] MT5 already connected
[2026-06-17 03:02:26] [INFO] [mt5_watchdog] MT5 reconnected successfully!
[2026-06-17 03:02:27] [WARNING] [mt5_watchdog] MT5 disconnected! Attempt 1/3
[2026-06-17 03:02:28] [INFO] [reconciliation] Reconciliation: {'db_count': 1, 'qd_count': 0, 'fixes': 1, 'mismatches': ['DB orphan closed: trade 1']}
[2026-06-17 03:02:29] [INFO] [qd_client] Logged in to QuantDinger
[2026-06-17 03:02:29] [INFO] [mt5_watchdog] MT5 already connected
[2026-06-17 03:02:29] [INFO] [mt5_watchdog] MT5 reconnected successfully!
[2026-06-17 03:02:40] [INFO] [main] ==================================================
[2026-06-17 03:02:40] [INFO] [main] Cycle 3 at 03:02:40
[2026-06-17 03:02:41] [INFO] [reconciliation] Reconciliation: {'db_count': 1, 'qd_count': 0, 'fixes': 1, 'mismatches': ['DB orphan closed: trade 1']}
[2026-06-17 03:02:52] [INFO] [news_fetcher] Fetched 2 relevant news items
[2026-06-17 03:02:52] [INFO] [main] Equity: 73516.00$ | News: 2
[2026-06-17 03:02:52] [INFO] [main] --- EURUSD ---
[2026-06-17 03:02:56] [INFO] [deepseek] AI analysis EURUSD: bias=neutral score=30.0 conf=0.40
[2026-06-17 03:02:56] [DEBUG] [signal_engine] Signal: NEUTRAL score=30.0 conf=0.40 strength=ضعيف valid=False
[2026-06-17 03:02:56] [INFO] [sentiment] Sentiment EURUSD: bullish score=100 bull=1 bear=0
[2026-06-17 03:02:57] [DEBUG] [market_client] Candles API error for EURUSD: {'code': 0, 'msg': 'No data found', 'data': [], 'hint': None}
[2026-06-17 03:02:57] [DEBUG] [indicators] No trend data for EURUSD, using neutral
[2026-06-17 03:02:57] [DEBUG] [market_client] Candles API error for EURUSD: {'code': 0, 'msg': 'No data found', 'data': [], 'hint': None}
[2026-06-17 03:02:57] [DEBUG] [indicators] No momentum data for EURUSD, using neutral
[2026-06-17 03:02:57] [DEBUG] [market_client] Candles API error for EURUSD: {'code': 0, 'msg': 'No data found', 'data': [], 'hint': None}
[2026-06-17 03:02:57] [DEBUG] [indicators] No momentum data for EURUSD, using neutral
[2026-06-17 03:02:57] [INFO] [mtf] MTF EURUSD: H4=neutral H1=neutral M15=neutral aligned=False (weak)
[2026-06-17 03:02:57] [DEBUG] [market_client] Candles API error for EURUSD: {'code': 0, 'msg': 'No data found', 'data': [], 'hint': None}
[2026-06-17 03:02:57] [DEBUG] [indicators] No trend data for EURUSD, using neutral
[2026-06-17 03:02:57] [DEBUG] [market_client] Candles API error for EURUSD: {'code': 0, 'msg': 'No data found', 'data': [], 'hint': None}
[2026-06-17 03:02:57] [DEBUG] [indicators] No momentum data for EURUSD, using neutral
[2026-06-17 03:02:57] [DEBUG] [market_client] Candles API error for EURUSD: {'code': 0, 'msg': 'No data found', 'data': [], 'hint': None}
[2026-06-17 03:02:57] [DEBUG] [indicators] No volatility data for EURUSD, using neutral
[2026-06-17 03:02:57] [DEBUG] [market_client] Candles API error for EURUSD: {'code': 0, 'msg': 'No data found', 'data': [], 'hint': None}
[2026-06-17 03:02:57] [DEBUG] [indicators] No trend data for EURUSD, using neutral
[2026-06-17 03:02:57] [DEBUG] [market_client] Candles API error for EURUSD: {'code': 0, 'msg': 'No data found', 'data': [], 'hint': None}
[2026-06-17 03:02:57] [DEBUG] [indicators] No volatility data for EURUSD, using neutral
[2026-06-17 03:02:57] [INFO] [voting_engine] EURUSD: MTF weakly misaligned, reducing score 20%
[2026-06-17 03:02:57] [INFO] [main] --- XAUUSD ---
[2026-06-17 03:03:00] [WARNING] [mt5_watchdog] MT5 disconnected! Attempt 1/3
[2026-06-17 03:03:01] [INFO] [deepseek] AI analysis XAUUSD: bias=neutral score=25.0 conf=0.30
[2026-06-17 03:03:01] [DEBUG] [signal_engine] Signal: NEUTRAL score=25.0 conf=0.30 strength=ضعيف valid=False
[2026-06-17 03:03:01] [INFO] [sentiment] Sentiment XAUUSD: bullish score=100 bull=1 bear=0
[2026-06-17 03:03:01] [DEBUG] [market_client] Candles API error for XAUUSD: {'code': 0, 'msg': 'No data found', 'data': [], 'hint': None}
[2026-06-17 03:03:01] [DEBUG] [indicators] No trend data for XAUUSD, using neutral
[2026-06-17 03:03:01] [DEBUG] [market_client] Candles API error for XAUUSD: {'code': 0, 'msg': 'No data found', 'data': [], 'hint': None}
[2026-06-17 03:03:01] [DEBUG] [indicators] No momentum data for XAUUSD, using neutral
[2026-06-17 03:03:01] [DEBUG] [market_client] Candles API error for XAUUSD: {'code': 0, 'msg': 'No data found', 'data': [], 'hint': None}
[2026-06-17 03:03:01] [DEBUG] [indicators] No momentum data for XAUUSD, using neutral
[2026-06-17 03:03:01] [INFO] [mtf] MTF XAUUSD: H4=neutral H1=neutral M15=neutral aligned=False (weak)
[2026-06-17 03:03:01] [DEBUG] [market_client] Candles API error for XAUUSD: {'code': 0, 'msg': 'No data found', 'data': [], 'hint': None}
[2026-06-17 03:03:01] [DEBUG] [indicators] No trend data for XAUUSD, using neutral
[2026-06-17 03:03:01] [DEBUG] [market_client] Candles API error for XAUUSD: {'code': 0, 'msg': 'No data found', 'data': [], 'hint': None}
[2026-06-17 03:03:01] [DEBUG] [indicators] No momentum data for XAUUSD, using neutral
[2026-06-17 03:03:01] [DEBUG] [market_client] Candles API error for XAUUSD: {'code': 0, 'msg': 'No data found', 'data': [], 'hint': None}
[2026-06-17 03:03:01] [DEBUG] [indicators] No volatility data for XAUUSD, using neutral
[2026-06-17 03:03:01] [DEBUG] [market_client] Candles API error for XAUUSD: {'code': 0, 'msg': 'No data found', 'data': [], 'hint': None}
[2026-06-17 03:03:01] [DEBUG] [indicators] No trend data for XAUUSD, using neutral
[2026-06-17 03:03:01] [DEBUG] [market_client] Candles API error for XAUUSD: {'code': 0, 'msg': 'No data found', 'data': [], 'hint': None}
[2026-06-17 03:03:01] [DEBUG] [indicators] No volatility data for XAUUSD, using neutral
[2026-06-17 03:03:01] [INFO] [voting_engine] XAUUSD: MTF weakly misaligned, reducing score 20%
[2026-06-17 03:03:01] [INFO] [main] --- GBPUSD ---
[2026-06-17 03:03:02] [INFO] [qd_client] Logged in to QuantDinger
[2026-06-17 03:03:02] [INFO] [mt5_watchdog] MT5 already connected
[2026-06-17 03:03:02] [INFO] [mt5_watchdog] MT5 reconnected successfully!
[2026-06-17 03:03:06] [INFO] [deepseek] AI analysis GBPUSD: bias=neutral score=25.0 conf=0.30
[2026-06-17 03:03:06] [DEBUG] [signal_engine] Signal: NEUTRAL score=25.0 conf=0.30 strength=ضعيف valid=False
[2026-06-17 03:03:06] [INFO] [sentiment] Sentiment GBPUSD: bullish score=100 bull=1 bear=0
[2026-06-17 03:03:06] [DEBUG] [market_client] Candles API error for GBPUSD: {'code': 0, 'msg': 'No data found', 'data': [], 'hint': None}
[2026-06-17 03:03:06] [DEBUG] [indicators] No trend data for GBPUSD, using neutral
[2026-06-17 03:03:06] [DEBUG] [market_client] Candles API error for GBPUSD: {'code': 0, 'msg': 'No data found', 'data': [], 'hint': None}
[2026-06-17 03:03:06] [DEBUG] [indicators] No momentum data for GBPUSD, using neutral
[2026-06-17 03:03:06] [DEBUG] [market_client] Candles API error for GBPUSD: {'code': 0, 'msg': 'No data found', 'data': [], 'hint': None}
[2026-06-17 03:03:06] [DEBUG] [indicators] No momentum data for GBPUSD, using neutral
[2026-06-17 03:03:06] [INFO] [mtf] MTF GBPUSD: H4=neutral H1=neutral M15=neutral aligned=False (weak)
[2026-06-17 03:03:06] [DEBUG] [market_client] Candles API error for GBPUSD: {'code': 0, 'msg': 'No data found', 'data': [], 'hint': None}
[2026-06-17 03:03:06] [DEBUG] [indicators] No trend data for GBPUSD, using neutral
[2026-06-17 03:03:06] [DEBUG] [market_client] Candles API error for GBPUSD: {'code': 0, 'msg': 'No data found', 'data': [], 'hint': None}
[2026-06-17 03:03:06] [DEBUG] [indicators] No momentum data for GBPUSD, using neutral
[2026-06-17 03:03:06] [DEBUG] [market_client] Candles API error for GBPUSD: {'code': 0, 'msg': 'No data found', 'data': [], 'hint': None}
[2026-06-17 03:03:06] [DEBUG] [indicators] No volatility data for GBPUSD, using neutral
[2026-06-17 03:03:06] [DEBUG] [market_client] Candles API error for GBPUSD: {'code': 0, 'msg': 'No data found', 'data': [], 'hint': None}
[2026-06-17 03:03:06] [DEBUG] [indicators] No trend data for GBPUSD, using neutral
[2026-06-17 03:03:06] [DEBUG] [market_client] Candles API error for GBPUSD: {'code': 0, 'msg': 'No data found', 'data': [], 'hint': None}
[2026-06-17 03:03:06] [DEBUG] [indicators] No volatility data for GBPUSD, using neutral
[2026-06-17 03:03:06] [INFO] [voting_engine] GBPUSD: MTF weakly misaligned, reducing score 20%
[2026-06-17 03:03:06] [INFO] [main] Sleeping 1800s...
[2026-06-17 03:03:08] [INFO] [reconciliation] Reconciliation: {'db_count': 1, 'qd_count': 0, 'fixes': 1, 'mismatches': ['DB orphan closed: trade 1']}
[2026-06-17 03:03:10] [WARNING] [mt5_watchdog] MT5 disconnected! Attempt 1/3
[2026-06-17 03:03:11] [INFO] [qd_client] Logged in to QuantDinger
[2026-06-17 03:03:11] [INFO] [mt5_watchdog] MT5 already connected
[2026-06-17 03:03:11] [INFO] [mt5_watchdog] MT5 reconnected successfully!
[2026-06-17 03:03:12] [INFO] [reconciliation] Reconciliation: {'db_count': 1, 'qd_count': 0, 'fixes': 1, 'mismatches': ['DB orphan closed: trade 1']}
[2026-06-17 03:03:29] [INFO] [qd_client] Logged in to QuantDinger
[2026-06-17 03:03:31] [INFO] [reconciliation] Reconciliation: {'db_count': 1, 'qd_count': 0, 'fixes': 1, 'mismatches': ['DB orphan closed: trade 1']}
[2026-06-17 03:03:41] [INFO] [qd_client] Logged in to QuantDinger
[2026-06-17 03:03:43] [INFO] [reconciliation] Reconciliation: {'db_count': 1, 'qd_count': 0, 'fixes': 1, 'mismatches': ['DB orphan closed: trade 1']}
[2026-06-17 03:04:09] [INFO] [qd_client] Logged in to QuantDinger
[2026-06-17 03:04:11] [INFO] [reconciliation] Reconciliation: {'db_count': 1, 'qd_count': 0, 'fixes': 1, 'mismatches': ['DB orphan closed: trade 1']}
[2026-06-17 03:04:12] [INFO] [qd_client] Logged in to QuantDinger
[2026-06-17 03:04:13] [INFO] [reconciliation] Reconciliation: {'db_count': 1, 'qd_count': 0, 'fixes': 1, 'mismatches': ['DB orphan closed: trade 1']}
[2026-06-17 03:04:28] [WARNING] [mt5_watchdog] MT5 disconnected! Attempt 1/3
[2026-06-17 03:04:30] [INFO] [qd_client] Logged in to QuantDinger
[2026-06-17 03:04:30] [INFO] [mt5_watchdog] MT5 already connected
[2026-06-17 03:04:30] [INFO] [mt5_watchdog] MT5 reconnected successfully!
[2026-06-17 03:04:31] [WARNING] [mt5_watchdog] MT5 disconnected! Attempt 1/3
[2026-06-17 03:04:33] [INFO] [reconciliation] Reconciliation: {'db_count': 1, 'qd_count': 0, 'fixes': 1, 'mismatches': ['DB orphan closed: trade 1']}
[2026-06-17 03:04:33] [INFO] [qd_client] Logged in to QuantDinger
[2026-06-17 03:04:33] [INFO] [mt5_watchdog] MT5 already connected
[2026-06-17 03:04:33] [INFO] [mt5_watchdog] MT5 reconnected successfully!
[2026-06-17 03:04:44] [INFO] [reconciliation] Reconciliation: {'db_count': 1, 'qd_count': 0, 'fixes': 1, 'mismatches': ['DB orphan closed: trade 1']}
[2026-06-17 03:05:04] [WARNING] [mt5_watchdog] MT5 disconnected! Attempt 1/3
[2026-06-17 03:05:06] [INFO] [qd_client] Logged in to QuantDinger
[2026-06-17 03:05:06] [INFO] [mt5_watchdog] MT5 already connected
[2026-06-17 03:05:06] [INFO] [mt5_watchdog] MT5 reconnected successfully!
[2026-06-17 03:05:12] [WARNING] [mt5_watchdog] MT5 disconnected! Attempt 1/3
[2026-06-17 03:05:12] [INFO] [reconciliation] Reconciliation: {'db_count': 1, 'qd_count': 0, 'fixes': 1, 'mismatches': ['DB orphan closed: trade 1']}
[2026-06-17 03:05:13] [INFO] [qd_client] Logged in to QuantDinger
[2026-06-17 03:05:13] [INFO] [mt5_watchdog] MT5 already connected
[2026-06-17 03:05:13] [INFO] [mt5_watchdog] MT5 reconnected successfully!
[2026-06-17 03:05:14] [INFO] [reconciliation] Reconciliation: {'db_count': 1, 'qd_count': 0, 'fixes': 1, 'mismatches': ['DB orphan closed: trade 1']}
[2026-06-17 03:05:33] [INFO] [qd_client] Logged in to QuantDinger
[2026-06-17 03:05:35] [INFO] [reconciliation] Reconciliation: {'db_count': 1, 'qd_count': 0, 'fixes': 1, 'mismatches': ['DB orphan closed: trade 1']}
[2026-06-17 03:05:45] [INFO] [qd_client] Logged in to QuantDinger
[2026-06-17 03:05:46] [INFO] [reconciliation] Reconciliation: {'db_count': 1, 'qd_count': 0, 'fixes': 1, 'mismatches': ['DB orphan closed: trade 1']}
[2026-06-17 03:06:12] [INFO] [qd_client] Logged in to QuantDinger
[2026-06-17 03:06:14] [INFO] [reconciliation] Reconciliation: {'db_count': 1, 'qd_count': 0, 'fixes': 1, 'mismatches': ['DB orphan closed: trade 1']}
[2026-06-17 03:06:14] [INFO] [qd_client] Logged in to QuantDinger
[2026-06-17 03:06:15] [INFO] [reconciliation] Reconciliation: {'db_count': 1, 'qd_count': 0, 'fixes': 1, 'mismatches': ['DB orphan closed: trade 1']}
[2026-06-17 03:06:32] [WARNING] [mt5_watchdog] MT5 disconnected! Attempt 1/3
[2026-06-17 03:06:34] [INFO] [qd_client] Logged in to QuantDinger
[2026-06-17 03:06:34] [INFO] [mt5_watchdog] MT5 already connected
[2026-06-17 03:06:34] [INFO] [mt5_watchdog] MT5 reconnected successfully!
[2026-06-17 03:06:35] [WARNING] [mt5_watchdog] MT5 disconnected! Attempt 1/3
[2026-06-17 03:06:37] [INFO] [reconciliation] Reconciliation: {'db_count': 1, 'qd_count': 0, 'fixes': 1, 'mismatches': ['DB orphan closed: trade 1']}
[2026-06-17 03:06:37] [INFO] [qd_client] Logged in to QuantDinger
[2026-06-17 03:06:37] [INFO] [mt5_watchdog] MT5 already connected
[2026-06-17 03:06:37] [INFO] [mt5_watchdog] MT5 reconnected successfully!
[2026-06-17 03:06:48] [INFO] [reconciliation] Reconciliation: {'db_count': 1, 'qd_count': 0, 'fixes': 1, 'mismatches': ['DB orphan closed: trade 1']}
[2026-06-17 03:07:07] [WARNING] [mt5_watchdog] MT5 disconnected! Attempt 1/3
[2026-06-17 03:07:10] [INFO] [qd_client] Logged in to QuantDinger
[2026-06-17 03:07:10] [INFO] [mt5_watchdog] MT5 already connected
[2026-06-17 03:07:10] [INFO] [mt5_watchdog] MT5 reconnected successfully!
[2026-06-17 03:07:14] [WARNING] [mt5_watchdog] MT5 disconnected! Attempt 1/3
[2026-06-17 03:07:15] [INFO] [qd_client] Logged in to QuantDinger
[2026-06-17 03:07:15] [INFO] [mt5_watchdog] MT5 already connected
[2026-06-17 03:07:15] [INFO] [mt5_watchdog] MT5 reconnected successfully!
[2026-06-17 03:07:16] [INFO] [reconciliation] Reconciliation: {'db_count': 1, 'qd_count': 0, 'fixes': 1, 'mismatches': ['DB orphan closed: trade 1']}
[2026-06-17 03:07:16] [INFO] [reconciliation] Reconciliation: {'db_count': 1, 'qd_count': 0, 'fixes': 1, 'mismatches': ['DB orphan closed: trade 1']}
[2026-06-17 03:07:37] [INFO] [qd_client] Logged in to QuantDinger
[2026-06-17 03:07:39] [INFO] [reconciliation] Reconciliation: {'db_count': 1, 'qd_count': 0, 'fixes': 1, 'mismatches': ['DB orphan closed: trade 1']}
[2026-06-17 03:07:48] [INFO] [qd_client] Logged in to QuantDinger
[2026-06-17 03:07:50] [INFO] [reconciliation] Reconciliation: {'db_count': 1, 'qd_count': 0, 'fixes': 1, 'mismatches': ['DB orphan closed: trade 1']}
[2026-06-17 03:08:17] [INFO] [qd_client] Logged in to QuantDinger
[2026-06-17 03:08:17] [INFO] [qd_client] Logged in to QuantDinger
[2026-06-17 03:08:18] [INFO] [reconciliation] Reconciliation: {'db_count': 1, 'qd_count': 0, 'fixes': 1, 'mismatches': ['DB orphan closed: trade 1']}
[2026-06-17 03:08:18] [INFO] [reconciliation] Reconciliation: {'db_count': 1, 'qd_count': 0, 'fixes': 1, 'mismatches': ['DB orphan closed: trade 1']}
[2026-06-17 03:08:36] [WARNING] [mt5_watchdog] MT5 disconnected! Attempt 1/3
[2026-06-17 03:08:37] [INFO] [qd_client] Logged in to QuantDinger
[2026-06-17 03:08:37] [INFO] [mt5_watchdog] MT5 already connected
[2026-06-17 03:08:37] [INFO] [mt5_watchdog] MT5 reconnected successfully!
[2026-06-17 03:08:39] [WARNING] [mt5_watchdog] MT5 disconnected! Attempt 1/3
[2026-06-17 03:08:40] [INFO] [reconciliation] Reconciliation: {'db_count': 1, 'qd_count': 0, 'fixes': 1, 'mismatches': ['DB orphan closed: trade 1']}
[2026-06-17 03:08:41] [INFO] [qd_client] Logged in to QuantDinger
[2026-06-17 03:08:41] [INFO] [mt5_watchdog] MT5 already connected
[2026-06-17 03:08:41] [INFO] [mt5_watchdog] MT5 reconnected successfully!
[2026-06-17 03:08:51] [INFO] [reconciliation] Reconciliation: {'db_count': 1, 'qd_count': 0, 'fixes': 1, 'mismatches': ['DB orphan closed: trade 1']}
[2026-06-17 03:09:12] [WARNING] [mt5_watchdog] MT5 disconnected! Attempt 1/3
[2026-06-17 03:09:14] [INFO] [qd_client] Logged in to QuantDinger
[2026-06-17 03:09:14] [INFO] [mt5_watchdog] MT5 already connected
[2026-06-17 03:09:14] [INFO] [mt5_watchdog] MT5 reconnected successfully!
[2026-06-17 03:09:16] [WARNING] [mt5_watchdog] MT5 disconnected! Attempt 1/3
[2026-06-17 03:09:17] [INFO] [qd_client] Logged in to QuantDinger
[2026-06-17 03:09:17] [INFO] [mt5_watchdog] MT5 already connected
[2026-06-17 03:09:17] [INFO] [mt5_watchdog] MT5 reconnected successfully!
[2026-06-17 03:09:19] [INFO] [reconciliation] Reconciliation: {'db_count': 1, 'qd_count': 0, 'fixes': 1, 'mismatches': ['DB orphan closed: trade 1']}
[2026-06-17 03:09:19] [INFO] [qd_client] Logged in to QuantDinger
[2026-06-17 03:09:20] [INFO] [reconciliation] Reconciliation: {'db_count': 1, 'qd_count': 0, 'fixes': 1, 'mismatches': ['DB orphan closed: trade 1']}
[2026-06-17 03:09:41] [INFO] [qd_client] Logged in to QuantDinger
[2026-06-17 03:09:42] [INFO] [reconciliation] Reconciliation: {'db_count': 1, 'qd_count': 0, 'fixes': 1, 'mismatches': ['DB orphan closed: trade 1']}
[2026-06-17 03:09:52] [INFO] [qd_client] Logged in to QuantDinger
[2026-06-17 03:09:54] [INFO] [reconciliation] Reconciliation: {'db_count': 1, 'qd_count': 0, 'fixes': 1, 'mismatches': ['DB orphan closed: trade 1']}
[2026-06-17 03:10:19] [INFO] [qd_client] Logged in to QuantDinger
[2026-06-17 03:10:19] [INFO] [qd_client] Logged in to QuantDinger
[2026-06-17 03:10:20] [INFO] [reconciliation] Reconciliation: {'db_count': 1, 'qd_count': 0, 'fixes': 1, 'mismatches': ['DB orphan closed: trade 1']}
[2026-06-17 03:10:21] [INFO] [qd_client] Logged in to QuantDinger
[2026-06-17 03:10:22] [INFO] [reconciliation] Reconciliation: {'db_count': 1, 'qd_count': 0, 'fixes': 1, 'mismatches': ['DB orphan closed: trade 1']}
[2026-06-17 03:10:38] [WARNING] [mt5_watchdog] MT5 disconnected! Attempt 1/3
[2026-06-17 03:10:40] [INFO] [qd_client] Logged in to QuantDinger
[2026-06-17 03:10:40] [INFO] [mt5_watchdog] MT5 already connected
[2026-06-17 03:10:40] [INFO] [mt5_watchdog] MT5 reconnected successfully!
[2026-06-17 03:10:43] [WARNING] [mt5_watchdog] MT5 disconnected! Attempt 1/3
[2026-06-17 03:10:44] [INFO] [reconciliation] Reconciliation: {'db_count': 1, 'qd_count': 0, 'fixes': 1, 'mismatches': ['DB orphan closed: trade 1']}
[2026-06-17 03:10:44] [INFO] [qd_client] Logged in to QuantDinger
[2026-06-17 03:10:44] [INFO] [mt5_watchdog] MT5 already connected
[2026-06-17 03:10:44] [INFO] [mt5_watchdog] MT5 reconnected successfully!
[2026-06-17 03:10:55] [INFO] [reconciliation] Reconciliation: {'db_count': 1, 'qd_count': 0, 'fixes': 1, 'mismatches': ['DB orphan closed: trade 1']}
[2026-06-17 03:11:03] [INFO] [main] ==================================================
[2026-06-17 03:11:03] [INFO] [main] Cycle 3 at 03:11:03
[2026-06-17 03:11:03] [WARNING] [main] MT5 disconnected, reconnecting...
[2026-06-17 03:11:04] [INFO] [qd_client] Logged in to QuantDinger
[2026-06-17 03:11:04] [INFO] [qd_client] MT5 connected
[2026-06-17 03:11:04] [INFO] [main] MT5 reconnected
[2026-06-17 03:11:14] [INFO] [news_fetcher] Fetched 2 relevant news items
[2026-06-17 03:11:14] [INFO] [main] Equity: 73516.00$ | News: 2
[2026-06-17 03:11:14] [INFO] [main] --- EURUSD ---
[2026-06-17 03:11:15] [WARNING] [mt5_watchdog] MT5 disconnected! Attempt 1/3
[2026-06-17 03:11:16] [INFO] [qd_client] Logged in to QuantDinger
[2026-06-17 03:11:17] [INFO] [qd_client] Logged in to QuantDinger
[2026-06-17 03:11:17] [INFO] [mt5_watchdog] MT5 already connected
[2026-06-17 03:11:17] [INFO] [mt5_watchdog] MT5 reconnected successfully!
[2026-06-17 03:11:18] [INFO] [deepseek] AI analysis EURUSD: bias=neutral score=25.0 conf=0.30
[2026-06-17 03:11:18] [DEBUG] [signal_engine] Signal: NEUTRAL score=25.0 conf=0.30 strength=ضعيف valid=False
[2026-06-17 03:11:18] [INFO] [sentiment] Sentiment EURUSD: bullish score=100 bull=1 bear=0
[2026-06-17 03:11:18] [WARNING] [mt5_watchdog] MT5 disconnected! Attempt 1/3
[2026-06-17 03:11:18] [DEBUG] [market_client] Candles EURUSD 4H: 50 bars
[2026-06-17 03:11:18] [DEBUG] [market_client] Indicators EURUSD: RSI=67.1 ATR=0.00176 trend=strong uptrend
[2026-06-17 03:11:18] [DEBUG] [market_client] Candles EURUSD 4H: 50 bars
[2026-06-17 03:11:18] [DEBUG] [market_client] Indicators EURUSD: RSI=67.1 ATR=0.00176 trend=strong uptrend
[2026-06-17 03:11:18] [DEBUG] [market_client] Candles EURUSD 4H: 50 bars
[2026-06-17 03:11:18] [DEBUG] [market_client] Indicators EURUSD: RSI=67.1 ATR=0.00176 trend=strong uptrend
[2026-06-17 03:11:18] [INFO] [mtf] MTF EURUSD: H4=bullish H1=bullish M15=bullish aligned=True (strong)
[2026-06-17 03:11:18] [DEBUG] [market_client] Candles EURUSD 4H: 50 bars
[2026-06-17 03:11:18] [DEBUG] [market_client] Indicators EURUSD: RSI=67.1 ATR=0.00176 trend=strong uptrend
[2026-06-17 03:11:18] [DEBUG] [market_client] Candles EURUSD 4H: 50 bars
[2026-06-17 03:11:18] [DEBUG] [market_client] Indicators EURUSD: RSI=67.1 ATR=0.00176 trend=strong uptrend
[2026-06-17 03:11:18] [DEBUG] [market_client] Candles EURUSD 4H: 50 bars
[2026-06-17 03:11:18] [DEBUG] [market_client] Indicators EURUSD: RSI=67.1 ATR=0.00176 trend=strong uptrend
[2026-06-17 03:11:18] [DEBUG] [market_client] Candles EURUSD 4H: 50 bars
[2026-06-17 03:11:18] [DEBUG] [market_client] Indicators EURUSD: RSI=67.1 ATR=0.00176 trend=strong uptrend
[2026-06-17 03:11:18] [DEBUG] [market_client] Candles EURUSD 4H: 50 bars
[2026-06-17 03:11:18] [DEBUG] [market_client] Indicators EURUSD: RSI=67.1 ATR=0.00176 trend=strong uptrend
[2026-06-17 03:11:18] [INFO] [voting_engine] EURUSD: MTF strongly aligned, boosting score 10%
[2026-06-17 03:11:18] [INFO] [main] --- XAUUSD ---
[2026-06-17 03:11:19] [INFO] [qd_client] Logged in to QuantDinger
[2026-06-17 03:11:19] [INFO] [mt5_watchdog] MT5 already connected
[2026-06-17 03:11:19] [INFO] [mt5_watchdog] MT5 reconnected successfully!
[2026-06-17 03:11:21] [INFO] [reconciliation] Reconciliation: {'db_count': 1, 'qd_count': 0, 'fixes': 1, 'mismatches': ['DB orphan closed: trade 1']}
[2026-06-17 03:11:22] [INFO] [deepseek] AI analysis XAUUSD: bias=neutral score=25.0 conf=0.30
[2026-06-17 03:11:22] [DEBUG] [signal_engine] Signal: NEUTRAL score=25.0 conf=0.30 strength=ضعيف valid=False
[2026-06-17 03:11:22] [INFO] [sentiment] Sentiment XAUUSD: bullish score=100 bull=1 bear=0
[2026-06-17 03:11:22] [DEBUG] [market_client] Candles XAUUSD 4H: 50 bars
[2026-06-17 03:11:22] [DEBUG] [market_client] Indicators XAUUSD: RSI=75.4 ATR=31.89275 trend=strong uptrend
[2026-06-17 03:11:22] [DEBUG] [market_client] Candles XAUUSD 4H: 50 bars
[2026-06-17 03:11:22] [DEBUG] [market_client] Indicators XAUUSD: RSI=75.4 ATR=31.89275 trend=strong uptrend
[2026-06-17 03:11:22] [DEBUG] [market_client] Candles XAUUSD 4H: 50 bars
[2026-06-17 03:11:22] [DEBUG] [market_client] Indicators XAUUSD: RSI=75.4 ATR=31.89275 trend=strong uptrend
[2026-06-17 03:11:22] [INFO] [mtf] MTF XAUUSD: H4=bullish H1=bearish M15=bearish aligned=True (weak)
[2026-06-17 03:11:22] [DEBUG] [market_client] Candles XAUUSD 4H: 50 bars
[2026-06-17 03:11:22] [DEBUG] [market_client] Indicators XAUUSD: RSI=75.4 ATR=31.89275 trend=strong uptrend
[2026-06-17 03:11:22] [DEBUG] [market_client] Candles XAUUSD 4H: 50 bars
[2026-06-17 03:11:22] [DEBUG] [market_client] Indicators XAUUSD: RSI=75.4 ATR=31.89275 trend=strong uptrend
[2026-06-17 03:11:22] [DEBUG] [market_client] Candles XAUUSD 4H: 50 bars
[2026-06-17 03:11:22] [DEBUG] [market_client] Indicators XAUUSD: RSI=75.4 ATR=31.89275 trend=strong uptrend
[2026-06-17 03:11:22] [DEBUG] [market_client] Candles XAUUSD 4H: 50 bars
[2026-06-17 03:11:22] [DEBUG] [market_client] Indicators XAUUSD: RSI=75.4 ATR=31.89275 trend=strong uptrend
[2026-06-17 03:11:22] [DEBUG] [market_client] Candles XAUUSD 4H: 50 bars
[2026-06-17 03:11:22] [DEBUG] [market_client] Indicators XAUUSD: RSI=75.4 ATR=31.89275 trend=strong uptrend
[2026-06-17 03:11:22] [INFO] [main] --- GBPUSD ---
[2026-06-17 03:11:23] [INFO] [qd_client] Logged in to QuantDinger
[2026-06-17 03:11:24] [INFO] [reconciliation] Reconciliation: {'db_count': 1, 'qd_count': 0, 'fixes': 1, 'mismatches': ['DB orphan closed: trade 1']}
[2026-06-17 03:11:26] [INFO] [deepseek] AI analysis GBPUSD: bias=neutral score=30.0 conf=0.40
[2026-06-17 03:11:26] [DEBUG] [signal_engine] Signal: NEUTRAL score=30.0 conf=0.40 strength=ضعيف valid=False
[2026-06-17 03:11:26] [INFO] [sentiment] Sentiment GBPUSD: bullish score=100 bull=1 bear=0
[2026-06-17 03:11:26] [DEBUG] [market_client] Candles GBPUSD 4H: 50 bars
[2026-06-17 03:11:26] [DEBUG] [market_client] Indicators GBPUSD: RSI=53.9 ATR=0.00223 trend=strong uptrend
[2026-06-17 03:11:26] [DEBUG] [market_client] Candles GBPUSD 4H: 50 bars
[2026-06-17 03:11:26] [DEBUG] [market_client] Indicators GBPUSD: RSI=53.9 ATR=0.00223 trend=strong uptrend
[2026-06-17 03:11:26] [DEBUG] [market_client] Candles GBPUSD 4H: 50 bars
[2026-06-17 03:11:26] [DEBUG] [market_client] Indicators GBPUSD: RSI=53.9 ATR=0.00223 trend=strong uptrend
[2026-06-17 03:11:26] [INFO] [mtf] MTF GBPUSD: H4=bullish H1=neutral M15=neutral aligned=False (weak)
[2026-06-17 03:11:26] [DEBUG] [market_client] Candles GBPUSD 4H: 50 bars
[2026-06-17 03:11:26] [DEBUG] [market_client] Indicators GBPUSD: RSI=53.9 ATR=0.00223 trend=strong uptrend
[2026-06-17 03:11:26] [DEBUG] [market_client] Candles GBPUSD 4H: 50 bars
[2026-06-17 03:11:26] [DEBUG] [market_client] Indicators GBPUSD: RSI=53.9 ATR=0.00223 trend=strong uptrend
[2026-06-17 03:11:26] [DEBUG] [market_client] Candles GBPUSD 4H: 50 bars
[2026-06-17 03:11:26] [DEBUG] [market_client] Indicators GBPUSD: RSI=53.9 ATR=0.00223 trend=strong uptrend
[2026-06-17 03:11:26] [DEBUG] [market_client] Candles GBPUSD 4H: 50 bars
[2026-06-17 03:11:26] [DEBUG] [market_client] Indicators GBPUSD: RSI=53.9 ATR=0.00223 trend=strong uptrend
[2026-06-17 03:11:26] [DEBUG] [market_client] Candles GBPUSD 4H: 50 bars
[2026-06-17 03:11:26] [DEBUG] [market_client] Indicators GBPUSD: RSI=53.9 ATR=0.00223 trend=strong uptrend
[2026-06-17 03:11:26] [INFO] [voting_engine] GBPUSD: MTF weakly misaligned, reducing score 20%
[2026-06-17 03:11:26] [INFO] [main] Sleeping 1800s...
[2026-06-17 03:11:44] [INFO] [qd_client] Logged in to QuantDinger
[2026-06-17 03:11:46] [INFO] [reconciliation] Reconciliation: {'db_count': 1, 'qd_count': 0, 'fixes': 1, 'mismatches': ['DB orphan closed: trade 1']}
[2026-06-17 03:11:56] [INFO] [qd_client] Logged in to QuantDinger
[2026-06-17 03:11:57] [INFO] [reconciliation] Reconciliation: {'db_count': 1, 'qd_count': 0, 'fixes': 1, 'mismatches': ['DB orphan closed: trade 1']}
[2026-06-17 03:12:21] [INFO] [qd_client] Logged in to QuantDinger
[2026-06-17 03:12:22] [INFO] [reconciliation] Reconciliation: {'db_count': 1, 'qd_count': 0, 'fixes': 1, 'mismatches': ['DB orphan closed: trade 1']}
[2026-06-17 03:12:25] [INFO] [qd_client] Logged in to QuantDinger
[2026-06-17 03:12:26] [INFO] [reconciliation] Reconciliation: {'db_count': 1, 'qd_count': 0, 'fixes': 1, 'mismatches': ['DB orphan closed: trade 1']}
[2026-06-17 03:12:41] [WARNING] [mt5_watchdog] MT5 disconnected! Attempt 1/3
[2026-06-17 03:12:43] [INFO] [qd_client] Logged in to QuantDinger
[2026-06-17 03:12:43] [INFO] [mt5_watchdog] MT5 already connected
[2026-06-17 03:12:43] [INFO] [mt5_watchdog] MT5 reconnected successfully!
[2026-06-17 03:12:46] [WARNING] [mt5_watchdog] MT5 disconnected! Attempt 1/3
[2026-06-17 03:12:48] [INFO] [reconciliation] Reconciliation: {'db_count': 1, 'qd_count': 0, 'fixes': 1, 'mismatches': ['DB orphan closed: trade 1']}
[2026-06-17 03:12:48] [INFO] [qd_client] Logged in to QuantDinger
[2026-06-17 03:12:48] [INFO] [mt5_watchdog] MT5 already connected
[2026-06-17 03:12:48] [INFO] [mt5_watchdog] MT5 reconnected successfully!
[2026-06-17 03:12:59] [INFO] [reconciliation] Reconciliation: {'db_count': 1, 'qd_count': 0, 'fixes': 1, 'mismatches': ['DB orphan closed: trade 1']}
[2026-06-17 03:13:18] [WARNING] [mt5_watchdog] MT5 disconnected! Attempt 1/3
[2026-06-17 03:13:20] [WARNING] [mt5_watchdog] MT5 disconnected! Attempt 1/3
[2026-06-17 03:13:21] [INFO] [qd_client] Logged in to QuantDinger
[2026-06-17 03:13:21] [INFO] [mt5_watchdog] MT5 already connected
[2026-06-17 03:13:21] [INFO] [mt5_watchdog] MT5 reconnected successfully!
[2026-06-17 03:13:21] [INFO] [qd_client] Logged in to QuantDinger
[2026-06-17 03:13:21] [INFO] [mt5_watchdog] MT5 already connected
[2026-06-17 03:13:21] [INFO] [mt5_watchdog] MT5 reconnected successfully!
[2026-06-17 03:13:23] [INFO] [reconciliation] Reconciliation: {'db_count': 1, 'qd_count': 0, 'fixes': 1, 'mismatches': ['DB orphan closed: trade 1']}
[2026-06-17 03:13:27] [INFO] [qd_client] Logged in to QuantDinger
[2026-06-17 03:13:28] [INFO] [reconciliation] Reconciliation: {'db_count': 1, 'qd_count': 0, 'fixes': 1, 'mismatches': ['DB orphan closed: trade 1']}
[2026-06-17 03:13:48] [INFO] [qd_client] Logged in to QuantDinger
[2026-06-17 03:13:50] [INFO] [reconciliation] Reconciliation: {'db_count': 1, 'qd_count': 0, 'fixes': 1, 'mismatches': ['DB orphan closed: trade 1']}
[2026-06-17 03:13:53] [INFO] [qd_client] Logged in to QuantDinger
[2026-06-17 03:13:59] [INFO] [qd_client] Logged in to QuantDinger
[2026-06-17 03:14:01] [INFO] [reconciliation] Reconciliation: {'db_count': 1, 'qd_count': 0, 'fixes': 1, 'mismatches': ['DB orphan closed: trade 1']}
[2026-06-17 03:14:12] [INFO] [main] ==================================================
[2026-06-17 03:14:12] [INFO] [main] Cycle 2 at 03:14:12
[2026-06-17 03:14:12] [WARNING] [main] MT5 disconnected, reconnecting...
[2026-06-17 03:14:12] [INFO] [qd_client] Logged in to QuantDinger
[2026-06-17 03:14:12] [INFO] [qd_client] MT5 connected
[2026-06-17 03:14:12] [INFO] [main] MT5 reconnected
[2026-06-17 03:14:22] [INFO] [news_fetcher] Fetched 2 relevant news items
[2026-06-17 03:14:22] [INFO] [main] Equity: 73516.00$ | News: 2
[2026-06-17 03:14:22] [INFO] [main] --- EURUSD ---
[2026-06-17 03:14:24] [INFO] [reconciliation] Reconciliation: {'db_count': 1, 'qd_count': 0, 'fixes': 1, 'mismatches': ['DB orphan closed: trade 1']}
[2026-06-17 03:14:25] [INFO] [deepseek] AI analysis EURUSD: bias=neutral score=30.0 conf=0.40
[2026-06-17 03:14:25] [DEBUG] [signal_engine] Signal: NEUTRAL score=30.0 conf=0.40 strength=ضعيف valid=False
[2026-06-17 03:14:25] [INFO] [sentiment] Sentiment EURUSD: bullish score=100 bull=1 bear=0
[2026-06-17 03:14:25] [DEBUG] [market_client] Candles EURUSD 4H: 50 bars
[2026-06-17 03:14:25] [DEBUG] [market_client] Indicators EURUSD: RSI=67.1 ATR=0.00176 trend=strong uptrend
[2026-06-17 03:14:25] [DEBUG] [market_client] Candles EURUSD 4H: 50 bars
[2026-06-17 03:14:25] [DEBUG] [market_client] Indicators EURUSD: RSI=67.1 ATR=0.00176 trend=strong uptrend
[2026-06-17 03:14:25] [DEBUG] [market_client] Candles EURUSD 4H: 50 bars
[2026-06-17 03:14:25] [DEBUG] [market_client] Indicators EURUSD: RSI=67.1 ATR=0.00176 trend=strong uptrend
[2026-06-17 03:14:25] [INFO] [mtf] MTF EURUSD: H4=bullish H1=bullish M15=bullish aligned=True (strong)
[2026-06-17 03:14:25] [DEBUG] [market_client] Candles EURUSD 4H: 50 bars
[2026-06-17 03:14:25] [DEBUG] [market_client] Indicators EURUSD: RSI=67.1 ATR=0.00176 trend=strong uptrend
[2026-06-17 03:14:25] [DEBUG] [market_client] Candles EURUSD 4H: 50 bars
[2026-06-17 03:14:25] [DEBUG] [market_client] Indicators EURUSD: RSI=67.1 ATR=0.00176 trend=strong uptrend
[2026-06-17 03:14:25] [DEBUG] [market_client] Candles EURUSD 4H: 50 bars
[2026-06-17 03:14:25] [DEBUG] [market_client] Indicators EURUSD: RSI=67.1 ATR=0.00176 trend=strong uptrend
[2026-06-17 03:14:25] [DEBUG] [market_client] Candles EURUSD 4H: 50 bars
[2026-06-17 03:14:25] [DEBUG] [market_client] Indicators EURUSD: RSI=67.1 ATR=0.00176 trend=strong uptrend
[2026-06-17 03:14:25] [DEBUG] [market_client] Candles EURUSD 4H: 50 bars
[2026-06-17 03:14:25] [DEBUG] [market_client] Indicators EURUSD: RSI=67.1 ATR=0.00176 trend=strong uptrend
[2026-06-17 03:14:25] [INFO] [voting_engine] EURUSD: MTF strongly aligned, boosting score 10%
[2026-06-17 03:14:25] [INFO] [main] --- XAUUSD ---
[2026-06-17 03:14:29] [INFO] [deepseek] AI analysis XAUUSD: bias=neutral score=30.0 conf=0.40
[2026-06-17 03:14:29] [DEBUG] [signal_engine] Signal: NEUTRAL score=30.0 conf=0.40 strength=ضعيف valid=False
[2026-06-17 03:14:29] [INFO] [sentiment] Sentiment XAUUSD: bullish score=100 bull=1 bear=0
[2026-06-17 03:14:29] [DEBUG] [market_client] Candles XAUUSD 4H: 50 bars
[2026-06-17 03:14:29] [DEBUG] [market_client] Indicators XAUUSD: RSI=75.4 ATR=31.89275 trend=strong uptrend
[2026-06-17 03:14:29] [DEBUG] [market_client] Candles XAUUSD 4H: 50 bars
[2026-06-17 03:14:29] [DEBUG] [market_client] Indicators XAUUSD: RSI=75.4 ATR=31.89275 trend=strong uptrend
[2026-06-17 03:14:29] [INFO] [qd_client] Logged in to QuantDinger
[2026-06-17 03:14:29] [DEBUG] [market_client] Candles XAUUSD 4H: 50 bars
[2026-06-17 03:14:29] [DEBUG] [market_client] Indicators XAUUSD: RSI=75.4 ATR=31.89275 trend=strong uptrend
[2026-06-17 03:14:29] [INFO] [mtf] MTF XAUUSD: H4=bullish H1=bearish M15=bearish aligned=True (weak)
[2026-06-17 03:14:29] [DEBUG] [market_client] Candles XAUUSD 4H: 50 bars
[2026-06-17 03:14:29] [DEBUG] [market_client] Indicators XAUUSD: RSI=75.4 ATR=31.89275 trend=strong uptrend
[2026-06-17 03:14:29] [DEBUG] [market_client] Candles XAUUSD 4H: 50 bars
[2026-06-17 03:14:29] [DEBUG] [market_client] Indicators XAUUSD: RSI=75.4 ATR=31.89275 trend=strong uptrend
[2026-06-17 03:14:29] [DEBUG] [market_client] Candles XAUUSD 4H: 50 bars
[2026-06-17 03:14:29] [DEBUG] [market_client] Indicators XAUUSD: RSI=75.4 ATR=31.89275 trend=strong uptrend
[2026-06-17 03:14:29] [DEBUG] [market_client] Candles XAUUSD 4H: 50 bars
[2026-06-17 03:14:29] [DEBUG] [market_client] Indicators XAUUSD: RSI=75.4 ATR=31.89275 trend=strong uptrend
[2026-06-17 03:14:29] [DEBUG] [market_client] Candles XAUUSD 4H: 50 bars
[2026-06-17 03:14:29] [DEBUG] [market_client] Indicators XAUUSD: RSI=75.4 ATR=31.89275 trend=strong uptrend
[2026-06-17 03:14:29] [INFO] [main] --- GBPUSD ---
[2026-06-17 03:14:31] [INFO] [reconciliation] Reconciliation: {'db_count': 1, 'qd_count': 0, 'fixes': 1, 'mismatches': ['DB orphan closed: trade 1']}
[2026-06-17 03:14:32] [INFO] [deepseek] AI analysis GBPUSD: bias=neutral score=25.0 conf=0.40
[2026-06-17 03:14:32] [DEBUG] [signal_engine] Signal: NEUTRAL score=25.0 conf=0.40 strength=ضعيف valid=False
[2026-06-17 03:14:32] [INFO] [sentiment] Sentiment GBPUSD: bullish score=100 bull=1 bear=0
[2026-06-17 03:14:32] [DEBUG] [market_client] Candles GBPUSD 4H: 50 bars
[2026-06-17 03:14:32] [DEBUG] [market_client] Indicators GBPUSD: RSI=53.9 ATR=0.00223 trend=strong uptrend
[2026-06-17 03:14:32] [DEBUG] [market_client] Candles GBPUSD 4H: 50 bars
[2026-06-17 03:14:32] [DEBUG] [market_client] Indicators GBPUSD: RSI=53.9 ATR=0.00223 trend=strong uptrend
[2026-06-17 03:14:32] [DEBUG] [market_client] Candles GBPUSD 4H: 50 bars
[2026-06-17 03:14:32] [DEBUG] [market_client] Indicators GBPUSD: RSI=53.9 ATR=0.00223 trend=strong uptrend
[2026-06-17 03:14:32] [INFO] [mtf] MTF GBPUSD: H4=bullish H1=neutral M15=neutral aligned=False (weak)
[2026-06-17 03:14:32] [DEBUG] [market_client] Candles GBPUSD 4H: 50 bars
[2026-06-17 03:14:32] [DEBUG] [market_client] Indicators GBPUSD: RSI=53.9 ATR=0.00223 trend=strong uptrend
[2026-06-17 03:14:32] [DEBUG] [market_client] Candles GBPUSD 4H: 50 bars
[2026-06-17 03:14:32] [DEBUG] [market_client] Indicators GBPUSD: RSI=53.9 ATR=0.00223 trend=strong uptrend
[2026-06-17 03:14:32] [DEBUG] [market_client] Candles GBPUSD 4H: 50 bars
[2026-06-17 03:14:32] [DEBUG] [market_client] Indicators GBPUSD: RSI=53.9 ATR=0.00223 trend=strong uptrend
[2026-06-17 03:14:32] [DEBUG] [market_client] Candles GBPUSD 4H: 50 bars
[2026-06-17 03:14:32] [DEBUG] [market_client] Indicators GBPUSD: RSI=53.9 ATR=0.00223 trend=strong uptrend
[2026-06-17 03:14:32] [DEBUG] [market_client] Candles GBPUSD 4H: 50 bars
[2026-06-17 03:14:32] [DEBUG] [market_client] Indicators GBPUSD: RSI=53.9 ATR=0.00223 trend=strong uptrend
[2026-06-17 03:14:32] [INFO] [voting_engine] GBPUSD: MTF weakly misaligned, reducing score 20%
[2026-06-17 03:14:32] [INFO] [main] Sleeping 1800s...
[2026-06-17 03:14:45] [WARNING] [mt5_watchdog] MT5 disconnected! Attempt 1/3
[2026-06-17 03:14:47] [INFO] [qd_client] Logged in to QuantDinger
[2026-06-17 03:14:47] [INFO] [mt5_watchdog] MT5 already connected
[2026-06-17 03:14:47] [INFO] [mt5_watchdog] MT5 reconnected successfully!
[2026-06-17 03:14:50] [WARNING] [mt5_watchdog] MT5 disconnected! Attempt 1/3
[2026-06-17 03:14:52] [INFO] [reconciliation] Reconciliation: {'db_count': 1, 'qd_count': 0, 'fixes': 1, 'mismatches': ['DB orphan closed: trade 1']}
[2026-06-17 03:14:52] [INFO] [qd_client] Logged in to QuantDinger
[2026-06-17 03:14:52] [INFO] [mt5_watchdog] MT5 already connected
[2026-06-17 03:14:52] [INFO] [mt5_watchdog] MT5 reconnected successfully!
[2026-06-17 03:15:03] [INFO] [reconciliation] Reconciliation: {'db_count': 1, 'qd_count': 0, 'fixes': 1, 'mismatches': ['DB orphan closed: trade 1']}
[2026-06-17 03:15:22] [WARNING] [mt5_watchdog] MT5 disconnected! Attempt 1/3
[2026-06-17 03:15:22] [WARNING] [mt5_watchdog] MT5 disconnected! Attempt 1/3
[2026-06-17 03:15:23] [INFO] [qd_client] Logged in to QuantDinger
[2026-06-17 03:15:23] [INFO] [mt5_watchdog] MT5 already connected
[2026-06-17 03:15:23] [INFO] [mt5_watchdog] MT5 reconnected successfully!
[2026-06-17 03:15:24] [INFO] [qd_client] Logged in to QuantDinger
[2026-06-17 03:15:24] [INFO] [mt5_watchdog] MT5 already connected
[2026-06-17 03:15:24] [INFO] [mt5_watchdog] MT5 reconnected successfully!
[2026-06-17 03:15:24] [INFO] [reconciliation] Reconciliation: {'db_count': 1, 'qd_count': 0, 'fixes': 1, 'mismatches': ['DB orphan closed: trade 1']}
[2026-06-17 03:15:32] [INFO] [reconciliation] Reconciliation: {'db_count': 1, 'qd_count': 0, 'fixes': 1, 'mismatches': ['DB orphan closed: trade 1']}
[2026-06-17 03:15:52] [INFO] [qd_client] Logged in to QuantDinger
[2026-06-17 03:15:54] [INFO] [reconciliation] Reconciliation: {'db_count': 1, 'qd_count': 0, 'fixes': 1, 'mismatches': ['DB orphan closed: trade 1']}
[2026-06-17 03:16:03] [INFO] [qd_client] Logged in to QuantDinger
[2026-06-17 03:16:05] [INFO] [reconciliation] Reconciliation: {'db_count': 1, 'qd_count': 0, 'fixes': 1, 'mismatches': ['DB orphan closed: trade 1']}
[2026-06-17 03:16:25] [INFO] [qd_client] Logged in to QuantDinger
[2026-06-17 03:16:33] [INFO] [qd_client] Logged in to QuantDinger
[2026-06-17 03:16:34] [INFO] [reconciliation] Reconciliation: {'db_count': 1, 'qd_count': 0, 'fixes': 1, 'mismatches': ['DB orphan closed: trade 1']}
[2026-06-17 03:16:43] [INFO] [main] Trading Bot V3 starting...
[2026-06-17 03:16:43] [INFO] [database] V3 Database initialized with all tables
[2026-06-17 03:16:43] [INFO] [qd_client] Logged in to QuantDinger
[2026-06-17 03:16:43] [INFO] [qd_client] MT5 connected
[2026-06-17 03:16:43] [INFO] [main] MT5 connected
[2026-06-17 03:16:43] [INFO] [telegram_bot] Telegram polling started
[2026-06-17 03:16:43] [INFO] [telegram_bot] Telegram bot V3 started
[2026-06-17 03:16:43] [INFO] [mt5_watchdog] MT5 watchdog started (V1 reconnect logic)
[2026-06-17 03:16:43] [INFO] [reconciliation] Reconciliation loop started (every 60s)
[2026-06-17 03:16:43] [INFO] [reconciliation] Reconciliation thread started
[2026-06-17 03:16:44] [INFO] [main] ==================================================
[2026-06-17 03:16:44] [INFO] [main] Cycle 1 at 03:16:44
[2026-06-17 03:16:49] [WARNING] [mt5_watchdog] MT5 disconnected! Attempt 1/3
[2026-06-17 03:16:51] [INFO] [qd_client] Logged in to QuantDinger
[2026-06-17 03:16:51] [INFO] [mt5_watchdog] MT5 already connected
[2026-06-17 03:16:51] [INFO] [mt5_watchdog] MT5 reconnected successfully!
[2026-06-17 03:16:54] [WARNING] [mt5_watchdog] MT5 disconnected! Attempt 1/3
[2026-06-17 03:16:54] [INFO] [news_fetcher] Fetched 2 relevant news items
[2026-06-17 03:16:54] [INFO] [qd_client] Logged in to QuantDinger
[2026-06-17 03:16:55] [INFO] [main] Equity: 73516.00$ | News: 2
[2026-06-17 03:16:55] [INFO] [main] --- EURUSD ---
[2026-06-17 03:16:56] [INFO] [reconciliation] Reconciliation: {'db_count': 1, 'qd_count': 0, 'fixes': 1, 'mismatches': ['DB orphan closed: trade 1']}
[2026-06-17 03:16:56] [INFO] [qd_client] Logged in to QuantDinger
[2026-06-17 03:16:56] [INFO] [mt5_watchdog] MT5 already connected
[2026-06-17 03:16:56] [INFO] [mt5_watchdog] MT5 reconnected successfully!
[2026-06-17 03:16:58] [INFO] [deepseek] AI analysis EURUSD: bias=neutral score=30.0 conf=0.40
[2026-06-17 03:16:58] [DEBUG] [signal_engine] Signal: NEUTRAL score=30.0 conf=0.40 strength=ضعيف valid=False
[2026-06-17 03:16:58] [INFO] [sentiment] Sentiment EURUSD: bullish score=100 bull=1 bear=0
[2026-06-17 03:16:58] [DEBUG] [market_client] Candles EURUSD 4H: 50 bars
[2026-06-17 03:16:58] [DEBUG] [market_client] Indicators EURUSD: RSI=67.5 ATR=0.00176 trend=strong uptrend
[2026-06-17 03:16:58] [DEBUG] [market_client] Candles EURUSD 4H: 50 bars
[2026-06-17 03:16:58] [DEBUG] [market_client] Indicators EURUSD: RSI=67.5 ATR=0.00176 trend=strong uptrend
[2026-06-17 03:16:58] [DEBUG] [market_client] Candles EURUSD 4H: 50 bars
[2026-06-17 03:16:58] [DEBUG] [market_client] Indicators EURUSD: RSI=67.5 ATR=0.00176 trend=strong uptrend
[2026-06-17 03:16:58] [INFO] [mtf] MTF EURUSD: H4=bullish H1=bullish M15=bullish aligned=True (strong)
[2026-06-17 03:16:58] [DEBUG] [market_client] Candles EURUSD 4H: 50 bars
[2026-06-17 03:16:58] [DEBUG] [market_client] Indicators EURUSD: RSI=67.5 ATR=0.00176 trend=strong uptrend
[2026-06-17 03:16:58] [DEBUG] [market_client] Candles EURUSD 4H: 50 bars
[2026-06-17 03:16:58] [DEBUG] [market_client] Indicators EURUSD: RSI=67.5 ATR=0.00176 trend=strong uptrend
[2026-06-17 03:16:58] [DEBUG] [market_client] Candles EURUSD 4H: 50 bars
[2026-06-17 03:16:58] [DEBUG] [market_client] Indicators EURUSD: RSI=67.5 ATR=0.00176 trend=strong uptrend
[2026-06-17 03:16:58] [DEBUG] [market_client] Candles EURUSD 4H: 50 bars
[2026-06-17 03:16:58] [DEBUG] [market_client] Indicators EURUSD: RSI=67.5 ATR=0.00176 trend=strong uptrend
[2026-06-17 03:16:58] [DEBUG] [market_client] Candles EURUSD 4H: 50 bars
[2026-06-17 03:16:58] [DEBUG] [market_client] Indicators EURUSD: RSI=67.5 ATR=0.00176 trend=strong uptrend
[2026-06-17 03:16:58] [INFO] [voting_engine] EURUSD: MTF strongly aligned, boosting score 10%
[2026-06-17 03:16:58] [INFO] [main] --- XAUUSD ---
[2026-06-17 03:17:01] [INFO] [deepseek] AI analysis XAUUSD: bias=neutral score=25.0 conf=0.30
[2026-06-17 03:17:01] [DEBUG] [signal_engine] Signal: NEUTRAL score=25.0 conf=0.30 strength=ضعيف valid=False
[2026-06-17 03:17:01] [INFO] [sentiment] Sentiment XAUUSD: bullish score=100 bull=1 bear=0
[2026-06-17 03:17:01] [DEBUG] [market_client] Candles XAUUSD 4H: 50 bars
[2026-06-17 03:17:01] [DEBUG] [market_client] Indicators XAUUSD: RSI=76.4 ATR=32.22848 trend=strong uptrend
[2026-06-17 03:17:01] [DEBUG] [market_client] Candles XAUUSD 4H: 50 bars
[2026-06-17 03:17:01] [DEBUG] [market_client] Indicators XAUUSD: RSI=76.4 ATR=32.22848 trend=strong uptrend
[2026-06-17 03:17:01] [DEBUG] [market_client] Candles XAUUSD 4H: 50 bars
[2026-06-17 03:17:01] [DEBUG] [market_client] Indicators XAUUSD: RSI=76.4 ATR=32.22848 trend=strong uptrend
[2026-06-17 03:17:01] [INFO] [mtf] MTF XAUUSD: H4=bullish H1=bearish M15=bearish aligned=True (weak)
[2026-06-17 03:17:01] [DEBUG] [market_client] Candles XAUUSD 4H: 50 bars
[2026-06-17 03:17:01] [DEBUG] [market_client] Indicators XAUUSD: RSI=76.4 ATR=32.22848 trend=strong uptrend
[2026-06-17 03:17:01] [DEBUG] [market_client] Candles XAUUSD 4H: 50 bars
[2026-06-17 03:17:01] [DEBUG] [market_client] Indicators XAUUSD: RSI=76.4 ATR=32.22848 trend=strong uptrend
[2026-06-17 03:17:01] [DEBUG] [market_client] Candles XAUUSD 4H: 50 bars
[2026-06-17 03:17:01] [DEBUG] [market_client] Indicators XAUUSD: RSI=76.4 ATR=32.22848 trend=strong uptrend
[2026-06-17 03:17:01] [DEBUG] [market_client] Candles XAUUSD 4H: 50 bars
[2026-06-17 03:17:01] [DEBUG] [market_client] Indicators XAUUSD: RSI=76.4 ATR=32.22848 trend=strong uptrend
[2026-06-17 03:17:01] [DEBUG] [market_client] Candles XAUUSD 4H: 50 bars
[2026-06-17 03:17:01] [DEBUG] [market_client] Indicators XAUUSD: RSI=76.4 ATR=32.22848 trend=strong uptrend
[2026-06-17 03:17:01] [INFO] [main] --- GBPUSD ---
[2026-06-17 03:17:04] [INFO] [deepseek] AI analysis GBPUSD: bias=neutral score=25.0 conf=0.40
[2026-06-17 03:17:04] [DEBUG] [signal_engine] Signal: NEUTRAL score=25.0 conf=0.40 strength=ضعيف valid=False
[2026-06-17 03:17:04] [INFO] [sentiment] Sentiment GBPUSD: bullish score=100 bull=1 bear=0
[2026-06-17 03:17:05] [DEBUG] [market_client] Candles GBPUSD 4H: 50 bars
[2026-06-17 03:17:05] [DEBUG] [market_client] Indicators GBPUSD: RSI=54.5 ATR=0.00223 trend=strong uptrend
[2026-06-17 03:17:05] [DEBUG] [market_client] Candles GBPUSD 4H: 50 bars
[2026-06-17 03:17:05] [DEBUG] [market_client] Indicators GBPUSD: RSI=54.5 ATR=0.00223 trend=strong uptrend
[2026-06-17 03:17:05] [DEBUG] [market_client] Candles GBPUSD 4H: 50 bars
[2026-06-17 03:17:05] [DEBUG] [market_client] Indicators GBPUSD: RSI=54.5 ATR=0.00223 trend=strong uptrend
[2026-06-17 03:17:05] [INFO] [mtf] MTF GBPUSD: H4=bullish H1=neutral M15=neutral aligned=False (weak)
[2026-06-17 03:17:05] [DEBUG] [market_client] Candles GBPUSD 4H: 50 bars
[2026-06-17 03:17:05] [DEBUG] [market_client] Indicators GBPUSD: RSI=54.5 ATR=0.00223 trend=strong uptrend
[2026-06-17 03:17:05] [DEBUG] [market_client] Candles GBPUSD 4H: 50 bars
[2026-06-17 03:17:05] [DEBUG] [market_client] Indicators GBPUSD: RSI=54.5 ATR=0.00223 trend=strong uptrend
[2026-06-17 03:17:05] [DEBUG] [market_client] Candles GBPUSD 4H: 50 bars
[2026-06-17 03:17:05] [DEBUG] [market_client] Indicators GBPUSD: RSI=54.5 ATR=0.00223 trend=strong uptrend
[2026-06-17 03:17:05] [DEBUG] [market_client] Candles GBPUSD 4H: 50 bars
[2026-06-17 03:17:05] [DEBUG] [market_client] Indicators GBPUSD: RSI=54.5 ATR=0.00223 trend=strong uptrend
[2026-06-17 03:17:05] [DEBUG] [market_client] Candles GBPUSD 4H: 50 bars
[2026-06-17 03:17:05] [DEBUG] [market_client] Indicators GBPUSD: RSI=54.5 ATR=0.00223 trend=strong uptrend
[2026-06-17 03:17:05] [INFO] [voting_engine] GBPUSD: MTF weakly misaligned, reducing score 20%
[2026-06-17 03:17:05] [INFO] [main] Sleeping 1800s...
[2026-06-17 03:17:07] [INFO] [reconciliation] Reconciliation: {'db_count': 1, 'qd_count': 0, 'fixes': 1, 'mismatches': ['DB orphan closed: trade 1']}
[2026-06-17 03:17:26] [WARNING] [mt5_watchdog] MT5 disconnected! Attempt 1/3
[2026-06-17 03:17:28] [INFO] [qd_client] Logged in to QuantDinger
[2026-06-17 03:17:28] [INFO] [mt5_watchdog] MT5 already connected
[2026-06-17 03:17:28] [INFO] [mt5_watchdog] MT5 reconnected successfully!
[2026-06-17 03:17:36] [INFO] [reconciliation] Reconciliation: {'db_count': 1, 'qd_count': 0, 'fixes': 1, 'mismatches': ['DB orphan closed: trade 1']}
[2026-06-17 03:17:43] [WARNING] [mt5_watchdog] MT5 disconnected! Attempt 1/3
[2026-06-17 03:17:44] [INFO] [qd_client] Logged in to QuantDinger
[2026-06-17 03:17:44] [INFO] [qd_client] Logged in to QuantDinger
[2026-06-17 03:17:44] [INFO] [mt5_watchdog] MT5 already connected
[2026-06-17 03:17:44] [INFO] [mt5_watchdog] MT5 reconnected successfully!
[2026-06-17 03:17:56] [INFO] [qd_client] Logged in to QuantDinger
[2026-06-17 03:17:58] [INFO] [reconciliation] Reconciliation: {'db_count': 1, 'qd_count': 0, 'fixes': 1, 'mismatches': ['DB orphan closed: trade 1']}
[2026-06-17 03:18:08] [INFO] [qd_client] Logged in to QuantDinger
[2026-06-17 03:18:09] [INFO] [reconciliation] Reconciliation: {'db_count': 1, 'qd_count': 0, 'fixes': 1, 'mismatches': ['DB orphan closed: trade 1']}
[2026-06-17 03:20:53] [INFO] [main] Trading Bot V3 starting...
[2026-06-17 03:20:53] [INFO] [database] V3 Database initialized with all tables
[2026-06-17 03:20:53] [ERROR] [qd_client] Login attempt 1 failed: Expecting value: line 1 column 1 (char 0)
[2026-06-17 03:20:58] [ERROR] [qd_client] Login attempt 2 failed: Expecting value: line 1 column 1 (char 0)
[2026-06-17 03:21:03] [INFO] [qd_client] Logged in to QuantDinger
[2026-06-17 03:21:03] [INFO] [qd_client] MT5 connected
[2026-06-17 03:21:03] [INFO] [main] MT5 connected
[2026-06-17 03:21:03] [INFO] [telegram_bot] Telegram polling started
[2026-06-17 03:21:03] [INFO] [telegram_bot] Telegram bot V3 started
[2026-06-17 03:21:03] [INFO] [mt5_watchdog] MT5 watchdog started (V1 reconnect logic)
[2026-06-17 03:21:03] [INFO] [reconciliation] Reconciliation loop started (every 60s)
[2026-06-17 03:21:03] [INFO] [reconciliation] Reconciliation thread started
[2026-06-17 03:21:04] [INFO] [main] ==================================================
[2026-06-17 03:21:04] [INFO] [main] Cycle 1 at 03:21:04
[2026-06-17 03:21:12] [INFO] [news_fetcher] Fetched 2 relevant news items
[2026-06-17 03:21:12] [INFO] [main] Equity: 73516.00$ | News: 2
[2026-06-17 03:21:12] [INFO] [main] --- EURUSD ---
[2026-06-17 03:21:15] [INFO] [deepseek] AI analysis EURUSD: bias=neutral score=30.0 conf=0.40
[2026-06-17 03:21:15] [DEBUG] [signal_engine] Signal: NEUTRAL score=30.0 conf=0.40 strength=ضعيف valid=False
[2026-06-17 03:21:15] [INFO] [sentiment] Sentiment EURUSD: bullish score=100 bull=1 bear=0
[2026-06-17 03:21:16] [DEBUG] [market_client] Candles EURUSD 4H: 50 bars
[2026-06-17 03:21:16] [DEBUG] [market_client] Indicators EURUSD: RSI=67.9 ATR=0.00176 trend=strong uptrend
[2026-06-17 03:21:16] [DEBUG] [market_client] Candles EURUSD 4H: 50 bars
[2026-06-17 03:21:16] [DEBUG] [market_client] Indicators EURUSD: RSI=67.9 ATR=0.00176 trend=strong uptrend
[2026-06-17 03:21:16] [DEBUG] [market_client] Candles EURUSD 4H: 50 bars
[2026-06-17 03:21:16] [DEBUG] [market_client] Indicators EURUSD: RSI=67.9 ATR=0.00176 trend=strong uptrend
[2026-06-17 03:21:16] [INFO] [mtf] MTF EURUSD: H4=bullish H1=bullish M15=bullish aligned=True (strong)
[2026-06-17 03:21:16] [DEBUG] [market_client] Candles EURUSD 4H: 50 bars
[2026-06-17 03:21:16] [DEBUG] [market_client] Indicators EURUSD: RSI=67.9 ATR=0.00176 trend=strong uptrend
[2026-06-17 03:21:16] [DEBUG] [market_client] Candles EURUSD 4H: 50 bars
[2026-06-17 03:21:16] [DEBUG] [market_client] Indicators EURUSD: RSI=67.9 ATR=0.00176 trend=strong uptrend
[2026-06-17 03:21:16] [DEBUG] [market_client] Candles EURUSD 4H: 50 bars
[2026-06-17 03:21:16] [DEBUG] [market_client] Indicators EURUSD: RSI=67.9 ATR=0.00176 trend=strong uptrend
[2026-06-17 03:21:16] [DEBUG] [market_client] Candles EURUSD 4H: 50 bars
[2026-06-17 03:21:16] [DEBUG] [market_client] Indicators EURUSD: RSI=67.9 ATR=0.00176 trend=strong uptrend
[2026-06-17 03:21:16] [DEBUG] [market_client] Candles EURUSD 4H: 50 bars
[2026-06-17 03:21:16] [DEBUG] [market_client] Indicators EURUSD: RSI=67.9 ATR=0.00176 trend=strong uptrend
[2026-06-17 03:21:16] [INFO] [voting_engine] EURUSD: MTF strongly aligned, boosting score 10%
[2026-06-17 03:21:16] [INFO] [main] --- XAUUSD ---
[2026-06-17 03:21:19] [INFO] [deepseek] AI analysis XAUUSD: bias=neutral score=25.0 conf=0.30
[2026-06-17 03:21:19] [DEBUG] [signal_engine] Signal: NEUTRAL score=25.0 conf=0.30 strength=ضعيف valid=False
[2026-06-17 03:21:19] [INFO] [sentiment] Sentiment XAUUSD: bullish score=100 bull=1 bear=0
[2026-06-17 03:21:19] [DEBUG] [market_client] Candles XAUUSD 4H: 50 bars
[2026-06-17 03:21:19] [DEBUG] [market_client] Indicators XAUUSD: RSI=76.7 ATR=32.42847 trend=strong uptrend
[2026-06-17 03:21:19] [DEBUG] [market_client] Candles XAUUSD 4H: 50 bars
[2026-06-17 03:21:19] [DEBUG] [market_client] Indicators XAUUSD: RSI=76.7 ATR=32.42847 trend=strong uptrend
[2026-06-17 03:21:20] [DEBUG] [market_client] Candles XAUUSD 4H: 50 bars
[2026-06-17 03:21:20] [DEBUG] [market_client] Indicators XAUUSD: RSI=76.7 ATR=32.42847 trend=strong uptrend
[2026-06-17 03:21:20] [INFO] [mtf] MTF XAUUSD: H4=bullish H1=bearish M15=bearish aligned=True (weak)
[2026-06-17 03:21:20] [DEBUG] [market_client] Candles XAUUSD 4H: 50 bars
[2026-06-17 03:21:20] [DEBUG] [market_client] Indicators XAUUSD: RSI=76.7 ATR=32.42847 trend=strong uptrend
[2026-06-17 03:21:20] [DEBUG] [market_client] Candles XAUUSD 4H: 50 bars
[2026-06-17 03:21:20] [DEBUG] [market_client] Indicators XAUUSD: RSI=76.7 ATR=32.42847 trend=strong uptrend
[2026-06-17 03:21:20] [DEBUG] [market_client] Candles XAUUSD 4H: 50 bars
[2026-06-17 03:21:20] [DEBUG] [market_client] Indicators XAUUSD: RSI=76.7 ATR=32.42847 trend=strong uptrend
[2026-06-17 03:21:20] [DEBUG] [market_client] Candles XAUUSD 4H: 50 bars
[2026-06-17 03:21:20] [DEBUG] [market_client] Indicators XAUUSD: RSI=76.7 ATR=32.42847 trend=strong uptrend
[2026-06-17 03:21:20] [DEBUG] [market_client] Candles XAUUSD 4H: 50 bars
[2026-06-17 03:21:20] [DEBUG] [market_client] Indicators XAUUSD: RSI=76.7 ATR=32.42847 trend=strong uptrend
[2026-06-17 03:21:20] [INFO] [main] --- GBPUSD ---
[2026-06-17 03:21:23] [INFO] [deepseek] AI analysis GBPUSD: bias=neutral score=25.0 conf=0.40
[2026-06-17 03:21:23] [DEBUG] [signal_engine] Signal: NEUTRAL score=25.0 conf=0.40 strength=ضعيف valid=False
[2026-06-17 03:21:23] [INFO] [sentiment] Sentiment GBPUSD: bullish score=100 bull=1 bear=0
[2026-06-17 03:21:23] [DEBUG] [market_client] Candles GBPUSD 4H: 50 bars
[2026-06-17 03:21:23] [DEBUG] [market_client] Indicators GBPUSD: RSI=54.6 ATR=0.00223 trend=strong uptrend
[2026-06-17 03:21:23] [DEBUG] [market_client] Candles GBPUSD 4H: 50 bars
[2026-06-17 03:21:23] [DEBUG] [market_client] Indicators GBPUSD: RSI=54.6 ATR=0.00223 trend=strong uptrend
[2026-06-17 03:21:23] [DEBUG] [market_client] Candles GBPUSD 4H: 50 bars
[2026-06-17 03:21:23] [DEBUG] [market_client] Indicators GBPUSD: RSI=54.6 ATR=0.00223 trend=strong uptrend
[2026-06-17 03:21:23] [INFO] [mtf] MTF GBPUSD: H4=bullish H1=neutral M15=neutral aligned=False (weak)
[2026-06-17 03:21:23] [DEBUG] [market_client] Candles GBPUSD 4H: 50 bars
[2026-06-17 03:21:23] [DEBUG] [market_client] Indicators GBPUSD: RSI=54.6 ATR=0.00223 trend=strong uptrend
[2026-06-17 03:21:23] [DEBUG] [market_client] Candles GBPUSD 4H: 50 bars
[2026-06-17 03:21:23] [DEBUG] [market_client] Indicators GBPUSD: RSI=54.6 ATR=0.00223 trend=strong uptrend
[2026-06-17 03:21:23] [DEBUG] [market_client] Candles GBPUSD 4H: 50 bars
[2026-06-17 03:21:23] [DEBUG] [market_client] Indicators GBPUSD: RSI=54.6 ATR=0.00223 trend=strong uptrend
[2026-06-17 03:21:23] [DEBUG] [market_client] Candles GBPUSD 4H: 50 bars
[2026-06-17 03:21:23] [DEBUG] [market_client] Indicators GBPUSD: RSI=54.6 ATR=0.00223 trend=strong uptrend
[2026-06-17 03:21:23] [DEBUG] [market_client] Candles GBPUSD 4H: 50 bars
[2026-06-17 03:21:23] [DEBUG] [market_client] Indicators GBPUSD: RSI=54.6 ATR=0.00223 trend=strong uptrend
[2026-06-17 03:21:23] [INFO] [voting_engine] GBPUSD: MTF weakly misaligned, reducing score 20%
[2026-06-17 03:21:23] [INFO] [main] Sleeping 1800s...
[2026-06-17 03:22:56] [INFO] [news_fetcher] Fetched 3 relevant news items
[2026-06-17 03:22:59] [INFO] [deepseek] AI analysis EURUSD: bias=neutral score=30.0 conf=0.40
[2026-06-17 03:22:59] [DEBUG] [market_client] Candles EURUSD 4H: 50 bars
[2026-06-17 03:22:59] [DEBUG] [market_client] Indicators EURUSD: RSI=67.9 ATR=0.00176 trend=strong uptrend
[2026-06-17 03:22:59] [DEBUG] [market_client] Candles EURUSD 4H: 50 bars
[2026-06-17 03:22:59] [DEBUG] [market_client] Indicators EURUSD: RSI=67.9 ATR=0.00176 trend=strong uptrend
[2026-06-17 03:22:59] [DEBUG] [market_client] Candles EURUSD 4H: 50 bars
[2026-06-17 03:22:59] [DEBUG] [market_client] Indicators EURUSD: RSI=67.9 ATR=0.00176 trend=strong uptrend
[2026-06-17 03:23:02] [INFO] [deepseek] AI analysis XAUUSD: bias=neutral score=30.0 conf=0.40
[2026-06-17 03:23:02] [DEBUG] [market_client] Candles XAUUSD 4H: 50 bars
[2026-06-17 03:23:02] [DEBUG] [market_client] Indicators XAUUSD: RSI=76.7 ATR=32.42847 trend=strong uptrend
[2026-06-17 03:23:02] [DEBUG] [market_client] Candles XAUUSD 4H: 50 bars
[2026-06-17 03:23:02] [DEBUG] [market_client] Indicators XAUUSD: RSI=76.7 ATR=32.42847 trend=strong uptrend
[2026-06-17 03:23:02] [DEBUG] [market_client] Candles XAUUSD 4H: 50 bars
[2026-06-17 03:23:02] [DEBUG] [market_client] Indicators XAUUSD: RSI=76.7 ATR=32.42847 trend=strong uptrend
[2026-06-17 03:23:05] [INFO] [deepseek] AI analysis GBPUSD: bias=neutral score=25.0 conf=0.30
[2026-06-17 03:23:05] [DEBUG] [market_client] Candles GBPUSD 4H: 50 bars
[2026-06-17 03:23:05] [DEBUG] [market_client] Indicators GBPUSD: RSI=54.6 ATR=0.00223 trend=strong uptrend
[2026-06-17 03:23:05] [DEBUG] [market_client] Candles GBPUSD 4H: 50 bars
[2026-06-17 03:23:05] [DEBUG] [market_client] Indicators GBPUSD: RSI=54.6 ATR=0.00223 trend=strong uptrend
[2026-06-17 03:23:05] [DEBUG] [market_client] Candles GBPUSD 4H: 50 bars
[2026-06-17 03:23:05] [DEBUG] [market_client] Indicators GBPUSD: RSI=54.6 ATR=0.00223 trend=strong uptrend
[2026-06-17 03:51:23] [INFO] [main] ==================================================
[2026-06-17 03:51:23] [INFO] [main] Cycle 2 at 03:51:23
[2026-06-17 03:51:34] [INFO] [news_fetcher] Fetched 5 relevant news items
[2026-06-17 03:51:34] [INFO] [main] Equity: 73516.00$ | News: 5
[2026-06-17 03:51:34] [INFO] [main] --- EURUSD ---
[2026-06-17 03:51:37] [INFO] [deepseek] AI analysis EURUSD: bias=neutral score=35.0 conf=0.40
[2026-06-17 03:51:37] [DEBUG] [signal_engine] Signal: NEUTRAL score=35.0 conf=0.40 strength=ضعيف valid=False
[2026-06-17 03:51:37] [DEBUG] [market_client] Candles EURUSD 4H: 50 bars
[2026-06-17 03:51:37] [DEBUG] [market_client] Indicators EURUSD: RSI=67.1 ATR=0.00177 trend=strong uptrend
[2026-06-17 03:51:37] [DEBUG] [market_client] Candles EURUSD 4H: 50 bars
[2026-06-17 03:51:37] [DEBUG] [market_client] Indicators EURUSD: RSI=67.1 ATR=0.00177 trend=strong uptrend
[2026-06-17 03:51:37] [DEBUG] [market_client] Candles EURUSD 4H: 50 bars
[2026-06-17 03:51:37] [DEBUG] [market_client] Indicators EURUSD: RSI=67.1 ATR=0.00177 trend=strong uptrend
[2026-06-17 03:51:37] [INFO] [mtf] MTF EURUSD: H4=bullish H1=bullish M15=bullish aligned=True (strong)
[2026-06-17 03:51:37] [DEBUG] [market_client] Candles EURUSD 4H: 50 bars
[2026-06-17 03:51:37] [DEBUG] [market_client] Indicators EURUSD: RSI=67.1 ATR=0.00177 trend=strong uptrend
[2026-06-17 03:51:37] [DEBUG] [market_client] Candles EURUSD 4H: 50 bars
[2026-06-17 03:51:37] [DEBUG] [market_client] Indicators EURUSD: RSI=67.1 ATR=0.00177 trend=strong uptrend
[2026-06-17 03:51:37] [DEBUG] [market_client] Candles EURUSD 4H: 50 bars
[2026-06-17 03:51:37] [DEBUG] [market_client] Indicators EURUSD: RSI=67.1 ATR=0.00177 trend=strong uptrend
[2026-06-17 03:51:37] [DEBUG] [market_client] Candles EURUSD 4H: 50 bars
[2026-06-17 03:51:37] [DEBUG] [market_client] Indicators EURUSD: RSI=67.1 ATR=0.00177 trend=strong uptrend
[2026-06-17 03:51:37] [DEBUG] [market_client] Candles EURUSD 4H: 50 bars
[2026-06-17 03:51:37] [DEBUG] [market_client] Indicators EURUSD: RSI=67.1 ATR=0.00177 trend=strong uptrend
[2026-06-17 03:51:37] [INFO] [voting_engine] EURUSD: MTF strongly aligned, boosting score 10%
[2026-06-17 03:51:37] [INFO] [main] --- XAUUSD ---
[2026-06-17 03:51:40] [INFO] [deepseek] AI analysis XAUUSD: bias=neutral score=35.0 conf=0.40
[2026-06-17 03:51:40] [DEBUG] [signal_engine] Signal: NEUTRAL score=35.0 conf=0.40 strength=ضعيف valid=False
[2026-06-17 03:51:40] [INFO] [sentiment] Sentiment XAUUSD: bullish score=83 bull=2 bear=1
[2026-06-17 03:51:41] [DEBUG] [market_client] Candles XAUUSD 4H: 50 bars
[2026-06-17 03:51:41] [DEBUG] [market_client] Indicators XAUUSD: RSI=76.3 ATR=32.57847 trend=strong uptrend
[2026-06-17 03:51:41] [DEBUG] [market_client] Candles XAUUSD 4H: 50 bars
[2026-06-17 03:51:41] [DEBUG] [market_client] Indicators XAUUSD: RSI=76.3 ATR=32.57847 trend=strong uptrend
[2026-06-17 03:51:41] [DEBUG] [market_client] Candles XAUUSD 4H: 50 bars
[2026-06-17 03:51:41] [DEBUG] [market_client] Indicators XAUUSD: RSI=76.3 ATR=32.57847 trend=strong uptrend
[2026-06-17 03:51:41] [INFO] [mtf] MTF XAUUSD: H4=bullish H1=bearish M15=bearish aligned=True (weak)
[2026-06-17 03:51:41] [DEBUG] [market_client] Candles XAUUSD 4H: 50 bars
[2026-06-17 03:51:41] [DEBUG] [market_client] Indicators XAUUSD: RSI=76.3 ATR=32.57847 trend=strong uptrend
[2026-06-17 03:51:41] [DEBUG] [market_client] Candles XAUUSD 4H: 50 bars
[2026-06-17 03:51:41] [DEBUG] [market_client] Indicators XAUUSD: RSI=76.3 ATR=32.57847 trend=strong uptrend
[2026-06-17 03:51:41] [DEBUG] [market_client] Candles XAUUSD 4H: 50 bars
[2026-06-17 03:51:41] [DEBUG] [market_client] Indicators XAUUSD: RSI=76.3 ATR=32.57847 trend=strong uptrend
[2026-06-17 03:51:41] [DEBUG] [market_client] Candles XAUUSD 4H: 50 bars
[2026-06-17 03:51:41] [DEBUG] [market_client] Indicators XAUUSD: RSI=76.3 ATR=32.57847 trend=strong uptrend
[2026-06-17 03:51:41] [DEBUG] [market_client] Candles XAUUSD 4H: 50 bars
[2026-06-17 03:51:41] [DEBUG] [market_client] Indicators XAUUSD: RSI=76.3 ATR=32.57847 trend=strong uptrend
[2026-06-17 03:51:41] [INFO] [main] --- GBPUSD ---
[2026-06-17 03:51:44] [INFO] [deepseek] AI analysis GBPUSD: bias=neutral score=35.0 conf=0.40
[2026-06-17 03:51:44] [DEBUG] [signal_engine] Signal: NEUTRAL score=35.0 conf=0.40 strength=ضعيف valid=False
[2026-06-17 03:51:44] [INFO] [sentiment] Sentiment GBPUSD: bullish score=83 bull=2 bear=1
[2026-06-17 03:51:44] [DEBUG] [market_client] Candles GBPUSD 4H: 50 bars
[2026-06-17 03:51:44] [DEBUG] [market_client] Indicators GBPUSD: RSI=53.7 ATR=0.00223 trend=strong uptrend
[2026-06-17 03:51:44] [DEBUG] [market_client] Candles GBPUSD 4H: 50 bars
[2026-06-17 03:51:44] [DEBUG] [market_client] Indicators GBPUSD: RSI=53.7 ATR=0.00223 trend=strong uptrend
[2026-06-17 03:51:44] [DEBUG] [market_client] Candles GBPUSD 4H: 50 bars
[2026-06-17 03:51:44] [DEBUG] [market_client] Indicators GBPUSD: RSI=53.7 ATR=0.00223 trend=strong uptrend
[2026-06-17 03:51:44] [INFO] [mtf] MTF GBPUSD: H4=bullish H1=neutral M15=neutral aligned=False (weak)
[2026-06-17 03:51:44] [DEBUG] [market_client] Candles GBPUSD 4H: 50 bars
[2026-06-17 03:51:44] [DEBUG] [market_client] Indicators GBPUSD: RSI=53.7 ATR=0.00223 trend=strong uptrend
[2026-06-17 03:51:44] [DEBUG] [market_client] Candles GBPUSD 4H: 50 bars
[2026-06-17 03:51:44] [DEBUG] [market_client] Indicators GBPUSD: RSI=53.7 ATR=0.00223 trend=strong uptrend
[2026-06-17 03:51:44] [DEBUG] [market_client] Candles GBPUSD 4H: 50 bars
[2026-06-17 03:51:44] [DEBUG] [market_client] Indicators GBPUSD: RSI=53.7 ATR=0.00223 trend=strong uptrend
[2026-06-17 03:51:44] [DEBUG] [market_client] Candles GBPUSD 4H: 50 bars
[2026-06-17 03:51:44] [DEBUG] [market_client] Indicators GBPUSD: RSI=53.7 ATR=0.00223 trend=strong uptrend
[2026-06-17 03:51:44] [DEBUG] [market_client] Candles GBPUSD 4H: 50 bars
[2026-06-17 03:51:44] [DEBUG] [market_client] Indicators GBPUSD: RSI=53.7 ATR=0.00223 trend=strong uptrend
[2026-06-17 03:51:44] [INFO] [voting_engine] GBPUSD: MTF weakly misaligned, reducing score 20%
[2026-06-17 03:51:44] [INFO] [main] Sleeping 1800s...
[2026-06-17 04:21:06] [INFO] [qd_client] Logged in to QuantDinger
[2026-06-17 04:21:06] [INFO] [qd_client] Logged in to QuantDinger
[2026-06-17 04:21:44] [INFO] [main] ==================================================
[2026-06-17 04:21:44] [INFO] [main] Cycle 3 at 04:21:44
[2026-06-17 04:21:54] [INFO] [news_fetcher] Fetched 5 relevant news items
[2026-06-17 04:21:54] [INFO] [main] Equity: 73516.00$ | News: 5
[2026-06-17 04:21:54] [INFO] [main] --- EURUSD ---
[2026-06-17 04:21:58] [INFO] [deepseek] AI analysis EURUSD: bias=neutral score=30.0 conf=0.40
[2026-06-17 04:21:58] [DEBUG] [signal_engine] Signal: NEUTRAL score=30.0 conf=0.40 strength=ضعيف valid=False
[2026-06-17 04:21:58] [INFO] [sentiment] Sentiment EURUSD: bullish score=100 bull=1 bear=0
[2026-06-17 04:21:58] [DEBUG] [market_client] Candles EURUSD 4H: 50 bars
[2026-06-17 04:21:58] [DEBUG] [market_client] Indicators EURUSD: RSI=67.5 ATR=0.00177 trend=strong uptrend
[2026-06-17 04:21:58] [DEBUG] [market_client] Candles EURUSD 4H: 50 bars
[2026-06-17 04:21:58] [DEBUG] [market_client] Indicators EURUSD: RSI=67.5 ATR=0.00177 trend=strong uptrend
[2026-06-17 04:21:58] [DEBUG] [market_client] Candles EURUSD 4H: 50 bars
[2026-06-17 04:21:58] [DEBUG] [market_client] Indicators EURUSD: RSI=67.5 ATR=0.00177 trend=strong uptrend
[2026-06-17 04:21:58] [INFO] [mtf] MTF EURUSD: H4=bullish H1=bullish M15=bullish aligned=True (strong)
[2026-06-17 04:21:58] [DEBUG] [market_client] Candles EURUSD 4H: 50 bars
[2026-06-17 04:21:58] [DEBUG] [market_client] Indicators EURUSD: RSI=67.5 ATR=0.00177 trend=strong uptrend
[2026-06-17 04:21:58] [DEBUG] [market_client] Candles EURUSD 4H: 50 bars
[2026-06-17 04:21:58] [DEBUG] [market_client] Indicators EURUSD: RSI=67.5 ATR=0.00177 trend=strong uptrend
[2026-06-17 04:21:58] [DEBUG] [market_client] Candles EURUSD 4H: 50 bars
[2026-06-17 04:21:58] [DEBUG] [market_client] Indicators EURUSD: RSI=67.5 ATR=0.00177 trend=strong uptrend
[2026-06-17 04:21:58] [DEBUG] [market_client] Candles EURUSD 4H: 50 bars
[2026-06-17 04:21:58] [DEBUG] [market_client] Indicators EURUSD: RSI=67.5 ATR=0.00177 trend=strong uptrend
[2026-06-17 04:21:58] [DEBUG] [market_client] Candles EURUSD 4H: 50 bars
[2026-06-17 04:21:58] [DEBUG] [market_client] Indicators EURUSD: RSI=67.5 ATR=0.00177 trend=strong uptrend
[2026-06-17 04:21:58] [INFO] [voting_engine] EURUSD: MTF strongly aligned, boosting score 10%
[2026-06-17 04:21:58] [INFO] [main] --- XAUUSD ---
[2026-06-17 04:22:02] [INFO] [deepseek] AI analysis XAUUSD: bias=neutral score=30.0 conf=0.40
[2026-06-17 04:22:02] [DEBUG] [signal_engine] Signal: NEUTRAL score=30.0 conf=0.40 strength=ضعيف valid=False
[2026-06-17 04:22:02] [INFO] [sentiment] Sentiment XAUUSD: bullish score=100 bull=2 bear=0
[2026-06-17 04:22:02] [DEBUG] [market_client] Candles XAUUSD 4H: 50 bars
[2026-06-17 04:22:02] [DEBUG] [market_client] Indicators XAUUSD: RSI=77.7 ATR=33.14275 trend=strong uptrend
[2026-06-17 04:22:02] [DEBUG] [market_client] Candles XAUUSD 4H: 50 bars
[2026-06-17 04:22:02] [DEBUG] [market_client] Indicators XAUUSD: RSI=77.7 ATR=33.14275 trend=strong uptrend
[2026-06-17 04:22:02] [DEBUG] [market_client] Candles XAUUSD 4H: 50 bars
[2026-06-17 04:22:02] [DEBUG] [market_client] Indicators XAUUSD: RSI=77.7 ATR=33.14275 trend=strong uptrend
[2026-06-17 04:22:02] [INFO] [mtf] MTF XAUUSD: H4=bullish H1=bearish M15=bearish aligned=True (weak)
[2026-06-17 04:22:02] [DEBUG] [market_client] Candles XAUUSD 4H: 50 bars
[2026-06-17 04:22:02] [DEBUG] [market_client] Indicators XAUUSD: RSI=77.7 ATR=33.14275 trend=strong uptrend
[2026-06-17 04:22:02] [DEBUG] [market_client] Candles XAUUSD 4H: 50 bars
[2026-06-17 04:22:02] [DEBUG] [market_client] Indicators XAUUSD: RSI=77.7 ATR=33.14275 trend=strong uptrend
[2026-06-17 04:22:02] [DEBUG] [market_client] Candles XAUUSD 4H: 50 bars
[2026-06-17 04:22:02] [DEBUG] [market_client] Indicators XAUUSD: RSI=77.7 ATR=33.14275 trend=strong uptrend
[2026-06-17 04:22:02] [DEBUG] [market_client] Candles XAUUSD 4H: 50 bars
[2026-06-17 04:22:02] [DEBUG] [market_client] Indicators XAUUSD: RSI=77.7 ATR=33.14275 trend=strong uptrend
[2026-06-17 04:22:02] [DEBUG] [market_client] Candles XAUUSD 4H: 50 bars
[2026-06-17 04:22:02] [DEBUG] [market_client] Indicators XAUUSD: RSI=77.7 ATR=33.14275 trend=strong uptrend
[2026-06-17 04:22:02] [INFO] [main] --- GBPUSD ---
[2026-06-17 04:22:06] [INFO] [deepseek] AI analysis GBPUSD: bias=neutral score=25.0 conf=0.40
[2026-06-17 04:22:06] [DEBUG] [signal_engine] Signal: NEUTRAL score=25.0 conf=0.40 strength=ضعيف valid=False
[2026-06-17 04:22:06] [INFO] [sentiment] Sentiment GBPUSD: bullish score=100 bull=2 bear=0
[2026-06-17 04:22:06] [DEBUG] [market_client] Candles GBPUSD 4H: 50 bars
[2026-06-17 04:22:06] [DEBUG] [market_client] Indicators GBPUSD: RSI=54.7 ATR=0.00224 trend=strong uptrend
[2026-06-17 04:22:06] [DEBUG] [market_client] Candles GBPUSD 4H: 50 bars
[2026-06-17 04:22:06] [DEBUG] [market_client] Indicators GBPUSD: RSI=54.7 ATR=0.00224 trend=strong uptrend
[2026-06-17 04:22:06] [DEBUG] [market_client] Candles GBPUSD 4H: 50 bars
[2026-06-17 04:22:06] [DEBUG] [market_client] Indicators GBPUSD: RSI=54.7 ATR=0.00224 trend=strong uptrend
[2026-06-17 04:22:06] [INFO] [mtf] MTF GBPUSD: H4=bullish H1=neutral M15=neutral aligned=False (weak)
[2026-06-17 04:22:06] [DEBUG] [market_client] Candles GBPUSD 4H: 50 bars
[2026-06-17 04:22:06] [DEBUG] [market_client] Indicators GBPUSD: RSI=54.7 ATR=0.00224 trend=strong uptrend
[2026-06-17 04:22:06] [DEBUG] [market_client] Candles GBPUSD 4H: 50 bars
[2026-06-17 04:22:06] [DEBUG] [market_client] Indicators GBPUSD: RSI=54.7 ATR=0.00224 trend=strong uptrend
[2026-06-17 04:22:06] [DEBUG] [market_client] Candles GBPUSD 4H: 50 bars
[2026-06-17 04:22:06] [DEBUG] [market_client] Indicators GBPUSD: RSI=54.7 ATR=0.00224 trend=strong uptrend
[2026-06-17 04:22:06] [DEBUG] [market_client] Candles GBPUSD 4H: 50 bars
[2026-06-17 04:22:06] [DEBUG] [market_client] Indicators GBPUSD: RSI=54.7 ATR=0.00224 trend=strong uptrend
[2026-06-17 04:22:06] [DEBUG] [market_client] Candles GBPUSD 4H: 50 bars
[2026-06-17 04:22:06] [DEBUG] [market_client] Indicators GBPUSD: RSI=54.7 ATR=0.00224 trend=strong uptrend
[2026-06-17 04:22:06] [INFO] [voting_engine] GBPUSD: MTF weakly misaligned, reducing score 20%
[2026-06-17 04:22:06] [INFO] [main] Sleeping 1800s...
[2026-06-17 04:52:06] [INFO] [main] ==================================================
[2026-06-17 04:52:06] [INFO] [main] Cycle 4 at 04:52:06
[2026-06-17 04:52:16] [INFO] [news_fetcher] Fetched 2 relevant news items
[2026-06-17 04:52:16] [INFO] [main] Equity: 73516.00$ | News: 2
[2026-06-17 04:52:16] [INFO] [main] --- EURUSD ---
[2026-06-17 04:52:19] [INFO] [deepseek] AI analysis EURUSD: bias=neutral score=30.0 conf=0.30
[2026-06-17 04:52:19] [DEBUG] [signal_engine] Signal: NEUTRAL score=30.0 conf=0.30 strength=ضعيف valid=False
[2026-06-17 04:52:19] [INFO] [sentiment] Sentiment EURUSD: bullish score=100 bull=1 bear=0
[2026-06-17 04:52:20] [DEBUG] [market_client] Candles EURUSD 4H: 50 bars
[2026-06-17 04:52:20] [DEBUG] [market_client] Indicators EURUSD: RSI=67.1 ATR=0.00177 trend=strong uptrend
[2026-06-17 04:52:20] [DEBUG] [market_client] Candles EURUSD 4H: 50 bars
[2026-06-17 04:52:20] [DEBUG] [market_client] Indicators EURUSD: RSI=67.1 ATR=0.00177 trend=strong uptrend
[2026-06-17 04:52:20] [DEBUG] [market_client] Candles EURUSD 4H: 50 bars
[2026-06-17 04:52:20] [DEBUG] [market_client] Indicators EURUSD: RSI=67.1 ATR=0.00177 trend=strong uptrend
[2026-06-17 04:52:20] [INFO] [mtf] MTF EURUSD: H4=bullish H1=bullish M15=bullish aligned=True (strong)
[2026-06-17 04:52:20] [DEBUG] [market_client] Candles EURUSD 4H: 50 bars
[2026-06-17 04:52:20] [DEBUG] [market_client] Indicators EURUSD: RSI=67.1 ATR=0.00177 trend=strong uptrend
[2026-06-17 04:52:20] [DEBUG] [market_client] Candles EURUSD 4H: 50 bars
[2026-06-17 04:52:20] [DEBUG] [market_client] Indicators EURUSD: RSI=67.1 ATR=0.00177 trend=strong uptrend
[2026-06-17 04:52:20] [DEBUG] [market_client] Candles EURUSD 4H: 50 bars
[2026-06-17 04:52:20] [DEBUG] [market_client] Indicators EURUSD: RSI=67.1 ATR=0.00177 trend=strong uptrend
[2026-06-17 04:52:20] [DEBUG] [market_client] Candles EURUSD 4H: 50 bars
[2026-06-17 04:52:20] [DEBUG] [market_client] Indicators EURUSD: RSI=67.1 ATR=0.00177 trend=strong uptrend
[2026-06-17 04:52:20] [DEBUG] [market_client] Candles EURUSD 4H: 50 bars
[2026-06-17 04:52:20] [DEBUG] [market_client] Indicators EURUSD: RSI=67.1 ATR=0.00177 trend=strong uptrend
[2026-06-17 04:52:20] [INFO] [voting_engine] EURUSD: MTF strongly aligned, boosting score 10%
[2026-06-17 04:52:20] [INFO] [main] --- XAUUSD ---
[2026-06-17 04:52:23] [INFO] [deepseek] AI analysis XAUUSD: bias=neutral score=25.0 conf=0.30
[2026-06-17 04:52:23] [DEBUG] [signal_engine] Signal: NEUTRAL score=25.0 conf=0.30 strength=ضعيف valid=False
[2026-06-17 04:52:23] [INFO] [sentiment] Sentiment XAUUSD: bullish score=100 bull=1 bear=0
[2026-06-17 04:52:24] [DEBUG] [market_client] Candles XAUUSD 4H: 50 bars
[2026-06-17 04:52:24] [DEBUG] [market_client] Indicators XAUUSD: RSI=76.8 ATR=33.14275 trend=strong uptrend
[2026-06-17 04:52:24] [DEBUG] [market_client] Candles XAUUSD 4H: 50 bars
[2026-06-17 04:52:24] [DEBUG] [market_client] Indicators XAUUSD: RSI=76.8 ATR=33.14275 trend=strong uptrend
[2026-06-17 04:52:24] [DEBUG] [market_client] Candles XAUUSD 4H: 50 bars
[2026-06-17 04:52:24] [DEBUG] [market_client] Indicators XAUUSD: RSI=76.8 ATR=33.14275 trend=strong uptrend
[2026-06-17 04:52:24] [INFO] [mtf] MTF XAUUSD: H4=bullish H1=bearish M15=bearish aligned=True (weak)
[2026-06-17 04:52:24] [DEBUG] [market_client] Candles XAUUSD 4H: 50 bars
[2026-06-17 04:52:24] [DEBUG] [market_client] Indicators XAUUSD: RSI=76.8 ATR=33.14275 trend=strong uptrend
[2026-06-17 04:52:24] [DEBUG] [market_client] Candles XAUUSD 4H: 50 bars
[2026-06-17 04:52:24] [DEBUG] [market_client] Indicators XAUUSD: RSI=76.8 ATR=33.14275 trend=strong uptrend
[2026-06-17 04:52:24] [DEBUG] [market_client] Candles XAUUSD 4H: 50 bars
[2026-06-17 04:52:24] [DEBUG] [market_client] Indicators XAUUSD: RSI=76.8 ATR=33.14275 trend=strong uptrend
[2026-06-17 04:52:24] [DEBUG] [market_client] Candles XAUUSD 4H: 50 bars
[2026-06-17 04:52:24] [DEBUG] [market_client] Indicators XAUUSD: RSI=76.8 ATR=33.14275 trend=strong uptrend
[2026-06-17 04:52:24] [DEBUG] [market_client] Candles XAUUSD 4H: 50 bars
[2026-06-17 04:52:24] [DEBUG] [market_client] Indicators XAUUSD: RSI=76.8 ATR=33.14275 trend=strong uptrend
[2026-06-17 04:52:24] [INFO] [main] --- GBPUSD ---
[2026-06-17 04:52:27] [INFO] [deepseek] AI analysis GBPUSD: bias=neutral score=15.0 conf=0.30
[2026-06-17 04:52:27] [DEBUG] [signal_engine] Signal: NEUTRAL score=15.0 conf=0.30 strength=ضعيف valid=False
[2026-06-17 04:52:27] [INFO] [sentiment] Sentiment GBPUSD: bullish score=100 bull=1 bear=0
[2026-06-17 04:52:28] [DEBUG] [market_client] Candles GBPUSD 4H: 50 bars
[2026-06-17 04:52:28] [DEBUG] [market_client] Indicators GBPUSD: RSI=54.2 ATR=0.00224 trend=strong uptrend
[2026-06-17 04:52:28] [DEBUG] [market_client] Candles GBPUSD 4H: 50 bars
[2026-06-17 04:52:28] [DEBUG] [market_client] Indicators GBPUSD: RSI=54.2 ATR=0.00224 trend=strong uptrend
[2026-06-17 04:52:28] [DEBUG] [market_client] Candles GBPUSD 4H: 50 bars
[2026-06-17 04:52:28] [DEBUG] [market_client] Indicators GBPUSD: RSI=54.2 ATR=0.00224 trend=strong uptrend
[2026-06-17 04:52:28] [INFO] [mtf] MTF GBPUSD: H4=bullish H1=neutral M15=neutral aligned=False (weak)
[2026-06-17 04:52:28] [DEBUG] [market_client] Candles GBPUSD 4H: 50 bars
[2026-06-17 04:52:28] [DEBUG] [market_client] Indicators GBPUSD: RSI=54.2 ATR=0.00224 trend=strong uptrend
[2026-06-17 04:52:28] [DEBUG] [market_client] Candles GBPUSD 4H: 50 bars
[2026-06-17 04:52:28] [DEBUG] [market_client] Indicators GBPUSD: RSI=54.2 ATR=0.00224 trend=strong uptrend
[2026-06-17 04:52:28] [DEBUG] [market_client] Candles GBPUSD 4H: 50 bars
[2026-06-17 04:52:28] [DEBUG] [market_client] Indicators GBPUSD: RSI=54.2 ATR=0.00224 trend=strong uptrend
[2026-06-17 04:52:28] [DEBUG] [market_client] Candles GBPUSD 4H: 50 bars
[2026-06-17 04:52:28] [DEBUG] [market_client] Indicators GBPUSD: RSI=54.2 ATR=0.00224 trend=strong uptrend
[2026-06-17 04:52:28] [DEBUG] [market_client] Candles GBPUSD 4H: 50 bars
[2026-06-17 04:52:28] [DEBUG] [market_client] Indicators GBPUSD: RSI=54.2 ATR=0.00224 trend=strong uptrend
[2026-06-17 04:52:28] [INFO] [voting_engine] GBPUSD: MTF weakly misaligned, reducing score 20%
[2026-06-17 04:52:28] [INFO] [main] Sleeping 1800s...
[2026-06-17 05:21:08] [INFO] [qd_client] Logged in to QuantDinger
[2026-06-17 05:22:28] [INFO] [main] ==================================================
[2026-06-17 05:22:28] [INFO] [main] Cycle 5 at 05:22:28
[2026-06-17 05:22:38] [INFO] [news_fetcher] Fetched 6 relevant news items
[2026-06-17 05:22:38] [INFO] [main] Equity: 73516.00$ | News: 6
[2026-06-17 05:22:38] [INFO] [main] --- EURUSD ---
[2026-06-17 05:22:42] [INFO] [deepseek] AI analysis EURUSD: bias=neutral score=35.0 conf=0.40
[2026-06-17 05:22:42] [DEBUG] [signal_engine] Signal: NEUTRAL score=35.0 conf=0.40 strength=ضعيف valid=False
[2026-06-17 05:22:42] [INFO] [sentiment] Sentiment EURUSD: bullish score=100 bull=1 bear=0
[2026-06-17 05:22:43] [DEBUG] [market_client] Candles EURUSD 4H: 50 bars
[2026-06-17 05:22:43] [DEBUG] [market_client] Indicators EURUSD: RSI=67.5 ATR=0.00177 trend=strong uptrend
[2026-06-17 05:22:43] [DEBUG] [market_client] Candles EURUSD 4H: 50 bars
[2026-06-17 05:22:43] [DEBUG] [market_client] Indicators EURUSD: RSI=67.5 ATR=0.00177 trend=strong uptrend
[2026-06-17 05:22:43] [DEBUG] [market_client] Candles EURUSD 4H: 50 bars
[2026-06-17 05:22:43] [DEBUG] [market_client] Indicators EURUSD: RSI=67.5 ATR=0.00177 trend=strong uptrend
[2026-06-17 05:22:43] [INFO] [mtf] MTF EURUSD: H4=bullish H1=bullish M15=bullish aligned=True (strong)
[2026-06-17 05:22:43] [DEBUG] [market_client] Candles EURUSD 4H: 50 bars
[2026-06-17 05:22:43] [DEBUG] [market_client] Indicators EURUSD: RSI=67.5 ATR=0.00177 trend=strong uptrend
[2026-06-17 05:22:43] [DEBUG] [market_client] Candles EURUSD 4H: 50 bars
[2026-06-17 05:22:43] [DEBUG] [market_client] Indicators EURUSD: RSI=67.5 ATR=0.00177 trend=strong uptrend
[2026-06-17 05:22:43] [DEBUG] [market_client] Candles EURUSD 4H: 50 bars
[2026-06-17 05:22:43] [DEBUG] [market_client] Indicators EURUSD: RSI=67.5 ATR=0.00177 trend=strong uptrend
[2026-06-17 05:22:43] [DEBUG] [market_client] Candles EURUSD 4H: 50 bars
[2026-06-17 05:22:43] [DEBUG] [market_client] Indicators EURUSD: RSI=67.5 ATR=0.00177 trend=strong uptrend
[2026-06-17 05:22:43] [DEBUG] [market_client] Candles EURUSD 4H: 50 bars
[2026-06-17 05:22:43] [DEBUG] [market_client] Indicators EURUSD: RSI=67.5 ATR=0.00177 trend=strong uptrend
[2026-06-17 05:22:43] [INFO] [voting_engine] EURUSD: MTF strongly aligned, boosting score 10%
[2026-06-17 05:22:43] [INFO] [main] --- XAUUSD ---
[2026-06-17 05:22:47] [INFO] [deepseek] AI analysis XAUUSD: bias=neutral score=35.0 conf=0.40
[2026-06-17 05:22:47] [DEBUG] [signal_engine] Signal: NEUTRAL score=35.0 conf=0.40 strength=ضعيف valid=False
[2026-06-17 05:22:47] [INFO] [sentiment] Sentiment XAUUSD: bearish score=83 bull=1 bear=2
[2026-06-17 05:22:47] [DEBUG] [market_client] Candles XAUUSD 4H: 50 bars
[2026-06-17 05:22:47] [DEBUG] [market_client] Indicators XAUUSD: RSI=77.2 ATR=33.14275 trend=strong uptrend
[2026-06-17 05:22:47] [DEBUG] [market_client] Candles XAUUSD 4H: 50 bars
[2026-06-17 05:22:47] [DEBUG] [market_client] Indicators XAUUSD: RSI=77.2 ATR=33.14275 trend=strong uptrend
[2026-06-17 05:22:47] [DEBUG] [market_client] Candles XAUUSD 4H: 50 bars
[2026-06-17 05:22:47] [DEBUG] [market_client] Indicators XAUUSD: RSI=77.2 ATR=33.14275 trend=strong uptrend
[2026-06-17 05:22:47] [INFO] [mtf] MTF XAUUSD: H4=bullish H1=bearish M15=bearish aligned=True (weak)
[2026-06-17 05:22:47] [DEBUG] [market_client] Candles XAUUSD 4H: 50 bars
[2026-06-17 05:22:47] [DEBUG] [market_client] Indicators XAUUSD: RSI=77.2 ATR=33.14275 trend=strong uptrend
[2026-06-17 05:22:47] [DEBUG] [market_client] Candles XAUUSD 4H: 50 bars
[2026-06-17 05:22:47] [DEBUG] [market_client] Indicators XAUUSD: RSI=77.2 ATR=33.14275 trend=strong uptrend
[2026-06-17 05:22:47] [DEBUG] [market_client] Candles XAUUSD 4H: 50 bars
[2026-06-17 05:22:47] [DEBUG] [market_client] Indicators XAUUSD: RSI=77.2 ATR=33.14275 trend=strong uptrend
[2026-06-17 05:22:47] [DEBUG] [market_client] Candles XAUUSD 4H: 50 bars
[2026-06-17 05:22:47] [DEBUG] [market_client] Indicators XAUUSD: RSI=77.2 ATR=33.14275 trend=strong uptrend
[2026-06-17 05:22:48] [DEBUG] [market_client] Candles XAUUSD 4H: 50 bars
[2026-06-17 05:22:48] [DEBUG] [market_client] Indicators XAUUSD: RSI=77.2 ATR=33.14275 trend=strong uptrend
[2026-06-17 05:22:48] [INFO] [main] --- GBPUSD ---
[2026-06-17 05:22:51] [INFO] [deepseek] AI analysis GBPUSD: bias=neutral score=30.0 conf=0.40
[2026-06-17 05:22:51] [DEBUG] [signal_engine] Signal: NEUTRAL score=30.0 conf=0.40 strength=ضعيف valid=False
[2026-06-17 05:22:51] [INFO] [sentiment] Sentiment GBPUSD: bearish score=83 bull=1 bear=2
[2026-06-17 05:22:51] [DEBUG] [market_client] Candles GBPUSD 4H: 50 bars
[2026-06-17 05:22:51] [DEBUG] [market_client] Indicators GBPUSD: RSI=54.2 ATR=0.00224 trend=strong uptrend
[2026-06-17 05:22:51] [DEBUG] [market_client] Candles GBPUSD 4H: 50 bars
[2026-06-17 05:22:51] [DEBUG] [market_client] Indicators GBPUSD: RSI=54.2 ATR=0.00224 trend=strong uptrend
[2026-06-17 05:22:51] [DEBUG] [market_client] Candles GBPUSD 4H: 50 bars
[2026-06-17 05:22:51] [DEBUG] [market_client] Indicators GBPUSD: RSI=54.2 ATR=0.00224 trend=strong uptrend
[2026-06-17 05:22:51] [INFO] [mtf] MTF GBPUSD: H4=bullish H1=neutral M15=neutral aligned=False (weak)
[2026-06-17 05:22:51] [DEBUG] [market_client] Candles GBPUSD 4H: 50 bars
[2026-06-17 05:22:51] [DEBUG] [market_client] Indicators GBPUSD: RSI=54.2 ATR=0.00224 trend=strong uptrend
[2026-06-17 05:22:51] [DEBUG] [market_client] Candles GBPUSD 4H: 50 bars
[2026-06-17 05:22:51] [DEBUG] [market_client] Indicators GBPUSD: RSI=54.2 ATR=0.00224 trend=strong uptrend
[2026-06-17 05:22:51] [DEBUG] [market_client] Candles GBPUSD 4H: 50 bars
[2026-06-17 05:22:51] [DEBUG] [market_client] Indicators GBPUSD: RSI=54.2 ATR=0.00224 trend=strong uptrend
[2026-06-17 05:22:51] [DEBUG] [market_client] Candles GBPUSD 4H: 50 bars
[2026-06-17 05:22:51] [DEBUG] [market_client] Indicators GBPUSD: RSI=54.2 ATR=0.00224 trend=strong uptrend
[2026-06-17 05:22:51] [DEBUG] [market_client] Candles GBPUSD 4H: 50 bars
[2026-06-17 05:22:51] [DEBUG] [market_client] Indicators GBPUSD: RSI=54.2 ATR=0.00224 trend=strong uptrend
[2026-06-17 05:22:51] [INFO] [voting_engine] GBPUSD: MTF weakly misaligned, reducing score 20%
[2026-06-17 05:22:51] [INFO] [main] Sleeping 1800s...
[2026-06-17 05:52:51] [INFO] [main] ==================================================
[2026-06-17 05:52:51] [INFO] [main] Cycle 6 at 05:52:51
[2026-06-17 05:53:01] [INFO] [news_fetcher] Fetched 4 relevant news items
[2026-06-17 05:53:01] [INFO] [main] Equity: 73516.00$ | News: 4
[2026-06-17 05:53:01] [INFO] [main] --- EURUSD ---
[2026-06-17 05:53:05] [INFO] [deepseek] AI analysis EURUSD: bias=neutral score=35.0 conf=0.40
[2026-06-17 05:53:05] [DEBUG] [signal_engine] Signal: NEUTRAL score=35.0 conf=0.40 strength=ضعيف valid=False
[2026-06-17 05:53:05] [INFO] [sentiment] Sentiment EURUSD: bullish score=83 bull=2 bear=1
[2026-06-17 05:53:05] [DEBUG] [market_client] Candles EURUSD 4H: 50 bars
[2026-06-17 05:53:05] [DEBUG] [market_client] Indicators EURUSD: RSI=67.1 ATR=0.00177 trend=strong uptrend
[2026-06-17 05:53:05] [DEBUG] [market_client] Candles EURUSD 4H: 50 bars
[2026-06-17 05:53:05] [DEBUG] [market_client] Indicators EURUSD: RSI=67.1 ATR=0.00177 trend=strong uptrend
[2026-06-17 05:53:05] [DEBUG] [market_client] Candles EURUSD 4H: 50 bars
[2026-06-17 05:53:05] [DEBUG] [market_client] Indicators EURUSD: RSI=67.1 ATR=0.00177 trend=strong uptrend
[2026-06-17 05:53:05] [INFO] [mtf] MTF EURUSD: H4=bullish H1=bullish M15=bullish aligned=True (strong)
[2026-06-17 05:53:05] [DEBUG] [market_client] Candles EURUSD 4H: 50 bars
[2026-06-17 05:53:05] [DEBUG] [market_client] Indicators EURUSD: RSI=67.1 ATR=0.00177 trend=strong uptrend
[2026-06-17 05:53:05] [DEBUG] [market_client] Candles EURUSD 4H: 50 bars
[2026-06-17 05:53:05] [DEBUG] [market_client] Indicators EURUSD: RSI=67.1 ATR=0.00177 trend=strong uptrend
[2026-06-17 05:53:05] [DEBUG] [market_client] Candles EURUSD 4H: 50 bars
[2026-06-17 05:53:05] [DEBUG] [market_client] Indicators EURUSD: RSI=67.1 ATR=0.00177 trend=strong uptrend
[2026-06-17 05:53:05] [DEBUG] [market_client] Candles EURUSD 4H: 50 bars
[2026-06-17 05:53:05] [DEBUG] [market_client] Indicators EURUSD: RSI=67.1 ATR=0.00177 trend=strong uptrend
[2026-06-17 05:53:05] [DEBUG] [market_client] Candles EURUSD 4H: 50 bars
[2026-06-17 05:53:05] [DEBUG] [market_client] Indicators EURUSD: RSI=67.1 ATR=0.00177 trend=strong uptrend
[2026-06-17 05:53:05] [INFO] [voting_engine] EURUSD: MTF strongly aligned, boosting score 10%
[2026-06-17 05:53:05] [INFO] [main] --- XAUUSD ---
[2026-06-17 05:53:09] [INFO] [deepseek] AI analysis XAUUSD: bias=neutral score=35.0 conf=0.40
[2026-06-17 05:53:09] [DEBUG] [signal_engine] Signal: NEUTRAL score=35.0 conf=0.40 strength=ضعيف valid=False
[2026-06-17 05:53:09] [INFO] [sentiment] Sentiment XAUUSD: bullish score=83 bull=2 bear=1
[2026-06-17 05:53:09] [DEBUG] [market_client] Candles XAUUSD 4H: 50 bars
[2026-06-17 05:53:09] [DEBUG] [market_client] Indicators XAUUSD: RSI=76.9 ATR=33.14275 trend=strong uptrend
[2026-06-17 05:53:09] [DEBUG] [market_client] Candles XAUUSD 4H: 50 bars
[2026-06-17 05:53:09] [DEBUG] [market_client] Indicators XAUUSD: RSI=76.9 ATR=33.14275 trend=strong uptrend
[2026-06-17 05:53:09] [DEBUG] [market_client] Candles XAUUSD 4H: 50 bars
[2026-06-17 05:53:09] [DEBUG] [market_client] Indicators XAUUSD: RSI=76.9 ATR=33.14275 trend=strong uptrend
[2026-06-17 05:53:09] [INFO] [mtf] MTF XAUUSD: H4=bullish H1=bearish M15=bearish aligned=True (weak)
[2026-06-17 05:53:09] [DEBUG] [market_client] Candles XAUUSD 4H: 50 bars
[2026-06-17 05:53:09] [DEBUG] [market_client] Indicators XAUUSD: RSI=76.9 ATR=33.14275 trend=strong uptrend
[2026-06-17 05:53:10] [DEBUG] [market_client] Candles XAUUSD 4H: 50 bars
[2026-06-17 05:53:10] [DEBUG] [market_client] Indicators XAUUSD: RSI=76.9 ATR=33.14275 trend=strong uptrend
[2026-06-17 05:53:10] [DEBUG] [market_client] Candles XAUUSD 4H: 50 bars
[2026-06-17 05:53:10] [DEBUG] [market_client] Indicators XAUUSD: RSI=76.9 ATR=33.14275 trend=strong uptrend
[2026-06-17 05:53:10] [DEBUG] [market_client] Candles XAUUSD 4H: 50 bars
[2026-06-17 05:53:10] [DEBUG] [market_client] Indicators XAUUSD: RSI=76.9 ATR=33.14275 trend=strong uptrend
[2026-06-17 05:53:10] [DEBUG] [market_client] Candles XAUUSD 4H: 50 bars
[2026-06-17 05:53:10] [DEBUG] [market_client] Indicators XAUUSD: RSI=76.9 ATR=33.14275 trend=strong uptrend
[2026-06-17 05:53:10] [INFO] [main] --- GBPUSD ---
[2026-06-17 05:53:13] [INFO] [deepseek] AI analysis GBPUSD: bias=neutral score=30.0 conf=0.40
[2026-06-17 05:53:13] [DEBUG] [signal_engine] Signal: NEUTRAL score=30.0 conf=0.40 strength=ضعيف valid=False
[2026-06-17 05:53:13] [INFO] [sentiment] Sentiment GBPUSD: bullish score=83 bull=2 bear=1
[2026-06-17 05:53:13] [DEBUG] [market_client] Candles GBPUSD 4H: 50 bars
[2026-06-17 05:53:13] [DEBUG] [market_client] Indicators GBPUSD: RSI=53.8 ATR=0.00224 trend=strong uptrend
[2026-06-17 05:53:13] [DEBUG] [market_client] Candles GBPUSD 4H: 50 bars
[2026-06-17 05:53:13] [DEBUG] [market_client] Indicators GBPUSD: RSI=53.8 ATR=0.00224 trend=strong uptrend
[2026-06-17 05:53:13] [DEBUG] [market_client] Candles GBPUSD 4H: 50 bars
[2026-06-17 05:53:13] [DEBUG] [market_client] Indicators GBPUSD: RSI=53.8 ATR=0.00224 trend=strong uptrend
[2026-06-17 05:53:13] [INFO] [mtf] MTF GBPUSD: H4=bullish H1=neutral M15=neutral aligned=False (weak)
[2026-06-17 05:53:13] [DEBUG] [market_client] Candles GBPUSD 4H: 50 bars
[2026-06-17 05:53:13] [DEBUG] [market_client] Indicators GBPUSD: RSI=53.8 ATR=0.00224 trend=strong uptrend
[2026-06-17 05:53:13] [DEBUG] [market_client] Candles GBPUSD 4H: 50 bars
[2026-06-17 05:53:13] [DEBUG] [market_client] Indicators GBPUSD: RSI=53.8 ATR=0.00224 trend=strong uptrend
[2026-06-17 05:53:13] [DEBUG] [market_client] Candles GBPUSD 4H: 50 bars
[2026-06-17 05:53:13] [DEBUG] [market_client] Indicators GBPUSD: RSI=53.8 ATR=0.00224 trend=strong uptrend
[2026-06-17 05:53:13] [DEBUG] [market_client] Candles GBPUSD 4H: 50 bars
[2026-06-17 05:53:13] [DEBUG] [market_client] Indicators GBPUSD: RSI=53.8 ATR=0.00224 trend=strong uptrend
[2026-06-17 05:53:13] [DEBUG] [market_client] Candles GBPUSD 4H: 50 bars
[2026-06-17 05:53:13] [DEBUG] [market_client] Indicators GBPUSD: RSI=53.8 ATR=0.00224 trend=strong uptrend
[2026-06-17 05:53:13] [INFO] [voting_engine] GBPUSD: MTF weakly misaligned, reducing score 20%
[2026-06-17 05:53:14] [INFO] [main] Sleeping 1800s...
[2026-06-17 06:21:10] [INFO] [qd_client] Logged in to QuantDinger
[2026-06-17 06:23:14] [INFO] [main] ==================================================
[2026-06-17 06:23:14] [INFO] [main] Cycle 7 at 06:23:14
[2026-06-17 06:23:23] [INFO] [news_fetcher] Fetched 2 relevant news items
[2026-06-17 06:23:23] [INFO] [main] Equity: 73516.00$ | News: 2
[2026-06-17 06:23:23] [INFO] [main] --- EURUSD ---
[2026-06-17 06:23:27] [INFO] [deepseek] AI analysis EURUSD: bias=neutral score=25.0 conf=0.30
[2026-06-17 06:23:27] [DEBUG] [signal_engine] Signal: NEUTRAL score=25.0 conf=0.30 strength=ضعيف valid=False
[2026-06-17 06:23:27] [INFO] [sentiment] Sentiment EURUSD: bullish score=100 bull=2 bear=0
[2026-06-17 06:23:27] [DEBUG] [market_client] Candles EURUSD 4H: 50 bars
[2026-06-17 06:23:27] [DEBUG] [market_client] Indicators EURUSD: RSI=70.6 ATR=0.00170 trend=strong uptrend
[2026-06-17 06:23:27] [DEBUG] [market_client] Candles EURUSD 4H: 50 bars
[2026-06-17 06:23:27] [DEBUG] [market_client] Indicators EURUSD: RSI=70.6 ATR=0.00170 trend=strong uptrend
[2026-06-17 06:23:27] [DEBUG] [market_client] Candles EURUSD 4H: 50 bars
[2026-06-17 06:23:27] [DEBUG] [market_client] Indicators EURUSD: RSI=70.6 ATR=0.00170 trend=strong uptrend
[2026-06-17 06:23:27] [INFO] [mtf] MTF EURUSD: H4=bullish H1=bearish M15=bearish aligned=True (weak)
[2026-06-17 06:23:27] [DEBUG] [market_client] Candles EURUSD 4H: 50 bars
[2026-06-17 06:23:27] [DEBUG] [market_client] Indicators EURUSD: RSI=70.6 ATR=0.00170 trend=strong uptrend
[2026-06-17 06:23:27] [DEBUG] [market_client] Candles EURUSD 4H: 50 bars
[2026-06-17 06:23:27] [DEBUG] [market_client] Indicators EURUSD: RSI=70.6 ATR=0.00170 trend=strong uptrend
[2026-06-17 06:23:27] [DEBUG] [market_client] Candles EURUSD 4H: 50 bars
[2026-06-17 06:23:27] [DEBUG] [market_client] Indicators EURUSD: RSI=70.6 ATR=0.00170 trend=strong uptrend
[2026-06-17 06:23:27] [DEBUG] [market_client] Candles EURUSD 4H: 50 bars
[2026-06-17 06:23:27] [DEBUG] [market_client] Indicators EURUSD: RSI=70.6 ATR=0.00170 trend=strong uptrend
[2026-06-17 06:23:27] [DEBUG] [market_client] Candles EURUSD 4H: 50 bars
[2026-06-17 06:23:27] [DEBUG] [market_client] Indicators EURUSD: RSI=70.6 ATR=0.00170 trend=strong uptrend
[2026-06-17 06:23:27] [INFO] [main] --- XAUUSD ---
[2026-06-17 06:23:31] [INFO] [deepseek] AI analysis XAUUSD: bias=neutral score=30.0 conf=0.40
[2026-06-17 06:23:31] [DEBUG] [signal_engine] Signal: NEUTRAL score=30.0 conf=0.40 strength=ضعيف valid=False
[2026-06-17 06:23:31] [INFO] [sentiment] Sentiment XAUUSD: bullish score=100 bull=3 bear=0
[2026-06-17 06:23:31] [DEBUG] [market_client] Candles XAUUSD 4H: 50 bars
[2026-06-17 06:23:31] [DEBUG] [market_client] Indicators XAUUSD: RSI=75.7 ATR=33.14275 trend=strong uptrend
[2026-06-17 06:23:31] [DEBUG] [market_client] Candles XAUUSD 4H: 50 bars
[2026-06-17 06:23:31] [DEBUG] [market_client] Indicators XAUUSD: RSI=75.7 ATR=33.14275 trend=strong uptrend
[2026-06-17 06:23:32] [DEBUG] [market_client] Candles XAUUSD 4H: 50 bars
[2026-06-17 06:23:32] [DEBUG] [market_client] Indicators XAUUSD: RSI=75.7 ATR=33.14275 trend=strong uptrend
[2026-06-17 06:23:32] [INFO] [mtf] MTF XAUUSD: H4=bullish H1=bearish M15=bearish aligned=True (weak)
[2026-06-17 06:23:32] [DEBUG] [market_client] Candles XAUUSD 4H: 50 bars
[2026-06-17 06:23:32] [DEBUG] [market_client] Indicators XAUUSD: RSI=75.7 ATR=33.14275 trend=strong uptrend
[2026-06-17 06:23:32] [DEBUG] [market_client] Candles XAUUSD 4H: 50 bars
[2026-06-17 06:23:32] [DEBUG] [market_client] Indicators XAUUSD: RSI=75.7 ATR=33.14275 trend=strong uptrend
[2026-06-17 06:23:32] [DEBUG] [market_client] Candles XAUUSD 4H: 50 bars
[2026-06-17 06:23:32] [DEBUG] [market_client] Indicators XAUUSD: RSI=75.7 ATR=33.14275 trend=strong uptrend
[2026-06-17 06:23:32] [DEBUG] [market_client] Candles XAUUSD 4H: 50 bars
[2026-06-17 06:23:32] [DEBUG] [market_client] Indicators XAUUSD: RSI=75.7 ATR=33.14275 trend=strong uptrend
[2026-06-17 06:23:32] [DEBUG] [market_client] Candles XAUUSD 4H: 50 bars
[2026-06-17 06:23:32] [DEBUG] [market_client] Indicators XAUUSD: RSI=75.7 ATR=33.14275 trend=strong uptrend
[2026-06-17 06:23:32] [INFO] [main] --- GBPUSD ---
[2026-06-17 06:23:35] [INFO] [deepseek] AI analysis GBPUSD: bias=neutral score=20.0 conf=0.30
[2026-06-17 06:23:35] [DEBUG] [signal_engine] Signal: NEUTRAL score=20.0 conf=0.30 strength=ضعيف valid=False
[2026-06-17 06:23:35] [INFO] [sentiment] Sentiment GBPUSD: bullish score=100 bull=3 bear=0
[2026-06-17 06:23:35] [DEBUG] [market_client] Candles GBPUSD 4H: 50 bars
[2026-06-17 06:23:35] [DEBUG] [market_client] Indicators GBPUSD: RSI=57.2 ATR=0.00214 trend=strong uptrend
[2026-06-17 06:23:35] [DEBUG] [market_client] Candles GBPUSD 4H: 50 bars
[2026-06-17 06:23:35] [DEBUG] [market_client] Indicators GBPUSD: RSI=57.2 ATR=0.00214 trend=strong uptrend
[2026-06-17 06:23:35] [DEBUG] [market_client] Candles GBPUSD 4H: 50 bars
[2026-06-17 06:23:35] [DEBUG] [market_client] Indicators GBPUSD: RSI=57.2 ATR=0.00214 trend=strong uptrend
[2026-06-17 06:23:35] [INFO] [mtf] MTF GBPUSD: H4=bullish H1=bullish M15=bullish aligned=True (strong)
[2026-06-17 06:23:35] [DEBUG] [market_client] Candles GBPUSD 4H: 50 bars
[2026-06-17 06:23:35] [DEBUG] [market_client] Indicators GBPUSD: RSI=57.2 ATR=0.00214 trend=strong uptrend
[2026-06-17 06:23:35] [DEBUG] [market_client] Candles GBPUSD 4H: 50 bars
[2026-06-17 06:23:35] [DEBUG] [market_client] Indicators GBPUSD: RSI=57.2 ATR=0.00214 trend=strong uptrend
[2026-06-17 06:23:35] [DEBUG] [market_client] Candles GBPUSD 4H: 50 bars
[2026-06-17 06:23:35] [DEBUG] [market_client] Indicators GBPUSD: RSI=57.2 ATR=0.00214 trend=strong uptrend
[2026-06-17 06:23:35] [DEBUG] [market_client] Candles GBPUSD 4H: 50 bars
[2026-06-17 06:23:35] [DEBUG] [market_client] Indicators GBPUSD: RSI=57.2 ATR=0.00214 trend=strong uptrend
[2026-06-17 06:23:35] [DEBUG] [market_client] Candles GBPUSD 4H: 50 bars
[2026-06-17 06:23:35] [DEBUG] [market_client] Indicators GBPUSD: RSI=57.2 ATR=0.00214 trend=strong uptrend
[2026-06-17 06:23:35] [INFO] [voting_engine] GBPUSD: MTF strongly aligned, boosting score 10%
[2026-06-17 06:23:35] [INFO] [main] Sleeping 1800s...
[2026-06-17 06:53:35] [INFO] [main] ==================================================
[2026-06-17 06:53:35] [INFO] [main] Cycle 8 at 06:53:35
[2026-06-17 06:53:45] [INFO] [news_fetcher] Fetched 2 relevant news items
[2026-06-17 06:53:45] [INFO] [main] Equity: 73516.00$ | News: 2
[2026-06-17 06:53:45] [INFO] [main] --- EURUSD ---
[2026-06-17 06:53:48] [INFO] [deepseek] AI analysis EURUSD: bias=neutral score=35.0 conf=0.40
[2026-06-17 06:53:48] [DEBUG] [signal_engine] Signal: NEUTRAL score=35.0 conf=0.40 strength=ضعيف valid=False
[2026-06-17 06:53:48] [INFO] [sentiment] Sentiment EURUSD: bullish score=100 bull=1 bear=0
[2026-06-17 06:53:48] [DEBUG] [market_client] Candles EURUSD 4H: 50 bars
[2026-06-17 06:53:48] [DEBUG] [market_client] Indicators EURUSD: RSI=70.1 ATR=0.00171 trend=strong uptrend
[2026-06-17 06:53:48] [DEBUG] [market_client] Candles EURUSD 4H: 50 bars
[2026-06-17 06:53:48] [DEBUG] [market_client] Indicators EURUSD: RSI=70.1 ATR=0.00171 trend=strong uptrend
[2026-06-17 06:53:48] [DEBUG] [market_client] Candles EURUSD 4H: 50 bars
[2026-06-17 06:53:48] [DEBUG] [market_client] Indicators EURUSD: RSI=70.1 ATR=0.00171 trend=strong uptrend
[2026-06-17 06:53:48] [INFO] [mtf] MTF EURUSD: H4=bullish H1=bearish M15=bearish aligned=True (weak)
[2026-06-17 06:53:48] [DEBUG] [market_client] Candles EURUSD 4H: 50 bars
[2026-06-17 06:53:48] [DEBUG] [market_client] Indicators EURUSD: RSI=70.1 ATR=0.00171 trend=strong uptrend
[2026-06-17 06:53:48] [DEBUG] [market_client] Candles EURUSD 4H: 50 bars
[2026-06-17 06:53:48] [DEBUG] [market_client] Indicators EURUSD: RSI=70.1 ATR=0.00171 trend=strong uptrend
[2026-06-17 06:53:48] [DEBUG] [market_client] Candles EURUSD 4H: 50 bars
[2026-06-17 06:53:48] [DEBUG] [market_client] Indicators EURUSD: RSI=70.1 ATR=0.00171 trend=strong uptrend
[2026-06-17 06:53:48] [DEBUG] [market_client] Candles EURUSD 4H: 50 bars
[2026-06-17 06:53:48] [DEBUG] [market_client] Indicators EURUSD: RSI=70.1 ATR=0.00171 trend=strong uptrend
[2026-06-17 06:53:48] [DEBUG] [market_client] Candles EURUSD 4H: 50 bars
[2026-06-17 06:53:48] [DEBUG] [market_client] Indicators EURUSD: RSI=70.1 ATR=0.00171 trend=strong uptrend
[2026-06-17 06:53:48] [INFO] [main] --- XAUUSD ---
[2026-06-17 06:53:52] [INFO] [deepseek] AI analysis XAUUSD: bias=neutral score=35.0 conf=0.40
[2026-06-17 06:53:52] [DEBUG] [signal_engine] Signal: NEUTRAL score=35.0 conf=0.40 strength=ضعيف valid=False
[2026-06-17 06:53:52] [INFO] [sentiment] Sentiment XAUUSD: bullish score=100 bull=1 bear=0
[2026-06-17 06:53:52] [DEBUG] [market_client] Candles XAUUSD 4H: 50 bars
[2026-06-17 06:53:52] [DEBUG] [market_client] Indicators XAUUSD: RSI=76.0 ATR=33.14275 trend=strong uptrend
[2026-06-17 06:53:52] [DEBUG] [market_client] Candles XAUUSD 4H: 50 bars
[2026-06-17 06:53:52] [DEBUG] [market_client] Indicators XAUUSD: RSI=76.0 ATR=33.14275 trend=strong uptrend
[2026-06-17 06:53:52] [DEBUG] [market_client] Candles XAUUSD 4H: 50 bars
[2026-06-17 06:53:52] [DEBUG] [market_client] Indicators XAUUSD: RSI=76.0 ATR=33.14275 trend=strong uptrend
[2026-06-17 06:53:52] [INFO] [mtf] MTF XAUUSD: H4=bullish H1=bearish M15=bearish aligned=True (weak)
[2026-06-17 06:53:52] [DEBUG] [market_client] Candles XAUUSD 4H: 50 bars
[2026-06-17 06:53:52] [DEBUG] [market_client] Indicators XAUUSD: RSI=76.0 ATR=33.14275 trend=strong uptrend
[2026-06-17 06:53:52] [DEBUG] [market_client] Candles XAUUSD 4H: 50 bars
[2026-06-17 06:53:52] [DEBUG] [market_client] Indicators XAUUSD: RSI=76.0 ATR=33.14275 trend=strong uptrend
[2026-06-17 06:53:52] [DEBUG] [market_client] Candles XAUUSD 4H: 50 bars
[2026-06-17 06:53:52] [DEBUG] [market_client] Indicators XAUUSD: RSI=76.0 ATR=33.14275 trend=strong uptrend
[2026-06-17 06:53:52] [DEBUG] [market_client] Candles XAUUSD 4H: 50 bars
[2026-06-17 06:53:52] [DEBUG] [market_client] Indicators XAUUSD: RSI=76.0 ATR=33.14275 trend=strong uptrend
[2026-06-17 06:53:52] [DEBUG] [market_client] Candles XAUUSD 4H: 50 bars
[2026-06-17 06:53:52] [DEBUG] [market_client] Indicators XAUUSD: RSI=76.0 ATR=33.14275 trend=strong uptrend
[2026-06-17 06:53:52] [INFO] [main] --- GBPUSD ---
[2026-06-17 06:53:56] [INFO] [deepseek] AI analysis GBPUSD: bias=neutral score=30.0 conf=0.40
[2026-06-17 06:53:56] [DEBUG] [signal_engine] Signal: NEUTRAL score=30.0 conf=0.40 strength=ضعيف valid=False
[2026-06-17 06:53:56] [INFO] [sentiment] Sentiment GBPUSD: bullish score=100 bull=1 bear=0
[2026-06-17 06:53:56] [DEBUG] [market_client] Candles GBPUSD 4H: 50 bars
[2026-06-17 06:53:56] [DEBUG] [market_client] Indicators GBPUSD: RSI=57.7 ATR=0.00214 trend=strong uptrend
[2026-06-17 06:53:56] [DEBUG] [market_client] Candles GBPUSD 4H: 50 bars
[2026-06-17 06:53:56] [DEBUG] [market_client] Indicators GBPUSD: RSI=57.7 ATR=0.00214 trend=strong uptrend
[2026-06-17 06:53:57] [DEBUG] [market_client] Candles GBPUSD 4H: 50 bars
[2026-06-17 06:53:57] [DEBUG] [market_client] Indicators GBPUSD: RSI=57.7 ATR=0.00214 trend=strong uptrend
[2026-06-17 06:53:57] [INFO] [mtf] MTF GBPUSD: H4=bullish H1=bullish M15=bullish aligned=True (strong)
[2026-06-17 06:53:57] [DEBUG] [market_client] Candles GBPUSD 4H: 50 bars
[2026-06-17 06:53:57] [DEBUG] [market_client] Indicators GBPUSD: RSI=57.7 ATR=0.00214 trend=strong uptrend
[2026-06-17 06:53:57] [DEBUG] [market_client] Candles GBPUSD 4H: 50 bars
[2026-06-17 06:53:57] [DEBUG] [market_client] Indicators GBPUSD: RSI=57.7 ATR=0.00214 trend=strong uptrend
[2026-06-17 06:53:57] [DEBUG] [market_client] Candles GBPUSD 4H: 50 bars
[2026-06-17 06:53:57] [DEBUG] [market_client] Indicators GBPUSD: RSI=57.7 ATR=0.00214 trend=strong uptrend
[2026-06-17 06:53:57] [DEBUG] [market_client] Candles GBPUSD 4H: 50 bars
[2026-06-17 06:53:57] [DEBUG] [market_client] Indicators GBPUSD: RSI=57.7 ATR=0.00214 trend=strong uptrend
[2026-06-17 06:53:57] [DEBUG] [market_client] Candles GBPUSD 4H: 50 bars
[2026-06-17 06:53:57] [DEBUG] [market_client] Indicators GBPUSD: RSI=57.7 ATR=0.00214 trend=strong uptrend
[2026-06-17 06:53:57] [INFO] [voting_engine] GBPUSD: MTF strongly aligned, boosting score 10%
[2026-06-17 06:53:57] [INFO] [main] Sleeping 1800s...
[2026-06-17 07:21:12] [INFO] [qd_client] Logged in to QuantDinger
[2026-06-17 07:23:56] [INFO] [main] ==================================================
[2026-06-17 07:23:56] [INFO] [main] Cycle 9 at 07:23:56
[2026-06-17 07:24:07] [INFO] [news_fetcher] Fetched 2 relevant news items
[2026-06-17 07:24:07] [INFO] [main] Equity: 73516.00$ | News: 2
[2026-06-17 07:24:07] [INFO] [main] --- EURUSD ---
[2026-06-17 07:24:10] [INFO] [deepseek] AI analysis EURUSD: bias=neutral score=35.0 conf=0.40
[2026-06-17 07:24:10] [DEBUG] [signal_engine] Signal: NEUTRAL score=35.0 conf=0.40 strength=ضعيف valid=False
[2026-06-17 07:24:10] [DEBUG] [market_client] Candles EURUSD 4H: 50 bars
[2026-06-17 07:24:10] [DEBUG] [market_client] Indicators EURUSD: RSI=70.5 ATR=0.00172 trend=strong uptrend
[2026-06-17 07:24:10] [DEBUG] [market_client] Candles EURUSD 4H: 50 bars
[2026-06-17 07:24:10] [DEBUG] [market_client] Indicators EURUSD: RSI=70.5 ATR=0.00172 trend=strong uptrend
[2026-06-17 07:24:10] [DEBUG] [market_client] Candles EURUSD 4H: 50 bars
[2026-06-17 07:24:10] [DEBUG] [market_client] Indicators EURUSD: RSI=70.5 ATR=0.00172 trend=strong uptrend
[2026-06-17 07:24:10] [INFO] [mtf] MTF EURUSD: H4=bullish H1=bearish M15=bearish aligned=True (weak)
[2026-06-17 07:24:10] [DEBUG] [market_client] Candles EURUSD 4H: 50 bars
[2026-06-17 07:24:10] [DEBUG] [market_client] Indicators EURUSD: RSI=70.5 ATR=0.00172 trend=strong uptrend
[2026-06-17 07:24:10] [DEBUG] [market_client] Candles EURUSD 4H: 50 bars
[2026-06-17 07:24:10] [DEBUG] [market_client] Indicators EURUSD: RSI=70.5 ATR=0.00172 trend=strong uptrend
[2026-06-17 07:24:10] [DEBUG] [market_client] Candles EURUSD 4H: 50 bars
[2026-06-17 07:24:10] [DEBUG] [market_client] Indicators EURUSD: RSI=70.5 ATR=0.00172 trend=strong uptrend
[2026-06-17 07:24:10] [DEBUG] [market_client] Candles EURUSD 4H: 50 bars
[2026-06-17 07:24:10] [DEBUG] [market_client] Indicators EURUSD: RSI=70.5 ATR=0.00172 trend=strong uptrend
[2026-06-17 07:24:10] [DEBUG] [market_client] Candles EURUSD 4H: 50 bars
[2026-06-17 07:24:10] [DEBUG] [market_client] Indicators EURUSD: RSI=70.5 ATR=0.00172 trend=strong uptrend
[2026-06-17 07:24:10] [INFO] [main] --- XAUUSD ---
[2026-06-17 07:24:14] [INFO] [deepseek] AI analysis XAUUSD: bias=neutral score=35.0 conf=0.40
[2026-06-17 07:24:14] [DEBUG] [signal_engine] Signal: NEUTRAL score=35.0 conf=0.40 strength=ضعيف valid=False
[2026-06-17 07:24:14] [DEBUG] [market_client] Candles XAUUSD 4H: 50 bars
[2026-06-17 07:24:14] [DEBUG] [market_client] Indicators XAUUSD: RSI=62.6 ATR=27.13560 trend=strong uptrend
[2026-06-17 07:24:14] [DEBUG] [market_client] Candles XAUUSD 4H: 50 bars
[2026-06-17 07:24:14] [DEBUG] [market_client] Indicators XAUUSD: RSI=62.6 ATR=27.13560 trend=strong uptrend
[2026-06-17 07:24:14] [DEBUG] [market_client] Candles XAUUSD 4H: 50 bars
[2026-06-17 07:24:14] [DEBUG] [market_client] Indicators XAUUSD: RSI=62.6 ATR=27.13560 trend=strong uptrend
[2026-06-17 07:24:14] [INFO] [mtf] MTF XAUUSD: H4=bullish H1=bullish M15=bullish aligned=True (strong)
[2026-06-17 07:24:14] [DEBUG] [market_client] Candles XAUUSD 4H: 50 bars
[2026-06-17 07:24:14] [DEBUG] [market_client] Indicators XAUUSD: RSI=62.6 ATR=27.13560 trend=strong uptrend
[2026-06-17 07:24:14] [DEBUG] [market_client] Candles XAUUSD 4H: 50 bars
[2026-06-17 07:24:14] [DEBUG] [market_client] Indicators XAUUSD: RSI=62.6 ATR=27.13560 trend=strong uptrend
[2026-06-17 07:24:14] [DEBUG] [market_client] Candles XAUUSD 4H: 50 bars
[2026-06-17 07:24:14] [DEBUG] [market_client] Indicators XAUUSD: RSI=62.6 ATR=27.13560 trend=strong uptrend
[2026-06-17 07:24:14] [DEBUG] [market_client] Candles XAUUSD 4H: 50 bars
[2026-06-17 07:24:14] [DEBUG] [market_client] Indicators XAUUSD: RSI=62.6 ATR=27.13560 trend=strong uptrend
[2026-06-17 07:24:14] [DEBUG] [market_client] Candles XAUUSD 4H: 50 bars
[2026-06-17 07:24:14] [DEBUG] [market_client] Indicators XAUUSD: RSI=62.6 ATR=27.13560 trend=strong uptrend
[2026-06-17 07:24:14] [INFO] [voting_engine] XAUUSD: MTF strongly aligned, boosting score 10%
[2026-06-17 07:24:14] [INFO] [main] --- GBPUSD ---
[2026-06-17 07:24:18] [INFO] [deepseek] AI analysis GBPUSD: bias=neutral score=35.0 conf=0.40
[2026-06-17 07:24:18] [DEBUG] [signal_engine] Signal: NEUTRAL score=35.0 conf=0.40 strength=ضعيف valid=False
[2026-06-17 07:24:19] [DEBUG] [market_client] Candles GBPUSD 4H: 50 bars
[2026-06-17 07:24:19] [DEBUG] [market_client] Indicators GBPUSD: RSI=58.2 ATR=0.00216 trend=strong uptrend
[2026-06-17 07:24:19] [DEBUG] [market_client] Candles GBPUSD 4H: 50 bars
[2026-06-17 07:24:19] [DEBUG] [market_client] Indicators GBPUSD: RSI=58.2 ATR=0.00216 trend=strong uptrend
[2026-06-17 07:24:19] [DEBUG] [market_client] Candles GBPUSD 4H: 50 bars
[2026-06-17 07:24:19] [DEBUG] [market_client] Indicators GBPUSD: RSI=58.2 ATR=0.00216 trend=strong uptrend
[2026-06-17 07:24:19] [INFO] [mtf] MTF GBPUSD: H4=bullish H1=bullish M15=bullish aligned=True (strong)
[2026-06-17 07:24:19] [DEBUG] [market_client] Candles GBPUSD 4H: 50 bars
[2026-06-17 07:24:19] [DEBUG] [market_client] Indicators GBPUSD: RSI=58.2 ATR=0.00216 trend=strong uptrend
[2026-06-17 07:24:19] [DEBUG] [market_client] Candles GBPUSD 4H: 50 bars
[2026-06-17 07:24:19] [DEBUG] [market_client] Indicators GBPUSD: RSI=58.2 ATR=0.00216 trend=strong uptrend
[2026-06-17 07:24:19] [DEBUG] [market_client] Candles GBPUSD 4H: 50 bars
[2026-06-17 07:24:19] [DEBUG] [market_client] Indicators GBPUSD: RSI=58.2 ATR=0.00216 trend=strong uptrend
[2026-06-17 07:24:19] [DEBUG] [market_client] Candles GBPUSD 4H: 50 bars
[2026-06-17 07:24:19] [DEBUG] [market_client] Indicators GBPUSD: RSI=58.2 ATR=0.00216 trend=strong uptrend
[2026-06-17 07:24:19] [DEBUG] [market_client] Candles GBPUSD 4H: 50 bars
[2026-06-17 07:24:19] [DEBUG] [market_client] Indicators GBPUSD: RSI=58.2 ATR=0.00216 trend=strong uptrend
[2026-06-17 07:24:19] [INFO] [voting_engine] GBPUSD: MTF strongly aligned, boosting score 10%
[2026-06-17 07:24:19] [INFO] [main] Sleeping 1800s...
[2026-06-17 07:32:55] [INFO] [database] V3 Database initialized with all tables
[2026-06-17 07:39:43] [INFO] [database] V3 Database initialized with all tables
[2026-06-17 07:41:16] [INFO] [database] V3 Database initialized with all tables
[2026-06-17 07:50:40] [INFO] [database] V3 Database initialized with all tables
[2026-06-17 07:51:25] [INFO] [database] V3 Database initialized with all tables
[2026-06-17 07:51:51] [INFO] [database] V3 Database initialized with all tables
[2026-06-17 07:54:19] [INFO] [main] ==================================================
[2026-06-17 07:54:19] [INFO] [main] Cycle 10 at 07:54:19
[2026-06-17 07:54:29] [INFO] [news_fetcher] Fetched 4 relevant news items
[2026-06-17 07:54:29] [INFO] [main] Equity: 73516.00$ | News: 4
[2026-06-17 07:54:29] [INFO] [main] --- EURUSD ---
[2026-06-17 07:54:32] [INFO] [deepseek] AI analysis EURUSD: bias=neutral score=15.0 conf=0.30
[2026-06-17 07:54:32] [DEBUG] [signal_engine] Signal: NEUTRAL score=15.0 conf=0.30 strength=ضعيف valid=False
[2026-06-17 07:54:32] [DEBUG] [market_client] Candles EURUSD 4H: 50 bars
[2026-06-17 07:54:32] [DEBUG] [market_client] Indicators EURUSD: RSI=70.5 ATR=0.00172 trend=strong uptrend
[2026-06-17 07:54:32] [DEBUG] [market_client] Candles EURUSD 4H: 50 bars
[2026-06-17 07:54:32] [DEBUG] [market_client] Indicators EURUSD: RSI=70.5 ATR=0.00172 trend=strong uptrend
[2026-06-17 07:54:32] [DEBUG] [market_client] Candles EURUSD 4H: 50 bars
[2026-06-17 07:54:32] [DEBUG] [market_client] Indicators EURUSD: RSI=70.5 ATR=0.00172 trend=strong uptrend
[2026-06-17 07:54:32] [INFO] [mtf] MTF EURUSD: H4=bullish H1=bearish M15=bearish aligned=True (weak)
[2026-06-17 07:54:32] [DEBUG] [market_client] Candles EURUSD 4H: 50 bars
[2026-06-17 07:54:32] [DEBUG] [market_client] Indicators EURUSD: RSI=70.5 ATR=0.00172 trend=strong uptrend
[2026-06-17 07:54:32] [DEBUG] [market_client] Candles EURUSD 4H: 50 bars
[2026-06-17 07:54:32] [DEBUG] [market_client] Indicators EURUSD: RSI=70.5 ATR=0.00172 trend=strong uptrend
[2026-06-17 07:54:32] [DEBUG] [market_client] Candles EURUSD 4H: 50 bars
[2026-06-17 07:54:32] [DEBUG] [market_client] Indicators EURUSD: RSI=70.5 ATR=0.00172 trend=strong uptrend
[2026-06-17 07:54:32] [DEBUG] [market_client] Candles EURUSD 4H: 50 bars
[2026-06-17 07:54:32] [DEBUG] [market_client] Indicators EURUSD: RSI=70.5 ATR=0.00172 trend=strong uptrend
[2026-06-17 07:54:32] [DEBUG] [market_client] Candles EURUSD 4H: 50 bars
[2026-06-17 07:54:32] [DEBUG] [market_client] Indicators EURUSD: RSI=70.5 ATR=0.00172 trend=strong uptrend
[2026-06-17 07:54:32] [INFO] [main] --- XAUUSD ---
[2026-06-17 07:54:36] [INFO] [deepseek] AI analysis XAUUSD: bias=neutral score=30.0 conf=0.40
[2026-06-17 07:54:36] [DEBUG] [signal_engine] Signal: NEUTRAL score=30.0 conf=0.40 strength=ضعيف valid=False
[2026-06-17 07:54:36] [DEBUG] [market_client] Candles XAUUSD 4H: 50 bars
[2026-06-17 07:54:36] [DEBUG] [market_client] Indicators XAUUSD: RSI=59.7 ATR=28.02131 trend=strong uptrend
[2026-06-17 07:54:36] [DEBUG] [market_client] Candles XAUUSD 4H: 50 bars
[2026-06-17 07:54:36] [DEBUG] [market_client] Indicators XAUUSD: RSI=59.7 ATR=28.02131 trend=strong uptrend
[2026-06-17 07:54:36] [DEBUG] [market_client] Candles XAUUSD 4H: 50 bars
[2026-06-17 07:54:36] [DEBUG] [market_client] Indicators XAUUSD: RSI=59.7 ATR=28.02131 trend=strong uptrend
[2026-06-17 07:54:36] [INFO] [mtf] MTF XAUUSD: H4=bullish H1=bullish M15=bullish aligned=True (strong)
[2026-06-17 07:54:36] [DEBUG] [market_client] Candles XAUUSD 4H: 50 bars
[2026-06-17 07:54:36] [DEBUG] [market_client] Indicators XAUUSD: RSI=59.7 ATR=28.02131 trend=strong uptrend
[2026-06-17 07:54:36] [DEBUG] [market_client] Candles XAUUSD 4H: 50 bars
[2026-06-17 07:54:36] [DEBUG] [market_client] Indicators XAUUSD: RSI=59.7 ATR=28.02131 trend=strong uptrend
[2026-06-17 07:54:36] [DEBUG] [market_client] Candles XAUUSD 4H: 50 bars
[2026-06-17 07:54:36] [DEBUG] [market_client] Indicators XAUUSD: RSI=59.7 ATR=28.02131 trend=strong uptrend
[2026-06-17 07:54:36] [DEBUG] [market_client] Candles XAUUSD 4H: 50 bars
[2026-06-17 07:54:36] [DEBUG] [market_client] Indicators XAUUSD: RSI=59.7 ATR=28.02131 trend=strong uptrend
[2026-06-17 07:54:36] [DEBUG] [market_client] Candles XAUUSD 4H: 50 bars
[2026-06-17 07:54:36] [DEBUG] [market_client] Indicators XAUUSD: RSI=59.7 ATR=28.02131 trend=strong uptrend
[2026-06-17 07:54:36] [INFO] [voting_engine] XAUUSD: MTF strongly aligned, boosting score 10%
[2026-06-17 07:54:36] [INFO] [main] --- GBPUSD ---
[2026-06-17 07:54:40] [INFO] [deepseek] AI analysis GBPUSD: bias=neutral score=20.0 conf=0.30
[2026-06-17 07:54:40] [DEBUG] [signal_engine] Signal: NEUTRAL score=20.0 conf=0.30 strength=ضعيف valid=False
[2026-06-17 07:54:40] [DEBUG] [market_client] Candles GBPUSD 4H: 50 bars
[2026-06-17 07:54:40] [DEBUG] [market_client] Indicators GBPUSD: RSI=58.8 ATR=0.00216 trend=strong uptrend
[2026-06-17 07:54:40] [DEBUG] [market_client] Candles GBPUSD 4H: 50 bars
[2026-06-17 07:54:40] [DEBUG] [market_client] Indicators GBPUSD: RSI=58.8 ATR=0.00216 trend=strong uptrend
[2026-06-17 07:54:40] [DEBUG] [market_client] Candles GBPUSD 4H: 50 bars
[2026-06-17 07:54:40] [DEBUG] [market_client] Indicators GBPUSD: RSI=58.8 ATR=0.00216 trend=strong uptrend
[2026-06-17 07:54:40] [INFO] [mtf] MTF GBPUSD: H4=bullish H1=bullish M15=bullish aligned=True (strong)
[2026-06-17 07:54:40] [DEBUG] [market_client] Candles GBPUSD 4H: 50 bars
[2026-06-17 07:54:40] [DEBUG] [market_client] Indicators GBPUSD: RSI=58.8 ATR=0.00216 trend=strong uptrend
[2026-06-17 07:54:40] [DEBUG] [market_client] Candles GBPUSD 4H: 50 bars
[2026-06-17 07:54:40] [DEBUG] [market_client] Indicators GBPUSD: RSI=58.8 ATR=0.00216 trend=strong uptrend
[2026-06-17 07:54:40] [DEBUG] [market_client] Candles GBPUSD 4H: 50 bars
[2026-06-17 07:54:40] [DEBUG] [market_client] Indicators GBPUSD: RSI=58.8 ATR=0.00216 trend=strong uptrend
[2026-06-17 07:54:40] [DEBUG] [market_client] Candles GBPUSD 4H: 50 bars
[2026-06-17 07:54:40] [DEBUG] [market_client] Indicators GBPUSD: RSI=58.8 ATR=0.00216 trend=strong uptrend
[2026-06-17 07:54:40] [DEBUG] [market_client] Candles GBPUSD 4H: 50 bars
[2026-06-17 07:54:40] [DEBUG] [market_client] Indicators GBPUSD: RSI=58.8 ATR=0.00216 trend=strong uptrend
[2026-06-17 07:54:40] [INFO] [voting_engine] GBPUSD: MTF strongly aligned, boosting score 10%
[2026-06-17 07:54:40] [INFO] [main] Sleeping 1800s...
[2026-06-17 08:21:15] [INFO] [qd_client] Logged in to QuantDinger
[2026-06-17 08:24:40] [INFO] [main] ==================================================
[2026-06-17 08:24:40] [INFO] [main] Cycle 11 at 08:24:40
[2026-06-17 08:24:49] [INFO] [news_fetcher] Fetched 5 relevant news items
[2026-06-17 08:24:49] [INFO] [main] Equity: 73516.00$ | News: 5
[2026-06-17 08:24:49] [INFO] [main] --- EURUSD ---
[2026-06-17 08:24:52] [INFO] [deepseek] AI analysis EURUSD: bias=neutral score=35.0 conf=0.40
[2026-06-17 08:24:52] [DEBUG] [signal_engine] Signal: NEUTRAL score=35.0 conf=0.40 strength=ضعيف valid=False
[2026-06-17 08:24:52] [INFO] [sentiment] Sentiment EURUSD: bullish score=100 bull=1 bear=0
[2026-06-17 08:24:53] [DEBUG] [market_client] Candles EURUSD 4H: 50 bars
[2026-06-17 08:24:53] [DEBUG] [market_client] Indicators EURUSD: RSI=70.5 ATR=0.00172 trend=strong uptrend
[2026-06-17 08:24:53] [DEBUG] [market_client] Candles EURUSD 4H: 50 bars
[2026-06-17 08:24:53] [DEBUG] [market_client] Indicators EURUSD: RSI=70.5 ATR=0.00172 trend=strong uptrend
[2026-06-17 08:24:53] [DEBUG] [market_client] Candles EURUSD 4H: 50 bars
[2026-06-17 08:24:53] [DEBUG] [market_client] Indicators EURUSD: RSI=70.5 ATR=0.00172 trend=strong uptrend
[2026-06-17 08:24:53] [INFO] [mtf] MTF EURUSD: H4=bullish H1=bearish M15=bearish aligned=True (weak)
[2026-06-17 08:24:53] [DEBUG] [market_client] Candles EURUSD 4H: 50 bars
[2026-06-17 08:24:53] [DEBUG] [market_client] Indicators EURUSD: RSI=70.5 ATR=0.00172 trend=strong uptrend
[2026-06-17 08:24:53] [DEBUG] [market_client] Candles EURUSD 4H: 50 bars
[2026-06-17 08:24:53] [DEBUG] [market_client] Indicators EURUSD: RSI=70.5 ATR=0.00172 trend=strong uptrend
[2026-06-17 08:24:53] [DEBUG] [market_client] Candles EURUSD 4H: 50 bars
[2026-06-17 08:24:53] [DEBUG] [market_client] Indicators EURUSD: RSI=70.5 ATR=0.00172 trend=strong uptrend
[2026-06-17 08:24:53] [DEBUG] [market_client] Candles EURUSD 4H: 50 bars
[2026-06-17 08:24:53] [DEBUG] [market_client] Indicators EURUSD: RSI=70.5 ATR=0.00172 trend=strong uptrend
[2026-06-17 08:24:53] [DEBUG] [market_client] Candles EURUSD 4H: 50 bars
[2026-06-17 08:24:53] [DEBUG] [market_client] Indicators EURUSD: RSI=70.5 ATR=0.00172 trend=strong uptrend
[2026-06-17 08:24:53] [INFO] [main] --- XAUUSD ---
[2026-06-17 08:24:56] [INFO] [deepseek] AI analysis XAUUSD: bias=neutral score=45.0 conf=0.40
[2026-06-17 08:24:56] [DEBUG] [signal_engine] Signal: NEUTRAL score=45.0 conf=0.40 strength=ضعيف valid=False
[2026-06-17 08:24:56] [INFO] [sentiment] Sentiment XAUUSD: neutral score=50 bull=1 bear=1
[2026-06-17 08:24:56] [DEBUG] [market_client] Candles XAUUSD 4H: 50 bars
[2026-06-17 08:24:56] [DEBUG] [market_client] Indicators XAUUSD: RSI=59.3 ATR=28.02131 trend=strong uptrend
[2026-06-17 08:24:56] [DEBUG] [market_client] Candles XAUUSD 4H: 50 bars
[2026-06-17 08:24:56] [DEBUG] [market_client] Indicators XAUUSD: RSI=59.3 ATR=28.02131 trend=strong uptrend
[2026-06-17 08:24:56] [DEBUG] [market_client] Candles XAUUSD 4H: 50 bars
[2026-06-17 08:24:56] [DEBUG] [market_client] Indicators XAUUSD: RSI=59.3 ATR=28.02131 trend=strong uptrend
[2026-06-17 08:24:56] [INFO] [mtf] MTF XAUUSD: H4=bullish H1=bullish M15=bullish aligned=True (strong)
[2026-06-17 08:24:56] [DEBUG] [market_client] Candles XAUUSD 4H: 50 bars
[2026-06-17 08:24:56] [DEBUG] [market_client] Indicators XAUUSD: RSI=59.3 ATR=28.02131 trend=strong uptrend
[2026-06-17 08:24:56] [DEBUG] [market_client] Candles XAUUSD 4H: 50 bars
[2026-06-17 08:24:56] [DEBUG] [market_client] Indicators XAUUSD: RSI=59.3 ATR=28.02131 trend=strong uptrend
[2026-06-17 08:24:56] [DEBUG] [market_client] Candles XAUUSD 4H: 50 bars
[2026-06-17 08:24:56] [DEBUG] [market_client] Indicators XAUUSD: RSI=59.3 ATR=28.02131 trend=strong uptrend
[2026-06-17 08:24:56] [DEBUG] [market_client] Candles XAUUSD 4H: 50 bars
[2026-06-17 08:24:56] [DEBUG] [market_client] Indicators XAUUSD: RSI=59.3 ATR=28.02131 trend=strong uptrend
[2026-06-17 08:24:56] [DEBUG] [market_client] Candles XAUUSD 4H: 50 bars
[2026-06-17 08:24:56] [DEBUG] [market_client] Indicators XAUUSD: RSI=59.3 ATR=28.02131 trend=strong uptrend
[2026-06-17 08:24:56] [INFO] [voting_engine] XAUUSD: MTF strongly aligned, boosting score 10%
[2026-06-17 08:24:56] [INFO] [main] --- GBPUSD ---
[2026-06-17 08:24:59] [INFO] [deepseek] AI analysis GBPUSD: bias=neutral score=35.0 conf=0.40
[2026-06-17 08:24:59] [DEBUG] [signal_engine] Signal: NEUTRAL score=35.0 conf=0.40 strength=ضعيف valid=False
[2026-06-17 08:24:59] [INFO] [sentiment] Sentiment GBPUSD: neutral score=50 bull=1 bear=1
[2026-06-17 08:24:59] [DEBUG] [market_client] Candles GBPUSD 4H: 50 bars
[2026-06-17 08:24:59] [DEBUG] [market_client] Indicators GBPUSD: RSI=58.6 ATR=0.00218 trend=strong uptrend
[2026-06-17 08:24:59] [DEBUG] [market_client] Candles GBPUSD 4H: 50 bars
[2026-06-17 08:24:59] [DEBUG] [market_client] Indicators GBPUSD: RSI=58.6 ATR=0.00218 trend=strong uptrend
[2026-06-17 08:25:00] [DEBUG] [market_client] Candles GBPUSD 4H: 50 bars
[2026-06-17 08:25:00] [DEBUG] [market_client] Indicators GBPUSD: RSI=58.6 ATR=0.00218 trend=strong uptrend
[2026-06-17 08:25:00] [INFO] [mtf] MTF GBPUSD: H4=bullish H1=bullish M15=bullish aligned=True (strong)
[2026-06-17 08:25:00] [DEBUG] [market_client] Candles GBPUSD 4H: 50 bars
[2026-06-17 08:25:00] [DEBUG] [market_client] Indicators GBPUSD: RSI=58.6 ATR=0.00218 trend=strong uptrend
[2026-06-17 08:25:00] [DEBUG] [market_client] Candles GBPUSD 4H: 50 bars
[2026-06-17 08:25:00] [DEBUG] [market_client] Indicators GBPUSD: RSI=58.6 ATR=0.00218 trend=strong uptrend
[2026-06-17 08:25:00] [DEBUG] [market_client] Candles GBPUSD 4H: 50 bars
[2026-06-17 08:25:00] [DEBUG] [market_client] Indicators GBPUSD: RSI=58.6 ATR=0.00218 trend=strong uptrend
[2026-06-17 08:25:00] [DEBUG] [market_client] Candles GBPUSD 4H: 50 bars
[2026-06-17 08:25:00] [DEBUG] [market_client] Indicators GBPUSD: RSI=58.6 ATR=0.00218 trend=strong uptrend
[2026-06-17 08:25:00] [DEBUG] [market_client] Candles GBPUSD 4H: 50 bars
[2026-06-17 08:25:00] [DEBUG] [market_client] Indicators GBPUSD: RSI=58.6 ATR=0.00218 trend=strong uptrend
[2026-06-17 08:25:00] [INFO] [voting_engine] GBPUSD: MTF strongly aligned, boosting score 10%
[2026-06-17 08:25:00] [INFO] [main] Sleeping 1800s...
[2026-06-17 08:26:27] [INFO] [database] V3 Database initialized with all tables
[2026-06-17 08:40:41] [INFO] [ml_dataset_builder] ML dataset build: accepted=1 rejected=1 clean_ratio=50.00% total=2 strict_mode=True
[2026-06-17 08:55:00] [INFO] [main] ==================================================
[2026-06-17 08:55:00] [INFO] [main] Cycle 12 at 08:55:00
[2026-06-17 08:55:09] [INFO] [news_fetcher] Fetched 7 relevant news items
[2026-06-17 08:55:09] [INFO] [main] Equity: 73516.00$ | News: 7
[2026-06-17 08:55:09] [INFO] [main] --- EURUSD ---
[2026-06-17 08:55:13] [INFO] [deepseek] AI analysis EURUSD: bias=neutral score=35.0 conf=0.40
[2026-06-17 08:55:13] [DEBUG] [signal_engine] Signal: NEUTRAL score=35.0 conf=0.40 strength=ضعيف valid=False
[2026-06-17 08:55:13] [DEBUG] [market_client] Candles EURUSD 4H: 50 bars
[2026-06-17 08:55:13] [DEBUG] [market_client] Indicators EURUSD: RSI=70.9 ATR=0.00173 trend=strong uptrend
[2026-06-17 08:55:13] [DEBUG] [market_client] Candles EURUSD 4H: 50 bars
[2026-06-17 08:55:13] [DEBUG] [market_client] Indicators EURUSD: RSI=70.9 ATR=0.00173 trend=strong uptrend
[2026-06-17 08:55:13] [DEBUG] [market_client] Candles EURUSD 4H: 50 bars
[2026-06-17 08:55:13] [DEBUG] [market_client] Indicators EURUSD: RSI=70.9 ATR=0.00173 trend=strong uptrend
[2026-06-17 08:55:13] [INFO] [mtf] MTF EURUSD: H4=bullish H1=bearish M15=bearish aligned=True (weak)
[2026-06-17 08:55:13] [DEBUG] [market_client] Candles EURUSD 4H: 50 bars
[2026-06-17 08:55:13] [DEBUG] [market_client] Indicators EURUSD: RSI=70.9 ATR=0.00173 trend=strong uptrend
[2026-06-17 08:55:13] [DEBUG] [market_client] Candles EURUSD 4H: 50 bars
[2026-06-17 08:55:13] [DEBUG] [market_client] Indicators EURUSD: RSI=70.9 ATR=0.00173 trend=strong uptrend
[2026-06-17 08:55:13] [DEBUG] [market_client] Candles EURUSD 4H: 50 bars
[2026-06-17 08:55:13] [DEBUG] [market_client] Indicators EURUSD: RSI=70.9 ATR=0.00173 trend=strong uptrend
[2026-06-17 08:55:13] [DEBUG] [market_client] Candles EURUSD 4H: 50 bars
[2026-06-17 08:55:13] [DEBUG] [market_client] Indicators EURUSD: RSI=70.9 ATR=0.00173 trend=strong uptrend
[2026-06-17 08:55:13] [DEBUG] [market_client] Candles EURUSD 4H: 50 bars
[2026-06-17 08:55:13] [DEBUG] [market_client] Indicators EURUSD: RSI=70.9 ATR=0.00173 trend=strong uptrend
[2026-06-17 08:55:14] [INFO] [main] --- XAUUSD ---
[2026-06-17 08:55:17] [INFO] [deepseek] AI analysis XAUUSD: bias=neutral score=45.0 conf=0.40
[2026-06-17 08:55:17] [DEBUG] [signal_engine] Signal: NEUTRAL score=45.0 conf=0.40 strength=ضعيف valid=False
[2026-06-17 08:55:17] [DEBUG] [market_client] Candles XAUUSD 4H: 50 bars
[2026-06-17 08:55:17] [DEBUG] [market_client] Indicators XAUUSD: RSI=62.3 ATR=28.02131 trend=strong uptrend
[2026-06-17 08:55:17] [DEBUG] [market_client] Candles XAUUSD 4H: 50 bars
[2026-06-17 08:55:17] [DEBUG] [market_client] Indicators XAUUSD: RSI=62.3 ATR=28.02131 trend=strong uptrend
[2026-06-17 08:55:17] [DEBUG] [market_client] Candles XAUUSD 4H: 50 bars
[2026-06-17 08:55:17] [DEBUG] [market_client] Indicators XAUUSD: RSI=62.3 ATR=28.02131 trend=strong uptrend
[2026-06-17 08:55:17] [INFO] [mtf] MTF XAUUSD: H4=bullish H1=bullish M15=bullish aligned=True (strong)
[2026-06-17 08:55:17] [DEBUG] [market_client] Candles XAUUSD 4H: 50 bars
[2026-06-17 08:55:17] [DEBUG] [market_client] Indicators XAUUSD: RSI=62.3 ATR=28.02131 trend=strong uptrend
[2026-06-17 08:55:17] [DEBUG] [market_client] Candles XAUUSD 4H: 50 bars
[2026-06-17 08:55:17] [DEBUG] [market_client] Indicators XAUUSD: RSI=62.3 ATR=28.02131 trend=strong uptrend
[2026-06-17 08:55:17] [DEBUG] [market_client] Candles XAUUSD 4H: 50 bars
[2026-06-17 08:55:17] [DEBUG] [market_client] Indicators XAUUSD: RSI=62.3 ATR=28.02131 trend=strong uptrend
[2026-06-17 08:55:17] [DEBUG] [market_client] Candles XAUUSD 4H: 50 bars
[2026-06-17 08:55:17] [DEBUG] [market_client] Indicators XAUUSD: RSI=62.3 ATR=28.02131 trend=strong uptrend
[2026-06-17 08:55:17] [DEBUG] [market_client] Candles XAUUSD 4H: 50 bars
[2026-06-17 08:55:17] [DEBUG] [market_client] Indicators XAUUSD: RSI=62.3 ATR=28.02131 trend=strong uptrend
[2026-06-17 08:55:17] [INFO] [voting_engine] XAUUSD: MTF strongly aligned, boosting score 10%
[2026-06-17 08:55:17] [INFO] [main] --- GBPUSD ---
[2026-06-17 08:55:21] [INFO] [deepseek] AI analysis GBPUSD: bias=neutral score=45.0 conf=0.40
[2026-06-17 08:55:21] [DEBUG] [signal_engine] Signal: NEUTRAL score=45.0 conf=0.40 strength=ضعيف valid=False
[2026-06-17 08:55:21] [INFO] [sentiment] Sentiment GBPUSD: bearish score=100 bull=0 bear=1
[2026-06-17 08:55:21] [DEBUG] [market_client] Candles GBPUSD 4H: 50 bars
[2026-06-17 08:55:21] [DEBUG] [market_client] Indicators GBPUSD: RSI=58.4 ATR=0.00218 trend=strong uptrend
[2026-06-17 08:55:21] [DEBUG] [market_client] Candles GBPUSD 4H: 50 bars
[2026-06-17 08:55:21] [DEBUG] [market_client] Indicators GBPUSD: RSI=58.4 ATR=0.00218 trend=strong uptrend
[2026-06-17 08:55:21] [DEBUG] [market_client] Candles GBPUSD 4H: 50 bars
[2026-06-17 08:55:21] [DEBUG] [market_client] Indicators GBPUSD: RSI=58.4 ATR=0.00218 trend=strong uptrend
[2026-06-17 08:55:21] [INFO] [mtf] MTF GBPUSD: H4=bullish H1=bullish M15=bullish aligned=True (strong)
[2026-06-17 08:55:21] [DEBUG] [market_client] Candles GBPUSD 4H: 50 bars
[2026-06-17 08:55:21] [DEBUG] [market_client] Indicators GBPUSD: RSI=58.4 ATR=0.00218 trend=strong uptrend
[2026-06-17 08:55:21] [DEBUG] [market_client] Candles GBPUSD 4H: 50 bars
[2026-06-17 08:55:21] [DEBUG] [market_client] Indicators GBPUSD: RSI=58.4 ATR=0.00218 trend=strong uptrend
[2026-06-17 08:55:21] [DEBUG] [market_client] Candles GBPUSD 4H: 50 bars
[2026-06-17 08:55:21] [DEBUG] [market_client] Indicators GBPUSD: RSI=58.4 ATR=0.00218 trend=strong uptrend
[2026-06-17 08:55:21] [DEBUG] [market_client] Candles GBPUSD 4H: 50 bars
[2026-06-17 08:55:21] [DEBUG] [market_client] Indicators GBPUSD: RSI=58.4 ATR=0.00218 trend=strong uptrend
[2026-06-17 08:55:21] [DEBUG] [market_client] Candles GBPUSD 4H: 50 bars
[2026-06-17 08:55:21] [DEBUG] [market_client] Indicators GBPUSD: RSI=58.4 ATR=0.00218 trend=strong uptrend
[2026-06-17 08:55:21] [INFO] [voting_engine] GBPUSD: MTF strongly aligned, boosting score 10%
[2026-06-17 08:55:21] [INFO] [main] Sleeping 1800s...
[2026-06-17 09:02:04] [INFO] [ml_dataset_builder] ML dataset build: accepted=1 rejected=1 clean_ratio=50.00% total=2 strict_mode=True
[2026-06-17 09:21:17] [INFO] [qd_client] Logged in to QuantDinger
[2026-06-17 09:25:21] [INFO] [main] ==================================================
[2026-06-17 09:25:21] [INFO] [main] Cycle 13 at 09:25:21
[2026-06-17 09:25:31] [INFO] [news_fetcher] Fetched 7 relevant news items
[2026-06-17 09:25:31] [INFO] [main] Equity: 73516.00$ | News: 7
[2026-06-17 09:25:31] [INFO] [main] --- EURUSD ---
[2026-06-17 09:25:34] [INFO] [deepseek] AI analysis EURUSD: bias=neutral score=20.0 conf=0.30
[2026-06-17 09:25:34] [DEBUG] [signal_engine] Signal: NEUTRAL score=20.0 conf=0.30 strength=ضعيف valid=False
[2026-06-17 09:25:34] [DEBUG] [market_client] Candles EURUSD 4H: 50 bars
[2026-06-17 09:25:34] [DEBUG] [market_client] Indicators EURUSD: RSI=68.8 ATR=0.00174 trend=strong uptrend
[2026-06-17 09:25:34] [DEBUG] [market_client] Candles EURUSD 4H: 50 bars
[2026-06-17 09:25:34] [DEBUG] [market_client] Indicators EURUSD: RSI=68.8 ATR=0.00174 trend=strong uptrend
[2026-06-17 09:25:34] [DEBUG] [market_client] Candles EURUSD 4H: 50 bars
[2026-06-17 09:25:34] [DEBUG] [market_client] Indicators EURUSD: RSI=68.8 ATR=0.00174 trend=strong uptrend
[2026-06-17 09:25:34] [INFO] [mtf] MTF EURUSD: H4=bullish H1=bullish M15=bullish aligned=True (strong)
[2026-06-17 09:25:34] [DEBUG] [market_client] Candles EURUSD 4H: 50 bars
[2026-06-17 09:25:34] [DEBUG] [market_client] Indicators EURUSD: RSI=68.8 ATR=0.00174 trend=strong uptrend
[2026-06-17 09:25:34] [DEBUG] [market_client] Candles EURUSD 4H: 50 bars
[2026-06-17 09:25:34] [DEBUG] [market_client] Indicators EURUSD: RSI=68.8 ATR=0.00174 trend=strong uptrend
[2026-06-17 09:25:34] [DEBUG] [market_client] Candles EURUSD 4H: 50 bars
[2026-06-17 09:25:34] [DEBUG] [market_client] Indicators EURUSD: RSI=68.8 ATR=0.00174 trend=strong uptrend
[2026-06-17 09:25:34] [DEBUG] [market_client] Candles EURUSD 4H: 50 bars
[2026-06-17 09:25:34] [DEBUG] [market_client] Indicators EURUSD: RSI=68.8 ATR=0.00174 trend=strong uptrend
[2026-06-17 09:25:34] [DEBUG] [market_client] Candles EURUSD 4H: 50 bars
[2026-06-17 09:25:34] [DEBUG] [market_client] Indicators EURUSD: RSI=68.8 ATR=0.00174 trend=strong uptrend
[2026-06-17 09:25:34] [INFO] [voting_engine] EURUSD: MTF strongly aligned, boosting score 10%
[2026-06-17 09:25:34] [INFO] [main] --- XAUUSD ---
[2026-06-17 09:25:38] [INFO] [deepseek] AI analysis XAUUSD: bias=neutral score=35.0 conf=0.40
[2026-06-17 09:25:38] [DEBUG] [signal_engine] Signal: NEUTRAL score=35.0 conf=0.40 strength=ضعيف valid=False
[2026-06-17 09:25:38] [DEBUG] [market_client] Candles XAUUSD 4H: 50 bars
[2026-06-17 09:25:38] [DEBUG] [market_client] Indicators XAUUSD: RSI=62.0 ATR=28.03557 trend=strong uptrend
[2026-06-17 09:25:38] [DEBUG] [market_client] Candles XAUUSD 4H: 50 bars
[2026-06-17 09:25:38] [DEBUG] [market_client] Indicators XAUUSD: RSI=62.0 ATR=28.03557 trend=strong uptrend
[2026-06-17 09:25:38] [DEBUG] [market_client] Candles XAUUSD 4H: 50 bars
[2026-06-17 09:25:38] [DEBUG] [market_client] Indicators XAUUSD: RSI=62.0 ATR=28.03557 trend=strong uptrend
[2026-06-17 09:25:38] [INFO] [mtf] MTF XAUUSD: H4=bullish H1=bullish M15=bullish aligned=True (strong)
[2026-06-17 09:25:38] [DEBUG] [market_client] Candles XAUUSD 4H: 50 bars
[2026-06-17 09:25:38] [DEBUG] [market_client] Indicators XAUUSD: RSI=62.0 ATR=28.03557 trend=strong uptrend
[2026-06-17 09:25:38] [DEBUG] [market_client] Candles XAUUSD 4H: 50 bars
[2026-06-17 09:25:38] [DEBUG] [market_client] Indicators XAUUSD: RSI=62.0 ATR=28.03557 trend=strong uptrend
[2026-06-17 09:25:38] [DEBUG] [market_client] Candles XAUUSD 4H: 50 bars
[2026-06-17 09:25:38] [DEBUG] [market_client] Indicators XAUUSD: RSI=62.0 ATR=28.03557 trend=strong uptrend
[2026-06-17 09:25:38] [DEBUG] [market_client] Candles XAUUSD 4H: 50 bars
[2026-06-17 09:25:38] [DEBUG] [market_client] Indicators XAUUSD: RSI=62.0 ATR=28.03557 trend=strong uptrend
[2026-06-17 09:25:38] [DEBUG] [market_client] Candles XAUUSD 4H: 50 bars
[2026-06-17 09:25:38] [DEBUG] [market_client] Indicators XAUUSD: RSI=62.0 ATR=28.03557 trend=strong uptrend
[2026-06-17 09:25:38] [INFO] [voting_engine] XAUUSD: MTF strongly aligned, boosting score 10%
[2026-06-17 09:25:38] [INFO] [main] --- GBPUSD ---
[2026-06-17 09:25:42] [INFO] [deepseek] AI analysis GBPUSD: bias=neutral score=35.0 conf=0.40
[2026-06-17 09:25:42] [DEBUG] [signal_engine] Signal: NEUTRAL score=35.0 conf=0.40 strength=ضعيف valid=False
[2026-06-17 09:25:42] [DEBUG] [market_client] Candles GBPUSD 4H: 50 bars
[2026-06-17 09:25:42] [DEBUG] [market_client] Indicators GBPUSD: RSI=54.0 ATR=0.00224 trend=downtrend
[2026-06-17 09:25:42] [DEBUG] [market_client] Candles GBPUSD 4H: 50 bars
[2026-06-17 09:25:42] [DEBUG] [market_client] Indicators GBPUSD: RSI=54.0 ATR=0.00224 trend=downtrend
[2026-06-17 09:25:42] [DEBUG] [market_client] Candles GBPUSD 4H: 50 bars
[2026-06-17 09:25:42] [DEBUG] [market_client] Indicators GBPUSD: RSI=54.0 ATR=0.00224 trend=downtrend
[2026-06-17 09:25:42] [INFO] [mtf] MTF GBPUSD: H4=bearish H1=neutral M15=neutral aligned=False (weak)
[2026-06-17 09:25:42] [DEBUG] [market_client] Candles GBPUSD 4H: 50 bars
[2026-06-17 09:25:42] [DEBUG] [market_client] Indicators GBPUSD: RSI=54.0 ATR=0.00224 trend=downtrend
[2026-06-17 09:25:42] [DEBUG] [market_client] Candles GBPUSD 4H: 50 bars
[2026-06-17 09:25:42] [DEBUG] [market_client] Indicators GBPUSD: RSI=54.0 ATR=0.00224 trend=downtrend
[2026-06-17 09:25:42] [DEBUG] [market_client] Candles GBPUSD 4H: 50 bars
[2026-06-17 09:25:42] [DEBUG] [market_client] Indicators GBPUSD: RSI=54.0 ATR=0.00224 trend=downtrend
[2026-06-17 09:25:42] [DEBUG] [market_client] Candles GBPUSD 4H: 50 bars
[2026-06-17 09:25:42] [DEBUG] [market_client] Indicators GBPUSD: RSI=54.0 ATR=0.00224 trend=downtrend
[2026-06-17 09:25:42] [DEBUG] [market_client] Candles GBPUSD 4H: 50 bars
[2026-06-17 09:25:42] [DEBUG] [market_client] Indicators GBPUSD: RSI=54.0 ATR=0.00224 trend=downtrend
[2026-06-17 09:25:42] [INFO] [voting_engine] GBPUSD: MTF weakly misaligned, reducing score 20%
[2026-06-17 09:25:42] [INFO] [main] Sleeping 1800s...
[2026-06-17 09:26:16] [INFO] [news_fetcher] Fetched 8 relevant news items
[2026-06-17 09:26:19] [INFO] [deepseek] AI analysis EURUSD: bias=neutral score=10.0 conf=0.20
[2026-06-17 09:26:19] [DEBUG] [market_client] Candles EURUSD 4H: 50 bars
[2026-06-17 09:26:19] [DEBUG] [market_client] Indicators EURUSD: RSI=68.8 ATR=0.00174 trend=strong uptrend
[2026-06-17 09:26:19] [DEBUG] [market_client] Candles EURUSD 4H: 50 bars
[2026-06-17 09:26:19] [DEBUG] [market_client] Indicators EURUSD: RSI=68.8 ATR=0.00174 trend=strong uptrend
[2026-06-17 09:26:20] [DEBUG] [market_client] Candles EURUSD 4H: 50 bars
[2026-06-17 09:26:20] [DEBUG] [market_client] Indicators EURUSD: RSI=68.8 ATR=0.00174 trend=strong uptrend
[2026-06-17 09:26:24] [INFO] [deepseek] AI analysis XAUUSD: bias=neutral score=45.0 conf=0.40
[2026-06-17 09:26:24] [DEBUG] [market_client] Candles XAUUSD 4H: 50 bars
[2026-06-17 09:26:24] [DEBUG] [market_client] Indicators XAUUSD: RSI=62.0 ATR=28.03557 trend=strong uptrend
[2026-06-17 09:26:24] [DEBUG] [market_client] Candles XAUUSD 4H: 50 bars
[2026-06-17 09:26:24] [DEBUG] [market_client] Indicators XAUUSD: RSI=62.0 ATR=28.03557 trend=strong uptrend
[2026-06-17 09:26:24] [DEBUG] [market_client] Candles XAUUSD 4H: 50 bars
[2026-06-17 09:26:24] [DEBUG] [market_client] Indicators XAUUSD: RSI=62.0 ATR=28.03557 trend=strong uptrend
[2026-06-17 09:26:28] [INFO] [deepseek] AI analysis GBPUSD: bias=neutral score=30.0 conf=0.40
[2026-06-17 09:26:28] [DEBUG] [market_client] Candles GBPUSD 4H: 50 bars
[2026-06-17 09:26:28] [DEBUG] [market_client] Indicators GBPUSD: RSI=54.0 ATR=0.00224 trend=downtrend
[2026-06-17 09:26:28] [DEBUG] [market_client] Candles GBPUSD 4H: 50 bars
[2026-06-17 09:26:28] [DEBUG] [market_client] Indicators GBPUSD: RSI=54.0 ATR=0.00224 trend=downtrend
[2026-06-17 09:26:28] [DEBUG] [market_client] Candles GBPUSD 4H: 50 bars
[2026-06-17 09:26:28] [DEBUG] [market_client] Indicators GBPUSD: RSI=54.0 ATR=0.00224 trend=downtrend
[2026-06-17 09:35:41] [INFO] [main] Trading Bot V3 starting...
[2026-06-17 09:35:41] [INFO] [database] V3 Database initialized with all tables
[2026-06-17 09:35:41] [INFO] [qd_client] Logged in to QuantDinger
[2026-06-17 09:35:41] [INFO] [qd_client] MT5 connected
[2026-06-17 09:35:41] [INFO] [main] MT5 connected
[2026-06-17 09:35:41] [INFO] [telegram_bot] Telegram polling started
[2026-06-17 09:35:41] [INFO] [telegram_bot] Telegram bot V3 started
[2026-06-17 09:35:41] [INFO] [mt5_watchdog] MT5 watchdog started (V1 reconnect logic)
[2026-06-17 09:35:41] [INFO] [reconciliation] Reconciliation loop started (every 60s)
[2026-06-17 09:35:41] [INFO] [reconciliation] Reconciliation thread started
[2026-06-17 09:35:42] [INFO] [main] ==================================================
[2026-06-17 09:35:42] [INFO] [main] Cycle 1 at 09:35:42
[2026-06-17 09:35:51] [INFO] [news_fetcher] Fetched 7 relevant news items
[2026-06-17 09:35:51] [INFO] [main] Equity: 73516.00$ | News: 7
[2026-06-17 09:35:51] [INFO] [main] --- EURUSD ---
[2026-06-17 09:35:54] [INFO] [deepseek] AI analysis EURUSD: bias=neutral score=10.0 conf=0.20
[2026-06-17 09:35:54] [DEBUG] [signal_engine] Signal: NEUTRAL score=10.0 conf=0.20 strength=ضعيف valid=False
[2026-06-17 09:35:54] [DEBUG] [market_client] Candles EURUSD 4H: 50 bars
[2026-06-17 09:35:54] [DEBUG] [market_client] Indicators EURUSD: RSI=67.1 ATR=0.00177 trend=strong uptrend
[2026-06-17 09:35:54] [DEBUG] [market_client] Candles EURUSD 4H: 50 bars
[2026-06-17 09:35:54] [DEBUG] [market_client] Indicators EURUSD: RSI=67.1 ATR=0.00177 trend=strong uptrend
[2026-06-17 09:35:54] [DEBUG] [market_client] Candles EURUSD 4H: 50 bars
[2026-06-17 09:35:54] [DEBUG] [market_client] Indicators EURUSD: RSI=67.1 ATR=0.00177 trend=strong uptrend
[2026-06-17 09:35:54] [INFO] [mtf] MTF EURUSD: H4=bullish H1=bullish M15=bullish aligned=True (strong)
[2026-06-17 09:35:54] [DEBUG] [market_client] Candles EURUSD 4H: 50 bars
[2026-06-17 09:35:54] [DEBUG] [market_client] Indicators EURUSD: RSI=67.1 ATR=0.00177 trend=strong uptrend
[2026-06-17 09:35:54] [DEBUG] [market_client] Candles EURUSD 4H: 50 bars
[2026-06-17 09:35:54] [DEBUG] [market_client] Indicators EURUSD: RSI=67.1 ATR=0.00177 trend=strong uptrend
[2026-06-17 09:35:54] [DEBUG] [market_client] Candles EURUSD 4H: 50 bars
[2026-06-17 09:35:54] [DEBUG] [market_client] Indicators EURUSD: RSI=67.1 ATR=0.00177 trend=strong uptrend
[2026-06-17 09:35:54] [DEBUG] [market_client] Candles EURUSD 4H: 50 bars
[2026-06-17 09:35:54] [DEBUG] [market_client] Indicators EURUSD: RSI=67.1 ATR=0.00177 trend=strong uptrend
[2026-06-17 09:35:54] [DEBUG] [market_client] Candles EURUSD 4H: 50 bars
[2026-06-17 09:35:54] [DEBUG] [market_client] Indicators EURUSD: RSI=67.1 ATR=0.00177 trend=strong uptrend
[2026-06-17 09:35:54] [INFO] [voting_engine] EURUSD: MTF strongly aligned, boosting score 10%
[2026-06-17 09:35:54] [INFO] [main] --- XAUUSD ---
[2026-06-17 09:35:58] [INFO] [deepseek] AI analysis XAUUSD: bias=neutral score=35.0 conf=0.40
[2026-06-17 09:35:58] [DEBUG] [signal_engine] Signal: NEUTRAL score=35.0 conf=0.40 strength=ضعيف valid=False
[2026-06-17 09:35:58] [DEBUG] [market_client] Candles XAUUSD 4H: 50 bars
[2026-06-17 09:35:58] [DEBUG] [market_client] Indicators XAUUSD: RSI=60.2 ATR=28.03557 trend=strong uptrend
[2026-06-17 09:35:58] [DEBUG] [market_client] Candles XAUUSD 4H: 50 bars
[2026-06-17 09:35:58] [DEBUG] [market_client] Indicators XAUUSD: RSI=60.2 ATR=28.03557 trend=strong uptrend
[2026-06-17 09:35:58] [DEBUG] [market_client] Candles XAUUSD 4H: 50 bars
[2026-06-17 09:35:58] [DEBUG] [market_client] Indicators XAUUSD: RSI=60.2 ATR=28.03557 trend=strong uptrend
[2026-06-17 09:35:58] [INFO] [mtf] MTF XAUUSD: H4=bullish H1=bullish M15=bullish aligned=True (strong)
[2026-06-17 09:35:58] [DEBUG] [market_client] Candles XAUUSD 4H: 50 bars
[2026-06-17 09:35:58] [DEBUG] [market_client] Indicators XAUUSD: RSI=60.2 ATR=28.03557 trend=strong uptrend
[2026-06-17 09:35:58] [DEBUG] [market_client] Candles XAUUSD 4H: 50 bars
[2026-06-17 09:35:58] [DEBUG] [market_client] Indicators XAUUSD: RSI=60.2 ATR=28.03557 trend=strong uptrend
[2026-06-17 09:35:58] [DEBUG] [market_client] Candles XAUUSD 4H: 50 bars
[2026-06-17 09:35:58] [DEBUG] [market_client] Indicators XAUUSD: RSI=60.2 ATR=28.03557 trend=strong uptrend
[2026-06-17 09:35:58] [DEBUG] [market_client] Candles XAUUSD 4H: 50 bars
[2026-06-17 09:35:58] [DEBUG] [market_client] Indicators XAUUSD: RSI=60.2 ATR=28.03557 trend=strong uptrend
[2026-06-17 09:35:58] [DEBUG] [market_client] Candles XAUUSD 4H: 50 bars
[2026-06-17 09:35:58] [DEBUG] [market_client] Indicators XAUUSD: RSI=60.2 ATR=28.03557 trend=strong uptrend
[2026-06-17 09:35:58] [INFO] [voting_engine] XAUUSD: MTF strongly aligned, boosting score 10%
[2026-06-17 09:35:58] [INFO] [main] --- GBPUSD ---
[2026-06-17 09:36:01] [INFO] [deepseek] AI analysis GBPUSD: bias=neutral score=45.0 conf=0.40
[2026-06-17 09:36:01] [DEBUG] [signal_engine] Signal: NEUTRAL score=45.0 conf=0.40 strength=ضعيف valid=False
[2026-06-17 09:36:02] [DEBUG] [market_client] Candles GBPUSD 4H: 50 bars
[2026-06-17 09:36:02] [DEBUG] [market_client] Indicators GBPUSD: RSI=51.4 ATR=0.00229 trend=downtrend
[2026-06-17 09:36:02] [DEBUG] [market_client] Candles GBPUSD 4H: 50 bars
[2026-06-17 09:36:02] [DEBUG] [market_client] Indicators GBPUSD: RSI=51.4 ATR=0.00229 trend=downtrend
[2026-06-17 09:36:02] [DEBUG] [market_client] Candles GBPUSD 4H: 50 bars
[2026-06-17 09:36:02] [DEBUG] [market_client] Indicators GBPUSD: RSI=51.4 ATR=0.00229 trend=downtrend
[2026-06-17 09:36:02] [INFO] [mtf] MTF GBPUSD: H4=bearish H1=neutral M15=neutral aligned=False (weak)
[2026-06-17 09:36:02] [DEBUG] [market_client] Candles GBPUSD 4H: 50 bars
[2026-06-17 09:36:02] [DEBUG] [market_client] Indicators GBPUSD: RSI=51.4 ATR=0.00229 trend=downtrend
[2026-06-17 09:36:02] [DEBUG] [market_client] Candles GBPUSD 4H: 50 bars
[2026-06-17 09:36:02] [DEBUG] [market_client] Indicators GBPUSD: RSI=51.4 ATR=0.00229 trend=downtrend
[2026-06-17 09:36:02] [DEBUG] [market_client] Candles GBPUSD 4H: 50 bars
[2026-06-17 09:36:02] [DEBUG] [market_client] Indicators GBPUSD: RSI=51.4 ATR=0.00229 trend=downtrend
[2026-06-17 09:36:02] [DEBUG] [market_client] Candles GBPUSD 4H: 50 bars
[2026-06-17 09:36:02] [DEBUG] [market_client] Indicators GBPUSD: RSI=51.4 ATR=0.00229 trend=downtrend
[2026-06-17 09:36:02] [DEBUG] [market_client] Candles GBPUSD 4H: 50 bars
[2026-06-17 09:36:02] [DEBUG] [market_client] Indicators GBPUSD: RSI=51.4 ATR=0.00229 trend=downtrend
[2026-06-17 09:36:02] [INFO] [voting_engine] GBPUSD: MTF weakly misaligned, reducing score 20%
[2026-06-17 09:36:02] [INFO] [main] Sleeping 1800s...
[2026-06-17 09:38:43] [INFO] [news_fetcher] Fetched 5 relevant news items
[2026-06-17 09:38:45] [INFO] [deepseek] AI analysis EURUSD: bias=neutral score=15.0 conf=0.20
[2026-06-17 09:38:45] [DEBUG] [market_client] Candles EURUSD 4H: 50 bars
[2026-06-17 09:38:45] [DEBUG] [market_client] Indicators EURUSD: RSI=67.1 ATR=0.00177 trend=strong uptrend
[2026-06-17 09:38:45] [DEBUG] [market_client] Candles EURUSD 4H: 50 bars
[2026-06-17 09:38:45] [DEBUG] [market_client] Indicators EURUSD: RSI=67.1 ATR=0.00177 trend=strong uptrend
[2026-06-17 09:38:45] [DEBUG] [market_client] Candles EURUSD 4H: 50 bars
[2026-06-17 09:38:45] [DEBUG] [market_client] Indicators EURUSD: RSI=67.1 ATR=0.00177 trend=strong uptrend
[2026-06-17 09:38:49] [INFO] [deepseek] AI analysis XAUUSD: bias=neutral score=35.0 conf=0.40
[2026-06-17 09:38:49] [DEBUG] [market_client] Candles XAUUSD 4H: 50 bars
[2026-06-17 09:38:49] [DEBUG] [market_client] Indicators XAUUSD: RSI=60.2 ATR=28.03557 trend=strong uptrend
[2026-06-17 09:38:49] [DEBUG] [market_client] Candles XAUUSD 4H: 50 bars
[2026-06-17 09:38:49] [DEBUG] [market_client] Indicators XAUUSD: RSI=60.2 ATR=28.03557 trend=strong uptrend
[2026-06-17 09:38:49] [DEBUG] [market_client] Candles XAUUSD 4H: 50 bars
[2026-06-17 09:38:49] [DEBUG] [market_client] Indicators XAUUSD: RSI=60.2 ATR=28.03557 trend=strong uptrend
[2026-06-17 09:38:53] [INFO] [deepseek] AI analysis GBPUSD: bias=neutral score=45.0 conf=0.40
[2026-06-17 09:38:53] [DEBUG] [market_client] Candles GBPUSD 4H: 50 bars
[2026-06-17 09:38:53] [DEBUG] [market_client] Indicators GBPUSD: RSI=51.4 ATR=0.00229 trend=downtrend
[2026-06-17 09:38:53] [DEBUG] [market_client] Candles GBPUSD 4H: 50 bars
[2026-06-17 09:38:53] [DEBUG] [market_client] Indicators GBPUSD: RSI=51.4 ATR=0.00229 trend=downtrend
[2026-06-17 09:38:53] [DEBUG] [market_client] Candles GBPUSD 4H: 50 bars
[2026-06-17 09:38:53] [DEBUG] [market_client] Indicators GBPUSD: RSI=51.4 ATR=0.00229 trend=downtrend
