[2026-06-29 04:33:03] [INFO] [main] Trading Bot V3 starting...
[2026-06-29 04:33:03] [INFO] [database] V3 Database initialized with all tables
[2026-06-29 04:33:03] [INFO] [qd_client] Logged in to QuantDinger
[2026-06-29 04:33:03] [INFO] [qd_client] MT5 connected
[2026-06-29 04:33:03] [INFO] [main] MT5 connected
[2026-06-29 04:33:03] [INFO] [telegram_bot] Telegram polling started
[2026-06-29 04:33:03] [INFO] [telegram_bot] Telegram bot V3 started
[2026-06-29 04:33:03] [INFO] [mt5_watchdog] MT5 watchdog started (V1 reconnect logic)
[2026-06-29 04:33:03] [INFO] [reconciliation] Reconciliation loop started (every 60s)
[2026-06-29 04:33:03] [INFO] [reconciliation] Reconciliation thread started
[2026-06-29 04:33:04] [INFO] [main] ==================================================
[2026-06-29 04:33:04] [INFO] [main] Cycle 1 at 04:33:04
[2026-06-29 04:33:15] [INFO] [news_fetcher] Fetched 4 relevant news items
[2026-06-29 04:33:15] [INFO] [main] Equity: 73875.60$ | News: 4
[2026-06-29 04:33:15] [DEBUG] [hybrid_market_client] Fetching indicators for EURUSD (QuantDinger only)
[2026-06-29 04:33:16] [DEBUG] [market_client] Candles EURUSD 4H: 100 bars ✓
[2026-06-29 04:33:16] [DEBUG] [hybrid_market_client] ✓ Got live data from QuantDinger for EURUSD
[2026-06-29 04:33:16] [DEBUG] [hybrid_market_client] Fetching indicators for EURUSD (QuantDinger only)
[2026-06-29 04:33:16] [DEBUG] [market_client] Candles EURUSD 4H: 100 bars ✓
[2026-06-29 04:33:16] [DEBUG] [hybrid_market_client] ✓ Got live data from QuantDinger for EURUSD
[2026-06-29 04:33:16] [DEBUG] [hybrid_market_client] Fetching indicators for EURUSD (QuantDinger only)
[2026-06-29 04:33:16] [DEBUG] [market_client] Candles EURUSD 4H: 100 bars ✓
[2026-06-29 04:33:16] [DEBUG] [hybrid_market_client] ✓ Got live data from QuantDinger for EURUSD
[2026-06-29 04:33:16] [INFO] [market_snapshot_builder] [SNAPSHOT_BUILT] symbol=EURUSD tfs=H4,H1,M15
[2026-06-29 04:33:16] [DEBUG] [hybrid_market_client] Fetching indicators for XAUUSD (QuantDinger only)
[2026-06-29 04:33:16] [DEBUG] [market_client] Candles XAUUSD 4H: 100 bars ✓
[2026-06-29 04:33:16] [DEBUG] [hybrid_market_client] ✓ Got live data from QuantDinger for XAUUSD
[2026-06-29 04:33:16] [DEBUG] [hybrid_market_client] Fetching indicators for XAUUSD (QuantDinger only)
[2026-06-29 04:33:16] [DEBUG] [market_client] Candles XAUUSD 4H: 100 bars ✓
[2026-06-29 04:33:16] [DEBUG] [hybrid_market_client] ✓ Got live data from QuantDinger for XAUUSD
[2026-06-29 04:33:16] [DEBUG] [hybrid_market_client] Fetching indicators for XAUUSD (QuantDinger only)
[2026-06-29 04:33:16] [DEBUG] [market_client] Candles XAUUSD 4H: 100 bars ✓
[2026-06-29 04:33:16] [DEBUG] [hybrid_market_client] ✓ Got live data from QuantDinger for XAUUSD
[2026-06-29 04:33:16] [INFO] [market_snapshot_builder] [SNAPSHOT_BUILT] symbol=XAUUSD tfs=H4,H1,M15
[2026-06-29 04:33:16] [DEBUG] [hybrid_market_client] Fetching indicators for GBPUSD (QuantDinger only)
[2026-06-29 04:33:16] [DEBUG] [market_client] Candles GBPUSD 4H: 100 bars ✓
[2026-06-29 04:33:16] [DEBUG] [hybrid_market_client] ✓ Got live data from QuantDinger for GBPUSD
[2026-06-29 04:33:16] [DEBUG] [hybrid_market_client] Fetching indicators for GBPUSD (QuantDinger only)
[2026-06-29 04:33:16] [DEBUG] [market_client] Candles GBPUSD 4H: 100 bars ✓
[2026-06-29 04:33:16] [DEBUG] [hybrid_market_client] ✓ Got live data from QuantDinger for GBPUSD
[2026-06-29 04:33:16] [DEBUG] [hybrid_market_client] Fetching indicators for GBPUSD (QuantDinger only)
[2026-06-29 04:33:16] [DEBUG] [market_client] Candles GBPUSD 4H: 100 bars ✓
[2026-06-29 04:33:16] [DEBUG] [hybrid_market_client] ✓ Got live data from QuantDinger for GBPUSD
[2026-06-29 04:33:16] [INFO] [market_snapshot_builder] [SNAPSHOT_BUILT] symbol=GBPUSD tfs=H4,H1,M15
[2026-06-29 04:33:16] [INFO] [main] --- EURUSD ---
[2026-06-29 04:33:20] [INFO] [deepseek] DEEPSEEK OK: {"impact_score": 30, "bias": "bullish", "confidence": 0.7, "reason": "الاتجاه الصاعد قوي على جميع ال...
[2026-06-29 04:33:20] [INFO] [deepseek] AI EURUSD: bias=bullish impact=30.0 conf=0.70
[2026-06-29 04:33:20] [INFO] [signal_engine] [VERIFY] SIGNAL_INPUT bias=bullish score=30.0 confidence=0.7
[2026-06-29 04:33:20] [INFO] [signal_engine] [VERIFY] SIGNAL_RULE rule=confidence>=0.60 actual=0.7 result=True
[2026-06-29 04:33:20] [INFO] [signal_engine] [VERIFY] SIGNAL_RULE rule=score>=55 actual=30.0 result=False
[2026-06-29 04:33:20] [INFO] [signal_engine] [VERIFY] SIGNAL_RULE rule=bias in [bullish,bearish] actual=bullish result=True
[2026-06-29 04:33:20] [INFO] [signal_engine] [VERIFY] SIGNAL_FINAL direction=BUY score=30.0 confidence=0.7 valid=False
[2026-06-29 04:33:20] [INFO] [signal_engine] [VERIFY] SIGNAL_FAILURE_REASONS
[2026-06-29 04:33:20] [INFO] [signal_engine] * score below threshold
[2026-06-29 04:33:20] [INFO] [signal_engine] [VERIFY] SIGNAL_FAILURE_LOCATION file=F:\files (2)\google\botdd\trading_bot_v3\decision\signal_engine.py function=generate_signal
[2026-06-29 04:33:20] [DEBUG] [signal_engine] Signal: BUY score=30.0 conf=0.70 strength=ضعيف valid=False
[2026-06-29 04:33:20] [INFO] [sentiment] Sentiment EURUSD: bearish score=100 bull=0 bear=1
[2026-06-29 04:33:20] [DEBUG] [mtf] MTF (snapshot) EURUSD: H4=bullish H1=bullish M15=bullish aligned=True (strong)
[2026-06-29 04:33:20] [INFO] [main] [VERIFY][DATA_TRUTH] symbol=EURUSD timeframe=H4/H1/M15 news_fetched=True indicators_fetched=True live_data=True cached=False
[2026-06-29 04:33:20] [INFO] [voting_engine] EURUSD: MTF strongly aligned, boosting score 10%
[2026-06-29 04:33:20] [DEBUG] [hybrid_market_client] Fetching indicators for EURUSD (QuantDinger only)
[2026-06-29 04:33:20] [DEBUG] [market_client] Candles EURUSD 4H: 100 bars ✓
[2026-06-29 04:33:20] [DEBUG] [hybrid_market_client] ✓ Got live data from QuantDinger for EURUSD
[2026-06-29 04:33:20] [DEBUG] [hybrid_market_client] Fetching indicators for EURUSD (QuantDinger only)
[2026-06-29 04:33:20] [DEBUG] [market_client] Using cached candles for EURUSD 4H (age: 0s)
[2026-06-29 04:33:20] [DEBUG] [hybrid_market_client] ✓ Got live data from QuantDinger for EURUSD
[2026-06-29 04:33:20] [INFO] [sltp] SL/TP EURUSD: entry=1.139211654663086 atr=0.00222 sl=1.13588 tp=1.14476
[2026-06-29 04:33:20] [INFO] [position_sizing] Position size: 0.5 (equity=73876, risk=0.002, sl_dist=0.00333, score=89, cons_loss=0)
[2026-06-29 04:33:20] [INFO] [xgboost_v2] [VERIFY] XGBOOST MODEL LOADED path=models/xgb_model.json available=True
[2026-06-29 04:33:20] [INFO] [xgboost_v2] XGBoost v2 model loaded successfully
[2026-06-29 04:33:20] [DEBUG] [xgboost_v2] V2 predict: rsi=62.6 atr=0.00222 regime=TRENDING session=asia dir=BUY -> p_win=0.866
[2026-06-29 04:33:20] [INFO] [xgboost_v2] [VERIFY] XGBOOST PREDICTION p_win=0.866 available=True
[2026-06-29 04:33:20] [INFO] [main] [VERIFY][DECISION_TRUTH] bias=bullish score=88.6 confidence=1.0 vote=BUY risk_passed=True sl_tp_calculated=True position_size=0.5 xgboost_p_win=0.8664525747299194 final_decision_valid=False reject_reason=OK
[2026-06-29 04:33:20] [INFO] [main] --- XAUUSD ---
[2026-06-29 04:33:22] [INFO] [deepseek] DEEPSEEK OK: {
  "impact_score": 65,
  "bias": "bullish",
  "confidence": 0.85,
  "reason": "الذهب يواصل الاتجاه ...
[2026-06-29 04:33:22] [INFO] [deepseek] AI XAUUSD: bias=bullish impact=65.0 conf=0.85
[2026-06-29 04:33:22] [INFO] [signal_engine] [VERIFY] SIGNAL_INPUT bias=bullish score=65.0 confidence=0.85
[2026-06-29 04:33:22] [INFO] [signal_engine] [VERIFY] SIGNAL_RULE rule=confidence>=0.60 actual=0.85 result=True
[2026-06-29 04:33:22] [INFO] [signal_engine] [VERIFY] SIGNAL_RULE rule=score>=55 actual=65.0 result=True
[2026-06-29 04:33:22] [INFO] [signal_engine] [VERIFY] SIGNAL_RULE rule=bias in [bullish,bearish] actual=bullish result=True
[2026-06-29 04:33:22] [INFO] [signal_engine] [VERIFY] SIGNAL_FINAL direction=BUY score=65.0 confidence=0.85 valid=True
[2026-06-29 04:33:22] [DEBUG] [signal_engine] Signal: BUY score=65.0 conf=0.85 strength=متوسط valid=True
[2026-06-29 04:33:22] [INFO] [sentiment] Sentiment XAUUSD: neutral score=50 bull=1 bear=1
[2026-06-29 04:33:22] [DEBUG] [mtf] MTF (snapshot) XAUUSD: H4=bullish H1=bullish M15=bullish aligned=True (strong)
[2026-06-29 04:33:22] [INFO] [main] [VERIFY][DATA_TRUTH] symbol=XAUUSD timeframe=H4/H1/M15 news_fetched=True indicators_fetched=True live_data=True cached=False
[2026-06-29 04:33:22] [INFO] [voting_engine] XAUUSD: MTF strongly aligned, boosting score 10%
[2026-06-29 04:33:22] [DEBUG] [hybrid_market_client] Fetching indicators for XAUUSD (QuantDinger only)
[2026-06-29 04:33:22] [DEBUG] [market_client] Candles XAUUSD 4H: 100 bars ✓
[2026-06-29 04:33:22] [DEBUG] [hybrid_market_client] ✓ Got live data from QuantDinger for XAUUSD
[2026-06-29 04:33:22] [DEBUG] [hybrid_market_client] Fetching indicators for XAUUSD (QuantDinger only)
[2026-06-29 04:33:22] [DEBUG] [market_client] Using cached candles for XAUUSD 4H (age: 0s)
[2026-06-29 04:33:22] [DEBUG] [hybrid_market_client] ✓ Got live data from QuantDinger for XAUUSD
[2026-06-29 04:33:22] [INFO] [sltp] SL/TP XAUUSD: entry=4074.60009765625 atr=36.98566 sl=4064.6001 tp=4167.06426
[2026-06-29 04:33:22] [INFO] [position_sizing] Position size: 0.1 (equity=73876, risk=0.002, sl_dist=10.00000, score=90, cons_loss=0)
[2026-06-29 04:33:22] [DEBUG] [xgboost_v2] V2 predict: rsi=58.8 atr=36.98566 regime=TRENDING session=asia dir=BUY -> p_win=0.315
[2026-06-29 04:33:22] [INFO] [xgboost_v2] [VERIFY] XGBOOST PREDICTION p_win=0.315 available=True
[2026-06-29 04:33:22] [INFO] [main] [VERIFY][DECISION_TRUTH] bias=bullish score=89.7 confidence=1.0 vote=BUY risk_passed=True sl_tp_calculated=True position_size=0.1 xgboost_p_win=0.3154148459434509 final_decision_valid=False reject_reason=p_win<threshold (p_win=0.315 threshold=0.6)
[2026-06-29 04:33:22] [INFO] [main] --- GBPUSD ---
[2026-06-29 04:33:26] [WARNING] [deepseek] DeepSeek empty response
[2026-06-29 04:33:31] [WARNING] [deepseek] Retry 2: JSON incomplete/truncated
[2026-06-29 04:33:36] [WARNING] [deepseek] DeepSeek empty response
[2026-06-29 04:33:40] [WARNING] [deepseek] Retry 2: JSON incomplete/truncated
[2026-06-29 04:33:45] [WARNING] [deepseek] Retry 1: JSON incomplete/truncated
[2026-06-29 04:33:49] [WARNING] [deepseek] DeepSeek empty response
[2026-06-29 04:33:49] [INFO] [signal_engine] [VERIFY] SIGNAL_INPUT bias=neutral score=0 confidence=0
[2026-06-29 04:33:49] [INFO] [signal_engine] [VERIFY] SIGNAL_RULE rule=confidence>=0.60 actual=0 result=False
[2026-06-29 04:33:49] [INFO] [signal_engine] [VERIFY] SIGNAL_RULE rule=score>=55 actual=0 result=False
[2026-06-29 04:33:49] [INFO] [signal_engine] [VERIFY] SIGNAL_RULE rule=bias in [bullish,bearish] actual=neutral result=False
[2026-06-29 04:33:49] [INFO] [signal_engine] [VERIFY] SIGNAL_FINAL direction=NEUTRAL score=0 confidence=0 valid=False
[2026-06-29 04:33:49] [INFO] [signal_engine] [VERIFY] SIGNAL_FAILURE_REASONS
[2026-06-29 04:33:49] [INFO] [signal_engine] * confidence below threshold
[2026-06-29 04:33:49] [INFO] [signal_engine] * score below threshold
[2026-06-29 04:33:49] [INFO] [signal_engine] * neutral bias
[2026-06-29 04:33:49] [INFO] [signal_engine] [VERIFY] SIGNAL_FAILURE_LOCATION file=F:\files (2)\google\botdd\trading_bot_v3\decision\signal_engine.py function=generate_signal
[2026-06-29 04:33:49] [DEBUG] [signal_engine] Signal: NEUTRAL score=0 conf=0.00 strength=ضعيف valid=False
[2026-06-29 04:33:49] [INFO] [sentiment] Sentiment GBPUSD: neutral score=50 bull=1 bear=1
[2026-06-29 04:33:49] [DEBUG] [mtf] MTF (snapshot) GBPUSD: H4=bullish H1=bullish M15=bullish aligned=True (strong)
[2026-06-29 04:33:49] [INFO] [main] [VERIFY][DATA_TRUTH] symbol=GBPUSD timeframe=H4/H1/M15 news_fetched=True indicators_fetched=True live_data=True cached=False
[2026-06-29 04:33:49] [INFO] [voting_engine] GBPUSD: MTF strongly aligned, boosting score 10%
[2026-06-29 04:33:49] [INFO] [risk_engine] Risk: AI confidence too low (GBPUSD BUY) - AI confidence 0.00 < 0.6
[2026-06-29 04:33:49] [DEBUG] [hybrid_market_client] Fetching indicators for GBPUSD (QuantDinger only)
[2026-06-29 04:33:49] [DEBUG] [market_client] Candles GBPUSD 4H: 100 bars ✓
[2026-06-29 04:33:49] [DEBUG] [hybrid_market_client] ✓ Got live data from QuantDinger for GBPUSD
[2026-06-29 04:33:49] [DEBUG] [hybrid_market_client] Fetching indicators for GBPUSD (QuantDinger only)
[2026-06-29 04:33:49] [DEBUG] [market_client] Using cached candles for GBPUSD 4H (age: 0s)
[2026-06-29 04:33:49] [DEBUG] [hybrid_market_client] ✓ Got live data from QuantDinger for GBPUSD
[2026-06-29 04:33:49] [INFO] [sltp] SL/TP GBPUSD: entry=1.320166826248169 atr=0.00255 sl=1.31634 tp=1.32654
[2026-06-29 04:33:49] [INFO] [position_sizing] Position size: 0.5 (equity=73876, risk=0.001, sl_dist=0.00383, score=57, cons_loss=0)
[2026-06-29 04:33:49] [DEBUG] [xgboost_v2] V2 predict: rsi=63.3 atr=0.00255 regime=TRENDING session=asia dir=BUY -> p_win=0.948
[2026-06-29 04:33:49] [INFO] [xgboost_v2] [VERIFY] XGBOOST PREDICTION p_win=0.948 available=True
[2026-06-29 04:33:49] [INFO] [main] [VERIFY][DECISION_TRUTH] bias=neutral score=57.4 confidence=0.0 vote=BUY risk_passed=False sl_tp_calculated=True position_size=0.5 xgboost_p_win=0.9479189515113831 final_decision_valid=False reject_reason=AI confidence 0.00 < 0.6
[2026-06-29 04:33:49] [INFO] [adaptive_weights] EURUSD weights updated: {'ai': 0.237, 'trend': 0.237, 'momentum': 0.237, 'sentiment': 0.237, 'volatility': 0.05} | WR=23.1% PF=0
[2026-06-29 04:33:49] [INFO] [adaptive_weights] 🏆 أفضل زوج: EURUSD | WR=23.1% | PnL=190.0$
[2026-06-29 04:33:49] [INFO] [adaptive_weights] ⚠️ أسوأ زوج: XAUUSD | WR=0.0% | PnL=0.0$
[2026-06-29 04:33:49] [INFO] [main] Sleeping 1800s...
[2026-06-29 05:03:49] [INFO] [main] ==================================================
[2026-06-29 05:03:49] [INFO] [main] Cycle 2 at 05:03:49
[2026-06-29 05:04:00] [INFO] [news_fetcher] Fetched 9 relevant news items
[2026-06-29 05:04:00] [INFO] [main] Equity: 73875.60$ | News: 9
[2026-06-29 05:04:00] [DEBUG] [hybrid_market_client] Fetching indicators for EURUSD (QuantDinger only)
[2026-06-29 05:04:00] [DEBUG] [market_client] Candles EURUSD 4H: 100 bars ✓
[2026-06-29 05:04:00] [DEBUG] [hybrid_market_client] ✓ Got live data from QuantDinger for EURUSD
[2026-06-29 05:04:00] [DEBUG] [hybrid_market_client] Fetching indicators for EURUSD (QuantDinger only)
[2026-06-29 05:04:00] [DEBUG] [market_client] Candles EURUSD 4H: 100 bars ✓
[2026-06-29 05:04:00] [DEBUG] [hybrid_market_client] ✓ Got live data from QuantDinger for EURUSD
[2026-06-29 05:04:00] [DEBUG] [hybrid_market_client] Fetching indicators for EURUSD (QuantDinger only)
[2026-06-29 05:04:00] [DEBUG] [market_client] Candles EURUSD 4H: 100 bars ✓
[2026-06-29 05:04:00] [DEBUG] [hybrid_market_client] ✓ Got live data from QuantDinger for EURUSD
[2026-06-29 05:04:00] [INFO] [market_snapshot_builder] [SNAPSHOT_BUILT] symbol=EURUSD tfs=H4,H1,M15
[2026-06-29 05:04:00] [DEBUG] [hybrid_market_client] Fetching indicators for XAUUSD (QuantDinger only)
[2026-06-29 05:04:01] [DEBUG] [market_client] Candles XAUUSD 4H: 100 bars ✓
[2026-06-29 05:04:01] [DEBUG] [hybrid_market_client] ✓ Got live data from QuantDinger for XAUUSD
[2026-06-29 05:04:01] [DEBUG] [hybrid_market_client] Fetching indicators for XAUUSD (QuantDinger only)
[2026-06-29 05:04:01] [DEBUG] [market_client] Candles XAUUSD 4H: 100 bars ✓
[2026-06-29 05:04:01] [DEBUG] [hybrid_market_client] ✓ Got live data from QuantDinger for XAUUSD
[2026-06-29 05:04:01] [DEBUG] [hybrid_market_client] Fetching indicators for XAUUSD (QuantDinger only)
[2026-06-29 05:04:01] [DEBUG] [market_client] Candles XAUUSD 4H: 100 bars ✓
[2026-06-29 05:04:01] [DEBUG] [hybrid_market_client] ✓ Got live data from QuantDinger for XAUUSD
[2026-06-29 05:04:01] [INFO] [market_snapshot_builder] [SNAPSHOT_BUILT] symbol=XAUUSD tfs=H4,H1,M15
[2026-06-29 05:04:01] [DEBUG] [hybrid_market_client] Fetching indicators for GBPUSD (QuantDinger only)
[2026-06-29 05:04:01] [DEBUG] [market_client] Candles GBPUSD 4H: 100 bars ✓
[2026-06-29 05:04:01] [DEBUG] [hybrid_market_client] ✓ Got live data from QuantDinger for GBPUSD
[2026-06-29 05:04:01] [DEBUG] [hybrid_market_client] Fetching indicators for GBPUSD (QuantDinger only)
[2026-06-29 05:04:01] [DEBUG] [market_client] Candles GBPUSD 4H: 100 bars ✓
[2026-06-29 05:04:01] [DEBUG] [hybrid_market_client] ✓ Got live data from QuantDinger for GBPUSD
[2026-06-29 05:04:01] [DEBUG] [hybrid_market_client] Fetching indicators for GBPUSD (QuantDinger only)
[2026-06-29 05:04:01] [DEBUG] [market_client] Candles GBPUSD 4H: 100 bars ✓
[2026-06-29 05:04:01] [DEBUG] [hybrid_market_client] ✓ Got live data from QuantDinger for GBPUSD
[2026-06-29 05:04:01] [INFO] [market_snapshot_builder] [SNAPSHOT_BUILT] symbol=GBPUSD tfs=H4,H1,M15
[2026-06-29 05:04:01] [INFO] [main] --- EURUSD ---
[2026-06-29 05:04:06] [WARNING] [deepseek] DeepSeek empty response
[2026-06-29 05:04:11] [INFO] [deepseek] DEEPSEEK OK: {"impact_score": 70, "bias": "bearish", "confidence": 0.75, "reason": "توقعات بارتفاع الوظائف الأمري...
[2026-06-29 05:04:11] [INFO] [deepseek] AI EURUSD: bias=bearish impact=70.0 conf=0.75
[2026-06-29 05:04:11] [INFO] [signal_engine] [VERIFY] SIGNAL_INPUT bias=bearish score=70.0 confidence=0.75
[2026-06-29 05:04:11] [INFO] [signal_engine] [VERIFY] SIGNAL_RULE rule=confidence>=0.60 actual=0.75 result=True
[2026-06-29 05:04:11] [INFO] [signal_engine] [VERIFY] SIGNAL_RULE rule=score>=55 actual=70.0 result=True
[2026-06-29 05:04:11] [INFO] [signal_engine] [VERIFY] SIGNAL_RULE rule=bias in [bullish,bearish] actual=bearish result=True
[2026-06-29 05:04:11] [INFO] [signal_engine] [VERIFY] SIGNAL_FINAL direction=SELL score=70.0 confidence=0.75 valid=True
[2026-06-29 05:04:11] [DEBUG] [signal_engine] Signal: SELL score=70.0 conf=0.75 strength=قوي valid=True
[2026-06-29 05:04:11] [INFO] [sentiment] Sentiment EURUSD: bearish score=83 bull=1 bear=2
[2026-06-29 05:04:11] [DEBUG] [mtf] MTF (snapshot) EURUSD: H4=bullish H1=bullish M15=bullish aligned=True (strong)
[2026-06-29 05:04:11] [INFO] [main] [VERIFY][DATA_TRUTH] symbol=EURUSD timeframe=H4/H1/M15 news_fetched=True indicators_fetched=True live_data=True cached=False
[2026-06-29 05:04:11] [INFO] [voting_engine] EURUSD: MTF strongly aligned, boosting score 10%
[2026-06-29 05:04:11] [DEBUG] [hybrid_market_client] Fetching indicators for EURUSD (QuantDinger only)
[2026-06-29 05:04:11] [DEBUG] [market_client] Candles EURUSD 4H: 100 bars ✓
[2026-06-29 05:04:11] [DEBUG] [hybrid_market_client] ✓ Got live data from QuantDinger for EURUSD
[2026-06-29 05:04:11] [DEBUG] [hybrid_market_client] Fetching indicators for EURUSD (QuantDinger only)
[2026-06-29 05:04:11] [DEBUG] [market_client] Using cached candles for EURUSD 4H (age: 0s)
[2026-06-29 05:04:11] [DEBUG] [hybrid_market_client] ✓ Got live data from QuantDinger for EURUSD
[2026-06-29 05:04:11] [INFO] [sltp] SL/TP EURUSD: entry=1.1389521360397339 atr=0.00222 sl=1.13562 tp=1.1445
[2026-06-29 05:04:11] [INFO] [position_sizing] Position size: 0.5 (equity=73876, risk=0.001, sl_dist=0.00333, score=57, cons_loss=0)
[2026-06-29 05:04:11] [DEBUG] [xgboost_v2] V2 predict: rsi=61.9 atr=0.00222 regime=TRENDING session=asia dir=BUY -> p_win=0.841
[2026-06-29 05:04:11] [INFO] [xgboost_v2] [VERIFY] XGBOOST PREDICTION p_win=0.841 available=True
[2026-06-29 05:04:11] [INFO] [main] [VERIFY][DECISION_TRUTH] bias=bearish score=56.9 confidence=0.594 vote=BUY risk_passed=True sl_tp_calculated=True position_size=0.5 xgboost_p_win=0.841301679611206 final_decision_valid=True reject_reason=OK
[2026-06-29 05:04:11] [INFO] [mt5_direct] [MT5_DIRECT] open_trade symbol=EURUSD direction=BUY volume=0.6 sl=1.13562 tp=1.1445
[2026-06-29 05:04:11] [INFO] [mt5_direct] [MT5_DIRECT] terminal_info: TerminalInfo(community_account=True, community_connection=True, connected=True, dlls_allowed=False, trade_allowed=True, tradeapi_disabled=False, email_enabled=False, ftp_enabled=False, notifications_enabled=False, mqid=True, build=5956, maxbars=100000, codepage=0, ping_last=77155, community_balance=0.0, retransmission=0.16677394815378313, company='MetaQuotes Ltd.', name='MetaTrader 5', language='English', path='C:\\Program Files\\MetaTrader 5', data_path='C:\\Users\\ACER\\AppData\\Roaming\\MetaQuotes\\Terminal\\D0E8209F77C8CF37AD8BF550E51FF075', commondata_path='C:\\Users\\ACER\\AppData\\Roaming\\MetaQuotes\\Terminal\\Common')
[2026-06-29 05:04:11] [INFO] [mt5_direct] [MT5_DIRECT] account_info: AccountInfo(login=108132137, trade_mode=0, leverage=100, limit_orders=200, margin_so_mode=0, trade_allowed=True, trade_expert=True, margin_mode=2, currency_digits=2, fifo_close=False, balance=73875.6, credit=0.0, profit=0.0, equity=73875.6, margin=0.0, margin_free=73875.6, margin_level=0.0, margin_so_call=50.0, margin_so_so=30.0, margin_initial=0.0, margin_maintenance=0.0, assets=0.0, liabilities=0.0, commission_blocked=0.0, name='Ali Nabil', server='MetaQuotes-Demo', currency='USD', company='MetaQuotes Ltd.')
[2026-06-29 05:04:11] [DEBUG] [mt5_direct] [MT5_DIRECT] order_send request={'action': 1, 'symbol': 'EURUSD', 'volume': 0.6, 'type': 0, 'price': 1.1385, 'sl': 1.13562, 'tp': 1.1445, 'deviation': 20, 'magic': 0, 'comment': 'Bot V3', 'type_filling': 1}
[2026-06-29 05:04:11] [ERROR] [mt5_direct] [MT5_DIRECT] order_send failed result=OrderSendResult(retcode=10030, deal=0, order=0, volume=0.0, price=0.0, bid=0.0, ask=0.0, comment='Unsupported filling mode', request_id=0, retcode_external=0, request=TradeRequest(action=1, magic=0, order=0, symbol='EURUSD', volume=0.6, price=1.1385, stoplimit=0.0, sl=1.13562, tp=1.1445, deviation=20, type=0, type_filling=1, type_time=0, expiration=0, comment='Bot V3', position=0, position_by=0)) comment=Unsupported filling mode retcode=10030
[2026-06-29 05:04:11] [INFO] [mt5_direct] [MT5_DIRECT] Retry order_send without type_filling
[2026-06-29 05:04:12] [INFO] [main] [VERIFY][EXECUTION_RESULT] symbol=EURUSD open_trade_result={'status': 'success', 'order_id': '9312628131', 'price': 1.13849, 'symbol': 'EURUSD', 'direction': 'BUY', 'volume': 0.6, 'timestamp': 1782698652.122143, 'raw_response': {'retcode': 10009, 'deal': 8966454987, 'order': 9312628131, 'volume': 0.6, 'price': 1.13849, 'bid': 0.0, 'ask': 0.0, 'comment': 'Request executed', 'request_id': 359116469, 'retcode_external': 0, 'request': TradeRequest(action=1, magic=0, order=0, symbol='EURUSD', volume=0.6, price=1.1385, stoplimit=0.0, sl=1.13562, tp=1.1445, deviation=20, type=0, type_filling=0, type_time=0, expiration=0, comment='Bot V3', position=0, position_by=0)}}
[2026-06-29 05:04:12] [INFO] [sltp] SL/TP EURUSD: entry=1.13849 atr=0.00222 sl=1.13516 tp=1.14404
[2026-06-29 05:04:13] [INFO] [main] --- XAUUSD ---
[2026-06-29 05:04:18] [WARNING] [deepseek] Retry 1: JSON incomplete/truncated
[2026-06-29 05:04:24] [WARNING] [deepseek] Retry 2: JSON incomplete/truncated
[2026-06-29 05:04:29] [INFO] [deepseek] DEEPSEEK OK: {
  "impact_score": 45,
  "bias": "bullish",
  "confidence": 0.7,
  "reason": "السياق السوقي صاعد بق...
[2026-06-29 05:04:29] [INFO] [deepseek] AI XAUUSD: bias=bullish impact=45.0 conf=0.70
[2026-06-29 05:04:29] [INFO] [signal_engine] [VERIFY] SIGNAL_INPUT bias=bullish score=45.0 confidence=0.7
[2026-06-29 05:04:29] [INFO] [signal_engine] [VERIFY] SIGNAL_RULE rule=confidence>=0.60 actual=0.7 result=True
[2026-06-29 05:04:29] [INFO] [signal_engine] [VERIFY] SIGNAL_RULE rule=score>=55 actual=45.0 result=False
[2026-06-29 05:04:29] [INFO] [signal_engine] [VERIFY] SIGNAL_RULE rule=bias in [bullish,bearish] actual=bullish result=True
[2026-06-29 05:04:29] [INFO] [signal_engine] [VERIFY] SIGNAL_FINAL direction=BUY score=45.0 confidence=0.7 valid=False
[2026-06-29 05:04:29] [INFO] [signal_engine] [VERIFY] SIGNAL_FAILURE_REASONS
[2026-06-29 05:04:29] [INFO] [signal_engine] * score below threshold
[2026-06-29 05:04:29] [INFO] [signal_engine] [VERIFY] SIGNAL_FAILURE_LOCATION file=F:\files (2)\google\botdd\trading_bot_v3\decision\signal_engine.py function=generate_signal
[2026-06-29 05:04:29] [DEBUG] [signal_engine] Signal: BUY score=45.0 conf=0.70 strength=ضعيف valid=False
[2026-06-29 05:04:29] [INFO] [sentiment] Sentiment XAUUSD: bearish score=83 bull=1 bear=2
[2026-06-29 05:04:29] [DEBUG] [mtf] MTF (snapshot) XAUUSD: H4=bullish H1=bullish M15=bullish aligned=True (strong)
[2026-06-29 05:04:29] [INFO] [main] [VERIFY][DATA_TRUTH] symbol=XAUUSD timeframe=H4/H1/M15 news_fetched=True indicators_fetched=True live_data=True cached=False
[2026-06-29 05:04:29] [INFO] [voting_engine] XAUUSD: MTF strongly aligned, boosting score 10%
[2026-06-29 05:04:29] [DEBUG] [hybrid_market_client] Fetching indicators for XAUUSD (QuantDinger only)
[2026-06-29 05:04:29] [DEBUG] [market_client] Candles XAUUSD 4H: 100 bars ✓
[2026-06-29 05:04:29] [DEBUG] [hybrid_market_client] ✓ Got live data from QuantDinger for XAUUSD
[2026-06-29 05:04:29] [DEBUG] [hybrid_market_client] Fetching indicators for XAUUSD (QuantDinger only)
[2026-06-29 05:04:29] [DEBUG] [market_client] Using cached candles for XAUUSD 4H (age: 0s)
[2026-06-29 05:04:29] [DEBUG] [hybrid_market_client] ✓ Got live data from QuantDinger for XAUUSD
[2026-06-29 05:04:29] [INFO] [sltp] SL/TP XAUUSD: entry=4073.5 atr=36.98566 sl=4063.5 tp=4165.96416
[2026-06-29 05:04:29] [INFO] [position_sizing] Position size: 0.1 (equity=73876, risk=0.002, sl_dist=10.00000, score=85, cons_loss=0)
[2026-06-29 05:04:29] [DEBUG] [xgboost_v2] V2 predict: rsi=58.6 atr=36.98566 regime=TRENDING session=asia dir=BUY -> p_win=0.315
[2026-06-29 05:04:29] [INFO] [xgboost_v2] [VERIFY] XGBOOST PREDICTION p_win=0.315 available=True
[2026-06-29 05:04:29] [INFO] [main] [VERIFY][DECISION_TRUTH] bias=bullish score=84.7 confidence=1.0 vote=BUY risk_passed=True sl_tp_calculated=True position_size=0.1 xgboost_p_win=0.3154148459434509 final_decision_valid=False reject_reason=p_win<threshold (p_win=0.315 threshold=0.6)
[2026-06-29 05:04:29] [INFO] [main] --- GBPUSD ---
[2026-06-29 05:04:34] [WARNING] [deepseek] DeepSeek empty response
[2026-06-29 05:04:40] [WARNING] [deepseek] DeepSeek empty response
[2026-06-29 05:04:46] [WARNING] [deepseek] DeepSeek empty response
[2026-06-29 05:04:52] [WARNING] [deepseek] DeepSeek empty response
[2026-06-29 05:04:57] [WARNING] [deepseek] DeepSeek empty response
[2026-06-29 05:05:03] [WARNING] [deepseek] Retry 2: JSON incomplete/truncated
[2026-06-29 05:05:03] [INFO] [signal_engine] [VERIFY] SIGNAL_INPUT bias=neutral score=0 confidence=0
[2026-06-29 05:05:03] [INFO] [signal_engine] [VERIFY] SIGNAL_RULE rule=confidence>=0.60 actual=0 result=False
[2026-06-29 05:05:03] [INFO] [signal_engine] [VERIFY] SIGNAL_RULE rule=score>=55 actual=0 result=False
[2026-06-29 05:05:03] [INFO] [signal_engine] [VERIFY] SIGNAL_RULE rule=bias in [bullish,bearish] actual=neutral result=False
[2026-06-29 05:05:03] [INFO] [signal_engine] [VERIFY] SIGNAL_FINAL direction=NEUTRAL score=0 confidence=0 valid=False
[2026-06-29 05:05:03] [INFO] [signal_engine] [VERIFY] SIGNAL_FAILURE_REASONS
[2026-06-29 05:05:03] [INFO] [signal_engine] * confidence below threshold
[2026-06-29 05:05:03] [INFO] [signal_engine] * score below threshold
[2026-06-29 05:05:03] [INFO] [signal_engine] * neutral bias
[2026-06-29 05:05:03] [INFO] [signal_engine] [VERIFY] SIGNAL_FAILURE_LOCATION file=F:\files (2)\google\botdd\trading_bot_v3\decision\signal_engine.py function=generate_signal
[2026-06-29 05:05:03] [DEBUG] [signal_engine] Signal: NEUTRAL score=0 conf=0.00 strength=ضعيف valid=False
[2026-06-29 05:05:03] [DEBUG] [mtf] MTF (snapshot) GBPUSD: H4=bullish H1=bullish M15=bullish aligned=True (strong)
[2026-06-29 05:05:03] [INFO] [main] [VERIFY][DATA_TRUTH] symbol=GBPUSD timeframe=H4/H1/M15 news_fetched=True indicators_fetched=True live_data=True cached=False
[2026-06-29 05:05:03] [INFO] [voting_engine] GBPUSD: MTF strongly aligned, boosting score 10%
[2026-06-29 05:05:03] [INFO] [risk_engine] Risk: AI confidence too low (GBPUSD BUY) - AI confidence 0.00 < 0.6
[2026-06-29 05:05:03] [DEBUG] [hybrid_market_client] Fetching indicators for GBPUSD (QuantDinger only)
[2026-06-29 05:05:03] [DEBUG] [market_client] Candles GBPUSD 4H: 100 bars ✓
[2026-06-29 05:05:03] [DEBUG] [hybrid_market_client] ✓ Got live data from QuantDinger for GBPUSD
[2026-06-29 05:05:03] [DEBUG] [hybrid_market_client] Fetching indicators for GBPUSD (QuantDinger only)
[2026-06-29 05:05:03] [DEBUG] [market_client] Using cached candles for GBPUSD 4H (age: 0s)
[2026-06-29 05:05:03] [DEBUG] [hybrid_market_client] ✓ Got live data from QuantDinger for GBPUSD
[2026-06-29 05:05:03] [INFO] [sltp] SL/TP GBPUSD: entry=1.320027470588684 atr=0.00256 sl=1.31618 tp=1.32643
[2026-06-29 05:05:03] [INFO] [position_sizing] Position size: 0.5 (equity=73876, risk=0.001, sl_dist=0.00385, score=57, cons_loss=0)
[2026-06-29 05:05:03] [DEBUG] [xgboost_v2] V2 predict: rsi=63.0 atr=0.00256 regime=TRENDING session=asia dir=BUY -> p_win=0.948
[2026-06-29 05:05:03] [INFO] [xgboost_v2] [VERIFY] XGBOOST PREDICTION p_win=0.948 available=True
[2026-06-29 05:05:03] [INFO] [main] [VERIFY][DECISION_TRUTH] bias=neutral score=57.4 confidence=0.0 vote=BUY risk_passed=False sl_tp_calculated=True position_size=0.5 xgboost_p_win=0.9479189515113831 final_decision_valid=False reject_reason=AI confidence 0.00 < 0.6
[2026-06-29 05:05:03] [INFO] [adaptive_weights] EURUSD weights updated: {'ai': 0.238, 'trend': 0.238, 'momentum': 0.238, 'sentiment': 0.238, 'volatility': 0.049} | WR=23.1% PF=0
[2026-06-29 05:05:03] [INFO] [adaptive_weights] 🏆 أفضل زوج: EURUSD | WR=23.1% | PnL=190.0$
[2026-06-29 05:05:03] [INFO] [adaptive_weights] ⚠️ أسوأ زوج: XAUUSD | WR=0.0% | PnL=0.0$
[2026-06-29 05:05:03] [INFO] [main] Sleeping 1800s...
[2026-06-29 05:05:13] [INFO] [news_fetcher] Fetched 9 relevant news items
[2026-06-29 05:05:13] [INFO] [market_regime_detector] [REGIME] Could not compute ATR from MT5 for EURUSD
[2026-06-29 05:05:13] [INFO] [reconciliation] [REGIME] EURUSD regime=Unknown ATR_multiplier_override=2.0 DynamicTP_tp_ratio_override=0.5 p_win=None
[2026-06-29 05:05:13] [INFO] [reconciliation] [RED_FLAG] EURUSD flags=['trade_health'] count=1 exit_prob=0.0%
[2026-06-29 05:05:21] [INFO] [news_fetcher] Fetched 9 relevant news items
[2026-06-29 05:05:21] [ERROR] [reconciliation] News conflict check error for {'id': '9312628131', 'ticket': '9312628131', 'symbol': 'EURUSD', 'type': 'buy', 'direction': 'buy', 'volume': 0.6, 'price_open': 1.13849, 'sl': 1.13562, 'tp': 1.1445, 'profit': 10.2, 'comment': 'Bot V3', 'price_current': 1.13866}: analyze_news() missing 1 required positional argument: 'snapshot'
[2026-06-29 05:06:21] [WARNING] [reconciliation] Orphan trade in DB (no longer in QD): trade_id=24 order_id=9312628131
[2026-06-29 05:06:21] [ERROR] [reconciliation] Reconciliation error: cannot access local variable 'upsert_execution_actual' where it is not associated with a value
[2026-06-29 05:18:30] [INFO] [news_fetcher] Fetched 9 relevant news items
[2026-06-29 05:18:30] [INFO] [market_regime_detector] [REGIME] Could not compute ATR from MT5 for EURUSD
[2026-06-29 05:18:30] [INFO] [reconciliation] [REGIME] EURUSD regime=Unknown ATR_multiplier_override=2.0 DynamicTP_tp_ratio_override=0.5 p_win=None
[2026-06-29 05:18:30] [INFO] [reconciliation] [RED_FLAG] EURUSD flags=['trade_health'] count=1 exit_prob=0.0%
[2026-06-29 05:18:30] [WARNING] [reconciliation] Unknown position in QD: 9312628131 EURUSD
[2026-06-29 05:18:30] [INFO] [reconciliation] Reconciliation: {'db_count': 0, 'qd_count': 1, 'fixes': 0, 'mismatches': ['QD orphan: 9312628131']}
[2026-06-29 05:33:39] [INFO] [news_fetcher] Fetched 9 relevant news items
[2026-06-29 05:33:39] [INFO] [market_regime_detector] [REGIME] Could not compute ATR from MT5 for EURUSD
[2026-06-29 05:33:39] [INFO] [reconciliation] [REGIME] EURUSD regime=Unknown ATR_multiplier_override=2.0 DynamicTP_tp_ratio_override=0.5 p_win=None
[2026-06-29 05:33:39] [INFO] [reconciliation] [RED_FLAG] EURUSD flags=['trade_health'] count=1 exit_prob=0.0%
[2026-06-29 05:33:48] [INFO] [news_fetcher] Fetched 9 relevant news items
[2026-06-29 05:33:48] [ERROR] [reconciliation] News conflict check error for {'id': '9312628131', 'ticket': '9312628131', 'symbol': 'EURUSD', 'type': 'buy', 'direction': 'buy', 'volume': 0.6, 'price_open': 1.13849, 'sl': 1.13562, 'tp': 1.1445, 'profit': 37.8, 'comment': 'Bot V3', 'price_current': 1.13912}: analyze_news() missing 1 required positional argument: 'snapshot'
[2026-06-29 05:33:48] [WARNING] [reconciliation] Unknown position in QD: 9312628131 EURUSD
[2026-06-29 05:33:48] [INFO] [reconciliation] Reconciliation: {'db_count': 0, 'qd_count': 1, 'fixes': 0, 'mismatches': ['QD orphan: 9312628131']}
[2026-06-29 05:34:05] [INFO] [qd_client] Logged in to QuantDinger
[2026-06-29 05:35:03] [INFO] [main] ==================================================
[2026-06-29 05:35:03] [INFO] [main] Cycle 3 at 05:35:03
[2026-06-29 05:35:14] [INFO] [news_fetcher] Fetched 9 relevant news items
[2026-06-29 05:35:14] [INFO] [main] Equity: 73909.80$ | News: 9
[2026-06-29 05:35:14] [DEBUG] [hybrid_market_client] Fetching indicators for EURUSD (QuantDinger only)
[2026-06-29 05:35:14] [DEBUG] [market_client] Candles EURUSD 4H: 100 bars ✓
[2026-06-29 05:35:14] [DEBUG] [hybrid_market_client] ✓ Got live data from QuantDinger for EURUSD
[2026-06-29 05:35:14] [DEBUG] [hybrid_market_client] Fetching indicators for EURUSD (QuantDinger only)
[2026-06-29 05:35:14] [DEBUG] [market_client] Candles EURUSD 4H: 100 bars ✓
[2026-06-29 05:35:14] [DEBUG] [hybrid_market_client] ✓ Got live data from QuantDinger for EURUSD
[2026-06-29 05:35:14] [DEBUG] [hybrid_market_client] Fetching indicators for EURUSD (QuantDinger only)
[2026-06-29 05:35:14] [DEBUG] [market_client] Candles EURUSD 4H: 100 bars ✓
[2026-06-29 05:35:14] [DEBUG] [hybrid_market_client] ✓ Got live data from QuantDinger for EURUSD
[2026-06-29 05:35:14] [INFO] [market_snapshot_builder] [SNAPSHOT_BUILT] symbol=EURUSD tfs=H4,H1,M15
[2026-06-29 05:35:14] [DEBUG] [hybrid_market_client] Fetching indicators for XAUUSD (QuantDinger only)
[2026-06-29 05:35:14] [DEBUG] [market_client] Candles XAUUSD 4H: 100 bars ✓
[2026-06-29 05:35:14] [DEBUG] [hybrid_market_client] ✓ Got live data from QuantDinger for XAUUSD
[2026-06-29 05:35:14] [DEBUG] [hybrid_market_client] Fetching indicators for XAUUSD (QuantDinger only)
[2026-06-29 05:35:14] [DEBUG] [market_client] Candles XAUUSD 4H: 100 bars ✓
[2026-06-29 05:35:14] [DEBUG] [hybrid_market_client] ✓ Got live data from QuantDinger for XAUUSD
[2026-06-29 05:35:14] [DEBUG] [hybrid_market_client] Fetching indicators for XAUUSD (QuantDinger only)
[2026-06-29 05:35:14] [DEBUG] [market_client] Candles XAUUSD 4H: 100 bars ✓
[2026-06-29 05:35:14] [DEBUG] [hybrid_market_client] ✓ Got live data from QuantDinger for XAUUSD
[2026-06-29 05:35:14] [INFO] [market_snapshot_builder] [SNAPSHOT_BUILT] symbol=XAUUSD tfs=H4,H1,M15
[2026-06-29 05:35:14] [DEBUG] [hybrid_market_client] Fetching indicators for GBPUSD (QuantDinger only)
[2026-06-29 05:35:15] [DEBUG] [market_client] Candles GBPUSD 4H: 100 bars ✓
[2026-06-29 05:35:15] [DEBUG] [hybrid_market_client] ✓ Got live data from QuantDinger for GBPUSD
[2026-06-29 05:35:15] [DEBUG] [hybrid_market_client] Fetching indicators for GBPUSD (QuantDinger only)
[2026-06-29 05:35:15] [DEBUG] [market_client] Candles GBPUSD 4H: 100 bars ✓
[2026-06-29 05:35:15] [DEBUG] [hybrid_market_client] ✓ Got live data from QuantDinger for GBPUSD
[2026-06-29 05:35:15] [DEBUG] [hybrid_market_client] Fetching indicators for GBPUSD (QuantDinger only)
[2026-06-29 05:35:15] [DEBUG] [market_client] Candles GBPUSD 4H: 100 bars ✓
[2026-06-29 05:35:15] [DEBUG] [hybrid_market_client] ✓ Got live data from QuantDinger for GBPUSD
[2026-06-29 05:35:15] [INFO] [market_snapshot_builder] [SNAPSHOT_BUILT] symbol=GBPUSD tfs=H4,H1,M15
[2026-06-29 05:35:15] [INFO] [main] --- EURUSD ---
[2026-06-29 05:35:19] [WARNING] [deepseek] DeepSeek empty response
[2026-06-29 05:35:25] [WARNING] [deepseek] DeepSeek empty response
[2026-06-29 05:35:30] [WARNING] [deepseek] DeepSeek empty response
[2026-06-29 05:35:36] [WARNING] [deepseek] Retry 2: JSON incomplete/truncated
[2026-06-29 05:35:41] [WARNING] [deepseek] DeepSeek empty response
[2026-06-29 05:35:47] [WARNING] [deepseek] DeepSeek empty response
[2026-06-29 05:35:47] [INFO] [signal_engine] [VERIFY] SIGNAL_INPUT bias=neutral score=0 confidence=0
[2026-06-29 05:35:47] [INFO] [signal_engine] [VERIFY] SIGNAL_RULE rule=confidence>=0.60 actual=0 result=False
[2026-06-29 05:35:47] [INFO] [signal_engine] [VERIFY] SIGNAL_RULE rule=score>=55 actual=0 result=False
[2026-06-29 05:35:47] [INFO] [signal_engine] [VERIFY] SIGNAL_RULE rule=bias in [bullish,bearish] actual=neutral result=False
[2026-06-29 05:35:47] [INFO] [signal_engine] [VERIFY] SIGNAL_FINAL direction=NEUTRAL score=0 confidence=0 valid=False
[2026-06-29 05:35:47] [INFO] [signal_engine] [VERIFY] SIGNAL_FAILURE_REASONS
[2026-06-29 05:35:47] [INFO] [signal_engine] * confidence below threshold
[2026-06-29 05:35:47] [INFO] [signal_engine] * score below threshold
[2026-06-29 05:35:47] [INFO] [signal_engine] * neutral bias
[2026-06-29 05:35:47] [INFO] [signal_engine] [VERIFY] SIGNAL_FAILURE_LOCATION file=F:\files (2)\google\botdd\trading_bot_v3\decision\signal_engine.py function=generate_signal
[2026-06-29 05:35:47] [DEBUG] [signal_engine] Signal: NEUTRAL score=0 conf=0.00 strength=ضعيف valid=False
[2026-06-29 05:35:47] [INFO] [sentiment] Sentiment EURUSD: bearish score=83 bull=1 bear=2
[2026-06-29 05:35:47] [DEBUG] [mtf] MTF (snapshot) EURUSD: H4=bullish H1=bullish M15=bullish aligned=True (strong)
[2026-06-29 05:35:47] [INFO] [main] [VERIFY][DATA_TRUTH] symbol=EURUSD timeframe=H4/H1/M15 news_fetched=True indicators_fetched=True live_data=True cached=False
[2026-06-29 05:35:47] [INFO] [voting_engine] EURUSD: MTF strongly aligned, boosting score 10%
[2026-06-29 05:35:47] [INFO] [risk_engine] Risk: AI confidence too low (EURUSD BUY) - AI confidence 0.00 < 0.6
[2026-06-29 05:35:47] [DEBUG] [hybrid_market_client] Fetching indicators for EURUSD (QuantDinger only)
[2026-06-29 05:35:47] [DEBUG] [market_client] Candles EURUSD 4H: 100 bars ✓
[2026-06-29 05:35:47] [DEBUG] [hybrid_market_client] ✓ Got live data from QuantDinger for EURUSD
[2026-06-29 05:35:47] [DEBUG] [hybrid_market_client] Fetching indicators for EURUSD (QuantDinger only)
[2026-06-29 05:35:47] [DEBUG] [market_client] Using cached candles for EURUSD 4H (age: 0s)
[2026-06-29 05:35:47] [DEBUG] [hybrid_market_client] ✓ Got live data from QuantDinger for EURUSD
[2026-06-29 05:35:47] [INFO] [sltp] SL/TP EURUSD: entry=1.1393414735794067 atr=0.00224 sl=1.13598 tp=1.14494
[2026-06-29 05:35:47] [INFO] [position_sizing] Position size: 0.5 (equity=73910, risk=0.001, sl_dist=0.00336, score=72, cons_loss=1)
[2026-06-29 05:35:47] [DEBUG] [xgboost_v2] V2 predict: rsi=63.0 atr=0.00224 regime=TRENDING session=asia dir=BUY -> p_win=0.851
[2026-06-29 05:35:47] [INFO] [xgboost_v2] [VERIFY] XGBOOST PREDICTION p_win=0.851 available=True
[2026-06-29 05:35:47] [INFO] [main] [VERIFY][DECISION_TRUTH] bias=neutral score=72.0 confidence=0.0 vote=BUY risk_passed=False sl_tp_calculated=True position_size=0.5 xgboost_p_win=0.8511987328529358 final_decision_valid=False reject_reason=AI confidence 0.00 < 0.6
[2026-06-29 05:35:47] [INFO] [main] --- XAUUSD ---
[2026-06-29 05:35:52] [WARNING] [deepseek] Retry 1: JSON incomplete/truncated
[2026-06-29 05:35:52] [INFO] [deepseek] DEEPSEEK OK: {
  "impact_score": 70,
  "bias": "bearish",
  "confidence": 0.65,
  "reason": "الأخبار تميل إلى الض...
[2026-06-29 05:35:52] [INFO] [deepseek] AI XAUUSD: bias=bearish impact=70.0 conf=0.65
[2026-06-29 05:35:52] [INFO] [signal_engine] [VERIFY] SIGNAL_INPUT bias=bearish score=70.0 confidence=0.65
[2026-06-29 05:35:52] [INFO] [signal_engine] [VERIFY] SIGNAL_RULE rule=confidence>=0.60 actual=0.65 result=True
[2026-06-29 05:35:52] [INFO] [signal_engine] [VERIFY] SIGNAL_RULE rule=score>=55 actual=70.0 result=True
[2026-06-29 05:35:52] [INFO] [signal_engine] [VERIFY] SIGNAL_RULE rule=bias in [bullish,bearish] actual=bearish result=True
[2026-06-29 05:35:52] [INFO] [signal_engine] [VERIFY] SIGNAL_FINAL direction=SELL score=70.0 confidence=0.65 valid=True
[2026-06-29 05:35:52] [DEBUG] [signal_engine] Signal: SELL score=70.0 conf=0.65 strength=متوسط valid=True
[2026-06-29 05:35:52] [INFO] [sentiment] Sentiment XAUUSD: bearish score=83 bull=1 bear=2
[2026-06-29 05:35:52] [DEBUG] [mtf] MTF (snapshot) XAUUSD: H4=bullish H1=bullish M15=bullish aligned=True (strong)
[2026-06-29 05:35:52] [INFO] [main] [VERIFY][DATA_TRUTH] symbol=XAUUSD timeframe=H4/H1/M15 news_fetched=True indicators_fetched=True live_data=True cached=False
[2026-06-29 05:35:52] [INFO] [voting_engine] XAUUSD: MTF strongly aligned, boosting score 10%
[2026-06-29 05:35:52] [DEBUG] [hybrid_market_client] Fetching indicators for XAUUSD (QuantDinger only)
[2026-06-29 05:35:52] [DEBUG] [market_client] Candles XAUUSD 4H: 100 bars ✓
[2026-06-29 05:35:52] [DEBUG] [hybrid_market_client] ✓ Got live data from QuantDinger for XAUUSD
[2026-06-29 05:35:52] [DEBUG] [hybrid_market_client] Fetching indicators for XAUUSD (QuantDinger only)
[2026-06-29 05:35:52] [DEBUG] [market_client] Using cached candles for XAUUSD 4H (age: 0s)
[2026-06-29 05:35:52] [DEBUG] [hybrid_market_client] ✓ Got live data from QuantDinger for XAUUSD
[2026-06-29 05:35:52] [INFO] [sltp] SL/TP XAUUSD: entry=4082.0 atr=36.98566 sl=4072.0 tp=4174.46416
[2026-06-29 05:35:52] [INFO] [position_sizing] Position size: 0.1 (equity=73910, risk=0.000, sl_dist=10.00000, score=56, cons_loss=1)
[2026-06-29 05:35:52] [DEBUG] [xgboost_v2] V2 predict: rsi=60.1 atr=36.98566 regime=TRENDING session=asia dir=BUY -> p_win=0.315
[2026-06-29 05:35:52] [INFO] [xgboost_v2] [VERIFY] XGBOOST PREDICTION p_win=0.315 available=True
[2026-06-29 05:35:52] [INFO] [main] [VERIFY][DECISION_TRUTH] bias=bearish score=55.5 confidence=0.515 vote=BUY risk_passed=True sl_tp_calculated=True position_size=0.1 xgboost_p_win=0.3154148459434509 final_decision_valid=False reject_reason=p_win<threshold (p_win=0.315 threshold=0.6)
[2026-06-29 05:35:52] [INFO] [main] --- GBPUSD ---
[2026-06-29 05:35:56] [WARNING] [deepseek] Retry 1: JSON incomplete/truncated
[2026-06-29 05:36:02] [WARNING] [deepseek] DeepSeek empty response
[2026-06-29 05:36:06] [WARNING] [deepseek] DeepSeek empty response
[2026-06-29 05:36:11] [WARNING] [deepseek] DeepSeek empty response
[2026-06-29 05:36:16] [WARNING] [deepseek] Retry 1: JSON incomplete/truncated
[2026-06-29 05:36:21] [WARNING] [deepseek] Retry 2: JSON incomplete/truncated
[2026-06-29 05:36:21] [INFO] [signal_engine] [VERIFY] SIGNAL_INPUT bias=neutral score=0 confidence=0
[2026-06-29 05:36:21] [INFO] [signal_engine] [VERIFY] SIGNAL_RULE rule=confidence>=0.60 actual=0 result=False
[2026-06-29 05:36:21] [INFO] [signal_engine] [VERIFY] SIGNAL_RULE rule=score>=55 actual=0 result=False
[2026-06-29 05:36:21] [INFO] [signal_engine] [VERIFY] SIGNAL_RULE rule=bias in [bullish,bearish] actual=neutral result=False
[2026-06-29 05:36:21] [INFO] [signal_engine] [VERIFY] SIGNAL_FINAL direction=NEUTRAL score=0 confidence=0 valid=False
[2026-06-29 05:36:21] [INFO] [signal_engine] [VERIFY] SIGNAL_FAILURE_REASONS
[2026-06-29 05:36:21] [INFO] [signal_engine] * confidence below threshold
[2026-06-29 05:36:21] [INFO] [signal_engine] * score below threshold
[2026-06-29 05:36:21] [INFO] [signal_engine] * neutral bias
[2026-06-29 05:36:21] [INFO] [signal_engine] [VERIFY] SIGNAL_FAILURE_LOCATION file=F:\files (2)\google\botdd\trading_bot_v3\decision\signal_engine.py function=generate_signal
[2026-06-29 05:36:21] [DEBUG] [signal_engine] Signal: NEUTRAL score=0 conf=0.00 strength=ضعيف valid=False
[2026-06-29 05:36:21] [DEBUG] [mtf] MTF (snapshot) GBPUSD: H4=bullish H1=bullish M15=bullish aligned=True (strong)
[2026-06-29 05:36:21] [INFO] [main] [VERIFY][DATA_TRUTH] symbol=GBPUSD timeframe=H4/H1/M15 news_fetched=True indicators_fetched=True live_data=True cached=False
[2026-06-29 05:36:21] [INFO] [voting_engine] GBPUSD: MTF strongly aligned, boosting score 10%
[2026-06-29 05:36:21] [INFO] [risk_engine] Risk: AI confidence too low (GBPUSD BUY) - AI confidence 0.00 < 0.6
[2026-06-29 05:36:21] [DEBUG] [hybrid_market_client] Fetching indicators for GBPUSD (QuantDinger only)
[2026-06-29 05:36:21] [DEBUG] [market_client] Candles GBPUSD 4H: 100 bars ✓
[2026-06-29 05:36:21] [DEBUG] [hybrid_market_client] ✓ Got live data from QuantDinger for GBPUSD
[2026-06-29 05:36:21] [DEBUG] [hybrid_market_client] Fetching indicators for GBPUSD (QuantDinger only)
[2026-06-29 05:36:21] [DEBUG] [market_client] Using cached candles for GBPUSD 4H (age: 0s)
[2026-06-29 05:36:21] [DEBUG] [hybrid_market_client] ✓ Got live data from QuantDinger for GBPUSD
[2026-06-29 05:36:21] [INFO] [sltp] SL/TP GBPUSD: entry=1.3206549882888794 atr=0.00260 sl=1.31675 tp=1.32716
[2026-06-29 05:36:21] [INFO] [position_sizing] Position size: 0.5 (equity=73910, risk=0.000, sl_dist=0.00390, score=57, cons_loss=1)
[2026-06-29 05:36:21] [DEBUG] [xgboost_v2] V2 predict: rsi=64.5 atr=0.00260 regime=TRENDING session=asia dir=BUY -> p_win=0.943
[2026-06-29 05:36:21] [INFO] [xgboost_v2] [VERIFY] XGBOOST PREDICTION p_win=0.943 available=True
[2026-06-29 05:36:21] [INFO] [main] [VERIFY][DECISION_TRUTH] bias=neutral score=57.4 confidence=0.0 vote=BUY risk_passed=False sl_tp_calculated=True position_size=0.5 xgboost_p_win=0.9431400299072266 final_decision_valid=False reject_reason=AI confidence 0.00 < 0.6
[2026-06-29 05:36:21] [INFO] [adaptive_weights] EURUSD weights updated: {'ai': 0.238, 'trend': 0.238, 'momentum': 0.238, 'sentiment': 0.238, 'volatility': 0.048} | WR=21.4% PF=0
[2026-06-29 05:36:21] [INFO] [adaptive_weights] 🏆 أفضل زوج: EURUSD | WR=21.4% | PnL=190.0$
[2026-06-29 05:36:21] [INFO] [adaptive_weights] ⚠️ أسوأ زوج: XAUUSD | WR=0.0% | PnL=0.0$
[2026-06-29 05:36:21] [INFO] [main] Sleeping 1800s...
[2026-06-29 05:40:57] [INFO] [news_fetcher] Fetched 11 relevant news items
[2026-06-29 05:40:57] [INFO] [market_regime_detector] [REGIME] Could not compute ATR from MT5 for EURUSD
[2026-06-29 05:40:57] [INFO] [reconciliation] [REGIME] EURUSD regime=Unknown ATR_multiplier_override=2.0 DynamicTP_tp_ratio_override=0.5 p_win=None
[2026-06-29 05:40:57] [INFO] [reconciliation] [RED_FLAG] EURUSD flags=['trade_health'] count=1 exit_prob=0.0%
[2026-06-29 05:40:57] [WARNING] [reconciliation] Unknown position in QD: 9312628131 EURUSD
[2026-06-29 05:40:57] [INFO] [reconciliation] Reconciliation: {'db_count': 0, 'qd_count': 1, 'fixes': 0, 'mismatches': ['QD orphan: 9312628131']}
[2026-06-29 05:49:08] [INFO] [news_fetcher] Fetched 10 relevant news items
[2026-06-29 05:49:08] [INFO] [market_regime_detector] [REGIME] Could not compute ATR from MT5 for EURUSD
[2026-06-29 05:49:08] [INFO] [reconciliation] [REGIME] EURUSD regime=Unknown ATR_multiplier_override=2.0 DynamicTP_tp_ratio_override=0.5 p_win=None
[2026-06-29 05:49:08] [WARNING] [profit_decay_detector] Profit decay triggered: order=9312628131 current=24.00 peak=37.80 threshold=0.7
[2026-06-29 05:49:08] [INFO] [reconciliation] [RED_FLAG] EURUSD flags=['trade_health'] count=1 exit_prob=0.0%
[2026-06-29 05:49:16] [INFO] [news_fetcher] Fetched 9 relevant news items
[2026-06-29 05:49:16] [ERROR] [reconciliation] News conflict check error for {'id': '9312628131', 'ticket': '9312628131', 'symbol': 'EURUSD', 'type': 'buy', 'direction': 'buy', 'volume': 0.6, 'price_open': 1.13849, 'sl': 1.13562, 'tp': 1.1445, 'profit': 24.0, 'comment': 'Bot V3', 'price_current': 1.13889}: analyze_news() missing 1 required positional argument: 'snapshot'
[2026-06-29 05:49:16] [WARNING] [reconciliation] Unknown position in QD: 9312628131 EURUSD
[2026-06-29 05:49:16] [INFO] [reconciliation] Reconciliation: {'db_count': 0, 'qd_count': 1, 'fixes': 0, 'mismatches': ['QD orphan: 9312628131']}
[2026-06-29 06:01:33] [ERROR] [telegram_bot] Updates error: HTTPSConnectionPool(host='api.telegram.org', port=443): Read timed out. (read timeout=35)
[2026-06-29 06:03:26] [INFO] [news_fetcher] Fetched 13 relevant news items
[2026-06-29 06:03:26] [INFO] [market_regime_detector] [REGIME] Could not compute ATR from MT5 for EURUSD
[2026-06-29 06:03:26] [INFO] [reconciliation] [REGIME] EURUSD regime=Unknown ATR_multiplier_override=2.0 DynamicTP_tp_ratio_override=0.5 p_win=None
[2026-06-29 06:03:26] [WARNING] [profit_decay_detector] Profit decay triggered: order=9312628131 current=21.60 peak=37.80 threshold=0.7
[2026-06-29 06:03:26] [INFO] [reconciliation] [RED_FLAG] EURUSD flags=['trade_health'] count=1 exit_prob=0.0%
[2026-06-29 06:03:26] [WARNING] [reconciliation] Unknown position in QD: 9312628131 EURUSD
[2026-06-29 06:03:26] [INFO] [reconciliation] Reconciliation: {'db_count': 0, 'qd_count': 1, 'fixes': 0, 'mismatches': ['QD orphan: 9312628131']}
[2026-06-29 06:06:21] [INFO] [main] ==================================================
[2026-06-29 06:06:21] [INFO] [main] Cycle 4 at 06:06:21
[2026-06-29 06:06:33] [INFO] [news_fetcher] Fetched 13 relevant news items
[2026-06-29 06:06:33] [INFO] [main] Equity: 73897.80$ | News: 13
[2026-06-29 06:06:33] [DEBUG] [hybrid_market_client] Fetching indicators for EURUSD (QuantDinger only)
[2026-06-29 06:06:33] [DEBUG] [market_client] Candles EURUSD 4H: 100 bars ✓
[2026-06-29 06:06:33] [DEBUG] [hybrid_market_client] ✓ Got live data from QuantDinger for EURUSD
[2026-06-29 06:06:33] [DEBUG] [hybrid_market_client] Fetching indicators for EURUSD (QuantDinger only)
[2026-06-29 06:06:33] [DEBUG] [market_client] Candles EURUSD 4H: 100 bars ✓
[2026-06-29 06:06:33] [DEBUG] [hybrid_market_client] ✓ Got live data from QuantDinger for EURUSD
[2026-06-29 06:06:33] [DEBUG] [hybrid_market_client] Fetching indicators for EURUSD (QuantDinger only)
[2026-06-29 06:06:33] [DEBUG] [market_client] Candles EURUSD 4H: 100 bars ✓
[2026-06-29 06:06:33] [DEBUG] [hybrid_market_client] ✓ Got live data from QuantDinger for EURUSD
[2026-06-29 06:06:33] [INFO] [market_snapshot_builder] [SNAPSHOT_BUILT] symbol=EURUSD tfs=H4,H1,M15
[2026-06-29 06:06:33] [DEBUG] [hybrid_market_client] Fetching indicators for XAUUSD (QuantDinger only)
[2026-06-29 06:06:33] [DEBUG] [market_client] Candles XAUUSD 4H: 100 bars ✓
[2026-06-29 06:06:33] [DEBUG] [hybrid_market_client] ✓ Got live data from QuantDinger for XAUUSD
[2026-06-29 06:06:33] [DEBUG] [hybrid_market_client] Fetching indicators for XAUUSD (QuantDinger only)
[2026-06-29 06:06:33] [DEBUG] [market_client] Candles XAUUSD 4H: 100 bars ✓
[2026-06-29 06:06:33] [DEBUG] [hybrid_market_client] ✓ Got live data from QuantDinger for XAUUSD
[2026-06-29 06:06:33] [DEBUG] [hybrid_market_client] Fetching indicators for XAUUSD (QuantDinger only)
[2026-06-29 06:06:33] [DEBUG] [market_client] Candles XAUUSD 4H: 100 bars ✓
[2026-06-29 06:06:33] [DEBUG] [hybrid_market_client] ✓ Got live data from QuantDinger for XAUUSD
[2026-06-29 06:06:33] [INFO] [market_snapshot_builder] [SNAPSHOT_BUILT] symbol=XAUUSD tfs=H4,H1,M15
[2026-06-29 06:06:33] [DEBUG] [hybrid_market_client] Fetching indicators for GBPUSD (QuantDinger only)
[2026-06-29 06:06:34] [DEBUG] [market_client] Candles GBPUSD 4H: 100 bars ✓
[2026-06-29 06:06:34] [DEBUG] [hybrid_market_client] ✓ Got live data from QuantDinger for GBPUSD
[2026-06-29 06:06:34] [DEBUG] [hybrid_market_client] Fetching indicators for GBPUSD (QuantDinger only)
[2026-06-29 06:06:34] [DEBUG] [market_client] Candles GBPUSD 4H: 100 bars ✓
[2026-06-29 06:06:34] [DEBUG] [hybrid_market_client] ✓ Got live data from QuantDinger for GBPUSD
[2026-06-29 06:06:34] [DEBUG] [hybrid_market_client] Fetching indicators for GBPUSD (QuantDinger only)
[2026-06-29 06:06:34] [DEBUG] [market_client] Candles GBPUSD 4H: 100 bars ✓
[2026-06-29 06:06:34] [DEBUG] [hybrid_market_client] ✓ Got live data from QuantDinger for GBPUSD
[2026-06-29 06:06:34] [INFO] [market_snapshot_builder] [SNAPSHOT_BUILT] symbol=GBPUSD tfs=H4,H1,M15
[2026-06-29 06:06:34] [INFO] [main] --- EURUSD ---
[2026-06-29 06:06:39] [WARNING] [deepseek] DeepSeek empty response
[2026-06-29 06:06:44] [WARNING] [deepseek] DeepSeek empty response
[2026-06-29 06:06:50] [WARNING] [deepseek] DeepSeek empty response
[2026-06-29 06:06:56] [WARNING] [deepseek] DeepSeek empty response
[2026-06-29 06:07:00] [INFO] [deepseek] DEEPSEEK OK: {
  "impact_score": 65,
  "bias": "bearish",
  "confidence": 0.75,
  "reason": "أخبار قوية لدعم الدو...
[2026-06-29 06:07:01] [INFO] [deepseek] AI EURUSD: bias=bearish impact=65.0 conf=0.75
[2026-06-29 06:07:01] [INFO] [signal_engine] [VERIFY] SIGNAL_INPUT bias=bearish score=65.0 confidence=0.75
[2026-06-29 06:07:01] [INFO] [signal_engine] [VERIFY] SIGNAL_RULE rule=confidence>=0.60 actual=0.75 result=True
[2026-06-29 06:07:01] [INFO] [signal_engine] [VERIFY] SIGNAL_RULE rule=score>=55 actual=65.0 result=True
[2026-06-29 06:07:01] [INFO] [signal_engine] [VERIFY] SIGNAL_RULE rule=bias in [bullish,bearish] actual=bearish result=True
[2026-06-29 06:07:01] [INFO] [signal_engine] [VERIFY] SIGNAL_FINAL direction=SELL score=65.0 confidence=0.75 valid=True
[2026-06-29 06:07:01] [DEBUG] [signal_engine] Signal: SELL score=65.0 conf=0.75 strength=متوسط valid=True
[2026-06-29 06:07:01] [INFO] [sentiment] Sentiment EURUSD: neutral score=50 bull=1 bear=1
[2026-06-29 06:07:01] [DEBUG] [mtf] MTF (snapshot) EURUSD: H4=bullish H1=bullish M15=bullish aligned=True (strong)
[2026-06-29 06:07:01] [INFO] [main] [VERIFY][DATA_TRUTH] symbol=EURUSD timeframe=H4/H1/M15 news_fetched=True indicators_fetched=True live_data=True cached=False
[2026-06-29 06:07:01] [INFO] [voting_engine] EURUSD: MTF strongly aligned, boosting score 10%
[2026-06-29 06:07:01] [INFO] [risk_engine] Risk: Score too low (EURUSD BUY) - Score 44.3 < 45
[2026-06-29 06:07:01] [DEBUG] [hybrid_market_client] Fetching indicators for EURUSD (QuantDinger only)
[2026-06-29 06:07:01] [DEBUG] [market_client] Candles EURUSD 4H: 100 bars ✓
[2026-06-29 06:07:01] [DEBUG] [hybrid_market_client] ✓ Got live data from QuantDinger for EURUSD
[2026-06-29 06:07:01] [DEBUG] [hybrid_market_client] Fetching indicators for EURUSD (QuantDinger only)
[2026-06-29 06:07:01] [DEBUG] [market_client] Using cached candles for EURUSD 4H (age: 0s)
[2026-06-29 06:07:01] [DEBUG] [hybrid_market_client] ✓ Got live data from QuantDinger for EURUSD
[2026-06-29 06:07:01] [INFO] [sltp] SL/TP EURUSD: entry=1.139211654663086 atr=0.00216 sl=1.13596 tp=1.14462
[2026-06-29 06:07:01] [INFO] [position_sizing] Position size: 0.5 (equity=73898, risk=0.000, sl_dist=0.00325, score=44, cons_loss=1)
[2026-06-29 06:07:01] [DEBUG] [xgboost_v2] V2 predict: rsi=62.3 atr=0.00216 regime=TRENDING session=asia dir=BUY -> p_win=0.723
[2026-06-29 06:07:01] [INFO] [xgboost_v2] [VERIFY] XGBOOST PREDICTION p_win=0.723 available=True
[2026-06-29 06:07:01] [INFO] [main] [VERIFY][DECISION_TRUTH] bias=bearish score=44.3 confidence=0.594 vote=BUY risk_passed=False sl_tp_calculated=True position_size=0.5 xgboost_p_win=0.7230937480926514 final_decision_valid=False reject_reason=Score 44.3 < 45
[2026-06-29 06:07:01] [INFO] [main] --- XAUUSD ---
[2026-06-29 06:07:05] [WARNING] [deepseek] Retry 1: JSON incomplete/truncated
[2026-06-29 06:07:10] [INFO] [deepseek] DEEPSEEK OK: {
  "impact_score": 65,
  "bias": "bullish",
  "confidence": 0.7,
  "reason": "الاتجاه الصاعد قوي عل...
[2026-06-29 06:07:10] [INFO] [deepseek] AI XAUUSD: bias=bullish impact=65.0 conf=0.70
[2026-06-29 06:07:10] [INFO] [signal_engine] [VERIFY] SIGNAL_INPUT bias=bullish score=65.0 confidence=0.7
[2026-06-29 06:07:10] [INFO] [signal_engine] [VERIFY] SIGNAL_RULE rule=confidence>=0.60 actual=0.7 result=True
[2026-06-29 06:07:10] [INFO] [signal_engine] [VERIFY] SIGNAL_RULE rule=score>=55 actual=65.0 result=True
[2026-06-29 06:07:10] [INFO] [signal_engine] [VERIFY] SIGNAL_RULE rule=bias in [bullish,bearish] actual=bullish result=True
[2026-06-29 06:07:10] [INFO] [signal_engine] [VERIFY] SIGNAL_FINAL direction=BUY score=65.0 confidence=0.7 valid=True
[2026-06-29 06:07:10] [DEBUG] [signal_engine] Signal: BUY score=65.0 conf=0.70 strength=متوسط valid=True
[2026-06-29 06:07:10] [INFO] [sentiment] Sentiment XAUUSD: bearish score=83 bull=1 bear=2
[2026-06-29 06:07:10] [DEBUG] [mtf] MTF (snapshot) XAUUSD: H4=bullish H1=bullish M15=bullish aligned=True (strong)
[2026-06-29 06:07:10] [INFO] [main] [VERIFY][DATA_TRUTH] symbol=XAUUSD timeframe=H4/H1/M15 news_fetched=True indicators_fetched=True live_data=True cached=False
[2026-06-29 06:07:10] [INFO] [voting_engine] XAUUSD: MTF strongly aligned, boosting score 10%
[2026-06-29 06:07:10] [DEBUG] [hybrid_market_client] Fetching indicators for XAUUSD (QuantDinger only)
[2026-06-29 06:07:10] [DEBUG] [market_client] Candles XAUUSD 4H: 100 bars ✓
[2026-06-29 06:07:10] [DEBUG] [hybrid_market_client] ✓ Got live data from QuantDinger for XAUUSD
[2026-06-29 06:07:10] [DEBUG] [hybrid_market_client] Fetching indicators for XAUUSD (QuantDinger only)
[2026-06-29 06:07:10] [DEBUG] [market_client] Using cached candles for XAUUSD 4H (age: 0s)
[2026-06-29 06:07:10] [DEBUG] [hybrid_market_client] ✓ Got live data from QuantDinger for XAUUSD
[2026-06-29 06:07:10] [INFO] [sltp] SL/TP XAUUSD: entry=4082.300048828125 atr=36.98566 sl=4072.30005 tp=4174.76421
[2026-06-29 06:07:10] [INFO] [position_sizing] Position size: 0.1 (equity=73898, risk=0.002, sl_dist=10.00000, score=94, cons_loss=1)
[2026-06-29 06:07:10] [DEBUG] [xgboost_v2] V2 predict: rsi=60.1 atr=36.98566 regime=TRENDING session=asia dir=BUY -> p_win=0.315
[2026-06-29 06:07:10] [INFO] [xgboost_v2] [VERIFY] XGBOOST PREDICTION p_win=0.315 available=True
[2026-06-29 06:07:10] [INFO] [main] [VERIFY][DECISION_TRUTH] bias=bullish score=94.2 confidence=1.0 vote=BUY risk_passed=True sl_tp_calculated=True position_size=0.1 xgboost_p_win=0.3154148459434509 final_decision_valid=False reject_reason=p_win<threshold (p_win=0.315 threshold=0.6)
[2026-06-29 06:07:10] [INFO] [main] --- GBPUSD ---
[2026-06-29 06:07:15] [INFO] [deepseek] DEEPSEEK OK: {
  "impact_score": 30,
  "bias": "bullish",
  "confidence": 0.7,
  "reason": "الاتجاه الصاعد قوي ول...
[2026-06-29 06:07:15] [INFO] [deepseek] AI GBPUSD: bias=bullish impact=30.0 conf=0.70
[2026-06-29 06:07:15] [INFO] [signal_engine] [VERIFY] SIGNAL_INPUT bias=bullish score=30.0 confidence=0.7
[2026-06-29 06:07:15] [INFO] [signal_engine] [VERIFY] SIGNAL_RULE rule=confidence>=0.60 actual=0.7 result=True
[2026-06-29 06:07:15] [INFO] [signal_engine] [VERIFY] SIGNAL_RULE rule=score>=55 actual=30.0 result=False
[2026-06-29 06:07:15] [INFO] [signal_engine] [VERIFY] SIGNAL_RULE rule=bias in [bullish,bearish] actual=bullish result=True
[2026-06-29 06:07:15] [INFO] [signal_engine] [VERIFY] SIGNAL_FINAL direction=BUY score=30.0 confidence=0.7 valid=False
[2026-06-29 06:07:15] [INFO] [signal_engine] [VERIFY] SIGNAL_FAILURE_REASONS
[2026-06-29 06:07:15] [INFO] [signal_engine] * score below threshold
[2026-06-29 06:07:15] [INFO] [signal_engine] [VERIFY] SIGNAL_FAILURE_LOCATION file=F:\files (2)\google\botdd\trading_bot_v3\decision\signal_engine.py function=generate_signal
[2026-06-29 06:07:15] [DEBUG] [signal_engine] Signal: BUY score=30.0 conf=0.70 strength=ضعيف valid=False
[2026-06-29 06:07:15] [DEBUG] [mtf] MTF (snapshot) GBPUSD: H4=bullish H1=bullish M15=bullish aligned=True (strong)
[2026-06-29 06:07:15] [INFO] [main] [VERIFY][DATA_TRUTH] symbol=GBPUSD timeframe=H4/H1/M15 news_fetched=True indicators_fetched=True live_data=True cached=False
[2026-06-29 06:07:15] [INFO] [voting_engine] GBPUSD: MTF strongly aligned, boosting score 10%
[2026-06-29 06:07:15] [DEBUG] [hybrid_market_client] Fetching indicators for GBPUSD (QuantDinger only)
[2026-06-29 06:07:15] [DEBUG] [market_client] Candles GBPUSD 4H: 100 bars ✓
[2026-06-29 06:07:15] [DEBUG] [hybrid_market_client] ✓ Got live data from QuantDinger for GBPUSD
[2026-06-29 06:07:15] [DEBUG] [hybrid_market_client] Fetching indicators for GBPUSD (QuantDinger only)
[2026-06-29 06:07:15] [DEBUG] [market_client] Using cached candles for GBPUSD 4H (age: 0s)
[2026-06-29 06:07:15] [DEBUG] [hybrid_market_client] ✓ Got live data from QuantDinger for GBPUSD
[2026-06-29 06:07:15] [INFO] [sltp] SL/TP GBPUSD: entry=1.320515513420105 atr=0.00245 sl=1.31684 tp=1.32665
[2026-06-29 06:07:15] [INFO] [position_sizing] Position size: 0.5 (equity=73898, risk=0.001, sl_dist=0.00368, score=72, cons_loss=1)
[2026-06-29 06:07:15] [DEBUG] [xgboost_v2] V2 predict: rsi=63.1 atr=0.00245 regime=TRENDING session=asia dir=BUY -> p_win=0.926
[2026-06-29 06:07:15] [INFO] [xgboost_v2] [VERIFY] XGBOOST PREDICTION p_win=0.926 available=True
[2026-06-29 06:07:15] [INFO] [main] [VERIFY][DECISION_TRUTH] bias=bullish score=71.8 confidence=1.0 vote=BUY risk_passed=True sl_tp_calculated=True position_size=0.5 xgboost_p_win=0.9264878630638123 final_decision_valid=False reject_reason=OK
[2026-06-29 06:07:15] [INFO] [adaptive_weights] EURUSD weights updated: {'ai': 0.238, 'trend': 0.238, 'momentum': 0.238, 'sentiment': 0.238, 'volatility': 0.047} | WR=21.4% PF=0
[2026-06-29 06:07:15] [INFO] [adaptive_weights] 🏆 أفضل زوج: EURUSD | WR=21.4% | PnL=190.0$
[2026-06-29 06:07:15] [INFO] [adaptive_weights] ⚠️ أسوأ زوج: XAUUSD | WR=0.0% | PnL=0.0$
[2026-06-29 06:07:15] [INFO] [main] Sleeping 1800s...
[2026-06-29 06:18:35] [INFO] [news_fetcher] Fetched 13 relevant news items
[2026-06-29 06:18:35] [INFO] [market_regime_detector] [REGIME] Could not compute ATR from MT5 for EURUSD
[2026-06-29 06:18:35] [INFO] [reconciliation] [REGIME] EURUSD regime=Unknown ATR_multiplier_override=2.0 DynamicTP_tp_ratio_override=0.5 p_win=None
[2026-06-29 06:18:35] [WARNING] [profit_decay_detector] Profit decay triggered: order=9312628131 current=20.40 peak=37.80 threshold=0.7
[2026-06-29 06:18:35] [INFO] [reconciliation] [RED_FLAG] EURUSD flags=['trade_health'] count=1 exit_prob=0.0%
[2026-06-29 06:18:45] [INFO] [news_fetcher] Fetched 13 relevant news items
[2026-06-29 06:18:45] [ERROR] [reconciliation] News conflict check error for {'id': '9312628131', 'ticket': '9312628131', 'symbol': 'EURUSD', 'type': 'buy', 'direction': 'buy', 'volume': 0.6, 'price_open': 1.13849, 'sl': 1.13562, 'tp': 1.1445, 'profit': 20.4, 'comment': 'Bot V3', 'price_current': 1.13883}: analyze_news() missing 1 required positional argument: 'snapshot'
[2026-06-29 06:18:45] [WARNING] [reconciliation] Unknown position in QD: 9312628131 EURUSD
[2026-06-29 06:18:45] [INFO] [reconciliation] Reconciliation: {'db_count': 0, 'qd_count': 1, 'fixes': 0, 'mismatches': ['QD orphan: 9312628131']}
[2026-06-29 06:33:56] [INFO] [news_fetcher] Fetched 12 relevant news items
[2026-06-29 06:33:56] [INFO] [market_regime_detector] [REGIME] Could not compute ATR from MT5 for EURUSD
[2026-06-29 06:33:56] [INFO] [reconciliation] [REGIME] EURUSD regime=Unknown ATR_multiplier_override=2.0 DynamicTP_tp_ratio_override=0.5 p_win=None
[2026-06-29 06:33:56] [WARNING] [profit_decay_detector] Profit decay triggered: order=9312628131 current=24.60 peak=37.80 threshold=0.7
[2026-06-29 06:33:56] [INFO] [reconciliation] [RED_FLAG] EURUSD flags=['trade_health'] count=1 exit_prob=0.0%
[2026-06-29 06:34:05] [INFO] [news_fetcher] Fetched 12 relevant news items
[2026-06-29 06:34:05] [ERROR] [reconciliation] News conflict check error for {'id': '9312628131', 'ticket': '9312628131', 'symbol': 'EURUSD', 'type': 'buy', 'direction': 'buy', 'volume': 0.6, 'price_open': 1.13849, 'sl': 1.13562, 'tp': 1.1445, 'profit': 24.6, 'comment': 'Bot V3', 'price_current': 1.1389}: analyze_news() missing 1 required positional argument: 'snapshot'
[2026-06-29 06:34:05] [WARNING] [reconciliation] Unknown position in QD: 9312628131 EURUSD
[2026-06-29 06:34:05] [INFO] [reconciliation] Reconciliation: {'db_count': 0, 'qd_count': 1, 'fixes': 0, 'mismatches': ['QD orphan: 9312628131']}
[2026-06-29 06:34:06] [INFO] [qd_client] Logged in to QuantDinger
[2026-06-29 06:37:15] [INFO] [main] ==================================================
[2026-06-29 06:37:15] [INFO] [main] Cycle 5 at 06:37:15
[2026-06-29 06:37:26] [INFO] [news_fetcher] Fetched 14 relevant news items
[2026-06-29 06:37:26] [INFO] [main] Equity: 73901.40$ | News: 14
[2026-06-29 06:37:26] [DEBUG] [hybrid_market_client] Fetching indicators for EURUSD (QuantDinger only)
[2026-06-29 06:37:26] [DEBUG] [market_client] Candles EURUSD 4H: 100 bars ✓
[2026-06-29 06:37:26] [DEBUG] [hybrid_market_client] ✓ Got live data from QuantDinger for EURUSD
[2026-06-29 06:37:26] [DEBUG] [hybrid_market_client] Fetching indicators for EURUSD (QuantDinger only)
[2026-06-29 06:37:26] [DEBUG] [market_client] Candles EURUSD 4H: 100 bars ✓
[2026-06-29 06:37:26] [DEBUG] [hybrid_market_client] ✓ Got live data from QuantDinger for EURUSD
[2026-06-29 06:37:26] [DEBUG] [hybrid_market_client] Fetching indicators for EURUSD (QuantDinger only)
[2026-06-29 06:37:26] [DEBUG] [market_client] Candles EURUSD 4H: 100 bars ✓
[2026-06-29 06:37:26] [DEBUG] [hybrid_market_client] ✓ Got live data from QuantDinger for EURUSD
[2026-06-29 06:37:26] [INFO] [market_snapshot_builder] [SNAPSHOT_BUILT] symbol=EURUSD tfs=H4,H1,M15
[2026-06-29 06:37:26] [DEBUG] [hybrid_market_client] Fetching indicators for XAUUSD (QuantDinger only)
[2026-06-29 06:37:27] [DEBUG] [market_client] Candles XAUUSD 4H: 100 bars ✓
[2026-06-29 06:37:27] [DEBUG] [hybrid_market_client] ✓ Got live data from QuantDinger for XAUUSD
[2026-06-29 06:37:27] [DEBUG] [hybrid_market_client] Fetching indicators for XAUUSD (QuantDinger only)
[2026-06-29 06:37:27] [DEBUG] [market_client] Candles XAUUSD 4H: 100 bars ✓
[2026-06-29 06:37:27] [DEBUG] [hybrid_market_client] ✓ Got live data from QuantDinger for XAUUSD
[2026-06-29 06:37:27] [DEBUG] [hybrid_market_client] Fetching indicators for XAUUSD (QuantDinger only)
[2026-06-29 06:37:27] [DEBUG] [market_client] Candles XAUUSD 4H: 100 bars ✓
[2026-06-29 06:37:27] [DEBUG] [hybrid_market_client] ✓ Got live data from QuantDinger for XAUUSD
[2026-06-29 06:37:27] [INFO] [market_snapshot_builder] [SNAPSHOT_BUILT] symbol=XAUUSD tfs=H4,H1,M15
[2026-06-29 06:37:27] [DEBUG] [hybrid_market_client] Fetching indicators for GBPUSD (QuantDinger only)
[2026-06-29 06:37:27] [DEBUG] [market_client] Candles GBPUSD 4H: 100 bars ✓
[2026-06-29 06:37:27] [DEBUG] [hybrid_market_client] ✓ Got live data from QuantDinger for GBPUSD
[2026-06-29 06:37:27] [DEBUG] [hybrid_market_client] Fetching indicators for GBPUSD (QuantDinger only)
[2026-06-29 06:37:27] [DEBUG] [market_client] Candles GBPUSD 4H: 100 bars ✓
[2026-06-29 06:37:27] [DEBUG] [hybrid_market_client] ✓ Got live data from QuantDinger for GBPUSD
[2026-06-29 06:37:27] [DEBUG] [hybrid_market_client] Fetching indicators for GBPUSD (QuantDinger only)
[2026-06-29 06:37:27] [DEBUG] [market_client] Candles GBPUSD 4H: 100 bars ✓
[2026-06-29 06:37:27] [DEBUG] [hybrid_market_client] ✓ Got live data from QuantDinger for GBPUSD
[2026-06-29 06:37:27] [INFO] [market_snapshot_builder] [SNAPSHOT_BUILT] symbol=GBPUSD tfs=H4,H1,M15
[2026-06-29 06:37:27] [INFO] [main] --- EURUSD ---
[2026-06-29 06:37:31] [INFO] [deepseek] DEEPSEEK OK: {
  "impact_score": 65,
  "bias": "bullish",
  "confidence": 0.7,
  "reason": "الاتجاه الصاعد على جم...
[2026-06-29 06:37:31] [INFO] [deepseek] AI EURUSD: bias=bullish impact=65.0 conf=0.70
[2026-06-29 06:37:31] [INFO] [signal_engine] [VERIFY] SIGNAL_INPUT bias=bullish score=65.0 confidence=0.7
[2026-06-29 06:37:31] [INFO] [signal_engine] [VERIFY] SIGNAL_RULE rule=confidence>=0.60 actual=0.7 result=True
[2026-06-29 06:37:31] [INFO] [signal_engine] [VERIFY] SIGNAL_RULE rule=score>=55 actual=65.0 result=True
[2026-06-29 06:37:31] [INFO] [signal_engine] [VERIFY] SIGNAL_RULE rule=bias in [bullish,bearish] actual=bullish result=True
[2026-06-29 06:37:31] [INFO] [signal_engine] [VERIFY] SIGNAL_FINAL direction=BUY score=65.0 confidence=0.7 valid=True
[2026-06-29 06:37:31] [DEBUG] [signal_engine] Signal: BUY score=65.0 conf=0.70 strength=متوسط valid=True
[2026-06-29 06:37:31] [INFO] [sentiment] Sentiment EURUSD: bullish score=100 bull=1 bear=0
[2026-06-29 06:37:31] [DEBUG] [mtf] MTF (snapshot) EURUSD: H4=bullish H1=bullish M15=bullish aligned=True (strong)
[2026-06-29 06:37:31] [INFO] [main] [VERIFY][DATA_TRUTH] symbol=EURUSD timeframe=H4/H1/M15 news_fetched=True indicators_fetched=True live_data=True cached=False
[2026-06-29 06:37:31] [INFO] [voting_engine] EURUSD: MTF strongly aligned, boosting score 10%
[2026-06-29 06:37:31] [DEBUG] [hybrid_market_client] Fetching indicators for EURUSD (QuantDinger only)
[2026-06-29 06:37:31] [DEBUG] [market_client] Candles EURUSD 4H: 100 bars ✓
[2026-06-29 06:37:31] [DEBUG] [hybrid_market_client] ✓ Got live data from QuantDinger for EURUSD
[2026-06-29 06:37:31] [DEBUG] [hybrid_market_client] Fetching indicators for EURUSD (QuantDinger only)
[2026-06-29 06:37:31] [DEBUG] [market_client] Using cached candles for EURUSD 4H (age: 0s)
[2026-06-29 06:37:31] [DEBUG] [hybrid_market_client] ✓ Got live data from QuantDinger for EURUSD
[2026-06-29 06:37:31] [INFO] [sltp] SL/TP EURUSD: entry=1.139211654663086 atr=0.00218 sl=1.13594 tp=1.14467
[2026-06-29 06:37:31] [INFO] [position_sizing] Position size: 0.5 (equity=73901, risk=0.002, sl_dist=0.00327, score=100, cons_loss=1)
[2026-06-29 06:37:31] [DEBUG] [xgboost_v2] V2 predict: rsi=62.3 atr=0.00218 regime=TRENDING session=asia dir=BUY -> p_win=0.744
[2026-06-29 06:37:31] [INFO] [xgboost_v2] [VERIFY] XGBOOST PREDICTION p_win=0.744 available=True
[2026-06-29 06:37:31] [INFO] [main] [VERIFY][DECISION_TRUTH] bias=bullish score=100 confidence=1.0 vote=BUY risk_passed=True sl_tp_calculated=True position_size=0.5 xgboost_p_win=0.7440381646156311 final_decision_valid=True reject_reason=OK
[2026-06-29 06:37:31] [INFO] [mt5_direct] [MT5_DIRECT] open_trade symbol=EURUSD direction=BUY volume=0.5 sl=1.13594 tp=1.14467
[2026-06-29 06:37:31] [INFO] [mt5_direct] [MT5_DIRECT] terminal_info: TerminalInfo(community_account=True, community_connection=True, connected=True, dlls_allowed=False, trade_allowed=True, tradeapi_disabled=False, email_enabled=False, ftp_enabled=False, notifications_enabled=False, mqid=True, build=5956, maxbars=100000, codepage=0, ping_last=77155, community_balance=0.0, retransmission=0.002466638711427937, company='MetaQuotes Ltd.', name='MetaTrader 5', language='English', path='C:\\Program Files\\MetaTrader 5', data_path='C:\\Users\\ACER\\AppData\\Roaming\\MetaQuotes\\Terminal\\D0E8209F77C8CF37AD8BF550E51FF075', commondata_path='C:\\Users\\ACER\\AppData\\Roaming\\MetaQuotes\\Terminal\\Common')
[2026-06-29 06:37:31] [INFO] [mt5_direct] [MT5_DIRECT] account_info: AccountInfo(login=108132137, trade_mode=0, leverage=100, limit_orders=200, margin_so_mode=0, trade_allowed=True, trade_expert=True, margin_mode=2, currency_digits=2, fifo_close=False, balance=73875.6, credit=0.0, profit=27.0, equity=73902.6, margin=683.09, margin_free=73219.51, margin_level=10818.86720637105, margin_so_call=50.0, margin_so_so=30.0, margin_initial=0.0, margin_maintenance=0.0, assets=0.0, liabilities=0.0, commission_blocked=0.0, name='Ali Nabil', server='MetaQuotes-Demo', currency='USD', company='MetaQuotes Ltd.')
[2026-06-29 06:37:31] [DEBUG] [mt5_direct] [MT5_DIRECT] order_send request={'action': 1, 'symbol': 'EURUSD', 'volume': 0.5, 'type': 0, 'price': 1.13894, 'sl': 1.13594, 'tp': 1.14467, 'deviation': 20, 'magic': 0, 'comment': 'Bot V3', 'type_filling': 1}
[2026-06-29 06:37:31] [ERROR] [mt5_direct] [MT5_DIRECT] order_send failed result=OrderSendResult(retcode=10030, deal=0, order=0, volume=0.0, price=0.0, bid=0.0, ask=0.0, comment='Unsupported filling mode', request_id=0, retcode_external=0, request=TradeRequest(action=1, magic=0, order=0, symbol='EURUSD', volume=0.5, price=1.13894, stoplimit=0.0, sl=1.13594, tp=1.14467, deviation=20, type=0, type_filling=1, type_time=0, expiration=0, comment='Bot V3', position=0, position_by=0)) comment=Unsupported filling mode retcode=10030
[2026-06-29 06:37:31] [INFO] [mt5_direct] [MT5_DIRECT] Retry order_send without type_filling
[2026-06-29 06:37:31] [INFO] [main] [VERIFY][EXECUTION_RESULT] symbol=EURUSD open_trade_result={'status': 'success', 'order_id': '9314935503', 'price': 1.13893, 'symbol': 'EURUSD', 'direction': 'BUY', 'volume': 0.5, 'timestamp': 1782704251.725989, 'raw_response': {'retcode': 10009, 'deal': 8969074420, 'order': 9314935503, 'volume': 0.5, 'price': 1.13893, 'bid': 0.0, 'ask': 0.0, 'comment': 'Request executed', 'request_id': 359116470, 'retcode_external': 0, 'request': TradeRequest(action=1, magic=0, order=0, symbol='EURUSD', volume=0.5, price=1.13894, stoplimit=0.0, sl=1.13594, tp=1.14467, deviation=20, type=0, type_filling=0, type_time=0, expiration=0, comment='Bot V3', position=0, position_by=0)}}
[2026-06-29 06:37:31] [INFO] [sltp] SL/TP EURUSD: entry=1.13893 atr=0.00218 sl=1.13566 tp=1.14439
[2026-06-29 06:37:32] [INFO] [main] --- XAUUSD ---
[2026-06-29 06:37:37] [WARNING] [deepseek] Retry 1: JSON incomplete/truncated
[2026-06-29 06:37:41] [INFO] [deepseek] DEEPSEEK OK: {
  "impact_score": 65,
  "bias": "bullish",
  "confidence": 0.7,
  "reason": "الاتجاه صاعد بقوة على...
[2026-06-29 06:37:41] [INFO] [deepseek] AI XAUUSD: bias=bullish impact=65.0 conf=0.70
[2026-06-29 06:37:41] [INFO] [signal_engine] [VERIFY] SIGNAL_INPUT bias=bullish score=65.0 confidence=0.7
[2026-06-29 06:37:41] [INFO] [signal_engine] [VERIFY] SIGNAL_RULE rule=confidence>=0.60 actual=0.7 result=True
[2026-06-29 06:37:41] [INFO] [signal_engine] [VERIFY] SIGNAL_RULE rule=score>=55 actual=65.0 result=True
[2026-06-29 06:37:41] [INFO] [signal_engine] [VERIFY] SIGNAL_RULE rule=bias in [bullish,bearish] actual=bullish result=True
[2026-06-29 06:37:41] [INFO] [signal_engine] [VERIFY] SIGNAL_FINAL direction=BUY score=65.0 confidence=0.7 valid=True
[2026-06-29 06:37:41] [DEBUG] [signal_engine] Signal: BUY score=65.0 conf=0.70 strength=متوسط valid=True
[2026-06-29 06:37:41] [INFO] [sentiment] Sentiment XAUUSD: bearish score=83 bull=1 bear=2
[2026-06-29 06:37:41] [DEBUG] [mtf] MTF (snapshot) XAUUSD: H4=bullish H1=bullish M15=bullish aligned=True (strong)
[2026-06-29 06:37:41] [INFO] [main] [VERIFY][DATA_TRUTH] symbol=XAUUSD timeframe=H4/H1/M15 news_fetched=True indicators_fetched=True live_data=True cached=False
[2026-06-29 06:37:41] [INFO] [voting_engine] XAUUSD: MTF strongly aligned, boosting score 10%
[2026-06-29 06:37:41] [DEBUG] [hybrid_market_client] Fetching indicators for XAUUSD (QuantDinger only)
[2026-06-29 06:37:41] [DEBUG] [market_client] Candles XAUUSD 4H: 100 bars ✓
[2026-06-29 06:37:41] [DEBUG] [hybrid_market_client] ✓ Got live data from QuantDinger for XAUUSD
[2026-06-29 06:37:41] [DEBUG] [hybrid_market_client] Fetching indicators for XAUUSD (QuantDinger only)
[2026-06-29 06:37:41] [DEBUG] [market_client] Using cached candles for XAUUSD 4H (age: 0s)
[2026-06-29 06:37:41] [DEBUG] [hybrid_market_client] ✓ Got live data from QuantDinger for XAUUSD
[2026-06-29 06:37:41] [INFO] [sltp] SL/TP XAUUSD: entry=4086.699951171875 atr=37.10709 sl=4076.69995 tp=4179.46768
[2026-06-29 06:37:41] [INFO] [position_sizing] Position size: 0.1 (equity=73901, risk=0.002, sl_dist=10.00000, score=94, cons_loss=1)
[2026-06-29 06:37:41] [DEBUG] [xgboost_v2] V2 predict: rsi=60.7 atr=37.10709 regime=TRENDING session=asia dir=BUY -> p_win=0.315
[2026-06-29 06:37:41] [INFO] [xgboost_v2] [VERIFY] XGBOOST PREDICTION p_win=0.315 available=True
[2026-06-29 06:37:41] [INFO] [main] [VERIFY][DECISION_TRUTH] bias=bullish score=94.2 confidence=1.0 vote=BUY risk_passed=True sl_tp_calculated=True position_size=0.1 xgboost_p_win=0.3154148459434509 final_decision_valid=False reject_reason=p_win<threshold (p_win=0.315 threshold=0.6)
[2026-06-29 06:37:41] [INFO] [main] --- GBPUSD ---
[2026-06-29 06:37:45] [INFO] [deepseek] DEEPSEEK OK: {
  "impact_score": 60,
  "bias": "bullish",
  "confidence": 0.7,
  "reason": "الاتجاه الصاعد قوي عل...
[2026-06-29 06:37:45] [INFO] [deepseek] AI GBPUSD: bias=bullish impact=60.0 conf=0.70
[2026-06-29 06:37:45] [INFO] [signal_engine] [VERIFY] SIGNAL_INPUT bias=bullish score=60.0 confidence=0.7
[2026-06-29 06:37:45] [INFO] [signal_engine] [VERIFY] SIGNAL_RULE rule=confidence>=0.60 actual=0.7 result=True
[2026-06-29 06:37:45] [INFO] [signal_engine] [VERIFY] SIGNAL_RULE rule=score>=55 actual=60.0 result=True
[2026-06-29 06:37:45] [INFO] [signal_engine] [VERIFY] SIGNAL_RULE rule=bias in [bullish,bearish] actual=bullish result=True
[2026-06-29 06:37:45] [INFO] [signal_engine] [VERIFY] SIGNAL_FINAL direction=BUY score=60.0 confidence=0.7 valid=True
[2026-06-29 06:37:45] [DEBUG] [signal_engine] Signal: BUY score=60.0 conf=0.70 strength=متوسط valid=True
[2026-06-29 06:37:45] [DEBUG] [mtf] MTF (snapshot) GBPUSD: H4=bullish H1=bullish M15=bullish aligned=True (strong)
[2026-06-29 06:37:45] [INFO] [main] [VERIFY][DATA_TRUTH] symbol=GBPUSD timeframe=H4/H1/M15 news_fetched=True indicators_fetched=True live_data=True cached=False
[2026-06-29 06:37:45] [INFO] [voting_engine] GBPUSD: MTF strongly aligned, boosting score 10%
[2026-06-29 06:37:45] [INFO] [correlation_protection] [CORRELATION_PROTECTION] Block correlated GBPUSD buy with EURUSD buy action=block
[2026-06-29 06:37:45] [INFO] [risk_engine] Risk: CorrelationProtection blocked (GBPUSD BUY)
[2026-06-29 06:37:45] [DEBUG] [hybrid_market_client] Fetching indicators for GBPUSD (QuantDinger only)
[2026-06-29 06:37:45] [DEBUG] [market_client] Candles GBPUSD 4H: 100 bars ✓
[2026-06-29 06:37:45] [DEBUG] [hybrid_market_client] ✓ Got live data from QuantDinger for GBPUSD
[2026-06-29 06:37:45] [DEBUG] [hybrid_market_client] Fetching indicators for GBPUSD (QuantDinger only)
[2026-06-29 06:37:45] [DEBUG] [market_client] Using cached candles for GBPUSD 4H (age: 0s)
[2026-06-29 06:37:45] [DEBUG] [hybrid_market_client] ✓ Got live data from QuantDinger for GBPUSD
[2026-06-29 06:37:45] [INFO] [sltp] SL/TP GBPUSD: entry=1.320533037185669 atr=0.00246 sl=1.31684 tp=1.32668
[2026-06-29 06:37:45] [INFO] [position_sizing] Position size: 0.5 (equity=73901, risk=0.001, sl_dist=0.00369, score=86, cons_loss=1)
[2026-06-29 06:37:45] [DEBUG] [xgboost_v2] V2 predict: rsi=63.1 atr=0.00246 regime=TRENDING session=asia dir=BUY -> p_win=0.926
[2026-06-29 06:37:45] [INFO] [xgboost_v2] [VERIFY] XGBOOST PREDICTION p_win=0.926 available=True
[2026-06-29 06:37:45] [INFO] [main] [VERIFY][DECISION_TRUTH] bias=bullish score=86.2 confidence=1.0 vote=BUY risk_passed=False sl_tp_calculated=True position_size=0.5 xgboost_p_win=0.9264878630638123 final_decision_valid=False reject_reason=CorrelationProtection: correlated open trade exists
[2026-06-29 06:37:45] [INFO] [adaptive_weights] EURUSD weights updated: {'ai': 0.238, 'trend': 0.238, 'momentum': 0.238, 'sentiment': 0.238, 'volatility': 0.046} | WR=21.4% PF=0
[2026-06-29 06:37:45] [INFO] [adaptive_weights] 🏆 أفضل زوج: EURUSD | WR=21.4% | PnL=190.0$
[2026-06-29 06:37:45] [INFO] [adaptive_weights] ⚠️ أسوأ زوج: XAUUSD | WR=0.0% | PnL=0.0$
[2026-06-29 06:37:45] [INFO] [main] Sleeping 1800s...
[2026-06-29 06:38:14] [INFO] [news_fetcher] Fetched 13 relevant news items
[2026-06-29 06:38:22] [INFO] [news_fetcher] Fetched 13 relevant news items
[2026-06-29 06:38:22] [INFO] [market_regime_detector] [REGIME] Could not compute ATR from MT5 for EURUSD
[2026-06-29 06:38:22] [INFO] [reconciliation] [REGIME] EURUSD regime=Unknown ATR_multiplier_override=2.0 DynamicTP_tp_ratio_override=0.5 p_win=None
[2026-06-29 06:38:22] [INFO] [reconciliation] [RED_FLAG] EURUSD flags=['trade_health'] count=1 exit_prob=0.0%
[2026-06-29 06:38:22] [INFO] [market_regime_detector] [REGIME] Could not compute ATR from MT5 for EURUSD
[2026-06-29 06:38:22] [INFO] [reconciliation] [REGIME] EURUSD regime=Unknown ATR_multiplier_override=2.0 DynamicTP_tp_ratio_override=0.5 p_win=None
[2026-06-29 06:38:22] [INFO] [reconciliation] [RED_FLAG] EURUSD flags=['trade_health'] count=1 exit_prob=0.0%
[2026-06-29 06:38:22] [WARNING] [reconciliation] Unknown position in QD: 9312628131 EURUSD
[2026-06-29 06:38:22] [INFO] [reconciliation] Reconciliation: {'db_count': 1, 'qd_count': 2, 'fixes': 0, 'mismatches': ['QD orphan: 9312628131']}
[2026-06-29 06:39:32] [INFO] [news_fetcher] Fetched 14 relevant news items
[2026-06-29 06:39:40] [INFO] [news_fetcher] Fetched 13 relevant news items
[2026-06-29 06:39:40] [INFO] [market_regime_detector] [REGIME] Could not compute ATR from MT5 for EURUSD
[2026-06-29 06:39:40] [INFO] [reconciliation] [REGIME] EURUSD regime=Unknown ATR_multiplier_override=2.0 DynamicTP_tp_ratio_override=0.5 p_win=None
[2026-06-29 06:39:40] [WARNING] [profit_decay_detector] Profit decay triggered: order=9312628131 current=25.80 peak=37.80 threshold=0.7
[2026-06-29 06:39:40] [INFO] [reconciliation] [RED_FLAG] EURUSD flags=['trade_health'] count=1 exit_prob=0.0%
[2026-06-29 06:39:40] [INFO] [market_regime_detector] [REGIME] Could not compute ATR from MT5 for EURUSD
[2026-06-29 06:39:40] [INFO] [reconciliation] [REGIME] EURUSD regime=Unknown ATR_multiplier_override=2.0 DynamicTP_tp_ratio_override=0.5 p_win=None
[2026-06-29 06:39:40] [WARNING] [profit_decay_detector] Profit decay triggered: order=9314935503 current=-0.50 peak=1.50 threshold=0.7
[2026-06-29 06:39:40] [INFO] [reconciliation] [RED_FLAG] EURUSD flags=['trade_health'] count=1 exit_prob=0.0%
[2026-06-29 06:39:40] [WARNING] [reconciliation] Unknown position in QD: 9312628131 EURUSD
[2026-06-29 06:39:40] [INFO] [reconciliation] Reconciliation: {'db_count': 1, 'qd_count': 2, 'fixes': 0, 'mismatches': ['QD orphan: 9312628131']}
[2026-06-29 06:40:40] [WARNING] [reconciliation] Orphan trade in DB (no longer in QD): trade_id=25 order_id=9314935503
[2026-06-29 06:40:40] [ERROR] [reconciliation] Reconciliation error: cannot access local variable 'upsert_execution_actual' where it is not associated with a value
[2026-06-29 06:45:50] [INFO] [news_fetcher] Fetched 14 relevant news items
[2026-06-29 06:45:50] [INFO] [market_regime_detector] [REGIME] Could not compute ATR from MT5 for EURUSD
[2026-06-29 06:45:50] [INFO] [reconciliation] [REGIME] EURUSD regime=Unknown ATR_multiplier_override=2.0 DynamicTP_tp_ratio_override=0.5 p_win=None
[2026-06-29 06:45:50] [WARNING] [profit_decay_detector] Profit decay triggered: order=9314935503 current=-12.50 peak=1.50 threshold=0.7
[2026-06-29 06:45:50] [INFO] [reconciliation] [RED_FLAG] EURUSD flags=['trade_health'] count=1 exit_prob=0.0%
[2026-06-29 06:45:50] [INFO] [mfe_mae_tracker] [MFE/MAE] Closed order=9312628131 mfe(peak)=37.80 mae(max_loss)=10.20
[2026-06-29 06:45:50] [WARNING] [reconciliation] Unknown position in QD: 9314935503 EURUSD
[2026-06-29 06:45:50] [INFO] [reconciliation] Reconciliation: {'db_count': 0, 'qd_count': 1, 'fixes': 0, 'mismatches': ['QD orphan: 9314935503']}
[2026-06-29 06:47:25] [INFO] [main] Trading Bot V3 starting...
[2026-06-29 06:47:25] [INFO] [database] V3 Database initialized with all tables
[2026-06-29 06:47:26] [INFO] [qd_client] Logged in to QuantDinger
[2026-06-29 06:47:26] [INFO] [qd_client] MT5 connected
[2026-06-29 06:47:26] [INFO] [main] MT5 connected
[2026-06-29 06:47:26] [INFO] [telegram_bot] Telegram polling started
[2026-06-29 06:47:26] [INFO] [telegram_bot] Telegram bot V3 started
[2026-06-29 06:47:26] [INFO] [mt5_watchdog] MT5 watchdog started (V1 reconnect logic)
[2026-06-29 06:47:26] [INFO] [reconciliation] Reconciliation loop started (every 60s)
[2026-06-29 06:47:26] [INFO] [reconciliation] Reconciliation thread started
[2026-06-29 06:47:27] [INFO] [main] ==================================================
[2026-06-29 06:47:27] [INFO] [main] Cycle 1 at 06:47:27
[2026-06-29 06:47:35] [INFO] [news_fetcher] Fetched 14 relevant news items
[2026-06-29 06:47:35] [INFO] [main] Equity: 73890.10$ | News: 14
[2026-06-29 06:47:35] [DEBUG] [hybrid_market_client] Fetching indicators for EURUSD (QuantDinger only)
[2026-06-29 06:47:35] [DEBUG] [market_client] Candles EURUSD 4H: 100 bars ✓
[2026-06-29 06:47:35] [DEBUG] [hybrid_market_client] ✓ Got live data from QuantDinger for EURUSD
[2026-06-29 06:47:35] [DEBUG] [hybrid_market_client] Fetching indicators for EURUSD (QuantDinger only)
[2026-06-29 06:47:35] [DEBUG] [market_client] Candles EURUSD 4H: 100 bars ✓
[2026-06-29 06:47:35] [DEBUG] [hybrid_market_client] ✓ Got live data from QuantDinger for EURUSD
[2026-06-29 06:47:35] [DEBUG] [hybrid_market_client] Fetching indicators for EURUSD (QuantDinger only)
[2026-06-29 06:47:35] [DEBUG] [market_client] Candles EURUSD 4H: 100 bars ✓
[2026-06-29 06:47:35] [DEBUG] [hybrid_market_client] ✓ Got live data from QuantDinger for EURUSD
[2026-06-29 06:47:35] [INFO] [market_snapshot_builder] [SNAPSHOT_BUILT] symbol=EURUSD tfs=H4,H1,M15
[2026-06-29 06:47:35] [DEBUG] [hybrid_market_client] Fetching indicators for XAUUSD (QuantDinger only)
[2026-06-29 06:47:36] [DEBUG] [market_client] Candles XAUUSD 4H: 100 bars ✓
[2026-06-29 06:47:36] [DEBUG] [hybrid_market_client] ✓ Got live data from QuantDinger for XAUUSD
[2026-06-29 06:47:36] [DEBUG] [hybrid_market_client] Fetching indicators for XAUUSD (QuantDinger only)
[2026-06-29 06:47:36] [DEBUG] [market_client] Candles XAUUSD 4H: 100 bars ✓
[2026-06-29 06:47:36] [DEBUG] [hybrid_market_client] ✓ Got live data from QuantDinger for XAUUSD
[2026-06-29 06:47:36] [DEBUG] [hybrid_market_client] Fetching indicators for XAUUSD (QuantDinger only)
[2026-06-29 06:47:36] [DEBUG] [market_client] Candles XAUUSD 4H: 100 bars ✓
[2026-06-29 06:47:36] [DEBUG] [hybrid_market_client] ✓ Got live data from QuantDinger for XAUUSD
[2026-06-29 06:47:36] [INFO] [market_snapshot_builder] [SNAPSHOT_BUILT] symbol=XAUUSD tfs=H4,H1,M15
[2026-06-29 06:47:36] [DEBUG] [hybrid_market_client] Fetching indicators for GBPUSD (QuantDinger only)
[2026-06-29 06:47:36] [DEBUG] [market_client] Candles GBPUSD 4H: 100 bars ✓
[2026-06-29 06:47:36] [DEBUG] [hybrid_market_client] ✓ Got live data from QuantDinger for GBPUSD
[2026-06-29 06:47:36] [DEBUG] [hybrid_market_client] Fetching indicators for GBPUSD (QuantDinger only)
[2026-06-29 06:47:36] [DEBUG] [market_client] Candles GBPUSD 4H: 100 bars ✓
[2026-06-29 06:47:36] [DEBUG] [hybrid_market_client] ✓ Got live data from QuantDinger for GBPUSD
[2026-06-29 06:47:36] [DEBUG] [hybrid_market_client] Fetching indicators for GBPUSD (QuantDinger only)
[2026-06-29 06:47:36] [DEBUG] [market_client] Candles GBPUSD 4H: 100 bars ✓
[2026-06-29 06:47:36] [DEBUG] [hybrid_market_client] ✓ Got live data from QuantDinger for GBPUSD
[2026-06-29 06:47:36] [INFO] [market_snapshot_builder] [SNAPSHOT_BUILT] symbol=GBPUSD tfs=H4,H1,M15
[2026-06-29 06:47:36] [INFO] [main] --- EURUSD ---
[2026-06-29 06:47:39] [INFO] [deepseek] DEEPSEEK OK: {
  "impact_score": 70,
  "bias": "bullish",
  "confidence": 0.85,
  "reason": "الاتجاه صاعد بقوة عل...
[2026-06-29 06:47:39] [INFO] [deepseek] AI EURUSD: bias=bullish impact=70.0 conf=0.85
[2026-06-29 06:47:39] [INFO] [signal_engine] [VERIFY] SIGNAL_INPUT bias=bullish score=70.0 confidence=0.85
[2026-06-29 06:47:39] [INFO] [signal_engine] [VERIFY] SIGNAL_RULE rule=confidence>=0.60 actual=0.85 result=True
[2026-06-29 06:47:39] [INFO] [signal_engine] [VERIFY] SIGNAL_RULE rule=score>=55 actual=70.0 result=True
[2026-06-29 06:47:39] [INFO] [signal_engine] [VERIFY] SIGNAL_RULE rule=bias in [bullish,bearish] actual=bullish result=True
[2026-06-29 06:47:39] [INFO] [signal_engine] [VERIFY] SIGNAL_FINAL direction=BUY score=70.0 confidence=0.85 valid=True
[2026-06-29 06:47:39] [DEBUG] [signal_engine] Signal: BUY score=70.0 conf=0.85 strength=قوي valid=True
[2026-06-29 06:47:39] [INFO] [sentiment] Sentiment EURUSD: bullish score=100 bull=1 bear=0
[2026-06-29 06:47:39] [DEBUG] [mtf] MTF (snapshot) EURUSD: H4=bullish H1=bullish M15=bullish aligned=True (strong)
[2026-06-29 06:47:39] [INFO] [main] [VERIFY][DATA_TRUTH] symbol=EURUSD timeframe=H4/H1/M15 news_fetched=True indicators_fetched=True live_data=True cached=False
[2026-06-29 06:47:39] [INFO] [voting_engine] EURUSD: MTF strongly aligned, boosting score 10%
[2026-06-29 06:47:39] [DEBUG] [hybrid_market_client] Fetching indicators for EURUSD (QuantDinger only)
[2026-06-29 06:47:39] [DEBUG] [market_client] Candles EURUSD 4H: 100 bars ✓
[2026-06-29 06:47:39] [DEBUG] [hybrid_market_client] ✓ Got live data from QuantDinger for EURUSD
[2026-06-29 06:47:39] [DEBUG] [hybrid_market_client] Fetching indicators for EURUSD (QuantDinger only)
[2026-06-29 06:47:39] [DEBUG] [market_client] Using cached candles for EURUSD 4H (age: 0s)
[2026-06-29 06:47:39] [DEBUG] [hybrid_market_client] ✓ Got live data from QuantDinger for EURUSD
[2026-06-29 06:47:39] [INFO] [sltp] SL/TP EURUSD: entry=1.1390818357467651 atr=0.00218 sl=1.13581 tp=1.14454
[2026-06-29 06:47:39] [INFO] [position_sizing] Position size: 0.5 (equity=73890, risk=0.001, sl_dist=0.00327, score=100, cons_loss=2)
[2026-06-29 06:47:40] [INFO] [xgboost_v2] [VERIFY] XGBOOST MODEL LOADED path=models/xgb_model.json available=True
[2026-06-29 06:47:40] [INFO] [xgboost_v2] XGBoost v2 model loaded successfully
[2026-06-29 06:47:40] [DEBUG] [xgboost_v2] V2 predict: rsi=61.7 atr=0.00218 regime=TRENDING session=asia dir=BUY -> p_win=0.744
[2026-06-29 06:47:40] [INFO] [xgboost_v2] [VERIFY] XGBOOST PREDICTION p_win=0.744 available=True
[2026-06-29 06:47:40] [INFO] [main] [VERIFY][DECISION_TRUTH] bias=bullish score=100 confidence=1.0 vote=BUY risk_passed=True sl_tp_calculated=True position_size=0.5 xgboost_p_win=0.7440381646156311 final_decision_valid=True reject_reason=OK
[2026-06-29 06:47:40] [INFO] [mt5_direct] [MT5_DIRECT] open_trade symbol=EURUSD direction=BUY volume=0.5 sl=1.13581 tp=1.14454
[2026-06-29 06:47:40] [INFO] [mt5_direct] [MT5_DIRECT] terminal_info: TerminalInfo(community_account=True, community_connection=True, connected=True, dlls_allowed=False, trade_allowed=True, tradeapi_disabled=False, email_enabled=False, ftp_enabled=False, notifications_enabled=False, mqid=True, build=5956, maxbars=100000, codepage=0, ping_last=77155, community_balance=0.0, retransmission=0.006980315510261064, company='MetaQuotes Ltd.', name='MetaTrader 5', language='English', path='C:\\Program Files\\MetaTrader 5', data_path='C:\\Users\\ACER\\AppData\\Roaming\\MetaQuotes\\Terminal\\D0E8209F77C8CF37AD8BF550E51FF075', commondata_path='C:\\Users\\ACER\\AppData\\Roaming\\MetaQuotes\\Terminal\\Common')
[2026-06-29 06:47:40] [INFO] [mt5_direct] [MT5_DIRECT] account_info: AccountInfo(login=108132137, trade_mode=0, leverage=100, limit_orders=200, margin_so_mode=0, trade_allowed=True, trade_expert=True, margin_mode=2, currency_digits=2, fifo_close=False, balance=73902.6, credit=0.0, profit=-12.5, equity=73890.1, margin=569.47, margin_free=73320.63, margin_level=12975.240135564647, margin_so_call=50.0, margin_so_so=30.0, margin_initial=0.0, margin_maintenance=0.0, assets=0.0, liabilities=0.0, commission_blocked=0.0, name='Ali Nabil', server='MetaQuotes-Demo', currency='USD', company='MetaQuotes Ltd.')
[2026-06-29 06:47:40] [DEBUG] [mt5_direct] [MT5_DIRECT] order_send request={'action': 1, 'symbol': 'EURUSD', 'volume': 0.5, 'type': 0, 'price': 1.13868, 'sl': 1.13581, 'tp': 1.14454, 'deviation': 20, 'magic': 0, 'comment': 'Bot V3', 'type_filling': 1}
[2026-06-29 06:47:40] [ERROR] [mt5_direct] [MT5_DIRECT] order_send failed result=OrderSendResult(retcode=10030, deal=0, order=0, volume=0.0, price=0.0, bid=0.0, ask=0.0, comment='Unsupported filling mode', request_id=0, retcode_external=0, request=TradeRequest(action=1, magic=0, order=0, symbol='EURUSD', volume=0.5, price=1.13868, stoplimit=0.0, sl=1.13581, tp=1.14454, deviation=20, type=0, type_filling=1, type_time=0, expiration=0, comment='Bot V3', position=0, position_by=0)) comment=Unsupported filling mode retcode=10030
[2026-06-29 06:47:40] [INFO] [mt5_direct] [MT5_DIRECT] Retry order_send without type_filling
[2026-06-29 06:47:40] [INFO] [main] [VERIFY][EXECUTION_RESULT] symbol=EURUSD open_trade_result={'status': 'success', 'order_id': '9315174919', 'price': 1.13868, 'symbol': 'EURUSD', 'direction': 'BUY', 'volume': 0.5, 'timestamp': 1782704860.2129438, 'raw_response': {'retcode': 10009, 'deal': 8969349357, 'order': 9315174919, 'volume': 0.5, 'price': 1.13868, 'bid': 0.0, 'ask': 0.0, 'comment': 'Request executed', 'request_id': 359116473, 'retcode_external': 0, 'request': TradeRequest(action=1, magic=0, order=0, symbol='EURUSD', volume=0.5, price=1.13868, stoplimit=0.0, sl=1.13581, tp=1.14454, deviation=20, type=0, type_filling=0, type_time=0, expiration=0, comment='Bot V3', position=0, position_by=0)}}
[2026-06-29 06:47:40] [INFO] [sltp] SL/TP EURUSD: entry=1.13868 atr=0.00218 sl=1.13541 tp=1.14414
[2026-06-29 06:47:40] [INFO] [main] --- XAUUSD ---
[2026-06-29 06:47:44] [INFO] [deepseek] DEEPSEEK OK: {
  "impact_score": 75,
  "bias": "bullish",
  "confidence": 0.85,
  "reason": "الاتجاه الصاعد قوي ع...
[2026-06-29 06:47:44] [INFO] [deepseek] AI XAUUSD: bias=bullish impact=75.0 conf=0.85
[2026-06-29 06:47:44] [INFO] [signal_engine] [VERIFY] SIGNAL_INPUT bias=bullish score=75.0 confidence=0.85
[2026-06-29 06:47:44] [INFO] [signal_engine] [VERIFY] SIGNAL_RULE rule=confidence>=0.60 actual=0.85 result=True
[2026-06-29 06:47:44] [INFO] [signal_engine] [VERIFY] SIGNAL_RULE rule=score>=55 actual=75.0 result=True
[2026-06-29 06:47:44] [INFO] [signal_engine] [VERIFY] SIGNAL_RULE rule=bias in [bullish,bearish] actual=bullish result=True
[2026-06-29 06:47:44] [INFO] [signal_engine] [VERIFY] SIGNAL_FINAL direction=BUY score=75.0 confidence=0.85 valid=True
[2026-06-29 06:47:44] [DEBUG] [signal_engine] Signal: BUY score=75.0 conf=0.85 strength=قوي valid=True
[2026-06-29 06:47:44] [INFO] [sentiment] Sentiment XAUUSD: bearish score=83 bull=1 bear=2
[2026-06-29 06:47:44] [DEBUG] [mtf] MTF (snapshot) XAUUSD: H4=bullish H1=bullish M15=bullish aligned=True (strong)
[2026-06-29 06:47:44] [INFO] [main] [VERIFY][DATA_TRUTH] symbol=XAUUSD timeframe=H4/H1/M15 news_fetched=True indicators_fetched=True live_data=True cached=False
[2026-06-29 06:47:44] [INFO] [voting_engine] XAUUSD: MTF strongly aligned, boosting score 10%
[2026-06-29 06:47:44] [DEBUG] [hybrid_market_client] Fetching indicators for XAUUSD (QuantDinger only)
[2026-06-29 06:47:44] [DEBUG] [market_client] Candles XAUUSD 4H: 100 bars ✓
[2026-06-29 06:47:44] [DEBUG] [hybrid_market_client] ✓ Got live data from QuantDinger for XAUUSD
[2026-06-29 06:47:44] [DEBUG] [hybrid_market_client] Fetching indicators for XAUUSD (QuantDinger only)
[2026-06-29 06:47:44] [DEBUG] [market_client] Using cached candles for XAUUSD 4H (age: 0s)
[2026-06-29 06:47:44] [DEBUG] [hybrid_market_client] ✓ Got live data from QuantDinger for XAUUSD
[2026-06-29 06:47:44] [INFO] [sltp] SL/TP XAUUSD: entry=4083.39990234375 atr=37.10709 sl=4073.3999 tp=4176.16763
[2026-06-29 06:47:44] [INFO] [position_sizing] Position size: 0.1 (equity=73890, risk=0.001, sl_dist=10.00000, score=100, cons_loss=2)
[2026-06-29 06:47:44] [DEBUG] [xgboost_v2] V2 predict: rsi=60.3 atr=37.10709 regime=TRENDING session=asia dir=BUY -> p_win=0.315
[2026-06-29 06:47:44] [INFO] [xgboost_v2] [VERIFY] XGBOOST PREDICTION p_win=0.315 available=True
[2026-06-29 06:47:44] [INFO] [main] [VERIFY][DECISION_TRUTH] bias=bullish score=100 confidence=1.0 vote=BUY risk_passed=True sl_tp_calculated=True position_size=0.1 xgboost_p_win=0.3154148459434509 final_decision_valid=False reject_reason=p_win<threshold (p_win=0.315 threshold=0.6)
[2026-06-29 06:47:44] [INFO] [main] --- GBPUSD ---
[2026-06-29 06:47:48] [INFO] [deepseek] DEEPSEEK OK: {
  "impact_score": 70,
  "bias": "bullish",
  "confidence": 0.85,
  "reason": "المؤشرات الفنية قوية...
[2026-06-29 06:47:48] [INFO] [deepseek] AI GBPUSD: bias=bullish impact=70.0 conf=0.85
[2026-06-29 06:47:48] [INFO] [signal_engine] [VERIFY] SIGNAL_INPUT bias=bullish score=70.0 confidence=0.85
[2026-06-29 06:47:48] [INFO] [signal_engine] [VERIFY] SIGNAL_RULE rule=confidence>=0.60 actual=0.85 result=True
[2026-06-29 06:47:48] [INFO] [signal_engine] [VERIFY] SIGNAL_RULE rule=score>=55 actual=70.0 result=True
[2026-06-29 06:47:48] [INFO] [signal_engine] [VERIFY] SIGNAL_RULE rule=bias in [bullish,bearish] actual=bullish result=True
[2026-06-29 06:47:48] [INFO] [signal_engine] [VERIFY] SIGNAL_FINAL direction=BUY score=70.0 confidence=0.85 valid=True
[2026-06-29 06:47:48] [DEBUG] [signal_engine] Signal: BUY score=70.0 conf=0.85 strength=قوي valid=True
[2026-06-29 06:47:48] [DEBUG] [mtf] MTF (snapshot) GBPUSD: H4=bullish H1=bullish M15=bullish aligned=True (strong)
[2026-06-29 06:47:48] [INFO] [main] [VERIFY][DATA_TRUTH] symbol=GBPUSD timeframe=H4/H1/M15 news_fetched=True indicators_fetched=True live_data=True cached=False
[2026-06-29 06:47:48] [INFO] [voting_engine] GBPUSD: MTF strongly aligned, boosting score 10%
[2026-06-29 06:47:48] [INFO] [correlation_protection] [CORRELATION_PROTECTION] Block correlated GBPUSD buy with EURUSD buy action=block
[2026-06-29 06:47:48] [INFO] [risk_engine] Risk: CorrelationProtection blocked (GBPUSD BUY)
[2026-06-29 06:47:48] [DEBUG] [hybrid_market_client] Fetching indicators for GBPUSD (QuantDinger only)
[2026-06-29 06:47:48] [DEBUG] [market_client] Candles GBPUSD 4H: 100 bars ✓
[2026-06-29 06:47:48] [DEBUG] [hybrid_market_client] ✓ Got live data from QuantDinger for GBPUSD
[2026-06-29 06:47:48] [DEBUG] [hybrid_market_client] Fetching indicators for GBPUSD (QuantDinger only)
[2026-06-29 06:47:48] [DEBUG] [market_client] Using cached candles for GBPUSD 4H (age: 0s)
[2026-06-29 06:47:48] [DEBUG] [hybrid_market_client] ✓ Got live data from QuantDinger for GBPUSD
[2026-06-29 06:47:48] [INFO] [sltp] SL/TP GBPUSD: entry=1.3203063011169434 atr=0.00247 sl=1.31661 tp=1.32647
[2026-06-29 06:47:48] [INFO] [position_sizing] Position size: 0.5 (equity=73890, risk=0.001, sl_dist=0.00370, score=92, cons_loss=2)
[2026-06-29 06:47:48] [DEBUG] [xgboost_v2] V2 predict: rsi=62.5 atr=0.00247 regime=TRENDING session=asia dir=BUY -> p_win=0.926
[2026-06-29 06:47:48] [INFO] [xgboost_v2] [VERIFY] XGBOOST PREDICTION p_win=0.926 available=True
[2026-06-29 06:47:48] [INFO] [main] [VERIFY][DECISION_TRUTH] bias=bullish score=92.2 confidence=1.0 vote=BUY risk_passed=False sl_tp_calculated=True position_size=0.5 xgboost_p_win=0.9264878630638123 final_decision_valid=False reject_reason=CorrelationProtection: correlated open trade exists
[2026-06-29 06:47:48] [INFO] [adaptive_weights] EURUSD weights updated: {'ai': 0.239, 'trend': 0.239, 'momentum': 0.239, 'sentiment': 0.239, 'volatility': 0.045} | WR=20.0% PF=0
[2026-06-29 06:47:48] [INFO] [adaptive_weights] 🏆 أفضل زوج: EURUSD | WR=20.0% | PnL=190.0$
[2026-06-29 06:47:48] [INFO] [adaptive_weights] ⚠️ أسوأ زوج: XAUUSD | WR=0.0% | PnL=0.0$
[2026-06-29 06:47:48] [INFO] [main] Sleeping 1800s...
[2026-06-29 06:48:35] [INFO] [news_fetcher] Fetched 14 relevant news items
[2026-06-29 06:48:44] [INFO] [news_fetcher] Fetched 14 relevant news items
[2026-06-29 06:48:44] [INFO] [market_regime_detector] [REGIME] Could not compute ATR from MT5 for EURUSD
[2026-06-29 06:48:44] [INFO] [reconciliation] [REGIME] EURUSD regime=Unknown ATR_multiplier_override=2.0 DynamicTP_tp_ratio_override=0.5 p_win=None
[2026-06-29 06:48:44] [INFO] [reconciliation] [RED_FLAG] EURUSD flags=['trade_health'] count=1 exit_prob=0.0%
[2026-06-29 06:48:44] [INFO] [market_regime_detector] [REGIME] Could not compute ATR from MT5 for EURUSD
[2026-06-29 06:48:44] [INFO] [reconciliation] [REGIME] EURUSD regime=Unknown ATR_multiplier_override=2.0 DynamicTP_tp_ratio_override=0.5 p_win=None
[2026-06-29 06:48:44] [INFO] [reconciliation] [RED_FLAG] EURUSD flags=['trade_health'] count=1 exit_prob=0.0%
[2026-06-29 06:48:51] [INFO] [news_fetcher] Fetched 14 relevant news items
[2026-06-29 06:48:51] [ERROR] [reconciliation] News conflict check error for {'id': '9314935503', 'ticket': '9314935503', 'symbol': 'EURUSD', 'type': 'buy', 'direction': 'buy', 'volume': 0.5, 'price_open': 1.13893, 'sl': 1.13594, 'tp': 1.14467, 'profit': -12.5, 'comment': 'Bot V3', 'price_current': 1.13868}: analyze_news() missing 1 required positional argument: 'snapshot'
[2026-06-29 06:48:51] [ERROR] [reconciliation] News conflict check error for {'id': '9315174919', 'ticket': '9315174919', 'symbol': 'EURUSD', 'type': 'buy', 'direction': 'buy', 'volume': 0.5, 'price_open': 1.13868, 'sl': 1.13581, 'tp': 1.1445400000000001, 'profit': 0.0, 'comment': 'Bot V3', 'price_current': 1.13868}: analyze_news() missing 1 required positional argument: 'snapshot'
[2026-06-29 06:48:51] [WARNING] [reconciliation] Unknown position in QD: 9314935503 EURUSD
[2026-06-29 06:48:51] [INFO] [reconciliation] Reconciliation: {'db_count': 1, 'qd_count': 2, 'fixes': 0, 'mismatches': ['QD orphan: 9314935503']}
[2026-06-29 06:49:51] [WARNING] [reconciliation] Orphan trade in DB (no longer in QD): trade_id=26 order_id=9315174919
[2026-06-29 06:49:51] [ERROR] [reconciliation] Reconciliation error: cannot access local variable 'upsert_execution_actual' where it is not associated with a value
[2026-06-29 06:53:28] [INFO] [main] Trading Bot V3 starting...
[2026-06-29 06:53:28] [INFO] [database] V3 Database initialized with all tables
[2026-06-29 06:53:29] [INFO] [qd_client] Logged in to QuantDinger
[2026-06-29 06:53:29] [INFO] [qd_client] MT5 connected
[2026-06-29 06:53:29] [INFO] [main] MT5 connected
[2026-06-29 06:53:29] [INFO] [telegram_bot] Telegram polling started
[2026-06-29 06:53:29] [INFO] [telegram_bot] Telegram bot V3 started
[2026-06-29 06:53:29] [INFO] [mt5_watchdog] MT5 watchdog started (V1 reconnect logic)
[2026-06-29 06:53:29] [INFO] [reconciliation] Reconciliation loop started (every 60s)
[2026-06-29 06:53:29] [INFO] [reconciliation] Reconciliation thread started
[2026-06-29 06:53:30] [INFO] [main] ==================================================
[2026-06-29 06:53:30] [INFO] [main] Cycle 1 at 06:53:30
[2026-06-29 06:53:39] [INFO] [news_fetcher] Fetched 14 relevant news items
[2026-06-29 06:53:39] [INFO] [main] Equity: 73890.10$ | News: 14
[2026-06-29 06:53:39] [DEBUG] [hybrid_market_client] Fetching indicators for EURUSD (QuantDinger only)
[2026-06-29 06:53:39] [DEBUG] [market_client] Candles EURUSD 4H: 100 bars ✓
[2026-06-29 06:53:39] [DEBUG] [hybrid_market_client] ✓ Got live data from QuantDinger for EURUSD
[2026-06-29 06:53:39] [DEBUG] [hybrid_market_client] Fetching indicators for EURUSD (QuantDinger only)
[2026-06-29 06:53:39] [DEBUG] [market_client] Candles EURUSD 4H: 100 bars ✓
[2026-06-29 06:53:39] [DEBUG] [hybrid_market_client] ✓ Got live data from QuantDinger for EURUSD
[2026-06-29 06:53:39] [DEBUG] [hybrid_market_client] Fetching indicators for EURUSD (QuantDinger only)
[2026-06-29 06:53:39] [DEBUG] [market_client] Candles EURUSD 4H: 100 bars ✓
[2026-06-29 06:53:39] [DEBUG] [hybrid_market_client] ✓ Got live data from QuantDinger for EURUSD
[2026-06-29 06:53:39] [INFO] [market_snapshot_builder] [SNAPSHOT_BUILT] symbol=EURUSD tfs=H4,H1,M15
[2026-06-29 06:53:39] [DEBUG] [hybrid_market_client] Fetching indicators for XAUUSD (QuantDinger only)
[2026-06-29 06:53:39] [DEBUG] [market_client] Candles XAUUSD 4H: 100 bars ✓
[2026-06-29 06:53:39] [DEBUG] [hybrid_market_client] ✓ Got live data from QuantDinger for XAUUSD
[2026-06-29 06:53:39] [DEBUG] [hybrid_market_client] Fetching indicators for XAUUSD (QuantDinger only)
[2026-06-29 06:53:39] [DEBUG] [market_client] Candles XAUUSD 4H: 100 bars ✓
[2026-06-29 06:53:39] [DEBUG] [hybrid_market_client] ✓ Got live data from QuantDinger for XAUUSD
[2026-06-29 06:53:39] [DEBUG] [hybrid_market_client] Fetching indicators for XAUUSD (QuantDinger only)
[2026-06-29 06:53:39] [DEBUG] [market_client] Candles XAUUSD 4H: 100 bars ✓
[2026-06-29 06:53:39] [DEBUG] [hybrid_market_client] ✓ Got live data from QuantDinger for XAUUSD
[2026-06-29 06:53:39] [INFO] [market_snapshot_builder] [SNAPSHOT_BUILT] symbol=XAUUSD tfs=H4,H1,M15
[2026-06-29 06:53:39] [DEBUG] [hybrid_market_client] Fetching indicators for GBPUSD (QuantDinger only)
[2026-06-29 06:53:40] [DEBUG] [market_client] Candles GBPUSD 4H: 100 bars ✓
[2026-06-29 06:53:40] [DEBUG] [hybrid_market_client] ✓ Got live data from QuantDinger for GBPUSD
[2026-06-29 06:53:40] [DEBUG] [hybrid_market_client] Fetching indicators for GBPUSD (QuantDinger only)
[2026-06-29 06:53:40] [DEBUG] [market_client] Candles GBPUSD 4H: 100 bars ✓
[2026-06-29 06:53:40] [DEBUG] [hybrid_market_client] ✓ Got live data from QuantDinger for GBPUSD
[2026-06-29 06:53:40] [DEBUG] [hybrid_market_client] Fetching indicators for GBPUSD (QuantDinger only)
[2026-06-29 06:53:40] [DEBUG] [market_client] Candles GBPUSD 4H: 100 bars ✓
[2026-06-29 06:53:40] [DEBUG] [hybrid_market_client] ✓ Got live data from QuantDinger for GBPUSD
[2026-06-29 06:53:40] [INFO] [market_snapshot_builder] [SNAPSHOT_BUILT] symbol=GBPUSD tfs=H4,H1,M15
[2026-06-29 06:53:40] [INFO] [main] --- EURUSD ---
[2026-06-29 06:53:44] [INFO] [deepseek] DEEPSEEK OK: {
  "impact_score": 65,
  "bias": "bullish",
  "confidence": 0.7,
  "reason": "اتجاه صاعد قوي في الأ...
[2026-06-29 06:53:44] [INFO] [deepseek] AI EURUSD: bias=bullish impact=65.0 conf=0.70
[2026-06-29 06:53:44] [INFO] [signal_engine] [VERIFY] SIGNAL_INPUT bias=bullish score=65.0 confidence=0.7
[2026-06-29 06:53:44] [INFO] [signal_engine] [VERIFY] SIGNAL_RULE rule=confidence>=0.60 actual=0.7 result=True
[2026-06-29 06:53:44] [INFO] [signal_engine] [VERIFY] SIGNAL_RULE rule=score>=55 actual=65.0 result=True
[2026-06-29 06:53:44] [INFO] [signal_engine] [VERIFY] SIGNAL_RULE rule=bias in [bullish,bearish] actual=bullish result=True
[2026-06-29 06:53:44] [INFO] [signal_engine] [VERIFY] SIGNAL_FINAL direction=BUY score=65.0 confidence=0.7 valid=True
[2026-06-29 06:53:44] [DEBUG] [signal_engine] Signal: BUY score=65.0 conf=0.70 strength=متوسط valid=True
[2026-06-29 06:53:44] [INFO] [sentiment] Sentiment EURUSD: bullish score=100 bull=1 bear=0
[2026-06-29 06:53:44] [DEBUG] [mtf] MTF (snapshot) EURUSD: H4=bullish H1=bullish M15=bullish aligned=True (strong)
[2026-06-29 06:53:44] [INFO] [main] [VERIFY][DATA_TRUTH] symbol=EURUSD timeframe=H4/H1/M15 news_fetched=True indicators_fetched=True live_data=True cached=False
[2026-06-29 06:53:44] [INFO] [voting_engine] EURUSD: MTF strongly aligned, boosting score 10%
[2026-06-29 06:53:44] [DEBUG] [hybrid_market_client] Fetching indicators for EURUSD (QuantDinger only)
[2026-06-29 06:53:44] [DEBUG] [market_client] Candles EURUSD 4H: 100 bars ✓
[2026-06-29 06:53:44] [DEBUG] [hybrid_market_client] ✓ Got live data from QuantDinger for EURUSD
[2026-06-29 06:53:44] [DEBUG] [hybrid_market_client] Fetching indicators for EURUSD (QuantDinger only)
[2026-06-29 06:53:44] [DEBUG] [market_client] Using cached candles for EURUSD 4H (age: 0s)
[2026-06-29 06:53:44] [DEBUG] [hybrid_market_client] ✓ Got live data from QuantDinger for EURUSD
[2026-06-29 06:53:44] [INFO] [sltp] SL/TP EURUSD: entry=1.1389521360397339 atr=0.00219 sl=1.13566 tp=1.14443
[2026-06-29 06:53:44] [INFO] [position_sizing] Position size: 0.5 (equity=73890, risk=0.001, sl_dist=0.00329, score=100, cons_loss=3)
[2026-06-29 06:53:44] [INFO] [xgboost_v2] [VERIFY] XGBOOST MODEL LOADED path=models/xgb_model.json available=True
[2026-06-29 06:53:44] [INFO] [xgboost_v2] XGBoost v2 model loaded successfully
[2026-06-29 06:53:44] [DEBUG] [xgboost_v2] V2 predict: rsi=61.1 atr=0.00219 regime=TRENDING session=asia dir=BUY -> p_win=0.744
[2026-06-29 06:53:44] [INFO] [xgboost_v2] [VERIFY] XGBOOST PREDICTION p_win=0.744 available=True
[2026-06-29 06:53:44] [INFO] [main] [VERIFY][DECISION_TRUTH] bias=bullish score=100 confidence=1.0 vote=BUY risk_passed=True sl_tp_calculated=True position_size=0.5 xgboost_p_win=0.7440381646156311 final_decision_valid=True reject_reason=OK
[2026-06-29 06:53:44] [INFO] [mt5_direct] [MT5_DIRECT] open_trade symbol=EURUSD direction=BUY volume=0.5 sl=1.13566 tp=1.14443
[2026-06-29 06:53:44] [INFO] [mt5_direct] [MT5_DIRECT] terminal_info: TerminalInfo(community_account=True, community_connection=True, connected=True, dlls_allowed=False, trade_allowed=True, tradeapi_disabled=False, email_enabled=False, ftp_enabled=False, notifications_enabled=False, mqid=True, build=5956, maxbars=100000, codepage=0, ping_last=77155, community_balance=0.0, retransmission=0.007323861139592794, company='MetaQuotes Ltd.', name='MetaTrader 5', language='English', path='C:\\Program Files\\MetaTrader 5', data_path='C:\\Users\\ACER\\AppData\\Roaming\\MetaQuotes\\Terminal\\D0E8209F77C8CF37AD8BF550E51FF075', commondata_path='C:\\Users\\ACER\\AppData\\Roaming\\MetaQuotes\\Terminal\\Common')
[2026-06-29 06:53:44] [INFO] [mt5_direct] [MT5_DIRECT] account_info: AccountInfo(login=108132137, trade_mode=0, leverage=100, limit_orders=200, margin_so_mode=0, trade_allowed=True, trade_expert=True, margin_mode=2, currency_digits=2, fifo_close=False, balance=73902.6, credit=0.0, profit=-13.5, equity=73889.1, margin=1138.81, margin_free=72750.29, margin_level=6488.272846216665, margin_so_call=50.0, margin_so_so=30.0, margin_initial=0.0, margin_maintenance=0.0, assets=0.0, liabilities=0.0, commission_blocked=0.0, name='Ali Nabil', server='MetaQuotes-Demo', currency='USD', company='MetaQuotes Ltd.')
[2026-06-29 06:53:44] [DEBUG] [mt5_direct] [MT5_DIRECT] order_send request={'action': 1, 'symbol': 'EURUSD', 'volume': 0.5, 'type': 0, 'price': 1.13867, 'sl': 1.13566, 'tp': 1.14443, 'deviation': 20, 'magic': 0, 'comment': 'Bot V3', 'type_filling': 1}
[2026-06-29 06:53:44] [ERROR] [mt5_direct] [MT5_DIRECT] order_send failed result=OrderSendResult(retcode=10030, deal=0, order=0, volume=0.0, price=0.0, bid=0.0, ask=0.0, comment='Unsupported filling mode', request_id=0, retcode_external=0, request=TradeRequest(action=1, magic=0, order=0, symbol='EURUSD', volume=0.5, price=1.13867, stoplimit=0.0, sl=1.13566, tp=1.14443, deviation=20, type=0, type_filling=1, type_time=0, expiration=0, comment='Bot V3', position=0, position_by=0)) comment=Unsupported filling mode retcode=10030
[2026-06-29 06:53:44] [INFO] [mt5_direct] [MT5_DIRECT] Retry order_send without type_filling
[2026-06-29 06:53:44] [INFO] [main] [VERIFY][EXECUTION_RESULT] symbol=EURUSD open_trade_result={'status': 'success', 'order_id': '9315301988', 'price': 1.13867, 'symbol': 'EURUSD', 'direction': 'BUY', 'volume': 0.5, 'timestamp': 1782705224.5624323, 'raw_response': {'retcode': 10009, 'deal': 8969496966, 'order': 9315301988, 'volume': 0.5, 'price': 1.13867, 'bid': 0.0, 'ask': 0.0, 'comment': 'Request executed', 'request_id': 359116474, 'retcode_external': 0, 'request': TradeRequest(action=1, magic=0, order=0, symbol='EURUSD', volume=0.5, price=1.13867, stoplimit=0.0, sl=1.13566, tp=1.14443, deviation=20, type=0, type_filling=0, type_time=0, expiration=0, comment='Bot V3', position=0, position_by=0)}}
[2026-06-29 06:53:44] [INFO] [sltp] SL/TP EURUSD: entry=1.13867 atr=0.00219 sl=1.13538 tp=1.14415
[2026-06-29 06:53:45] [INFO] [main] --- XAUUSD ---
[2026-06-29 06:53:49] [INFO] [deepseek] DEEPSEEK OK: {
  "impact_score": 75,
  "bias": "bullish",
  "confidence": 0.85,
  "reason": "الاتجاه الصاعد قوي ع...
[2026-06-29 06:53:49] [INFO] [deepseek] AI XAUUSD: bias=bullish impact=75.0 conf=0.85
[2026-06-29 06:53:49] [INFO] [signal_engine] [VERIFY] SIGNAL_INPUT bias=bullish score=75.0 confidence=0.85
[2026-06-29 06:53:49] [INFO] [signal_engine] [VERIFY] SIGNAL_RULE rule=confidence>=0.60 actual=0.85 result=True
[2026-06-29 06:53:49] [INFO] [signal_engine] [VERIFY] SIGNAL_RULE rule=score>=55 actual=75.0 result=True
[2026-06-29 06:53:49] [INFO] [signal_engine] [VERIFY] SIGNAL_RULE rule=bias in [bullish,bearish] actual=bullish result=True
[2026-06-29 06:53:49] [INFO] [signal_engine] [VERIFY] SIGNAL_FINAL direction=BUY score=75.0 confidence=0.85 valid=True
[2026-06-29 06:53:49] [DEBUG] [signal_engine] Signal: BUY score=75.0 conf=0.85 strength=قوي valid=True
[2026-06-29 06:53:49] [INFO] [sentiment] Sentiment XAUUSD: bearish score=83 bull=1 bear=2
[2026-06-29 06:53:49] [DEBUG] [mtf] MTF (snapshot) XAUUSD: H4=bullish H1=bullish M15=bullish aligned=True (strong)
[2026-06-29 06:53:49] [INFO] [main] [VERIFY][DATA_TRUTH] symbol=XAUUSD timeframe=H4/H1/M15 news_fetched=True indicators_fetched=True live_data=True cached=False
[2026-06-29 06:53:49] [INFO] [voting_engine] XAUUSD: MTF strongly aligned, boosting score 10%
[2026-06-29 06:53:49] [DEBUG] [hybrid_market_client] Fetching indicators for XAUUSD (QuantDinger only)
[2026-06-29 06:53:49] [DEBUG] [market_client] Candles XAUUSD 4H: 100 bars ✓
[2026-06-29 06:53:49] [DEBUG] [hybrid_market_client] ✓ Got live data from QuantDinger for XAUUSD
[2026-06-29 06:53:49] [DEBUG] [hybrid_market_client] Fetching indicators for XAUUSD (QuantDinger only)
[2026-06-29 06:53:49] [DEBUG] [market_client] Using cached candles for XAUUSD 4H (age: 0s)
[2026-06-29 06:53:49] [DEBUG] [hybrid_market_client] ✓ Got live data from QuantDinger for XAUUSD
[2026-06-29 06:53:49] [INFO] [sltp] SL/TP XAUUSD: entry=4083.89990234375 atr=37.10709 sl=4073.8999 tp=4176.66763
[2026-06-29 06:53:49] [INFO] [position_sizing] Position size: 0.1 (equity=73890, risk=0.001, sl_dist=10.00000, score=100, cons_loss=3)
[2026-06-29 06:53:49] [DEBUG] [xgboost_v2] V2 predict: rsi=60.3 atr=37.10709 regime=TRENDING session=asia dir=BUY -> p_win=0.315
[2026-06-29 06:53:49] [INFO] [xgboost_v2] [VERIFY] XGBOOST PREDICTION p_win=0.315 available=True
[2026-06-29 06:53:49] [INFO] [main] [VERIFY][DECISION_TRUTH] bias=bullish score=100 confidence=1.0 vote=BUY risk_passed=True sl_tp_calculated=True position_size=0.1 xgboost_p_win=0.3154148459434509 final_decision_valid=False reject_reason=p_win<threshold (p_win=0.315 threshold=0.6)
[2026-06-29 06:53:49] [INFO] [main] --- GBPUSD ---
[2026-06-29 06:53:53] [WARNING] [deepseek] Retry 1: JSON incomplete/truncated
[2026-06-29 06:53:53] [INFO] [deepseek] DEEPSEEK OK: {
  "impact_score": 65,
  "bias": "bullish",
  "confidence": 0.7,
  "reason": "الاتجاه الصاعد القوي ...
[2026-06-29 06:53:53] [INFO] [deepseek] AI GBPUSD: bias=bullish impact=65.0 conf=0.70
[2026-06-29 06:53:53] [INFO] [signal_engine] [VERIFY] SIGNAL_INPUT bias=bullish score=65.0 confidence=0.7
[2026-06-29 06:53:53] [INFO] [signal_engine] [VERIFY] SIGNAL_RULE rule=confidence>=0.60 actual=0.7 result=True
[2026-06-29 06:53:53] [INFO] [signal_engine] [VERIFY] SIGNAL_RULE rule=score>=55 actual=65.0 result=True
[2026-06-29 06:53:53] [INFO] [signal_engine] [VERIFY] SIGNAL_RULE rule=bias in [bullish,bearish] actual=bullish result=True
[2026-06-29 06:53:53] [INFO] [signal_engine] [VERIFY] SIGNAL_FINAL direction=BUY score=65.0 confidence=0.7 valid=True
[2026-06-29 06:53:53] [DEBUG] [signal_engine] Signal: BUY score=65.0 conf=0.70 strength=متوسط valid=True
[2026-06-29 06:53:53] [DEBUG] [mtf] MTF (snapshot) GBPUSD: H4=bullish H1=bullish M15=bullish aligned=True (strong)
[2026-06-29 06:53:53] [INFO] [main] [VERIFY][DATA_TRUTH] symbol=GBPUSD timeframe=H4/H1/M15 news_fetched=True indicators_fetched=True live_data=True cached=False
[2026-06-29 06:53:53] [INFO] [voting_engine] GBPUSD: MTF strongly aligned, boosting score 10%
[2026-06-29 06:53:53] [INFO] [correlation_protection] [CORRELATION_PROTECTION] Block correlated GBPUSD buy with EURUSD buy action=block
[2026-06-29 06:53:53] [INFO] [risk_engine] Risk: CorrelationProtection blocked (GBPUSD BUY)
[2026-06-29 06:53:53] [DEBUG] [hybrid_market_client] Fetching indicators for GBPUSD (QuantDinger only)
[2026-06-29 06:53:53] [DEBUG] [market_client] Candles GBPUSD 4H: 100 bars ✓
[2026-06-29 06:53:53] [DEBUG] [hybrid_market_client] ✓ Got live data from QuantDinger for GBPUSD
[2026-06-29 06:53:53] [DEBUG] [hybrid_market_client] Fetching indicators for GBPUSD (QuantDinger only)
[2026-06-29 06:53:53] [DEBUG] [market_client] Using cached candles for GBPUSD 4H (age: 0s)
[2026-06-29 06:53:53] [DEBUG] [hybrid_market_client] ✓ Got live data from QuantDinger for GBPUSD
[2026-06-29 06:53:53] [INFO] [sltp] SL/TP GBPUSD: entry=1.3202017545700073 atr=0.00248 sl=1.31648 tp=1.3264
[2026-06-29 06:53:53] [INFO] [position_sizing] Position size: 0.5 (equity=73890, risk=0.000, sl_dist=0.00372, score=89, cons_loss=3)
[2026-06-29 06:53:53] [DEBUG] [xgboost_v2] V2 predict: rsi=62.1 atr=0.00248 regime=TRENDING session=asia dir=BUY -> p_win=0.911
[2026-06-29 06:53:53] [INFO] [xgboost_v2] [VERIFY] XGBOOST PREDICTION p_win=0.911 available=True
[2026-06-29 06:53:53] [INFO] [main] [VERIFY][DECISION_TRUTH] bias=bullish score=88.6 confidence=1.0 vote=BUY risk_passed=False sl_tp_calculated=True position_size=0.5 xgboost_p_win=0.9114883542060852 final_decision_valid=False reject_reason=CorrelationProtection: correlated open trade exists
[2026-06-29 06:53:53] [INFO] [adaptive_weights] EURUSD weights updated: {'ai': 0.239, 'trend': 0.239, 'momentum': 0.239, 'sentiment': 0.239, 'volatility': 0.044} | WR=18.8% PF=0
[2026-06-29 06:53:53] [INFO] [adaptive_weights] 🏆 أفضل زوج: EURUSD | WR=18.8% | PnL=190.0$
[2026-06-29 06:53:53] [INFO] [adaptive_weights] ⚠️ أسوأ زوج: XAUUSD | WR=0.0% | PnL=0.0$
[2026-06-29 06:53:53] [INFO] [main] Sleeping 1800s...
[2026-06-29 07:00:32] [INFO] [main] Trading Bot V3 starting...
[2026-06-29 07:00:32] [INFO] [database] V3 Database initialized with all tables
[2026-06-29 07:00:33] [INFO] [qd_client] Logged in to QuantDinger
[2026-06-29 07:00:33] [INFO] [qd_client] MT5 connected
[2026-06-29 07:00:33] [INFO] [main] MT5 connected
[2026-06-29 07:00:33] [INFO] [telegram_bot] Telegram polling started
[2026-06-29 07:00:33] [INFO] [telegram_bot] Telegram bot V3 started
[2026-06-29 07:00:33] [INFO] [mt5_watchdog] MT5 watchdog started (V1 reconnect logic)
[2026-06-29 07:00:33] [INFO] [reconciliation] Reconciliation loop started (every 60s)
[2026-06-29 07:00:33] [INFO] [reconciliation] Reconciliation thread started
[2026-06-29 07:00:33] [WARNING] [reconciliation] Orphan trade in DB (no longer in QD): trade_id=27 order_id=9315301988
[2026-06-29 07:00:33] [ERROR] [reconciliation] Reconciliation error: cannot access local variable 'upsert_execution_actual' where it is not associated with a value
[2026-06-29 07:00:34] [INFO] [main] ==================================================
[2026-06-29 07:00:34] [INFO] [main] Cycle 1 at 07:00:34
[2026-06-29 07:00:42] [INFO] [news_fetcher] Fetched 14 relevant news items
[2026-06-29 07:00:42] [INFO] [main] Equity: 73856.10$ | News: 14
[2026-06-29 07:00:42] [DEBUG] [hybrid_market_client] Fetching indicators for EURUSD (QuantDinger only)
[2026-06-29 07:00:43] [DEBUG] [market_client] Candles EURUSD 4H: 100 bars ✓
[2026-06-29 07:00:43] [DEBUG] [hybrid_market_client] ✓ Got live data from QuantDinger for EURUSD
[2026-06-29 07:00:43] [DEBUG] [hybrid_market_client] Fetching indicators for EURUSD (QuantDinger only)
[2026-06-29 07:00:43] [DEBUG] [market_client] Candles EURUSD 4H: 100 bars ✓
[2026-06-29 07:00:43] [DEBUG] [hybrid_market_client] ✓ Got live data from QuantDinger for EURUSD
[2026-06-29 07:00:43] [DEBUG] [hybrid_market_client] Fetching indicators for EURUSD (QuantDinger only)
[2026-06-29 07:00:43] [DEBUG] [market_client] Candles EURUSD 4H: 100 bars ✓
[2026-06-29 07:00:43] [DEBUG] [hybrid_market_client] ✓ Got live data from QuantDinger for EURUSD
[2026-06-29 07:00:43] [INFO] [market_snapshot_builder] [SNAPSHOT_BUILT] symbol=EURUSD tfs=H4,H1,M15
[2026-06-29 07:00:43] [DEBUG] [hybrid_market_client] Fetching indicators for XAUUSD (QuantDinger only)
[2026-06-29 07:00:43] [DEBUG] [market_client] Candles XAUUSD 4H: 100 bars ✓
[2026-06-29 07:00:43] [DEBUG] [hybrid_market_client] ✓ Got live data from QuantDinger for XAUUSD
[2026-06-29 07:00:43] [DEBUG] [hybrid_market_client] Fetching indicators for XAUUSD (QuantDinger only)
[2026-06-29 07:00:43] [DEBUG] [market_client] Candles XAUUSD 4H: 100 bars ✓
[2026-06-29 07:00:43] [DEBUG] [hybrid_market_client] ✓ Got live data from QuantDinger for XAUUSD
[2026-06-29 07:00:43] [DEBUG] [hybrid_market_client] Fetching indicators for XAUUSD (QuantDinger only)
[2026-06-29 07:00:43] [DEBUG] [market_client] Candles XAUUSD 4H: 100 bars ✓
[2026-06-29 07:00:43] [DEBUG] [hybrid_market_client] ✓ Got live data from QuantDinger for XAUUSD
[2026-06-29 07:00:43] [INFO] [market_snapshot_builder] [SNAPSHOT_BUILT] symbol=XAUUSD tfs=H4,H1,M15
[2026-06-29 07:00:43] [DEBUG] [hybrid_market_client] Fetching indicators for GBPUSD (QuantDinger only)
[2026-06-29 07:00:43] [DEBUG] [market_client] Candles GBPUSD 4H: 100 bars ✓
[2026-06-29 07:00:43] [DEBUG] [hybrid_market_client] ✓ Got live data from QuantDinger for GBPUSD
[2026-06-29 07:00:43] [DEBUG] [hybrid_market_client] Fetching indicators for GBPUSD (QuantDinger only)
[2026-06-29 07:00:43] [DEBUG] [market_client] Candles GBPUSD 4H: 100 bars ✓
[2026-06-29 07:00:43] [DEBUG] [hybrid_market_client] ✓ Got live data from QuantDinger for GBPUSD
[2026-06-29 07:00:43] [DEBUG] [hybrid_market_client] Fetching indicators for GBPUSD (QuantDinger only)
[2026-06-29 07:00:43] [DEBUG] [market_client] Candles GBPUSD 4H: 100 bars ✓
[2026-06-29 07:00:43] [DEBUG] [hybrid_market_client] ✓ Got live data from QuantDinger for GBPUSD
[2026-06-29 07:00:43] [INFO] [market_snapshot_builder] [SNAPSHOT_BUILT] symbol=GBPUSD tfs=H4,H1,M15
[2026-06-29 07:00:43] [INFO] [main] --- EURUSD ---
[2026-06-29 07:00:47] [INFO] [deepseek] DEEPSEEK OK: {
  "impact_score": 60,
  "bias": "bullish",
  "confidence": 0.65,
  "reason": "الاتجاه الصاعد على ا...
[2026-06-29 07:00:47] [INFO] [deepseek] AI EURUSD: bias=bullish impact=60.0 conf=0.65
[2026-06-29 07:00:47] [INFO] [signal_engine] [VERIFY] SIGNAL_INPUT bias=bullish score=60.0 confidence=0.65
[2026-06-29 07:00:47] [INFO] [signal_engine] [VERIFY] SIGNAL_RULE rule=confidence>=0.60 actual=0.65 result=True
[2026-06-29 07:00:47] [INFO] [signal_engine] [VERIFY] SIGNAL_RULE rule=score>=55 actual=60.0 result=True
[2026-06-29 07:00:47] [INFO] [signal_engine] [VERIFY] SIGNAL_RULE rule=bias in [bullish,bearish] actual=bullish result=True
[2026-06-29 07:00:47] [INFO] [signal_engine] [VERIFY] SIGNAL_FINAL direction=BUY score=60.0 confidence=0.65 valid=True
[2026-06-29 07:00:47] [DEBUG] [signal_engine] Signal: BUY score=60.0 conf=0.65 strength=متوسط valid=True
[2026-06-29 07:00:47] [INFO] [sentiment] Sentiment EURUSD: bullish score=100 bull=1 bear=0
[2026-06-29 07:00:47] [DEBUG] [mtf] MTF (snapshot) EURUSD: H4=bullish H1=bullish M15=bullish aligned=True (strong)
[2026-06-29 07:00:47] [INFO] [main] [VERIFY][DATA_TRUTH] symbol=EURUSD timeframe=H4/H1/M15 news_fetched=True indicators_fetched=True live_data=True cached=False
[2026-06-29 07:00:47] [INFO] [voting_engine] EURUSD: MTF strongly aligned, boosting score 10%
[2026-06-29 07:00:47] [DEBUG] [hybrid_market_client] Fetching indicators for EURUSD (QuantDinger only)
[2026-06-29 07:00:47] [DEBUG] [market_client] Candles EURUSD 4H: 100 bars ✓
[2026-06-29 07:00:47] [DEBUG] [hybrid_market_client] ✓ Got live data from QuantDinger for EURUSD
[2026-06-29 07:00:47] [DEBUG] [hybrid_market_client] Fetching indicators for EURUSD (QuantDinger only)
[2026-06-29 07:00:47] [DEBUG] [market_client] Using cached candles for EURUSD 4H (age: 0s)
[2026-06-29 07:00:47] [DEBUG] [hybrid_market_client] ✓ Got live data from QuantDinger for EURUSD
[2026-06-29 07:00:47] [INFO] [sltp] SL/TP EURUSD: entry=1.1386927366256714 atr=0.00220 sl=1.13539 tp=1.1442
[2026-06-29 07:00:47] [INFO] [position_sizing] Position size: 0.5 (equity=73856, risk=0.001, sl_dist=0.00330, score=100, cons_loss=4)
[2026-06-29 07:00:47] [INFO] [xgboost_v2] [VERIFY] XGBOOST MODEL LOADED path=models/xgb_model.json available=True
[2026-06-29 07:00:47] [INFO] [xgboost_v2] XGBoost v2 model loaded successfully
[2026-06-29 07:00:48] [DEBUG] [xgboost_v2] V2 predict: rsi=60.0 atr=0.00220 regime=TRENDING session=asia dir=BUY -> p_win=0.744
[2026-06-29 07:00:48] [INFO] [xgboost_v2] [VERIFY] XGBOOST PREDICTION p_win=0.744 available=True
[2026-06-29 07:00:48] [INFO] [main] [VERIFY][DECISION_TRUTH] bias=bullish score=100.0 confidence=0.987 vote=BUY risk_passed=True sl_tp_calculated=True position_size=0.5 xgboost_p_win=0.7440381646156311 final_decision_valid=True reject_reason=OK
[2026-06-29 07:00:48] [INFO] [mt5_direct] [MT5_DIRECT] open_trade symbol=EURUSD direction=BUY volume=0.5 sl=1.13539 tp=1.1442
[2026-06-29 07:00:48] [INFO] [mt5_direct] [MT5_DIRECT] terminal_info: TerminalInfo(community_account=True, community_connection=True, connected=True, dlls_allowed=False, trade_allowed=True, tradeapi_disabled=False, email_enabled=False, ftp_enabled=False, notifications_enabled=False, mqid=True, build=5956, maxbars=100000, codepage=0, ping_last=77155, community_balance=0.0, retransmission=0.02431039512495543, company='MetaQuotes Ltd.', name='MetaTrader 5', language='English', path='C:\\Program Files\\MetaTrader 5', data_path='C:\\Users\\ACER\\AppData\\Roaming\\MetaQuotes\\Terminal\\D0E8209F77C8CF37AD8BF550E51FF075', commondata_path='C:\\Users\\ACER\\AppData\\Roaming\\MetaQuotes\\Terminal\\Common')
[2026-06-29 07:00:48] [INFO] [mt5_direct] [MT5_DIRECT] account_info: AccountInfo(login=108132137, trade_mode=0, leverage=100, limit_orders=200, margin_so_mode=0, trade_allowed=True, trade_expert=True, margin_mode=2, currency_digits=2, fifo_close=False, balance=73902.6, credit=0.0, profit=-45.0, equity=73857.6, margin=1708.14, margin_free=72149.46, margin_level=4323.861041834979, margin_so_call=50.0, margin_so_so=30.0, margin_initial=0.0, margin_maintenance=0.0, assets=0.0, liabilities=0.0, commission_blocked=0.0, name='Ali Nabil', server='MetaQuotes-Demo', currency='USD', company='MetaQuotes Ltd.')
[2026-06-29 07:00:48] [DEBUG] [mt5_direct] [MT5_DIRECT] order_send request={'action': 1, 'symbol': 'EURUSD', 'volume': 0.5, 'type': 0, 'price': 1.13846, 'sl': 1.13539, 'tp': 1.1442, 'deviation': 20, 'magic': 0, 'comment': 'Bot V3', 'type_filling': 1}
[2026-06-29 07:00:48] [ERROR] [mt5_direct] [MT5_DIRECT] order_send failed result=OrderSendResult(retcode=10030, deal=0, order=0, volume=0.0, price=0.0, bid=0.0, ask=0.0, comment='Unsupported filling mode', request_id=0, retcode_external=0, request=TradeRequest(action=1, magic=0, order=0, symbol='EURUSD', volume=0.5, price=1.13846, stoplimit=0.0, sl=1.13539, tp=1.1442, deviation=20, type=0, type_filling=1, type_time=0, expiration=0, comment='Bot V3', position=0, position_by=0)) comment=Unsupported filling mode retcode=10030
[2026-06-29 07:00:48] [INFO] [mt5_direct] [MT5_DIRECT] Retry order_send without type_filling
[2026-06-29 07:00:48] [INFO] [main] [VERIFY][EXECUTION_RESULT] symbol=EURUSD open_trade_result={'status': 'success', 'order_id': '9315434623', 'price': 1.13846, 'symbol': 'EURUSD', 'direction': 'BUY', 'volume': 0.5, 'timestamp': 1782705648.1037161, 'raw_response': {'retcode': 10009, 'deal': 8969646023, 'order': 9315434623, 'volume': 0.5, 'price': 1.13846, 'bid': 0.0, 'ask': 0.0, 'comment': 'Request executed', 'request_id': 359116475, 'retcode_external': 0, 'request': TradeRequest(action=1, magic=0, order=0, symbol='EURUSD', volume=0.5, price=1.13846, stoplimit=0.0, sl=1.13539, tp=1.1442, deviation=20, type=0, type_filling=0, type_time=0, expiration=0, comment='Bot V3', position=0, position_by=0)}}
[2026-06-29 07:00:48] [INFO] [sltp] SL/TP EURUSD: entry=1.13846 atr=0.00220 sl=1.13516 tp=1.14397
[2026-06-29 07:00:48] [INFO] [main] --- XAUUSD ---
[2026-06-29 07:00:52] [INFO] [deepseek] DEEPSEEK OK: {"impact_score": 60, "bias": "bullish", "confidence": 0.75, "reason": "الاتجاه الصاعد واضح في جميع ا...
[2026-06-29 07:00:52] [INFO] [deepseek] AI XAUUSD: bias=bullish impact=60.0 conf=0.75
[2026-06-29 07:00:52] [INFO] [signal_engine] [VERIFY] SIGNAL_INPUT bias=bullish score=60.0 confidence=0.75
[2026-06-29 07:00:52] [INFO] [signal_engine] [VERIFY] SIGNAL_RULE rule=confidence>=0.60 actual=0.75 result=True
[2026-06-29 07:00:52] [INFO] [signal_engine] [VERIFY] SIGNAL_RULE rule=score>=55 actual=60.0 result=True
[2026-06-29 07:00:52] [INFO] [signal_engine] [VERIFY] SIGNAL_RULE rule=bias in [bullish,bearish] actual=bullish result=True
[2026-06-29 07:00:52] [INFO] [signal_engine] [VERIFY] SIGNAL_FINAL direction=BUY score=60.0 confidence=0.75 valid=True
[2026-06-29 07:00:52] [DEBUG] [signal_engine] Signal: BUY score=60.0 conf=0.75 strength=متوسط valid=True
[2026-06-29 07:00:52] [INFO] [sentiment] Sentiment XAUUSD: bearish score=83 bull=1 bear=2
[2026-06-29 07:00:52] [DEBUG] [mtf] MTF (snapshot) XAUUSD: H4=bullish H1=bullish M15=bullish aligned=True (strong)
[2026-06-29 07:00:52] [INFO] [main] [VERIFY][DATA_TRUTH] symbol=XAUUSD timeframe=H4/H1/M15 news_fetched=True indicators_fetched=True live_data=True cached=False
[2026-06-29 07:00:52] [INFO] [voting_engine] XAUUSD: MTF strongly aligned, boosting score 10%
[2026-06-29 07:00:52] [DEBUG] [hybrid_market_client] Fetching indicators for XAUUSD (QuantDinger only)
[2026-06-29 07:00:52] [DEBUG] [market_client] Candles XAUUSD 4H: 100 bars ✓
[2026-06-29 07:00:52] [DEBUG] [hybrid_market_client] ✓ Got live data from QuantDinger for XAUUSD
[2026-06-29 07:00:52] [DEBUG] [hybrid_market_client] Fetching indicators for XAUUSD (QuantDinger only)
[2026-06-29 07:00:52] [DEBUG] [market_client] Using cached candles for XAUUSD 4H (age: 0s)
[2026-06-29 07:00:52] [DEBUG] [hybrid_market_client] ✓ Got live data from QuantDinger for XAUUSD
[2026-06-29 07:00:52] [INFO] [sltp] SL/TP XAUUSD: entry=4082.0 atr=36.50710 sl=4072.0 tp=4173.26775
[2026-06-29 07:00:52] [INFO] [position_sizing] Position size: 0.1 (equity=73856, risk=0.001, sl_dist=10.00000, score=92, cons_loss=4)
[2026-06-29 07:00:52] [DEBUG] [xgboost_v2] V2 predict: rsi=60.1 atr=36.50710 regime=TRENDING session=asia dir=BUY -> p_win=0.315
[2026-06-29 07:00:52] [INFO] [xgboost_v2] [VERIFY] XGBOOST PREDICTION p_win=0.315 available=True
[2026-06-29 07:00:52] [INFO] [main] [VERIFY][DECISION_TRUTH] bias=bullish score=92.2 confidence=1.0 vote=BUY risk_passed=True sl_tp_calculated=True position_size=0.1 xgboost_p_win=0.3154148459434509 final_decision_valid=False reject_reason=p_win<threshold (p_win=0.315 threshold=0.6)
[2026-06-29 07:00:52] [INFO] [main] --- GBPUSD ---
[2026-06-29 07:00:56] [INFO] [deepseek] DEEPSEEK OK: {
  "impact_score": 65,
  "bias": "bullish",
  "confidence": 0.65,
  "reason": "التقنيات تدعم الاتجا...
[2026-06-29 07:00:56] [INFO] [deepseek] AI GBPUSD: bias=bullish impact=65.0 conf=0.65
[2026-06-29 07:00:56] [INFO] [signal_engine] [VERIFY] SIGNAL_INPUT bias=bullish score=65.0 confidence=0.65
[2026-06-29 07:00:56] [INFO] [signal_engine] [VERIFY] SIGNAL_RULE rule=confidence>=0.60 actual=0.65 result=True
[2026-06-29 07:00:56] [INFO] [signal_engine] [VERIFY] SIGNAL_RULE rule=score>=55 actual=65.0 result=True
[2026-06-29 07:00:56] [INFO] [signal_engine] [VERIFY] SIGNAL_RULE rule=bias in [bullish,bearish] actual=bullish result=True
[2026-06-29 07:00:56] [INFO] [signal_engine] [VERIFY] SIGNAL_FINAL direction=BUY score=65.0 confidence=0.65 valid=True
[2026-06-29 07:00:56] [DEBUG] [signal_engine] Signal: BUY score=65.0 conf=0.65 strength=متوسط valid=True
[2026-06-29 07:00:56] [DEBUG] [mtf] MTF (snapshot) GBPUSD: H4=bullish H1=bullish M15=bullish aligned=True (strong)
[2026-06-29 07:00:56] [INFO] [main] [VERIFY][DATA_TRUTH] symbol=GBPUSD timeframe=H4/H1/M15 news_fetched=True indicators_fetched=True live_data=True cached=False
[2026-06-29 07:00:56] [INFO] [voting_engine] GBPUSD: MTF strongly aligned, boosting score 10%
[2026-06-29 07:00:56] [INFO] [correlation_protection] [CORRELATION_PROTECTION] Block correlated GBPUSD buy with EURUSD buy action=block
[2026-06-29 07:00:56] [INFO] [risk_engine] Risk: CorrelationProtection blocked (GBPUSD BUY)
[2026-06-29 07:00:56] [DEBUG] [hybrid_market_client] Fetching indicators for GBPUSD (QuantDinger only)
[2026-06-29 07:00:56] [DEBUG] [market_client] Candles GBPUSD 4H: 100 bars ✓
[2026-06-29 07:00:56] [DEBUG] [hybrid_market_client] ✓ Got live data from QuantDinger for GBPUSD
[2026-06-29 07:00:56] [DEBUG] [hybrid_market_client] Fetching indicators for GBPUSD (QuantDinger only)
[2026-06-29 07:00:56] [DEBUG] [market_client] Using cached candles for GBPUSD 4H (age: 0s)
[2026-06-29 07:00:56] [DEBUG] [hybrid_market_client] ✓ Got live data from QuantDinger for GBPUSD
[2026-06-29 07:00:56] [INFO] [sltp] SL/TP GBPUSD: entry=1.3198357820510864 atr=0.00249 sl=1.31609 tp=1.32607
[2026-06-29 07:00:56] [INFO] [position_sizing] Position size: 0.5 (equity=73856, risk=0.000, sl_dist=0.00375, score=88, cons_loss=4)
[2026-06-29 07:00:56] [DEBUG] [xgboost_v2] V2 predict: rsi=60.6 atr=0.00249 regime=TRENDING session=asia dir=BUY -> p_win=0.911
[2026-06-29 07:00:56] [INFO] [xgboost_v2] [VERIFY] XGBOOST PREDICTION p_win=0.911 available=True
[2026-06-29 07:00:56] [INFO] [main] [VERIFY][DECISION_TRUTH] bias=bullish score=88.2 confidence=0.987 vote=BUY risk_passed=False sl_tp_calculated=True position_size=0.5 xgboost_p_win=0.9114883542060852 final_decision_valid=False reject_reason=CorrelationProtection: correlated open trade exists
[2026-06-29 07:00:56] [INFO] [adaptive_weights] EURUSD weights updated: {'ai': 0.239, 'trend': 0.239, 'momentum': 0.239, 'sentiment': 0.239, 'volatility': 0.043} | WR=17.6% PF=0
[2026-06-29 07:00:57] [INFO] [adaptive_weights] 🏆 أفضل زوج: EURUSD | WR=17.6% | PnL=190.0$
[2026-06-29 07:00:57] [INFO] [adaptive_weights] ⚠️ أسوأ زوج: XAUUSD | WR=0.0% | PnL=0.0$
[2026-06-29 07:00:57] [INFO] [main] Sleeping 1800s...
[2026-06-29 07:01:37] [INFO] [main] Trading Bot V3 starting...
[2026-06-29 07:01:37] [INFO] [database] V3 Database initialized with all tables
[2026-06-29 07:01:37] [INFO] [qd_client] Logged in to QuantDinger
[2026-06-29 07:01:37] [INFO] [qd_client] MT5 connected
[2026-06-29 07:01:37] [INFO] [main] MT5 connected
[2026-06-29 07:01:37] [INFO] [telegram_bot] Telegram polling started
[2026-06-29 07:01:37] [INFO] [telegram_bot] Telegram bot V3 started
[2026-06-29 07:01:37] [INFO] [mt5_watchdog] MT5 watchdog started (V1 reconnect logic)
[2026-06-29 07:01:37] [INFO] [reconciliation] Reconciliation loop started (every 60s)
[2026-06-29 07:01:37] [INFO] [reconciliation] Reconciliation thread started
[2026-06-29 07:01:37] [WARNING] [reconciliation] Orphan trade in DB (no longer in QD): trade_id=28 order_id=9315434623
[2026-06-29 07:01:38] [ERROR] [reconciliation] Reconciliation error: cannot access local variable 'upsert_execution_actual' where it is not associated with a value
[2026-06-29 07:01:38] [INFO] [main] ==================================================
[2026-06-29 07:01:38] [INFO] [main] Cycle 1 at 07:01:38
[2026-06-29 07:01:47] [INFO] [news_fetcher] Fetched 14 relevant news items
[2026-06-29 07:01:47] [INFO] [main] Equity: 73853.60$ | News: 14
[2026-06-29 07:01:47] [DEBUG] [hybrid_market_client] Fetching indicators for EURUSD (QuantDinger only)
[2026-06-29 07:01:47] [DEBUG] [market_client] Candles EURUSD 4H: 100 bars ✓
[2026-06-29 07:01:47] [DEBUG] [hybrid_market_client] ✓ Got live data from QuantDinger for EURUSD
[2026-06-29 07:01:47] [DEBUG] [hybrid_market_client] Fetching indicators for EURUSD (QuantDinger only)
[2026-06-29 07:01:47] [DEBUG] [market_client] Candles EURUSD 4H: 100 bars ✓
[2026-06-29 07:01:47] [DEBUG] [hybrid_market_client] ✓ Got live data from QuantDinger for EURUSD
[2026-06-29 07:01:47] [DEBUG] [hybrid_market_client] Fetching indicators for EURUSD (QuantDinger only)
[2026-06-29 07:01:47] [DEBUG] [market_client] Candles EURUSD 4H: 100 bars ✓
[2026-06-29 07:01:47] [DEBUG] [hybrid_market_client] ✓ Got live data from QuantDinger for EURUSD
[2026-06-29 07:01:47] [INFO] [market_snapshot_builder] [SNAPSHOT_BUILT] symbol=EURUSD tfs=H4,H1,M15
[2026-06-29 07:01:47] [DEBUG] [hybrid_market_client] Fetching indicators for XAUUSD (QuantDinger only)
[2026-06-29 07:01:47] [DEBUG] [market_client] Candles XAUUSD 4H: 100 bars ✓
[2026-06-29 07:01:47] [DEBUG] [hybrid_market_client] ✓ Got live data from QuantDinger for XAUUSD
[2026-06-29 07:01:47] [DEBUG] [hybrid_market_client] Fetching indicators for XAUUSD (QuantDinger only)
[2026-06-29 07:01:47] [DEBUG] [market_client] Candles XAUUSD 4H: 100 bars ✓
[2026-06-29 07:01:47] [DEBUG] [hybrid_market_client] ✓ Got live data from QuantDinger for XAUUSD
[2026-06-29 07:01:47] [DEBUG] [hybrid_market_client] Fetching indicators for XAUUSD (QuantDinger only)
[2026-06-29 07:01:47] [DEBUG] [market_client] Candles XAUUSD 4H: 100 bars ✓
[2026-06-29 07:01:47] [DEBUG] [hybrid_market_client] ✓ Got live data from QuantDinger for XAUUSD
[2026-06-29 07:01:47] [INFO] [market_snapshot_builder] [SNAPSHOT_BUILT] symbol=XAUUSD tfs=H4,H1,M15
[2026-06-29 07:01:47] [DEBUG] [hybrid_market_client] Fetching indicators for GBPUSD (QuantDinger only)
[2026-06-29 07:01:47] [DEBUG] [market_client] Candles GBPUSD 4H: 100 bars ✓
[2026-06-29 07:01:47] [DEBUG] [hybrid_market_client] ✓ Got live data from QuantDinger for GBPUSD
[2026-06-29 07:01:47] [DEBUG] [hybrid_market_client] Fetching indicators for GBPUSD (QuantDinger only)
[2026-06-29 07:01:47] [DEBUG] [market_client] Candles GBPUSD 4H: 100 bars ✓
[2026-06-29 07:01:47] [DEBUG] [hybrid_market_client] ✓ Got live data from QuantDinger for GBPUSD
[2026-06-29 07:01:47] [DEBUG] [hybrid_market_client] Fetching indicators for GBPUSD (QuantDinger only)
[2026-06-29 07:01:47] [DEBUG] [market_client] Candles GBPUSD 4H: 100 bars ✓
[2026-06-29 07:01:47] [DEBUG] [hybrid_market_client] ✓ Got live data from QuantDinger for GBPUSD
[2026-06-29 07:01:47] [INFO] [market_snapshot_builder] [SNAPSHOT_BUILT] symbol=GBPUSD tfs=H4,H1,M15
[2026-06-29 07:01:47] [INFO] [main] --- EURUSD ---
[2026-06-29 07:01:52] [INFO] [deepseek] DEEPSEEK OK: {
  "impact_score": 65,
  "bias": "bullish",
  "confidence": 0.7,
  "reason": "الاتجاه صاعد على جميع...
[2026-06-29 07:01:52] [INFO] [deepseek] AI EURUSD: bias=bullish impact=65.0 conf=0.70
[2026-06-29 07:01:52] [INFO] [signal_engine] [VERIFY] SIGNAL_INPUT bias=bullish score=65.0 confidence=0.7
[2026-06-29 07:01:52] [INFO] [signal_engine] [VERIFY] SIGNAL_RULE rule=confidence>=0.60 actual=0.7 result=True
[2026-06-29 07:01:52] [INFO] [signal_engine] [VERIFY] SIGNAL_RULE rule=score>=55 actual=65.0 result=True
[2026-06-29 07:01:52] [INFO] [signal_engine] [VERIFY] SIGNAL_RULE rule=bias in [bullish,bearish] actual=bullish result=True
[2026-06-29 07:01:52] [INFO] [signal_engine] [VERIFY] SIGNAL_FINAL direction=BUY score=65.0 confidence=0.7 valid=True
[2026-06-29 07:01:52] [DEBUG] [signal_engine] Signal: BUY score=65.0 conf=0.70 strength=متوسط valid=True
[2026-06-29 07:01:52] [INFO] [sentiment] Sentiment EURUSD: bullish score=100 bull=1 bear=0
[2026-06-29 07:01:52] [DEBUG] [mtf] MTF (snapshot) EURUSD: H4=bullish H1=bullish M15=bullish aligned=True (strong)
[2026-06-29 07:01:52] [INFO] [main] [VERIFY][DATA_TRUTH] symbol=EURUSD timeframe=H4/H1/M15 news_fetched=True indicators_fetched=True live_data=True cached=False
[2026-06-29 07:01:52] [INFO] [voting_engine] EURUSD: MTF strongly aligned, boosting score 10%
[2026-06-29 07:01:52] [DEBUG] [hybrid_market_client] Fetching indicators for EURUSD (QuantDinger only)
[2026-06-29 07:01:52] [DEBUG] [market_client] Candles EURUSD 4H: 100 bars ✓
[2026-06-29 07:01:52] [DEBUG] [hybrid_market_client] ✓ Got live data from QuantDinger for EURUSD
[2026-06-29 07:01:52] [DEBUG] [hybrid_market_client] Fetching indicators for EURUSD (QuantDinger only)
[2026-06-29 07:01:52] [DEBUG] [market_client] Using cached candles for EURUSD 4H (age: 0s)
[2026-06-29 07:01:52] [DEBUG] [hybrid_market_client] ✓ Got live data from QuantDinger for EURUSD
[2026-06-29 07:01:52] [INFO] [sltp] SL/TP EURUSD: entry=1.1386927366256714 atr=0.00220 sl=1.13539 tp=1.1442
[2026-06-29 07:01:52] [INFO] [position_sizing] Position size: 0.5 (equity=73854, risk=0.001, sl_dist=0.00330, score=100, cons_loss=5)
[2026-06-29 07:01:52] [INFO] [xgboost_v2] [VERIFY] XGBOOST MODEL LOADED path=models/xgb_model.json available=True
[2026-06-29 07:01:52] [INFO] [xgboost_v2] XGBoost v2 model loaded successfully
[2026-06-29 07:01:52] [DEBUG] [xgboost_v2] V2 predict: rsi=60.0 atr=0.00220 regime=TRENDING session=asia dir=BUY -> p_win=0.744
[2026-06-29 07:01:52] [INFO] [xgboost_v2] [VERIFY] XGBOOST PREDICTION p_win=0.744 available=True
[2026-06-29 07:01:52] [INFO] [main] [VERIFY][DECISION_TRUTH] bias=bullish score=100 confidence=1.0 vote=BUY risk_passed=True sl_tp_calculated=True position_size=0.5 xgboost_p_win=0.7440381646156311 final_decision_valid=True reject_reason=OK
[2026-06-29 07:01:52] [INFO] [mt5_direct] [MT5_DIRECT] open_trade symbol=EURUSD direction=BUY volume=0.5 sl=1.13539 tp=1.1442
[2026-06-29 07:01:52] [INFO] [mt5_direct] [MT5_DIRECT] terminal_info: TerminalInfo(community_account=True, community_connection=True, connected=True, dlls_allowed=False, trade_allowed=True, tradeapi_disabled=False, email_enabled=False, ftp_enabled=False, notifications_enabled=False, mqid=True, build=5956, maxbars=100000, codepage=0, ping_last=77155, community_balance=0.0, retransmission=0.02431039512495543, company='MetaQuotes Ltd.', name='MetaTrader 5', language='English', path='C:\\Program Files\\MetaTrader 5', data_path='C:\\Users\\ACER\\AppData\\Roaming\\MetaQuotes\\Terminal\\D0E8209F77C8CF37AD8BF550E51FF075', commondata_path='C:\\Users\\ACER\\AppData\\Roaming\\MetaQuotes\\Terminal\\Common')
[2026-06-29 07:01:52] [INFO] [mt5_direct] [MT5_DIRECT] account_info: AccountInfo(login=108132137, trade_mode=0, leverage=100, limit_orders=200, margin_so_mode=0, trade_allowed=True, trade_expert=True, margin_mode=2, currency_digits=2, fifo_close=False, balance=73902.6, credit=0.0, profit=-49.0, equity=73853.6, margin=2277.37, margin_free=71576.23, margin_level=3242.9337349662114, margin_so_call=50.0, margin_so_so=30.0, margin_initial=0.0, margin_maintenance=0.0, assets=0.0, liabilities=0.0, commission_blocked=0.0, name='Ali Nabil', server='MetaQuotes-Demo', currency='USD', company='MetaQuotes Ltd.')
[2026-06-29 07:01:52] [DEBUG] [mt5_direct] [MT5_DIRECT] order_send request={'action': 1, 'symbol': 'EURUSD', 'volume': 0.5, 'type': 0, 'price': 1.1384400000000001, 'sl': 1.13539, 'tp': 1.1442, 'deviation': 20, 'magic': 0, 'comment': 'Bot V3', 'type_filling': 1}
[2026-06-29 07:01:52] [ERROR] [mt5_direct] [MT5_DIRECT] order_send failed result=OrderSendResult(retcode=10030, deal=0, order=0, volume=0.0, price=0.0, bid=0.0, ask=0.0, comment='Unsupported filling mode', request_id=0, retcode_external=0, request=TradeRequest(action=1, magic=0, order=0, symbol='EURUSD', volume=0.5, price=1.1384400000000001, stoplimit=0.0, sl=1.13539, tp=1.1442, deviation=20, type=0, type_filling=1, type_time=0, expiration=0, comment='Bot V3', position=0, position_by=0)) comment=Unsupported filling mode retcode=10030
[2026-06-29 07:01:52] [INFO] [mt5_direct] [MT5_DIRECT] Retry order_send without type_filling
[2026-06-29 07:01:52] [INFO] [main] [VERIFY][EXECUTION_RESULT] symbol=EURUSD open_trade_result={'status': 'success', 'order_id': '9315462713', 'price': 1.1384400000000001, 'symbol': 'EURUSD', 'direction': 'BUY', 'volume': 0.5, 'timestamp': 1782705712.3280883, 'raw_response': {'retcode': 10009, 'deal': 8969679555, 'order': 9315462713, 'volume': 0.5, 'price': 1.1384400000000001, 'bid': 0.0, 'ask': 0.0, 'comment': 'Request executed', 'request_id': 359116476, 'retcode_external': 0, 'request': TradeRequest(action=1, magic=0, order=0, symbol='EURUSD', volume=0.5, price=1.1384400000000001, stoplimit=0.0, sl=1.13539, tp=1.1442, deviation=20, type=0, type_filling=0, type_time=0, expiration=0, comment='Bot V3', position=0, position_by=0)}}
[2026-06-29 07:01:52] [INFO] [sltp] SL/TP EURUSD: entry=1.1384400000000001 atr=0.00220 sl=1.13514 tp=1.14395
[2026-06-29 07:01:52] [INFO] [main] --- XAUUSD ---
[2026-06-29 07:01:56] [INFO] [deepseek] DEEPSEEK OK: {"impact_score": 65, "bias": "bullish", "confidence": 0.7, "reason": "الاتجاه الصاعد على جميع الأطر ...
[2026-06-29 07:01:56] [INFO] [deepseek] AI XAUUSD: bias=bullish impact=65.0 conf=0.70
[2026-06-29 07:01:56] [INFO] [signal_engine] [VERIFY] SIGNAL_INPUT bias=bullish score=65.0 confidence=0.7
[2026-06-29 07:01:56] [INFO] [signal_engine] [VERIFY] SIGNAL_RULE rule=confidence>=0.60 actual=0.7 result=True
[2026-06-29 07:01:56] [INFO] [signal_engine] [VERIFY] SIGNAL_RULE rule=score>=55 actual=65.0 result=True
[2026-06-29 07:01:56] [INFO] [signal_engine] [VERIFY] SIGNAL_RULE rule=bias in [bullish,bearish] actual=bullish result=True
[2026-06-29 07:01:56] [INFO] [signal_engine] [VERIFY] SIGNAL_FINAL direction=BUY score=65.0 confidence=0.7 valid=True
[2026-06-29 07:01:56] [DEBUG] [signal_engine] Signal: BUY score=65.0 conf=0.70 strength=متوسط valid=True
[2026-06-29 07:01:56] [INFO] [sentiment] Sentiment XAUUSD: bearish score=83 bull=1 bear=2
[2026-06-29 07:01:56] [DEBUG] [mtf] MTF (snapshot) XAUUSD: H4=bullish H1=bullish M15=bullish aligned=True (strong)
[2026-06-29 07:01:56] [INFO] [main] [VERIFY][DATA_TRUTH] symbol=XAUUSD timeframe=H4/H1/M15 news_fetched=True indicators_fetched=True live_data=True cached=False
[2026-06-29 07:01:56] [INFO] [voting_engine] XAUUSD: MTF strongly aligned, boosting score 10%
[2026-06-29 07:01:56] [DEBUG] [hybrid_market_client] Fetching indicators for XAUUSD (QuantDinger only)
[2026-06-29 07:01:56] [DEBUG] [market_client] Candles XAUUSD 4H: 100 bars ✓
[2026-06-29 07:01:56] [DEBUG] [hybrid_market_client] ✓ Got live data from QuantDinger for XAUUSD
[2026-06-29 07:01:56] [DEBUG] [hybrid_market_client] Fetching indicators for XAUUSD (QuantDinger only)
[2026-06-29 07:01:56] [DEBUG] [market_client] Using cached candles for XAUUSD 4H (age: 0s)
[2026-06-29 07:01:56] [DEBUG] [hybrid_market_client] ✓ Got live data from QuantDinger for XAUUSD
[2026-06-29 07:01:56] [INFO] [sltp] SL/TP XAUUSD: entry=4082.0 atr=36.50710 sl=4072.0 tp=4173.26775
[2026-06-29 07:01:56] [INFO] [position_sizing] Position size: 0.1 (equity=73854, risk=0.001, sl_dist=10.00000, score=94, cons_loss=5)
[2026-06-29 07:01:56] [DEBUG] [xgboost_v2] V2 predict: rsi=60.1 atr=36.50710 regime=TRENDING session=asia dir=BUY -> p_win=0.315
[2026-06-29 07:01:56] [INFO] [xgboost_v2] [VERIFY] XGBOOST PREDICTION p_win=0.315 available=True
[2026-06-29 07:01:56] [INFO] [main] [VERIFY][DECISION_TRUTH] bias=bullish score=94.2 confidence=1.0 vote=BUY risk_passed=True sl_tp_calculated=True position_size=0.1 xgboost_p_win=0.3154148459434509 final_decision_valid=False reject_reason=p_win<threshold (p_win=0.315 threshold=0.6)
[2026-06-29 07:01:56] [INFO] [main] --- GBPUSD ---
[2026-06-29 07:02:00] [INFO] [deepseek] DEEPSEEK OK: {
  "impact_score": 70,
  "bias": "bullish",
  "confidence": 0.85,
  "reason": "الاتجاه صاعد على جمي...
[2026-06-29 07:02:00] [INFO] [deepseek] AI GBPUSD: bias=bullish impact=70.0 conf=0.85
[2026-06-29 07:02:00] [INFO] [signal_engine] [VERIFY] SIGNAL_INPUT bias=bullish score=70.0 confidence=0.85
[2026-06-29 07:02:00] [INFO] [signal_engine] [VERIFY] SIGNAL_RULE rule=confidence>=0.60 actual=0.85 result=True
[2026-06-29 07:02:00] [INFO] [signal_engine] [VERIFY] SIGNAL_RULE rule=score>=55 actual=70.0 result=True
[2026-06-29 07:02:00] [INFO] [signal_engine] [VERIFY] SIGNAL_RULE rule=bias in [bullish,bearish] actual=bullish result=True
[2026-06-29 07:02:00] [INFO] [signal_engine] [VERIFY] SIGNAL_FINAL direction=BUY score=70.0 confidence=0.85 valid=True
[2026-06-29 07:02:00] [DEBUG] [signal_engine] Signal: BUY score=70.0 conf=0.85 strength=قوي valid=True
[2026-06-29 07:02:00] [DEBUG] [mtf] MTF (snapshot) GBPUSD: H4=bullish H1=bullish M15=bullish aligned=True (strong)
[2026-06-29 07:02:00] [INFO] [main] [VERIFY][DATA_TRUTH] symbol=GBPUSD timeframe=H4/H1/M15 news_fetched=True indicators_fetched=True live_data=True cached=False
[2026-06-29 07:02:00] [INFO] [voting_engine] GBPUSD: MTF strongly aligned, boosting score 10%
[2026-06-29 07:02:00] [INFO] [correlation_protection] [CORRELATION_PROTECTION] Block correlated GBPUSD buy with EURUSD buy action=block
[2026-06-29 07:02:00] [INFO] [risk_engine] Risk: CorrelationProtection blocked (GBPUSD BUY)
[2026-06-29 07:02:00] [DEBUG] [hybrid_market_client] Fetching indicators for GBPUSD (QuantDinger only)
[2026-06-29 07:02:00] [DEBUG] [market_client] Candles GBPUSD 4H: 100 bars ✓
[2026-06-29 07:02:00] [DEBUG] [hybrid_market_client] ✓ Got live data from QuantDinger for GBPUSD
[2026-06-29 07:02:00] [DEBUG] [hybrid_market_client] Fetching indicators for GBPUSD (QuantDinger only)
[2026-06-29 07:02:00] [DEBUG] [market_client] Using cached candles for GBPUSD 4H (age: 0s)
[2026-06-29 07:02:00] [DEBUG] [hybrid_market_client] ✓ Got live data from QuantDinger for GBPUSD
[2026-06-29 07:02:00] [INFO] [sltp] SL/TP GBPUSD: entry=1.3198357820510864 atr=0.00249 sl=1.31609 tp=1.32607
[2026-06-29 07:02:00] [INFO] [position_sizing] Position size: 0.5 (equity=73854, risk=0.001, sl_dist=0.00375, score=92, cons_loss=5)
[2026-06-29 07:02:00] [DEBUG] [xgboost_v2] V2 predict: rsi=60.6 atr=0.00249 regime=TRENDING session=asia dir=BUY -> p_win=0.911
[2026-06-29 07:02:00] [INFO] [xgboost_v2] [VERIFY] XGBOOST PREDICTION p_win=0.911 available=True
[2026-06-29 07:02:00] [INFO] [main] [VERIFY][DECISION_TRUTH] bias=bullish score=92.2 confidence=1.0 vote=BUY risk_passed=False sl_tp_calculated=True position_size=0.5 xgboost_p_win=0.9114883542060852 final_decision_valid=False reject_reason=CorrelationProtection: correlated open trade exists
[2026-06-29 07:02:00] [INFO] [adaptive_weights] EURUSD weights updated: {'ai': 0.239, 'trend': 0.239, 'momentum': 0.239, 'sentiment': 0.239, 'volatility': 0.043} | WR=16.7% PF=0
[2026-06-29 07:02:00] [INFO] [adaptive_weights] 🏆 أفضل زوج: EURUSD | WR=16.7% | PnL=190.0$
[2026-06-29 07:02:00] [INFO] [adaptive_weights] ⚠️ أسوأ زوج: XAUUSD | WR=0.0% | PnL=0.0$
[2026-06-29 07:02:00] [INFO] [main] Sleeping 1800s...
[2026-06-29 07:02:45] [INFO] [news_fetcher] Fetched 14 relevant news items
[2026-06-29 07:02:52] [INFO] [news_fetcher] Fetched 14 relevant news items
[2026-06-29 07:02:58] [INFO] [news_fetcher] Fetched 14 relevant news items
[2026-06-29 07:03:06] [INFO] [news_fetcher] Fetched 14 relevant news items
[2026-06-29 07:03:12] [INFO] [news_fetcher] Fetched 14 relevant news items
[2026-06-29 07:03:12] [INFO] [market_regime_detector] [REGIME] Could not compute ATR from MT5 for EURUSD
[2026-06-29 07:03:12] [INFO] [reconciliation] [REGIME] EURUSD regime=Unknown ATR_multiplier_override=2.0 DynamicTP_tp_ratio_override=0.5 p_win=None
[2026-06-29 07:03:12] [INFO] [reconciliation] [RED_FLAG] EURUSD flags=['trade_health'] count=1 exit_prob=0.0%
[2026-06-29 07:03:12] [INFO] [market_regime_detector] [REGIME] Could not compute ATR from MT5 for EURUSD
[2026-06-29 07:03:12] [INFO] [reconciliation] [REGIME] EURUSD regime=Unknown ATR_multiplier_override=2.0 DynamicTP_tp_ratio_override=0.5 p_win=None
[2026-06-29 07:03:12] [INFO] [reconciliation] [RED_FLAG] EURUSD flags=['trade_health'] count=1 exit_prob=0.0%
[2026-06-29 07:03:12] [INFO] [market_regime_detector] [REGIME] Could not compute ATR from MT5 for EURUSD
[2026-06-29 07:03:12] [INFO] [reconciliation] [REGIME] EURUSD regime=Unknown ATR_multiplier_override=2.0 DynamicTP_tp_ratio_override=0.5 p_win=None
[2026-06-29 07:03:12] [INFO] [reconciliation] [RED_FLAG] EURUSD flags=['trade_health'] count=1 exit_prob=0.0%
[2026-06-29 07:03:12] [INFO] [market_regime_detector] [REGIME] Could not compute ATR from MT5 for EURUSD
[2026-06-29 07:03:12] [INFO] [reconciliation] [REGIME] EURUSD regime=Unknown ATR_multiplier_override=2.0 DynamicTP_tp_ratio_override=0.5 p_win=None
[2026-06-29 07:03:12] [INFO] [reconciliation] [RED_FLAG] EURUSD flags=['trade_health'] count=1 exit_prob=0.0%
[2026-06-29 07:03:12] [INFO] [market_regime_detector] [REGIME] Could not compute ATR from MT5 for EURUSD
[2026-06-29 07:03:12] [INFO] [reconciliation] [REGIME] EURUSD regime=Unknown ATR_multiplier_override=2.0 DynamicTP_tp_ratio_override=0.5 p_win=None
[2026-06-29 07:03:12] [INFO] [reconciliation] [RED_FLAG] EURUSD flags=['trade_health'] count=1 exit_prob=0.0%
[2026-06-29 07:03:19] [INFO] [news_fetcher] Fetched 14 relevant news items
[2026-06-29 07:03:19] [ERROR] [reconciliation] News conflict check error for {'id': '9314935503', 'ticket': '9314935503', 'symbol': 'EURUSD', 'type': 'buy', 'direction': 'buy', 'volume': 0.5, 'price_open': 1.13893, 'sl': 1.13594, 'tp': 1.14467, 'profit': -28.0, 'comment': 'Bot V3', 'price_current': 1.13837}: analyze_news() missing 1 required positional argument: 'snapshot'
[2026-06-29 07:03:19] [ERROR] [reconciliation] News conflict check error for {'id': '9315174919', 'ticket': '9315174919', 'symbol': 'EURUSD', 'type': 'buy', 'direction': 'buy', 'volume': 0.5, 'price_open': 1.13868, 'sl': 1.13581, 'tp': 1.1445400000000001, 'profit': -15.5, 'comment': 'Bot V3', 'price_current': 1.13837}: analyze_news() missing 1 required positional argument: 'snapshot'
[2026-06-29 07:03:19] [ERROR] [reconciliation] News conflict check error for {'id': '9315301988', 'ticket': '9315301988', 'symbol': 'EURUSD', 'type': 'buy', 'direction': 'buy', 'volume': 0.5, 'price_open': 1.13867, 'sl': 1.1356600000000001, 'tp': 1.14443, 'profit': -15.0, 'comment': 'Bot V3', 'price_current': 1.13837}: analyze_news() missing 1 required positional argument: 'snapshot'
[2026-06-29 07:03:19] [ERROR] [reconciliation] News conflict check error for {'id': '9315462713', 'ticket': '9315462713', 'symbol': 'EURUSD', 'type': 'buy', 'direction': 'buy', 'volume': 0.5, 'price_open': 1.1384400000000001, 'sl': 1.1353900000000001, 'tp': 1.1442, 'profit': -3.5, 'comment': 'Bot V3', 'price_current': 1.13837}: analyze_news() missing 1 required positional argument: 'snapshot'
[2026-06-29 07:03:19] [WARNING] [reconciliation] Unknown position in QD: 9314935503 EURUSD
[2026-06-29 07:03:19] [WARNING] [reconciliation] Unknown position in QD: 9315174919 EURUSD
[2026-06-29 07:03:19] [WARNING] [reconciliation] Unknown position in QD: 9315301988 EURUSD
[2026-06-29 07:03:19] [WARNING] [reconciliation] Unknown position in QD: 9315434623 EURUSD
[2026-06-29 07:03:19] [INFO] [reconciliation] Reconciliation: {'db_count': 1, 'qd_count': 5, 'fixes': 0, 'mismatches': ['QD orphan: 9314935503', 'QD orphan: 9315174919', 'QD orphan: 9315301988', 'QD orphan: 9315434623']}
[2026-06-29 07:04:19] [WARNING] [reconciliation] Orphan trade in DB (no longer in QD): trade_id=29 order_id=9315462713
[2026-06-29 07:04:19] [ERROR] [reconciliation] Reconciliation error: cannot access local variable 'upsert_execution_actual' where it is not associated with a value
[2026-06-29 07:05:57] [INFO] [main] Trading Bot V3 starting...
[2026-06-29 07:05:57] [INFO] [database] V3 Database initialized with all tables
[2026-06-29 07:05:57] [INFO] [qd_client] Logged in to QuantDinger
[2026-06-29 07:05:57] [INFO] [qd_client] MT5 connected
[2026-06-29 07:05:57] [INFO] [main] MT5 connected
[2026-06-29 07:05:57] [INFO] [telegram_bot] Telegram polling started
[2026-06-29 07:05:57] [INFO] [telegram_bot] Telegram bot V3 started
[2026-06-29 07:05:57] [INFO] [mt5_watchdog] MT5 watchdog started (V1 reconnect logic)
[2026-06-29 07:05:57] [INFO] [reconciliation] Reconciliation loop started (every 60s)
[2026-06-29 07:05:57] [INFO] [reconciliation] Reconciliation thread started
[2026-06-29 07:05:58] [INFO] [main] ==================================================
[2026-06-29 07:05:58] [INFO] [main] Cycle 1 at 07:05:58
[2026-06-29 07:06:07] [INFO] [news_fetcher] Fetched 14 relevant news items
[2026-06-29 07:06:07] [INFO] [main] Equity: 73833.60$ | News: 14
[2026-06-29 07:06:07] [DEBUG] [hybrid_market_client] Fetching indicators for EURUSD (QuantDinger only)
[2026-06-29 07:06:07] [DEBUG] [market_client] Candles EURUSD 4H: 100 bars ✓
[2026-06-29 07:06:07] [DEBUG] [hybrid_market_client] ✓ Got live data from QuantDinger for EURUSD
[2026-06-29 07:06:07] [DEBUG] [hybrid_market_client] Fetching indicators for EURUSD (QuantDinger only)
[2026-06-29 07:06:07] [DEBUG] [market_client] Candles EURUSD 4H: 100 bars ✓
[2026-06-29 07:06:07] [DEBUG] [hybrid_market_client] ✓ Got live data from QuantDinger for EURUSD
[2026-06-29 07:06:07] [DEBUG] [hybrid_market_client] Fetching indicators for EURUSD (QuantDinger only)
[2026-06-29 07:06:07] [DEBUG] [market_client] Candles EURUSD 4H: 100 bars ✓
[2026-06-29 07:06:07] [DEBUG] [hybrid_market_client] ✓ Got live data from QuantDinger for EURUSD
[2026-06-29 07:06:07] [INFO] [market_snapshot_builder] [SNAPSHOT_BUILT] symbol=EURUSD tfs=H4,H1,M15
[2026-06-29 07:06:07] [DEBUG] [hybrid_market_client] Fetching indicators for XAUUSD (QuantDinger only)
[2026-06-29 07:06:07] [DEBUG] [market_client] Candles XAUUSD 4H: 100 bars ✓
[2026-06-29 07:06:07] [DEBUG] [hybrid_market_client] ✓ Got live data from QuantDinger for XAUUSD
[2026-06-29 07:06:07] [DEBUG] [hybrid_market_client] Fetching indicators for XAUUSD (QuantDinger only)
[2026-06-29 07:06:08] [DEBUG] [market_client] Candles XAUUSD 4H: 100 bars ✓
[2026-06-29 07:06:08] [DEBUG] [hybrid_market_client] ✓ Got live data from QuantDinger for XAUUSD
[2026-06-29 07:06:08] [DEBUG] [hybrid_market_client] Fetching indicators for XAUUSD (QuantDinger only)
[2026-06-29 07:06:08] [DEBUG] [market_client] Candles XAUUSD 4H: 100 bars ✓
[2026-06-29 07:06:08] [DEBUG] [hybrid_market_client] ✓ Got live data from QuantDinger for XAUUSD
[2026-06-29 07:06:08] [INFO] [market_snapshot_builder] [SNAPSHOT_BUILT] symbol=XAUUSD tfs=H4,H1,M15
[2026-06-29 07:06:08] [DEBUG] [hybrid_market_client] Fetching indicators for GBPUSD (QuantDinger only)
[2026-06-29 07:06:08] [DEBUG] [market_client] Candles GBPUSD 4H: 100 bars ✓
[2026-06-29 07:06:08] [DEBUG] [hybrid_market_client] ✓ Got live data from QuantDinger for GBPUSD
[2026-06-29 07:06:08] [DEBUG] [hybrid_market_client] Fetching indicators for GBPUSD (QuantDinger only)
[2026-06-29 07:06:08] [DEBUG] [market_client] Candles GBPUSD 4H: 100 bars ✓
[2026-06-29 07:06:08] [DEBUG] [hybrid_market_client] ✓ Got live data from QuantDinger for GBPUSD
[2026-06-29 07:06:08] [DEBUG] [hybrid_market_client] Fetching indicators for GBPUSD (QuantDinger only)
[2026-06-29 07:06:08] [DEBUG] [market_client] Candles GBPUSD 4H: 100 bars ✓
[2026-06-29 07:06:08] [DEBUG] [hybrid_market_client] ✓ Got live data from QuantDinger for GBPUSD
[2026-06-29 07:06:08] [INFO] [market_snapshot_builder] [SNAPSHOT_BUILT] symbol=GBPUSD tfs=H4,H1,M15
[2026-06-29 07:06:08] [INFO] [main] --- EURUSD ---
[2026-06-29 07:06:13] [WARNING] [deepseek] Retry 1: JSON incomplete/truncated
[2026-06-29 07:06:17] [INFO] [deepseek] DEEPSEEK OK: {
  "impact_score": 55,
  "bias": "bullish",
  "confidence": 0.65,
  "reason": "الاتجاه الصاعد على ج...
[2026-06-29 07:06:17] [INFO] [deepseek] AI EURUSD: bias=bullish impact=55.0 conf=0.65
[2026-06-29 07:06:17] [INFO] [signal_engine] [VERIFY] SIGNAL_INPUT bias=bullish score=55.0 confidence=0.65
[2026-06-29 07:06:17] [INFO] [signal_engine] [VERIFY] SIGNAL_RULE rule=confidence>=0.60 actual=0.65 result=True
[2026-06-29 07:06:17] [INFO] [signal_engine] [VERIFY] SIGNAL_RULE rule=score>=55 actual=55.0 result=True
[2026-06-29 07:06:17] [INFO] [signal_engine] [VERIFY] SIGNAL_RULE rule=bias in [bullish,bearish] actual=bullish result=True
[2026-06-29 07:06:17] [INFO] [signal_engine] [VERIFY] SIGNAL_FINAL direction=BUY score=55.0 confidence=0.65 valid=True
[2026-06-29 07:06:17] [DEBUG] [signal_engine] Signal: BUY score=55.0 conf=0.65 strength=متوسط valid=True
[2026-06-29 07:06:17] [INFO] [sentiment] Sentiment EURUSD: bullish score=100 bull=1 bear=0
[2026-06-29 07:06:17] [DEBUG] [mtf] MTF (snapshot) EURUSD: H4=bullish H1=bullish M15=bullish aligned=True (strong)
[2026-06-29 07:06:17] [INFO] [main] [VERIFY][DATA_TRUTH] symbol=EURUSD timeframe=H4/H1/M15 news_fetched=True indicators_fetched=True live_data=True cached=False
[2026-06-29 07:06:17] [INFO] [voting_engine] EURUSD: MTF strongly aligned, boosting score 10%
[2026-06-29 07:06:17] [DEBUG] [hybrid_market_client] Fetching indicators for EURUSD (QuantDinger only)
[2026-06-29 07:06:17] [DEBUG] [market_client] Candles EURUSD 4H: 100 bars ✓
[2026-06-29 07:06:17] [DEBUG] [hybrid_market_client] ✓ Got live data from QuantDinger for EURUSD
[2026-06-29 07:06:17] [DEBUG] [hybrid_market_client] Fetching indicators for EURUSD (QuantDinger only)
[2026-06-29 07:06:17] [DEBUG] [market_client] Using cached candles for EURUSD 4H (age: 0s)
[2026-06-29 07:06:17] [DEBUG] [hybrid_market_client] ✓ Got live data from QuantDinger for EURUSD
[2026-06-29 07:06:17] [INFO] [sltp] SL/TP EURUSD: entry=1.1386927366256714 atr=0.00220 sl=1.13539 tp=1.1442
[2026-06-29 07:06:17] [INFO] [position_sizing] Position size: 0.5 (equity=73834, risk=0.001, sl_dist=0.00330, score=98, cons_loss=6)
[2026-06-29 07:06:18] [INFO] [xgboost_v2] [VERIFY] XGBOOST MODEL LOADED path=models/xgb_model.json available=True
[2026-06-29 07:06:18] [INFO] [xgboost_v2] XGBoost v2 model loaded successfully
[2026-06-29 07:06:18] [DEBUG] [xgboost_v2] V2 predict: rsi=60.0 atr=0.00220 regime=TRENDING session=asia dir=BUY -> p_win=0.744
[2026-06-29 07:06:18] [INFO] [xgboost_v2] [VERIFY] XGBOOST PREDICTION p_win=0.744 available=True
[2026-06-29 07:06:18] [INFO] [main] [VERIFY][DECISION_TRUTH] bias=bullish score=98.0 confidence=0.987 vote=BUY risk_passed=True sl_tp_calculated=True position_size=0.5 xgboost_p_win=0.7440381646156311 final_decision_valid=True reject_reason=OK
[2026-06-29 07:06:18] [INFO] [mt5_direct] [MT5_DIRECT] open_trade symbol=EURUSD direction=BUY volume=0.5 sl=1.13539 tp=1.1442
[2026-06-29 07:06:18] [INFO] [mt5_direct] [MT5_DIRECT] terminal_info: TerminalInfo(community_account=True, community_connection=True, connected=True, dlls_allowed=False, trade_allowed=True, tradeapi_disabled=False, email_enabled=False, ftp_enabled=False, notifications_enabled=False, mqid=True, build=5956, maxbars=100000, codepage=0, ping_last=77155, community_balance=0.0, retransmission=0.018980534407490986, company='MetaQuotes Ltd.', name='MetaTrader 5', language='English', path='C:\\Program Files\\MetaTrader 5', data_path='C:\\Users\\ACER\\AppData\\Roaming\\MetaQuotes\\Terminal\\D0E8209F77C8CF37AD8BF550E51FF075', commondata_path='C:\\Users\\ACER\\AppData\\Roaming\\MetaQuotes\\Terminal\\Common')
[2026-06-29 07:06:18] [INFO] [mt5_direct] [MT5_DIRECT] account_info: AccountInfo(login=108132137, trade_mode=0, leverage=100, limit_orders=200, margin_so_mode=0, trade_allowed=True, trade_expert=True, margin_mode=2, currency_digits=2, fifo_close=False, balance=73902.6, credit=0.0, profit=-74.0, equity=73828.6, margin=2846.59, margin_free=70982.01, margin_level=2593.58038916739, margin_so_call=50.0, margin_so_so=30.0, margin_initial=0.0, margin_maintenance=0.0, assets=0.0, liabilities=0.0, commission_blocked=0.0, name='Ali Nabil', server='MetaQuotes-Demo', currency='USD', company='MetaQuotes Ltd.')
[2026-06-29 07:06:18] [DEBUG] [mt5_direct] [MT5_DIRECT] order_send request={'action': 1, 'symbol': 'EURUSD', 'volume': 0.5, 'type': 0, 'price': 1.13834, 'sl': 1.13539, 'tp': 1.1442, 'deviation': 20, 'magic': 0, 'comment': 'Bot V3', 'type_filling': 1}
[2026-06-29 07:06:18] [ERROR] [mt5_direct] [MT5_DIRECT] order_send failed result=OrderSendResult(retcode=10030, deal=0, order=0, volume=0.0, price=0.0, bid=0.0, ask=0.0, comment='Unsupported filling mode', request_id=0, retcode_external=0, request=TradeRequest(action=1, magic=0, order=0, symbol='EURUSD', volume=0.5, price=1.13834, stoplimit=0.0, sl=1.13539, tp=1.1442, deviation=20, type=0, type_filling=1, type_time=0, expiration=0, comment='Bot V3', position=0, position_by=0)) comment=Unsupported filling mode retcode=10030
[2026-06-29 07:06:18] [INFO] [mt5_direct] [MT5_DIRECT] Retry order_send without type_filling
[2026-06-29 07:06:18] [INFO] [main] [VERIFY][EXECUTION_RESULT] symbol=EURUSD open_trade_result={'status': 'success', 'order_id': '9315542721', 'price': 1.13834, 'symbol': 'EURUSD', 'direction': 'BUY', 'volume': 0.5, 'timestamp': 1782705978.1956341, 'raw_response': {'retcode': 10009, 'deal': 8969770459, 'order': 9315542721, 'volume': 0.5, 'price': 1.13834, 'bid': 0.0, 'ask': 0.0, 'comment': 'Request executed', 'request_id': 359116477, 'retcode_external': 0, 'request': TradeRequest(action=1, magic=0, order=0, symbol='EURUSD', volume=0.5, price=1.13834, stoplimit=0.0, sl=1.13539, tp=1.1442, deviation=20, type=0, type_filling=0, type_time=0, expiration=0, comment='Bot V3', position=0, position_by=0)}}
[2026-06-29 07:06:18] [INFO] [sltp] SL/TP EURUSD: entry=1.13834 atr=0.00220 sl=1.13504 tp=1.14385
[2026-06-29 07:06:18] [INFO] [main] --- XAUUSD ---
[2026-06-29 07:06:24] [WARNING] [deepseek] Retry 1: JSON incomplete/truncated
[2026-06-29 07:06:28] [INFO] [deepseek] DEEPSEEK OK: {
  "impact_score": 65,
  "bias": "bullish",
  "confidence": 0.8,
  "reason": "الأسواق تتجه صعودياً ...
[2026-06-29 07:06:28] [INFO] [deepseek] AI XAUUSD: bias=bullish impact=65.0 conf=0.80
[2026-06-29 07:06:28] [INFO] [signal_engine] [VERIFY] SIGNAL_INPUT bias=bullish score=65.0 confidence=0.8
[2026-06-29 07:06:28] [INFO] [signal_engine] [VERIFY] SIGNAL_RULE rule=confidence>=0.60 actual=0.8 result=True
[2026-06-29 07:06:28] [INFO] [signal_engine] [VERIFY] SIGNAL_RULE rule=score>=55 actual=65.0 result=True
[2026-06-29 07:06:28] [INFO] [signal_engine] [VERIFY] SIGNAL_RULE rule=bias in [bullish,bearish] actual=bullish result=True
[2026-06-29 07:06:28] [INFO] [signal_engine] [VERIFY] SIGNAL_FINAL direction=BUY score=65.0 confidence=0.8 valid=True
[2026-06-29 07:06:28] [DEBUG] [signal_engine] Signal: BUY score=65.0 conf=0.80 strength=متوسط valid=True
[2026-06-29 07:06:28] [INFO] [sentiment] Sentiment XAUUSD: bearish score=83 bull=1 bear=2
[2026-06-29 07:06:28] [DEBUG] [mtf] MTF (snapshot) XAUUSD: H4=bullish H1=bullish M15=bullish aligned=True (strong)
[2026-06-29 07:06:28] [INFO] [main] [VERIFY][DATA_TRUTH] symbol=XAUUSD timeframe=H4/H1/M15 news_fetched=True indicators_fetched=True live_data=True cached=False
[2026-06-29 07:06:28] [INFO] [voting_engine] XAUUSD: MTF strongly aligned, boosting score 10%
[2026-06-29 07:06:28] [DEBUG] [hybrid_market_client] Fetching indicators for XAUUSD (QuantDinger only)
[2026-06-29 07:06:28] [DEBUG] [market_client] Candles XAUUSD 4H: 100 bars ✓
[2026-06-29 07:06:28] [DEBUG] [hybrid_market_client] ✓ Got live data from QuantDinger for XAUUSD
[2026-06-29 07:06:28] [DEBUG] [hybrid_market_client] Fetching indicators for XAUUSD (QuantDinger only)
[2026-06-29 07:06:28] [DEBUG] [market_client] Using cached candles for XAUUSD 4H (age: 0s)
[2026-06-29 07:06:28] [DEBUG] [hybrid_market_client] ✓ Got live data from QuantDinger for XAUUSD
[2026-06-29 07:06:28] [INFO] [sltp] SL/TP XAUUSD: entry=4083.39990234375 atr=36.60709 sl=4073.3999 tp=4174.91763
[2026-06-29 07:06:28] [INFO] [position_sizing] Position size: 0.1 (equity=73834, risk=0.001, sl_dist=10.00000, score=95, cons_loss=6)
[2026-06-29 07:06:28] [DEBUG] [xgboost_v2] V2 predict: rsi=60.3 atr=36.60709 regime=TRENDING session=asia dir=BUY -> p_win=0.315
[2026-06-29 07:06:28] [INFO] [xgboost_v2] [VERIFY] XGBOOST PREDICTION p_win=0.315 available=True
[2026-06-29 07:06:28] [INFO] [main] [VERIFY][DECISION_TRUTH] bias=bullish score=95.0 confidence=1.0 vote=BUY risk_passed=True sl_tp_calculated=True position_size=0.1 xgboost_p_win=0.3154148459434509 final_decision_valid=False reject_reason=p_win<threshold (p_win=0.315 threshold=0.6)
[2026-06-29 07:06:28] [INFO] [main] --- GBPUSD ---
[2026-06-29 07:06:32] [INFO] [deepseek] DEEPSEEK OK: {
  "impact_score": 65,
  "bias": "bullish",
  "confidence": 0.8,
  "reason": "الاتجاه الصاعد على ال...
[2026-06-29 07:06:32] [INFO] [deepseek] AI GBPUSD: bias=bullish impact=65.0 conf=0.80
[2026-06-29 07:06:32] [INFO] [signal_engine] [VERIFY] SIGNAL_INPUT bias=bullish score=65.0 confidence=0.8
[2026-06-29 07:06:32] [INFO] [signal_engine] [VERIFY] SIGNAL_RULE rule=confidence>=0.60 actual=0.8 result=True
[2026-06-29 07:06:32] [INFO] [signal_engine] [VERIFY] SIGNAL_RULE rule=score>=55 actual=65.0 result=True
[2026-06-29 07:06:32] [INFO] [signal_engine] [VERIFY] SIGNAL_RULE rule=bias in [bullish,bearish] actual=bullish result=True
[2026-06-29 07:06:32] [INFO] [signal_engine] [VERIFY] SIGNAL_FINAL direction=BUY score=65.0 confidence=0.8 valid=True
[2026-06-29 07:06:32] [DEBUG] [signal_engine] Signal: BUY score=65.0 conf=0.80 strength=متوسط valid=True
[2026-06-29 07:06:32] [DEBUG] [mtf] MTF (snapshot) GBPUSD: H4=bullish H1=bullish M15=bullish aligned=True (strong)
[2026-06-29 07:06:32] [INFO] [main] [VERIFY][DATA_TRUTH] symbol=GBPUSD timeframe=H4/H1/M15 news_fetched=True indicators_fetched=True live_data=True cached=False
[2026-06-29 07:06:32] [INFO] [voting_engine] GBPUSD: MTF strongly aligned, boosting score 10%
[2026-06-29 07:06:32] [INFO] [correlation_protection] [CORRELATION_PROTECTION] Block correlated GBPUSD buy with EURUSD buy action=block
[2026-06-29 07:06:32] [INFO] [risk_engine] Risk: CorrelationProtection blocked (GBPUSD BUY)
[2026-06-29 07:06:32] [DEBUG] [hybrid_market_client] Fetching indicators for GBPUSD (QuantDinger only)
[2026-06-29 07:06:32] [DEBUG] [market_client] Candles GBPUSD 4H: 100 bars ✓
[2026-06-29 07:06:32] [DEBUG] [hybrid_market_client] ✓ Got live data from QuantDinger for GBPUSD
[2026-06-29 07:06:32] [DEBUG] [hybrid_market_client] Fetching indicators for GBPUSD (QuantDinger only)
[2026-06-29 07:06:32] [DEBUG] [market_client] Using cached candles for GBPUSD 4H (age: 0s)
[2026-06-29 07:06:32] [DEBUG] [hybrid_market_client] ✓ Got live data from QuantDinger for GBPUSD
[2026-06-29 07:06:32] [INFO] [sltp] SL/TP GBPUSD: entry=1.3198009729385376 atr=0.00250 sl=1.31606 tp=1.32604
[2026-06-29 07:06:32] [INFO] [position_sizing] Position size: 0.5 (equity=73834, risk=0.000, sl_dist=0.00374, score=89, cons_loss=6)
[2026-06-29 07:06:32] [DEBUG] [xgboost_v2] V2 predict: rsi=60.5 atr=0.00250 regime=TRENDING session=asia dir=BUY -> p_win=0.911
[2026-06-29 07:06:32] [INFO] [xgboost_v2] [VERIFY] XGBOOST PREDICTION p_win=0.911 available=True
[2026-06-29 07:06:32] [INFO] [main] [VERIFY][DECISION_TRUTH] bias=bullish score=89.3 confidence=1.0 vote=BUY risk_passed=False sl_tp_calculated=True position_size=0.5 xgboost_p_win=0.9114883542060852 final_decision_valid=False reject_reason=CorrelationProtection: correlated open trade exists
[2026-06-29 07:06:32] [INFO] [adaptive_weights] EURUSD weights updated: {'ai': 0.239, 'trend': 0.239, 'momentum': 0.239, 'sentiment': 0.239, 'volatility': 0.043} | WR=15.8% PF=0
[2026-06-29 07:06:32] [INFO] [adaptive_weights] 🏆 أفضل زوج: EURUSD | WR=15.8% | PnL=190.0$
[2026-06-29 07:06:32] [INFO] [adaptive_weights] ⚠️ أسوأ زوج: XAUUSD | WR=0.0% | PnL=0.0$
[2026-06-29 07:06:32] [INFO] [main] Sleeping 1800s...
[2026-06-29 07:07:05] [INFO] [news_fetcher] Fetched 14 relevant news items
[2026-06-29 07:07:12] [INFO] [news_fetcher] Fetched 14 relevant news items
[2026-06-29 07:08:44] [INFO] [main] Trading Bot V3 starting...
[2026-06-29 07:08:44] [INFO] [database] V3 Database initialized with all tables
[2026-06-29 07:08:45] [INFO] [qd_client] Logged in to QuantDinger
[2026-06-29 07:08:45] [INFO] [qd_client] MT5 connected
[2026-06-29 07:08:45] [INFO] [main] MT5 connected
[2026-06-29 07:08:45] [INFO] [telegram_bot] Telegram polling started
[2026-06-29 07:08:45] [INFO] [telegram_bot] Telegram bot V3 started
[2026-06-29 07:08:45] [INFO] [mt5_watchdog] MT5 watchdog started (V1 reconnect logic)
[2026-06-29 07:08:45] [INFO] [reconciliation] Reconciliation loop started (every 60s)
[2026-06-29 07:08:45] [INFO] [reconciliation] Reconciliation thread started
[2026-06-29 07:08:45] [WARNING] [reconciliation] Orphan trade in DB (no longer in QD): trade_id=30 order_id=9315542721
[2026-06-29 07:08:45] [ERROR] [reconciliation] Reconciliation error: cannot access local variable 'upsert_execution_actual' where it is not associated with a value
[2026-06-29 07:08:46] [INFO] [main] ==================================================
[2026-06-29 07:08:46] [INFO] [main] Cycle 1 at 07:08:46
[2026-06-29 07:08:54] [INFO] [news_fetcher] Fetched 14 relevant news items
[2026-06-29 07:08:54] [INFO] [main] Equity: 73846.60$ | News: 14
[2026-06-29 07:08:54] [DEBUG] [hybrid_market_client] Fetching indicators for EURUSD (QuantDinger only)
[2026-06-29 07:08:54] [DEBUG] [market_client] Candles EURUSD 4H: 100 bars ✓
[2026-06-29 07:08:54] [DEBUG] [hybrid_market_client] ✓ Got live data from QuantDinger for EURUSD
[2026-06-29 07:08:54] [DEBUG] [hybrid_market_client] Fetching indicators for EURUSD (QuantDinger only)
[2026-06-29 07:08:54] [DEBUG] [market_client] Candles EURUSD 4H: 100 bars ✓
[2026-06-29 07:08:54] [DEBUG] [hybrid_market_client] ✓ Got live data from QuantDinger for EURUSD
[2026-06-29 07:08:54] [DEBUG] [hybrid_market_client] Fetching indicators for EURUSD (QuantDinger only)
[2026-06-29 07:08:54] [DEBUG] [market_client] Candles EURUSD 4H: 100 bars ✓
[2026-06-29 07:08:54] [DEBUG] [hybrid_market_client] ✓ Got live data from QuantDinger for EURUSD
[2026-06-29 07:08:54] [INFO] [market_snapshot_builder] [SNAPSHOT_BUILT] symbol=EURUSD tfs=H4,H1,M15
[2026-06-29 07:08:54] [DEBUG] [hybrid_market_client] Fetching indicators for XAUUSD (QuantDinger only)
[2026-06-29 07:08:54] [DEBUG] [market_client] Candles XAUUSD 4H: 100 bars ✓
[2026-06-29 07:08:54] [DEBUG] [hybrid_market_client] ✓ Got live data from QuantDinger for XAUUSD
[2026-06-29 07:08:54] [DEBUG] [hybrid_market_client] Fetching indicators for XAUUSD (QuantDinger only)
[2026-06-29 07:08:54] [DEBUG] [market_client] Candles XAUUSD 4H: 100 bars ✓
[2026-06-29 07:08:54] [DEBUG] [hybrid_market_client] ✓ Got live data from QuantDinger for XAUUSD
[2026-06-29 07:08:54] [DEBUG] [hybrid_market_client] Fetching indicators for XAUUSD (QuantDinger only)
[2026-06-29 07:08:54] [DEBUG] [market_client] Candles XAUUSD 4H: 100 bars ✓
[2026-06-29 07:08:54] [DEBUG] [hybrid_market_client] ✓ Got live data from QuantDinger for XAUUSD
[2026-06-29 07:08:54] [INFO] [market_snapshot_builder] [SNAPSHOT_BUILT] symbol=XAUUSD tfs=H4,H1,M15
[2026-06-29 07:08:54] [DEBUG] [hybrid_market_client] Fetching indicators for GBPUSD (QuantDinger only)
[2026-06-29 07:08:54] [DEBUG] [market_client] Candles GBPUSD 4H: 100 bars ✓
[2026-06-29 07:08:54] [DEBUG] [hybrid_market_client] ✓ Got live data from QuantDinger for GBPUSD
[2026-06-29 07:08:54] [DEBUG] [hybrid_market_client] Fetching indicators for GBPUSD (QuantDinger only)
[2026-06-29 07:08:54] [DEBUG] [market_client] Candles GBPUSD 4H: 100 bars ✓
[2026-06-29 07:08:54] [DEBUG] [hybrid_market_client] ✓ Got live data from QuantDinger for GBPUSD
[2026-06-29 07:08:54] [DEBUG] [hybrid_market_client] Fetching indicators for GBPUSD (QuantDinger only)
[2026-06-29 07:08:54] [DEBUG] [market_client] Candles GBPUSD 4H: 100 bars ✓
[2026-06-29 07:08:54] [DEBUG] [hybrid_market_client] ✓ Got live data from QuantDinger for GBPUSD
[2026-06-29 07:08:54] [INFO] [market_snapshot_builder] [SNAPSHOT_BUILT] symbol=GBPUSD tfs=H4,H1,M15
[2026-06-29 07:08:54] [INFO] [main] --- EURUSD ---
[2026-06-29 07:08:58] [INFO] [deepseek] DEEPSEEK OK: {
  "impact_score": 65,
  "bias": "bullish",
  "confidence": 0.75,
  "reason": "الاتجاهات الصاعدة عل...
[2026-06-29 07:08:58] [INFO] [deepseek] AI EURUSD: bias=bullish impact=65.0 conf=0.75
[2026-06-29 07:08:58] [INFO] [signal_engine] [VERIFY] SIGNAL_INPUT bias=bullish score=65.0 confidence=0.75
[2026-06-29 07:08:58] [INFO] [signal_engine] [VERIFY] SIGNAL_RULE rule=confidence>=0.60 actual=0.75 result=True
[2026-06-29 07:08:58] [INFO] [signal_engine] [VERIFY] SIGNAL_RULE rule=score>=55 actual=65.0 result=True
[2026-06-29 07:08:58] [INFO] [signal_engine] [VERIFY] SIGNAL_RULE rule=bias in [bullish,bearish] actual=bullish result=True
[2026-06-29 07:08:58] [INFO] [signal_engine] [VERIFY] SIGNAL_FINAL direction=BUY score=65.0 confidence=0.75 valid=True
[2026-06-29 07:08:58] [DEBUG] [signal_engine] Signal: BUY score=65.0 conf=0.75 strength=متوسط valid=True
[2026-06-29 07:08:58] [INFO] [sentiment] Sentiment EURUSD: bullish score=100 bull=1 bear=0
[2026-06-29 07:08:58] [DEBUG] [mtf] MTF (snapshot) EURUSD: H4=bullish H1=bullish M15=bullish aligned=True (strong)
[2026-06-29 07:08:58] [INFO] [main] [VERIFY][DATA_TRUTH] symbol=EURUSD timeframe=H4/H1/M15 news_fetched=True indicators_fetched=True live_data=True cached=False
[2026-06-29 07:08:58] [INFO] [voting_engine] EURUSD: MTF strongly aligned, boosting score 10%
[2026-06-29 07:08:59] [DEBUG] [hybrid_market_client] Fetching indicators for EURUSD (QuantDinger only)
[2026-06-29 07:08:59] [DEBUG] [market_client] Candles EURUSD 4H: 100 bars ✓
[2026-06-29 07:08:59] [DEBUG] [hybrid_market_client] ✓ Got live data from QuantDinger for EURUSD
[2026-06-29 07:08:59] [DEBUG] [hybrid_market_client] Fetching indicators for EURUSD (QuantDinger only)
[2026-06-29 07:08:59] [DEBUG] [market_client] Using cached candles for EURUSD 4H (age: 0s)
[2026-06-29 07:08:59] [DEBUG] [hybrid_market_client] ✓ Got live data from QuantDinger for EURUSD
[2026-06-29 07:08:59] [INFO] [sltp] SL/TP EURUSD: entry=1.1386927366256714 atr=0.00220 sl=1.13539 tp=1.1442
[2026-06-29 07:08:59] [INFO] [position_sizing] Position size: 0.5 (equity=73847, risk=0.001, sl_dist=0.00330, score=100, cons_loss=7)
[2026-06-29 07:08:59] [INFO] [xgboost_v2] [VERIFY] XGBOOST MODEL LOADED path=models/xgb_model.json available=True
[2026-06-29 07:08:59] [INFO] [xgboost_v2] XGBoost v2 model loaded successfully
[2026-06-29 07:08:59] [DEBUG] [xgboost_v2] V2 predict: rsi=60.0 atr=0.00220 regime=TRENDING session=asia dir=BUY -> p_win=0.744
[2026-06-29 07:08:59] [INFO] [xgboost_v2] [VERIFY] XGBOOST PREDICTION p_win=0.744 available=True
[2026-06-29 07:08:59] [INFO] [main] [VERIFY][DECISION_TRUTH] bias=bullish score=100 confidence=1.0 vote=BUY risk_passed=True sl_tp_calculated=True position_size=0.5 xgboost_p_win=0.7440381646156311 final_decision_valid=True reject_reason=OK
[2026-06-29 07:08:59] [INFO] [mt5_direct] [MT5_DIRECT] open_trade symbol=EURUSD direction=BUY volume=0.5 sl=1.13539 tp=1.1442
[2026-06-29 07:08:59] [INFO] [mt5_direct] [MT5_DIRECT] terminal_info: TerminalInfo(community_account=True, community_connection=True, connected=True, dlls_allowed=False, trade_allowed=True, tradeapi_disabled=False, email_enabled=False, ftp_enabled=False, notifications_enabled=False, mqid=True, build=5956, maxbars=100000, codepage=0, ping_last=77155, community_balance=0.0, retransmission=0.018980534407490986, company='MetaQuotes Ltd.', name='MetaTrader 5', language='English', path='C:\\Program Files\\MetaTrader 5', data_path='C:\\Users\\ACER\\AppData\\Roaming\\MetaQuotes\\Terminal\\D0E8209F77C8CF37AD8BF550E51FF075', commondata_path='C:\\Users\\ACER\\AppData\\Roaming\\MetaQuotes\\Terminal\\Common')
[2026-06-29 07:08:59] [INFO] [mt5_direct] [MT5_DIRECT] account_info: AccountInfo(login=108132137, trade_mode=0, leverage=100, limit_orders=200, margin_so_mode=0, trade_allowed=True, trade_expert=True, margin_mode=2, currency_digits=2, fifo_close=False, balance=73902.6, credit=0.0, profit=-56.0, equity=73846.6, margin=3831.52, margin_free=70015.08, margin_level=1927.344761347977, margin_so_call=50.0, margin_so_so=30.0, margin_initial=0.0, margin_maintenance=0.0, assets=0.0, liabilities=0.0, commission_blocked=0.0, name='Ali Nabil', server='MetaQuotes-Demo', currency='USD', company='MetaQuotes Ltd.')
[2026-06-29 07:08:59] [DEBUG] [mt5_direct] [MT5_DIRECT] order_send request={'action': 1, 'symbol': 'EURUSD', 'volume': 0.5, 'type': 0, 'price': 1.1384, 'sl': 1.13539, 'tp': 1.1442, 'deviation': 20, 'magic': 0, 'comment': 'Bot V3', 'type_filling': 1}
[2026-06-29 07:08:59] [ERROR] [mt5_direct] [MT5_DIRECT] order_send failed result=OrderSendResult(retcode=10030, deal=0, order=0, volume=0.0, price=0.0, bid=0.0, ask=0.0, comment='Unsupported filling mode', request_id=0, retcode_external=0, request=TradeRequest(action=1, magic=0, order=0, symbol='EURUSD', volume=0.5, price=1.1384, stoplimit=0.0, sl=1.13539, tp=1.1442, deviation=20, type=0, type_filling=1, type_time=0, expiration=0, comment='Bot V3', position=0, position_by=0)) comment=Unsupported filling mode retcode=10030
[2026-06-29 07:08:59] [INFO] [mt5_direct] [MT5_DIRECT] Retry order_send without type_filling
[2026-06-29 07:08:59] [INFO] [main] [VERIFY][EXECUTION_RESULT] symbol=EURUSD open_trade_result={'status': 'success', 'order_id': '9315589724', 'price': 1.1384, 'symbol': 'EURUSD', 'direction': 'BUY', 'volume': 0.5, 'timestamp': 1782706139.2380967, 'raw_response': {'retcode': 10009, 'deal': 8969822094, 'order': 9315589724, 'volume': 0.5, 'price': 1.1384, 'bid': 0.0, 'ask': 0.0, 'comment': 'Request executed', 'request_id': 359116478, 'retcode_external': 0, 'request': TradeRequest(action=1, magic=0, order=0, symbol='EURUSD', volume=0.5, price=1.1384, stoplimit=0.0, sl=1.13539, tp=1.1442, deviation=20, type=0, type_filling=0, type_time=0, expiration=0, comment='Bot V3', position=0, position_by=0)}}
[2026-06-29 07:08:59] [INFO] [sltp] SL/TP EURUSD: entry=1.1384 atr=0.00220 sl=1.1351 tp=1.14391
[2026-06-29 07:09:02] [INFO] [main] --- XAUUSD ---
[2026-06-29 07:09:07] [INFO] [deepseek] DEEPSEEK OK: {
  "impact_score": 40,
  "bias": "bullish",
  "confidence": 0.65,
  "reason": "اتجاه صاعد قوي على ج...
[2026-06-29 07:09:07] [INFO] [deepseek] AI XAUUSD: bias=bullish impact=40.0 conf=0.65
[2026-06-29 07:09:07] [INFO] [signal_engine] [VERIFY] SIGNAL_INPUT bias=bullish score=40.0 confidence=0.65
[2026-06-29 07:09:07] [INFO] [signal_engine] [VERIFY] SIGNAL_RULE rule=confidence>=0.60 actual=0.65 result=True
[2026-06-29 07:09:07] [INFO] [signal_engine] [VERIFY] SIGNAL_RULE rule=score>=55 actual=40.0 result=False
[2026-06-29 07:09:07] [INFO] [signal_engine] [VERIFY] SIGNAL_RULE rule=bias in [bullish,bearish] actual=bullish result=True
[2026-06-29 07:09:07] [INFO] [signal_engine] [VERIFY] SIGNAL_FINAL direction=BUY score=40.0 confidence=0.65 valid=False
[2026-06-29 07:09:07] [INFO] [signal_engine] [VERIFY] SIGNAL_FAILURE_REASONS
[2026-06-29 07:09:07] [INFO] [signal_engine] * score below threshold
[2026-06-29 07:09:07] [INFO] [signal_engine] [VERIFY] SIGNAL_FAILURE_LOCATION file=F:\files (2)\google\botdd\trading_bot_v3\decision\signal_engine.py function=generate_signal
[2026-06-29 07:09:07] [DEBUG] [signal_engine] Signal: BUY score=40.0 conf=0.65 strength=ضعيف valid=False
[2026-06-29 07:09:07] [INFO] [sentiment] Sentiment XAUUSD: bearish score=83 bull=1 bear=2
[2026-06-29 07:09:07] [DEBUG] [mtf] MTF (snapshot) XAUUSD: H4=bullish H1=bullish M15=bullish aligned=True (strong)
[2026-06-29 07:09:07] [INFO] [main] [VERIFY][DATA_TRUTH] symbol=XAUUSD timeframe=H4/H1/M15 news_fetched=True indicators_fetched=True live_data=True cached=False
[2026-06-29 07:09:07] [INFO] [voting_engine] XAUUSD: MTF strongly aligned, boosting score 10%
[2026-06-29 07:09:07] [DEBUG] [hybrid_market_client] Fetching indicators for XAUUSD (QuantDinger only)
[2026-06-29 07:09:07] [DEBUG] [market_client] Candles XAUUSD 4H: 100 bars ✓
[2026-06-29 07:09:07] [DEBUG] [hybrid_market_client] ✓ Got live data from QuantDinger for XAUUSD
[2026-06-29 07:09:07] [DEBUG] [hybrid_market_client] Fetching indicators for XAUUSD (QuantDinger only)
[2026-06-29 07:09:07] [DEBUG] [market_client] Using cached candles for XAUUSD 4H (age: 0s)
[2026-06-29 07:09:07] [DEBUG] [hybrid_market_client] ✓ Got live data from QuantDinger for XAUUSD
[2026-06-29 07:09:07] [INFO] [sltp] SL/TP XAUUSD: entry=4083.39990234375 atr=36.60709 sl=4073.3999 tp=4174.91763
[2026-06-29 07:09:07] [INFO] [position_sizing] Position size: 0.1 (equity=73847, risk=0.000, sl_dist=10.00000, score=82, cons_loss=7)
[2026-06-29 07:09:07] [DEBUG] [xgboost_v2] V2 predict: rsi=60.3 atr=36.60709 regime=TRENDING session=asia dir=BUY -> p_win=0.315
[2026-06-29 07:09:07] [INFO] [xgboost_v2] [VERIFY] XGBOOST PREDICTION p_win=0.315 available=True
[2026-06-29 07:09:07] [INFO] [main] [VERIFY][DECISION_TRUTH] bias=bullish score=82.0 confidence=0.987 vote=BUY risk_passed=True sl_tp_calculated=True position_size=0.1 xgboost_p_win=0.3154148459434509 final_decision_valid=False reject_reason=p_win<threshold (p_win=0.315 threshold=0.6)
[2026-06-29 07:09:07] [INFO] [main] --- GBPUSD ---
[2026-06-29 07:09:11] [INFO] [deepseek] DEEPSEEK OK: {
  "impact_score": 70,
  "bias": "bullish",
  "confidence": 0.7,
  "reason": "الاتجاه الصاعد قوي عل...
[2026-06-29 07:09:11] [INFO] [deepseek] AI GBPUSD: bias=bullish impact=70.0 conf=0.70
[2026-06-29 07:09:11] [INFO] [signal_engine] [VERIFY] SIGNAL_INPUT bias=bullish score=70.0 confidence=0.7
[2026-06-29 07:09:11] [INFO] [signal_engine] [VERIFY] SIGNAL_RULE rule=confidence>=0.60 actual=0.7 result=True
[2026-06-29 07:09:11] [INFO] [signal_engine] [VERIFY] SIGNAL_RULE rule=score>=55 actual=70.0 result=True
[2026-06-29 07:09:11] [INFO] [signal_engine] [VERIFY] SIGNAL_RULE rule=bias in [bullish,bearish] actual=bullish result=True
[2026-06-29 07:09:11] [INFO] [signal_engine] [VERIFY] SIGNAL_FINAL direction=BUY score=70.0 confidence=0.7 valid=True
[2026-06-29 07:09:11] [DEBUG] [signal_engine] Signal: BUY score=70.0 conf=0.70 strength=قوي valid=True
[2026-06-29 07:09:11] [DEBUG] [mtf] MTF (snapshot) GBPUSD: H4=bullish H1=bullish M15=bullish aligned=True (strong)
[2026-06-29 07:09:11] [INFO] [main] [VERIFY][DATA_TRUTH] symbol=GBPUSD timeframe=H4/H1/M15 news_fetched=True indicators_fetched=True live_data=True cached=False
[2026-06-29 07:09:12] [INFO] [voting_engine] GBPUSD: MTF strongly aligned, boosting score 10%
[2026-06-29 07:09:12] [INFO] [correlation_protection] [CORRELATION_PROTECTION] Block correlated GBPUSD buy with EURUSD buy action=block
[2026-06-29 07:09:12] [INFO] [risk_engine] Risk: CorrelationProtection blocked (GBPUSD BUY)
[2026-06-29 07:09:12] [DEBUG] [hybrid_market_client] Fetching indicators for GBPUSD (QuantDinger only)
[2026-06-29 07:09:12] [DEBUG] [market_client] Candles GBPUSD 4H: 100 bars ✓
[2026-06-29 07:09:12] [DEBUG] [hybrid_market_client] ✓ Got live data from QuantDinger for GBPUSD
[2026-06-29 07:09:12] [DEBUG] [hybrid_market_client] Fetching indicators for GBPUSD (QuantDinger only)
[2026-06-29 07:09:12] [DEBUG] [market_client] Using cached candles for GBPUSD 4H (age: 0s)
[2026-06-29 07:09:12] [DEBUG] [hybrid_market_client] ✓ Got live data from QuantDinger for GBPUSD
[2026-06-29 07:09:12] [INFO] [sltp] SL/TP GBPUSD: entry=1.3198009729385376 atr=0.00250 sl=1.31606 tp=1.32604
[2026-06-29 07:09:12] [INFO] [position_sizing] Position size: 0.5 (equity=73847, risk=0.001, sl_dist=0.00374, score=91, cons_loss=7)
[2026-06-29 07:09:12] [DEBUG] [xgboost_v2] V2 predict: rsi=60.5 atr=0.00250 regime=TRENDING session=asia dir=BUY -> p_win=0.911
[2026-06-29 07:09:12] [INFO] [xgboost_v2] [VERIFY] XGBOOST PREDICTION p_win=0.911 available=True
[2026-06-29 07:09:12] [INFO] [main] [VERIFY][DECISION_TRUTH] bias=bullish score=91.0 confidence=1.0 vote=BUY risk_passed=False sl_tp_calculated=True position_size=0.5 xgboost_p_win=0.9114883542060852 final_decision_valid=False reject_reason=CorrelationProtection: correlated open trade exists
[2026-06-29 07:09:12] [INFO] [adaptive_weights] EURUSD weights updated: {'ai': 0.239, 'trend': 0.239, 'momentum': 0.239, 'sentiment': 0.239, 'volatility': 0.043} | WR=15.0% PF=0
[2026-06-29 07:09:12] [INFO] [adaptive_weights] 🏆 أفضل زوج: EURUSD | WR=15.0% | PnL=190.0$
[2026-06-29 07:09:12] [INFO] [adaptive_weights] ⚠️ أسوأ زوج: XAUUSD | WR=0.0% | PnL=0.0$
[2026-06-29 07:09:12] [INFO] [main] Sleeping 1800s...
[2026-06-29 07:09:52] [INFO] [news_fetcher] Fetched 14 relevant news items
[2026-06-29 07:09:59] [INFO] [news_fetcher] Fetched 14 relevant news items
[2026-06-29 07:10:05] [INFO] [news_fetcher] Fetched 14 relevant news items
[2026-06-29 07:10:12] [INFO] [news_fetcher] Fetched 14 relevant news items
[2026-06-29 07:10:18] [INFO] [news_fetcher] Fetched 14 relevant news items
[2026-06-29 07:10:25] [INFO] [news_fetcher] Fetched 14 relevant news items
[2026-06-29 07:10:31] [INFO] [news_fetcher] Fetched 14 relevant news items
[2026-06-29 07:10:31] [INFO] [market_regime_detector] [REGIME] Could not compute ATR from MT5 for EURUSD
[2026-06-29 07:10:31] [INFO] [reconciliation] [REGIME] EURUSD regime=Unknown ATR_multiplier_override=2.0 DynamicTP_tp_ratio_override=0.5 p_win=None
[2026-06-29 07:10:31] [INFO] [reconciliation] [RED_FLAG] EURUSD flags=['trade_health'] count=1 exit_prob=0.0%
[2026-06-29 07:10:31] [INFO] [market_regime_detector] [REGIME] Could not compute ATR from MT5 for EURUSD
[2026-06-29 07:10:31] [INFO] [reconciliation] [REGIME] EURUSD regime=Unknown ATR_multiplier_override=2.0 DynamicTP_tp_ratio_override=0.5 p_win=None
[2026-06-29 07:10:31] [INFO] [reconciliation] [RED_FLAG] EURUSD flags=['trade_health'] count=1 exit_prob=0.0%
[2026-06-29 07:10:31] [INFO] [market_regime_detector] [REGIME] Could not compute ATR from MT5 for EURUSD
[2026-06-29 07:10:31] [INFO] [reconciliation] [REGIME] EURUSD regime=Unknown ATR_multiplier_override=2.0 DynamicTP_tp_ratio_override=0.5 p_win=None
[2026-06-29 07:10:31] [INFO] [reconciliation] [RED_FLAG] EURUSD flags=['trade_health'] count=1 exit_prob=0.0%
[2026-06-29 07:10:31] [INFO] [market_regime_detector] [REGIME] Could not compute ATR from MT5 for EURUSD
[2026-06-29 07:10:31] [INFO] [reconciliation] [REGIME] EURUSD regime=Unknown ATR_multiplier_override=2.0 DynamicTP_tp_ratio_override=0.5 p_win=None
[2026-06-29 07:10:31] [INFO] [reconciliation] [RED_FLAG] EURUSD flags=['trade_health'] count=1 exit_prob=0.0%
[2026-06-29 07:10:31] [INFO] [market_regime_detector] [REGIME] Could not compute ATR from MT5 for EURUSD
[2026-06-29 07:10:31] [INFO] [reconciliation] [REGIME] EURUSD regime=Unknown ATR_multiplier_override=2.0 DynamicTP_tp_ratio_override=0.5 p_win=None
[2026-06-29 07:10:31] [INFO] [reconciliation] [RED_FLAG] EURUSD flags=['trade_health'] count=1 exit_prob=0.0%
[2026-06-29 07:10:31] [INFO] [market_regime_detector] [REGIME] Could not compute ATR from MT5 for EURUSD
[2026-06-29 07:10:31] [INFO] [reconciliation] [REGIME] EURUSD regime=Unknown ATR_multiplier_override=2.0 DynamicTP_tp_ratio_override=0.5 p_win=None
[2026-06-29 07:10:31] [INFO] [reconciliation] [RED_FLAG] EURUSD flags=['trade_health'] count=1 exit_prob=0.0%
[2026-06-29 07:10:31] [INFO] [market_regime_detector] [REGIME] Could not compute ATR from MT5 for EURUSD
[2026-06-29 07:10:31] [INFO] [reconciliation] [REGIME] EURUSD regime=Unknown ATR_multiplier_override=2.0 DynamicTP_tp_ratio_override=0.5 p_win=None
[2026-06-29 07:10:31] [INFO] [reconciliation] [RED_FLAG] EURUSD flags=['trade_health'] count=1 exit_prob=0.0%
[2026-06-29 07:10:37] [INFO] [news_fetcher] Fetched 14 relevant news items
[2026-06-29 07:10:37] [ERROR] [reconciliation] News conflict check error for {'id': '9314935503', 'ticket': '9314935503', 'symbol': 'EURUSD', 'type': 'buy', 'direction': 'buy', 'volume': 0.5, 'price_open': 1.13893, 'sl': 1.13594, 'tp': 1.14467, 'profit': -27.0, 'comment': 'Bot V3', 'price_current': 1.13839}: analyze_news() missing 1 required positional argument: 'snapshot'
[2026-06-29 07:10:37] [ERROR] [reconciliation] News conflict check error for {'id': '9315174919', 'ticket': '9315174919', 'symbol': 'EURUSD', 'type': 'buy', 'direction': 'buy', 'volume': 0.5, 'price_open': 1.13868, 'sl': 1.13581, 'tp': 1.1445400000000001, 'profit': -14.5, 'comment': 'Bot V3', 'price_current': 1.13839}: analyze_news() missing 1 required positional argument: 'snapshot'
[2026-06-29 07:10:37] [ERROR] [reconciliation] News conflict check error for {'id': '9315301988', 'ticket': '9315301988', 'symbol': 'EURUSD', 'type': 'buy', 'direction': 'buy', 'volume': 0.5, 'price_open': 1.13867, 'sl': 1.1356600000000001, 'tp': 1.14443, 'profit': -14.0, 'comment': 'Bot V3', 'price_current': 1.13839}: analyze_news() missing 1 required positional argument: 'snapshot'
[2026-06-29 07:10:37] [ERROR] [reconciliation] News conflict check error for {'id': '9315434623', 'ticket': '9315434623', 'symbol': 'EURUSD', 'type': 'buy', 'direction': 'buy', 'volume': 0.5, 'price_open': 1.13846, 'sl': 1.1353900000000001, 'tp': 1.1442, 'profit': -3.5, 'comment': 'Bot V3', 'price_current': 1.13839}: analyze_news() missing 1 required positional argument: 'snapshot'
[2026-06-29 07:10:37] [ERROR] [reconciliation] News conflict check error for {'id': '9315462713', 'ticket': '9315462713', 'symbol': 'EURUSD', 'type': 'buy', 'direction': 'buy', 'volume': 0.5, 'price_open': 1.1384400000000001, 'sl': 1.1353900000000001, 'tp': 1.1442, 'profit': -2.5, 'comment': 'Bot V3', 'price_current': 1.13839}: analyze_news() missing 1 required positional argument: 'snapshot'
[2026-06-29 07:10:37] [ERROR] [reconciliation] News conflict check error for {'id': '9315589724', 'ticket': '9315589724', 'symbol': 'EURUSD', 'type': 'buy', 'direction': 'buy', 'volume': 0.5, 'price_open': 1.1384, 'sl': 1.1353900000000001, 'tp': 1.1442, 'profit': -0.5, 'comment': 'Bot V3', 'price_current': 1.13839}: analyze_news() missing 1 required positional argument: 'snapshot'
[2026-06-29 07:10:37] [WARNING] [reconciliation] Unknown position in QD: 9314935503 EURUSD
[2026-06-29 07:10:37] [WARNING] [reconciliation] Unknown position in QD: 9315174919 EURUSD
[2026-06-29 07:10:37] [WARNING] [reconciliation] Unknown position in QD: 9315301988 EURUSD
[2026-06-29 07:10:37] [WARNING] [reconciliation] Unknown position in QD: 9315434623 EURUSD
[2026-06-29 07:10:37] [WARNING] [reconciliation] Unknown position in QD: 9315462713 EURUSD
[2026-06-29 07:10:37] [WARNING] [reconciliation] Unknown position in QD: 9315542721 EURUSD
[2026-06-29 07:10:37] [INFO] [reconciliation] Reconciliation: {'db_count': 1, 'qd_count': 7, 'fixes': 0, 'mismatches': ['QD orphan: 9314935503', 'QD orphan: 9315174919', 'QD orphan: 9315301988', 'QD orphan: 9315434623', 'QD orphan: 9315462713', 'QD orphan: 9315542721']}
[2026-06-29 07:11:37] [WARNING] [reconciliation] Orphan trade in DB (no longer in QD): trade_id=31 order_id=9315589724
[2026-06-29 07:11:37] [ERROR] [reconciliation] Reconciliation error: cannot access local variable 'upsert_execution_actual' where it is not associated with a value
[2026-06-29 07:24:08] [INFO] [main] Trading Bot V3 starting...
[2026-06-29 07:24:08] [INFO] [database] V3 Database initialized with all tables
[2026-06-29 07:24:09] [INFO] [qd_client] Logged in to QuantDinger
[2026-06-29 07:24:09] [INFO] [qd_client] MT5 connected
[2026-06-29 07:24:09] [INFO] [main] MT5 connected
[2026-06-29 07:24:09] [INFO] [telegram_bot] Telegram polling started
[2026-06-29 07:24:09] [INFO] [telegram_bot] Telegram bot V3 started
[2026-06-29 07:24:09] [INFO] [mt5_watchdog] MT5 watchdog started (V1 reconnect logic)
[2026-06-29 07:24:09] [INFO] [reconciliation] Reconciliation loop started (every 60s)
[2026-06-29 07:24:09] [INFO] [reconciliation] Reconciliation thread started
[2026-06-29 07:24:10] [INFO] [main] ==================================================
[2026-06-29 07:24:10] [INFO] [main] Cycle 1 at 07:24:10
[2026-06-29 07:24:10] [WARNING] [main] Skipping EURUSD - open position exists on MT5
[2026-06-29 07:24:19] [INFO] [news_fetcher] Fetched 14 relevant news items
[2026-06-29 07:24:19] [INFO] [main] Equity: 73762.60$ | News: 14
[2026-06-29 07:24:19] [DEBUG] [hybrid_market_client] Fetching indicators for EURUSD (QuantDinger only)
[2026-06-29 07:24:19] [DEBUG] [market_client] Candles EURUSD 4H: 100 bars ✓
[2026-06-29 07:24:19] [DEBUG] [hybrid_market_client] ✓ Got live data from QuantDinger for EURUSD
[2026-06-29 07:24:19] [DEBUG] [hybrid_market_client] Fetching indicators for EURUSD (QuantDinger only)
[2026-06-29 07:24:19] [DEBUG] [market_client] Candles EURUSD 4H: 100 bars ✓
[2026-06-29 07:24:19] [DEBUG] [hybrid_market_client] ✓ Got live data from QuantDinger for EURUSD
[2026-06-29 07:24:19] [DEBUG] [hybrid_market_client] Fetching indicators for EURUSD (QuantDinger only)
[2026-06-29 07:24:19] [DEBUG] [market_client] Candles EURUSD 4H: 100 bars ✓
[2026-06-29 07:24:19] [DEBUG] [hybrid_market_client] ✓ Got live data from QuantDinger for EURUSD
[2026-06-29 07:24:19] [INFO] [market_snapshot_builder] [SNAPSHOT_BUILT] symbol=EURUSD tfs=H4,H1,M15
[2026-06-29 07:24:19] [DEBUG] [hybrid_market_client] Fetching indicators for XAUUSD (QuantDinger only)
[2026-06-29 07:24:20] [DEBUG] [market_client] Candles XAUUSD 4H: 100 bars ✓
[2026-06-29 07:24:20] [DEBUG] [hybrid_market_client] ✓ Got live data from QuantDinger for XAUUSD
[2026-06-29 07:24:20] [DEBUG] [hybrid_market_client] Fetching indicators for XAUUSD (QuantDinger only)
[2026-06-29 07:24:20] [DEBUG] [market_client] Candles XAUUSD 4H: 100 bars ✓
[2026-06-29 07:24:20] [DEBUG] [hybrid_market_client] ✓ Got live data from QuantDinger for XAUUSD
[2026-06-29 07:24:20] [DEBUG] [hybrid_market_client] Fetching indicators for XAUUSD (QuantDinger only)
[2026-06-29 07:24:20] [DEBUG] [market_client] Candles XAUUSD 4H: 100 bars ✓
[2026-06-29 07:24:20] [DEBUG] [hybrid_market_client] ✓ Got live data from QuantDinger for XAUUSD
[2026-06-29 07:24:20] [INFO] [market_snapshot_builder] [SNAPSHOT_BUILT] symbol=XAUUSD tfs=H4,H1,M15
[2026-06-29 07:24:20] [DEBUG] [hybrid_market_client] Fetching indicators for GBPUSD (QuantDinger only)
[2026-06-29 07:24:20] [DEBUG] [market_client] Candles GBPUSD 4H: 100 bars ✓
[2026-06-29 07:24:20] [DEBUG] [hybrid_market_client] ✓ Got live data from QuantDinger for GBPUSD
[2026-06-29 07:24:20] [DEBUG] [hybrid_market_client] Fetching indicators for GBPUSD (QuantDinger only)
[2026-06-29 07:24:20] [DEBUG] [market_client] Candles GBPUSD 4H: 100 bars ✓
[2026-06-29 07:24:20] [DEBUG] [hybrid_market_client] ✓ Got live data from QuantDinger for GBPUSD
[2026-06-29 07:24:20] [DEBUG] [hybrid_market_client] Fetching indicators for GBPUSD (QuantDinger only)
[2026-06-29 07:24:20] [DEBUG] [market_client] Candles GBPUSD 4H: 100 bars ✓
[2026-06-29 07:24:20] [DEBUG] [hybrid_market_client] ✓ Got live data from QuantDinger for GBPUSD
[2026-06-29 07:24:20] [INFO] [market_snapshot_builder] [SNAPSHOT_BUILT] symbol=GBPUSD tfs=H4,H1,M15
[2026-06-29 07:24:20] [INFO] [main] --- EURUSD ---
[2026-06-29 07:24:24] [INFO] [deepseek] DEEPSEEK OK: {"impact_score": 60, "bias": "bullish", "confidence": 0.65, "reason": "المؤشرات الفنية تدعم الاتجاه ...
[2026-06-29 07:24:24] [INFO] [deepseek] AI EURUSD: bias=bullish impact=60.0 conf=0.65
[2026-06-29 07:24:24] [INFO] [signal_engine] [VERIFY] SIGNAL_INPUT bias=bullish score=60.0 confidence=0.65
[2026-06-29 07:24:24] [INFO] [signal_engine] [VERIFY] SIGNAL_RULE rule=confidence>=0.60 actual=0.65 result=True
[2026-06-29 07:24:24] [INFO] [signal_engine] [VERIFY] SIGNAL_RULE rule=score>=55 actual=60.0 result=True
[2026-06-29 07:24:24] [INFO] [signal_engine] [VERIFY] SIGNAL_RULE rule=bias in [bullish,bearish] actual=bullish result=True
[2026-06-29 07:24:24] [INFO] [signal_engine] [VERIFY] SIGNAL_FINAL direction=BUY score=60.0 confidence=0.65 valid=True
[2026-06-29 07:24:24] [DEBUG] [signal_engine] Signal: BUY score=60.0 conf=0.65 strength=متوسط valid=True
[2026-06-29 07:24:24] [INFO] [sentiment] Sentiment EURUSD: bullish score=100 bull=1 bear=0
[2026-06-29 07:24:24] [DEBUG] [mtf] MTF (snapshot) EURUSD: H4=bullish H1=bullish M15=bullish aligned=True (strong)
[2026-06-29 07:24:24] [INFO] [main] [VERIFY][DATA_TRUTH] symbol=EURUSD timeframe=H4/H1/M15 news_fetched=True indicators_fetched=True live_data=True cached=False
[2026-06-29 07:24:24] [INFO] [voting_engine] EURUSD: MTF strongly aligned, boosting score 10%
[2026-06-29 07:24:24] [INFO] [risk_engine] Risk: Duplicate symbol blocked via MT5 - EURUSD already has an open position
[2026-06-29 07:24:24] [DEBUG] [hybrid_market_client] Fetching indicators for EURUSD (QuantDinger only)
[2026-06-29 07:24:24] [DEBUG] [market_client] Candles EURUSD 4H: 100 bars ✓
[2026-06-29 07:24:24] [DEBUG] [hybrid_market_client] ✓ Got live data from QuantDinger for EURUSD
[2026-06-29 07:24:24] [DEBUG] [hybrid_market_client] Fetching indicators for EURUSD (QuantDinger only)
[2026-06-29 07:24:24] [DEBUG] [market_client] Using cached candles for EURUSD 4H (age: 0s)
[2026-06-29 07:24:24] [DEBUG] [hybrid_market_client] ✓ Got live data from QuantDinger for EURUSD
[2026-06-29 07:24:24] [INFO] [sltp] SL/TP EURUSD: entry=1.1384334564208984 atr=0.00222 sl=1.1351 tp=1.14398
[2026-06-29 07:24:24] [INFO] [position_sizing] Position size: 0.5 (equity=73763, risk=0.001, sl_dist=0.00333, score=100, cons_loss=8)
[2026-06-29 07:24:24] [INFO] [xgboost_v2] [VERIFY] XGBOOST MODEL LOADED path=models/xgb_model.json available=True
[2026-06-29 07:24:24] [INFO] [xgboost_v2] XGBoost v2 model loaded successfully
[2026-06-29 07:24:24] [DEBUG] [xgboost_v2] V2 predict: rsi=58.9 atr=0.00222 regime=TRENDING session=asia dir=BUY -> p_win=0.744
[2026-06-29 07:24:24] [INFO] [xgboost_v2] [VERIFY] XGBOOST PREDICTION p_win=0.744 available=True
[2026-06-29 07:24:24] [INFO] [main] [VERIFY][DECISION_TRUTH] bias=bullish score=99.9 confidence=0.987 vote=BUY risk_passed=False sl_tp_calculated=True position_size=0.5 xgboost_p_win=0.7440381646156311 final_decision_valid=False reject_reason=EURUSD already open
[2026-06-29 07:24:24] [INFO] [main] --- XAUUSD ---
[2026-06-29 07:24:28] [INFO] [deepseek] DEEPSEEK OK: {
  "impact_score": 60,
  "bias": "bullish",
  "confidence": 0.75,
  "reason": "اتجاه صعودي قوي على ...
[2026-06-29 07:24:28] [INFO] [deepseek] AI XAUUSD: bias=bullish impact=60.0 conf=0.75
[2026-06-29 07:24:28] [INFO] [signal_engine] [VERIFY] SIGNAL_INPUT bias=bullish score=60.0 confidence=0.75
[2026-06-29 07:24:28] [INFO] [signal_engine] [VERIFY] SIGNAL_RULE rule=confidence>=0.60 actual=0.75 result=True
[2026-06-29 07:24:28] [INFO] [signal_engine] [VERIFY] SIGNAL_RULE rule=score>=55 actual=60.0 result=True
[2026-06-29 07:24:28] [INFO] [signal_engine] [VERIFY] SIGNAL_RULE rule=bias in [bullish,bearish] actual=bullish result=True
[2026-06-29 07:24:28] [INFO] [signal_engine] [VERIFY] SIGNAL_FINAL direction=BUY score=60.0 confidence=0.75 valid=True
[2026-06-29 07:24:28] [DEBUG] [signal_engine] Signal: BUY score=60.0 conf=0.75 strength=متوسط valid=True
[2026-06-29 07:24:28] [INFO] [sentiment] Sentiment XAUUSD: bearish score=83 bull=1 bear=2
[2026-06-29 07:24:28] [DEBUG] [mtf] MTF (snapshot) XAUUSD: H4=bullish H1=bullish M15=bullish aligned=True (strong)
[2026-06-29 07:24:28] [INFO] [main] [VERIFY][DATA_TRUTH] symbol=XAUUSD timeframe=H4/H1/M15 news_fetched=True indicators_fetched=True live_data=True cached=False
[2026-06-29 07:24:28] [INFO] [voting_engine] XAUUSD: MTF strongly aligned, boosting score 10%
[2026-06-29 07:24:28] [DEBUG] [hybrid_market_client] Fetching indicators for XAUUSD (QuantDinger only)
[2026-06-29 07:24:28] [DEBUG] [market_client] Candles XAUUSD 4H: 100 bars ✓
[2026-06-29 07:24:28] [DEBUG] [hybrid_market_client] ✓ Got live data from QuantDinger for XAUUSD
[2026-06-29 07:24:28] [DEBUG] [hybrid_market_client] Fetching indicators for XAUUSD (QuantDinger only)
[2026-06-29 07:24:28] [DEBUG] [market_client] Using cached candles for XAUUSD 4H (age: 0s)
[2026-06-29 07:24:28] [DEBUG] [hybrid_market_client] ✓ Got live data from QuantDinger for XAUUSD
[2026-06-29 07:24:28] [INFO] [sltp] SL/TP XAUUSD: entry=4080.0 atr=33.52138 sl=4070.0 tp=4163.80345
[2026-06-29 07:24:28] [INFO] [position_sizing] Position size: 0.1 (equity=73763, risk=0.001, sl_dist=10.00000, score=92, cons_loss=8)
[2026-06-29 07:24:28] [DEBUG] [xgboost_v2] V2 predict: rsi=62.1 atr=33.52138 regime=TRENDING session=asia dir=BUY -> p_win=0.364
[2026-06-29 07:24:28] [INFO] [xgboost_v2] [VERIFY] XGBOOST PREDICTION p_win=0.364 available=True
[2026-06-29 07:24:28] [INFO] [main] [VERIFY][DECISION_TRUTH] bias=bullish score=92.2 confidence=1.0 vote=BUY risk_passed=True sl_tp_calculated=True position_size=0.1 xgboost_p_win=0.36367180943489075 final_decision_valid=False reject_reason=p_win<threshold (p_win=0.364 threshold=0.6)
[2026-06-29 07:24:28] [INFO] [main] --- GBPUSD ---
[2026-06-29 07:24:32] [INFO] [deepseek] DEEPSEEK OK: {"impact_score": 65, "bias": "bullish", "confidence": 0.75, "reason": "الاتجاه الصاعد قوي على جميع ا...
[2026-06-29 07:24:32] [INFO] [deepseek] AI GBPUSD: bias=bullish impact=65.0 conf=0.75
[2026-06-29 07:24:32] [INFO] [signal_engine] [VERIFY] SIGNAL_INPUT bias=bullish score=65.0 confidence=0.75
[2026-06-29 07:24:32] [INFO] [signal_engine] [VERIFY] SIGNAL_RULE rule=confidence>=0.60 actual=0.75 result=True
[2026-06-29 07:24:32] [INFO] [signal_engine] [VERIFY] SIGNAL_RULE rule=score>=55 actual=65.0 result=True
[2026-06-29 07:24:32] [INFO] [signal_engine] [VERIFY] SIGNAL_RULE rule=bias in [bullish,bearish] actual=bullish result=True
[2026-06-29 07:24:32] [INFO] [signal_engine] [VERIFY] SIGNAL_FINAL direction=BUY score=65.0 confidence=0.75 valid=True
[2026-06-29 07:24:32] [DEBUG] [signal_engine] Signal: BUY score=65.0 conf=0.75 strength=متوسط valid=True
[2026-06-29 07:24:32] [DEBUG] [mtf] MTF (snapshot) GBPUSD: H4=bullish H1=bullish M15=bullish aligned=True (strong)
[2026-06-29 07:24:32] [INFO] [main] [VERIFY][DATA_TRUTH] symbol=GBPUSD timeframe=H4/H1/M15 news_fetched=True indicators_fetched=True live_data=True cached=False
[2026-06-29 07:24:32] [INFO] [voting_engine] GBPUSD: MTF strongly aligned, boosting score 10%
[2026-06-29 07:24:32] [DEBUG] [hybrid_market_client] Fetching indicators for GBPUSD (QuantDinger only)
[2026-06-29 07:24:32] [DEBUG] [market_client] Candles GBPUSD 4H: 100 bars ✓
[2026-06-29 07:24:32] [DEBUG] [hybrid_market_client] ✓ Got live data from QuantDinger for GBPUSD
[2026-06-29 07:24:32] [DEBUG] [hybrid_market_client] Fetching indicators for GBPUSD (QuantDinger only)
[2026-06-29 07:24:32] [DEBUG] [market_client] Using cached candles for GBPUSD 4H (age: 0s)
[2026-06-29 07:24:32] [DEBUG] [hybrid_market_client] ✓ Got live data from QuantDinger for GBPUSD
[2026-06-29 07:24:32] [INFO] [sltp] SL/TP GBPUSD: entry=1.3196965456008911 atr=0.00250 sl=1.31594 tp=1.32596
[2026-06-29 07:24:32] [INFO] [position_sizing] Position size: 0.5 (equity=73763, risk=0.000, sl_dist=0.00376, score=89, cons_loss=8)
[2026-06-29 07:24:32] [DEBUG] [xgboost_v2] V2 predict: rsi=60.1 atr=0.00250 regime=TRENDING session=asia dir=BUY -> p_win=0.911
[2026-06-29 07:24:32] [INFO] [xgboost_v2] [VERIFY] XGBOOST PREDICTION p_win=0.911 available=True
[2026-06-29 07:24:32] [INFO] [main] [VERIFY][DECISION_TRUTH] bias=bullish score=89.0 confidence=1.0 vote=BUY risk_passed=True sl_tp_calculated=True position_size=0.5 xgboost_p_win=0.9114883542060852 final_decision_valid=True reject_reason=OK
[2026-06-29 07:24:32] [INFO] [mt5_direct] [MT5_DIRECT] open_trade symbol=GBPUSD direction=BUY volume=0.75 sl=1.31594 tp=1.32596
[2026-06-29 07:24:32] [INFO] [mt5_direct] [MT5_DIRECT] terminal_info: TerminalInfo(community_account=True, community_connection=True, connected=True, dlls_allowed=False, trade_allowed=True, tradeapi_disabled=False, email_enabled=False, ftp_enabled=False, notifications_enabled=False, mqid=True, build=5956, maxbars=100000, codepage=0, ping_last=74551, community_balance=0.0, retransmission=0.013071895424836603, company='MetaQuotes Ltd.', name='MetaTrader 5', language='English', path='C:\\Program Files\\MetaTrader 5', data_path='C:\\Users\\ACER\\AppData\\Roaming\\MetaQuotes\\Terminal\\D0E8209F77C8CF37AD8BF550E51FF075', commondata_path='C:\\Users\\ACER\\AppData\\Roaming\\MetaQuotes\\Terminal\\Common')
[2026-06-29 07:24:32] [INFO] [mt5_direct] [MT5_DIRECT] account_info: AccountInfo(login=108132137, trade_mode=0, leverage=100, limit_orders=200, margin_so_mode=0, trade_allowed=True, trade_expert=True, margin_mode=2, currency_digits=2, fifo_close=False, balance=73902.6, credit=0.0, profit=-129.5, equity=73773.1, margin=4969.92, margin_free=68803.18, margin_level=1484.3921028909924, margin_so_call=50.0, margin_so_so=30.0, margin_initial=0.0, margin_maintenance=0.0, assets=0.0, liabilities=0.0, commission_blocked=0.0, name='Ali Nabil', server='MetaQuotes-Demo', currency='USD', company='MetaQuotes Ltd.')
[2026-06-29 07:24:32] [DEBUG] [mt5_direct] [MT5_DIRECT] order_send request={'action': 1, 'symbol': 'GBPUSD', 'volume': 0.75, 'type': 0, 'price': 1.31976, 'sl': 1.31594, 'tp': 1.32596, 'deviation': 20, 'magic': 0, 'comment': 'Bot V3', 'type_filling': 1}
[2026-06-29 07:24:32] [ERROR] [mt5_direct] [MT5_DIRECT] order_send failed result=OrderSendResult(retcode=10030, deal=0, order=0, volume=0.0, price=0.0, bid=0.0, ask=0.0, comment='Unsupported filling mode', request_id=0, retcode_external=0, request=TradeRequest(action=1, magic=0, order=0, symbol='GBPUSD', volume=0.75, price=1.31976, stoplimit=0.0, sl=1.31594, tp=1.32596, deviation=20, type=0, type_filling=1, type_time=0, expiration=0, comment='Bot V3', position=0, position_by=0)) comment=Unsupported filling mode retcode=10030
[2026-06-29 07:24:32] [INFO] [mt5_direct] [MT5_DIRECT] Retry order_send without type_filling
[2026-06-29 07:24:32] [INFO] [main] [VERIFY][EXECUTION_RESULT] symbol=GBPUSD open_trade_result={'status': 'success', 'order_id': '9315928433', 'price': 1.31976, 'symbol': 'GBPUSD', 'direction': 'BUY', 'volume': 0.75, 'timestamp': 1782707072.388178, 'raw_response': {'retcode': 10009, 'deal': 8970207929, 'order': 9315928433, 'volume': 0.75, 'price': 1.31976, 'bid': 0.0, 'ask': 0.0, 'comment': 'Request executed', 'request_id': 3969886602, 'retcode_external': 0, 'request': TradeRequest(action=1, magic=0, order=0, symbol='GBPUSD', volume=0.75, price=1.31976, stoplimit=0.0, sl=1.31594, tp=1.32596, deviation=20, type=0, type_filling=0, type_time=0, expiration=0, comment='Bot V3', position=0, position_by=0)}}
[2026-06-29 07:24:32] [INFO] [sltp] SL/TP GBPUSD: entry=1.31976 atr=0.00250 sl=1.316 tp=1.32602
[2026-06-29 07:24:33] [INFO] [adaptive_weights] EURUSD weights updated: {'ai': 0.239, 'trend': 0.239, 'momentum': 0.239, 'sentiment': 0.239, 'volatility': 0.043} | WR=14.3% PF=0
[2026-06-29 07:24:33] [INFO] [adaptive_weights] 🏆 أفضل زوج: EURUSD | WR=14.3% | PnL=190.0$
[2026-06-29 07:24:33] [INFO] [adaptive_weights] ⚠️ أسوأ زوج: XAUUSD | WR=0.0% | PnL=0.0$
[2026-06-29 07:24:33] [INFO] [main] Sleeping 1800s...
[2026-06-29 07:25:17] [INFO] [news_fetcher] Fetched 14 relevant news items
[2026-06-29 07:25:26] [INFO] [news_fetcher] Fetched 15 relevant news items
[2026-06-29 07:25:33] [INFO] [news_fetcher] Fetched 14 relevant news items
[2026-06-29 07:25:40] [INFO] [news_fetcher] Fetched 14 relevant news items
[2026-06-29 07:25:46] [INFO] [news_fetcher] Fetched 14 relevant news items
[2026-06-29 07:25:53] [INFO] [news_fetcher] Fetched 14 relevant news items
[2026-06-29 07:26:00] [INFO] [news_fetcher] Fetched 14 relevant news items
[2026-06-29 07:26:07] [INFO] [news_fetcher] Fetched 14 relevant news items
[2026-06-29 07:26:07] [INFO] [market_regime_detector] [REGIME] Could not compute ATR from MT5 for EURUSD
[2026-06-29 07:26:07] [INFO] [reconciliation] [REGIME] EURUSD regime=Unknown ATR_multiplier_override=2.0 DynamicTP_tp_ratio_override=0.5 p_win=None
[2026-06-29 07:26:07] [INFO] [reconciliation] [RED_FLAG] EURUSD flags=['trade_health'] count=1 exit_prob=0.0%
[2026-06-29 07:26:07] [INFO] [market_regime_detector] [REGIME] Could not compute ATR from MT5 for EURUSD
[2026-06-29 07:26:07] [INFO] [reconciliation] [REGIME] EURUSD regime=Unknown ATR_multiplier_override=2.0 DynamicTP_tp_ratio_override=0.5 p_win=None
[2026-06-29 07:26:07] [INFO] [reconciliation] [RED_FLAG] EURUSD flags=['trade_health'] count=1 exit_prob=0.0%
[2026-06-29 07:26:07] [INFO] [market_regime_detector] [REGIME] Could not compute ATR from MT5 for EURUSD
[2026-06-29 07:26:07] [INFO] [reconciliation] [REGIME] EURUSD regime=Unknown ATR_multiplier_override=2.0 DynamicTP_tp_ratio_override=0.5 p_win=None
[2026-06-29 07:26:07] [INFO] [reconciliation] [RED_FLAG] EURUSD flags=['trade_health'] count=1 exit_prob=0.0%
[2026-06-29 07:26:07] [INFO] [market_regime_detector] [REGIME] Could not compute ATR from MT5 for EURUSD
[2026-06-29 07:26:07] [INFO] [reconciliation] [REGIME] EURUSD regime=Unknown ATR_multiplier_override=2.0 DynamicTP_tp_ratio_override=0.5 p_win=None
[2026-06-29 07:26:07] [INFO] [reconciliation] [RED_FLAG] EURUSD flags=['trade_health'] count=1 exit_prob=0.0%
[2026-06-29 07:26:07] [INFO] [market_regime_detector] [REGIME] Could not compute ATR from MT5 for EURUSD
[2026-06-29 07:26:07] [INFO] [reconciliation] [REGIME] EURUSD regime=Unknown ATR_multiplier_override=2.0 DynamicTP_tp_ratio_override=0.5 p_win=None
[2026-06-29 07:26:07] [INFO] [reconciliation] [RED_FLAG] EURUSD flags=['trade_health'] count=1 exit_prob=0.0%
[2026-06-29 07:26:07] [INFO] [market_regime_detector] [REGIME] Could not compute ATR from MT5 for EURUSD
[2026-06-29 07:26:07] [INFO] [reconciliation] [REGIME] EURUSD regime=Unknown ATR_multiplier_override=2.0 DynamicTP_tp_ratio_override=0.5 p_win=None
[2026-06-29 07:26:07] [INFO] [reconciliation] [RED_FLAG] EURUSD flags=['trade_health'] count=1 exit_prob=0.0%
[2026-06-29 07:26:07] [INFO] [market_regime_detector] [REGIME] Could not compute ATR from MT5 for EURUSD
[2026-06-29 07:26:07] [INFO] [reconciliation] [REGIME] EURUSD regime=Unknown ATR_multiplier_override=2.0 DynamicTP_tp_ratio_override=0.5 p_win=None
[2026-06-29 07:26:07] [INFO] [reconciliation] [RED_FLAG] EURUSD flags=['trade_health'] count=1 exit_prob=0.0%
[2026-06-29 07:26:07] [INFO] [market_regime_detector] [REGIME] Could not compute ATR from MT5 for GBPUSD
[2026-06-29 07:26:07] [INFO] [reconciliation] [REGIME] GBPUSD regime=Unknown ATR_multiplier_override=2.0 DynamicTP_tp_ratio_override=0.5 p_win=None
[2026-06-29 07:26:07] [INFO] [reconciliation] [RED_FLAG] GBPUSD flags=['trade_health'] count=1 exit_prob=0.0%
[2026-06-29 07:26:13] [INFO] [news_fetcher] Fetched 14 relevant news items
[2026-06-29 07:26:13] [ERROR] [reconciliation] News conflict check error for {'id': '9314935503', 'ticket': '9314935503', 'symbol': 'EURUSD', 'type': 'buy', 'direction': 'buy', 'volume': 0.5, 'price_open': 1.13893, 'sl': 1.13594, 'tp': 1.14467, 'profit': -35.5, 'comment': 'Bot V3', 'price_current': 1.13822}: analyze_news() missing 1 required positional argument: 'snapshot'
[2026-06-29 07:26:13] [ERROR] [reconciliation] News conflict check error for {'id': '9315174919', 'ticket': '9315174919', 'symbol': 'EURUSD', 'type': 'buy', 'direction': 'buy', 'volume': 0.5, 'price_open': 1.13868, 'sl': 1.13581, 'tp': 1.1445400000000001, 'profit': -23.0, 'comment': 'Bot V3', 'price_current': 1.13822}: analyze_news() missing 1 required positional argument: 'snapshot'
[2026-06-29 07:26:13] [ERROR] [reconciliation] News conflict check error for {'id': '9315301988', 'ticket': '9315301988', 'symbol': 'EURUSD', 'type': 'buy', 'direction': 'buy', 'volume': 0.5, 'price_open': 1.13867, 'sl': 1.1356600000000001, 'tp': 1.14443, 'profit': -22.5, 'comment': 'Bot V3', 'price_current': 1.13822}: analyze_news() missing 1 required positional argument: 'snapshot'
[2026-06-29 07:26:13] [ERROR] [reconciliation] News conflict check error for {'id': '9315434623', 'ticket': '9315434623', 'symbol': 'EURUSD', 'type': 'buy', 'direction': 'buy', 'volume': 0.5, 'price_open': 1.13846, 'sl': 1.1353900000000001, 'tp': 1.1442, 'profit': -12.0, 'comment': 'Bot V3', 'price_current': 1.13822}: analyze_news() missing 1 required positional argument: 'snapshot'
[2026-06-29 07:26:13] [ERROR] [reconciliation] News conflict check error for {'id': '9315462713', 'ticket': '9315462713', 'symbol': 'EURUSD', 'type': 'buy', 'direction': 'buy', 'volume': 0.5, 'price_open': 1.1384400000000001, 'sl': 1.1353900000000001, 'tp': 1.1442, 'profit': -11.0, 'comment': 'Bot V3', 'price_current': 1.13822}: analyze_news() missing 1 required positional argument: 'snapshot'
[2026-06-29 07:26:13] [ERROR] [reconciliation] News conflict check error for {'id': '9315542721', 'ticket': '9315542721', 'symbol': 'EURUSD', 'type': 'buy', 'direction': 'buy', 'volume': 0.5, 'price_open': 1.13834, 'sl': 1.1353900000000001, 'tp': 1.1442, 'profit': -6.0, 'comment': 'Bot V3', 'price_current': 1.13822}: analyze_news() missing 1 required positional argument: 'snapshot'
[2026-06-29 07:26:13] [ERROR] [reconciliation] News conflict check error for {'id': '9315589724', 'ticket': '9315589724', 'symbol': 'EURUSD', 'type': 'buy', 'direction': 'buy', 'volume': 0.5, 'price_open': 1.1384, 'sl': 1.1353900000000001, 'tp': 1.1442, 'profit': -9.0, 'comment': 'Bot V3', 'price_current': 1.13822}: analyze_news() missing 1 required positional argument: 'snapshot'
[2026-06-29 07:26:13] [ERROR] [reconciliation] News conflict check error for {'id': '9315928433', 'ticket': '9315928433', 'symbol': 'GBPUSD', 'type': 'buy', 'direction': 'buy', 'volume': 0.75, 'price_open': 1.31976, 'sl': 1.3159399999999999, 'tp': 1.32596, 'profit': 3.75, 'comment': 'Bot V3', 'price_current': 1.31981}: analyze_news() missing 1 required positional argument: 'snapshot'
[2026-06-29 07:26:13] [WARNING] [reconciliation] Unknown position in QD: 9314935503 EURUSD
[2026-06-29 07:26:13] [WARNING] [reconciliation] Unknown position in QD: 9315174919 EURUSD
[2026-06-29 07:26:13] [WARNING] [reconciliation] Unknown position in QD: 9315301988 EURUSD
[2026-06-29 07:26:13] [WARNING] [reconciliation] Unknown position in QD: 9315434623 EURUSD
[2026-06-29 07:26:13] [WARNING] [reconciliation] Unknown position in QD: 9315462713 EURUSD
[2026-06-29 07:26:13] [WARNING] [reconciliation] Unknown position in QD: 9315542721 EURUSD
[2026-06-29 07:26:13] [WARNING] [reconciliation] Unknown position in QD: 9315589724 EURUSD
[2026-06-29 07:26:13] [INFO] [reconciliation] Reconciliation: {'db_count': 1, 'qd_count': 8, 'fixes': 0, 'mismatches': ['QD orphan: 9314935503', 'QD orphan: 9315174919', 'QD orphan: 9315301988', 'QD orphan: 9315434623', 'QD orphan: 9315462713', 'QD orphan: 9315542721', 'QD orphan: 9315589724']}
[2026-06-29 07:28:32] [INFO] [main] Trading Bot V3 starting...
[2026-06-29 07:28:32] [INFO] [database] V3 Database initialized with all tables
[2026-06-29 07:28:32] [INFO] [qd_client] Logged in to QuantDinger
[2026-06-29 07:28:32] [INFO] [qd_client] MT5 connected
[2026-06-29 07:28:32] [INFO] [main] MT5 connected
[2026-06-29 07:28:32] [INFO] [telegram_bot] Telegram polling started
[2026-06-29 07:28:32] [INFO] [telegram_bot] Telegram bot V3 started
[2026-06-29 07:28:32] [INFO] [mt5_watchdog] MT5 watchdog started (V1 reconnect logic)
[2026-06-29 07:28:32] [INFO] [reconciliation] Reconciliation loop started (every 60s)
[2026-06-29 07:28:32] [INFO] [reconciliation] Reconciliation thread started
[2026-06-29 07:28:32] [WARNING] [reconciliation] Orphan trade in DB (no longer in QD): trade_id=32 order_id=9315928433
[2026-06-29 07:28:32] [ERROR] [reconciliation] Reconciliation error: cannot access local variable 'upsert_execution_actual' where it is not associated with a value
[2026-06-29 07:28:33] [INFO] [main] ==================================================
[2026-06-29 07:28:33] [INFO] [main] Cycle 1 at 07:28:33
[2026-06-29 07:28:41] [INFO] [news_fetcher] Fetched 14 relevant news items
[2026-06-29 07:28:41] [INFO] [main] Equity: 73844.35$ | News: 14
[2026-06-29 07:28:41] [DEBUG] [hybrid_market_client] Fetching indicators for EURUSD (QuantDinger only)
[2026-06-29 07:28:42] [DEBUG] [market_client] Candles EURUSD 4H: 100 bars ✓
[2026-06-29 07:28:42] [DEBUG] [hybrid_market_client] ✓ Got live data from QuantDinger for EURUSD
[2026-06-29 07:28:42] [DEBUG] [hybrid_market_client] Fetching indicators for EURUSD (QuantDinger only)
[2026-06-29 07:28:42] [DEBUG] [market_client] Candles EURUSD 4H: 100 bars ✓
[2026-06-29 07:28:42] [DEBUG] [hybrid_market_client] ✓ Got live data from QuantDinger for EURUSD
[2026-06-29 07:28:42] [DEBUG] [hybrid_market_client] Fetching indicators for EURUSD (QuantDinger only)
[2026-06-29 07:28:42] [DEBUG] [market_client] Candles EURUSD 4H: 100 bars ✓
[2026-06-29 07:28:42] [DEBUG] [hybrid_market_client] ✓ Got live data from QuantDinger for EURUSD
[2026-06-29 07:28:42] [INFO] [market_snapshot_builder] [SNAPSHOT_BUILT] symbol=EURUSD tfs=H4,H1,M15
[2026-06-29 07:28:42] [DEBUG] [hybrid_market_client] Fetching indicators for XAUUSD (QuantDinger only)
[2026-06-29 07:28:42] [DEBUG] [market_client] Candles XAUUSD 4H: 100 bars ✓
[2026-06-29 07:28:42] [DEBUG] [hybrid_market_client] ✓ Got live data from QuantDinger for XAUUSD
[2026-06-29 07:28:42] [DEBUG] [hybrid_market_client] Fetching indicators for XAUUSD (QuantDinger only)
[2026-06-29 07:28:42] [DEBUG] [market_client] Candles XAUUSD 4H: 100 bars ✓
[2026-06-29 07:28:42] [DEBUG] [hybrid_market_client] ✓ Got live data from QuantDinger for XAUUSD
[2026-06-29 07:28:42] [DEBUG] [hybrid_market_client] Fetching indicators for XAUUSD (QuantDinger only)
[2026-06-29 07:28:42] [DEBUG] [market_client] Candles XAUUSD 4H: 100 bars ✓
[2026-06-29 07:28:42] [DEBUG] [hybrid_market_client] ✓ Got live data from QuantDinger for XAUUSD
[2026-06-29 07:28:42] [INFO] [market_snapshot_builder] [SNAPSHOT_BUILT] symbol=XAUUSD tfs=H4,H1,M15
[2026-06-29 07:28:42] [DEBUG] [hybrid_market_client] Fetching indicators for GBPUSD (QuantDinger only)
[2026-06-29 07:28:42] [DEBUG] [market_client] Candles GBPUSD 4H: 100 bars ✓
[2026-06-29 07:28:42] [DEBUG] [hybrid_market_client] ✓ Got live data from QuantDinger for GBPUSD
[2026-06-29 07:28:42] [DEBUG] [hybrid_market_client] Fetching indicators for GBPUSD (QuantDinger only)
[2026-06-29 07:28:42] [DEBUG] [market_client] Candles GBPUSD 4H: 100 bars ✓
[2026-06-29 07:28:42] [DEBUG] [hybrid_market_client] ✓ Got live data from QuantDinger for GBPUSD
[2026-06-29 07:28:42] [DEBUG] [hybrid_market_client] Fetching indicators for GBPUSD (QuantDinger only)
[2026-06-29 07:28:42] [DEBUG] [market_client] Candles GBPUSD 4H: 100 bars ✓
[2026-06-29 07:28:42] [DEBUG] [hybrid_market_client] ✓ Got live data from QuantDinger for GBPUSD
[2026-06-29 07:28:42] [INFO] [market_snapshot_builder] [SNAPSHOT_BUILT] symbol=GBPUSD tfs=H4,H1,M15
[2026-06-29 07:28:42] [INFO] [main] --- EURUSD ---
[2026-06-29 07:28:45] [INFO] [deepseek] DEEPSEEK OK: {
  "impact_score": 65,
  "bias": "bullish",
  "confidence": 0.7,
  "reason": "الاتجاه الصاعد على جم...
[2026-06-29 07:28:45] [INFO] [deepseek] AI EURUSD: bias=bullish impact=65.0 conf=0.70
[2026-06-29 07:28:45] [INFO] [signal_engine] [VERIFY] SIGNAL_INPUT bias=bullish score=65.0 confidence=0.7
[2026-06-29 07:28:45] [INFO] [signal_engine] [VERIFY] SIGNAL_RULE rule=confidence>=0.60 actual=0.7 result=True
[2026-06-29 07:28:45] [INFO] [signal_engine] [VERIFY] SIGNAL_RULE rule=score>=55 actual=65.0 result=True
[2026-06-29 07:28:45] [INFO] [signal_engine] [VERIFY] SIGNAL_RULE rule=bias in [bullish,bearish] actual=bullish result=True
[2026-06-29 07:28:45] [INFO] [signal_engine] [VERIFY] SIGNAL_FINAL direction=BUY score=65.0 confidence=0.7 valid=True
[2026-06-29 07:28:45] [DEBUG] [signal_engine] Signal: BUY score=65.0 conf=0.70 strength=متوسط valid=True
[2026-06-29 07:28:45] [INFO] [sentiment] Sentiment EURUSD: bullish score=100 bull=1 bear=0
[2026-06-29 07:28:45] [DEBUG] [mtf] MTF (snapshot) EURUSD: H4=bullish H1=bullish M15=bullish aligned=True (strong)
[2026-06-29 07:28:45] [INFO] [main] [VERIFY][DATA_TRUTH] symbol=EURUSD timeframe=H4/H1/M15 news_fetched=True indicators_fetched=True live_data=True cached=False
[2026-06-29 07:28:45] [INFO] [voting_engine] EURUSD: MTF strongly aligned, boosting score 10%
[2026-06-29 07:28:45] [DEBUG] [hybrid_market_client] Fetching indicators for EURUSD (QuantDinger only)
[2026-06-29 07:28:45] [DEBUG] [market_client] Candles EURUSD 4H: 100 bars ✓
[2026-06-29 07:28:45] [DEBUG] [hybrid_market_client] ✓ Got live data from QuantDinger for EURUSD
[2026-06-29 07:28:45] [DEBUG] [hybrid_market_client] Fetching indicators for EURUSD (QuantDinger only)
[2026-06-29 07:28:45] [DEBUG] [market_client] Using cached candles for EURUSD 4H (age: 0s)
[2026-06-29 07:28:45] [DEBUG] [hybrid_market_client] ✓ Got live data from QuantDinger for EURUSD
[2026-06-29 07:28:45] [INFO] [sltp] SL/TP EURUSD: entry=1.1384334564208984 atr=0.00222 sl=1.1351 tp=1.14398
[2026-06-29 07:28:45] [INFO] [position_sizing] Position size: 0.5 (equity=73844, risk=0.001, sl_dist=0.00333, score=100, cons_loss=9)
[2026-06-29 07:28:45] [INFO] [xgboost_v2] [VERIFY] XGBOOST MODEL LOADED path=models/xgb_model.json available=True
[2026-06-29 07:28:45] [INFO] [xgboost_v2] XGBoost v2 model loaded successfully
[2026-06-29 07:28:45] [DEBUG] [xgboost_v2] V2 predict: rsi=58.9 atr=0.00222 regime=TRENDING session=asia dir=BUY -> p_win=0.744
[2026-06-29 07:28:45] [INFO] [xgboost_v2] [VERIFY] XGBOOST PREDICTION p_win=0.744 available=True
[2026-06-29 07:28:45] [INFO] [main] [VERIFY][DECISION_TRUTH] bias=bullish score=100 confidence=1.0 vote=BUY risk_passed=True sl_tp_calculated=True position_size=0.5 xgboost_p_win=0.7440381646156311 final_decision_valid=True reject_reason=OK
[2026-06-29 07:28:45] [INFO] [mt5_direct] [MT5_DIRECT] open_trade symbol=EURUSD direction=BUY volume=0.5 sl=1.1351 tp=1.14398
[2026-06-29 07:28:45] [INFO] [mt5_direct] [MT5_DIRECT] terminal_info: TerminalInfo(community_account=True, community_connection=True, connected=True, dlls_allowed=False, trade_allowed=True, tradeapi_disabled=False, email_enabled=False, ftp_enabled=False, notifications_enabled=False, mqid=True, build=5956, maxbars=100000, codepage=0, ping_last=74551, community_balance=0.0, retransmission=0.013071895424836603, company='MetaQuotes Ltd.', name='MetaTrader 5', language='English', path='C:\\Program Files\\MetaTrader 5', data_path='C:\\Users\\ACER\\AppData\\Roaming\\MetaQuotes\\Terminal\\D0E8209F77C8CF37AD8BF550E51FF075', commondata_path='C:\\Users\\ACER\\AppData\\Roaming\\MetaQuotes\\Terminal\\Common')
[2026-06-29 07:28:45] [INFO] [mt5_direct] [MT5_DIRECT] account_info: AccountInfo(login=108132137, trade_mode=0, leverage=100, limit_orders=200, margin_so_mode=0, trade_allowed=True, trade_expert=True, margin_mode=2, currency_digits=2, fifo_close=False, balance=73902.6, credit=0.0, profit=-58.25, equity=73844.35, margin=5959.74, margin_free=67884.61, margin_level=1239.0532137308005, margin_so_call=50.0, margin_so_so=30.0, margin_initial=0.0, margin_maintenance=0.0, assets=0.0, liabilities=0.0, commission_blocked=0.0, name='Ali Nabil', server='MetaQuotes-Demo', currency='USD', company='MetaQuotes Ltd.')
[2026-06-29 07:28:45] [DEBUG] [mt5_direct] [MT5_DIRECT] order_send request={'action': 1, 'symbol': 'EURUSD', 'volume': 0.5, 'type': 0, 'price': 1.13837, 'sl': 1.1351, 'tp': 1.14398, 'deviation': 20, 'magic': 0, 'comment': 'Bot V3', 'type_filling': 1}
[2026-06-29 07:28:45] [ERROR] [mt5_direct] [MT5_DIRECT] order_send failed result=OrderSendResult(retcode=10030, deal=0, order=0, volume=0.0, price=0.0, bid=0.0, ask=0.0, comment='Unsupported filling mode', request_id=0, retcode_external=0, request=TradeRequest(action=1, magic=0, order=0, symbol='EURUSD', volume=0.5, price=1.13837, stoplimit=0.0, sl=1.1351, tp=1.14398, deviation=20, type=0, type_filling=1, type_time=0, expiration=0, comment='Bot V3', position=0, position_by=0)) comment=Unsupported filling mode retcode=10030
[2026-06-29 07:28:45] [INFO] [mt5_direct] [MT5_DIRECT] Retry order_send without type_filling
[2026-06-29 07:28:45] [INFO] [main] [VERIFY][EXECUTION_RESULT] symbol=EURUSD open_trade_result={'status': 'success', 'order_id': '9316027720', 'price': 1.13837, 'symbol': 'EURUSD', 'direction': 'BUY', 'volume': 0.5, 'timestamp': 1782707325.8709986, 'raw_response': {'retcode': 10009, 'deal': 8970322194, 'order': 9316027720, 'volume': 0.5, 'price': 1.13837, 'bid': 0.0, 'ask': 0.0, 'comment': 'Request executed', 'request_id': 3969886603, 'retcode_external': 0, 'request': TradeRequest(action=1, magic=0, order=0, symbol='EURUSD', volume=0.5, price=1.13837, stoplimit=0.0, sl=1.1351, tp=1.14398, deviation=20, type=0, type_filling=0, type_time=0, expiration=0, comment='Bot V3', position=0, position_by=0)}}
[2026-06-29 07:28:45] [INFO] [sltp] SL/TP EURUSD: entry=1.13837 atr=0.00222 sl=1.13504 tp=1.14392
[2026-06-29 07:28:46] [INFO] [main] --- XAUUSD ---
[2026-06-29 07:28:50] [INFO] [deepseek] DEEPSEEK OK: {"impact_score": 70, "bias": "bullish", "confidence": 0.7, "reason": "الاتجاه الصاعد قوي والمؤشرات ا...
[2026-06-29 07:28:50] [INFO] [deepseek] AI XAUUSD: bias=bullish impact=70.0 conf=0.70
[2026-06-29 07:28:50] [INFO] [signal_engine] [VERIFY] SIGNAL_INPUT bias=bullish score=70.0 confidence=0.7
[2026-06-29 07:28:50] [INFO] [signal_engine] [VERIFY] SIGNAL_RULE rule=confidence>=0.60 actual=0.7 result=True
[2026-06-29 07:28:50] [INFO] [signal_engine] [VERIFY] SIGNAL_RULE rule=score>=55 actual=70.0 result=True
[2026-06-29 07:28:50] [INFO] [signal_engine] [VERIFY] SIGNAL_RULE rule=bias in [bullish,bearish] actual=bullish result=True
[2026-06-29 07:28:50] [INFO] [signal_engine] [VERIFY] SIGNAL_FINAL direction=BUY score=70.0 confidence=0.7 valid=True
[2026-06-29 07:28:50] [DEBUG] [signal_engine] Signal: BUY score=70.0 conf=0.70 strength=قوي valid=True
[2026-06-29 07:28:50] [INFO] [sentiment] Sentiment XAUUSD: bearish score=83 bull=1 bear=2
[2026-06-29 07:28:50] [DEBUG] [mtf] MTF (snapshot) XAUUSD: H4=bullish H1=bullish M15=bullish aligned=True (strong)
[2026-06-29 07:28:50] [INFO] [main] [VERIFY][DATA_TRUTH] symbol=XAUUSD timeframe=H4/H1/M15 news_fetched=True indicators_fetched=True live_data=True cached=False
[2026-06-29 07:28:50] [INFO] [voting_engine] XAUUSD: MTF strongly aligned, boosting score 10%
[2026-06-29 07:28:50] [DEBUG] [hybrid_market_client] Fetching indicators for XAUUSD (QuantDinger only)
[2026-06-29 07:28:50] [DEBUG] [market_client] Candles XAUUSD 4H: 100 bars ✓
[2026-06-29 07:28:50] [DEBUG] [hybrid_market_client] ✓ Got live data from QuantDinger for XAUUSD
[2026-06-29 07:28:50] [DEBUG] [hybrid_market_client] Fetching indicators for XAUUSD (QuantDinger only)
[2026-06-29 07:28:50] [DEBUG] [market_client] Using cached candles for XAUUSD 4H (age: 0s)
[2026-06-29 07:28:50] [DEBUG] [hybrid_market_client] ✓ Got live data from QuantDinger for XAUUSD
[2026-06-29 07:28:50] [INFO] [sltp] SL/TP XAUUSD: entry=4080.0 atr=33.52138 sl=4070.0 tp=4163.80345
[2026-06-29 07:28:50] [INFO] [position_sizing] Position size: 0.1 (equity=73844, risk=0.001, sl_dist=10.00000, score=97, cons_loss=9)
[2026-06-29 07:28:50] [DEBUG] [xgboost_v2] V2 predict: rsi=62.1 atr=33.52138 regime=TRENDING session=asia dir=BUY -> p_win=0.364
[2026-06-29 07:28:50] [INFO] [xgboost_v2] [VERIFY] XGBOOST PREDICTION p_win=0.364 available=True
[2026-06-29 07:28:50] [INFO] [main] [VERIFY][DECISION_TRUTH] bias=bullish score=96.6 confidence=1.0 vote=BUY risk_passed=True sl_tp_calculated=True position_size=0.1 xgboost_p_win=0.36367180943489075 final_decision_valid=False reject_reason=p_win<threshold (p_win=0.364 threshold=0.6)
[2026-06-29 07:28:50] [INFO] [main] --- GBPUSD ---
[2026-06-29 07:28:54] [INFO] [deepseek] DEEPSEEK OK: {
  "impact_score": 60,
  "bias": "bullish",
  "confidence": 0.7,
  "reason": "الاتجاه الصاعد القوي ...
[2026-06-29 07:28:54] [INFO] [deepseek] AI GBPUSD: bias=bullish impact=60.0 conf=0.70
[2026-06-29 07:28:54] [INFO] [signal_engine] [VERIFY] SIGNAL_INPUT bias=bullish score=60.0 confidence=0.7
[2026-06-29 07:28:54] [INFO] [signal_engine] [VERIFY] SIGNAL_RULE rule=confidence>=0.60 actual=0.7 result=True
[2026-06-29 07:28:54] [INFO] [signal_engine] [VERIFY] SIGNAL_RULE rule=score>=55 actual=60.0 result=True
[2026-06-29 07:28:54] [INFO] [signal_engine] [VERIFY] SIGNAL_RULE rule=bias in [bullish,bearish] actual=bullish result=True
[2026-06-29 07:28:54] [INFO] [signal_engine] [VERIFY] SIGNAL_FINAL direction=BUY score=60.0 confidence=0.7 valid=True
[2026-06-29 07:28:54] [DEBUG] [signal_engine] Signal: BUY score=60.0 conf=0.70 strength=متوسط valid=True
[2026-06-29 07:28:54] [DEBUG] [mtf] MTF (snapshot) GBPUSD: H4=bullish H1=bullish M15=bullish aligned=True (strong)
[2026-06-29 07:28:54] [INFO] [main] [VERIFY][DATA_TRUTH] symbol=GBPUSD timeframe=H4/H1/M15 news_fetched=True indicators_fetched=True live_data=True cached=False
[2026-06-29 07:28:54] [INFO] [voting_engine] GBPUSD: MTF strongly aligned, boosting score 10%
[2026-06-29 07:28:54] [INFO] [risk_engine] Risk: Duplicate symbol blocked via MT5 - GBPUSD already has an open position
[2026-06-29 07:28:54] [DEBUG] [hybrid_market_client] Fetching indicators for GBPUSD (QuantDinger only)
[2026-06-29 07:28:54] [DEBUG] [market_client] Candles GBPUSD 4H: 100 bars ✓
[2026-06-29 07:28:54] [DEBUG] [hybrid_market_client] ✓ Got live data from QuantDinger for GBPUSD
[2026-06-29 07:28:54] [DEBUG] [hybrid_market_client] Fetching indicators for GBPUSD (QuantDinger only)
[2026-06-29 07:28:54] [DEBUG] [market_client] Using cached candles for GBPUSD 4H (age: 0s)
[2026-06-29 07:28:54] [DEBUG] [hybrid_market_client] ✓ Got live data from QuantDinger for GBPUSD
[2026-06-29 07:28:54] [INFO] [sltp] SL/TP GBPUSD: entry=1.3196965456008911 atr=0.00250 sl=1.31594 tp=1.32596
[2026-06-29 07:28:54] [INFO] [position_sizing] Position size: 0.5 (equity=73844, risk=0.000, sl_dist=0.00376, score=86, cons_loss=9)
[2026-06-29 07:28:54] [DEBUG] [xgboost_v2] V2 predict: rsi=60.1 atr=0.00250 regime=TRENDING session=asia dir=BUY -> p_win=0.911
[2026-06-29 07:28:54] [INFO] [xgboost_v2] [VERIFY] XGBOOST PREDICTION p_win=0.911 available=True
[2026-06-29 07:28:54] [INFO] [main] [VERIFY][DECISION_TRUTH] bias=bullish score=86.2 confidence=1.0 vote=BUY risk_passed=False sl_tp_calculated=True position_size=0.5 xgboost_p_win=0.9114883542060852 final_decision_valid=False reject_reason=GBPUSD already open
[2026-06-29 07:28:54] [INFO] [adaptive_weights] EURUSD weights updated: {'ai': 0.239, 'trend': 0.239, 'momentum': 0.239, 'sentiment': 0.239, 'volatility': 0.043} | WR=14.3% PF=0
[2026-06-29 07:28:54] [INFO] [adaptive_weights] 🏆 أفضل زوج: EURUSD | WR=14.3% | PnL=190.0$
[2026-06-29 07:28:54] [INFO] [adaptive_weights] ⚠️ أسوأ زوج: XAUUSD | WR=0.0% | PnL=0.0$
[2026-06-29 07:28:54] [INFO] [main] Sleeping 1800s...
[2026-06-29 07:29:39] [INFO] [news_fetcher] Fetched 14 relevant news items
[2026-06-29 07:29:46] [INFO] [news_fetcher] Fetched 14 relevant news items
[2026-06-29 07:29:52] [INFO] [news_fetcher] Fetched 14 relevant news items
[2026-06-29 07:30:00] [INFO] [news_fetcher] Fetched 14 relevant news items
[2026-06-29 07:30:06] [INFO] [news_fetcher] Fetched 14 relevant news items
[2026-06-29 07:30:12] [INFO] [news_fetcher] Fetched 15 relevant news items
[2026-06-29 07:30:18] [INFO] [news_fetcher] Fetched 14 relevant news items
[2026-06-29 07:30:25] [INFO] [news_fetcher] Fetched 14 relevant news items
[2026-06-29 07:30:31] [INFO] [news_fetcher] Fetched 14 relevant news items
[2026-06-29 07:30:31] [INFO] [market_regime_detector] [REGIME] Could not compute ATR from MT5 for EURUSD
[2026-06-29 07:30:31] [INFO] [reconciliation] [REGIME] EURUSD regime=Unknown ATR_multiplier_override=2.0 DynamicTP_tp_ratio_override=0.5 p_win=None
[2026-06-29 07:30:31] [INFO] [reconciliation] [RED_FLAG] EURUSD flags=['trade_health'] count=1 exit_prob=0.0%
[2026-06-29 07:30:31] [INFO] [market_regime_detector] [REGIME] Could not compute ATR from MT5 for EURUSD
[2026-06-29 07:30:31] [INFO] [reconciliation] [REGIME] EURUSD regime=Unknown ATR_multiplier_override=2.0 DynamicTP_tp_ratio_override=0.5 p_win=None
[2026-06-29 07:30:31] [INFO] [reconciliation] [RED_FLAG] EURUSD flags=['trade_health'] count=1 exit_prob=0.0%
[2026-06-29 07:30:31] [INFO] [market_regime_detector] [REGIME] Could not compute ATR from MT5 for EURUSD
[2026-06-29 07:30:31] [INFO] [reconciliation] [REGIME] EURUSD regime=Unknown ATR_multiplier_override=2.0 DynamicTP_tp_ratio_override=0.5 p_win=None
[2026-06-29 07:30:31] [INFO] [reconciliation] [RED_FLAG] EURUSD flags=['trade_health'] count=1 exit_prob=0.0%
[2026-06-29 07:30:31] [INFO] [market_regime_detector] [REGIME] Could not compute ATR from MT5 for EURUSD
[2026-06-29 07:30:31] [INFO] [reconciliation] [REGIME] EURUSD regime=Unknown ATR_multiplier_override=2.0 DynamicTP_tp_ratio_override=0.5 p_win=None
[2026-06-29 07:30:31] [INFO] [reconciliation] [RED_FLAG] EURUSD flags=['trade_health'] count=1 exit_prob=0.0%
[2026-06-29 07:30:31] [INFO] [market_regime_detector] [REGIME] Could not compute ATR from MT5 for EURUSD
[2026-06-29 07:30:31] [INFO] [reconciliation] [REGIME] EURUSD regime=Unknown ATR_multiplier_override=2.0 DynamicTP_tp_ratio_override=0.5 p_win=None
[2026-06-29 07:30:31] [INFO] [reconciliation] [RED_FLAG] EURUSD flags=['trade_health'] count=1 exit_prob=0.0%
[2026-06-29 07:30:31] [INFO] [market_regime_detector] [REGIME] Could not compute ATR from MT5 for EURUSD
[2026-06-29 07:30:31] [INFO] [reconciliation] [REGIME] EURUSD regime=Unknown ATR_multiplier_override=2.0 DynamicTP_tp_ratio_override=0.5 p_win=None
[2026-06-29 07:30:31] [INFO] [reconciliation] [RED_FLAG] EURUSD flags=['trade_health'] count=1 exit_prob=0.0%
[2026-06-29 07:30:31] [INFO] [market_regime_detector] [REGIME] Could not compute ATR from MT5 for EURUSD
[2026-06-29 07:30:31] [INFO] [reconciliation] [REGIME] EURUSD regime=Unknown ATR_multiplier_override=2.0 DynamicTP_tp_ratio_override=0.5 p_win=None
[2026-06-29 07:30:31] [INFO] [reconciliation] [RED_FLAG] EURUSD flags=['trade_health'] count=1 exit_prob=0.0%
[2026-06-29 07:30:31] [INFO] [market_regime_detector] [REGIME] Could not compute ATR from MT5 for GBPUSD
[2026-06-29 07:30:31] [INFO] [reconciliation] [REGIME] GBPUSD regime=Unknown ATR_multiplier_override=2.0 DynamicTP_tp_ratio_override=0.5 p_win=None
[2026-06-29 07:30:31] [INFO] [reconciliation] [RED_FLAG] GBPUSD flags=['trade_health'] count=1 exit_prob=0.0%
[2026-06-29 07:30:31] [INFO] [market_regime_detector] [REGIME] Could not compute ATR from MT5 for EURUSD
[2026-06-29 07:30:31] [INFO] [reconciliation] [REGIME] EURUSD regime=Unknown ATR_multiplier_override=2.0 DynamicTP_tp_ratio_override=0.5 p_win=None
[2026-06-29 07:30:31] [INFO] [reconciliation] [RED_FLAG] EURUSD flags=['trade_health'] count=1 exit_prob=0.0%
[2026-06-29 07:30:37] [INFO] [news_fetcher] Fetched 14 relevant news items
[2026-06-29 07:30:37] [ERROR] [reconciliation] News conflict check error for {'id': '9314935503', 'ticket': '9314935503', 'symbol': 'EURUSD', 'type': 'buy', 'direction': 'buy', 'volume': 0.5, 'price_open': 1.13893, 'sl': 1.13594, 'tp': 1.14467, 'profit': -27.0, 'comment': 'Bot V3', 'price_current': 1.13839}: analyze_news() missing 1 required positional argument: 'snapshot'
[2026-06-29 07:30:37] [ERROR] [reconciliation] News conflict check error for {'id': '9315174919', 'ticket': '9315174919', 'symbol': 'EURUSD', 'type': 'buy', 'direction': 'buy', 'volume': 0.5, 'price_open': 1.13868, 'sl': 1.13581, 'tp': 1.1445400000000001, 'profit': -14.5, 'comment': 'Bot V3', 'price_current': 1.13839}: analyze_news() missing 1 required positional argument: 'snapshot'
[2026-06-29 07:30:37] [ERROR] [reconciliation] News conflict check error for {'id': '9315301988', 'ticket': '9315301988', 'symbol': 'EURUSD', 'type': 'buy', 'direction': 'buy', 'volume': 0.5, 'price_open': 1.13867, 'sl': 1.1356600000000001, 'tp': 1.14443, 'profit': -14.0, 'comment': 'Bot V3', 'price_current': 1.13839}: analyze_news() missing 1 required positional argument: 'snapshot'
[2026-06-29 07:30:37] [ERROR] [reconciliation] News conflict check error for {'id': '9315434623', 'ticket': '9315434623', 'symbol': 'EURUSD', 'type': 'buy', 'direction': 'buy', 'volume': 0.5, 'price_open': 1.13846, 'sl': 1.1353900000000001, 'tp': 1.1442, 'profit': -3.5, 'comment': 'Bot V3', 'price_current': 1.13839}: analyze_news() missing 1 required positional argument: 'snapshot'
[2026-06-29 07:30:37] [ERROR] [reconciliation] News conflict check error for {'id': '9315462713', 'ticket': '9315462713', 'symbol': 'EURUSD', 'type': 'buy', 'direction': 'buy', 'volume': 0.5, 'price_open': 1.1384400000000001, 'sl': 1.1353900000000001, 'tp': 1.1442, 'profit': -2.5, 'comment': 'Bot V3', 'price_current': 1.13839}: analyze_news() missing 1 required positional argument: 'snapshot'
[2026-06-29 07:30:37] [ERROR] [reconciliation] News conflict check error for {'id': '9315542721', 'ticket': '9315542721', 'symbol': 'EURUSD', 'type': 'buy', 'direction': 'buy', 'volume': 0.5, 'price_open': 1.13834, 'sl': 1.1353900000000001, 'tp': 1.1442, 'profit': 2.5, 'comment': 'Bot V3', 'price_current': 1.13839}: analyze_news() missing 1 required positional argument: 'snapshot'
[2026-06-29 07:30:37] [ERROR] [reconciliation] News conflict check error for {'id': '9315589724', 'ticket': '9315589724', 'symbol': 'EURUSD', 'type': 'buy', 'direction': 'buy', 'volume': 0.5, 'price_open': 1.1384, 'sl': 1.1353900000000001, 'tp': 1.1442, 'profit': -0.5, 'comment': 'Bot V3', 'price_current': 1.13839}: analyze_news() missing 1 required positional argument: 'snapshot'
[2026-06-29 07:30:37] [ERROR] [reconciliation] News conflict check error for {'id': '9316027720', 'ticket': '9316027720', 'symbol': 'EURUSD', 'type': 'buy', 'direction': 'buy', 'volume': 0.5, 'price_open': 1.13837, 'sl': 1.1351, 'tp': 1.14398, 'profit': 1.0, 'comment': 'Bot V3', 'price_current': 1.13839}: analyze_news() missing 1 required positional argument: 'snapshot'
[2026-06-29 07:30:37] [WARNING] [reconciliation] Unknown position in QD: 9314935503 EURUSD
[2026-06-29 07:30:37] [WARNING] [reconciliation] Unknown position in QD: 9315174919 EURUSD
[2026-06-29 07:30:37] [WARNING] [reconciliation] Unknown position in QD: 9315301988 EURUSD
[2026-06-29 07:30:37] [WARNING] [reconciliation] Unknown position in QD: 9315434623 EURUSD
[2026-06-29 07:30:37] [WARNING] [reconciliation] Unknown position in QD: 9315462713 EURUSD
[2026-06-29 07:30:37] [WARNING] [reconciliation] Unknown position in QD: 9315542721 EURUSD
[2026-06-29 07:30:37] [WARNING] [reconciliation] Unknown position in QD: 9315589724 EURUSD
[2026-06-29 07:30:37] [WARNING] [reconciliation] Unknown position in QD: 9315928433 GBPUSD
[2026-06-29 07:30:37] [INFO] [reconciliation] Reconciliation: {'db_count': 1, 'qd_count': 9, 'fixes': 0, 'mismatches': ['QD orphan: 9314935503', 'QD orphan: 9315174919', 'QD orphan: 9315301988', 'QD orphan: 9315434623', 'QD orphan: 9315462713', 'QD orphan: 9315542721', 'QD orphan: 9315589724', 'QD orphan: 9315928433']}
[2026-06-29 07:31:37] [WARNING] [reconciliation] Orphan trade in DB (no longer in QD): trade_id=33 order_id=9316027720
[2026-06-29 07:31:37] [ERROR] [reconciliation] Reconciliation error: cannot access local variable 'upsert_execution_actual' where it is not associated with a value
[2026-06-29 07:40:05] [INFO] [main] Trading Bot V3 starting...
[2026-06-29 07:40:05] [INFO] [database] V3 Database initialized with all tables
[2026-06-29 07:40:05] [INFO] [qd_client] Logged in to QuantDinger
[2026-06-29 07:40:05] [INFO] [qd_client] MT5 connected
[2026-06-29 07:40:05] [INFO] [main] MT5 connected
[2026-06-29 07:40:05] [INFO] [telegram_bot] Telegram polling started
[2026-06-29 07:40:05] [INFO] [telegram_bot] Telegram bot V3 started
[2026-06-29 07:40:05] [INFO] [mt5_watchdog] MT5 watchdog started (V1 reconnect logic)
[2026-06-29 07:40:05] [INFO] [reconciliation] Reconciliation loop started (every 60s)
[2026-06-29 07:40:05] [INFO] [reconciliation] Reconciliation thread started
[2026-06-29 07:40:06] [INFO] [main] ==================================================
[2026-06-29 07:40:06] [INFO] [main] Cycle 1 at 07:40:06
[2026-06-29 07:40:15] [INFO] [news_fetcher] Fetched 14 relevant news items
[2026-06-29 07:40:15] [INFO] [main] Equity: 73881.60$ | News: 14
[2026-06-29 07:40:15] [DEBUG] [hybrid_market_client] Fetching indicators for EURUSD (QuantDinger only)
[2026-06-29 07:40:16] [DEBUG] [market_client] Candles EURUSD 4H: 100 bars ✓
[2026-06-29 07:40:16] [DEBUG] [hybrid_market_client] ✓ Got live data from QuantDinger for EURUSD
[2026-06-29 07:40:16] [DEBUG] [hybrid_market_client] Fetching indicators for EURUSD (QuantDinger only)
[2026-06-29 07:40:16] [DEBUG] [market_client] Candles EURUSD 4H: 100 bars ✓
[2026-06-29 07:40:16] [DEBUG] [hybrid_market_client] ✓ Got live data from QuantDinger for EURUSD
[2026-06-29 07:40:16] [DEBUG] [hybrid_market_client] Fetching indicators for EURUSD (QuantDinger only)
[2026-06-29 07:40:16] [DEBUG] [market_client] Candles EURUSD 4H: 100 bars ✓
[2026-06-29 07:40:16] [DEBUG] [hybrid_market_client] ✓ Got live data from QuantDinger for EURUSD
[2026-06-29 07:40:16] [INFO] [market_snapshot_builder] [SNAPSHOT_BUILT] symbol=EURUSD tfs=H4,H1,M15
[2026-06-29 07:40:16] [DEBUG] [hybrid_market_client] Fetching indicators for XAUUSD (QuantDinger only)
[2026-06-29 07:40:16] [DEBUG] [market_client] Candles XAUUSD 4H: 100 bars ✓
[2026-06-29 07:40:16] [DEBUG] [hybrid_market_client] ✓ Got live data from QuantDinger for XAUUSD
[2026-06-29 07:40:16] [DEBUG] [hybrid_market_client] Fetching indicators for XAUUSD (QuantDinger only)
[2026-06-29 07:40:16] [DEBUG] [market_client] Candles XAUUSD 4H: 100 bars ✓
[2026-06-29 07:40:16] [DEBUG] [hybrid_market_client] ✓ Got live data from QuantDinger for XAUUSD
[2026-06-29 07:40:16] [DEBUG] [hybrid_market_client] Fetching indicators for XAUUSD (QuantDinger only)
[2026-06-29 07:40:16] [DEBUG] [market_client] Candles XAUUSD 4H: 100 bars ✓
[2026-06-29 07:40:16] [DEBUG] [hybrid_market_client] ✓ Got live data from QuantDinger for XAUUSD
[2026-06-29 07:40:16] [INFO] [market_snapshot_builder] [SNAPSHOT_BUILT] symbol=XAUUSD tfs=H4,H1,M15
[2026-06-29 07:40:16] [DEBUG] [hybrid_market_client] Fetching indicators for GBPUSD (QuantDinger only)
[2026-06-29 07:40:16] [DEBUG] [market_client] Candles GBPUSD 4H: 100 bars ✓
[2026-06-29 07:40:16] [DEBUG] [hybrid_market_client] ✓ Got live data from QuantDinger for GBPUSD
[2026-06-29 07:40:16] [DEBUG] [hybrid_market_client] Fetching indicators for GBPUSD (QuantDinger only)
[2026-06-29 07:40:16] [DEBUG] [market_client] Candles GBPUSD 4H: 100 bars ✓
[2026-06-29 07:40:16] [DEBUG] [hybrid_market_client] ✓ Got live data from QuantDinger for GBPUSD
[2026-06-29 07:40:16] [DEBUG] [hybrid_market_client] Fetching indicators for GBPUSD (QuantDinger only)
[2026-06-29 07:40:16] [DEBUG] [market_client] Candles GBPUSD 4H: 100 bars ✓
[2026-06-29 07:40:16] [DEBUG] [hybrid_market_client] ✓ Got live data from QuantDinger for GBPUSD
[2026-06-29 07:40:16] [INFO] [market_snapshot_builder] [SNAPSHOT_BUILT] symbol=GBPUSD tfs=H4,H1,M15
[2026-06-29 07:40:16] [INFO] [main] --- EURUSD ---
[2026-06-29 07:40:20] [INFO] [deepseek] DEEPSEEK OK: {"impact_score": 75, "bias": "bullish", "confidence": 0.85, "reason": "السياق الفني يدعم الاتجاه الص...
[2026-06-29 07:40:20] [INFO] [deepseek] AI EURUSD: bias=bullish impact=75.0 conf=0.85
[2026-06-29 07:40:20] [INFO] [signal_engine] [VERIFY] SIGNAL_INPUT bias=bullish score=75.0 confidence=0.85
[2026-06-29 07:40:20] [INFO] [signal_engine] [VERIFY] SIGNAL_RULE rule=confidence>=0.60 actual=0.85 result=True
[2026-06-29 07:40:20] [INFO] [signal_engine] [VERIFY] SIGNAL_RULE rule=score>=55 actual=75.0 result=True
[2026-06-29 07:40:20] [INFO] [signal_engine] [VERIFY] SIGNAL_RULE rule=bias in [bullish,bearish] actual=bullish result=True
[2026-06-29 07:40:20] [INFO] [signal_engine] [VERIFY] SIGNAL_FINAL direction=BUY score=75.0 confidence=0.85 valid=True
[2026-06-29 07:40:20] [DEBUG] [signal_engine] Signal: BUY score=75.0 conf=0.85 strength=قوي valid=True
[2026-06-29 07:40:20] [INFO] [sentiment] Sentiment EURUSD: bullish score=100 bull=1 bear=0
[2026-06-29 07:40:20] [DEBUG] [mtf] MTF (snapshot) EURUSD: H4=bullish H1=bullish M15=bullish aligned=True (strong)
[2026-06-29 07:40:20] [INFO] [main] [VERIFY][DATA_TRUTH] symbol=EURUSD timeframe=H4/H1/M15 news_fetched=True indicators_fetched=True live_data=True cached=False
[2026-06-29 07:40:20] [INFO] [voting_engine] EURUSD: MTF strongly aligned, boosting score 10%
[2026-06-29 07:40:20] [WARNING] [risk_engine] Risk: Consecutive losses limit exceeded (EURUSD BUY) - Consecutive losses: 10
[2026-06-29 07:40:20] [DEBUG] [hybrid_market_client] Fetching indicators for EURUSD (QuantDinger only)
[2026-06-29 07:40:20] [DEBUG] [market_client] Candles EURUSD 4H: 100 bars ✓
[2026-06-29 07:40:20] [DEBUG] [hybrid_market_client] ✓ Got live data from QuantDinger for EURUSD
[2026-06-29 07:40:20] [DEBUG] [hybrid_market_client] Fetching indicators for EURUSD (QuantDinger only)
[2026-06-29 07:40:20] [DEBUG] [market_client] Using cached candles for EURUSD 4H (age: 0s)
[2026-06-29 07:40:20] [DEBUG] [hybrid_market_client] ✓ Got live data from QuantDinger for EURUSD
[2026-06-29 07:40:20] [INFO] [sltp] SL/TP EURUSD: entry=1.1388224363327026 atr=0.00222 sl=1.13549 tp=1.14437
[2026-06-29 07:40:20] [INFO] [position_sizing] Position size: 0.5 (equity=73882, risk=0.001, sl_dist=0.00333, score=100, cons_loss=10)
[2026-06-29 07:40:20] [INFO] [xgboost_v2] [VERIFY] XGBOOST MODEL LOADED path=models/xgb_model.json available=True
[2026-06-29 07:40:20] [INFO] [xgboost_v2] XGBoost v2 model loaded successfully
[2026-06-29 07:40:20] [DEBUG] [xgboost_v2] V2 predict: rsi=60.5 atr=0.00222 regime=TRENDING session=asia dir=BUY -> p_win=0.744
[2026-06-29 07:40:20] [INFO] [xgboost_v2] [VERIFY] XGBOOST PREDICTION p_win=0.744 available=True
[2026-06-29 07:40:20] [INFO] [main] [VERIFY][DECISION_TRUTH] bias=bullish score=100 confidence=1.0 vote=BUY risk_passed=False sl_tp_calculated=True position_size=0.5 xgboost_p_win=0.7440381646156311 final_decision_valid=False reject_reason=Consecutive losses: 10
[2026-06-29 07:40:20] [INFO] [main] --- XAUUSD ---
[2026-06-29 07:40:24] [INFO] [deepseek] DEEPSEEK OK: {
  "impact_score": 75,
  "bias": "bullish",
  "confidence": 0.85,
  "reason": "اتجاه صاعد قوي على ج...
[2026-06-29 07:40:24] [INFO] [deepseek] AI XAUUSD: bias=bullish impact=75.0 conf=0.85
[2026-06-29 07:40:24] [INFO] [signal_engine] [VERIFY] SIGNAL_INPUT bias=bullish score=75.0 confidence=0.85
[2026-06-29 07:40:24] [INFO] [signal_engine] [VERIFY] SIGNAL_RULE rule=confidence>=0.60 actual=0.85 result=True
[2026-06-29 07:40:24] [INFO] [signal_engine] [VERIFY] SIGNAL_RULE rule=score>=55 actual=75.0 result=True
[2026-06-29 07:40:24] [INFO] [signal_engine] [VERIFY] SIGNAL_RULE rule=bias in [bullish,bearish] actual=bullish result=True
[2026-06-29 07:40:24] [INFO] [signal_engine] [VERIFY] SIGNAL_FINAL direction=BUY score=75.0 confidence=0.85 valid=True
[2026-06-29 07:40:24] [DEBUG] [signal_engine] Signal: BUY score=75.0 conf=0.85 strength=قوي valid=True
[2026-06-29 07:40:24] [INFO] [sentiment] Sentiment XAUUSD: bearish score=83 bull=1 bear=2
[2026-06-29 07:40:24] [DEBUG] [mtf] MTF (snapshot) XAUUSD: H4=bullish H1=bullish M15=bullish aligned=True (strong)
[2026-06-29 07:40:24] [INFO] [main] [VERIFY][DATA_TRUTH] symbol=XAUUSD timeframe=H4/H1/M15 news_fetched=True indicators_fetched=True live_data=True cached=False
[2026-06-29 07:40:24] [INFO] [voting_engine] XAUUSD: MTF strongly aligned, boosting score 10%
[2026-06-29 07:40:24] [WARNING] [risk_engine] Risk: Consecutive losses limit exceeded (XAUUSD BUY) - Consecutive losses: 10
[2026-06-29 07:40:24] [DEBUG] [hybrid_market_client] Fetching indicators for XAUUSD (QuantDinger only)
[2026-06-29 07:40:24] [DEBUG] [market_client] Candles XAUUSD 4H: 100 bars ✓
[2026-06-29 07:40:24] [DEBUG] [hybrid_market_client] ✓ Got live data from QuantDinger for XAUUSD
[2026-06-29 07:40:24] [DEBUG] [hybrid_market_client] Fetching indicators for XAUUSD (QuantDinger only)
[2026-06-29 07:40:24] [DEBUG] [market_client] Using cached candles for XAUUSD 4H (age: 0s)
[2026-06-29 07:40:24] [DEBUG] [hybrid_market_client] ✓ Got live data from QuantDinger for XAUUSD
[2026-06-29 07:40:24] [INFO] [sltp] SL/TP XAUUSD: entry=4078.89990234375 atr=33.52138 sl=4068.8999 tp=4162.70335
[2026-06-29 07:40:24] [INFO] [position_sizing] Position size: 0.1 (equity=73882, risk=0.001, sl_dist=10.00000, score=100, cons_loss=10)
[2026-06-29 07:40:24] [DEBUG] [xgboost_v2] V2 predict: rsi=62.0 atr=33.52138 regime=TRENDING session=asia dir=BUY -> p_win=0.364
[2026-06-29 07:40:24] [INFO] [xgboost_v2] [VERIFY] XGBOOST PREDICTION p_win=0.364 available=True
[2026-06-29 07:40:24] [INFO] [main] [VERIFY][DECISION_TRUTH] bias=bullish score=100 confidence=1.0 vote=BUY risk_passed=False sl_tp_calculated=True position_size=0.1 xgboost_p_win=0.36367180943489075 final_decision_valid=False reject_reason=p_win<threshold (p_win=0.364 threshold=0.6)
[2026-06-29 07:40:24] [INFO] [main] --- GBPUSD ---
[2026-06-29 07:40:27] [INFO] [deepseek] DEEPSEEK OK: {"impact_score": 65, "bias": "bullish", "confidence": 0.7, "reason": "سياق السوق يظهر اتجاه صاعد في ...
[2026-06-29 07:40:27] [INFO] [deepseek] AI GBPUSD: bias=bullish impact=65.0 conf=0.70
[2026-06-29 07:40:27] [INFO] [signal_engine] [VERIFY] SIGNAL_INPUT bias=bullish score=65.0 confidence=0.7
[2026-06-29 07:40:27] [INFO] [signal_engine] [VERIFY] SIGNAL_RULE rule=confidence>=0.60 actual=0.7 result=True
[2026-06-29 07:40:27] [INFO] [signal_engine] [VERIFY] SIGNAL_RULE rule=score>=55 actual=65.0 result=True
[2026-06-29 07:40:27] [INFO] [signal_engine] [VERIFY] SIGNAL_RULE rule=bias in [bullish,bearish] actual=bullish result=True
[2026-06-29 07:40:27] [INFO] [signal_engine] [VERIFY] SIGNAL_FINAL direction=BUY score=65.0 confidence=0.7 valid=True
[2026-06-29 07:40:27] [DEBUG] [signal_engine] Signal: BUY score=65.0 conf=0.70 strength=متوسط valid=True
[2026-06-29 07:40:27] [DEBUG] [mtf] MTF (snapshot) GBPUSD: H4=bullish H1=bullish M15=bullish aligned=True (strong)
[2026-06-29 07:40:27] [INFO] [main] [VERIFY][DATA_TRUTH] symbol=GBPUSD timeframe=H4/H1/M15 news_fetched=True indicators_fetched=True live_data=True cached=False
[2026-06-29 07:40:27] [INFO] [voting_engine] GBPUSD: MTF strongly aligned, boosting score 10%
[2026-06-29 07:40:27] [WARNING] [risk_engine] Risk: Consecutive losses limit exceeded (GBPUSD BUY) - Consecutive losses: 10
[2026-06-29 07:40:27] [DEBUG] [hybrid_market_client] Fetching indicators for GBPUSD (QuantDinger only)
[2026-06-29 07:40:27] [DEBUG] [market_client] Candles GBPUSD 4H: 100 bars ✓
[2026-06-29 07:40:27] [DEBUG] [hybrid_market_client] ✓ Got live data from QuantDinger for GBPUSD
[2026-06-29 07:40:27] [DEBUG] [hybrid_market_client] Fetching indicators for GBPUSD (QuantDinger only)
[2026-06-29 07:40:27] [DEBUG] [market_client] Using cached candles for GBPUSD 4H (age: 0s)
[2026-06-29 07:40:27] [DEBUG] [hybrid_market_client] ✓ Got live data from QuantDinger for GBPUSD
[2026-06-29 07:40:27] [INFO] [sltp] SL/TP GBPUSD: entry=1.3200448751449585 atr=0.00250 sl=1.31629 tp=1.32631
[2026-06-29 07:40:27] [INFO] [position_sizing] Position size: 0.5 (equity=73882, risk=0.000, sl_dist=0.00375, score=89, cons_loss=10)
[2026-06-29 07:40:27] [DEBUG] [xgboost_v2] V2 predict: rsi=61.5 atr=0.00250 regime=TRENDING session=asia dir=BUY -> p_win=0.911
[2026-06-29 07:40:27] [INFO] [xgboost_v2] [VERIFY] XGBOOST PREDICTION p_win=0.911 available=True
[2026-06-29 07:40:27] [INFO] [main] [VERIFY][DECISION_TRUTH] bias=bullish score=88.6 confidence=1.0 vote=BUY risk_passed=False sl_tp_calculated=True position_size=0.5 xgboost_p_win=0.9114883542060852 final_decision_valid=False reject_reason=Consecutive losses: 10
[2026-06-29 07:40:27] [INFO] [adaptive_weights] EURUSD weights updated: {'ai': 0.239, 'trend': 0.239, 'momentum': 0.239, 'sentiment': 0.239, 'volatility': 0.043} | WR=13.6% PF=0
[2026-06-29 07:40:27] [INFO] [adaptive_weights] 🏆 أفضل زوج: EURUSD | WR=13.6% | PnL=190.0$
[2026-06-29 07:40:27] [INFO] [adaptive_weights] ⚠️ أسوأ زوج: XAUUSD | WR=0.0% | PnL=0.0$
[2026-06-29 07:40:27] [INFO] [main] Sleeping 1800s...
[2026-06-29 07:41:13] [INFO] [news_fetcher] Fetched 14 relevant news items
[2026-06-29 07:41:20] [INFO] [news_fetcher] Fetched 14 relevant news items
[2026-06-29 07:41:26] [INFO] [news_fetcher] Fetched 14 relevant news items
[2026-06-29 07:41:34] [INFO] [news_fetcher] Fetched 14 relevant news items
[2026-06-29 07:41:40] [INFO] [news_fetcher] Fetched 14 relevant news items
[2026-06-29 07:41:47] [INFO] [news_fetcher] Fetched 15 relevant news items
[2026-06-29 07:41:54] [INFO] [news_fetcher] Fetched 15 relevant news items
[2026-06-29 07:42:02] [INFO] [news_fetcher] Fetched 14 relevant news items
[2026-06-29 07:42:09] [INFO] [news_fetcher] Fetched 15 relevant news items
[2026-06-29 07:42:09] [INFO] [market_regime_detector] [REGIME] Could not compute ATR from MT5 for EURUSD
[2026-06-29 07:42:09] [INFO] [reconciliation] [REGIME] EURUSD regime=Unknown ATR_multiplier_override=2.0 DynamicTP_tp_ratio_override=0.5 p_win=None
[2026-06-29 07:42:09] [INFO] [reconciliation] [RED_FLAG] EURUSD flags=['trade_health'] count=1 exit_prob=0.0%
[2026-06-29 07:42:09] [INFO] [market_regime_detector] [REGIME] Could not compute ATR from MT5 for EURUSD
[2026-06-29 07:42:09] [INFO] [reconciliation] [REGIME] EURUSD regime=Unknown ATR_multiplier_override=2.0 DynamicTP_tp_ratio_override=0.5 p_win=None
[2026-06-29 07:42:09] [INFO] [reconciliation] [RED_FLAG] EURUSD flags=['trade_health'] count=1 exit_prob=0.0%
[2026-06-29 07:42:09] [INFO] [market_regime_detector] [REGIME] Could not compute ATR from MT5 for EURUSD
[2026-06-29 07:42:09] [INFO] [reconciliation] [REGIME] EURUSD regime=Unknown ATR_multiplier_override=2.0 DynamicTP_tp_ratio_override=0.5 p_win=None
[2026-06-29 07:42:09] [INFO] [reconciliation] [RED_FLAG] EURUSD flags=['trade_health'] count=1 exit_prob=0.0%
[2026-06-29 07:42:09] [INFO] [market_regime_detector] [REGIME] Could not compute ATR from MT5 for EURUSD
[2026-06-29 07:42:09] [INFO] [reconciliation] [REGIME] EURUSD regime=Unknown ATR_multiplier_override=2.0 DynamicTP_tp_ratio_override=0.5 p_win=None
[2026-06-29 07:42:09] [INFO] [reconciliation] [RED_FLAG] EURUSD flags=['trade_health'] count=1 exit_prob=0.0%
[2026-06-29 07:42:09] [INFO] [market_regime_detector] [REGIME] Could not compute ATR from MT5 for EURUSD
[2026-06-29 07:42:09] [INFO] [reconciliation] [REGIME] EURUSD regime=Unknown ATR_multiplier_override=2.0 DynamicTP_tp_ratio_override=0.5 p_win=None
[2026-06-29 07:42:09] [INFO] [reconciliation] [RED_FLAG] EURUSD flags=['trade_health'] count=1 exit_prob=0.0%
[2026-06-29 07:42:09] [INFO] [market_regime_detector] [REGIME] Could not compute ATR from MT5 for EURUSD
[2026-06-29 07:42:09] [INFO] [reconciliation] [REGIME] EURUSD regime=Unknown ATR_multiplier_override=2.0 DynamicTP_tp_ratio_override=0.5 p_win=None
[2026-06-29 07:42:09] [INFO] [reconciliation] [RED_FLAG] EURUSD flags=['trade_health'] count=1 exit_prob=0.0%
[2026-06-29 07:42:09] [INFO] [market_regime_detector] [REGIME] Could not compute ATR from MT5 for EURUSD
[2026-06-29 07:42:09] [INFO] [reconciliation] [REGIME] EURUSD regime=Unknown ATR_multiplier_override=2.0 DynamicTP_tp_ratio_override=0.5 p_win=None
[2026-06-29 07:42:09] [INFO] [reconciliation] [RED_FLAG] EURUSD flags=['trade_health'] count=1 exit_prob=0.0%
[2026-06-29 07:42:09] [INFO] [market_regime_detector] [REGIME] Could not compute ATR from MT5 for GBPUSD
[2026-06-29 07:42:09] [INFO] [reconciliation] [REGIME] GBPUSD regime=Unknown ATR_multiplier_override=2.0 DynamicTP_tp_ratio_override=0.5 p_win=None
[2026-06-29 07:42:09] [INFO] [reconciliation] [RED_FLAG] GBPUSD flags=['trade_health'] count=1 exit_prob=0.0%
[2026-06-29 07:42:09] [INFO] [market_regime_detector] [REGIME] Could not compute ATR from MT5 for EURUSD
[2026-06-29 07:42:09] [INFO] [reconciliation] [REGIME] EURUSD regime=Unknown ATR_multiplier_override=2.0 DynamicTP_tp_ratio_override=0.5 p_win=None
[2026-06-29 07:42:09] [INFO] [reconciliation] [RED_FLAG] EURUSD flags=['trade_health'] count=1 exit_prob=0.0%
[2026-06-29 07:42:16] [INFO] [news_fetcher] Fetched 14 relevant news items
[2026-06-29 07:42:16] [ERROR] [reconciliation] News conflict check error for {'id': '9314935503', 'ticket': '9314935503', 'symbol': 'EURUSD', 'type': 'buy', 'direction': 'buy', 'volume': 0.5, 'price_open': 1.13893, 'sl': 1.13594, 'tp': 1.14467, 'profit': -24.0, 'comment': 'Bot V3', 'price_current': 1.13845}: analyze_news() missing 1 required positional argument: 'snapshot'
[2026-06-29 07:42:16] [ERROR] [reconciliation] News conflict check error for {'id': '9315174919', 'ticket': '9315174919', 'symbol': 'EURUSD', 'type': 'buy', 'direction': 'buy', 'volume': 0.5, 'price_open': 1.13868, 'sl': 1.13581, 'tp': 1.1445400000000001, 'profit': -11.5, 'comment': 'Bot V3', 'price_current': 1.13845}: analyze_news() missing 1 required positional argument: 'snapshot'
[2026-06-29 07:42:16] [ERROR] [reconciliation] News conflict check error for {'id': '9315301988', 'ticket': '9315301988', 'symbol': 'EURUSD', 'type': 'buy', 'direction': 'buy', 'volume': 0.5, 'price_open': 1.13867, 'sl': 1.1356600000000001, 'tp': 1.14443, 'profit': -11.0, 'comment': 'Bot V3', 'price_current': 1.13845}: analyze_news() missing 1 required positional argument: 'snapshot'
[2026-06-29 07:42:16] [ERROR] [reconciliation] News conflict check error for {'id': '9315434623', 'ticket': '9315434623', 'symbol': 'EURUSD', 'type': 'buy', 'direction': 'buy', 'volume': 0.5, 'price_open': 1.13846, 'sl': 1.1353900000000001, 'tp': 1.1442, 'profit': -0.5, 'comment': 'Bot V3', 'price_current': 1.13845}: analyze_news() missing 1 required positional argument: 'snapshot'
[2026-06-29 07:42:16] [ERROR] [reconciliation] News conflict check error for {'id': '9315462713', 'ticket': '9315462713', 'symbol': 'EURUSD', 'type': 'buy', 'direction': 'buy', 'volume': 0.5, 'price_open': 1.1384400000000001, 'sl': 1.1353900000000001, 'tp': 1.1442, 'profit': 0.5, 'comment': 'Bot V3', 'price_current': 1.13845}: analyze_news() missing 1 required positional argument: 'snapshot'
[2026-06-29 07:42:16] [ERROR] [reconciliation] News conflict check error for {'id': '9315542721', 'ticket': '9315542721', 'symbol': 'EURUSD', 'type': 'buy', 'direction': 'buy', 'volume': 0.5, 'price_open': 1.13834, 'sl': 1.1353900000000001, 'tp': 1.1442, 'profit': 5.5, 'comment': 'Bot V3', 'price_current': 1.13845}: analyze_news() missing 1 required positional argument: 'snapshot'
[2026-06-29 07:42:16] [ERROR] [reconciliation] News conflict check error for {'id': '9315589724', 'ticket': '9315589724', 'symbol': 'EURUSD', 'type': 'buy', 'direction': 'buy', 'volume': 0.5, 'price_open': 1.1384, 'sl': 1.1353900000000001, 'tp': 1.1442, 'profit': 2.5, 'comment': 'Bot V3', 'price_current': 1.13845}: analyze_news() missing 1 required positional argument: 'snapshot'
[2026-06-29 07:42:16] [ERROR] [reconciliation] News conflict check error for {'id': '9315928433', 'ticket': '9315928433', 'symbol': 'GBPUSD', 'type': 'buy', 'direction': 'buy', 'volume': 0.75, 'price_open': 1.31976, 'sl': 1.3159399999999999, 'tp': 1.32596, 'profit': 12.0, 'comment': 'Bot V3', 'price_current': 1.31992}: analyze_news() missing 1 required positional argument: 'snapshot'
[2026-06-29 07:42:16] [ERROR] [reconciliation] News conflict check error for {'id': '9316027720', 'ticket': '9316027720', 'symbol': 'EURUSD', 'type': 'buy', 'direction': 'buy', 'volume': 0.5, 'price_open': 1.13837, 'sl': 1.1351, 'tp': 1.14398, 'profit': 4.0, 'comment': 'Bot V3', 'price_current': 1.13845}: analyze_news() missing 1 required positional argument: 'snapshot'
[2026-06-29 07:42:16] [WARNING] [reconciliation] Unknown position in QD: 9314935503 EURUSD
[2026-06-29 07:42:16] [WARNING] [reconciliation] Unknown position in QD: 9315174919 EURUSD
[2026-06-29 07:42:16] [WARNING] [reconciliation] Unknown position in QD: 9315301988 EURUSD
[2026-06-29 07:42:16] [WARNING] [reconciliation] Unknown position in QD: 9315434623 EURUSD
[2026-06-29 07:42:16] [WARNING] [reconciliation] Unknown position in QD: 9315462713 EURUSD
[2026-06-29 07:42:16] [WARNING] [reconciliation] Unknown position in QD: 9315542721 EURUSD
[2026-06-29 07:42:16] [WARNING] [reconciliation] Unknown position in QD: 9315589724 EURUSD
[2026-06-29 07:42:16] [WARNING] [reconciliation] Unknown position in QD: 9315928433 GBPUSD
[2026-06-29 07:42:16] [WARNING] [reconciliation] Unknown position in QD: 9316027720 EURUSD
[2026-06-29 07:42:16] [INFO] [reconciliation] Reconciliation: {'db_count': 0, 'qd_count': 9, 'fixes': 0, 'mismatches': ['QD orphan: 9314935503', 'QD orphan: 9315174919', 'QD orphan: 9315301988', 'QD orphan: 9315434623', 'QD orphan: 9315462713', 'QD orphan: 9315542721', 'QD orphan: 9315589724', 'QD orphan: 9315928433', 'QD orphan: 9316027720']}
[2026-06-29 07:55:25] [INFO] [news_fetcher] Fetched 14 relevant news items
[2026-06-29 07:55:31] [INFO] [news_fetcher] Fetched 14 relevant news items
[2026-06-29 07:55:38] [INFO] [news_fetcher] Fetched 14 relevant news items
[2026-06-29 07:55:45] [INFO] [news_fetcher] Fetched 15 relevant news items
[2026-06-29 07:55:52] [INFO] [news_fetcher] Fetched 14 relevant news items
[2026-06-29 07:55:58] [INFO] [news_fetcher] Fetched 14 relevant news items
[2026-06-29 07:56:06] [INFO] [news_fetcher] Fetched 14 relevant news items
[2026-06-29 07:56:12] [INFO] [news_fetcher] Fetched 14 relevant news items
[2026-06-29 07:56:19] [INFO] [news_fetcher] Fetched 14 relevant news items
[2026-06-29 07:56:19] [INFO] [market_regime_detector] [REGIME] Could not compute ATR from MT5 for EURUSD
[2026-06-29 07:56:19] [INFO] [reconciliation] [REGIME] EURUSD regime=Unknown ATR_multiplier_override=2.0 DynamicTP_tp_ratio_override=0.5 p_win=None
[2026-06-29 07:56:19] [INFO] [reconciliation] [RED_FLAG] EURUSD flags=['trade_health'] count=1 exit_prob=0.0%
[2026-06-29 07:56:19] [INFO] [market_regime_detector] [REGIME] Could not compute ATR from MT5 for EURUSD
[2026-06-29 07:56:19] [INFO] [reconciliation] [REGIME] EURUSD regime=Unknown ATR_multiplier_override=2.0 DynamicTP_tp_ratio_override=0.5 p_win=None
[2026-06-29 07:56:19] [INFO] [reconciliation] [RED_FLAG] EURUSD flags=['trade_health'] count=1 exit_prob=0.0%
[2026-06-29 07:56:19] [INFO] [market_regime_detector] [REGIME] Could not compute ATR from MT5 for EURUSD
[2026-06-29 07:56:19] [INFO] [reconciliation] [REGIME] EURUSD regime=Unknown ATR_multiplier_override=2.0 DynamicTP_tp_ratio_override=0.5 p_win=None
[2026-06-29 07:56:19] [INFO] [reconciliation] [RED_FLAG] EURUSD flags=['trade_health'] count=1 exit_prob=0.0%
[2026-06-29 07:56:19] [INFO] [market_regime_detector] [REGIME] Could not compute ATR from MT5 for EURUSD
[2026-06-29 07:56:19] [INFO] [reconciliation] [REGIME] EURUSD regime=Unknown ATR_multiplier_override=2.0 DynamicTP_tp_ratio_override=0.5 p_win=None
[2026-06-29 07:56:19] [INFO] [reconciliation] [RED_FLAG] EURUSD flags=['trade_health'] count=1 exit_prob=0.0%
[2026-06-29 07:56:19] [INFO] [market_regime_detector] [REGIME] Could not compute ATR from MT5 for EURUSD
[2026-06-29 07:56:19] [INFO] [reconciliation] [REGIME] EURUSD regime=Unknown ATR_multiplier_override=2.0 DynamicTP_tp_ratio_override=0.5 p_win=None
[2026-06-29 07:56:19] [WARNING] [profit_decay_detector] Profit decay triggered: order=9315462713 current=-13.00 peak=0.50 threshold=0.7
[2026-06-29 07:56:19] [INFO] [reconciliation] [RED_FLAG] EURUSD flags=['trade_health'] count=1 exit_prob=0.0%
[2026-06-29 07:56:19] [INFO] [market_regime_detector] [REGIME] Could not compute ATR from MT5 for EURUSD
[2026-06-29 07:56:19] [INFO] [reconciliation] [REGIME] EURUSD regime=Unknown ATR_multiplier_override=2.0 DynamicTP_tp_ratio_override=0.5 p_win=None
[2026-06-29 07:56:19] [WARNING] [profit_decay_detector] Profit decay triggered: order=9315542721 current=-8.00 peak=5.50 threshold=0.7
[2026-06-29 07:56:19] [INFO] [reconciliation] [RED_FLAG] EURUSD flags=['trade_health'] count=1 exit_prob=0.0%
[2026-06-29 07:56:19] [INFO] [market_regime_detector] [REGIME] Could not compute ATR from MT5 for EURUSD
[2026-06-29 07:56:19] [INFO] [reconciliation] [REGIME] EURUSD regime=Unknown ATR_multiplier_override=2.0 DynamicTP_tp_ratio_override=0.5 p_win=None
[2026-06-29 07:56:19] [WARNING] [profit_decay_detector] Profit decay triggered: order=9315589724 current=-11.00 peak=2.50 threshold=0.7
[2026-06-29 07:56:19] [INFO] [reconciliation] [RED_FLAG] EURUSD flags=['trade_health'] count=1 exit_prob=0.0%
[2026-06-29 07:56:19] [INFO] [market_regime_detector] [REGIME] Could not compute ATR from MT5 for GBPUSD
[2026-06-29 07:56:19] [INFO] [reconciliation] [REGIME] GBPUSD regime=Unknown ATR_multiplier_override=2.0 DynamicTP_tp_ratio_override=0.5 p_win=None
[2026-06-29 07:56:19] [WARNING] [profit_decay_detector] Profit decay triggered: order=9315928433 current=6.75 peak=12.00 threshold=0.7
[2026-06-29 07:56:19] [INFO] [reconciliation] [RED_FLAG] GBPUSD flags=['trade_health'] count=1 exit_prob=0.0%
[2026-06-29 07:56:19] [INFO] [market_regime_detector] [REGIME] Could not compute ATR from MT5 for EURUSD
[2026-06-29 07:56:19] [INFO] [reconciliation] [REGIME] EURUSD regime=Unknown ATR_multiplier_override=2.0 DynamicTP_tp_ratio_override=0.5 p_win=None
[2026-06-29 07:56:19] [WARNING] [profit_decay_detector] Profit decay triggered: order=9316027720 current=-9.50 peak=4.00 threshold=0.7
[2026-06-29 07:56:19] [INFO] [reconciliation] [RED_FLAG] EURUSD flags=['trade_health'] count=1 exit_prob=0.0%
[2026-06-29 07:56:19] [WARNING] [reconciliation] Unknown position in QD: 9314935503 EURUSD
[2026-06-29 07:56:19] [WARNING] [reconciliation] Unknown position in QD: 9315174919 EURUSD
[2026-06-29 07:56:19] [WARNING] [reconciliation] Unknown position in QD: 9315301988 EURUSD
[2026-06-29 07:56:19] [WARNING] [reconciliation] Unknown position in QD: 9315434623 EURUSD
[2026-06-29 07:56:19] [WARNING] [reconciliation] Unknown position in QD: 9315462713 EURUSD
[2026-06-29 07:56:19] [WARNING] [reconciliation] Unknown position in QD: 9315542721 EURUSD
[2026-06-29 07:56:19] [WARNING] [reconciliation] Unknown position in QD: 9315589724 EURUSD
[2026-06-29 07:56:19] [WARNING] [reconciliation] Unknown position in QD: 9315928433 GBPUSD
[2026-06-29 07:56:19] [WARNING] [reconciliation] Unknown position in QD: 9316027720 EURUSD
[2026-06-29 07:56:19] [INFO] [reconciliation] Reconciliation: {'db_count': 0, 'qd_count': 9, 'fixes': 0, 'mismatches': ['QD orphan: 9314935503', 'QD orphan: 9315174919', 'QD orphan: 9315301988', 'QD orphan: 9315434623', 'QD orphan: 9315462713', 'QD orphan: 9315542721', 'QD orphan: 9315589724', 'QD orphan: 9315928433', 'QD orphan: 9316027720']}
[2026-06-29 08:10:19] [INFO] [reconciliation] 🎯 Profit target reached: GBPUSD profit=$54.75 → closing
[2026-06-29 08:10:19] [INFO] [reconciliation] [MT5_CLOSE] Sending DEAL close to MT5 for ticket=9315928433 request={'action': 1, 'symbol': 'GBPUSD', 'volume': 0.75, 'type': 1, 'position': 9315928433, 'price': 1.32049, 'deviation': 20, 'magic': 0, 'comment': 'Bot V3'}
[2026-06-29 08:10:27] [INFO] [main] ==================================================
[2026-06-29 08:10:27] [INFO] [main] Cycle 2 at 08:10:27
[2026-06-29 08:10:27] [WARNING] [main] Skipping EURUSD - open position detected on MT5
[2026-06-29 08:10:29] [INFO] [news_fetcher] Fetched 13 relevant news items
[2026-06-29 08:10:35] [INFO] [news_fetcher] Fetched 13 relevant news items
[2026-06-29 08:10:35] [INFO] [news_fetcher] Fetched 13 relevant news items
[2026-06-29 08:10:35] [INFO] [main] Equity: 73998.85$ | News: 13
[2026-06-29 08:10:35] [DEBUG] [hybrid_market_client] Fetching indicators for EURUSD (QuantDinger only)
[2026-06-29 08:10:36] [DEBUG] [market_client] Candles EURUSD 4H: 100 bars ✓
[2026-06-29 08:10:36] [DEBUG] [hybrid_market_client] ✓ Got live data from QuantDinger for EURUSD
[2026-06-29 08:10:36] [DEBUG] [hybrid_market_client] Fetching indicators for EURUSD (QuantDinger only)
[2026-06-29 08:10:36] [DEBUG] [market_client] Candles EURUSD 4H: 100 bars ✓
[2026-06-29 08:10:36] [DEBUG] [hybrid_market_client] ✓ Got live data from QuantDinger for EURUSD
[2026-06-29 08:10:36] [DEBUG] [hybrid_market_client] Fetching indicators for EURUSD (QuantDinger only)
[2026-06-29 08:10:36] [DEBUG] [market_client] Candles EURUSD 4H: 100 bars ✓
[2026-06-29 08:10:36] [DEBUG] [hybrid_market_client] ✓ Got live data from QuantDinger for EURUSD
[2026-06-29 08:10:36] [INFO] [market_snapshot_builder] [SNAPSHOT_BUILT] symbol=EURUSD tfs=H4,H1,M15
[2026-06-29 08:10:36] [DEBUG] [hybrid_market_client] Fetching indicators for XAUUSD (QuantDinger only)
[2026-06-29 08:10:36] [DEBUG] [market_client] Candles XAUUSD 4H: 100 bars ✓
[2026-06-29 08:10:36] [DEBUG] [hybrid_market_client] ✓ Got live data from QuantDinger for XAUUSD
[2026-06-29 08:10:36] [DEBUG] [hybrid_market_client] Fetching indicators for XAUUSD (QuantDinger only)
[2026-06-29 08:10:36] [DEBUG] [market_client] Candles XAUUSD 4H: 100 bars ✓
[2026-06-29 08:10:36] [DEBUG] [hybrid_market_client] ✓ Got live data from QuantDinger for XAUUSD
[2026-06-29 08:10:36] [DEBUG] [hybrid_market_client] Fetching indicators for XAUUSD (QuantDinger only)
[2026-06-29 08:10:36] [DEBUG] [market_client] Candles XAUUSD 4H: 100 bars ✓
[2026-06-29 08:10:36] [DEBUG] [hybrid_market_client] ✓ Got live data from QuantDinger for XAUUSD
[2026-06-29 08:10:36] [INFO] [market_snapshot_builder] [SNAPSHOT_BUILT] symbol=XAUUSD tfs=H4,H1,M15
[2026-06-29 08:10:36] [DEBUG] [hybrid_market_client] Fetching indicators for GBPUSD (QuantDinger only)
[2026-06-29 08:10:36] [DEBUG] [market_client] Candles GBPUSD 4H: 100 bars ✓
[2026-06-29 08:10:36] [DEBUG] [hybrid_market_client] ✓ Got live data from QuantDinger for GBPUSD
[2026-06-29 08:10:36] [DEBUG] [hybrid_market_client] Fetching indicators for GBPUSD (QuantDinger only)
[2026-06-29 08:10:36] [DEBUG] [market_client] Candles GBPUSD 4H: 100 bars ✓
[2026-06-29 08:10:36] [DEBUG] [hybrid_market_client] ✓ Got live data from QuantDinger for GBPUSD
[2026-06-29 08:10:36] [DEBUG] [hybrid_market_client] Fetching indicators for GBPUSD (QuantDinger only)
[2026-06-29 08:10:36] [DEBUG] [market_client] Candles GBPUSD 4H: 100 bars ✓
[2026-06-29 08:10:36] [DEBUG] [hybrid_market_client] ✓ Got live data from QuantDinger for GBPUSD
[2026-06-29 08:10:36] [INFO] [market_snapshot_builder] [SNAPSHOT_BUILT] symbol=GBPUSD tfs=H4,H1,M15
[2026-06-29 08:10:36] [INFO] [main] --- EURUSD ---
[2026-06-29 08:10:40] [INFO] [deepseek] DEEPSEEK OK: {
  "impact_score": 60,
  "bias": "bullish",
  "confidence": 0.7,
  "reason": "الاتجاه الصاعد قوي عل...
[2026-06-29 08:10:40] [INFO] [deepseek] AI EURUSD: bias=bullish impact=60.0 conf=0.70
[2026-06-29 08:10:40] [INFO] [signal_engine] [VERIFY] SIGNAL_INPUT bias=bullish score=60.0 confidence=0.7
[2026-06-29 08:10:40] [INFO] [signal_engine] [VERIFY] SIGNAL_RULE rule=confidence>=0.60 actual=0.7 result=True
[2026-06-29 08:10:40] [INFO] [signal_engine] [VERIFY] SIGNAL_RULE rule=score>=55 actual=60.0 result=True
[2026-06-29 08:10:40] [INFO] [signal_engine] [VERIFY] SIGNAL_RULE rule=bias in [bullish,bearish] actual=bullish result=True
[2026-06-29 08:10:40] [INFO] [signal_engine] [VERIFY] SIGNAL_FINAL direction=BUY score=60.0 confidence=0.7 valid=True
[2026-06-29 08:10:40] [DEBUG] [signal_engine] Signal: BUY score=60.0 conf=0.70 strength=متوسط valid=True
[2026-06-29 08:10:40] [INFO] [sentiment] Sentiment EURUSD: neutral score=50 bull=2 bear=2
[2026-06-29 08:10:40] [DEBUG] [mtf] MTF (snapshot) EURUSD: H4=bullish H1=bullish M15=bullish aligned=True (strong)
[2026-06-29 08:10:40] [INFO] [main] [VERIFY][DATA_TRUTH] symbol=EURUSD timeframe=H4/H1/M15 news_fetched=True indicators_fetched=True live_data=True cached=False
[2026-06-29 08:10:40] [INFO] [voting_engine] EURUSD: MTF strongly aligned, boosting score 10%
[2026-06-29 08:10:40] [INFO] [risk_engine] Risk: Duplicate symbol blocked via MT5 - EURUSD already has an open position
[2026-06-29 08:10:40] [DEBUG] [hybrid_market_client] Fetching indicators for EURUSD (QuantDinger only)
[2026-06-29 08:10:40] [DEBUG] [market_client] Candles EURUSD 4H: 100 bars ✓
[2026-06-29 08:10:40] [DEBUG] [hybrid_market_client] ✓ Got live data from QuantDinger for EURUSD
[2026-06-29 08:10:40] [DEBUG] [hybrid_market_client] Fetching indicators for EURUSD (QuantDinger only)
[2026-06-29 08:10:40] [DEBUG] [market_client] Using cached candles for EURUSD 4H (age: 0s)
[2026-06-29 08:10:40] [DEBUG] [hybrid_market_client] ✓ Got live data from QuantDinger for EURUSD
[2026-06-29 08:10:40] [INFO] [sltp] SL/TP EURUSD: entry=1.1389521360397339 atr=0.00222 sl=1.13562 tp=1.1445
[2026-06-29 08:10:40] [INFO] [position_sizing] Position size: 0.5 (equity=73999, risk=0.000, sl_dist=0.00333, score=81, cons_loss=10)
[2026-06-29 08:10:40] [DEBUG] [xgboost_v2] V2 predict: rsi=61.1 atr=0.00222 regime=TRENDING session=asia dir=BUY -> p_win=0.744
[2026-06-29 08:10:40] [INFO] [xgboost_v2] [VERIFY] XGBOOST PREDICTION p_win=0.744 available=True
[2026-06-29 08:10:40] [INFO] [main] [VERIFY][DECISION_TRUTH] bias=bullish score=81.2 confidence=1.0 vote=BUY risk_passed=False sl_tp_calculated=True position_size=0.5 xgboost_p_win=0.7440381646156311 final_decision_valid=False reject_reason=Duplicate symbol blocked via MT5
[2026-06-29 08:10:40] [INFO] [main] --- XAUUSD ---
[2026-06-29 08:10:43] [INFO] [news_fetcher] Fetched 14 relevant news items
[2026-06-29 08:10:44] [INFO] [deepseek] DEEPSEEK OK: {
  "impact_score": 80,
  "bias": "bullish",
  "confidence": 0.85,
  "reason": "التوترات الجيوسياسية...
[2026-06-29 08:10:44] [INFO] [deepseek] AI XAUUSD: bias=bullish impact=80.0 conf=0.85
[2026-06-29 08:10:44] [INFO] [signal_engine] [VERIFY] SIGNAL_INPUT bias=bullish score=80.0 confidence=0.85
[2026-06-29 08:10:44] [INFO] [signal_engine] [VERIFY] SIGNAL_RULE rule=confidence>=0.60 actual=0.85 result=True
[2026-06-29 08:10:44] [INFO] [signal_engine] [VERIFY] SIGNAL_RULE rule=score>=55 actual=80.0 result=True
[2026-06-29 08:10:44] [INFO] [signal_engine] [VERIFY] SIGNAL_RULE rule=bias in [bullish,bearish] actual=bullish result=True
[2026-06-29 08:10:44] [INFO] [signal_engine] [VERIFY] SIGNAL_FINAL direction=BUY score=80.0 confidence=0.85 valid=True
[2026-06-29 08:10:44] [DEBUG] [signal_engine] Signal: BUY score=80.0 conf=0.85 strength=قوي جداً valid=True
[2026-06-29 08:10:44] [INFO] [sentiment] Sentiment XAUUSD: neutral score=50 bull=1 bear=1
[2026-06-29 08:10:44] [DEBUG] [mtf] MTF (snapshot) XAUUSD: H4=bullish H1=bullish M15=bullish aligned=True (strong)
[2026-06-29 08:10:44] [INFO] [main] [VERIFY][DATA_TRUTH] symbol=XAUUSD timeframe=H4/H1/M15 news_fetched=True indicators_fetched=True live_data=True cached=False
[2026-06-29 08:10:44] [INFO] [voting_engine] XAUUSD: MTF strongly aligned, boosting score 10%
[2026-06-29 08:10:44] [WARNING] [risk_engine] Risk: Consecutive losses limit exceeded (XAUUSD BUY) - Consecutive losses: 10
[2026-06-29 08:10:44] [DEBUG] [hybrid_market_client] Fetching indicators for XAUUSD (QuantDinger only)
[2026-06-29 08:10:44] [DEBUG] [market_client] Candles XAUUSD 4H: 100 bars ✓
[2026-06-29 08:10:44] [DEBUG] [hybrid_market_client] ✓ Got live data from QuantDinger for XAUUSD
[2026-06-29 08:10:44] [DEBUG] [hybrid_market_client] Fetching indicators for XAUUSD (QuantDinger only)
[2026-06-29 08:10:44] [DEBUG] [market_client] Using cached candles for XAUUSD 4H (age: 0s)
[2026-06-29 08:10:44] [DEBUG] [hybrid_market_client] ✓ Got live data from QuantDinger for XAUUSD
[2026-06-29 08:10:44] [INFO] [sltp] SL/TP XAUUSD: entry=4065.300048828125 atr=33.79281 sl=4055.30005 tp=4149.78208
[2026-06-29 08:10:44] [INFO] [position_sizing] Position size: 0.1 (equity=73999, risk=0.001, sl_dist=10.00000, score=97, cons_loss=10)
[2026-06-29 08:10:44] [DEBUG] [xgboost_v2] V2 predict: rsi=59.9 atr=33.79281 regime=TRENDING session=asia dir=BUY -> p_win=0.364
[2026-06-29 08:10:44] [INFO] [xgboost_v2] [VERIFY] XGBOOST PREDICTION p_win=0.364 available=True
[2026-06-29 08:10:44] [INFO] [main] [VERIFY][DECISION_TRUTH] bias=bullish score=97.2 confidence=1.0 vote=BUY risk_passed=False sl_tp_calculated=True position_size=0.1 xgboost_p_win=0.36367180943489075 final_decision_valid=False reject_reason=p_win<threshold (p_win=0.364 threshold=0.6)
[2026-06-29 08:10:44] [INFO] [main] --- GBPUSD ---
[2026-06-29 08:10:49] [WARNING] [deepseek] DeepSeek empty response
[2026-06-29 08:10:50] [INFO] [news_fetcher] Fetched 14 relevant news items
[2026-06-29 08:10:54] [WARNING] [deepseek] DeepSeek empty response
[2026-06-29 08:10:57] [INFO] [news_fetcher] Fetched 14 relevant news items
[2026-06-29 08:10:59] [WARNING] [deepseek] Retry 1: JSON incomplete/truncated
[2026-06-29 08:11:03] [INFO] [news_fetcher] Fetched 13 relevant news items
[2026-06-29 08:11:04] [WARNING] [deepseek] DeepSeek empty response
[2026-06-29 08:11:10] [WARNING] [deepseek] DeepSeek empty response
[2026-06-29 08:11:10] [INFO] [news_fetcher] Fetched 13 relevant news items
[2026-06-29 08:11:14] [INFO] [deepseek] DEEPSEEK OK: {
  "impact_score": 60,
  "bias": "bullish",
  "confidence": 0.65,
  "reason": "اتجاه السوق صاعد على...
[2026-06-29 08:11:14] [INFO] [deepseek] AI GBPUSD: bias=bullish impact=60.0 conf=0.65
[2026-06-29 08:11:14] [INFO] [signal_engine] [VERIFY] SIGNAL_INPUT bias=bullish score=60.0 confidence=0.65
[2026-06-29 08:11:14] [INFO] [signal_engine] [VERIFY] SIGNAL_RULE rule=confidence>=0.60 actual=0.65 result=True
[2026-06-29 08:11:14] [INFO] [signal_engine] [VERIFY] SIGNAL_RULE rule=score>=55 actual=60.0 result=True
[2026-06-29 08:11:14] [INFO] [signal_engine] [VERIFY] SIGNAL_RULE rule=bias in [bullish,bearish] actual=bullish result=True
[2026-06-29 08:11:14] [INFO] [signal_engine] [VERIFY] SIGNAL_FINAL direction=BUY score=60.0 confidence=0.65 valid=True
[2026-06-29 08:11:14] [DEBUG] [signal_engine] Signal: BUY score=60.0 conf=0.65 strength=متوسط valid=True
[2026-06-29 08:11:14] [INFO] [sentiment] Sentiment GBPUSD: neutral score=50 bull=2 bear=2
[2026-06-29 08:11:14] [DEBUG] [mtf] MTF (snapshot) GBPUSD: H4=bullish H1=bullish M15=bullish aligned=True (strong)
[2026-06-29 08:11:14] [INFO] [main] [VERIFY][DATA_TRUTH] symbol=GBPUSD timeframe=H4/H1/M15 news_fetched=True indicators_fetched=True live_data=True cached=False
[2026-06-29 08:11:14] [INFO] [voting_engine] GBPUSD: MTF strongly aligned, boosting score 10%
[2026-06-29 08:11:14] [WARNING] [risk_engine] Risk: Consecutive losses limit exceeded (GBPUSD BUY) - Consecutive losses: 10
[2026-06-29 08:11:14] [DEBUG] [hybrid_market_client] Fetching indicators for GBPUSD (QuantDinger only)
[2026-06-29 08:11:14] [DEBUG] [market_client] Candles GBPUSD 4H: 100 bars ✓
[2026-06-29 08:11:14] [DEBUG] [hybrid_market_client] ✓ Got live data from QuantDinger for GBPUSD
[2026-06-29 08:11:14] [DEBUG] [hybrid_market_client] Fetching indicators for GBPUSD (QuantDinger only)
[2026-06-29 08:11:14] [DEBUG] [market_client] Using cached candles for GBPUSD 4H (age: 0s)
[2026-06-29 08:11:14] [DEBUG] [hybrid_market_client] ✓ Got live data from QuantDinger for GBPUSD
[2026-06-29 08:11:14] [INFO] [sltp] SL/TP GBPUSD: entry=1.3204632997512817 atr=0.00250 sl=1.31671 tp=1.32673
[2026-06-29 08:11:14] [INFO] [position_sizing] Position size: 0.5 (equity=73999, risk=0.000, sl_dist=0.00375, score=86, cons_loss=10)
[2026-06-29 08:11:14] [DEBUG] [xgboost_v2] V2 predict: rsi=63.0 atr=0.00250 regime=TRENDING session=asia dir=BUY -> p_win=0.926
[2026-06-29 08:11:14] [INFO] [xgboost_v2] [VERIFY] XGBOOST PREDICTION p_win=0.926 available=True
[2026-06-29 08:11:14] [INFO] [main] [VERIFY][DECISION_TRUTH] bias=bullish score=85.8 confidence=0.987 vote=BUY risk_passed=False sl_tp_calculated=True position_size=0.5 xgboost_p_win=0.9264878630638123 final_decision_valid=False reject_reason=Consecutive losses: 10
[2026-06-29 08:11:14] [INFO] [adaptive_weights] EURUSD weights updated: {'ai': 0.239, 'trend': 0.239, 'momentum': 0.239, 'sentiment': 0.239, 'volatility': 0.043} | WR=13.6% PF=0
[2026-06-29 08:11:14] [INFO] [adaptive_weights] 🏆 أفضل زوج: EURUSD | WR=13.6% | PnL=190.0$
[2026-06-29 08:11:14] [INFO] [adaptive_weights] ⚠️ أسوأ زوج: XAUUSD | WR=0.0% | PnL=0.0$
[2026-06-29 08:11:14] [INFO] [main] Sleeping 1800s...
[2026-06-29 08:11:16] [INFO] [news_fetcher] Fetched 13 relevant news items
[2026-06-29 08:11:23] [INFO] [news_fetcher] Fetched 13 relevant news items
[2026-06-29 08:11:23] [INFO] [market_regime_detector] [REGIME] Could not compute ATR from MT5 for EURUSD
[2026-06-29 08:11:23] [INFO] [reconciliation] [REGIME] EURUSD regime=Unknown ATR_multiplier_override=2.0 DynamicTP_tp_ratio_override=0.5 p_win=None
[2026-06-29 08:11:23] [INFO] [reconciliation] [RED_FLAG] EURUSD flags=['trade_health'] count=1 exit_prob=0.0%
[2026-06-29 08:11:23] [INFO] [market_regime_detector] [REGIME] Could not compute ATR from MT5 for EURUSD
[2026-06-29 08:11:23] [INFO] [reconciliation] [REGIME] EURUSD regime=Unknown ATR_multiplier_override=2.0 DynamicTP_tp_ratio_override=0.5 p_win=None
[2026-06-29 08:11:23] [INFO] [reconciliation] [RED_FLAG] EURUSD flags=['trade_health'] count=1 exit_prob=0.0%
[2026-06-29 08:11:23] [INFO] [market_regime_detector] [REGIME] Could not compute ATR from MT5 for EURUSD
[2026-06-29 08:11:23] [INFO] [reconciliation] [REGIME] EURUSD regime=Unknown ATR_multiplier_override=2.0 DynamicTP_tp_ratio_override=0.5 p_win=None
[2026-06-29 08:11:23] [INFO] [reconciliation] [RED_FLAG] EURUSD flags=['trade_health'] count=1 exit_prob=0.0%
[2026-06-29 08:11:23] [INFO] [market_regime_detector] [REGIME] Could not compute ATR from MT5 for EURUSD
[2026-06-29 08:11:23] [INFO] [reconciliation] [REGIME] EURUSD regime=Unknown ATR_multiplier_override=2.0 DynamicTP_tp_ratio_override=0.5 p_win=None
[2026-06-29 08:11:23] [INFO] [reconciliation] [RED_FLAG] EURUSD flags=['trade_health'] count=1 exit_prob=0.0%
[2026-06-29 08:11:23] [INFO] [market_regime_detector] [REGIME] Could not compute ATR from MT5 for EURUSD
[2026-06-29 08:11:23] [INFO] [reconciliation] [REGIME] EURUSD regime=Unknown ATR_multiplier_override=2.0 DynamicTP_tp_ratio_override=0.5 p_win=None
[2026-06-29 08:11:23] [INFO] [reconciliation] [RED_FLAG] EURUSD flags=['trade_health'] count=1 exit_prob=0.0%
[2026-06-29 08:11:23] [INFO] [market_regime_detector] [REGIME] Could not compute ATR from MT5 for EURUSD
[2026-06-29 08:11:23] [INFO] [reconciliation] [REGIME] EURUSD regime=Unknown ATR_multiplier_override=2.0 DynamicTP_tp_ratio_override=0.5 p_win=None
[2026-06-29 08:11:23] [INFO] [reconciliation] [RED_FLAG] EURUSD flags=['trade_health'] count=1 exit_prob=0.0%
[2026-06-29 08:11:23] [INFO] [market_regime_detector] [REGIME] Could not compute ATR from MT5 for EURUSD
[2026-06-29 08:11:23] [INFO] [reconciliation] [REGIME] EURUSD regime=Unknown ATR_multiplier_override=2.0 DynamicTP_tp_ratio_override=0.5 p_win=None
[2026-06-29 08:11:23] [INFO] [reconciliation] [RED_FLAG] EURUSD flags=['trade_health'] count=1 exit_prob=0.0%
[2026-06-29 08:11:23] [INFO] [market_regime_detector] [REGIME] Could not compute ATR from MT5 for GBPUSD
[2026-06-29 08:11:23] [INFO] [reconciliation] [REGIME] GBPUSD regime=Unknown ATR_multiplier_override=2.0 DynamicTP_tp_ratio_override=0.5 p_win=None
[2026-06-29 08:11:23] [INFO] [reconciliation] [RED_FLAG] GBPUSD flags=['trade_health'] count=1 exit_prob=0.0%
[2026-06-29 08:11:23] [INFO] [market_regime_detector] [REGIME] Could not compute ATR from MT5 for EURUSD
[2026-06-29 08:11:23] [INFO] [reconciliation] [REGIME] EURUSD regime=Unknown ATR_multiplier_override=2.0 DynamicTP_tp_ratio_override=0.5 p_win=None
[2026-06-29 08:11:23] [INFO] [reconciliation] [RED_FLAG] EURUSD flags=['trade_health'] count=1 exit_prob=0.0%
[2026-06-29 08:11:30] [INFO] [news_fetcher] Fetched 13 relevant news items
[2026-06-29 08:11:30] [ERROR] [reconciliation] News conflict check error for {'id': '9314935503', 'ticket': '9314935503', 'symbol': 'EURUSD', 'type': 'buy', 'direction': 'buy', 'volume': 0.5, 'price_open': 1.13893, 'sl': 1.13594, 'tp': 1.14467, 'profit': -14.5, 'comment': 'Bot V3', 'price_current': 1.13864}: analyze_news() missing 1 required positional argument: 'snapshot'
[2026-06-29 08:11:30] [ERROR] [reconciliation] News conflict check error for {'id': '9315174919', 'ticket': '9315174919', 'symbol': 'EURUSD', 'type': 'buy', 'direction': 'buy', 'volume': 0.5, 'price_open': 1.13868, 'sl': 1.13581, 'tp': 1.1445400000000001, 'profit': -2.0, 'comment': 'Bot V3', 'price_current': 1.13864}: analyze_news() missing 1 required positional argument: 'snapshot'
[2026-06-29 08:11:30] [ERROR] [reconciliation] News conflict check error for {'id': '9315301988', 'ticket': '9315301988', 'symbol': 'EURUSD', 'type': 'buy', 'direction': 'buy', 'volume': 0.5, 'price_open': 1.13867, 'sl': 1.1356600000000001, 'tp': 1.14443, 'profit': -1.5, 'comment': 'Bot V3', 'price_current': 1.13864}: analyze_news() missing 1 required positional argument: 'snapshot'
[2026-06-29 08:11:30] [ERROR] [reconciliation] News conflict check error for {'id': '9315434623', 'ticket': '9315434623', 'symbol': 'EURUSD', 'type': 'buy', 'direction': 'buy', 'volume': 0.5, 'price_open': 1.13846, 'sl': 1.1353900000000001, 'tp': 1.1442, 'profit': 9.0, 'comment': 'Bot V3', 'price_current': 1.13864}: analyze_news() missing 1 required positional argument: 'snapshot'
[2026-06-29 08:11:30] [ERROR] [reconciliation] News conflict check error for {'id': '9315462713', 'ticket': '9315462713', 'symbol': 'EURUSD', 'type': 'buy', 'direction': 'buy', 'volume': 0.5, 'price_open': 1.1384400000000001, 'sl': 1.1353900000000001, 'tp': 1.1442, 'profit': 10.0, 'comment': 'Bot V3', 'price_current': 1.13864}: analyze_news() missing 1 required positional argument: 'snapshot'
[2026-06-29 08:11:30] [ERROR] [reconciliation] News conflict check error for {'id': '9315542721', 'ticket': '9315542721', 'symbol': 'EURUSD', 'type': 'buy', 'direction': 'buy', 'volume': 0.5, 'price_open': 1.13834, 'sl': 1.1353900000000001, 'tp': 1.1442, 'profit': 15.0, 'comment': 'Bot V3', 'price_current': 1.13864}: analyze_news() missing 1 required positional argument: 'snapshot'
[2026-06-29 08:11:30] [ERROR] [reconciliation] News conflict check error for {'id': '9315589724', 'ticket': '9315589724', 'symbol': 'EURUSD', 'type': 'buy', 'direction': 'buy', 'volume': 0.5, 'price_open': 1.1384, 'sl': 1.1353900000000001, 'tp': 1.1442, 'profit': 12.0, 'comment': 'Bot V3', 'price_current': 1.13864}: analyze_news() missing 1 required positional argument: 'snapshot'
[2026-06-29 08:11:30] [ERROR] [reconciliation] News conflict check error for {'id': '9316027720', 'ticket': '9316027720', 'symbol': 'EURUSD', 'type': 'buy', 'direction': 'buy', 'volume': 0.5, 'price_open': 1.13837, 'sl': 1.1351, 'tp': 1.14398, 'profit': 13.5, 'comment': 'Bot V3', 'price_current': 1.13864}: analyze_news() missing 1 required positional argument: 'snapshot'
[2026-06-29 08:11:30] [WARNING] [reconciliation] Unknown position in QD: 9314935503 EURUSD
[2026-06-29 08:11:30] [WARNING] [reconciliation] Unknown position in QD: 9315174919 EURUSD
[2026-06-29 08:11:30] [WARNING] [reconciliation] Unknown position in QD: 9315301988 EURUSD
[2026-06-29 08:11:30] [WARNING] [reconciliation] Unknown position in QD: 9315434623 EURUSD
[2026-06-29 08:11:30] [WARNING] [reconciliation] Unknown position in QD: 9315462713 EURUSD
[2026-06-29 08:11:30] [WARNING] [reconciliation] Unknown position in QD: 9315542721 EURUSD
[2026-06-29 08:11:30] [WARNING] [reconciliation] Unknown position in QD: 9315589724 EURUSD
[2026-06-29 08:11:30] [WARNING] [reconciliation] Unknown position in QD: 9315928433 GBPUSD
[2026-06-29 08:11:30] [WARNING] [reconciliation] Unknown position in QD: 9316027720 EURUSD
[2026-06-29 08:11:30] [INFO] [reconciliation] Reconciliation: {'db_count': 0, 'qd_count': 9, 'fixes': 0, 'mismatches': ['QD orphan: 9314935503', 'QD orphan: 9315174919', 'QD orphan: 9315301988', 'QD orphan: 9315434623', 'QD orphan: 9315462713', 'QD orphan: 9315542721', 'QD orphan: 9315589724', 'QD orphan: 9315928433', 'QD orphan: 9316027720']}
[2026-06-29 08:25:38] [INFO] [news_fetcher] Fetched 14 relevant news items
[2026-06-29 08:25:45] [INFO] [news_fetcher] Fetched 13 relevant news items
[2026-06-29 08:25:52] [INFO] [news_fetcher] Fetched 13 relevant news items
[2026-06-29 08:25:59] [INFO] [news_fetcher] Fetched 13 relevant news items
[2026-06-29 08:26:07] [INFO] [news_fetcher] Fetched 13 relevant news items
[2026-06-29 08:26:14] [INFO] [news_fetcher] Fetched 13 relevant news items
[2026-06-29 08:26:21] [INFO] [news_fetcher] Fetched 13 relevant news items
[2026-06-29 08:26:27] [INFO] [news_fetcher] Fetched 14 relevant news items
[2026-06-29 08:26:27] [INFO] [market_regime_detector] [REGIME] Could not compute ATR from MT5 for EURUSD
[2026-06-29 08:26:27] [INFO] [reconciliation] [REGIME] EURUSD regime=Unknown ATR_multiplier_override=2.0 DynamicTP_tp_ratio_override=0.5 p_win=None
[2026-06-29 08:26:27] [INFO] [reconciliation] [RED_FLAG] EURUSD flags=['trade_health'] count=1 exit_prob=0.0%
[2026-06-29 08:26:27] [INFO] [market_regime_detector] [REGIME] Could not compute ATR from MT5 for EURUSD
[2026-06-29 08:26:27] [INFO] [reconciliation] [REGIME] EURUSD regime=Unknown ATR_multiplier_override=2.0 DynamicTP_tp_ratio_override=0.5 p_win=None
[2026-06-29 08:26:27] [INFO] [reconciliation] [RED_FLAG] EURUSD flags=['trade_health'] count=1 exit_prob=0.0%
[2026-06-29 08:26:27] [INFO] [market_regime_detector] [REGIME] Could not compute ATR from MT5 for EURUSD
[2026-06-29 08:26:27] [INFO] [reconciliation] [REGIME] EURUSD regime=Unknown ATR_multiplier_override=2.0 DynamicTP_tp_ratio_override=0.5 p_win=None
[2026-06-29 08:26:27] [INFO] [reconciliation] [RED_FLAG] EURUSD flags=['trade_health'] count=1 exit_prob=0.0%
[2026-06-29 08:26:27] [INFO] [market_regime_detector] [REGIME] Could not compute ATR from MT5 for EURUSD
[2026-06-29 08:26:27] [INFO] [reconciliation] [REGIME] EURUSD regime=Unknown ATR_multiplier_override=2.0 DynamicTP_tp_ratio_override=0.5 p_win=None
[2026-06-29 08:26:27] [INFO] [reconciliation] [RED_FLAG] EURUSD flags=['trade_health'] count=1 exit_prob=0.0%
[2026-06-29 08:26:27] [INFO] [market_regime_detector] [REGIME] Could not compute ATR from MT5 for EURUSD
[2026-06-29 08:26:27] [INFO] [reconciliation] [REGIME] EURUSD regime=Unknown ATR_multiplier_override=2.0 DynamicTP_tp_ratio_override=0.5 p_win=None
[2026-06-29 08:26:27] [INFO] [reconciliation] [RED_FLAG] EURUSD flags=['trade_health'] count=1 exit_prob=0.0%
[2026-06-29 08:26:27] [INFO] [market_regime_detector] [REGIME] Could not compute ATR from MT5 for EURUSD
[2026-06-29 08:26:27] [INFO] [reconciliation] [REGIME] EURUSD regime=Unknown ATR_multiplier_override=2.0 DynamicTP_tp_ratio_override=0.5 p_win=None
[2026-06-29 08:26:27] [INFO] [reconciliation] [RED_FLAG] EURUSD flags=['trade_health'] count=1 exit_prob=0.0%
[2026-06-29 08:26:27] [INFO] [market_regime_detector] [REGIME] Could not compute ATR from MT5 for EURUSD
[2026-06-29 08:26:27] [INFO] [reconciliation] [REGIME] EURUSD regime=Unknown ATR_multiplier_override=2.0 DynamicTP_tp_ratio_override=0.5 p_win=None
[2026-06-29 08:26:27] [INFO] [reconciliation] [RED_FLAG] EURUSD flags=['trade_health'] count=1 exit_prob=0.0%
[2026-06-29 08:26:27] [INFO] [market_regime_detector] [REGIME] Could not compute ATR from MT5 for EURUSD
[2026-06-29 08:26:27] [INFO] [reconciliation] [REGIME] EURUSD regime=Unknown ATR_multiplier_override=2.0 DynamicTP_tp_ratio_override=0.5 p_win=None
[2026-06-29 08:26:27] [INFO] [reconciliation] [RED_FLAG] EURUSD flags=['trade_health'] count=1 exit_prob=0.0%
[2026-06-29 08:26:27] [INFO] [mfe_mae_tracker] [MFE/MAE] Closed order=9315928433 mfe(peak)=54.75 mae(max_loss)=6.75
[2026-06-29 08:26:33] [INFO] [news_fetcher] Fetched 13 relevant news items
[2026-06-29 08:26:33] [ERROR] [reconciliation] News conflict check error for {'id': '9314935503', 'ticket': '9314935503', 'symbol': 'EURUSD', 'type': 'buy', 'direction': 'buy', 'volume': 0.5, 'price_open': 1.13893, 'sl': 1.13594, 'tp': 1.14467, 'profit': -15.5, 'comment': 'Bot V3', 'price_current': 1.13862}: analyze_news() missing 1 required positional argument: 'snapshot'
[2026-06-29 08:26:33] [ERROR] [reconciliation] News conflict check error for {'id': '9315174919', 'ticket': '9315174919', 'symbol': 'EURUSD', 'type': 'buy', 'direction': 'buy', 'volume': 0.5, 'price_open': 1.13868, 'sl': 1.13581, 'tp': 1.1445400000000001, 'profit': -3.0, 'comment': 'Bot V3', 'price_current': 1.13862}: analyze_news() missing 1 required positional argument: 'snapshot'
[2026-06-29 08:26:33] [ERROR] [reconciliation] News conflict check error for {'id': '9315301988', 'ticket': '9315301988', 'symbol': 'EURUSD', 'type': 'buy', 'direction': 'buy', 'volume': 0.5, 'price_open': 1.13867, 'sl': 1.1356600000000001, 'tp': 1.14443, 'profit': -2.5, 'comment': 'Bot V3', 'price_current': 1.13862}: analyze_news() missing 1 required positional argument: 'snapshot'
[2026-06-29 08:26:33] [ERROR] [reconciliation] News conflict check error for {'id': '9315434623', 'ticket': '9315434623', 'symbol': 'EURUSD', 'type': 'buy', 'direction': 'buy', 'volume': 0.5, 'price_open': 1.13846, 'sl': 1.1353900000000001, 'tp': 1.1442, 'profit': 8.0, 'comment': 'Bot V3', 'price_current': 1.13862}: analyze_news() missing 1 required positional argument: 'snapshot'
[2026-06-29 08:26:33] [ERROR] [reconciliation] News conflict check error for {'id': '9315462713', 'ticket': '9315462713', 'symbol': 'EURUSD', 'type': 'buy', 'direction': 'buy', 'volume': 0.5, 'price_open': 1.1384400000000001, 'sl': 1.1353900000000001, 'tp': 1.1442, 'profit': 9.0, 'comment': 'Bot V3', 'price_current': 1.13862}: analyze_news() missing 1 required positional argument: 'snapshot'
[2026-06-29 08:26:33] [ERROR] [reconciliation] News conflict check error for {'id': '9315542721', 'ticket': '9315542721', 'symbol': 'EURUSD', 'type': 'buy', 'direction': 'buy', 'volume': 0.5, 'price_open': 1.13834, 'sl': 1.1353900000000001, 'tp': 1.1442, 'profit': 14.0, 'comment': 'Bot V3', 'price_current': 1.13862}: analyze_news() missing 1 required positional argument: 'snapshot'
[2026-06-29 08:26:33] [ERROR] [reconciliation] News conflict check error for {'id': '9315589724', 'ticket': '9315589724', 'symbol': 'EURUSD', 'type': 'buy', 'direction': 'buy', 'volume': 0.5, 'price_open': 1.1384, 'sl': 1.1353900000000001, 'tp': 1.1442, 'profit': 11.0, 'comment': 'Bot V3', 'price_current': 1.13862}: analyze_news() missing 1 required positional argument: 'snapshot'
[2026-06-29 08:26:33] [ERROR] [reconciliation] News conflict check error for {'id': '9316027720', 'ticket': '9316027720', 'symbol': 'EURUSD', 'type': 'buy', 'direction': 'buy', 'volume': 0.5, 'price_open': 1.13837, 'sl': 1.1351, 'tp': 1.14398, 'profit': 12.5, 'comment': 'Bot V3', 'price_current': 1.13862}: analyze_news() missing 1 required positional argument: 'snapshot'
[2026-06-29 08:26:33] [WARNING] [reconciliation] Unknown position in QD: 9314935503 EURUSD
[2026-06-29 08:26:33] [WARNING] [reconciliation] Unknown position in QD: 9315174919 EURUSD
[2026-06-29 08:26:33] [WARNING] [reconciliation] Unknown position in QD: 9315301988 EURUSD
[2026-06-29 08:26:33] [WARNING] [reconciliation] Unknown position in QD: 9315434623 EURUSD
[2026-06-29 08:26:33] [WARNING] [reconciliation] Unknown position in QD: 9315462713 EURUSD
[2026-06-29 08:26:33] [WARNING] [reconciliation] Unknown position in QD: 9315542721 EURUSD
[2026-06-29 08:26:33] [WARNING] [reconciliation] Unknown position in QD: 9315589724 EURUSD
[2026-06-29 08:26:33] [WARNING] [reconciliation] Unknown position in QD: 9316027720 EURUSD
[2026-06-29 08:26:33] [INFO] [reconciliation] Reconciliation: {'db_count': 0, 'qd_count': 8, 'fixes': 0, 'mismatches': ['QD orphan: 9314935503', 'QD orphan: 9315174919', 'QD orphan: 9315301988', 'QD orphan: 9315434623', 'QD orphan: 9315462713', 'QD orphan: 9315542721', 'QD orphan: 9315589724', 'QD orphan: 9316027720']}
[2026-06-29 09:58:05] [INFO] [main] Trading Bot V3 starting...
[2026-06-29 09:58:05] [INFO] [database] V3 Database initialized with all tables
[2026-06-29 09:58:06] [INFO] [qd_client] Logged in to QuantDinger
[2026-06-29 09:58:06] [INFO] [qd_client] MT5 connected
[2026-06-29 09:58:06] [INFO] [main] MT5 connected
[2026-06-29 09:58:06] [INFO] [telegram_bot] Telegram polling started
[2026-06-29 09:58:06] [INFO] [telegram_bot] Telegram bot V3 started
[2026-06-29 09:58:06] [INFO] [mt5_watchdog] MT5 watchdog started (V1 reconnect logic)
[2026-06-29 09:58:06] [INFO] [reconciliation] Reconciliation loop started (every 60s)
[2026-06-29 09:58:06] [INFO] [reconciliation] Reconciliation thread started (safety only)
[2026-06-29 09:58:06] [INFO] [post_entry_manager] PostEntryManager started
[2026-06-29 09:58:06] [INFO] [main] ==================================================
[2026-06-29 09:58:06] [INFO] [main] Cycle 1 at 09:58:06
[2026-06-29 09:58:07] [WARNING] [main] Skipping EURUSD - open position detected on MT5
[2026-06-29 09:58:17] [INFO] [news_fetcher] Fetched 13 relevant news items
[2026-06-29 09:58:17] [INFO] [news_fetcher] Fetched 13 relevant news items
[2026-06-29 09:58:17] [INFO] [main] Equity: 74630.85$ | News: 13
[2026-06-29 09:58:17] [DEBUG] [hybrid_market_client] Fetching indicators for EURUSD (QuantDinger only)
[2026-06-29 09:58:17] [INFO] [xgboost_exit_model] Loaded Exit Model from F:\files (2)\google\botdd\trading_bot_v3\models\xgboost_exit_model.json
[2026-06-29 09:58:17] [INFO] [xgboost_exit_model] [EXIT_MODEL] XGBoost prediction: probability=0.1%
[2026-06-29 09:58:17] [DEBUG] [market_client] Candles EURUSD 4H: 100 bars ✓
[2026-06-29 09:58:17] [DEBUG] [hybrid_market_client] ✓ Got live data from QuantDinger for EURUSD
[2026-06-29 09:58:17] [DEBUG] [hybrid_market_client] Fetching indicators for EURUSD (QuantDinger only)
[2026-06-29 09:58:18] [DEBUG] [market_client] Candles EURUSD 4H: 100 bars ✓
[2026-06-29 09:58:18] [DEBUG] [hybrid_market_client] ✓ Got live data from QuantDinger for EURUSD
[2026-06-29 09:58:18] [DEBUG] [hybrid_market_client] Fetching indicators for EURUSD (QuantDinger only)
[2026-06-29 09:58:18] [DEBUG] [market_client] Candles EURUSD 4H: 100 bars ✓
[2026-06-29 09:58:18] [DEBUG] [hybrid_market_client] ✓ Got live data from QuantDinger for EURUSD
[2026-06-29 09:58:18] [INFO] [market_snapshot_builder] [SNAPSHOT_BUILT] symbol=EURUSD tfs=H4,H1,M15
[2026-06-29 09:58:18] [DEBUG] [hybrid_market_client] Fetching indicators for XAUUSD (QuantDinger only)
[2026-06-29 09:58:18] [DEBUG] [market_client] Candles XAUUSD 4H: 100 bars ✓
[2026-06-29 09:58:18] [DEBUG] [hybrid_market_client] ✓ Got live data from QuantDinger for XAUUSD
[2026-06-29 09:58:18] [DEBUG] [hybrid_market_client] Fetching indicators for XAUUSD (QuantDinger only)
[2026-06-29 09:58:18] [DEBUG] [market_client] Candles XAUUSD 4H: 100 bars ✓
[2026-06-29 09:58:18] [DEBUG] [hybrid_market_client] ✓ Got live data from QuantDinger for XAUUSD
[2026-06-29 09:58:18] [DEBUG] [hybrid_market_client] Fetching indicators for XAUUSD (QuantDinger only)
[2026-06-29 09:58:18] [DEBUG] [market_client] Candles XAUUSD 4H: 100 bars ✓
[2026-06-29 09:58:18] [DEBUG] [hybrid_market_client] ✓ Got live data from QuantDinger for XAUUSD
[2026-06-29 09:58:18] [INFO] [market_snapshot_builder] [SNAPSHOT_BUILT] symbol=XAUUSD tfs=H4,H1,M15
[2026-06-29 09:58:18] [DEBUG] [hybrid_market_client] Fetching indicators for GBPUSD (QuantDinger only)
[2026-06-29 09:58:18] [DEBUG] [market_client] Candles GBPUSD 4H: 100 bars ✓
[2026-06-29 09:58:18] [DEBUG] [hybrid_market_client] ✓ Got live data from QuantDinger for GBPUSD
[2026-06-29 09:58:18] [DEBUG] [hybrid_market_client] Fetching indicators for GBPUSD (QuantDinger only)
[2026-06-29 09:58:18] [DEBUG] [market_client] Candles GBPUSD 4H: 100 bars ✓
[2026-06-29 09:58:18] [DEBUG] [hybrid_market_client] ✓ Got live data from QuantDinger for GBPUSD
[2026-06-29 09:58:18] [DEBUG] [hybrid_market_client] Fetching indicators for GBPUSD (QuantDinger only)
[2026-06-29 09:58:18] [DEBUG] [market_client] Candles GBPUSD 4H: 100 bars ✓
[2026-06-29 09:58:18] [DEBUG] [hybrid_market_client] ✓ Got live data from QuantDinger for GBPUSD
[2026-06-29 09:58:18] [INFO] [market_snapshot_builder] [SNAPSHOT_BUILT] symbol=GBPUSD tfs=H4,H1,M15
[2026-06-29 09:58:18] [INFO] [main] --- EURUSD ---
[2026-06-29 09:58:21] [INFO] [deepseek] DEEPSEEK OK: {
  "impact_score": 75,
  "bias": "bullish",
  "confidence": 0.85,
  "reason": "الاتجاه صاعد والأخبا...
[2026-06-29 09:58:21] [INFO] [deepseek] AI EURUSD: bias=bullish impact=75.0 conf=0.85
[2026-06-29 09:58:21] [INFO] [signal_engine] [VERIFY] SIGNAL_INPUT bias=bullish score=75.0 confidence=0.85
[2026-06-29 09:58:21] [INFO] [signal_engine] [VERIFY] SIGNAL_RULE rule=confidence>=0.60 actual=0.85 result=True
[2026-06-29 09:58:21] [INFO] [signal_engine] [VERIFY] SIGNAL_RULE rule=score>=55 actual=75.0 result=True
[2026-06-29 09:58:21] [INFO] [signal_engine] [VERIFY] SIGNAL_RULE rule=bias in [bullish,bearish] actual=bullish result=True
[2026-06-29 09:58:21] [INFO] [signal_engine] [VERIFY] SIGNAL_FINAL direction=BUY score=75.0 confidence=0.85 valid=True
[2026-06-29 09:58:21] [DEBUG] [signal_engine] Signal: BUY score=75.0 conf=0.85 strength=قوي valid=True
[2026-06-29 09:58:21] [INFO] [sentiment] Sentiment EURUSD: neutral score=50 bull=4 bear=3
[2026-06-29 09:58:21] [DEBUG] [mtf] MTF (snapshot) EURUSD: H4=bullish H1=bullish M15=bullish aligned=True (strong)
[2026-06-29 09:58:21] [INFO] [main] [VERIFY][DATA_TRUTH] symbol=EURUSD timeframe=H4/H1/M15 news_fetched=True indicators_fetched=True live_data=True cached=False
[2026-06-29 09:58:21] [INFO] [voting_engine] EURUSD: MTF strongly aligned, boosting score 10%
[2026-06-29 09:58:21] [INFO] [risk_engine] Risk: Duplicate symbol blocked via MT5 - EURUSD already has an open position
[2026-06-29 09:58:21] [DEBUG] [hybrid_market_client] Fetching indicators for EURUSD (QuantDinger only)
[2026-06-29 09:58:21] [DEBUG] [market_client] Candles EURUSD 4H: 100 bars ✓
[2026-06-29 09:58:21] [DEBUG] [hybrid_market_client] ✓ Got live data from QuantDinger for EURUSD
[2026-06-29 09:58:21] [DEBUG] [hybrid_market_client] Fetching indicators for EURUSD (QuantDinger only)
[2026-06-29 09:58:21] [DEBUG] [market_client] Using cached candles for EURUSD 4H (age: 0s)
[2026-06-29 09:58:21] [DEBUG] [hybrid_market_client] ✓ Got live data from QuantDinger for EURUSD
[2026-06-29 09:58:21] [INFO] [sltp] SL/TP EURUSD: entry=1.1416828632354736 atr=0.00239 sl=1.1381 tp=1.14765
[2026-06-29 09:58:21] [INFO] [position_sizing] Position size: 0.5 (equity=74631, risk=0.000, sl_dist=0.00358, score=88, cons_loss=10)
[2026-06-29 09:58:21] [INFO] [xgboost_v2] [VERIFY] XGBOOST MODEL LOADED path=models/xgb_model.json available=True
[2026-06-29 09:58:21] [INFO] [xgboost_v2] XGBoost v2 model loaded successfully
[2026-06-29 09:58:21] [DEBUG] [xgboost_v2] V2 predict: rsi=68.0 atr=0.00239 regime=TRENDING session=asia dir=BUY -> p_win=0.869
[2026-06-29 09:58:21] [INFO] [xgboost_v2] [VERIFY] XGBOOST PREDICTION p_win=0.869 available=True
[2026-06-29 09:58:21] [INFO] [main] [VERIFY][DECISION_TRUTH] bias=bullish score=88.0 confidence=1.0 vote=BUY risk_passed=False sl_tp_calculated=True position_size=0.5 xgboost_p_win=0.8685081005096436 final_decision_valid=False reject_reason=Duplicate symbol blocked via MT5
[2026-06-29 09:58:21] [INFO] [main] --- XAUUSD ---
[2026-06-29 09:58:24] [INFO] [deepseek] DEEPSEEK OK: {"impact_score": 80, "bias": "bullish", "confidence": 0.85, "reason": "توجه صاعد قوي على جميع الأطر ...
[2026-06-29 09:58:24] [INFO] [deepseek] AI XAUUSD: bias=bullish impact=80.0 conf=0.85
[2026-06-29 09:58:24] [INFO] [signal_engine] [VERIFY] SIGNAL_INPUT bias=bullish score=80.0 confidence=0.85
[2026-06-29 09:58:24] [INFO] [signal_engine] [VERIFY] SIGNAL_RULE rule=confidence>=0.60 actual=0.85 result=True
[2026-06-29 09:58:24] [INFO] [signal_engine] [VERIFY] SIGNAL_RULE rule=score>=55 actual=80.0 result=True
[2026-06-29 09:58:24] [INFO] [signal_engine] [VERIFY] SIGNAL_RULE rule=bias in [bullish,bearish] actual=bullish result=True
[2026-06-29 09:58:24] [INFO] [signal_engine] [VERIFY] SIGNAL_FINAL direction=BUY score=80.0 confidence=0.85 valid=True
[2026-06-29 09:58:24] [DEBUG] [signal_engine] Signal: BUY score=80.0 conf=0.85 strength=قوي جداً valid=True
[2026-06-29 09:58:24] [INFO] [sentiment] Sentiment XAUUSD: bearish score=88 bull=1 bear=3
[2026-06-29 09:58:24] [DEBUG] [mtf] MTF (snapshot) XAUUSD: H4=bullish H1=bullish M15=bullish aligned=True (strong)
[2026-06-29 09:58:24] [INFO] [main] [VERIFY][DATA_TRUTH] symbol=XAUUSD timeframe=H4/H1/M15 news_fetched=True indicators_fetched=True live_data=True cached=False
[2026-06-29 09:58:24] [INFO] [voting_engine] XAUUSD: MTF strongly aligned, boosting score 10%
[2026-06-29 09:58:24] [WARNING] [risk_engine] Risk: Consecutive losses limit exceeded (XAUUSD BUY) - Consecutive losses: 10
[2026-06-29 09:58:24] [DEBUG] [hybrid_market_client] Fetching indicators for XAUUSD (QuantDinger only)
[2026-06-29 09:58:24] [DEBUG] [market_client] Candles XAUUSD 4H: 100 bars ✓
[2026-06-29 09:58:24] [DEBUG] [hybrid_market_client] ✓ Got live data from QuantDinger for XAUUSD
[2026-06-29 09:58:24] [DEBUG] [hybrid_market_client] Fetching indicators for XAUUSD (QuantDinger only)
[2026-06-29 09:58:24] [DEBUG] [market_client] Using cached candles for XAUUSD 4H (age: 0s)
[2026-06-29 09:58:24] [DEBUG] [hybrid_market_client] ✓ Got live data from QuantDinger for XAUUSD
[2026-06-29 09:58:24] [INFO] [sltp] SL/TP XAUUSD: entry=4077.10009765625 atr=35.26423 sl=4067.1001 tp=4165.26067
[2026-06-29 09:58:24] [INFO] [position_sizing] Position size: 0.1 (equity=74631, risk=0.001, sl_dist=10.00000, score=100, cons_loss=10)
[2026-06-29 09:58:24] [DEBUG] [xgboost_v2] V2 predict: rsi=62.1 atr=35.26423 regime=TRENDING session=asia dir=BUY -> p_win=0.370
[2026-06-29 09:58:24] [INFO] [xgboost_v2] [VERIFY] XGBOOST PREDICTION p_win=0.370 available=True
[2026-06-29 09:58:24] [INFO] [main] [VERIFY][DECISION_TRUTH] bias=bullish score=100 confidence=1.0 vote=BUY risk_passed=False sl_tp_calculated=True position_size=0.1 xgboost_p_win=0.3699963092803955 final_decision_valid=False reject_reason=p_win<threshold (p_win=0.370 threshold=0.6)
[2026-06-29 09:58:24] [INFO] [main] --- GBPUSD ---
[2026-06-29 09:58:27] [INFO] [deepseek] DEEPSEEK OK: {
  "impact_score": 60,
  "bias": "bullish",
  "confidence": 0.7,
  "reason": "الاتجاه صاعد على جميع...
[2026-06-29 09:58:27] [INFO] [deepseek] AI GBPUSD: bias=bullish impact=60.0 conf=0.70
[2026-06-29 09:58:27] [INFO] [signal_engine] [VERIFY] SIGNAL_INPUT bias=bullish score=60.0 confidence=0.7
[2026-06-29 09:58:27] [INFO] [signal_engine] [VERIFY] SIGNAL_RULE rule=confidence>=0.60 actual=0.7 result=True
[2026-06-29 09:58:27] [INFO] [signal_engine] [VERIFY] SIGNAL_RULE rule=score>=55 actual=60.0 result=True
[2026-06-29 09:58:27] [INFO] [signal_engine] [VERIFY] SIGNAL_RULE rule=bias in [bullish,bearish] actual=bullish result=True
[2026-06-29 09:58:27] [INFO] [signal_engine] [VERIFY] SIGNAL_FINAL direction=BUY score=60.0 confidence=0.7 valid=True
[2026-06-29 09:58:27] [DEBUG] [signal_engine] Signal: BUY score=60.0 conf=0.70 strength=متوسط valid=True
[2026-06-29 09:58:27] [INFO] [sentiment] Sentiment GBPUSD: bullish score=100 bull=1 bear=0
[2026-06-29 09:58:27] [DEBUG] [mtf] MTF (snapshot) GBPUSD: H4=bullish H1=bullish M15=bullish aligned=True (strong)
[2026-06-29 09:58:27] [INFO] [main] [VERIFY][DATA_TRUTH] symbol=GBPUSD timeframe=H4/H1/M15 news_fetched=True indicators_fetched=True live_data=True cached=False
[2026-06-29 09:58:27] [INFO] [voting_engine] GBPUSD: MTF strongly aligned, boosting score 10%
[2026-06-29 09:58:27] [WARNING] [risk_engine] Risk: Consecutive losses limit exceeded (GBPUSD BUY) - Consecutive losses: 10
[2026-06-29 09:58:27] [DEBUG] [hybrid_market_client] Fetching indicators for GBPUSD (QuantDinger only)
[2026-06-29 09:58:27] [DEBUG] [market_client] Candles GBPUSD 4H: 100 bars ✓
[2026-06-29 09:58:27] [DEBUG] [hybrid_market_client] ✓ Got live data from QuantDinger for GBPUSD
[2026-06-29 09:58:27] [DEBUG] [hybrid_market_client] Fetching indicators for GBPUSD (QuantDinger only)
[2026-06-29 09:58:27] [DEBUG] [market_client] Using cached candles for GBPUSD 4H (age: 0s)
[2026-06-29 09:58:27] [DEBUG] [hybrid_market_client] ✓ Got live data from QuantDinger for GBPUSD
[2026-06-29 09:58:27] [INFO] [sltp] SL/TP GBPUSD: entry=1.3227688074111938 atr=0.00266 sl=1.31878 tp=1.32941
[2026-06-29 09:58:27] [INFO] [position_sizing] Position size: 0.5 (equity=74631, risk=0.001, sl_dist=0.00399, score=94, cons_loss=10)
[2026-06-29 09:58:27] [DEBUG] [xgboost_v2] V2 predict: rsi=67.9 atr=0.00266 regime=TRENDING session=asia dir=BUY -> p_win=0.854
[2026-06-29 09:58:27] [INFO] [xgboost_v2] [VERIFY] XGBOOST PREDICTION p_win=0.854 available=True
[2026-06-29 09:58:27] [INFO] [main] [VERIFY][DECISION_TRUTH] bias=bullish score=94.1 confidence=1.0 vote=BUY risk_passed=False sl_tp_calculated=True position_size=0.5 xgboost_p_win=0.8542497754096985 final_decision_valid=False reject_reason=Consecutive losses: 10
[2026-06-29 09:58:27] [INFO] [adaptive_weights] EURUSD weights updated: {'ai': 0.239, 'trend': 0.239, 'momentum': 0.239, 'sentiment': 0.239, 'volatility': 0.043} | WR=13.6% PF=0
[2026-06-29 09:58:27] [INFO] [adaptive_weights] 🏆 أفضل زوج: EURUSD | WR=13.6% | PnL=190.0$
[2026-06-29 09:58:27] [INFO] [adaptive_weights] ⚠️ أسوأ زوج: XAUUSD | WR=0.0% | PnL=0.0$
[2026-06-29 09:58:27] [INFO] [main] Sleeping 1800s...
[2026-06-29 09:58:30] [INFO] [news_fetcher] Fetched 14 relevant news items
[2026-06-29 09:58:30] [INFO] [xgboost_exit_model] Loaded Exit Model from F:\files (2)\google\botdd\trading_bot_v3\models\xgboost_exit_model.json
[2026-06-29 09:58:30] [INFO] [xgboost_exit_model] [EXIT_MODEL] XGBoost prediction: probability=0.1%
[2026-06-29 09:58:42] [INFO] [news_fetcher] Fetched 14 relevant news items
[2026-06-29 09:58:42] [INFO] [xgboost_exit_model] Loaded Exit Model from F:\files (2)\google\botdd\trading_bot_v3\models\xgboost_exit_model.json
[2026-06-29 09:58:42] [INFO] [xgboost_exit_model] [EXIT_MODEL] XGBoost prediction: probability=0.1%
[2026-06-29 09:58:54] [INFO] [news_fetcher] Fetched 14 relevant news items
[2026-06-29 09:58:55] [INFO] [xgboost_exit_model] Loaded Exit Model from F:\files (2)\google\botdd\trading_bot_v3\models\xgboost_exit_model.json
[2026-06-29 09:58:55] [INFO] [xgboost_exit_model] [EXIT_MODEL] XGBoost prediction: probability=0.1%
[2026-06-29 09:59:06] [WARNING] [reconciliation] Unknown position in QD: 9314935503 EURUSD
[2026-06-29 09:59:06] [INFO] [reconciliation] Reconciliation: {'db_count': 0, 'qd_count': 1, 'fixes': 0, 'mismatches': ['QD orphan: 9314935503']}
[2026-06-29 09:59:06] [INFO] [news_fetcher] Fetched 14 relevant news items
[2026-06-29 09:59:06] [INFO] [xgboost_exit_model] Loaded Exit Model from F:\files (2)\google\botdd\trading_bot_v3\models\xgboost_exit_model.json
[2026-06-29 09:59:06] [INFO] [xgboost_exit_model] [EXIT_MODEL] XGBoost prediction: probability=0.1%
[2026-06-29 09:59:19] [INFO] [news_fetcher] Fetched 14 relevant news items
[2026-06-29 09:59:19] [INFO] [xgboost_exit_model] Loaded Exit Model from F:\files (2)\google\botdd\trading_bot_v3\models\xgboost_exit_model.json
[2026-06-29 09:59:19] [INFO] [xgboost_exit_model] [EXIT_MODEL] XGBoost prediction: probability=0.1%
[2026-06-29 09:59:31] [INFO] [news_fetcher] Fetched 14 relevant news items
[2026-06-29 09:59:31] [INFO] [xgboost_exit_model] Loaded Exit Model from F:\files (2)\google\botdd\trading_bot_v3\models\xgboost_exit_model.json
[2026-06-29 09:59:31] [INFO] [xgboost_exit_model] [EXIT_MODEL] XGBoost prediction: probability=0.1%
[2026-06-29 09:59:42] [INFO] [news_fetcher] Fetched 13 relevant news items
[2026-06-29 09:59:42] [INFO] [xgboost_exit_model] Loaded Exit Model from F:\files (2)\google\botdd\trading_bot_v3\models\xgboost_exit_model.json
[2026-06-29 09:59:42] [INFO] [xgboost_exit_model] [EXIT_MODEL] XGBoost prediction: probability=0.1%
[2026-06-29 09:59:54] [INFO] [news_fetcher] Fetched 13 relevant news items
[2026-06-29 09:59:54] [INFO] [xgboost_exit_model] Loaded Exit Model from F:\files (2)\google\botdd\trading_bot_v3\models\xgboost_exit_model.json
[2026-06-29 09:59:54] [INFO] [xgboost_exit_model] [EXIT_MODEL] XGBoost prediction: probability=0.1%
[2026-06-29 10:00:06] [WARNING] [reconciliation] Unknown position in QD: 9314935503 EURUSD
[2026-06-29 10:00:06] [INFO] [reconciliation] Reconciliation: {'db_count': 0, 'qd_count': 1, 'fixes': 0, 'mismatches': ['QD orphan: 9314935503']}
[2026-06-29 10:00:06] [INFO] [news_fetcher] Fetched 14 relevant news items
[2026-06-29 10:00:06] [INFO] [xgboost_exit_model] Loaded Exit Model from F:\files (2)\google\botdd\trading_bot_v3\models\xgboost_exit_model.json
[2026-06-29 10:00:06] [INFO] [xgboost_exit_model] [EXIT_MODEL] XGBoost prediction: probability=0.1%
[2026-06-29 10:00:19] [INFO] [news_fetcher] Fetched 13 relevant news items
[2026-06-29 10:00:19] [INFO] [xgboost_exit_model] Loaded Exit Model from F:\files (2)\google\botdd\trading_bot_v3\models\xgboost_exit_model.json
[2026-06-29 10:00:19] [INFO] [xgboost_exit_model] [EXIT_MODEL] XGBoost prediction: probability=0.1%
[2026-06-29 10:00:30] [INFO] [news_fetcher] Fetched 14 relevant news items
[2026-06-29 10:00:30] [INFO] [xgboost_exit_model] Loaded Exit Model from F:\files (2)\google\botdd\trading_bot_v3\models\xgboost_exit_model.json
[2026-06-29 10:00:30] [INFO] [xgboost_exit_model] [EXIT_MODEL] XGBoost prediction: probability=0.1%
[2026-06-29 10:00:41] [INFO] [news_fetcher] Fetched 14 relevant news items
[2026-06-29 10:00:41] [INFO] [xgboost_exit_model] Loaded Exit Model from F:\files (2)\google\botdd\trading_bot_v3\models\xgboost_exit_model.json
[2026-06-29 10:00:41] [INFO] [xgboost_exit_model] [EXIT_MODEL] XGBoost prediction: probability=0.1%
[2026-06-29 10:00:53] [INFO] [news_fetcher] Fetched 14 relevant news items
[2026-06-29 10:00:53] [INFO] [xgboost_exit_model] Loaded Exit Model from F:\files (2)\google\botdd\trading_bot_v3\models\xgboost_exit_model.json
[2026-06-29 10:00:53] [INFO] [xgboost_exit_model] [EXIT_MODEL] XGBoost prediction: probability=0.1%
[2026-06-29 10:01:05] [INFO] [news_fetcher] Fetched 14 relevant news items
[2026-06-29 10:01:05] [INFO] [xgboost_exit_model] Loaded Exit Model from F:\files (2)\google\botdd\trading_bot_v3\models\xgboost_exit_model.json
[2026-06-29 10:01:05] [INFO] [xgboost_exit_model] [EXIT_MODEL] XGBoost prediction: probability=0.1%
[2026-06-29 10:01:06] [WARNING] [reconciliation] Unknown position in QD: 9314935503 EURUSD
[2026-06-29 10:01:06] [INFO] [reconciliation] Reconciliation: {'db_count': 0, 'qd_count': 1, 'fixes': 0, 'mismatches': ['QD orphan: 9314935503']}
[2026-06-29 10:01:17] [INFO] [news_fetcher] Fetched 14 relevant news items
[2026-06-29 10:01:17] [INFO] [xgboost_exit_model] Loaded Exit Model from F:\files (2)\google\botdd\trading_bot_v3\models\xgboost_exit_model.json
[2026-06-29 10:01:17] [INFO] [xgboost_exit_model] [EXIT_MODEL] XGBoost prediction: probability=0.1%
[2026-06-29 10:01:28] [INFO] [news_fetcher] Fetched 14 relevant news items
[2026-06-29 10:01:28] [INFO] [xgboost_exit_model] Loaded Exit Model from F:\files (2)\google\botdd\trading_bot_v3\models\xgboost_exit_model.json
[2026-06-29 10:01:28] [INFO] [xgboost_exit_model] [EXIT_MODEL] XGBoost prediction: probability=0.1%
[2026-06-29 10:01:39] [INFO] [news_fetcher] Fetched 13 relevant news items
[2026-06-29 10:01:39] [INFO] [xgboost_exit_model] Loaded Exit Model from F:\files (2)\google\botdd\trading_bot_v3\models\xgboost_exit_model.json
[2026-06-29 10:01:39] [INFO] [xgboost_exit_model] [EXIT_MODEL] XGBoost prediction: probability=0.1%
[2026-06-29 10:13:32] [INFO] [main] Trading Bot V3 starting...
[2026-06-29 10:13:32] [INFO] [database] V3 Database initialized with all tables
[2026-06-29 10:13:33] [INFO] [qd_client] Logged in to QuantDinger
[2026-06-29 10:13:33] [INFO] [qd_client] MT5 connected
[2026-06-29 10:13:33] [INFO] [main] MT5 connected
[2026-06-29 10:13:33] [INFO] [telegram_bot] Telegram polling started
[2026-06-29 10:13:33] [INFO] [telegram_bot] Telegram bot V3 started
[2026-06-29 10:13:33] [INFO] [mt5_watchdog] MT5 watchdog started (V1 reconnect logic)
[2026-06-29 10:13:33] [INFO] [reconciliation] Reconciliation loop started (every 60s)
[2026-06-29 10:13:33] [INFO] [reconciliation] Reconciliation thread started (safety only)
[2026-06-29 10:13:33] [INFO] [post_entry_manager] PostEntryManager started
[2026-06-29 10:13:34] [INFO] [main] ==================================================
[2026-06-29 10:13:34] [INFO] [main] Cycle 1 at 10:13:34
[2026-06-29 10:13:43] [INFO] [news_fetcher] Fetched 14 relevant news items
[2026-06-29 10:13:43] [INFO] [main] Equity: 74613.35$ | News: 14
[2026-06-29 10:13:43] [DEBUG] [hybrid_market_client] Fetching indicators for EURUSD (QuantDinger only)
[2026-06-29 10:13:43] [DEBUG] [market_client] Candles EURUSD 4H: 100 bars ✓
[2026-06-29 10:13:43] [DEBUG] [hybrid_market_client] ✓ Got live data from QuantDinger for EURUSD
[2026-06-29 10:13:43] [DEBUG] [hybrid_market_client] Fetching indicators for EURUSD (QuantDinger only)
[2026-06-29 10:13:43] [DEBUG] [market_client] Candles EURUSD 4H: 100 bars ✓
[2026-06-29 10:13:43] [DEBUG] [hybrid_market_client] ✓ Got live data from QuantDinger for EURUSD
[2026-06-29 10:13:43] [DEBUG] [hybrid_market_client] Fetching indicators for EURUSD (QuantDinger only)
[2026-06-29 10:13:43] [DEBUG] [market_client] Candles EURUSD 4H: 100 bars ✓
[2026-06-29 10:13:43] [DEBUG] [hybrid_market_client] ✓ Got live data from QuantDinger for EURUSD
[2026-06-29 10:13:43] [INFO] [market_snapshot_builder] [SNAPSHOT_BUILT] symbol=EURUSD tfs=H4,H1,M15
[2026-06-29 10:13:43] [DEBUG] [hybrid_market_client] Fetching indicators for XAUUSD (QuantDinger only)
[2026-06-29 10:13:44] [DEBUG] [market_client] Candles XAUUSD 4H: 100 bars ✓
[2026-06-29 10:13:44] [DEBUG] [hybrid_market_client] ✓ Got live data from QuantDinger for XAUUSD
[2026-06-29 10:13:44] [DEBUG] [hybrid_market_client] Fetching indicators for XAUUSD (QuantDinger only)
[2026-06-29 10:13:44] [DEBUG] [market_client] Candles XAUUSD 4H: 100 bars ✓
[2026-06-29 10:13:44] [DEBUG] [hybrid_market_client] ✓ Got live data from QuantDinger for XAUUSD
[2026-06-29 10:13:44] [DEBUG] [hybrid_market_client] Fetching indicators for XAUUSD (QuantDinger only)
[2026-06-29 10:13:44] [DEBUG] [market_client] Candles XAUUSD 4H: 100 bars ✓
[2026-06-29 10:13:44] [DEBUG] [hybrid_market_client] ✓ Got live data from QuantDinger for XAUUSD
[2026-06-29 10:13:44] [INFO] [market_snapshot_builder] [SNAPSHOT_BUILT] symbol=XAUUSD tfs=H4,H1,M15
[2026-06-29 10:13:44] [DEBUG] [hybrid_market_client] Fetching indicators for GBPUSD (QuantDinger only)
[2026-06-29 10:13:44] [DEBUG] [market_client] Candles GBPUSD 4H: 100 bars ✓
[2026-06-29 10:13:44] [DEBUG] [hybrid_market_client] ✓ Got live data from QuantDinger for GBPUSD
[2026-06-29 10:13:44] [DEBUG] [hybrid_market_client] Fetching indicators for GBPUSD (QuantDinger only)
[2026-06-29 10:13:44] [DEBUG] [market_client] Candles GBPUSD 4H: 100 bars ✓
[2026-06-29 10:13:44] [DEBUG] [hybrid_market_client] ✓ Got live data from QuantDinger for GBPUSD
[2026-06-29 10:13:44] [DEBUG] [hybrid_market_client] Fetching indicators for GBPUSD (QuantDinger only)
[2026-06-29 10:13:44] [DEBUG] [market_client] Candles GBPUSD 4H: 100 bars ✓
[2026-06-29 10:13:44] [DEBUG] [hybrid_market_client] ✓ Got live data from QuantDinger for GBPUSD
[2026-06-29 10:13:44] [INFO] [market_snapshot_builder] [SNAPSHOT_BUILT] symbol=GBPUSD tfs=H4,H1,M15
[2026-06-29 10:13:44] [INFO] [main] --- EURUSD ---
[2026-06-29 10:13:48] [INFO] [deepseek] DEEPSEEK OK: {
  "impact_score": 75,
  "bias": "bullish",
  "confidence": 0.85,
  "reason": "الأخبار والتقنيات تد...
[2026-06-29 10:13:48] [INFO] [deepseek] AI EURUSD: bias=bullish impact=75.0 conf=0.85
[2026-06-29 10:13:48] [INFO] [signal_engine] [VERIFY] SIGNAL_INPUT bias=bullish score=75.0 confidence=0.85
[2026-06-29 10:13:48] [INFO] [signal_engine] [VERIFY] SIGNAL_RULE rule=confidence>=0.60 actual=0.85 result=True
[2026-06-29 10:13:48] [INFO] [signal_engine] [VERIFY] SIGNAL_RULE rule=score>=55 actual=75.0 result=True
[2026-06-29 10:13:48] [INFO] [signal_engine] [VERIFY] SIGNAL_RULE rule=bias in [bullish,bearish] actual=bullish result=True
[2026-06-29 10:13:48] [INFO] [signal_engine] [VERIFY] SIGNAL_FINAL direction=BUY score=75.0 confidence=0.85 valid=True
[2026-06-29 10:13:48] [DEBUG] [signal_engine] Signal: BUY score=75.0 conf=0.85 strength=قوي valid=True
[2026-06-29 10:13:48] [INFO] [sentiment] Sentiment EURUSD: neutral score=50 bull=4 bear=3
[2026-06-29 10:13:48] [DEBUG] [mtf] MTF (snapshot) EURUSD: H4=bullish H1=bullish M15=bullish aligned=True (strong)
[2026-06-29 10:13:48] [INFO] [main] [VERIFY][DATA_TRUTH] symbol=EURUSD timeframe=H4/H1/M15 news_fetched=True indicators_fetched=True live_data=True cached=False
[2026-06-29 10:13:48] [INFO] [voting_engine] EURUSD: MTF strongly aligned, boosting score 10%
[2026-06-29 10:13:48] [WARNING] [risk_engine] Risk: Consecutive losses limit exceeded (EURUSD BUY) - Consecutive losses: 10
[2026-06-29 10:13:48] [DEBUG] [hybrid_market_client] Fetching indicators for EURUSD (QuantDinger only)
[2026-06-29 10:13:48] [DEBUG] [market_client] Candles EURUSD 4H: 100 bars ✓
[2026-06-29 10:13:48] [DEBUG] [hybrid_market_client] ✓ Got live data from QuantDinger for EURUSD
[2026-06-29 10:13:48] [DEBUG] [hybrid_market_client] Fetching indicators for EURUSD (QuantDinger only)
[2026-06-29 10:13:48] [DEBUG] [market_client] Using cached candles for EURUSD 4H (age: 0s)
[2026-06-29 10:13:48] [DEBUG] [hybrid_market_client] ✓ Got live data from QuantDinger for EURUSD
[2026-06-29 10:13:48] [INFO] [sltp] SL/TP EURUSD: entry=1.1409013271331787 atr=0.00233 sl=1.1374 tp=1.14673
[2026-06-29 10:13:48] [INFO] [position_sizing] Position size: 0.5 (equity=74613, risk=0.000, sl_dist=0.00350, score=88, cons_loss=10)
[2026-06-29 10:13:48] [INFO] [xgboost_v2] [VERIFY] XGBOOST MODEL LOADED path=models/xgb_model.json available=True
[2026-06-29 10:13:48] [INFO] [xgboost_v2] XGBoost v2 model loaded successfully
[2026-06-29 10:13:48] [DEBUG] [xgboost_v2] V2 predict: rsi=63.0 atr=0.00233 regime=TRENDING session=london dir=BUY -> p_win=0.391
[2026-06-29 10:13:48] [INFO] [xgboost_v2] [VERIFY] XGBOOST PREDICTION p_win=0.391 available=True
[2026-06-29 10:13:48] [INFO] [main] [VERIFY][DECISION_TRUTH] bias=bullish score=88.0 confidence=1.0 vote=BUY risk_passed=False sl_tp_calculated=True position_size=0.5 xgboost_p_win=0.39098265767097473 final_decision_valid=False reject_reason=p_win<threshold (p_win=0.391 threshold=0.6)
[2026-06-29 10:13:48] [INFO] [main] --- XAUUSD ---
[2026-06-29 10:13:52] [INFO] [deepseek] DEEPSEEK OK: {
  "impact_score": 60,
  "bias": "bullish",
  "confidence": 0.7,
  "reason": "الاتجاه صعودي والأخبا...
[2026-06-29 10:13:52] [INFO] [deepseek] AI XAUUSD: bias=bullish impact=60.0 conf=0.70
[2026-06-29 10:13:52] [INFO] [signal_engine] [VERIFY] SIGNAL_INPUT bias=bullish score=60.0 confidence=0.7
[2026-06-29 10:13:52] [INFO] [signal_engine] [VERIFY] SIGNAL_RULE rule=confidence>=0.60 actual=0.7 result=True
[2026-06-29 10:13:52] [INFO] [signal_engine] [VERIFY] SIGNAL_RULE rule=score>=55 actual=60.0 result=True
[2026-06-29 10:13:52] [INFO] [signal_engine] [VERIFY] SIGNAL_RULE rule=bias in [bullish,bearish] actual=bullish result=True
[2026-06-29 10:13:52] [INFO] [signal_engine] [VERIFY] SIGNAL_FINAL direction=BUY score=60.0 confidence=0.7 valid=True
[2026-06-29 10:13:52] [DEBUG] [signal_engine] Signal: BUY score=60.0 conf=0.70 strength=متوسط valid=True
[2026-06-29 10:13:52] [INFO] [sentiment] Sentiment XAUUSD: bearish score=88 bull=1 bear=3
[2026-06-29 10:13:52] [DEBUG] [mtf] MTF (snapshot) XAUUSD: H4=bullish H1=bullish M15=bullish aligned=True (strong)
[2026-06-29 10:13:52] [INFO] [main] [VERIFY][DATA_TRUTH] symbol=XAUUSD timeframe=H4/H1/M15 news_fetched=True indicators_fetched=True live_data=True cached=False
[2026-06-29 10:13:52] [INFO] [voting_engine] XAUUSD: MTF strongly aligned, boosting score 10%
[2026-06-29 10:13:52] [WARNING] [risk_engine] Risk: Consecutive losses limit exceeded (XAUUSD BUY) - Consecutive losses: 10
[2026-06-29 10:13:52] [DEBUG] [hybrid_market_client] Fetching indicators for XAUUSD (QuantDinger only)
[2026-06-29 10:13:52] [DEBUG] [market_client] Candles XAUUSD 4H: 100 bars ✓
[2026-06-29 10:13:52] [DEBUG] [hybrid_market_client] ✓ Got live data from QuantDinger for XAUUSD
[2026-06-29 10:13:52] [DEBUG] [hybrid_market_client] Fetching indicators for XAUUSD (QuantDinger only)
[2026-06-29 10:13:52] [DEBUG] [market_client] Using cached candles for XAUUSD 4H (age: 0s)
[2026-06-29 10:13:52] [DEBUG] [hybrid_market_client] ✓ Got live data from QuantDinger for XAUUSD
[2026-06-29 10:13:52] [INFO] [sltp] SL/TP XAUUSD: entry=4074.199951171875 atr=35.26423 sl=4064.19995 tp=4162.36053
[2026-06-29 10:13:52] [INFO] [position_sizing] Position size: 0.1 (equity=74613, risk=0.001, sl_dist=10.00000, score=92, cons_loss=10)
[2026-06-29 10:13:52] [DEBUG] [xgboost_v2] V2 predict: rsi=61.4 atr=35.26423 regime=TRENDING session=london dir=BUY -> p_win=0.370
[2026-06-29 10:13:52] [INFO] [xgboost_v2] [VERIFY] XGBOOST PREDICTION p_win=0.370 available=True
[2026-06-29 10:13:52] [INFO] [main] [VERIFY][DECISION_TRUTH] bias=bullish score=92.5 confidence=1.0 vote=BUY risk_passed=False sl_tp_calculated=True position_size=0.1 xgboost_p_win=0.3699963092803955 final_decision_valid=False reject_reason=p_win<threshold (p_win=0.370 threshold=0.6)
[2026-06-29 10:13:52] [INFO] [main] --- GBPUSD ---
[2026-06-29 10:13:55] [INFO] [deepseek] DEEPSEEK OK: {"impact_score": 75, "bias": "bullish", "confidence": 0.85, "reason": "الاتجاه صاعد والدولار ضعيف وف...
[2026-06-29 10:13:55] [INFO] [deepseek] AI GBPUSD: bias=bullish impact=75.0 conf=0.85
[2026-06-29 10:13:55] [INFO] [signal_engine] [VERIFY] SIGNAL_INPUT bias=bullish score=75.0 confidence=0.85
[2026-06-29 10:13:55] [INFO] [signal_engine] [VERIFY] SIGNAL_RULE rule=confidence>=0.60 actual=0.85 result=True
[2026-06-29 10:13:55] [INFO] [signal_engine] [VERIFY] SIGNAL_RULE rule=score>=55 actual=75.0 result=True
[2026-06-29 10:13:55] [INFO] [signal_engine] [VERIFY] SIGNAL_RULE rule=bias in [bullish,bearish] actual=bullish result=True
[2026-06-29 10:13:55] [INFO] [signal_engine] [VERIFY] SIGNAL_FINAL direction=BUY score=75.0 confidence=0.85 valid=True
[2026-06-29 10:13:55] [DEBUG] [signal_engine] Signal: BUY score=75.0 conf=0.85 strength=قوي valid=True
[2026-06-29 10:13:55] [INFO] [sentiment] Sentiment GBPUSD: bullish score=100 bull=1 bear=0
[2026-06-29 10:13:55] [DEBUG] [mtf] MTF (snapshot) GBPUSD: H4=bullish H1=bullish M15=bullish aligned=True (strong)
[2026-06-29 10:13:55] [INFO] [main] [VERIFY][DATA_TRUTH] symbol=GBPUSD timeframe=H4/H1/M15 news_fetched=True indicators_fetched=True live_data=True cached=False
[2026-06-29 10:13:55] [INFO] [voting_engine] GBPUSD: MTF strongly aligned, boosting score 10%
[2026-06-29 10:13:55] [WARNING] [risk_engine] Risk: Consecutive losses limit exceeded (GBPUSD BUY) - Consecutive losses: 10
[2026-06-29 10:13:55] [DEBUG] [hybrid_market_client] Fetching indicators for GBPUSD (QuantDinger only)
[2026-06-29 10:13:55] [DEBUG] [market_client] Candles GBPUSD 4H: 100 bars ✓
[2026-06-29 10:13:55] [DEBUG] [hybrid_market_client] ✓ Got live data from QuantDinger for GBPUSD
[2026-06-29 10:13:55] [DEBUG] [hybrid_market_client] Fetching indicators for GBPUSD (QuantDinger only)
[2026-06-29 10:13:55] [DEBUG] [market_client] Using cached candles for GBPUSD 4H (age: 0s)
[2026-06-29 10:13:55] [DEBUG] [hybrid_market_client] ✓ Got live data from QuantDinger for GBPUSD
[2026-06-29 10:13:55] [INFO] [sltp] SL/TP GBPUSD: entry=1.3219819068908691 atr=0.00254 sl=1.31817 tp=1.32834
[2026-06-29 10:13:55] [INFO] [position_sizing] Position size: 0.5 (equity=74613, risk=0.001, sl_dist=0.00381, score=100, cons_loss=10)
[2026-06-29 10:13:56] [DEBUG] [xgboost_v2] V2 predict: rsi=62.5 atr=0.00254 regime=TRENDING session=london dir=BUY -> p_win=0.528
[2026-06-29 10:13:56] [INFO] [xgboost_v2] [VERIFY] XGBOOST PREDICTION p_win=0.528 available=True
[2026-06-29 10:13:56] [INFO] [main] [VERIFY][DECISION_TRUTH] bias=bullish score=100 confidence=1.0 vote=BUY risk_passed=False sl_tp_calculated=True position_size=0.5 xgboost_p_win=0.5282156467437744 final_decision_valid=False reject_reason=p_win<threshold (p_win=0.528 threshold=0.6)
[2026-06-29 10:13:56] [INFO] [adaptive_weights] EURUSD weights updated: {'ai': 0.239, 'trend': 0.239, 'momentum': 0.239, 'sentiment': 0.239, 'volatility': 0.043} | WR=13.6% PF=0
[2026-06-29 10:13:56] [INFO] [adaptive_weights] 🏆 أفضل زوج: EURUSD | WR=13.6% | PnL=190.0$
[2026-06-29 10:13:56] [INFO] [adaptive_weights] ⚠️ أسوأ زوج: XAUUSD | WR=0.0% | PnL=0.0$
[2026-06-29 10:13:56] [INFO] [main] Sleeping 1800s...
[2026-06-29 10:15:06] [WARNING] [mt5_watchdog] MT5 disconnected! Attempt 1/3
[2026-06-29 10:15:07] [INFO] [qd_client] Logged in to QuantDinger
[2026-06-29 10:15:07] [INFO] [mt5_watchdog] MT5 already connected
[2026-06-29 10:15:07] [INFO] [mt5_watchdog] MT5 reconnected successfully!
[2026-06-29 10:16:33] [WARNING] [mt5_watchdog] MT5 disconnected! Attempt 1/3
[2026-06-29 10:16:34] [INFO] [qd_client] Logged in to QuantDinger
[2026-06-29 10:16:34] [INFO] [mt5_watchdog] MT5 already connected
[2026-06-29 10:16:34] [INFO] [mt5_watchdog] MT5 reconnected successfully!
[2026-06-29 13:55:13] [INFO] [main] Trading Bot V3 starting...
[2026-06-29 13:55:13] [INFO] [database] V3 Database initialized with all tables
[2026-06-29 13:55:14] [INFO] [qd_client] Logged in to QuantDinger
[2026-06-29 13:55:14] [INFO] [qd_client] MT5 connected
[2026-06-29 13:55:14] [INFO] [main] MT5 connected
[2026-06-29 13:55:14] [INFO] [telegram_bot] Telegram polling started
[2026-06-29 13:55:14] [INFO] [telegram_bot] Telegram bot V3 started
[2026-06-29 13:55:14] [INFO] [mt5_watchdog] MT5 watchdog started (V1 reconnect logic)
[2026-06-29 13:55:14] [INFO] [reconciliation] Reconciliation loop started (every 60s)
[2026-06-29 13:55:14] [INFO] [reconciliation] Reconciliation thread started (safety only)
[2026-06-29 13:55:14] [INFO] [post_entry_manager] PostEntryManager started
[2026-06-29 13:55:15] [INFO] [main] ==================================================
[2026-06-29 13:55:15] [INFO] [main] Cycle 1 at 13:55:15
[2026-06-29 13:55:25] [INFO] [news_fetcher] Fetched 18 relevant news items
[2026-06-29 13:55:25] [INFO] [main] Equity: 74613.35$ | News: 18
[2026-06-29 13:55:25] [DEBUG] [hybrid_market_client] Fetching indicators for EURUSD (QuantDinger only)
[2026-06-29 13:55:26] [DEBUG] [market_client] Candles EURUSD 4H: 100 bars ✓
[2026-06-29 13:55:26] [DEBUG] [hybrid_market_client] ✓ Got live data from QuantDinger for EURUSD
[2026-06-29 13:55:26] [DEBUG] [hybrid_market_client] Fetching indicators for EURUSD (QuantDinger only)
[2026-06-29 13:55:26] [DEBUG] [market_client] Candles EURUSD 4H: 100 bars ✓
[2026-06-29 13:55:26] [DEBUG] [hybrid_market_client] ✓ Got live data from QuantDinger for EURUSD
[2026-06-29 13:55:26] [DEBUG] [hybrid_market_client] Fetching indicators for EURUSD (QuantDinger only)
[2026-06-29 13:55:26] [DEBUG] [market_client] Candles EURUSD 4H: 100 bars ✓
[2026-06-29 13:55:26] [DEBUG] [hybrid_market_client] ✓ Got live data from QuantDinger for EURUSD
[2026-06-29 13:55:26] [INFO] [market_snapshot_builder] [SNAPSHOT_BUILT] symbol=EURUSD tfs=H4,H1,M15
[2026-06-29 13:55:26] [DEBUG] [hybrid_market_client] Fetching indicators for XAUUSD (QuantDinger only)
[2026-06-29 13:55:26] [DEBUG] [market_client] Candles XAUUSD 4H: 100 bars ✓
[2026-06-29 13:55:26] [DEBUG] [hybrid_market_client] ✓ Got live data from QuantDinger for XAUUSD
[2026-06-29 13:55:26] [DEBUG] [hybrid_market_client] Fetching indicators for XAUUSD (QuantDinger only)
[2026-06-29 13:55:26] [DEBUG] [market_client] Candles XAUUSD 4H: 100 bars ✓
[2026-06-29 13:55:26] [DEBUG] [hybrid_market_client] ✓ Got live data from QuantDinger for XAUUSD
[2026-06-29 13:55:26] [DEBUG] [hybrid_market_client] Fetching indicators for XAUUSD (QuantDinger only)
[2026-06-29 13:55:26] [DEBUG] [market_client] Candles XAUUSD 4H: 100 bars ✓
[2026-06-29 13:55:26] [DEBUG] [hybrid_market_client] ✓ Got live data from QuantDinger for XAUUSD
[2026-06-29 13:55:26] [INFO] [market_snapshot_builder] [SNAPSHOT_BUILT] symbol=XAUUSD tfs=H4,H1,M15
[2026-06-29 13:55:26] [DEBUG] [hybrid_market_client] Fetching indicators for GBPUSD (QuantDinger only)
[2026-06-29 13:55:27] [DEBUG] [market_client] Candles GBPUSD 4H: 100 bars ✓
[2026-06-29 13:55:27] [DEBUG] [hybrid_market_client] ✓ Got live data from QuantDinger for GBPUSD
[2026-06-29 13:55:27] [DEBUG] [hybrid_market_client] Fetching indicators for GBPUSD (QuantDinger only)
[2026-06-29 13:55:27] [DEBUG] [market_client] Candles GBPUSD 4H: 100 bars ✓
[2026-06-29 13:55:27] [DEBUG] [hybrid_market_client] ✓ Got live data from QuantDinger for GBPUSD
[2026-06-29 13:55:27] [DEBUG] [hybrid_market_client] Fetching indicators for GBPUSD (QuantDinger only)
[2026-06-29 13:55:27] [DEBUG] [market_client] Candles GBPUSD 4H: 100 bars ✓
[2026-06-29 13:55:27] [DEBUG] [hybrid_market_client] ✓ Got live data from QuantDinger for GBPUSD
[2026-06-29 13:55:27] [INFO] [market_snapshot_builder] [SNAPSHOT_BUILT] symbol=GBPUSD tfs=H4,H1,M15
[2026-06-29 13:55:27] [INFO] [main] --- EURUSD ---
[2026-06-29 13:55:31] [INFO] [deepseek] DEEPSEEK OK: {
  "impact_score": 65,
  "bias": "bullish",
  "confidence": 0.7,
  "reason": "الاتجاه الصاعد قوي عل...
[2026-06-29 13:55:31] [INFO] [deepseek] AI EURUSD: bias=bullish impact=65.0 conf=0.70
[2026-06-29 13:55:31] [INFO] [signal_engine] [VERIFY] SIGNAL_INPUT bias=bullish score=65.0 confidence=0.7
[2026-06-29 13:55:31] [INFO] [signal_engine] [VERIFY] SIGNAL_RULE rule=confidence>=0.60 actual=0.7 result=True
[2026-06-29 13:55:31] [INFO] [signal_engine] [VERIFY] SIGNAL_RULE rule=score>=55 actual=65.0 result=True
[2026-06-29 13:55:31] [INFO] [signal_engine] [VERIFY] SIGNAL_RULE rule=bias in [bullish,bearish] actual=bullish result=True
[2026-06-29 13:55:31] [INFO] [signal_engine] [VERIFY] SIGNAL_FINAL direction=BUY score=65.0 confidence=0.7 valid=True
[2026-06-29 13:55:31] [DEBUG] [signal_engine] Signal: BUY score=65.0 conf=0.70 strength=متوسط valid=True
[2026-06-29 13:55:31] [INFO] [sentiment] Sentiment EURUSD: neutral score=50 bull=3 bear=2
[2026-06-29 13:55:31] [DEBUG] [mtf] MTF (snapshot) EURUSD: H4=bullish H1=bullish M15=bullish aligned=True (strong)
[2026-06-29 13:55:31] [INFO] [main] [VERIFY][DATA_TRUTH] symbol=EURUSD timeframe=H4/H1/M15 news_fetched=True indicators_fetched=True live_data=True cached=False
[2026-06-29 13:55:31] [INFO] [voting_engine] EURUSD: MTF strongly aligned, boosting score 10%
[2026-06-29 13:55:31] [WARNING] [risk_engine] Risk: Consecutive losses limit exceeded (EURUSD BUY) - Consecutive losses: 10
[2026-06-29 13:55:31] [DEBUG] [hybrid_market_client] Fetching indicators for EURUSD (QuantDinger only)
[2026-06-29 13:55:31] [DEBUG] [market_client] Candles EURUSD 4H: 100 bars ✓
[2026-06-29 13:55:31] [DEBUG] [hybrid_market_client] ✓ Got live data from QuantDinger for EURUSD
[2026-06-29 13:55:31] [DEBUG] [hybrid_market_client] Fetching indicators for EURUSD (QuantDinger only)
[2026-06-29 13:55:31] [DEBUG] [market_client] Using cached candles for EURUSD 4H (age: 0s)
[2026-06-29 13:55:31] [DEBUG] [hybrid_market_client] ✓ Got live data from QuantDinger for EURUSD
[2026-06-29 13:55:31] [INFO] [sltp] SL/TP EURUSD: entry=1.1407711505889893 atr=0.00243 sl=1.13713 tp=1.14684
[2026-06-29 13:55:31] [INFO] [position_sizing] Position size: 0.5 (equity=74613, risk=0.000, sl_dist=0.00364, score=83, cons_loss=10)
[2026-06-29 13:55:31] [INFO] [xgboost_v2] [VERIFY] XGBOOST MODEL LOADED path=models/xgb_model.json available=True
[2026-06-29 13:55:31] [INFO] [xgboost_v2] XGBoost v2 model loaded successfully
[2026-06-29 13:55:31] [DEBUG] [xgboost_v2] V2 predict: rsi=62.5 atr=0.00243 regime=TRENDING session=london dir=BUY -> p_win=0.513
[2026-06-29 13:55:31] [INFO] [xgboost_v2] [VERIFY] XGBOOST PREDICTION p_win=0.513 available=True
[2026-06-29 13:55:31] [INFO] [main] [VERIFY][DECISION_TRUTH] bias=bullish score=83.1 confidence=1.0 vote=BUY risk_passed=False sl_tp_calculated=True position_size=0.5 xgboost_p_win=0.5133752822875977 final_decision_valid=False reject_reason=p_win<threshold (p_win=0.513 threshold=0.6)
[2026-06-29 13:55:31] [INFO] [main] --- XAUUSD ---
[2026-06-29 13:55:36] [INFO] [deepseek] DEEPSEEK OK: {
  "impact_score": 65,
  "bias": "bullish",
  "confidence": 0.7,
  "reason": "الاتجاه الصاعد على جم...
[2026-06-29 13:55:36] [INFO] [deepseek] AI XAUUSD: bias=bullish impact=65.0 conf=0.70
[2026-06-29 13:55:36] [INFO] [signal_engine] [VERIFY] SIGNAL_INPUT bias=bullish score=65.0 confidence=0.7
[2026-06-29 13:55:36] [INFO] [signal_engine] [VERIFY] SIGNAL_RULE rule=confidence>=0.60 actual=0.7 result=True
[2026-06-29 13:55:36] [INFO] [signal_engine] [VERIFY] SIGNAL_RULE rule=score>=55 actual=65.0 result=True
[2026-06-29 13:55:36] [INFO] [signal_engine] [VERIFY] SIGNAL_RULE rule=bias in [bullish,bearish] actual=bullish result=True
[2026-06-29 13:55:36] [INFO] [signal_engine] [VERIFY] SIGNAL_FINAL direction=BUY score=65.0 confidence=0.7 valid=True
[2026-06-29 13:55:36] [DEBUG] [signal_engine] Signal: BUY score=65.0 conf=0.70 strength=متوسط valid=True
[2026-06-29 13:55:36] [INFO] [sentiment] Sentiment XAUUSD: bearish score=100 bull=0 bear=1
[2026-06-29 13:55:36] [DEBUG] [mtf] MTF (snapshot) XAUUSD: H4=bullish H1=bullish M15=bullish aligned=True (strong)
[2026-06-29 13:55:36] [INFO] [main] [VERIFY][DATA_TRUTH] symbol=XAUUSD timeframe=H4/H1/M15 news_fetched=True indicators_fetched=True live_data=True cached=False
[2026-06-29 13:55:36] [INFO] [voting_engine] XAUUSD: MTF strongly aligned, boosting score 10%
[2026-06-29 13:55:36] [WARNING] [risk_engine] Risk: Consecutive losses limit exceeded (XAUUSD BUY) - Consecutive losses: 10
[2026-06-29 13:55:36] [DEBUG] [hybrid_market_client] Fetching indicators for XAUUSD (QuantDinger only)
[2026-06-29 13:55:36] [DEBUG] [market_client] Candles XAUUSD 4H: 100 bars ✓
[2026-06-29 13:55:36] [DEBUG] [hybrid_market_client] ✓ Got live data from QuantDinger for XAUUSD
[2026-06-29 13:55:36] [DEBUG] [hybrid_market_client] Fetching indicators for XAUUSD (QuantDinger only)
[2026-06-29 13:55:36] [DEBUG] [market_client] Using cached candles for XAUUSD 4H (age: 0s)
[2026-06-29 13:55:36] [DEBUG] [hybrid_market_client] ✓ Got live data from QuantDinger for XAUUSD
[2026-06-29 13:55:36] [INFO] [sltp] SL/TP XAUUSD: entry=4049.300048828125 atr=36.24995 sl=4039.30005 tp=4139.92492
[2026-06-29 13:55:36] [INFO] [position_sizing] Position size: 0.1 (equity=74613, risk=0.001, sl_dist=10.00000, score=96, cons_loss=10)
[2026-06-29 13:55:36] [DEBUG] [xgboost_v2] V2 predict: rsi=58.0 atr=36.24995 regime=TRENDING session=london dir=BUY -> p_win=0.190
[2026-06-29 13:55:36] [INFO] [xgboost_v2] [VERIFY] XGBOOST PREDICTION p_win=0.190 available=True
[2026-06-29 13:55:36] [INFO] [main] [VERIFY][DECISION_TRUTH] bias=bullish score=96.5 confidence=1.0 vote=BUY risk_passed=False sl_tp_calculated=True position_size=0.1 xgboost_p_win=0.18959566950798035 final_decision_valid=False reject_reason=p_win<threshold (p_win=0.190 threshold=0.6)
[2026-06-29 13:55:36] [INFO] [main] --- GBPUSD ---
[2026-06-29 13:55:41] [INFO] [deepseek] DEEPSEEK OK: {
  "impact_score": 65,
  "bias": "bearish",
  "confidence": 0.6,
  "reason": "قوة الدولار تضغط على ...
[2026-06-29 13:55:41] [INFO] [deepseek] AI GBPUSD: bias=bearish impact=65.0 conf=0.60
[2026-06-29 13:55:41] [INFO] [signal_engine] [VERIFY] SIGNAL_INPUT bias=bearish score=65.0 confidence=0.6
[2026-06-29 13:55:41] [INFO] [signal_engine] [VERIFY] SIGNAL_RULE rule=confidence>=0.60 actual=0.6 result=True
[2026-06-29 13:55:41] [INFO] [signal_engine] [VERIFY] SIGNAL_RULE rule=score>=55 actual=65.0 result=True
[2026-06-29 13:55:41] [INFO] [signal_engine] [VERIFY] SIGNAL_RULE rule=bias in [bullish,bearish] actual=bearish result=True
[2026-06-29 13:55:41] [INFO] [signal_engine] [VERIFY] SIGNAL_FINAL direction=SELL score=65.0 confidence=0.6 valid=True
[2026-06-29 13:55:41] [DEBUG] [signal_engine] Signal: SELL score=65.0 conf=0.60 strength=متوسط valid=True
[2026-06-29 13:55:41] [INFO] [sentiment] Sentiment GBPUSD: bullish score=100 bull=1 bear=0
[2026-06-29 13:55:41] [DEBUG] [mtf] MTF (snapshot) GBPUSD: H4=bullish H1=bullish M15=bullish aligned=True (strong)
[2026-06-29 13:55:41] [INFO] [main] [VERIFY][DATA_TRUTH] symbol=GBPUSD timeframe=H4/H1/M15 news_fetched=True indicators_fetched=True live_data=True cached=False
[2026-06-29 13:55:41] [INFO] [voting_engine] GBPUSD: MTF strongly aligned, boosting score 10%
[2026-06-29 13:55:41] [WARNING] [risk_engine] Risk: Consecutive losses limit exceeded (GBPUSD BUY) - Consecutive losses: 10
[2026-06-29 13:55:41] [DEBUG] [hybrid_market_client] Fetching indicators for GBPUSD (QuantDinger only)
[2026-06-29 13:55:41] [DEBUG] [market_client] Candles GBPUSD 4H: 100 bars ✓
[2026-06-29 13:55:41] [DEBUG] [hybrid_market_client] ✓ Got live data from QuantDinger for GBPUSD
[2026-06-29 13:55:41] [DEBUG] [hybrid_market_client] Fetching indicators for GBPUSD (QuantDinger only)
[2026-06-29 13:55:41] [DEBUG] [market_client] Using cached candles for GBPUSD 4H (age: 0s)
[2026-06-29 13:55:41] [DEBUG] [hybrid_market_client] ✓ Got live data from QuantDinger for GBPUSD
[2026-06-29 13:55:41] [INFO] [sltp] SL/TP GBPUSD: entry=1.322541356086731 atr=0.00266 sl=1.31855 tp=1.32919
[2026-06-29 13:55:41] [INFO] [position_sizing] Position size: 0.5 (equity=74613, risk=0.000, sl_dist=0.00399, score=55, cons_loss=10)
[2026-06-29 13:55:41] [DEBUG] [xgboost_v2] V2 predict: rsi=64.6 atr=0.00266 regime=TRENDING session=london dir=BUY -> p_win=0.400
[2026-06-29 13:55:41] [INFO] [xgboost_v2] [VERIFY] XGBOOST PREDICTION p_win=0.400 available=True
[2026-06-29 13:55:41] [INFO] [main] [VERIFY][DECISION_TRUTH] bias=bearish score=55.2 confidence=0.475 vote=BUY risk_passed=False sl_tp_calculated=True position_size=0.5 xgboost_p_win=0.39979082345962524 final_decision_valid=False reject_reason=p_win<threshold (p_win=0.400 threshold=0.6)
[2026-06-29 13:55:41] [INFO] [adaptive_weights] EURUSD weights updated: {'ai': 0.239, 'trend': 0.239, 'momentum': 0.239, 'sentiment': 0.239, 'volatility': 0.043} | WR=13.6% PF=0
[2026-06-29 13:55:41] [INFO] [adaptive_weights] 🏆 أفضل زوج: EURUSD | WR=13.6% | PnL=190.0$
[2026-06-29 13:55:41] [INFO] [adaptive_weights] ⚠️ أسوأ زوج: XAUUSD | WR=0.0% | PnL=0.0$
[2026-06-29 13:55:41] [INFO] [main] Sleeping 1800s...
[2026-06-29 14:24:02] [INFO] [main] Trading Bot V3 starting...
[2026-06-29 14:24:02] [INFO] [database] V3 Database initialized with all tables
[2026-06-29 14:24:03] [INFO] [qd_client] Logged in to QuantDinger
[2026-06-29 14:24:03] [INFO] [qd_client] MT5 connected
[2026-06-29 14:24:03] [INFO] [main] MT5 connected
[2026-06-29 14:24:03] [INFO] [telegram_bot] Telegram polling started
[2026-06-29 14:24:03] [INFO] [telegram_bot] Telegram bot V3 started
[2026-06-29 14:24:03] [INFO] [mt5_watchdog] MT5 watchdog started (V1 reconnect logic)
[2026-06-29 14:24:03] [INFO] [reconciliation] Reconciliation loop started (every 60s)
[2026-06-29 14:24:03] [INFO] [reconciliation] Reconciliation thread started (safety only)
[2026-06-29 14:24:03] [INFO] [post_entry_manager] PostEntryManager started
[2026-06-29 14:24:04] [INFO] [main] ==================================================
[2026-06-29 14:24:04] [INFO] [main] Cycle 1 at 14:24:04
[2026-06-29 14:24:13] [INFO] [news_fetcher] Fetched 20 relevant news items
[2026-06-29 14:24:13] [INFO] [main] Equity: 74613.35$ | News: 20
[2026-06-29 14:24:13] [DEBUG] [hybrid_market_client] Fetching indicators for EURUSD (QuantDinger only)
[2026-06-29 14:24:14] [DEBUG] [market_client] Candles EURUSD 4H: 100 bars ✓
[2026-06-29 14:24:14] [DEBUG] [hybrid_market_client] ✓ Got live data from QuantDinger for EURUSD
[2026-06-29 14:24:14] [DEBUG] [hybrid_market_client] Fetching indicators for EURUSD (QuantDinger only)
[2026-06-29 14:24:14] [DEBUG] [market_client] Candles EURUSD 4H: 100 bars ✓
[2026-06-29 14:24:14] [DEBUG] [hybrid_market_client] ✓ Got live data from QuantDinger for EURUSD
[2026-06-29 14:24:14] [DEBUG] [hybrid_market_client] Fetching indicators for EURUSD (QuantDinger only)
[2026-06-29 14:24:14] [DEBUG] [market_client] Candles EURUSD 4H: 100 bars ✓
[2026-06-29 14:24:14] [DEBUG] [hybrid_market_client] ✓ Got live data from QuantDinger for EURUSD
[2026-06-29 14:24:14] [INFO] [market_snapshot_builder] [SNAPSHOT_BUILT] symbol=EURUSD tfs=H4,H1,M15
[2026-06-29 14:24:14] [DEBUG] [hybrid_market_client] Fetching indicators for XAUUSD (QuantDinger only)
[2026-06-29 14:24:14] [DEBUG] [market_client] Candles XAUUSD 4H: 100 bars ✓
[2026-06-29 14:24:14] [DEBUG] [hybrid_market_client] ✓ Got live data from QuantDinger for XAUUSD
[2026-06-29 14:24:14] [DEBUG] [hybrid_market_client] Fetching indicators for XAUUSD (QuantDinger only)
[2026-06-29 14:24:14] [DEBUG] [market_client] Candles XAUUSD 4H: 100 bars ✓
[2026-06-29 14:24:14] [DEBUG] [hybrid_market_client] ✓ Got live data from QuantDinger for XAUUSD
[2026-06-29 14:24:14] [DEBUG] [hybrid_market_client] Fetching indicators for XAUUSD (QuantDinger only)
[2026-06-29 14:24:14] [DEBUG] [market_client] Candles XAUUSD 4H: 100 bars ✓
[2026-06-29 14:24:14] [DEBUG] [hybrid_market_client] ✓ Got live data from QuantDinger for XAUUSD
[2026-06-29 14:24:14] [INFO] [market_snapshot_builder] [SNAPSHOT_BUILT] symbol=XAUUSD tfs=H4,H1,M15
[2026-06-29 14:24:14] [DEBUG] [hybrid_market_client] Fetching indicators for GBPUSD (QuantDinger only)
[2026-06-29 14:24:15] [DEBUG] [market_client] Candles GBPUSD 4H: 100 bars ✓
[2026-06-29 14:24:15] [DEBUG] [hybrid_market_client] ✓ Got live data from QuantDinger for GBPUSD
[2026-06-29 14:24:15] [DEBUG] [hybrid_market_client] Fetching indicators for GBPUSD (QuantDinger only)
[2026-06-29 14:24:15] [DEBUG] [market_client] Candles GBPUSD 4H: 100 bars ✓
[2026-06-29 14:24:15] [DEBUG] [hybrid_market_client] ✓ Got live data from QuantDinger for GBPUSD
[2026-06-29 14:24:15] [DEBUG] [hybrid_market_client] Fetching indicators for GBPUSD (QuantDinger only)
[2026-06-29 14:24:15] [DEBUG] [market_client] Candles GBPUSD 4H: 100 bars ✓
[2026-06-29 14:24:15] [DEBUG] [hybrid_market_client] ✓ Got live data from QuantDinger for GBPUSD
[2026-06-29 14:24:15] [INFO] [market_snapshot_builder] [SNAPSHOT_BUILT] symbol=GBPUSD tfs=H4,H1,M15
[2026-06-29 14:24:15] [INFO] [main] --- EURUSD ---
[2026-06-29 14:24:18] [INFO] [deepseek] DEEPSEEK OK: {"impact_score": 65, "bias": "bullish", "confidence": 0.6, "reason": "الاتجاه الصاعد قوي والمؤشرات ا...
[2026-06-29 14:24:18] [INFO] [deepseek] AI EURUSD: bias=bullish impact=65.0 conf=0.60
[2026-06-29 14:24:18] [INFO] [signal_engine] [VERIFY] SIGNAL_INPUT bias=bullish score=65.0 confidence=0.6
[2026-06-29 14:24:18] [INFO] [signal_engine] [VERIFY] SIGNAL_RULE rule=confidence>=0.60 actual=0.6 result=True
[2026-06-29 14:24:18] [INFO] [signal_engine] [VERIFY] SIGNAL_RULE rule=score>=55 actual=65.0 result=True
[2026-06-29 14:24:18] [INFO] [signal_engine] [VERIFY] SIGNAL_RULE rule=bias in [bullish,bearish] actual=bullish result=True
[2026-06-29 14:24:18] [INFO] [signal_engine] [VERIFY] SIGNAL_FINAL direction=BUY score=65.0 confidence=0.6 valid=True
[2026-06-29 14:24:18] [DEBUG] [signal_engine] Signal: BUY score=65.0 conf=0.60 strength=متوسط valid=True
[2026-06-29 14:24:18] [INFO] [sentiment] Sentiment EURUSD: neutral score=50 bull=3 bear=2
[2026-06-29 14:24:18] [DEBUG] [mtf] MTF (snapshot) EURUSD: H4=bullish H1=bullish M15=bullish aligned=True (strong)
[2026-06-29 14:24:18] [INFO] [main] [VERIFY][DATA_TRUTH] symbol=EURUSD timeframe=H4/H1/M15 news_fetched=True indicators_fetched=True live_data=True cached=False
[2026-06-29 14:24:18] [INFO] [voting_engine] EURUSD: MTF strongly aligned, boosting score 10%
[2026-06-29 14:24:18] [WARNING] [risk_engine] Risk: Consecutive losses limit exceeded (EURUSD BUY) - Consecutive losses: 10
[2026-06-29 14:24:18] [DEBUG] [hybrid_market_client] Fetching indicators for EURUSD (QuantDinger only)
[2026-06-29 14:24:18] [DEBUG] [market_client] Candles EURUSD 4H: 100 bars ✓
[2026-06-29 14:24:18] [DEBUG] [hybrid_market_client] ✓ Got live data from QuantDinger for EURUSD
[2026-06-29 14:24:18] [DEBUG] [hybrid_market_client] Fetching indicators for EURUSD (QuantDinger only)
[2026-06-29 14:24:18] [DEBUG] [market_client] Using cached candles for EURUSD 4H (age: 0s)
[2026-06-29 14:24:18] [DEBUG] [hybrid_market_client] ✓ Got live data from QuantDinger for EURUSD
[2026-06-29 14:24:18] [INFO] [sltp] SL/TP EURUSD: entry=1.1407711505889893 atr=0.00232 sl=1.13729 tp=1.14658
[2026-06-29 14:24:19] [INFO] [position_sizing] Position size: 0.5 (equity=74613, risk=0.000, sl_dist=0.00348, score=82, cons_loss=10)
[2026-06-29 14:24:19] [INFO] [xgboost_v2] [VERIFY] XGBOOST MODEL LOADED path=models/xgb_model.json available=True
[2026-06-29 14:24:19] [INFO] [xgboost_v2] XGBoost v2 model loaded successfully
[2026-06-29 14:24:19] [DEBUG] [xgboost_v2] V2 predict: rsi=66.1 atr=0.00232 regime=TRENDING session=london dir=BUY -> p_win=0.358
[2026-06-29 14:24:19] [INFO] [xgboost_v2] [VERIFY] XGBOOST PREDICTION p_win=0.358 available=True
[2026-06-29 14:24:19] [INFO] [main] [VERIFY][DECISION_TRUTH] bias=bullish score=82.5 confidence=0.911 vote=BUY risk_passed=False sl_tp_calculated=True position_size=0.5 xgboost_p_win=0.3583146929740906 final_decision_valid=False reject_reason=p_win<threshold (p_win=0.358 threshold=0.6)
[2026-06-29 14:24:19] [INFO] [main] --- XAUUSD ---
[2026-06-29 14:24:23] [WARNING] [deepseek] DeepSeek empty response
[2026-06-29 14:24:29] [WARNING] [deepseek] DeepSeek empty response
[2026-06-29 14:24:34] [WARNING] [deepseek] DeepSeek empty response
[2026-06-29 14:24:39] [WARNING] [deepseek] DeepSeek empty response
[2026-06-29 14:24:44] [WARNING] [deepseek] Retry 1: JSON incomplete/truncated
[2026-06-29 14:24:49] [WARNING] [deepseek] DeepSeek empty response
[2026-06-29 14:24:49] [INFO] [signal_engine] [VERIFY] SIGNAL_INPUT bias=neutral score=0 confidence=0
[2026-06-29 14:24:49] [INFO] [signal_engine] [VERIFY] SIGNAL_RULE rule=confidence>=0.60 actual=0 result=False
[2026-06-29 14:24:49] [INFO] [signal_engine] [VERIFY] SIGNAL_RULE rule=score>=55 actual=0 result=False
[2026-06-29 14:24:49] [INFO] [signal_engine] [VERIFY] SIGNAL_RULE rule=bias in [bullish,bearish] actual=neutral result=False
[2026-06-29 14:24:49] [INFO] [signal_engine] [VERIFY] SIGNAL_FINAL direction=NEUTRAL score=0 confidence=0 valid=False
[2026-06-29 14:24:49] [INFO] [signal_engine] [VERIFY] SIGNAL_FAILURE_REASONS
[2026-06-29 14:24:49] [INFO] [signal_engine] * confidence below threshold
[2026-06-29 14:24:49] [INFO] [signal_engine] * score below threshold
[2026-06-29 14:24:49] [INFO] [signal_engine] * neutral bias
[2026-06-29 14:24:49] [INFO] [signal_engine] [VERIFY] SIGNAL_FAILURE_LOCATION file=F:\files (2)\google\botdd\trading_bot_v3\decision\signal_engine.py function=generate_signal
[2026-06-29 14:24:49] [DEBUG] [signal_engine] Signal: NEUTRAL score=0 conf=0.00 strength=ضعيف valid=False
[2026-06-29 14:24:49] [INFO] [sentiment] Sentiment XAUUSD: bearish score=100 bull=0 bear=1
[2026-06-29 14:24:49] [DEBUG] [mtf] MTF (snapshot) XAUUSD: H4=bullish H1=bullish M15=bullish aligned=True (strong)
[2026-06-29 14:24:49] [INFO] [main] [VERIFY][DATA_TRUTH] symbol=XAUUSD timeframe=H4/H1/M15 news_fetched=True indicators_fetched=True live_data=True cached=False
[2026-06-29 14:24:49] [INFO] [voting_engine] XAUUSD: MTF strongly aligned, boosting score 10%
[2026-06-29 14:24:49] [INFO] [risk_engine] Risk: AI confidence too low (XAUUSD BUY) - AI confidence 0.00 < 0.6
[2026-06-29 14:24:49] [DEBUG] [hybrid_market_client] Fetching indicators for XAUUSD (QuantDinger only)
[2026-06-29 14:24:49] [DEBUG] [market_client] Candles XAUUSD 4H: 100 bars ✓
[2026-06-29 14:24:49] [DEBUG] [hybrid_market_client] ✓ Got live data from QuantDinger for XAUUSD
[2026-06-29 14:24:49] [DEBUG] [hybrid_market_client] Fetching indicators for XAUUSD (QuantDinger only)
[2026-06-29 14:24:49] [DEBUG] [market_client] Using cached candles for XAUUSD 4H (age: 0s)
[2026-06-29 14:24:49] [DEBUG] [hybrid_market_client] ✓ Got live data from QuantDinger for XAUUSD
[2026-06-29 14:24:49] [INFO] [sltp] SL/TP XAUUSD: entry=4048.800048828125 atr=36.24995 sl=4038.80005 tp=4139.42492
[2026-06-29 14:24:49] [INFO] [position_sizing] Position size: 0.1 (equity=74613, risk=0.000, sl_dist=10.00000, score=65, cons_loss=10)
[2026-06-29 14:24:49] [DEBUG] [xgboost_v2] V2 predict: rsi=57.9 atr=36.24995 regime=TRENDING session=london dir=BUY -> p_win=0.190
[2026-06-29 14:24:49] [INFO] [xgboost_v2] [VERIFY] XGBOOST PREDICTION p_win=0.190 available=True
[2026-06-29 14:24:49] [INFO] [main] [VERIFY][DECISION_TRUTH] bias=neutral score=65.3 confidence=0.0 vote=BUY risk_passed=False sl_tp_calculated=True position_size=0.1 xgboost_p_win=0.18959566950798035 final_decision_valid=False reject_reason=p_win<threshold (p_win=0.190 threshold=0.6)
[2026-06-29 14:24:49] [INFO] [main] --- GBPUSD ---
[2026-06-29 14:24:54] [WARNING] [deepseek] DeepSeek empty response
[2026-06-29 14:24:59] [WARNING] [deepseek] DeepSeek empty response
[2026-06-29 14:25:03] [INFO] [deepseek] DEEPSEEK OK: {
  "impact_score": 65,
  "bias": "bearish",
  "confidence": 0.6,
  "reason": "الضغط على الدولار يعو...
[2026-06-29 14:25:03] [INFO] [deepseek] AI GBPUSD: bias=bearish impact=65.0 conf=0.60
[2026-06-29 14:25:03] [INFO] [signal_engine] [VERIFY] SIGNAL_INPUT bias=bearish score=65.0 confidence=0.6
[2026-06-29 14:25:03] [INFO] [signal_engine] [VERIFY] SIGNAL_RULE rule=confidence>=0.60 actual=0.6 result=True
[2026-06-29 14:25:03] [INFO] [signal_engine] [VERIFY] SIGNAL_RULE rule=score>=55 actual=65.0 result=True
[2026-06-29 14:25:03] [INFO] [signal_engine] [VERIFY] SIGNAL_RULE rule=bias in [bullish,bearish] actual=bearish result=True
[2026-06-29 14:25:03] [INFO] [signal_engine] [VERIFY] SIGNAL_FINAL direction=SELL score=65.0 confidence=0.6 valid=True
[2026-06-29 14:25:03] [DEBUG] [signal_engine] Signal: SELL score=65.0 conf=0.60 strength=متوسط valid=True
[2026-06-29 14:25:03] [INFO] [sentiment] Sentiment GBPUSD: bullish score=100 bull=1 bear=0
[2026-06-29 14:25:03] [DEBUG] [mtf] MTF (snapshot) GBPUSD: H4=bullish H1=bullish M15=bullish aligned=True (strong)
[2026-06-29 14:25:03] [INFO] [main] [VERIFY][DATA_TRUTH] symbol=GBPUSD timeframe=H4/H1/M15 news_fetched=True indicators_fetched=True live_data=True cached=False
[2026-06-29 14:25:03] [INFO] [voting_engine] GBPUSD: MTF strongly aligned, boosting score 10%
[2026-06-29 14:25:03] [WARNING] [risk_engine] Risk: Consecutive losses limit exceeded (GBPUSD BUY) - Consecutive losses: 10
[2026-06-29 14:25:03] [DEBUG] [hybrid_market_client] Fetching indicators for GBPUSD (QuantDinger only)
[2026-06-29 14:25:03] [DEBUG] [market_client] Candles GBPUSD 4H: 100 bars ✓
[2026-06-29 14:25:03] [DEBUG] [hybrid_market_client] ✓ Got live data from QuantDinger for GBPUSD
[2026-06-29 14:25:03] [DEBUG] [hybrid_market_client] Fetching indicators for GBPUSD (QuantDinger only)
[2026-06-29 14:25:03] [DEBUG] [market_client] Using cached candles for GBPUSD 4H (age: 0s)
[2026-06-29 14:25:03] [DEBUG] [hybrid_market_client] ✓ Got live data from QuantDinger for GBPUSD
[2026-06-29 14:25:03] [INFO] [sltp] SL/TP GBPUSD: entry=1.3230137825012207 atr=0.00259 sl=1.31912 tp=1.3295
[2026-06-29 14:25:03] [INFO] [position_sizing] Position size: 0.5 (equity=74613, risk=0.000, sl_dist=0.00389, score=55, cons_loss=10)
[2026-06-29 14:25:03] [DEBUG] [xgboost_v2] V2 predict: rsi=66.9 atr=0.00259 regime=TRENDING session=london dir=BUY -> p_win=0.509
[2026-06-29 14:25:03] [INFO] [xgboost_v2] [VERIFY] XGBOOST PREDICTION p_win=0.509 available=True
[2026-06-29 14:25:03] [INFO] [main] [VERIFY][DECISION_TRUTH] bias=bearish score=55.2 confidence=0.475 vote=BUY risk_passed=False sl_tp_calculated=True position_size=0.5 xgboost_p_win=0.5087409615516663 final_decision_valid=False reject_reason=p_win<threshold (p_win=0.509 threshold=0.6)
[2026-06-29 14:25:03] [INFO] [adaptive_weights] EURUSD weights updated: {'ai': 0.239, 'trend': 0.239, 'momentum': 0.239, 'sentiment': 0.239, 'volatility': 0.043} | WR=13.6% PF=0
[2026-06-29 14:25:03] [INFO] [adaptive_weights] 🏆 أفضل زوج: EURUSD | WR=13.6% | PnL=190.0$
[2026-06-29 14:25:03] [INFO] [adaptive_weights] ⚠️ أسوأ زوج: XAUUSD | WR=0.0% | PnL=0.0$
[2026-06-29 14:25:03] [INFO] [main] Sleeping 1800s...
[2026-06-29 16:18:08] [INFO] [main] Trading Bot V3 starting...
[2026-06-29 16:18:08] [INFO] [database] V3 Database initialized with all tables
[2026-06-29 16:18:08] [INFO] [qd_client] Logged in to QuantDinger
[2026-06-29 16:18:08] [INFO] [qd_client] MT5 connected
[2026-06-29 16:18:08] [INFO] [main] MT5 connected
[2026-06-29 16:18:08] [INFO] [telegram_bot] Telegram polling started
[2026-06-29 16:18:08] [INFO] [telegram_bot] Telegram bot V3 started
[2026-06-29 16:18:08] [INFO] [mt5_watchdog] MT5 watchdog started (V1 reconnect logic)
[2026-06-29 16:18:08] [INFO] [reconciliation] Reconciliation loop started (every 60s)
[2026-06-29 16:18:08] [INFO] [reconciliation] Reconciliation thread started (safety only)
[2026-06-29 16:18:08] [INFO] [post_entry_manager] PostEntryManager started
[2026-06-29 16:18:08] [INFO] [post_entry_manager] [CYCLE_START]
[2026-06-29 16:18:09] [INFO] [main] ==================================================
[2026-06-29 16:18:09] [INFO] [main] Cycle 1 at 16:18:09
[2026-06-29 16:18:13] [INFO] [post_entry_manager] [CYCLE_START]
[2026-06-29 16:18:18] [INFO] [post_entry_manager] [CYCLE_START]
[2026-06-29 16:18:19] [INFO] [news_fetcher] Fetched 18 relevant news items
[2026-06-29 16:18:19] [INFO] [main] Equity: 74613.35$ | News: 18
[2026-06-29 16:18:19] [DEBUG] [hybrid_market_client] Fetching indicators for EURUSD (QuantDinger only)
[2026-06-29 16:18:19] [DEBUG] [market_client] Candles EURUSD 4H: 100 bars ✓
[2026-06-29 16:18:19] [DEBUG] [hybrid_market_client] ✓ Got live data from QuantDinger for EURUSD
[2026-06-29 16:18:19] [DEBUG] [hybrid_market_client] Fetching indicators for EURUSD (QuantDinger only)
[2026-06-29 16:18:19] [DEBUG] [market_client] Candles EURUSD 4H: 100 bars ✓
[2026-06-29 16:18:19] [DEBUG] [hybrid_market_client] ✓ Got live data from QuantDinger for EURUSD
[2026-06-29 16:18:19] [DEBUG] [hybrid_market_client] Fetching indicators for EURUSD (QuantDinger only)
[2026-06-29 16:18:20] [DEBUG] [market_client] Candles EURUSD 4H: 100 bars ✓
[2026-06-29 16:18:20] [DEBUG] [hybrid_market_client] ✓ Got live data from QuantDinger for EURUSD
[2026-06-29 16:18:20] [INFO] [market_snapshot_builder] [SNAPSHOT_BUILT] symbol=EURUSD tfs=H4,H1,M15
[2026-06-29 16:18:20] [DEBUG] [hybrid_market_client] Fetching indicators for XAUUSD (QuantDinger only)
[2026-06-29 16:18:20] [DEBUG] [market_client] Candles XAUUSD 4H: 100 bars ✓
[2026-06-29 16:18:20] [DEBUG] [hybrid_market_client] ✓ Got live data from QuantDinger for XAUUSD
[2026-06-29 16:18:20] [DEBUG] [hybrid_market_client] Fetching indicators for XAUUSD (QuantDinger only)
[2026-06-29 16:18:20] [DEBUG] [market_client] Candles XAUUSD 4H: 100 bars ✓
[2026-06-29 16:18:20] [DEBUG] [hybrid_market_client] ✓ Got live data from QuantDinger for XAUUSD
[2026-06-29 16:18:20] [DEBUG] [hybrid_market_client] Fetching indicators for XAUUSD (QuantDinger only)
[2026-06-29 16:18:20] [DEBUG] [market_client] Candles XAUUSD 4H: 100 bars ✓
[2026-06-29 16:18:20] [DEBUG] [hybrid_market_client] ✓ Got live data from QuantDinger for XAUUSD
[2026-06-29 16:18:20] [INFO] [market_snapshot_builder] [SNAPSHOT_BUILT] symbol=XAUUSD tfs=H4,H1,M15
[2026-06-29 16:18:20] [DEBUG] [hybrid_market_client] Fetching indicators for GBPUSD (QuantDinger only)
[2026-06-29 16:18:20] [DEBUG] [market_client] Candles GBPUSD 4H: 100 bars ✓
[2026-06-29 16:18:20] [DEBUG] [hybrid_market_client] ✓ Got live data from QuantDinger for GBPUSD
[2026-06-29 16:18:20] [DEBUG] [hybrid_market_client] Fetching indicators for GBPUSD (QuantDinger only)
[2026-06-29 16:18:20] [DEBUG] [market_client] Candles GBPUSD 4H: 100 bars ✓
[2026-06-29 16:18:20] [DEBUG] [hybrid_market_client] ✓ Got live data from QuantDinger for GBPUSD
[2026-06-29 16:18:20] [DEBUG] [hybrid_market_client] Fetching indicators for GBPUSD (QuantDinger only)
[2026-06-29 16:18:20] [DEBUG] [market_client] Candles GBPUSD 4H: 100 bars ✓
[2026-06-29 16:18:20] [DEBUG] [hybrid_market_client] ✓ Got live data from QuantDinger for GBPUSD
[2026-06-29 16:18:20] [INFO] [market_snapshot_builder] [SNAPSHOT_BUILT] symbol=GBPUSD tfs=H4,H1,M15
[2026-06-29 16:18:20] [INFO] [main] --- EURUSD ---
[2026-06-29 16:18:23] [INFO] [post_entry_manager] [CYCLE_START]
[2026-06-29 16:18:25] [WARNING] [deepseek] Retry 1: JSON incomplete/truncated
[2026-06-29 16:18:28] [INFO] [post_entry_manager] [CYCLE_START]
[2026-06-29 16:18:30] [WARNING] [deepseek] Retry 2: JSON incomplete/truncated
[2026-06-29 16:18:33] [INFO] [post_entry_manager] [CYCLE_START]
[2026-06-29 16:18:35] [WARNING] [deepseek] DeepSeek empty response
[2026-06-29 16:18:38] [INFO] [post_entry_manager] [CYCLE_START]
[2026-06-29 16:18:40] [WARNING] [deepseek] Retry 2: JSON incomplete/truncated
[2026-06-29 16:18:43] [INFO] [post_entry_manager] [CYCLE_START]
[2026-06-29 16:18:44] [INFO] [deepseek] DEEPSEEK OK: {
  "impact_score": 80,
  "bias": "bullish",
  "confidence": 0.85,
  "reason": "توقعات التضخم الأمري...
[2026-06-29 16:18:44] [INFO] [deepseek] AI EURUSD: bias=bullish impact=80.0 conf=0.85
[2026-06-29 16:18:44] [INFO] [signal_engine] [VERIFY] SIGNAL_INPUT bias=bullish score=80.0 confidence=0.85
[2026-06-29 16:18:44] [INFO] [signal_engine] [VERIFY] SIGNAL_RULE rule=confidence>=0.60 actual=0.85 result=True
[2026-06-29 16:18:44] [INFO] [signal_engine] [VERIFY] SIGNAL_RULE rule=score>=55 actual=80.0 result=True
[2026-06-29 16:18:44] [INFO] [signal_engine] [VERIFY] SIGNAL_RULE rule=bias in [bullish,bearish] actual=bullish result=True
[2026-06-29 16:18:44] [INFO] [signal_engine] [VERIFY] SIGNAL_FINAL direction=BUY score=80.0 confidence=0.85 valid=True
[2026-06-29 16:18:44] [DEBUG] [signal_engine] Signal: BUY score=80.0 conf=0.85 strength=قوي جداً valid=True
[2026-06-29 16:18:44] [INFO] [sentiment] Sentiment EURUSD: neutral score=50 bull=2 bear=2
[2026-06-29 16:18:44] [DEBUG] [mtf] MTF (snapshot) EURUSD: H4=bullish H1=bullish M15=bullish aligned=True (strong)
[2026-06-29 16:18:44] [INFO] [main] [VERIFY][DATA_TRUTH] symbol=EURUSD timeframe=H4/H1/M15 news_fetched=True indicators_fetched=True live_data=True cached=False
[2026-06-29 16:18:44] [INFO] [voting_engine] EURUSD: MTF strongly aligned, boosting score 10%
[2026-06-29 16:18:44] [WARNING] [risk_engine] Risk: Consecutive losses limit exceeded (EURUSD BUY) - Consecutive losses: 10
[2026-06-29 16:18:44] [DEBUG] [hybrid_market_client] Fetching indicators for EURUSD (QuantDinger only)
[2026-06-29 16:18:44] [DEBUG] [market_client] Candles EURUSD 4H: 100 bars ✓
[2026-06-29 16:18:44] [DEBUG] [hybrid_market_client] ✓ Got live data from QuantDinger for EURUSD
[2026-06-29 16:18:44] [DEBUG] [hybrid_market_client] Fetching indicators for EURUSD (QuantDinger only)
[2026-06-29 16:18:44] [DEBUG] [market_client] Using cached candles for EURUSD 4H (age: 0s)
[2026-06-29 16:18:44] [DEBUG] [hybrid_market_client] ✓ Got live data from QuantDinger for EURUSD
[2026-06-29 16:18:44] [INFO] [sltp] SL/TP EURUSD: entry=1.140380859375 atr=0.00238 sl=1.13681 tp=1.14633
[2026-06-29 16:18:44] [INFO] [position_sizing] Position size: 0.5 (equity=74613, risk=0.001, sl_dist=0.00357, score=90, cons_loss=10)
[2026-06-29 16:18:44] [INFO] [xgboost_v2] [VERIFY] XGBOOST MODEL LOADED path=models/xgb_model.json available=True
[2026-06-29 16:18:44] [INFO] [xgboost_v2] XGBoost v2 model loaded successfully
[2026-06-29 16:18:44] [DEBUG] [xgboost_v2] V2 predict: rsi=64.5 atr=0.00238 regime=TRENDING session=new_york dir=BUY -> p_win=0.429
[2026-06-29 16:18:44] [INFO] [xgboost_v2] [VERIFY] XGBOOST PREDICTION p_win=0.429 available=True
[2026-06-29 16:18:44] [INFO] [main] [VERIFY][DECISION_TRUTH] bias=bullish score=90.0 confidence=1.0 vote=BUY risk_passed=False sl_tp_calculated=True position_size=0.5 xgboost_p_win=0.42936471104621887 final_decision_valid=False reject_reason=p_win<threshold (p_win=0.429 threshold=0.6)
[2026-06-29 16:18:44] [INFO] [main] --- XAUUSD ---
[2026-06-29 16:18:48] [INFO] [post_entry_manager] [CYCLE_START]
[2026-06-29 16:18:48] [WARNING] [deepseek] Retry 1: JSON incomplete/truncated
[2026-06-29 16:18:53] [INFO] [deepseek] DEEPSEEK OK: {"impact_score": 75, "bias": "bullish", "confidence": 0.85, "reason": "الاتجاه الصاعد قوي والأخبار ت...
[2026-06-29 16:18:53] [INFO] [deepseek] AI XAUUSD: bias=bullish impact=75.0 conf=0.85
[2026-06-29 16:18:53] [INFO] [signal_engine] [VERIFY] SIGNAL_INPUT bias=bullish score=75.0 confidence=0.85
[2026-06-29 16:18:53] [INFO] [signal_engine] [VERIFY] SIGNAL_RULE rule=confidence>=0.60 actual=0.85 result=True
[2026-06-29 16:18:53] [INFO] [signal_engine] [VERIFY] SIGNAL_RULE rule=score>=55 actual=75.0 result=True
[2026-06-29 16:18:53] [INFO] [signal_engine] [VERIFY] SIGNAL_RULE rule=bias in [bullish,bearish] actual=bullish result=True
[2026-06-29 16:18:53] [INFO] [signal_engine] [VERIFY] SIGNAL_FINAL direction=BUY score=75.0 confidence=0.85 valid=True
[2026-06-29 16:18:53] [DEBUG] [signal_engine] Signal: BUY score=75.0 conf=0.85 strength=قوي valid=True
[2026-06-29 16:18:53] [DEBUG] [mtf] MTF (snapshot) XAUUSD: H4=bullish H1=bullish M15=bullish aligned=True (strong)
[2026-06-29 16:18:53] [INFO] [main] [VERIFY][DATA_TRUTH] symbol=XAUUSD timeframe=H4/H1/M15 news_fetched=True indicators_fetched=True live_data=True cached=False
[2026-06-29 16:18:53] [INFO] [voting_engine] XAUUSD: MTF strongly aligned, boosting score 10%
[2026-06-29 16:18:53] [WARNING] [risk_engine] Risk: Consecutive losses limit exceeded (XAUUSD BUY) - Consecutive losses: 10
[2026-06-29 16:18:53] [DEBUG] [hybrid_market_client] Fetching indicators for XAUUSD (QuantDinger only)
[2026-06-29 16:18:53] [DEBUG] [market_client] Candles XAUUSD 4H: 100 bars ✓
[2026-06-29 16:18:53] [DEBUG] [hybrid_market_client] ✓ Got live data from QuantDinger for XAUUSD
[2026-06-29 16:18:53] [DEBUG] [hybrid_market_client] Fetching indicators for XAUUSD (QuantDinger only)
[2026-06-29 16:18:53] [DEBUG] [market_client] Using cached candles for XAUUSD 4H (age: 0s)
[2026-06-29 16:18:53] [DEBUG] [hybrid_market_client] ✓ Got live data from QuantDinger for XAUUSD
[2026-06-29 16:18:53] [INFO] [sltp] SL/TP XAUUSD: entry=4061.699951171875 atr=35.24282 sl=4051.69995 tp=4149.80699
[2026-06-29 16:18:53] [INFO] [position_sizing] Position size: 0.1 (equity=74613, risk=0.001, sl_dist=10.00000, score=95, cons_loss=10)
[2026-06-29 16:18:53] [DEBUG] [xgboost_v2] V2 predict: rsi=61.7 atr=35.24282 regime=TRENDING session=new_york dir=BUY -> p_win=0.169
[2026-06-29 16:18:53] [INFO] [xgboost_v2] [VERIFY] XGBOOST PREDICTION p_win=0.169 available=True
[2026-06-29 16:18:53] [INFO] [main] [VERIFY][DECISION_TRUTH] bias=bullish score=94.7 confidence=1.0 vote=BUY risk_passed=False sl_tp_calculated=True position_size=0.1 xgboost_p_win=0.16938196122646332 final_decision_valid=False reject_reason=p_win<threshold (p_win=0.169 threshold=0.6)
[2026-06-29 16:18:53] [INFO] [main] --- GBPUSD ---
[2026-06-29 16:18:53] [INFO] [post_entry_manager] [CYCLE_START]
[2026-06-29 16:18:57] [WARNING] [deepseek] Retry 1: JSON incomplete/truncated
[2026-06-29 16:18:58] [INFO] [post_entry_manager] [CYCLE_START]
[2026-06-29 16:19:02] [WARNING] [deepseek] Retry 2: JSON incomplete/truncated
[2026-06-29 16:19:03] [INFO] [post_entry_manager] [CYCLE_START]
[2026-06-29 16:19:06] [INFO] [deepseek] DEEPSEEK OK: {"impact_score": 75, "bias": "bullish", "confidence": 0.8, "reason": "الاتجاه صاعد بقوة والأخبار تدع...
[2026-06-29 16:19:06] [INFO] [deepseek] AI GBPUSD: bias=bullish impact=75.0 conf=0.80
[2026-06-29 16:19:06] [INFO] [signal_engine] [VERIFY] SIGNAL_INPUT bias=bullish score=75.0 confidence=0.8
[2026-06-29 16:19:06] [INFO] [signal_engine] [VERIFY] SIGNAL_RULE rule=confidence>=0.60 actual=0.8 result=True
[2026-06-29 16:19:06] [INFO] [signal_engine] [VERIFY] SIGNAL_RULE rule=score>=55 actual=75.0 result=True
[2026-06-29 16:19:06] [INFO] [signal_engine] [VERIFY] SIGNAL_RULE rule=bias in [bullish,bearish] actual=bullish result=True
[2026-06-29 16:19:06] [INFO] [signal_engine] [VERIFY] SIGNAL_FINAL direction=BUY score=75.0 confidence=0.8 valid=True
[2026-06-29 16:19:06] [DEBUG] [signal_engine] Signal: BUY score=75.0 conf=0.80 strength=قوي valid=True
[2026-06-29 16:19:06] [INFO] [sentiment] Sentiment GBPUSD: bullish score=100 bull=1 bear=0
[2026-06-29 16:19:06] [DEBUG] [mtf] MTF (snapshot) GBPUSD: H4=bullish H1=bullish M15=bullish aligned=True (strong)
[2026-06-29 16:19:06] [INFO] [main] [VERIFY][DATA_TRUTH] symbol=GBPUSD timeframe=H4/H1/M15 news_fetched=True indicators_fetched=True live_data=True cached=False
[2026-06-29 16:19:06] [INFO] [voting_engine] GBPUSD: MTF strongly aligned, boosting score 10%
[2026-06-29 16:19:06] [WARNING] [risk_engine] Risk: Consecutive losses limit exceeded (GBPUSD BUY) - Consecutive losses: 10
[2026-06-29 16:19:06] [DEBUG] [hybrid_market_client] Fetching indicators for GBPUSD (QuantDinger only)
[2026-06-29 16:19:06] [DEBUG] [market_client] Candles GBPUSD 4H: 100 bars ✓
[2026-06-29 16:19:06] [DEBUG] [hybrid_market_client] ✓ Got live data from QuantDinger for GBPUSD
[2026-06-29 16:19:06] [DEBUG] [hybrid_market_client] Fetching indicators for GBPUSD (QuantDinger only)
[2026-06-29 16:19:06] [DEBUG] [market_client] Using cached candles for GBPUSD 4H (age: 0s)
[2026-06-29 16:19:06] [DEBUG] [hybrid_market_client] ✓ Got live data from QuantDinger for GBPUSD
[2026-06-29 16:19:06] [INFO] [sltp] SL/TP GBPUSD: entry=1.323574185371399 atr=0.00266 sl=1.31959 tp=1.33022
[2026-06-29 16:19:06] [INFO] [position_sizing] Position size: 0.5 (equity=74613, risk=0.001, sl_dist=0.00398, score=100, cons_loss=10)
[2026-06-29 16:19:06] [DEBUG] [xgboost_v2] V2 predict: rsi=67.9 atr=0.00266 regime=TRENDING session=new_york dir=BUY -> p_win=0.401
[2026-06-29 16:19:06] [INFO] [xgboost_v2] [VERIFY] XGBOOST PREDICTION p_win=0.401 available=True
[2026-06-29 16:19:06] [INFO] [main] [VERIFY][DECISION_TRUTH] bias=bullish score=100 confidence=1.0 vote=BUY risk_passed=False sl_tp_calculated=True position_size=0.5 xgboost_p_win=0.40053656697273254 final_decision_valid=False reject_reason=p_win<threshold (p_win=0.401 threshold=0.6)
[2026-06-29 16:19:06] [INFO] [adaptive_weights] EURUSD weights updated: {'ai': 0.239, 'trend': 0.239, 'momentum': 0.239, 'sentiment': 0.239, 'volatility': 0.043} | WR=13.6% PF=0
[2026-06-29 16:19:06] [INFO] [adaptive_weights] 🏆 أفضل زوج: EURUSD | WR=13.6% | PnL=190.0$
[2026-06-29 16:19:06] [INFO] [adaptive_weights] ⚠️ أسوأ زوج: XAUUSD | WR=0.0% | PnL=0.0$
[2026-06-29 16:19:06] [INFO] [main] Sleeping 1800s...
[2026-06-29 16:19:08] [INFO] [post_entry_manager] [CYCLE_START]
[2026-06-29 16:19:13] [INFO] [post_entry_manager] [CYCLE_START]
[2026-06-29 16:19:18] [INFO] [post_entry_manager] [CYCLE_START]
[2026-06-29 16:19:23] [INFO] [post_entry_manager] [CYCLE_START]
[2026-06-29 16:19:28] [INFO] [post_entry_manager] [CYCLE_START]
[2026-06-29 16:19:33] [INFO] [post_entry_manager] [CYCLE_START]
[2026-06-29 16:19:38] [INFO] [post_entry_manager] [CYCLE_START]
[2026-06-29 16:19:43] [INFO] [post_entry_manager] [CYCLE_START]
[2026-06-29 16:19:48] [INFO] [post_entry_manager] [CYCLE_START]
[2026-06-29 16:19:53] [INFO] [post_entry_manager] [CYCLE_START]
[2026-06-29 16:19:58] [INFO] [post_entry_manager] [CYCLE_START]
[2026-06-29 16:20:03] [INFO] [post_entry_manager] [CYCLE_START]
[2026-06-29 16:20:08] [INFO] [post_entry_manager] [CYCLE_START]
[2026-06-29 16:20:13] [INFO] [post_entry_manager] [CYCLE_START]
[2026-06-29 16:20:18] [INFO] [post_entry_manager] [CYCLE_START]
[2026-06-29 16:20:23] [INFO] [post_entry_manager] [CYCLE_START]
[2026-06-29 16:20:28] [INFO] [post_entry_manager] [CYCLE_START]
[2026-06-29 16:20:33] [INFO] [post_entry_manager] [CYCLE_START]
[2026-06-29 16:20:38] [INFO] [post_entry_manager] [CYCLE_START]
[2026-06-29 16:20:43] [INFO] [post_entry_manager] [CYCLE_START]
[2026-06-29 16:20:48] [INFO] [post_entry_manager] [CYCLE_START]
[2026-06-29 16:20:53] [INFO] [post_entry_manager] [CYCLE_START]
[2026-06-29 16:20:58] [INFO] [post_entry_manager] [CYCLE_START]
[2026-06-29 16:21:03] [INFO] [post_entry_manager] [CYCLE_START]
[2026-06-29 16:21:08] [INFO] [post_entry_manager] [CYCLE_START]
[2026-06-29 16:21:13] [INFO] [post_entry_manager] [CYCLE_START]
[2026-06-29 16:21:18] [INFO] [post_entry_manager] [CYCLE_START]
[2026-06-29 16:21:23] [INFO] [post_entry_manager] [CYCLE_START]
[2026-06-29 16:21:28] [INFO] [post_entry_manager] [CYCLE_START]
[2026-06-29 16:21:33] [INFO] [post_entry_manager] [CYCLE_START]
[2026-06-29 16:21:38] [INFO] [post_entry_manager] [CYCLE_START]
[2026-06-29 16:21:43] [INFO] [post_entry_manager] [CYCLE_START]
[2026-06-29 16:21:48] [INFO] [post_entry_manager] [CYCLE_START]
[2026-06-29 16:21:53] [INFO] [post_entry_manager] [CYCLE_START]
[2026-06-29 16:21:58] [INFO] [post_entry_manager] [CYCLE_START]
[2026-06-29 16:22:03] [INFO] [post_entry_manager] [CYCLE_START]
[2026-06-29 16:22:08] [INFO] [post_entry_manager] [CYCLE_START]
[2026-06-29 16:22:13] [INFO] [post_entry_manager] [CYCLE_START]
[2026-06-29 16:22:18] [INFO] [post_entry_manager] [CYCLE_START]
[2026-06-29 16:22:23] [INFO] [post_entry_manager] [CYCLE_START]
[2026-06-29 16:22:28] [INFO] [post_entry_manager] [CYCLE_START]
[2026-06-29 16:22:33] [INFO] [post_entry_manager] [CYCLE_START]
[2026-06-29 16:22:38] [INFO] [post_entry_manager] [CYCLE_START]
[2026-06-29 16:22:43] [INFO] [post_entry_manager] [CYCLE_START]
[2026-06-29 16:22:48] [INFO] [post_entry_manager] [CYCLE_START]
[2026-06-29 16:38:12] [INFO] [main] Trading Bot V3 starting...
[2026-06-29 16:38:12] [INFO] [database] V3 Database initialized with all tables
[2026-06-29 16:38:12] [INFO] [qd_client] Logged in to QuantDinger
[2026-06-29 16:38:12] [INFO] [qd_client] MT5 connected
[2026-06-29 16:38:12] [INFO] [main] MT5 connected
[2026-06-29 16:38:12] [INFO] [telegram_bot] Telegram polling started
[2026-06-29 16:38:12] [INFO] [telegram_bot] Telegram bot V3 started
[2026-06-29 16:38:12] [INFO] [mt5_watchdog] MT5 watchdog started (V1 reconnect logic)
[2026-06-29 16:38:12] [INFO] [reconciliation] Reconciliation loop started (every 60s)
[2026-06-29 16:38:12] [INFO] [reconciliation] Reconciliation thread started (safety only)
[2026-06-29 16:38:12] [INFO] [post_entry_manager] PostEntryManager started
[2026-06-29 16:38:13] [INFO] [main] ==================================================
[2026-06-29 16:38:13] [INFO] [main] Cycle 1 at 16:38:13
[2026-06-29 16:38:43] [INFO] [news_fetcher] Fetched 16 relevant news items
[2026-06-29 16:38:43] [INFO] [main] Equity: 74613.35$ | News: 16
[2026-06-29 16:38:43] [DEBUG] [hybrid_market_client] Fetching indicators for EURUSD (QuantDinger only)
[2026-06-29 16:38:44] [DEBUG] [market_client] Candles EURUSD 4H: 100 bars ✓
[2026-06-29 16:38:44] [DEBUG] [hybrid_market_client] ✓ Got live data from QuantDinger for EURUSD
[2026-06-29 16:38:44] [DEBUG] [hybrid_market_client] Fetching indicators for EURUSD (QuantDinger only)
[2026-06-29 16:38:44] [DEBUG] [market_client] Candles EURUSD 4H: 100 bars ✓
[2026-06-29 16:38:44] [DEBUG] [hybrid_market_client] ✓ Got live data from QuantDinger for EURUSD
[2026-06-29 16:38:44] [DEBUG] [hybrid_market_client] Fetching indicators for EURUSD (QuantDinger only)
[2026-06-29 16:38:44] [DEBUG] [market_client] Candles EURUSD 4H: 100 bars ✓
[2026-06-29 16:38:44] [DEBUG] [hybrid_market_client] ✓ Got live data from QuantDinger for EURUSD
[2026-06-29 16:38:44] [INFO] [market_snapshot_builder] [SNAPSHOT_BUILT] symbol=EURUSD tfs=H4,H1,M15
[2026-06-29 16:38:44] [DEBUG] [hybrid_market_client] Fetching indicators for XAUUSD (QuantDinger only)
[2026-06-29 16:38:44] [DEBUG] [market_client] Candles XAUUSD 4H: 100 bars ✓
[2026-06-29 16:38:44] [DEBUG] [hybrid_market_client] ✓ Got live data from QuantDinger for XAUUSD
[2026-06-29 16:38:44] [DEBUG] [hybrid_market_client] Fetching indicators for XAUUSD (QuantDinger only)
[2026-06-29 16:38:44] [DEBUG] [market_client] Candles XAUUSD 4H: 100 bars ✓
[2026-06-29 16:38:44] [DEBUG] [hybrid_market_client] ✓ Got live data from QuantDinger for XAUUSD
[2026-06-29 16:38:44] [DEBUG] [hybrid_market_client] Fetching indicators for XAUUSD (QuantDinger only)
[2026-06-29 16:38:44] [DEBUG] [market_client] Candles XAUUSD 4H: 100 bars ✓
[2026-06-29 16:38:44] [DEBUG] [hybrid_market_client] ✓ Got live data from QuantDinger for XAUUSD
[2026-06-29 16:38:44] [INFO] [market_snapshot_builder] [SNAPSHOT_BUILT] symbol=XAUUSD tfs=H4,H1,M15
[2026-06-29 16:38:44] [DEBUG] [hybrid_market_client] Fetching indicators for GBPUSD (QuantDinger only)
[2026-06-29 16:38:45] [DEBUG] [market_client] Candles GBPUSD 4H: 100 bars ✓
[2026-06-29 16:38:45] [DEBUG] [hybrid_market_client] ✓ Got live data from QuantDinger for GBPUSD
[2026-06-29 16:38:45] [DEBUG] [hybrid_market_client] Fetching indicators for GBPUSD (QuantDinger only)
[2026-06-29 16:38:45] [DEBUG] [market_client] Candles GBPUSD 4H: 100 bars ✓
[2026-06-29 16:38:45] [DEBUG] [hybrid_market_client] ✓ Got live data from QuantDinger for GBPUSD
[2026-06-29 16:38:45] [DEBUG] [hybrid_market_client] Fetching indicators for GBPUSD (QuantDinger only)
[2026-06-29 16:38:45] [DEBUG] [market_client] Candles GBPUSD 4H: 100 bars ✓
[2026-06-29 16:38:45] [DEBUG] [hybrid_market_client] ✓ Got live data from QuantDinger for GBPUSD
[2026-06-29 16:38:45] [INFO] [market_snapshot_builder] [SNAPSHOT_BUILT] symbol=GBPUSD tfs=H4,H1,M15
[2026-06-29 16:38:45] [INFO] [main] --- EURUSD ---
[2026-06-29 16:38:49] [WARNING] [deepseek] Retry 1: JSON incomplete/truncated
[2026-06-29 16:38:53] [INFO] [deepseek] DEEPSEEK OK: {"impact_score": 70, "bias": "bullish", "confidence": 0.85, "reason": "التحليل الفني يشير إلى اتجاه ...
[2026-06-29 16:38:53] [INFO] [deepseek] AI EURUSD: bias=bullish impact=70.0 conf=0.85
[2026-06-29 16:38:53] [INFO] [signal_engine] [VERIFY] SIGNAL_INPUT bias=bullish score=70.0 confidence=0.85
[2026-06-29 16:38:53] [INFO] [signal_engine] [VERIFY] SIGNAL_RULE rule=confidence>=0.60 actual=0.85 result=True
[2026-06-29 16:38:53] [INFO] [signal_engine] [VERIFY] SIGNAL_RULE rule=score>=55 actual=70.0 result=True
[2026-06-29 16:38:53] [INFO] [signal_engine] [VERIFY] SIGNAL_RULE rule=bias in [bullish,bearish] actual=bullish result=True
[2026-06-29 16:38:53] [INFO] [signal_engine] [VERIFY] SIGNAL_FINAL direction=BUY score=70.0 confidence=0.85 valid=True
[2026-06-29 16:38:53] [DEBUG] [signal_engine] Signal: BUY score=70.0 conf=0.85 strength=قوي valid=True
[2026-06-29 16:38:53] [INFO] [sentiment] Sentiment EURUSD: bullish score=83 bull=4 bear=2
[2026-06-29 16:38:53] [DEBUG] [mtf] MTF (snapshot) EURUSD: H4=bullish H1=bullish M15=bullish aligned=True (strong)
[2026-06-29 16:38:53] [INFO] [main] [VERIFY][DATA_TRUTH] symbol=EURUSD timeframe=H4/H1/M15 news_fetched=True indicators_fetched=True live_data=True cached=False
[2026-06-29 16:38:53] [INFO] [voting_engine] EURUSD: MTF strongly aligned, boosting score 10%
[2026-06-29 16:38:53] [WARNING] [risk_engine] Risk: Consecutive losses limit exceeded (EURUSD BUY) - Consecutive losses: 10
[2026-06-29 16:38:53] [DEBUG] [hybrid_market_client] Fetching indicators for EURUSD (QuantDinger only)
[2026-06-29 16:38:53] [DEBUG] [market_client] Candles EURUSD 4H: 100 bars ✓
[2026-06-29 16:38:53] [DEBUG] [hybrid_market_client] ✓ Got live data from QuantDinger for EURUSD
[2026-06-29 16:38:53] [DEBUG] [hybrid_market_client] Fetching indicators for EURUSD (QuantDinger only)
[2026-06-29 16:38:53] [DEBUG] [market_client] Using cached candles for EURUSD 4H (age: 0s)
[2026-06-29 16:38:53] [DEBUG] [hybrid_market_client] ✓ Got live data from QuantDinger for EURUSD
[2026-06-29 16:38:53] [INFO] [sltp] SL/TP EURUSD: entry=1.1405109167099 atr=0.00238 sl=1.13694 tp=1.14646
[2026-06-29 16:38:53] [INFO] [position_sizing] Position size: 0.5 (equity=74613, risk=0.001, sl_dist=0.00357, score=100, cons_loss=10)
[2026-06-29 16:38:54] [INFO] [xgboost_v2] [VERIFY] XGBOOST MODEL LOADED path=models/xgb_model.json available=True
[2026-06-29 16:38:54] [INFO] [xgboost_v2] XGBoost v2 model loaded successfully
[2026-06-29 16:38:54] [DEBUG] [xgboost_v2] V2 predict: rsi=65.0 atr=0.00238 regime=TRENDING session=new_york dir=BUY -> p_win=0.429
[2026-06-29 16:38:54] [INFO] [xgboost_v2] [VERIFY] XGBOOST PREDICTION p_win=0.429 available=True
[2026-06-29 16:38:54] [INFO] [main] [VERIFY][DECISION_TRUTH] bias=bullish score=99.6 confidence=1.0 vote=BUY risk_passed=False sl_tp_calculated=True position_size=0.5 xgboost_p_win=0.42936471104621887 final_decision_valid=False reject_reason=p_win<threshold (p_win=0.429 threshold=0.6)
[2026-06-29 16:38:54] [INFO] [main] --- XAUUSD ---
[2026-06-29 16:38:58] [INFO] [deepseek] DEEPSEEK OK: {
  "impact_score": 65,
  "bias": "bullish",
  "confidence": 0.85,
  "reason": "الاتجاه الصاعد قوي ف...
[2026-06-29 16:38:58] [INFO] [deepseek] AI XAUUSD: bias=bullish impact=65.0 conf=0.85
[2026-06-29 16:38:58] [INFO] [signal_engine] [VERIFY] SIGNAL_INPUT bias=bullish score=65.0 confidence=0.85
[2026-06-29 16:38:58] [INFO] [signal_engine] [VERIFY] SIGNAL_RULE rule=confidence>=0.60 actual=0.85 result=True
[2026-06-29 16:38:58] [INFO] [signal_engine] [VERIFY] SIGNAL_RULE rule=score>=55 actual=65.0 result=True
[2026-06-29 16:38:58] [INFO] [signal_engine] [VERIFY] SIGNAL_RULE rule=bias in [bullish,bearish] actual=bullish result=True
[2026-06-29 16:38:58] [INFO] [signal_engine] [VERIFY] SIGNAL_FINAL direction=BUY score=65.0 confidence=0.85 valid=True
[2026-06-29 16:38:58] [DEBUG] [signal_engine] Signal: BUY score=65.0 conf=0.85 strength=متوسط valid=True
[2026-06-29 16:38:58] [DEBUG] [mtf] MTF (snapshot) XAUUSD: H4=bullish H1=bullish M15=bullish aligned=True (strong)
[2026-06-29 16:38:58] [INFO] [main] [VERIFY][DATA_TRUTH] symbol=XAUUSD timeframe=H4/H1/M15 news_fetched=True indicators_fetched=True live_data=True cached=False
[2026-06-29 16:38:58] [INFO] [voting_engine] XAUUSD: MTF strongly aligned, boosting score 10%
[2026-06-29 16:38:58] [WARNING] [risk_engine] Risk: Consecutive losses limit exceeded (XAUUSD BUY) - Consecutive losses: 10
[2026-06-29 16:38:58] [DEBUG] [hybrid_market_client] Fetching indicators for XAUUSD (QuantDinger only)
[2026-06-29 16:38:58] [DEBUG] [market_client] Candles XAUUSD 4H: 100 bars ✓
[2026-06-29 16:38:58] [DEBUG] [hybrid_market_client] ✓ Got live data from QuantDinger for XAUUSD
[2026-06-29 16:38:58] [DEBUG] [hybrid_market_client] Fetching indicators for XAUUSD (QuantDinger only)
[2026-06-29 16:38:58] [DEBUG] [market_client] Using cached candles for XAUUSD 4H (age: 0s)
[2026-06-29 16:38:58] [DEBUG] [hybrid_market_client] ✓ Got live data from QuantDinger for XAUUSD
[2026-06-29 16:38:58] [INFO] [sltp] SL/TP XAUUSD: entry=4054.10009765625 atr=35.24282 sl=4044.1001 tp=4142.20714
[2026-06-29 16:38:58] [INFO] [position_sizing] Position size: 0.1 (equity=74613, risk=0.000, sl_dist=10.00000, score=90, cons_loss=10)
[2026-06-29 16:38:58] [DEBUG] [xgboost_v2] V2 predict: rsi=60.7 atr=35.24282 regime=TRENDING session=new_york dir=BUY -> p_win=0.169
[2026-06-29 16:38:58] [INFO] [xgboost_v2] [VERIFY] XGBOOST PREDICTION p_win=0.169 available=True
[2026-06-29 16:38:58] [INFO] [main] [VERIFY][DECISION_TRUTH] bias=bullish score=89.7 confidence=1.0 vote=BUY risk_passed=False sl_tp_calculated=True position_size=0.1 xgboost_p_win=0.16938196122646332 final_decision_valid=False reject_reason=p_win<threshold (p_win=0.169 threshold=0.6)
[2026-06-29 16:38:58] [INFO] [main] --- GBPUSD ---
[2026-06-29 16:39:03] [WARNING] [deepseek] DeepSeek empty response
[2026-06-29 16:39:08] [WARNING] [deepseek] DeepSeek empty response
[2026-06-29 16:39:13] [WARNING] [deepseek] Retry 1: JSON incomplete/truncated
[2026-06-29 16:39:18] [WARNING] [deepseek] DeepSeek empty response
[2026-06-29 16:39:23] [WARNING] [deepseek] DeepSeek empty response
[2026-06-29 16:39:27] [INFO] [deepseek] DEEPSEEK OK: {
  "impact_score": 65,
  "bias": "bullish",
  "confidence": 0.75,
  "reason": "الاتجاه الفني صاعد و...
[2026-06-29 16:39:27] [INFO] [deepseek] AI GBPUSD: bias=bullish impact=65.0 conf=0.75
[2026-06-29 16:39:27] [INFO] [signal_engine] [VERIFY] SIGNAL_INPUT bias=bullish score=65.0 confidence=0.75
[2026-06-29 16:39:27] [INFO] [signal_engine] [VERIFY] SIGNAL_RULE rule=confidence>=0.60 actual=0.75 result=True
[2026-06-29 16:39:27] [INFO] [signal_engine] [VERIFY] SIGNAL_RULE rule=score>=55 actual=65.0 result=True
[2026-06-29 16:39:27] [INFO] [signal_engine] [VERIFY] SIGNAL_RULE rule=bias in [bullish,bearish] actual=bullish result=True
[2026-06-29 16:39:27] [INFO] [signal_engine] [VERIFY] SIGNAL_FINAL direction=BUY score=65.0 confidence=0.75 valid=True
[2026-06-29 16:39:27] [DEBUG] [signal_engine] Signal: BUY score=65.0 conf=0.75 strength=متوسط valid=True
[2026-06-29 16:39:27] [INFO] [sentiment] Sentiment GBPUSD: bullish score=100 bull=1 bear=0
[2026-06-29 16:39:27] [DEBUG] [mtf] MTF (snapshot) GBPUSD: H4=bullish H1=bullish M15=bullish aligned=True (strong)
[2026-06-29 16:39:27] [INFO] [main] [VERIFY][DATA_TRUTH] symbol=GBPUSD timeframe=H4/H1/M15 news_fetched=True indicators_fetched=True live_data=True cached=False
[2026-06-29 16:39:27] [INFO] [voting_engine] GBPUSD: MTF strongly aligned, boosting score 10%
[2026-06-29 16:39:27] [WARNING] [risk_engine] Risk: Consecutive losses limit exceeded (GBPUSD BUY) - Consecutive losses: 10
[2026-06-29 16:39:27] [DEBUG] [hybrid_market_client] Fetching indicators for GBPUSD (QuantDinger only)
[2026-06-29 16:39:27] [DEBUG] [market_client] Candles GBPUSD 4H: 100 bars ✓
[2026-06-29 16:39:27] [DEBUG] [hybrid_market_client] ✓ Got live data from QuantDinger for GBPUSD
[2026-06-29 16:39:27] [DEBUG] [hybrid_market_client] Fetching indicators for GBPUSD (QuantDinger only)
[2026-06-29 16:39:27] [DEBUG] [market_client] Using cached candles for GBPUSD 4H (age: 0s)
[2026-06-29 16:39:27] [DEBUG] [hybrid_market_client] ✓ Got live data from QuantDinger for GBPUSD
[2026-06-29 16:39:27] [INFO] [sltp] SL/TP GBPUSD: entry=1.323556661605835 atr=0.00270 sl=1.3195 tp=1.33032
[2026-06-29 16:39:27] [INFO] [position_sizing] Position size: 0.5 (equity=74613, risk=0.001, sl_dist=0.00406, score=97, cons_loss=10)
[2026-06-29 16:39:27] [DEBUG] [xgboost_v2] V2 predict: rsi=67.9 atr=0.00270 regime=TRENDING session=new_york dir=BUY -> p_win=0.341
[2026-06-29 16:39:27] [INFO] [xgboost_v2] [VERIFY] XGBOOST PREDICTION p_win=0.341 available=True
[2026-06-29 16:39:27] [INFO] [main] [VERIFY][DECISION_TRUTH] bias=bullish score=96.9 confidence=1.0 vote=BUY risk_passed=False sl_tp_calculated=True position_size=0.5 xgboost_p_win=0.34146571159362793 final_decision_valid=False reject_reason=p_win<threshold (p_win=0.341 threshold=0.6)
[2026-06-29 16:39:27] [INFO] [adaptive_weights] EURUSD weights updated: {'ai': 0.239, 'trend': 0.239, 'momentum': 0.239, 'sentiment': 0.239, 'volatility': 0.043} | WR=13.6% PF=0
[2026-06-29 16:39:27] [INFO] [adaptive_weights] 🏆 أفضل زوج: EURUSD | WR=13.6% | PnL=190.0$
[2026-06-29 16:39:27] [INFO] [adaptive_weights] ⚠️ أسوأ زوج: XAUUSD | WR=0.0% | PnL=0.0$
[2026-06-29 16:39:27] [INFO] [main] Sleeping 1800s...
[2026-06-29 16:44:19] [INFO] [main] Trading Bot V3 starting...
[2026-06-29 16:44:19] [INFO] [database] V3 Database initialized with all tables
[2026-06-29 16:44:19] [INFO] [qd_client] Logged in to QuantDinger
[2026-06-29 16:44:20] [INFO] [qd_client] MT5 connected
[2026-06-29 16:44:20] [INFO] [main] MT5 connected
[2026-06-29 16:44:20] [INFO] [telegram_bot] Telegram polling started
[2026-06-29 16:44:20] [INFO] [telegram_bot] Telegram bot V3 started
[2026-06-29 16:44:20] [INFO] [mt5_watchdog] MT5 watchdog started (V1 reconnect logic)
[2026-06-29 16:44:20] [INFO] [reconciliation] Reconciliation loop started (every 60s)
[2026-06-29 16:44:20] [INFO] [reconciliation] Reconciliation thread started (safety only)
[2026-06-29 16:44:20] [INFO] [post_entry_manager] PostEntryManager started
[2026-06-29 16:44:20] [INFO] [main] ==================================================
[2026-06-29 16:44:20] [INFO] [main] Cycle 1 at 16:44:20
[2026-06-29 16:44:29] [INFO] [news_fetcher] Fetched 18 relevant news items
[2026-06-29 16:44:29] [INFO] [main] Equity: 74613.22$ | News: 18
[2026-06-29 16:44:29] [DEBUG] [hybrid_market_client] Fetching indicators for EURUSD (QuantDinger only)
[2026-06-29 16:44:30] [DEBUG] [market_client] Candles EURUSD 4H: 100 bars ✓
[2026-06-29 16:44:30] [DEBUG] [hybrid_market_client] ✓ Got live data from QuantDinger for EURUSD
[2026-06-29 16:44:30] [DEBUG] [hybrid_market_client] Fetching indicators for EURUSD (QuantDinger only)
[2026-06-29 16:44:30] [DEBUG] [market_client] Candles EURUSD 4H: 100 bars ✓
[2026-06-29 16:44:30] [DEBUG] [hybrid_market_client] ✓ Got live data from QuantDinger for EURUSD
[2026-06-29 16:44:30] [DEBUG] [hybrid_market_client] Fetching indicators for EURUSD (QuantDinger only)
[2026-06-29 16:44:30] [DEBUG] [market_client] Candles EURUSD 4H: 100 bars ✓
[2026-06-29 16:44:30] [DEBUG] [hybrid_market_client] ✓ Got live data from QuantDinger for EURUSD
[2026-06-29 16:44:30] [INFO] [market_snapshot_builder] [SNAPSHOT_BUILT] symbol=EURUSD tfs=H4,H1,M15
[2026-06-29 16:44:30] [DEBUG] [hybrid_market_client] Fetching indicators for XAUUSD (QuantDinger only)
[2026-06-29 16:44:30] [DEBUG] [market_client] Candles XAUUSD 4H: 100 bars ✓
[2026-06-29 16:44:30] [DEBUG] [hybrid_market_client] ✓ Got live data from QuantDinger for XAUUSD
[2026-06-29 16:44:30] [DEBUG] [hybrid_market_client] Fetching indicators for XAUUSD (QuantDinger only)
[2026-06-29 16:44:30] [DEBUG] [market_client] Candles XAUUSD 4H: 100 bars ✓
[2026-06-29 16:44:30] [DEBUG] [hybrid_market_client] ✓ Got live data from QuantDinger for XAUUSD
[2026-06-29 16:44:30] [DEBUG] [hybrid_market_client] Fetching indicators for XAUUSD (QuantDinger only)
[2026-06-29 16:44:30] [DEBUG] [market_client] Candles XAUUSD 4H: 100 bars ✓
[2026-06-29 16:44:30] [DEBUG] [hybrid_market_client] ✓ Got live data from QuantDinger for XAUUSD
[2026-06-29 16:44:30] [INFO] [market_snapshot_builder] [SNAPSHOT_BUILT] symbol=XAUUSD tfs=H4,H1,M15
[2026-06-29 16:44:30] [DEBUG] [hybrid_market_client] Fetching indicators for GBPUSD (QuantDinger only)
[2026-06-29 16:44:31] [DEBUG] [market_client] Candles GBPUSD 4H: 100 bars ✓
[2026-06-29 16:44:31] [DEBUG] [hybrid_market_client] ✓ Got live data from QuantDinger for GBPUSD
[2026-06-29 16:44:31] [DEBUG] [hybrid_market_client] Fetching indicators for GBPUSD (QuantDinger only)
[2026-06-29 16:44:31] [DEBUG] [market_client] Candles GBPUSD 4H: 100 bars ✓
[2026-06-29 16:44:31] [DEBUG] [hybrid_market_client] ✓ Got live data from QuantDinger for GBPUSD
[2026-06-29 16:44:31] [DEBUG] [hybrid_market_client] Fetching indicators for GBPUSD (QuantDinger only)
[2026-06-29 16:44:31] [DEBUG] [market_client] Candles GBPUSD 4H: 100 bars ✓
[2026-06-29 16:44:31] [DEBUG] [hybrid_market_client] ✓ Got live data from QuantDinger for GBPUSD
[2026-06-29 16:44:31] [INFO] [market_snapshot_builder] [SNAPSHOT_BUILT] symbol=GBPUSD tfs=H4,H1,M15
[2026-06-29 16:44:31] [INFO] [main] --- EURUSD ---
[2026-06-29 16:44:35] [INFO] [deepseek] DEEPSEEK OK: {
  "impact_score": 70,
  "bias": "bullish",
  "confidence": 0.85,
  "reason": "الاتجاه الصاعد قوي و...
[2026-06-29 16:44:35] [INFO] [deepseek] AI EURUSD: bias=bullish impact=70.0 conf=0.85
[2026-06-29 16:44:35] [INFO] [signal_engine] [VERIFY] SIGNAL_INPUT bias=bullish score=70.0 confidence=0.85
[2026-06-29 16:44:35] [INFO] [signal_engine] [VERIFY] SIGNAL_RULE rule=confidence>=0.60 actual=0.85 result=True
[2026-06-29 16:44:35] [INFO] [signal_engine] [VERIFY] SIGNAL_RULE rule=score>=55 actual=70.0 result=True
[2026-06-29 16:44:35] [INFO] [signal_engine] [VERIFY] SIGNAL_RULE rule=bias in [bullish,bearish] actual=bullish result=True
[2026-06-29 16:44:35] [INFO] [signal_engine] [VERIFY] SIGNAL_FINAL direction=BUY score=70.0 confidence=0.85 valid=True
[2026-06-29 16:44:35] [DEBUG] [signal_engine] Signal: BUY score=70.0 conf=0.85 strength=قوي valid=True
[2026-06-29 16:44:35] [INFO] [sentiment] Sentiment EURUSD: bullish score=86 bull=5 bear=2
[2026-06-29 16:44:35] [DEBUG] [mtf] MTF (snapshot) EURUSD: H4=bullish H1=bullish M15=bullish aligned=True (strong)
[2026-06-29 16:44:35] [INFO] [main] [VERIFY][DATA_TRUTH] symbol=EURUSD timeframe=H4/H1/M15 news_fetched=True indicators_fetched=True live_data=True cached=False
[2026-06-29 16:44:35] [INFO] [voting_engine] EURUSD: MTF strongly aligned, boosting score 10%
[2026-06-29 16:44:35] [WARNING] [risk_engine] Risk: Consecutive losses limit exceeded (EURUSD BUY) - Consecutive losses: 10
[2026-06-29 16:44:35] [DEBUG] [hybrid_market_client] Fetching indicators for EURUSD (QuantDinger only)
[2026-06-29 16:44:35] [DEBUG] [market_client] Candles EURUSD 4H: 100 bars ✓
[2026-06-29 16:44:35] [DEBUG] [hybrid_market_client] ✓ Got live data from QuantDinger for EURUSD
[2026-06-29 16:44:35] [DEBUG] [hybrid_market_client] Fetching indicators for EURUSD (QuantDinger only)
[2026-06-29 16:44:35] [DEBUG] [market_client] Using cached candles for EURUSD 4H (age: 0s)
[2026-06-29 16:44:35] [DEBUG] [hybrid_market_client] ✓ Got live data from QuantDinger for EURUSD
[2026-06-29 16:44:35] [INFO] [sltp] SL/TP EURUSD: entry=1.1407711505889893 atr=0.00238 sl=1.1372 tp=1.14672
[2026-06-29 16:44:35] [INFO] [position_sizing] Position size: 0.5 (equity=74613, risk=0.001, sl_dist=0.00357, score=100, cons_loss=10)
[2026-06-29 16:44:35] [INFO] [xgboost_v2] [VERIFY] XGBOOST MODEL LOADED path=models/xgb_model.json available=True
[2026-06-29 16:44:35] [INFO] [xgboost_v2] XGBoost v2 model loaded successfully
[2026-06-29 16:44:35] [DEBUG] [xgboost_v2] V2 predict: rsi=66.1 atr=0.00238 regime=TRENDING session=new_york dir=BUY -> p_win=0.410
[2026-06-29 16:44:35] [INFO] [xgboost_v2] [VERIFY] XGBOOST PREDICTION p_win=0.410 available=True
[2026-06-29 16:44:35] [INFO] [main] [VERIFY][DECISION_TRUTH] bias=bullish score=100 confidence=1.0 vote=BUY risk_passed=False sl_tp_calculated=True position_size=0.5 xgboost_p_win=0.4103644788265228 final_decision_valid=False reject_reason=p_win<threshold (p_win=0.410 threshold=0.6)
[2026-06-29 16:44:35] [INFO] [main] --- XAUUSD ---
[2026-06-29 16:44:39] [INFO] [deepseek] DEEPSEEK OK: {"impact_score": 75, "bias": "bullish", "confidence": 0.85, "reason": "الاتجاه الصاعد قوي والمؤشرات ...
[2026-06-29 16:44:39] [INFO] [deepseek] AI XAUUSD: bias=bullish impact=75.0 conf=0.85
[2026-06-29 16:44:39] [INFO] [signal_engine] [VERIFY] SIGNAL_INPUT bias=bullish score=75.0 confidence=0.85
[2026-06-29 16:44:39] [INFO] [signal_engine] [VERIFY] SIGNAL_RULE rule=confidence>=0.60 actual=0.85 result=True
[2026-06-29 16:44:39] [INFO] [signal_engine] [VERIFY] SIGNAL_RULE rule=score>=55 actual=75.0 result=True
[2026-06-29 16:44:39] [INFO] [signal_engine] [VERIFY] SIGNAL_RULE rule=bias in [bullish,bearish] actual=bullish result=True
[2026-06-29 16:44:39] [INFO] [signal_engine] [VERIFY] SIGNAL_FINAL direction=BUY score=75.0 confidence=0.85 valid=True
[2026-06-29 16:44:39] [DEBUG] [signal_engine] Signal: BUY score=75.0 conf=0.85 strength=قوي valid=True
[2026-06-29 16:44:39] [DEBUG] [mtf] MTF (snapshot) XAUUSD: H4=bullish H1=bullish M15=bullish aligned=True (strong)
[2026-06-29 16:44:39] [INFO] [main] [VERIFY][DATA_TRUTH] symbol=XAUUSD timeframe=H4/H1/M15 news_fetched=True indicators_fetched=True live_data=True cached=False
[2026-06-29 16:44:39] [INFO] [voting_engine] XAUUSD: MTF strongly aligned, boosting score 10%
[2026-06-29 16:44:39] [WARNING] [risk_engine] Risk: Consecutive losses limit exceeded (XAUUSD BUY) - Consecutive losses: 10
[2026-06-29 16:44:39] [DEBUG] [hybrid_market_client] Fetching indicators for XAUUSD (QuantDinger only)
[2026-06-29 16:44:39] [DEBUG] [market_client] Candles XAUUSD 4H: 100 bars ✓
[2026-06-29 16:44:39] [DEBUG] [hybrid_market_client] ✓ Got live data from QuantDinger for XAUUSD
[2026-06-29 16:44:39] [DEBUG] [hybrid_market_client] Fetching indicators for XAUUSD (QuantDinger only)
[2026-06-29 16:44:39] [DEBUG] [market_client] Using cached candles for XAUUSD 4H (age: 0s)
[2026-06-29 16:44:39] [DEBUG] [hybrid_market_client] ✓ Got live data from QuantDinger for XAUUSD
[2026-06-29 16:44:39] [INFO] [sltp] SL/TP XAUUSD: entry=4056.39990234375 atr=35.32853 sl=4046.3999 tp=4144.72122
[2026-06-29 16:44:39] [INFO] [position_sizing] Position size: 0.1 (equity=74613, risk=0.001, sl_dist=10.00000, score=95, cons_loss=10)
[2026-06-29 16:44:39] [DEBUG] [xgboost_v2] V2 predict: rsi=61.0 atr=35.32853 regime=TRENDING session=new_york dir=BUY -> p_win=0.169
[2026-06-29 16:44:39] [INFO] [xgboost_v2] [VERIFY] XGBOOST PREDICTION p_win=0.169 available=True
[2026-06-29 16:44:39] [INFO] [main] [VERIFY][DECISION_TRUTH] bias=bullish score=94.7 confidence=1.0 vote=BUY risk_passed=False sl_tp_calculated=True position_size=0.1 xgboost_p_win=0.16938196122646332 final_decision_valid=False reject_reason=p_win<threshold (p_win=0.169 threshold=0.6)
[2026-06-29 16:44:39] [INFO] [main] --- GBPUSD ---
[2026-06-29 16:44:42] [INFO] [deepseek] DEEPSEEK OK: {"impact_score": 75, "bias": "bullish", "confidence": 0.85, "reason": "اتجاه صاعد قوي على جميع الأطر...
[2026-06-29 16:44:42] [INFO] [deepseek] AI GBPUSD: bias=bullish impact=75.0 conf=0.85
[2026-06-29 16:44:42] [INFO] [signal_engine] [VERIFY] SIGNAL_INPUT bias=bullish score=75.0 confidence=0.85
[2026-06-29 16:44:42] [INFO] [signal_engine] [VERIFY] SIGNAL_RULE rule=confidence>=0.60 actual=0.85 result=True
[2026-06-29 16:44:42] [INFO] [signal_engine] [VERIFY] SIGNAL_RULE rule=score>=55 actual=75.0 result=True
[2026-06-29 16:44:42] [INFO] [signal_engine] [VERIFY] SIGNAL_RULE rule=bias in [bullish,bearish] actual=bullish result=True
[2026-06-29 16:44:42] [INFO] [signal_engine] [VERIFY] SIGNAL_FINAL direction=BUY score=75.0 confidence=0.85 valid=True
[2026-06-29 16:44:42] [DEBUG] [signal_engine] Signal: BUY score=75.0 conf=0.85 strength=قوي valid=True
[2026-06-29 16:44:42] [INFO] [sentiment] Sentiment GBPUSD: bullish score=100 bull=1 bear=0
[2026-06-29 16:44:42] [DEBUG] [mtf] MTF (snapshot) GBPUSD: H4=bullish H1=bullish M15=bullish aligned=True (strong)
[2026-06-29 16:44:42] [INFO] [main] [VERIFY][DATA_TRUTH] symbol=GBPUSD timeframe=H4/H1/M15 news_fetched=True indicators_fetched=True live_data=True cached=False
[2026-06-29 16:44:42] [INFO] [voting_engine] GBPUSD: MTF strongly aligned, boosting score 10%
[2026-06-29 16:44:42] [WARNING] [risk_engine] Risk: Consecutive losses limit exceeded (GBPUSD BUY) - Consecutive losses: 10
[2026-06-29 16:44:42] [DEBUG] [hybrid_market_client] Fetching indicators for GBPUSD (QuantDinger only)
[2026-06-29 16:44:42] [DEBUG] [market_client] Candles GBPUSD 4H: 100 bars ✓
[2026-06-29 16:44:42] [DEBUG] [hybrid_market_client] ✓ Got live data from QuantDinger for GBPUSD
[2026-06-29 16:44:42] [DEBUG] [hybrid_market_client] Fetching indicators for GBPUSD (QuantDinger only)
[2026-06-29 16:44:42] [DEBUG] [market_client] Using cached candles for GBPUSD 4H (age: 0s)
[2026-06-29 16:44:42] [DEBUG] [hybrid_market_client] ✓ Got live data from QuantDinger for GBPUSD
[2026-06-29 16:44:42] [INFO] [sltp] SL/TP GBPUSD: entry=1.3239071369171143 atr=0.00270 sl=1.31985 tp=1.33067
[2026-06-29 16:44:42] [INFO] [position_sizing] Position size: 0.5 (equity=74613, risk=0.001, sl_dist=0.00406, score=100, cons_loss=10)
[2026-06-29 16:44:42] [DEBUG] [xgboost_v2] V2 predict: rsi=68.5 atr=0.00270 regime=TRENDING session=new_york dir=BUY -> p_win=0.341
[2026-06-29 16:44:42] [INFO] [xgboost_v2] [VERIFY] XGBOOST PREDICTION p_win=0.341 available=True
[2026-06-29 16:44:42] [INFO] [main] [VERIFY][DECISION_TRUTH] bias=bullish score=100 confidence=1.0 vote=BUY risk_passed=False sl_tp_calculated=True position_size=0.5 xgboost_p_win=0.34146571159362793 final_decision_valid=False reject_reason=p_win<threshold (p_win=0.341 threshold=0.6)
[2026-06-29 16:44:42] [INFO] [adaptive_weights] EURUSD weights updated: {'ai': 0.239, 'trend': 0.239, 'momentum': 0.239, 'sentiment': 0.239, 'volatility': 0.043} | WR=13.6% PF=0
[2026-06-29 16:44:42] [INFO] [adaptive_weights] 🏆 أفضل زوج: EURUSD | WR=13.6% | PnL=190.0$
[2026-06-29 16:44:42] [INFO] [adaptive_weights] ⚠️ أسوأ زوج: XAUUSD | WR=0.0% | PnL=0.0$
[2026-06-29 16:44:42] [INFO] [main] Sleeping 1800s...
[2026-06-29 16:44:45] [INFO] [post_entry_manager] [POST_ENTRY] New position detected ticket=9333009000 symbol=EURUSD
[2026-06-29 16:44:45] [INFO] [post_entry_manager] [POST_ENTRY] Monitoring ticket=9333009000
[2026-06-29 16:44:52] [INFO] [news_fetcher] Fetched 18 relevant news items
[2026-06-29 16:44:52] [INFO] [xgboost_exit_model] Loaded Exit Model from F:\files (2)\google\botdd\trading_bot_v3\models\xgboost_exit_model.json
[2026-06-29 16:44:52] [INFO] [xgboost_exit_model] [EXIT_MODEL] XGBoost prediction: probability=98.6%
[2026-06-29 16:44:57] [INFO] [post_entry_manager] [POST_ENTRY] Monitoring ticket=9333009000
[2026-06-29 16:45:04] [INFO] [news_fetcher] Fetched 18 relevant news items
[2026-06-29 16:45:04] [INFO] [xgboost_exit_model] Loaded Exit Model from F:\files (2)\google\botdd\trading_bot_v3\models\xgboost_exit_model.json
[2026-06-29 16:45:04] [INFO] [xgboost_exit_model] [EXIT_MODEL] XGBoost prediction: probability=98.6%
[2026-06-29 16:45:09] [INFO] [post_entry_manager] [POST_ENTRY] Monitoring ticket=9333009000
[2026-06-29 16:45:17] [INFO] [news_fetcher] Fetched 18 relevant news items
[2026-06-29 16:45:17] [INFO] [xgboost_exit_model] Loaded Exit Model from F:\files (2)\google\botdd\trading_bot_v3\models\xgboost_exit_model.json
[2026-06-29 16:45:17] [INFO] [xgboost_exit_model] [EXIT_MODEL] XGBoost prediction: probability=98.6%
[2026-06-29 16:45:20] [WARNING] [reconciliation] Unknown position in QD: 9333009000 EURUSD
[2026-06-29 16:45:20] [INFO] [reconciliation] Reconciliation: {'db_count': 0, 'qd_count': 1, 'fixes': 0, 'mismatches': ['QD orphan: 9333009000']}
[2026-06-29 16:45:22] [INFO] [post_entry_manager] [POST_ENTRY] Monitoring ticket=9333009000
[2026-06-29 16:45:29] [INFO] [news_fetcher] Fetched 18 relevant news items
[2026-06-29 16:45:29] [INFO] [xgboost_exit_model] Loaded Exit Model from F:\files (2)\google\botdd\trading_bot_v3\models\xgboost_exit_model.json
[2026-06-29 16:45:29] [INFO] [xgboost_exit_model] [EXIT_MODEL] XGBoost prediction: probability=98.6%
[2026-06-29 16:45:34] [INFO] [post_entry_manager] [POST_ENTRY] Monitoring ticket=9333009000
[2026-06-29 16:45:42] [INFO] [news_fetcher] Fetched 17 relevant news items
[2026-06-29 16:45:42] [INFO] [xgboost_exit_model] Loaded Exit Model from F:\files (2)\google\botdd\trading_bot_v3\models\xgboost_exit_model.json
[2026-06-29 16:45:42] [INFO] [xgboost_exit_model] [EXIT_MODEL] XGBoost prediction: probability=98.6%
[2026-06-29 16:45:47] [INFO] [post_entry_manager] [POST_ENTRY] Monitoring ticket=9333009000
[2026-06-29 16:45:53] [INFO] [news_fetcher] Fetched 18 relevant news items
[2026-06-29 16:45:53] [INFO] [xgboost_exit_model] Loaded Exit Model from F:\files (2)\google\botdd\trading_bot_v3\models\xgboost_exit_model.json
[2026-06-29 16:45:53] [INFO] [xgboost_exit_model] [EXIT_MODEL] XGBoost prediction: probability=98.6%
[2026-06-29 16:45:58] [INFO] [post_entry_manager] [POST_ENTRY] Monitoring ticket=9333009000
[2026-06-29 16:46:07] [INFO] [news_fetcher] Fetched 17 relevant news items
[2026-06-29 16:46:07] [INFO] [xgboost_exit_model] Loaded Exit Model from F:\files (2)\google\botdd\trading_bot_v3\models\xgboost_exit_model.json
[2026-06-29 16:46:07] [INFO] [xgboost_exit_model] [EXIT_MODEL] XGBoost prediction: probability=98.6%
[2026-06-29 16:46:08] [INFO] [post_entry_event_logger] [LOGGER_LISTENER] event_type=TradeClosed ticket=None
[2026-06-29 16:46:08] [INFO] [post_entry_database_listener] [DATABASE_LISTENER] event_type=TradeClosed ticket=None
[2026-06-29 16:46:08] [INFO] [post_entry_telegram_listener] [TELEGRAM_LISTENER] event_type=TradeClosed ticket=None
[2026-06-29 17:03:26] [INFO] [xgboost_exit_model] Loaded Exit Model from F:\files (2)\google\botdd\trading_bot_v3\models\xgboost_exit_model.json
[2026-06-29 17:03:26] [INFO] [xgboost_exit_model] [EXIT_MODEL] XGBoost prediction: probability=0.1%
[2026-06-29 17:03:26] [INFO] [xgboost_exit_model] [EXIT_MODEL] XGBoost prediction: probability=0.1%
[2026-06-29 17:03:26] [INFO] [xgboost_exit_model] [EXIT_MODEL] XGBoost prediction: probability=0.1%
[2026-06-29 17:26:25] [INFO] [main] Trading Bot V3 starting...
[2026-06-29 17:26:25] [INFO] [database] V3 Database initialized with all tables
[2026-06-29 17:26:26] [INFO] [qd_client] Logged in to QuantDinger
[2026-06-29 17:26:26] [INFO] [qd_client] MT5 connected
[2026-06-29 17:26:26] [INFO] [main] MT5 connected
[2026-06-29 17:26:26] [INFO] [telegram_bot] Telegram polling started
[2026-06-29 17:26:26] [INFO] [telegram_bot] Telegram bot V3 started
[2026-06-29 17:26:26] [INFO] [mt5_watchdog] MT5 watchdog started (V1 reconnect logic)
[2026-06-29 17:26:26] [INFO] [reconciliation] Reconciliation loop started (every 60s)
[2026-06-29 17:26:26] [INFO] [reconciliation] Reconciliation thread started (safety only)
[2026-06-29 17:26:26] [INFO] [post_entry_manager] PostEntryManager started
[2026-06-29 17:26:27] [INFO] [main] ==================================================
[2026-06-29 17:26:27] [INFO] [main] Cycle 1 at 17:26:27
[2026-06-29 17:26:37] [INFO] [news_fetcher] Fetched 16 relevant news items
[2026-06-29 17:26:37] [INFO] [main] Equity: 74613.38$ | News: 16
[2026-06-29 17:26:37] [DEBUG] [hybrid_market_client] Fetching indicators for EURUSD (QuantDinger only)
[2026-06-29 17:26:37] [DEBUG] [market_client] Candles EURUSD 4H: 100 bars ✓
[2026-06-29 17:26:37] [DEBUG] [hybrid_market_client] ✓ Got live data from QuantDinger for EURUSD
[2026-06-29 17:26:37] [DEBUG] [hybrid_market_client] Fetching indicators for EURUSD (QuantDinger only)
[2026-06-29 17:26:37] [DEBUG] [market_client] Candles EURUSD 4H: 100 bars ✓
[2026-06-29 17:26:37] [DEBUG] [hybrid_market_client] ✓ Got live data from QuantDinger for EURUSD
[2026-06-29 17:26:37] [DEBUG] [hybrid_market_client] Fetching indicators for EURUSD (QuantDinger only)
[2026-06-29 17:26:37] [DEBUG] [market_client] Candles EURUSD 4H: 100 bars ✓
[2026-06-29 17:26:37] [DEBUG] [hybrid_market_client] ✓ Got live data from QuantDinger for EURUSD
[2026-06-29 17:26:37] [INFO] [market_snapshot_builder] [SNAPSHOT_BUILT] symbol=EURUSD tfs=H4,H1,M15
[2026-06-29 17:26:37] [DEBUG] [hybrid_market_client] Fetching indicators for XAUUSD (QuantDinger only)
[2026-06-29 17:26:38] [DEBUG] [market_client] Candles XAUUSD 4H: 100 bars ✓
[2026-06-29 17:26:38] [DEBUG] [hybrid_market_client] ✓ Got live data from QuantDinger for XAUUSD
[2026-06-29 17:26:38] [DEBUG] [hybrid_market_client] Fetching indicators for XAUUSD (QuantDinger only)
[2026-06-29 17:26:38] [DEBUG] [market_client] Candles XAUUSD 4H: 100 bars ✓
[2026-06-29 17:26:38] [DEBUG] [hybrid_market_client] ✓ Got live data from QuantDinger for XAUUSD
[2026-06-29 17:26:38] [DEBUG] [hybrid_market_client] Fetching indicators for XAUUSD (QuantDinger only)
[2026-06-29 17:26:38] [DEBUG] [market_client] Candles XAUUSD 4H: 100 bars ✓
[2026-06-29 17:26:38] [DEBUG] [hybrid_market_client] ✓ Got live data from QuantDinger for XAUUSD
[2026-06-29 17:26:38] [INFO] [market_snapshot_builder] [SNAPSHOT_BUILT] symbol=XAUUSD tfs=H4,H1,M15
[2026-06-29 17:26:38] [DEBUG] [hybrid_market_client] Fetching indicators for GBPUSD (QuantDinger only)
[2026-06-29 17:26:38] [DEBUG] [market_client] Candles GBPUSD 4H: 100 bars ✓
[2026-06-29 17:26:38] [DEBUG] [hybrid_market_client] ✓ Got live data from QuantDinger for GBPUSD
[2026-06-29 17:26:38] [DEBUG] [hybrid_market_client] Fetching indicators for GBPUSD (QuantDinger only)
[2026-06-29 17:26:38] [DEBUG] [market_client] Candles GBPUSD 4H: 100 bars ✓
[2026-06-29 17:26:38] [DEBUG] [hybrid_market_client] ✓ Got live data from QuantDinger for GBPUSD
[2026-06-29 17:26:38] [DEBUG] [hybrid_market_client] Fetching indicators for GBPUSD (QuantDinger only)
[2026-06-29 17:26:38] [DEBUG] [market_client] Candles GBPUSD 4H: 100 bars ✓
[2026-06-29 17:26:38] [DEBUG] [hybrid_market_client] ✓ Got live data from QuantDinger for GBPUSD
[2026-06-29 17:26:38] [INFO] [market_snapshot_builder] [SNAPSHOT_BUILT] symbol=GBPUSD tfs=H4,H1,M15
[2026-06-29 17:26:38] [INFO] [main] --- EURUSD ---
[2026-06-29 17:26:42] [INFO] [deepseek] DEEPSEEK OK: {
  "impact_score": 65,
  "bias": "bullish",
  "confidence": 0.7,
  "reason": "الاتجاه صعودي على جمي...
[2026-06-29 17:26:42] [INFO] [deepseek] AI EURUSD: bias=bullish impact=65.0 conf=0.70
[2026-06-29 17:26:42] [INFO] [signal_engine] [VERIFY] SIGNAL_INPUT bias=bullish score=65.0 confidence=0.7
[2026-06-29 17:26:42] [INFO] [signal_engine] [VERIFY] SIGNAL_RULE rule=confidence>=0.60 actual=0.7 result=True
[2026-06-29 17:26:42] [INFO] [signal_engine] [VERIFY] SIGNAL_RULE rule=score>=55 actual=65.0 result=True
[2026-06-29 17:26:42] [INFO] [signal_engine] [VERIFY] SIGNAL_RULE rule=bias in [bullish,bearish] actual=bullish result=True
[2026-06-29 17:26:42] [INFO] [signal_engine] [VERIFY] SIGNAL_FINAL direction=BUY score=65.0 confidence=0.7 valid=True
[2026-06-29 17:26:42] [DEBUG] [signal_engine] Signal: BUY score=65.0 conf=0.70 strength=متوسط valid=True
[2026-06-29 17:26:42] [INFO] [sentiment] Sentiment EURUSD: bullish score=83 bull=4 bear=2
[2026-06-29 17:26:42] [DEBUG] [mtf] MTF (snapshot) EURUSD: H4=bullish H1=bullish M15=bullish aligned=True (strong)
[2026-06-29 17:26:42] [INFO] [main] [VERIFY][DATA_TRUTH] symbol=EURUSD timeframe=H4/H1/M15 news_fetched=True indicators_fetched=True live_data=True cached=False
[2026-06-29 17:26:42] [INFO] [voting_engine] EURUSD: MTF strongly aligned, boosting score 10%
[2026-06-29 17:26:42] [WARNING] [risk_engine] Risk: Consecutive losses limit exceeded (EURUSD BUY) - Consecutive losses: 10
[2026-06-29 17:26:42] [DEBUG] [hybrid_market_client] Fetching indicators for EURUSD (QuantDinger only)
[2026-06-29 17:26:42] [DEBUG] [market_client] Candles EURUSD 4H: 100 bars ✓
[2026-06-29 17:26:42] [DEBUG] [hybrid_market_client] ✓ Got live data from QuantDinger for EURUSD
[2026-06-29 17:26:42] [DEBUG] [hybrid_market_client] Fetching indicators for EURUSD (QuantDinger only)
[2026-06-29 17:26:42] [DEBUG] [market_client] Using cached candles for EURUSD 4H (age: 0s)
[2026-06-29 17:26:42] [DEBUG] [hybrid_market_client] ✓ Got live data from QuantDinger for EURUSD
[2026-06-29 17:26:42] [INFO] [sltp] SL/TP EURUSD: entry=1.1420739889144897 atr=0.00244 sl=1.13842 tp=1.14816
[2026-06-29 17:26:42] [INFO] [position_sizing] Position size: 0.5 (equity=74613, risk=0.001, sl_dist=0.00365, score=97, cons_loss=10)
[2026-06-29 17:26:42] [INFO] [xgboost_v2] [VERIFY] XGBOOST MODEL LOADED path=models/xgb_model.json available=True
[2026-06-29 17:26:42] [INFO] [xgboost_v2] XGBoost v2 model loaded successfully
[2026-06-29 17:26:42] [DEBUG] [xgboost_v2] V2 predict: rsi=68.7 atr=0.00244 regime=TRENDING session=new_york dir=BUY -> p_win=0.514
[2026-06-29 17:26:42] [INFO] [xgboost_v2] [VERIFY] XGBOOST PREDICTION p_win=0.514 available=True
[2026-06-29 17:26:42] [INFO] [main] [VERIFY][DECISION_TRUTH] bias=bullish score=96.7 confidence=1.0 vote=BUY risk_passed=False sl_tp_calculated=True position_size=0.5 xgboost_p_win=0.514151394367218 final_decision_valid=False reject_reason=p_win<threshold (p_win=0.514 threshold=0.6)
[2026-06-29 17:26:42] [INFO] [main] --- XAUUSD ---
[2026-06-29 17:26:47] [WARNING] [deepseek] DeepSeek empty response
[2026-06-29 17:26:52] [INFO] [deepseek] DEEPSEEK OK: {
  "impact_score": 60,
  "bias": "bearish",
  "confidence": 0.6,
  "reason": "الاتجاه هابط بقوة على...
[2026-06-29 17:26:52] [INFO] [deepseek] AI XAUUSD: bias=bearish impact=60.0 conf=0.60
[2026-06-29 17:26:52] [INFO] [signal_engine] [VERIFY] SIGNAL_INPUT bias=bearish score=60.0 confidence=0.6
[2026-06-29 17:26:52] [INFO] [signal_engine] [VERIFY] SIGNAL_RULE rule=confidence>=0.60 actual=0.6 result=True
[2026-06-29 17:26:52] [INFO] [signal_engine] [VERIFY] SIGNAL_RULE rule=score>=55 actual=60.0 result=True
[2026-06-29 17:26:52] [INFO] [signal_engine] [VERIFY] SIGNAL_RULE rule=bias in [bullish,bearish] actual=bearish result=True
[2026-06-29 17:26:52] [INFO] [signal_engine] [VERIFY] SIGNAL_FINAL direction=SELL score=60.0 confidence=0.6 valid=True
[2026-06-29 17:26:52] [DEBUG] [signal_engine] Signal: SELL score=60.0 conf=0.60 strength=متوسط valid=True
[2026-06-29 17:26:52] [DEBUG] [mtf] MTF (snapshot) XAUUSD: H4=bearish H1=neutral M15=neutral aligned=False (weak)
[2026-06-29 17:26:52] [INFO] [main] [VERIFY][DATA_TRUTH] symbol=XAUUSD timeframe=H4/H1/M15 news_fetched=True indicators_fetched=True live_data=True cached=False
[2026-06-29 17:26:52] [INFO] [voting_engine] XAUUSD: MTF weakly misaligned, reducing score 10%
[2026-06-29 17:26:52] [WARNING] [risk_engine] Risk: Consecutive losses limit exceeded (XAUUSD SELL) - Consecutive losses: 10
[2026-06-29 17:26:52] [DEBUG] [hybrid_market_client] Fetching indicators for XAUUSD (QuantDinger only)
[2026-06-29 17:26:52] [DEBUG] [market_client] Candles XAUUSD 4H: 100 bars ✓
[2026-06-29 17:26:52] [DEBUG] [hybrid_market_client] ✓ Got live data from QuantDinger for XAUUSD
[2026-06-29 17:26:52] [DEBUG] [hybrid_market_client] Fetching indicators for XAUUSD (QuantDinger only)
[2026-06-29 17:26:52] [DEBUG] [market_client] Using cached candles for XAUUSD 4H (age: 0s)
[2026-06-29 17:26:52] [DEBUG] [hybrid_market_client] ✓ Got live data from QuantDinger for XAUUSD
[2026-06-29 17:26:52] [INFO] [sltp] SL/TP XAUUSD: entry=4023.199951171875 atr=38.08568 sl=4033.19995 tp=3927.98576
[2026-06-29 17:26:52] [INFO] [position_sizing] Position size: 0.1 (equity=74613, risk=0.000, sl_dist=10.00000, score=69, cons_loss=10)
[2026-06-29 17:26:52] [DEBUG] [xgboost_v2] V2 predict: rsi=54.6 atr=38.08568 regime=TRENDING session=new_york dir=SELL -> p_win=0.121
[2026-06-29 17:26:52] [INFO] [xgboost_v2] [VERIFY] XGBOOST PREDICTION p_win=0.121 available=True
[2026-06-29 17:26:52] [INFO] [main] [VERIFY][DECISION_TRUTH] bias=bearish score=69.4 confidence=0.531 vote=SELL risk_passed=False sl_tp_calculated=True position_size=0.1 xgboost_p_win=0.12083719670772552 final_decision_valid=False reject_reason=p_win<threshold (p_win=0.121 threshold=0.6)
[2026-06-29 17:26:52] [INFO] [main] --- GBPUSD ---
[2026-06-29 17:26:57] [WARNING] [deepseek] Retry 1: JSON incomplete/truncated
[2026-06-29 17:27:01] [INFO] [deepseek] DEEPSEEK OK: {
  "impact_score": 75,
  "bias": "bullish",
  "confidence": 0.8,
  "reason": "التوجه الصعودي قوي مع...
[2026-06-29 17:27:01] [INFO] [deepseek] AI GBPUSD: bias=bullish impact=75.0 conf=0.80
[2026-06-29 17:27:01] [INFO] [signal_engine] [VERIFY] SIGNAL_INPUT bias=bullish score=75.0 confidence=0.8
[2026-06-29 17:27:01] [INFO] [signal_engine] [VERIFY] SIGNAL_RULE rule=confidence>=0.60 actual=0.8 result=True
[2026-06-29 17:27:01] [INFO] [signal_engine] [VERIFY] SIGNAL_RULE rule=score>=55 actual=75.0 result=True
[2026-06-29 17:27:01] [INFO] [signal_engine] [VERIFY] SIGNAL_RULE rule=bias in [bullish,bearish] actual=bullish result=True
[2026-06-29 17:27:01] [INFO] [signal_engine] [VERIFY] SIGNAL_FINAL direction=BUY score=75.0 confidence=0.8 valid=True
[2026-06-29 17:27:01] [DEBUG] [signal_engine] Signal: BUY score=75.0 conf=0.80 strength=قوي valid=True
[2026-06-29 17:27:01] [INFO] [sentiment] Sentiment GBPUSD: bullish score=100 bull=1 bear=0
[2026-06-29 17:27:01] [DEBUG] [mtf] MTF (snapshot) GBPUSD: H4=bullish H1=bullish M15=bullish aligned=True (strong)
[2026-06-29 17:27:01] [INFO] [main] [VERIFY][DATA_TRUTH] symbol=GBPUSD timeframe=H4/H1/M15 news_fetched=True indicators_fetched=True live_data=True cached=False
[2026-06-29 17:27:01] [INFO] [voting_engine] GBPUSD: MTF strongly aligned, boosting score 10%
[2026-06-29 17:27:01] [WARNING] [risk_engine] Risk: Consecutive losses limit exceeded (GBPUSD BUY) - Consecutive losses: 10
[2026-06-29 17:27:01] [DEBUG] [hybrid_market_client] Fetching indicators for GBPUSD (QuantDinger only)
[2026-06-29 17:27:01] [DEBUG] [market_client] Candles GBPUSD 4H: 100 bars ✓
[2026-06-29 17:27:01] [DEBUG] [hybrid_market_client] ✓ Got live data from QuantDinger for GBPUSD
[2026-06-29 17:27:01] [DEBUG] [hybrid_market_client] Fetching indicators for GBPUSD (QuantDinger only)
[2026-06-29 17:27:01] [DEBUG] [market_client] Using cached candles for GBPUSD 4H (age: 0s)
[2026-06-29 17:27:01] [DEBUG] [hybrid_market_client] ✓ Got live data from QuantDinger for GBPUSD
[2026-06-29 17:27:01] [INFO] [sltp] SL/TP GBPUSD: entry=1.3239597082138062 atr=0.00270 sl=1.3199 tp=1.33072
[2026-06-29 17:27:01] [INFO] [position_sizing] Position size: 0.5 (equity=74613, risk=0.001, sl_dist=0.00406, score=100, cons_loss=10)
[2026-06-29 17:27:01] [DEBUG] [xgboost_v2] V2 predict: rsi=68.6 atr=0.00270 regime=TRENDING session=new_york dir=BUY -> p_win=0.341
[2026-06-29 17:27:01] [INFO] [xgboost_v2] [VERIFY] XGBOOST PREDICTION p_win=0.341 available=True
[2026-06-29 17:27:01] [INFO] [main] [VERIFY][DECISION_TRUTH] bias=bullish score=100 confidence=1.0 vote=BUY risk_passed=False sl_tp_calculated=True position_size=0.5 xgboost_p_win=0.34146571159362793 final_decision_valid=False reject_reason=p_win<threshold (p_win=0.341 threshold=0.6)
[2026-06-29 17:27:01] [INFO] [adaptive_weights] EURUSD weights updated: {'ai': 0.239, 'trend': 0.239, 'momentum': 0.239, 'sentiment': 0.239, 'volatility': 0.043} | WR=13.6% PF=0
[2026-06-29 17:27:01] [INFO] [adaptive_weights] 🏆 أفضل زوج: EURUSD | WR=13.6% | PnL=190.0$
[2026-06-29 17:27:01] [INFO] [adaptive_weights] ⚠️ أسوأ زوج: XAUUSD | WR=0.0% | PnL=0.0$
[2026-06-29 17:27:01] [INFO] [main] Sleeping 1800s...
[2026-06-29 17:28:06] [INFO] [xgboost_exit_model] Loaded Exit Model from F:\files (2)\google\botdd\trading_bot_v3\models\xgboost_exit_model.json
[2026-06-29 17:28:06] [INFO] [xgboost_exit_model] [EXIT_MODEL] XGBoost prediction: probability=0.1%
[2026-06-29 17:28:06] [INFO] [xgboost_exit_model] [EXIT_MODEL] XGBoost prediction: probability=0.1%
[2026-06-29 17:28:06] [INFO] [xgboost_exit_model] [EXIT_MODEL] XGBoost prediction: probability=0.1%
[2026-06-29 17:30:03] [INFO] [main] Trading Bot V3 starting...
[2026-06-29 17:30:03] [INFO] [database] V3 Database initialized with all tables
[2026-06-29 17:30:03] [INFO] [qd_client] Logged in to QuantDinger
[2026-06-29 17:30:03] [INFO] [qd_client] MT5 connected
[2026-06-29 17:30:03] [INFO] [main] MT5 connected
[2026-06-29 17:30:03] [INFO] [telegram_bot] Telegram polling started
[2026-06-29 17:30:03] [INFO] [telegram_bot] Telegram bot V3 started
[2026-06-29 17:30:03] [INFO] [mt5_watchdog] MT5 watchdog started (V1 reconnect logic)
[2026-06-29 17:30:03] [INFO] [reconciliation] Reconciliation loop started (every 60s)
[2026-06-29 17:30:03] [INFO] [reconciliation] Reconciliation thread started (safety only)
[2026-06-29 17:30:03] [INFO] [post_entry_manager] PostEntryManager started
[2026-06-29 17:30:04] [INFO] [main] ==================================================
[2026-06-29 17:30:04] [INFO] [main] Cycle 1 at 17:30:04
[2026-06-29 17:30:15] [INFO] [news_fetcher] Fetched 18 relevant news items
[2026-06-29 17:30:15] [INFO] [main] Equity: 74613.37$ | News: 18
[2026-06-29 17:30:15] [DEBUG] [hybrid_market_client] Fetching indicators for EURUSD (QuantDinger only)
[2026-06-29 17:30:15] [DEBUG] [market_client] Candles EURUSD 4H: 100 bars ✓
[2026-06-29 17:30:15] [DEBUG] [hybrid_market_client] ✓ Got live data from QuantDinger for EURUSD
[2026-06-29 17:30:15] [DEBUG] [hybrid_market_client] Fetching indicators for EURUSD (QuantDinger only)
[2026-06-29 17:30:15] [DEBUG] [market_client] Candles EURUSD 4H: 100 bars ✓
[2026-06-29 17:30:15] [DEBUG] [hybrid_market_client] ✓ Got live data from QuantDinger for EURUSD
[2026-06-29 17:30:15] [DEBUG] [hybrid_market_client] Fetching indicators for EURUSD (QuantDinger only)
[2026-06-29 17:30:15] [DEBUG] [market_client] Candles EURUSD 4H: 100 bars ✓
[2026-06-29 17:30:15] [DEBUG] [hybrid_market_client] ✓ Got live data from QuantDinger for EURUSD
[2026-06-29 17:30:15] [INFO] [market_snapshot_builder] [SNAPSHOT_BUILT] symbol=EURUSD tfs=H4,H1,M15
[2026-06-29 17:30:15] [DEBUG] [hybrid_market_client] Fetching indicators for XAUUSD (QuantDinger only)
[2026-06-29 17:30:15] [DEBUG] [market_client] Candles XAUUSD 4H: 100 bars ✓
[2026-06-29 17:30:15] [DEBUG] [hybrid_market_client] ✓ Got live data from QuantDinger for XAUUSD
[2026-06-29 17:30:15] [DEBUG] [hybrid_market_client] Fetching indicators for XAUUSD (QuantDinger only)
[2026-06-29 17:30:15] [DEBUG] [market_client] Candles XAUUSD 4H: 100 bars ✓
[2026-06-29 17:30:15] [DEBUG] [hybrid_market_client] ✓ Got live data from QuantDinger for XAUUSD
[2026-06-29 17:30:15] [DEBUG] [hybrid_market_client] Fetching indicators for XAUUSD (QuantDinger only)
[2026-06-29 17:30:15] [DEBUG] [market_client] Candles XAUUSD 4H: 100 bars ✓
[2026-06-29 17:30:15] [DEBUG] [hybrid_market_client] ✓ Got live data from QuantDinger for XAUUSD
[2026-06-29 17:30:15] [INFO] [market_snapshot_builder] [SNAPSHOT_BUILT] symbol=XAUUSD tfs=H4,H1,M15
[2026-06-29 17:30:15] [DEBUG] [hybrid_market_client] Fetching indicators for GBPUSD (QuantDinger only)
[2026-06-29 17:30:15] [DEBUG] [market_client] Candles GBPUSD 4H: 100 bars ✓
[2026-06-29 17:30:15] [DEBUG] [hybrid_market_client] ✓ Got live data from QuantDinger for GBPUSD
[2026-06-29 17:30:15] [DEBUG] [hybrid_market_client] Fetching indicators for GBPUSD (QuantDinger only)
[2026-06-29 17:30:15] [DEBUG] [market_client] Candles GBPUSD 4H: 100 bars ✓
[2026-06-29 17:30:15] [DEBUG] [hybrid_market_client] ✓ Got live data from QuantDinger for GBPUSD
[2026-06-29 17:30:15] [DEBUG] [hybrid_market_client] Fetching indicators for GBPUSD (QuantDinger only)
[2026-06-29 17:30:15] [DEBUG] [market_client] Candles GBPUSD 4H: 100 bars ✓
[2026-06-29 17:30:15] [DEBUG] [hybrid_market_client] ✓ Got live data from QuantDinger for GBPUSD
[2026-06-29 17:30:15] [INFO] [market_snapshot_builder] [SNAPSHOT_BUILT] symbol=GBPUSD tfs=H4,H1,M15
[2026-06-29 17:30:15] [INFO] [main] --- EURUSD ---
[2026-06-29 17:30:19] [INFO] [deepseek] DEEPSEEK OK: {
  "impact_score": 65,
  "bias": "bullish",
  "confidence": 0.7,
  "reason": "اتجاه صاعد قوي في جمي...
[2026-06-29 17:30:19] [INFO] [deepseek] AI EURUSD: bias=bullish impact=65.0 conf=0.70
[2026-06-29 17:30:19] [INFO] [signal_engine] [VERIFY] SIGNAL_INPUT bias=bullish score=65.0 confidence=0.7
[2026-06-29 17:30:19] [INFO] [signal_engine] [VERIFY] SIGNAL_RULE rule=confidence>=0.60 actual=0.7 result=True
[2026-06-29 17:30:19] [INFO] [signal_engine] [VERIFY] SIGNAL_RULE rule=score>=55 actual=65.0 result=True
[2026-06-29 17:30:19] [INFO] [signal_engine] [VERIFY] SIGNAL_RULE rule=bias in [bullish,bearish] actual=bullish result=True
[2026-06-29 17:30:19] [INFO] [signal_engine] [VERIFY] SIGNAL_FINAL direction=BUY score=65.0 confidence=0.7 valid=True
[2026-06-29 17:30:19] [DEBUG] [signal_engine] Signal: BUY score=65.0 conf=0.70 strength=متوسط valid=True
[2026-06-29 17:30:19] [INFO] [sentiment] Sentiment EURUSD: bullish score=83 bull=4 bear=2
[2026-06-29 17:30:19] [DEBUG] [mtf] MTF (snapshot) EURUSD: H4=bullish H1=bullish M15=bullish aligned=True (strong)
[2026-06-29 17:30:19] [INFO] [main] [VERIFY][DATA_TRUTH] symbol=EURUSD timeframe=H4/H1/M15 news_fetched=True indicators_fetched=True live_data=True cached=False
[2026-06-29 17:30:20] [INFO] [voting_engine] EURUSD: MTF strongly aligned, boosting score 10%
[2026-06-29 17:30:20] [WARNING] [risk_engine] Risk: Consecutive losses limit exceeded (EURUSD BUY) - Consecutive losses: 10
[2026-06-29 17:30:20] [DEBUG] [hybrid_market_client] Fetching indicators for EURUSD (QuantDinger only)
[2026-06-29 17:30:20] [DEBUG] [market_client] Candles EURUSD 4H: 100 bars ✓
[2026-06-29 17:30:20] [DEBUG] [hybrid_market_client] ✓ Got live data from QuantDinger for EURUSD
[2026-06-29 17:30:20] [DEBUG] [hybrid_market_client] Fetching indicators for EURUSD (QuantDinger only)
[2026-06-29 17:30:20] [DEBUG] [market_client] Using cached candles for EURUSD 4H (age: 0s)
[2026-06-29 17:30:20] [DEBUG] [hybrid_market_client] ✓ Got live data from QuantDinger for EURUSD
[2026-06-29 17:30:20] [INFO] [sltp] SL/TP EURUSD: entry=1.1420739889144897 atr=0.00244 sl=1.13842 tp=1.14816
[2026-06-29 17:30:20] [INFO] [position_sizing] Position size: 0.5 (equity=74613, risk=0.001, sl_dist=0.00365, score=97, cons_loss=10)
[2026-06-29 17:30:20] [INFO] [xgboost_v2] [VERIFY] XGBOOST MODEL LOADED path=models/xgb_model.json available=True
[2026-06-29 17:30:20] [INFO] [xgboost_v2] XGBoost v2 model loaded successfully
[2026-06-29 17:30:20] [DEBUG] [xgboost_v2] V2 predict: rsi=68.7 atr=0.00244 regime=TRENDING session=new_york dir=BUY -> p_win=0.514
[2026-06-29 17:30:20] [INFO] [xgboost_v2] [VERIFY] XGBOOST PREDICTION p_win=0.514 available=True
[2026-06-29 17:30:20] [INFO] [main] [VERIFY][DECISION_TRUTH] bias=bullish score=96.7 confidence=1.0 vote=BUY risk_passed=False sl_tp_calculated=True position_size=0.5 xgboost_p_win=0.514151394367218 final_decision_valid=False reject_reason=p_win<threshold (p_win=0.514 threshold=0.6)
[2026-06-29 17:30:20] [INFO] [main] --- XAUUSD ---
[2026-06-29 17:30:25] [WARNING] [deepseek] Retry 1: JSON incomplete/truncated
[2026-06-29 17:30:29] [INFO] [deepseek] DEEPSEEK OK: {"impact_score": 65, "bias": "bearish", "confidence": 0.7, "reason": "الاتجاه الهابط القوي على جميع ...
[2026-06-29 17:30:29] [INFO] [deepseek] AI XAUUSD: bias=bearish impact=65.0 conf=0.70
[2026-06-29 17:30:29] [INFO] [signal_engine] [VERIFY] SIGNAL_INPUT bias=bearish score=65.0 confidence=0.7
[2026-06-29 17:30:29] [INFO] [signal_engine] [VERIFY] SIGNAL_RULE rule=confidence>=0.60 actual=0.7 result=True
[2026-06-29 17:30:29] [INFO] [signal_engine] [VERIFY] SIGNAL_RULE rule=score>=55 actual=65.0 result=True
[2026-06-29 17:30:29] [INFO] [signal_engine] [VERIFY] SIGNAL_RULE rule=bias in [bullish,bearish] actual=bearish result=True
[2026-06-29 17:30:29] [INFO] [signal_engine] [VERIFY] SIGNAL_FINAL direction=SELL score=65.0 confidence=0.7 valid=True
[2026-06-29 17:30:29] [DEBUG] [signal_engine] Signal: SELL score=65.0 conf=0.70 strength=متوسط valid=True
[2026-06-29 17:30:29] [DEBUG] [mtf] MTF (snapshot) XAUUSD: H4=bearish H1=neutral M15=neutral aligned=False (weak)
[2026-06-29 17:30:29] [INFO] [main] [VERIFY][DATA_TRUTH] symbol=XAUUSD timeframe=H4/H1/M15 news_fetched=True indicators_fetched=True live_data=True cached=False
[2026-06-29 17:30:29] [INFO] [voting_engine] XAUUSD: MTF weakly misaligned, reducing score 10%
[2026-06-29 17:30:29] [WARNING] [risk_engine] Risk: Consecutive losses limit exceeded (XAUUSD SELL) - Consecutive losses: 10
[2026-06-29 17:30:29] [DEBUG] [hybrid_market_client] Fetching indicators for XAUUSD (QuantDinger only)
[2026-06-29 17:30:29] [DEBUG] [market_client] Candles XAUUSD 4H: 100 bars ✓
[2026-06-29 17:30:29] [DEBUG] [hybrid_market_client] ✓ Got live data from QuantDinger for XAUUSD
[2026-06-29 17:30:29] [DEBUG] [hybrid_market_client] Fetching indicators for XAUUSD (QuantDinger only)
[2026-06-29 17:30:29] [DEBUG] [market_client] Using cached candles for XAUUSD 4H (age: 0s)
[2026-06-29 17:30:29] [DEBUG] [hybrid_market_client] ✓ Got live data from QuantDinger for XAUUSD
[2026-06-29 17:30:29] [INFO] [sltp] SL/TP XAUUSD: entry=4023.199951171875 atr=38.08568 sl=4033.19995 tp=3927.98576
[2026-06-29 17:30:29] [INFO] [position_sizing] Position size: 0.1 (equity=74613, risk=0.000, sl_dist=10.00000, score=72, cons_loss=10)
[2026-06-29 17:30:29] [DEBUG] [xgboost_v2] V2 predict: rsi=54.6 atr=38.08568 regime=TRENDING session=new_york dir=SELL -> p_win=0.121
[2026-06-29 17:30:29] [INFO] [xgboost_v2] [VERIFY] XGBOOST PREDICTION p_win=0.121 available=True
[2026-06-29 17:30:29] [INFO] [main] [VERIFY][DECISION_TRUTH] bias=bearish score=71.9 confidence=0.62 vote=SELL risk_passed=False sl_tp_calculated=True position_size=0.1 xgboost_p_win=0.12083719670772552 final_decision_valid=False reject_reason=p_win<threshold (p_win=0.121 threshold=0.6)
[2026-06-29 17:30:29] [INFO] [main] --- GBPUSD ---
[2026-06-29 17:30:34] [WARNING] [deepseek] Retry 1: JSON incomplete/truncated
[2026-06-29 17:30:40] [INFO] [deepseek] DEEPSEEK OK: {
  "impact_score": 70,
  "bias": "bullish",
  "confidence": 0.85,
  "reason": "الاتجاه الصاعد قوي ع...
[2026-06-29 17:30:40] [INFO] [deepseek] AI GBPUSD: bias=bullish impact=70.0 conf=0.85
[2026-06-29 17:30:40] [INFO] [signal_engine] [VERIFY] SIGNAL_INPUT bias=bullish score=70.0 confidence=0.85
[2026-06-29 17:30:40] [INFO] [signal_engine] [VERIFY] SIGNAL_RULE rule=confidence>=0.60 actual=0.85 result=True
[2026-06-29 17:30:40] [INFO] [signal_engine] [VERIFY] SIGNAL_RULE rule=score>=55 actual=70.0 result=True
[2026-06-29 17:30:40] [INFO] [signal_engine] [VERIFY] SIGNAL_RULE rule=bias in [bullish,bearish] actual=bullish result=True
[2026-06-29 17:30:40] [INFO] [signal_engine] [VERIFY] SIGNAL_FINAL direction=BUY score=70.0 confidence=0.85 valid=True
[2026-06-29 17:30:40] [DEBUG] [signal_engine] Signal: BUY score=70.0 conf=0.85 strength=قوي valid=True
[2026-06-29 17:30:40] [INFO] [sentiment] Sentiment GBPUSD: bullish score=100 bull=1 bear=0
[2026-06-29 17:30:40] [DEBUG] [mtf] MTF (snapshot) GBPUSD: H4=bullish H1=bullish M15=bullish aligned=True (strong)
[2026-06-29 17:30:40] [INFO] [main] [VERIFY][DATA_TRUTH] symbol=GBPUSD timeframe=H4/H1/M15 news_fetched=True indicators_fetched=True live_data=True cached=False
[2026-06-29 17:30:40] [INFO] [voting_engine] GBPUSD: MTF strongly aligned, boosting score 10%
[2026-06-29 17:30:40] [WARNING] [risk_engine] Risk: Consecutive losses limit exceeded (GBPUSD BUY) - Consecutive losses: 10
[2026-06-29 17:30:40] [DEBUG] [hybrid_market_client] Fetching indicators for GBPUSD (QuantDinger only)
[2026-06-29 17:30:40] [DEBUG] [market_client] Candles GBPUSD 4H: 100 bars ✓
[2026-06-29 17:30:40] [DEBUG] [hybrid_market_client] ✓ Got live data from QuantDinger for GBPUSD
[2026-06-29 17:30:40] [DEBUG] [hybrid_market_client] Fetching indicators for GBPUSD (QuantDinger only)
[2026-06-29 17:30:40] [DEBUG] [market_client] Using cached candles for GBPUSD 4H (age: 0s)
[2026-06-29 17:30:40] [DEBUG] [hybrid_market_client] ✓ Got live data from QuantDinger for GBPUSD
[2026-06-29 17:30:40] [INFO] [sltp] SL/TP GBPUSD: entry=1.3239597082138062 atr=0.00270 sl=1.3199 tp=1.33072
[2026-06-29 17:30:40] [INFO] [position_sizing] Position size: 0.5 (equity=74613, risk=0.001, sl_dist=0.00406, score=100, cons_loss=10)
[2026-06-29 17:30:40] [DEBUG] [xgboost_v2] V2 predict: rsi=68.6 atr=0.00270 regime=TRENDING session=new_york dir=BUY -> p_win=0.341
[2026-06-29 17:30:40] [INFO] [xgboost_v2] [VERIFY] XGBOOST PREDICTION p_win=0.341 available=True
[2026-06-29 17:30:40] [INFO] [main] [VERIFY][DECISION_TRUTH] bias=bullish score=100 confidence=1.0 vote=BUY risk_passed=False sl_tp_calculated=True position_size=0.5 xgboost_p_win=0.34146571159362793 final_decision_valid=False reject_reason=p_win<threshold (p_win=0.341 threshold=0.6)
[2026-06-29 17:30:40] [INFO] [adaptive_weights] EURUSD weights updated: {'ai': 0.239, 'trend': 0.239, 'momentum': 0.239, 'sentiment': 0.239, 'volatility': 0.043} | WR=13.6% PF=0
[2026-06-29 17:30:40] [INFO] [adaptive_weights] 🏆 أفضل زوج: EURUSD | WR=13.6% | PnL=190.0$
[2026-06-29 17:30:40] [INFO] [adaptive_weights] ⚠️ أسوأ زوج: XAUUSD | WR=0.0% | PnL=0.0$
[2026-06-29 17:30:40] [INFO] [main] Sleeping 1800s...
[2026-06-29 17:31:43] [INFO] [post_entry_manager] [POST_ENTRY] New position detected ticket=9334696611 symbol=EURUSD
[2026-06-29 17:31:43] [INFO] [post_entry_manager] [POST_ENTRY] Monitoring ticket=9334696611
[2026-06-29 17:32:02] [INFO] [news_fetcher] Fetched 19 relevant news items
[2026-06-29 17:32:02] [INFO] [xgboost_exit_model] Loaded Exit Model from F:\files (2)\google\botdd\trading_bot_v3\models\xgboost_exit_model.json
[2026-06-29 17:32:02] [INFO] [xgboost_exit_model] [EXIT_MODEL] XGBoost prediction: probability=98.6%
[2026-06-29 17:32:03] [WARNING] [reconciliation] Unknown position in QD: 9334696611 EURUSD
[2026-06-29 17:32:03] [INFO] [reconciliation] Reconciliation: {'db_count': 0, 'qd_count': 1, 'fixes': 0, 'mismatches': ['QD orphan: 9334696611']}
[2026-06-29 17:32:07] [INFO] [post_entry_manager] [POST_ENTRY] Monitoring ticket=9334696611
[2026-06-29 17:32:15] [INFO] [news_fetcher] Fetched 19 relevant news items
[2026-06-29 17:32:15] [INFO] [xgboost_exit_model] [EXIT_MODEL] XGBoost prediction: probability=98.6%
[2026-06-29 17:32:16] [INFO] [post_entry_event_logger] [LOGGER_LISTENER] event_type=TradeClosed ticket=None
[2026-06-29 17:32:16] [INFO] [post_entry_database_listener] [DATABASE_LISTENER] event_type=TradeClosed ticket=None
[2026-06-29 17:32:16] [INFO] [post_entry_telegram_listener] [TELEGRAM_LISTENER] event_type=TradeClosed ticket=None
[2026-06-29 18:00:40] [INFO] [main] ==================================================
[2026-06-29 18:00:40] [INFO] [main] Cycle 2 at 18:00:40
[2026-06-29 18:00:48] [INFO] [news_fetcher] Fetched 25 relevant news items
[2026-06-29 18:00:48] [INFO] [main] Equity: 74613.54$ | News: 25
[2026-06-29 18:00:48] [DEBUG] [hybrid_market_client] Fetching indicators for EURUSD (QuantDinger only)
[2026-06-29 18:00:49] [DEBUG] [market_client] Candles EURUSD 4H: 100 bars ✓
[2026-06-29 18:00:49] [DEBUG] [hybrid_market_client] ✓ Got live data from QuantDinger for EURUSD
[2026-06-29 18:00:49] [DEBUG] [hybrid_market_client] Fetching indicators for EURUSD (QuantDinger only)
[2026-06-29 18:00:49] [DEBUG] [market_client] Candles EURUSD 4H: 100 bars ✓
[2026-06-29 18:00:49] [DEBUG] [hybrid_market_client] ✓ Got live data from QuantDinger for EURUSD
[2026-06-29 18:00:49] [DEBUG] [hybrid_market_client] Fetching indicators for EURUSD (QuantDinger only)
[2026-06-29 18:00:49] [DEBUG] [market_client] Candles EURUSD 4H: 100 bars ✓
[2026-06-29 18:00:49] [DEBUG] [hybrid_market_client] ✓ Got live data from QuantDinger for EURUSD
[2026-06-29 18:00:49] [INFO] [market_snapshot_builder] [SNAPSHOT_BUILT] symbol=EURUSD tfs=H4,H1,M15
[2026-06-29 18:00:49] [DEBUG] [hybrid_market_client] Fetching indicators for XAUUSD (QuantDinger only)
[2026-06-29 18:00:49] [DEBUG] [market_client] Candles XAUUSD 4H: 100 bars ✓
[2026-06-29 18:00:49] [DEBUG] [hybrid_market_client] ✓ Got live data from QuantDinger for XAUUSD
[2026-06-29 18:00:49] [DEBUG] [hybrid_market_client] Fetching indicators for XAUUSD (QuantDinger only)
[2026-06-29 18:00:49] [DEBUG] [market_client] Candles XAUUSD 4H: 100 bars ✓
[2026-06-29 18:00:49] [DEBUG] [hybrid_market_client] ✓ Got live data from QuantDinger for XAUUSD
[2026-06-29 18:00:49] [DEBUG] [hybrid_market_client] Fetching indicators for XAUUSD (QuantDinger only)
[2026-06-29 18:00:49] [DEBUG] [market_client] Candles XAUUSD 4H: 100 bars ✓
[2026-06-29 18:00:49] [DEBUG] [hybrid_market_client] ✓ Got live data from QuantDinger for XAUUSD
[2026-06-29 18:00:49] [INFO] [market_snapshot_builder] [SNAPSHOT_BUILT] symbol=XAUUSD tfs=H4,H1,M15
[2026-06-29 18:00:49] [DEBUG] [hybrid_market_client] Fetching indicators for GBPUSD (QuantDinger only)
[2026-06-29 18:00:50] [DEBUG] [market_client] Candles GBPUSD 4H: 100 bars ✓
[2026-06-29 18:00:50] [DEBUG] [hybrid_market_client] ✓ Got live data from QuantDinger for GBPUSD
[2026-06-29 18:00:50] [DEBUG] [hybrid_market_client] Fetching indicators for GBPUSD (QuantDinger only)
[2026-06-29 18:00:50] [DEBUG] [market_client] Candles GBPUSD 4H: 100 bars ✓
[2026-06-29 18:00:50] [DEBUG] [hybrid_market_client] ✓ Got live data from QuantDinger for GBPUSD
[2026-06-29 18:00:50] [DEBUG] [hybrid_market_client] Fetching indicators for GBPUSD (QuantDinger only)
[2026-06-29 18:00:50] [DEBUG] [market_client] Candles GBPUSD 4H: 100 bars ✓
[2026-06-29 18:00:50] [DEBUG] [hybrid_market_client] ✓ Got live data from QuantDinger for GBPUSD
[2026-06-29 18:00:50] [INFO] [market_snapshot_builder] [SNAPSHOT_BUILT] symbol=GBPUSD tfs=H4,H1,M15
[2026-06-29 18:00:50] [INFO] [main] --- EURUSD ---
[2026-06-29 18:00:55] [WARNING] [deepseek] DeepSeek empty response
[2026-06-29 18:01:01] [WARNING] [deepseek] DeepSeek empty response
[2026-06-29 18:01:06] [WARNING] [deepseek] DeepSeek empty response
[2026-06-29 18:01:10] [INFO] [deepseek] DEEPSEEK OK: {
  "impact_score": 65,
  "bias": "bullish",
  "confidence": 0.6,
  "reason": "اتجاه صاعد قوي على جم...
[2026-06-29 18:01:10] [INFO] [deepseek] AI EURUSD: bias=bullish impact=65.0 conf=0.60
[2026-06-29 18:01:10] [INFO] [signal_engine] [VERIFY] SIGNAL_INPUT bias=bullish score=65.0 confidence=0.6
[2026-06-29 18:01:10] [INFO] [signal_engine] [VERIFY] SIGNAL_RULE rule=confidence>=0.60 actual=0.6 result=True
[2026-06-29 18:01:10] [INFO] [signal_engine] [VERIFY] SIGNAL_RULE rule=score>=55 actual=65.0 result=True
[2026-06-29 18:01:10] [INFO] [signal_engine] [VERIFY] SIGNAL_RULE rule=bias in [bullish,bearish] actual=bullish result=True
[2026-06-29 18:01:10] [INFO] [signal_engine] [VERIFY] SIGNAL_FINAL direction=BUY score=65.0 confidence=0.6 valid=True
[2026-06-29 18:01:10] [DEBUG] [signal_engine] Signal: BUY score=65.0 conf=0.60 strength=متوسط valid=True
[2026-06-29 18:01:10] [INFO] [sentiment] Sentiment EURUSD: bullish score=83 bull=6 bear=3
[2026-06-29 18:01:10] [DEBUG] [mtf] MTF (snapshot) EURUSD: H4=bullish H1=bearish M15=bearish aligned=True (weak)
[2026-06-29 18:01:10] [INFO] [main] [VERIFY][DATA_TRUTH] symbol=EURUSD timeframe=H4/H1/M15 news_fetched=True indicators_fetched=True live_data=True cached=False
[2026-06-29 18:01:10] [WARNING] [risk_engine] Risk: Consecutive losses limit exceeded (EURUSD BUY) - Consecutive losses: 10
[2026-06-29 18:01:10] [DEBUG] [hybrid_market_client] Fetching indicators for EURUSD (QuantDinger only)
[2026-06-29 18:01:10] [DEBUG] [market_client] Candles EURUSD 4H: 100 bars ✓
[2026-06-29 18:01:10] [DEBUG] [hybrid_market_client] ✓ Got live data from QuantDinger for EURUSD
[2026-06-29 18:01:10] [DEBUG] [hybrid_market_client] Fetching indicators for EURUSD (QuantDinger only)
[2026-06-29 18:01:10] [DEBUG] [market_client] Using cached candles for EURUSD 4H (age: 0s)
[2026-06-29 18:01:10] [DEBUG] [hybrid_market_client] ✓ Got live data from QuantDinger for EURUSD
[2026-06-29 18:01:10] [INFO] [sltp] SL/TP EURUSD: entry=1.1424654722213745 atr=0.00226 sl=1.13907 tp=1.14812
[2026-06-29 18:01:10] [INFO] [position_sizing] Position size: 0.5 (equity=74614, risk=0.000, sl_dist=0.00340, score=60, cons_loss=10)
[2026-06-29 18:01:10] [DEBUG] [xgboost_v2] V2 predict: rsi=73.2 atr=0.00226 regime=TRENDING session=new_york dir=BUY -> p_win=0.209
[2026-06-29 18:01:10] [INFO] [xgboost_v2] [VERIFY] XGBOOST PREDICTION p_win=0.209 available=True
[2026-06-29 18:01:10] [INFO] [main] [VERIFY][DECISION_TRUTH] bias=bullish score=59.7 confidence=0.911 vote=BUY risk_passed=False sl_tp_calculated=True position_size=0.5 xgboost_p_win=0.20884671807289124 final_decision_valid=False reject_reason=p_win<threshold (p_win=0.209 threshold=0.6)
[2026-06-29 18:01:10] [INFO] [main] --- XAUUSD ---
[2026-06-29 18:01:13] [INFO] [deepseek] DEEPSEEK OK: {"impact_score": 65, "bias": "bearish", "confidence": 0.8, "reason": "الاتجاه القوي الهابط على الإطا...
[2026-06-29 18:01:13] [INFO] [deepseek] AI XAUUSD: bias=bearish impact=65.0 conf=0.80
[2026-06-29 18:01:13] [INFO] [signal_engine] [VERIFY] SIGNAL_INPUT bias=bearish score=65.0 confidence=0.8
[2026-06-29 18:01:13] [INFO] [signal_engine] [VERIFY] SIGNAL_RULE rule=confidence>=0.60 actual=0.8 result=True
[2026-06-29 18:01:13] [INFO] [signal_engine] [VERIFY] SIGNAL_RULE rule=score>=55 actual=65.0 result=True
[2026-06-29 18:01:13] [INFO] [signal_engine] [VERIFY] SIGNAL_RULE rule=bias in [bullish,bearish] actual=bearish result=True
[2026-06-29 18:01:13] [INFO] [signal_engine] [VERIFY] SIGNAL_FINAL direction=SELL score=65.0 confidence=0.8 valid=True
[2026-06-29 18:01:13] [DEBUG] [signal_engine] Signal: SELL score=65.0 conf=0.80 strength=متوسط valid=True
[2026-06-29 18:01:13] [INFO] [sentiment] Sentiment XAUUSD: bearish score=83 bull=1 bear=2
[2026-06-29 18:01:13] [DEBUG] [mtf] MTF (snapshot) XAUUSD: H4=bearish H1=bullish M15=bullish aligned=True (weak)
[2026-06-29 18:01:13] [INFO] [main] [VERIFY][DATA_TRUTH] symbol=XAUUSD timeframe=H4/H1/M15 news_fetched=True indicators_fetched=True live_data=True cached=False
[2026-06-29 18:01:13] [WARNING] [risk_engine] Risk: Consecutive losses limit exceeded (XAUUSD SELL) - Consecutive losses: 10
[2026-06-29 18:01:13] [DEBUG] [hybrid_market_client] Fetching indicators for XAUUSD (QuantDinger only)
[2026-06-29 18:01:13] [DEBUG] [market_client] Candles XAUUSD 4H: 100 bars ✓
[2026-06-29 18:01:13] [DEBUG] [hybrid_market_client] ✓ Got live data from QuantDinger for XAUUSD
[2026-06-29 18:01:13] [DEBUG] [hybrid_market_client] Fetching indicators for XAUUSD (QuantDinger only)
[2026-06-29 18:01:13] [DEBUG] [market_client] Using cached candles for XAUUSD 4H (age: 0s)
[2026-06-29 18:01:13] [DEBUG] [hybrid_market_client] ✓ Got live data from QuantDinger for XAUUSD
[2026-06-29 18:01:13] [INFO] [sltp] SL/TP XAUUSD: entry=4037.300048828125 atr=38.08568 sl=4047.30005 tp=3942.08586
[2026-06-29 18:01:13] [INFO] [position_sizing] Position size: 0.1 (equity=74614, risk=0.000, sl_dist=10.00000, score=47, cons_loss=10)
[2026-06-29 18:01:13] [DEBUG] [xgboost_v2] V2 predict: rsi=57.2 atr=38.08568 regime=TRENDING session=new_york dir=SELL -> p_win=0.079
[2026-06-29 18:01:13] [INFO] [xgboost_v2] [VERIFY] XGBOOST PREDICTION p_win=0.079 available=True
[2026-06-29 18:01:13] [INFO] [main] [VERIFY][DECISION_TRUTH] bias=bearish score=47.1 confidence=1.0 vote=SELL risk_passed=False sl_tp_calculated=True position_size=0.1 xgboost_p_win=0.07852394133806229 final_decision_valid=False reject_reason=p_win<threshold (p_win=0.079 threshold=0.6)
[2026-06-29 18:01:13] [INFO] [main] --- GBPUSD ---
[2026-06-29 18:01:18] [INFO] [deepseek] DEEPSEEK OK: {
  "impact_score": 30,
  "bias": "neutral",
  "confidence": 0.6,
  "reason": "الخبر غير مباشر والتق...
[2026-06-29 18:01:18] [INFO] [deepseek] AI GBPUSD: bias=neutral impact=30.0 conf=0.60
[2026-06-29 18:01:18] [INFO] [signal_engine] [VERIFY] SIGNAL_INPUT bias=neutral score=30.0 confidence=0.6
[2026-06-29 18:01:18] [INFO] [signal_engine] [VERIFY] SIGNAL_RULE rule=confidence>=0.60 actual=0.6 result=True
[2026-06-29 18:01:18] [INFO] [signal_engine] [VERIFY] SIGNAL_RULE rule=score>=55 actual=30.0 result=False
[2026-06-29 18:01:18] [INFO] [signal_engine] [VERIFY] SIGNAL_RULE rule=bias in [bullish,bearish] actual=neutral result=False
[2026-06-29 18:01:18] [INFO] [signal_engine] [VERIFY] SIGNAL_FINAL direction=NEUTRAL score=30.0 confidence=0.6 valid=False
[2026-06-29 18:01:18] [INFO] [signal_engine] [VERIFY] SIGNAL_FAILURE_REASONS
[2026-06-29 18:01:18] [INFO] [signal_engine] * score below threshold
[2026-06-29 18:01:18] [INFO] [signal_engine] * neutral bias
[2026-06-29 18:01:18] [INFO] [signal_engine] [VERIFY] SIGNAL_FAILURE_LOCATION file=F:\files (2)\google\botdd\trading_bot_v3\decision\signal_engine.py function=generate_signal
[2026-06-29 18:01:18] [DEBUG] [signal_engine] Signal: NEUTRAL score=30.0 conf=0.60 strength=ضعيف valid=False
[2026-06-29 18:01:18] [INFO] [sentiment] Sentiment GBPUSD: bearish score=83 bull=1 bear=2
[2026-06-29 18:01:18] [DEBUG] [mtf] MTF (snapshot) GBPUSD: H4=bullish H1=bearish M15=bearish aligned=True (weak)
[2026-06-29 18:01:18] [INFO] [main] [VERIFY][DATA_TRUTH] symbol=GBPUSD timeframe=H4/H1/M15 news_fetched=True indicators_fetched=True live_data=True cached=False
[2026-06-29 18:01:18] [INFO] [risk_engine] Risk: Score too low (GBPUSD BUY) - Score 41.6 < 45
[2026-06-29 18:01:18] [DEBUG] [hybrid_market_client] Fetching indicators for GBPUSD (QuantDinger only)
[2026-06-29 18:01:18] [DEBUG] [market_client] Candles GBPUSD 4H: 100 bars ✓
[2026-06-29 18:01:18] [DEBUG] [hybrid_market_client] ✓ Got live data from QuantDinger for GBPUSD
[2026-06-29 18:01:18] [DEBUG] [hybrid_market_client] Fetching indicators for GBPUSD (QuantDinger only)
[2026-06-29 18:01:18] [DEBUG] [market_client] Using cached candles for GBPUSD 4H (age: 0s)
[2026-06-29 18:01:18] [DEBUG] [hybrid_market_client] ✓ Got live data from QuantDinger for GBPUSD
[2026-06-29 18:01:18] [INFO] [sltp] SL/TP GBPUSD: entry=1.3245383501052856 atr=0.00250 sl=1.32079 tp=1.33078
[2026-06-29 18:01:18] [INFO] [position_sizing] Position size: 0.5 (equity=74614, risk=0.000, sl_dist=0.00375, score=42, cons_loss=10)
[2026-06-29 18:01:18] [DEBUG] [xgboost_v2] V2 predict: rsi=71.4 atr=0.00250 regime=TRENDING session=new_york dir=BUY -> p_win=0.442
[2026-06-29 18:01:18] [INFO] [xgboost_v2] [VERIFY] XGBOOST PREDICTION p_win=0.442 available=True
[2026-06-29 18:01:18] [INFO] [main] [VERIFY][DECISION_TRUTH] bias=neutral score=41.6 confidence=0.475 vote=BUY risk_passed=False sl_tp_calculated=True position_size=0.5 xgboost_p_win=0.44237637519836426 final_decision_valid=False reject_reason=p_win<threshold (p_win=0.442 threshold=0.6)
[2026-06-29 18:01:18] [INFO] [adaptive_weights] EURUSD weights updated: {'ai': 0.239, 'trend': 0.239, 'momentum': 0.239, 'sentiment': 0.239, 'volatility': 0.043} | WR=13.6% PF=0
[2026-06-29 18:01:18] [INFO] [adaptive_weights] 🏆 أفضل زوج: EURUSD | WR=13.6% | PnL=190.0$
[2026-06-29 18:01:18] [INFO] [adaptive_weights] ⚠️ أسوأ زوج: XAUUSD | WR=0.0% | PnL=0.0$
[2026-06-29 18:01:18] [INFO] [main] Sleeping 1800s...
[2026-06-29 18:31:05] [INFO] [qd_client] Logged in to QuantDinger
[2026-06-29 18:31:18] [INFO] [main] ==================================================
[2026-06-29 18:31:18] [INFO] [main] Cycle 3 at 18:31:18
[2026-06-29 18:31:27] [INFO] [news_fetcher] Fetched 23 relevant news items
[2026-06-29 18:31:27] [INFO] [main] Equity: 74613.54$ | News: 23
[2026-06-29 18:31:27] [DEBUG] [hybrid_market_client] Fetching indicators for EURUSD (QuantDinger only)
[2026-06-29 18:31:28] [DEBUG] [market_client] Candles EURUSD 4H: 100 bars ✓
[2026-06-29 18:31:28] [DEBUG] [hybrid_market_client] ✓ Got live data from QuantDinger for EURUSD
[2026-06-29 18:31:28] [DEBUG] [hybrid_market_client] Fetching indicators for EURUSD (QuantDinger only)
[2026-06-29 18:31:28] [DEBUG] [market_client] Candles EURUSD 4H: 100 bars ✓
[2026-06-29 18:31:28] [DEBUG] [hybrid_market_client] ✓ Got live data from QuantDinger for EURUSD
[2026-06-29 18:31:28] [DEBUG] [hybrid_market_client] Fetching indicators for EURUSD (QuantDinger only)
[2026-06-29 18:31:28] [DEBUG] [market_client] Candles EURUSD 4H: 100 bars ✓
[2026-06-29 18:31:28] [DEBUG] [hybrid_market_client] ✓ Got live data from QuantDinger for EURUSD
[2026-06-29 18:31:28] [INFO] [market_snapshot_builder] [SNAPSHOT_BUILT] symbol=EURUSD tfs=H4,H1,M15
[2026-06-29 18:31:28] [DEBUG] [hybrid_market_client] Fetching indicators for XAUUSD (QuantDinger only)
[2026-06-29 18:31:28] [DEBUG] [market_client] Candles XAUUSD 4H: 100 bars ✓
[2026-06-29 18:31:28] [DEBUG] [hybrid_market_client] ✓ Got live data from QuantDinger for XAUUSD
[2026-06-29 18:31:28] [DEBUG] [hybrid_market_client] Fetching indicators for XAUUSD (QuantDinger only)
[2026-06-29 18:31:28] [DEBUG] [market_client] Candles XAUUSD 4H: 100 bars ✓
[2026-06-29 18:31:28] [DEBUG] [hybrid_market_client] ✓ Got live data from QuantDinger for XAUUSD
[2026-06-29 18:31:28] [DEBUG] [hybrid_market_client] Fetching indicators for XAUUSD (QuantDinger only)
[2026-06-29 18:31:28] [DEBUG] [market_client] Candles XAUUSD 4H: 100 bars ✓
[2026-06-29 18:31:28] [DEBUG] [hybrid_market_client] ✓ Got live data from QuantDinger for XAUUSD
[2026-06-29 18:31:28] [INFO] [market_snapshot_builder] [SNAPSHOT_BUILT] symbol=XAUUSD tfs=H4,H1,M15
[2026-06-29 18:31:28] [DEBUG] [hybrid_market_client] Fetching indicators for GBPUSD (QuantDinger only)
[2026-06-29 18:31:28] [DEBUG] [market_client] Candles GBPUSD 4H: 100 bars ✓
[2026-06-29 18:31:28] [DEBUG] [hybrid_market_client] ✓ Got live data from QuantDinger for GBPUSD
[2026-06-29 18:31:28] [DEBUG] [hybrid_market_client] Fetching indicators for GBPUSD (QuantDinger only)
[2026-06-29 18:31:28] [DEBUG] [market_client] Candles GBPUSD 4H: 100 bars ✓
[2026-06-29 18:31:28] [DEBUG] [hybrid_market_client] ✓ Got live data from QuantDinger for GBPUSD
[2026-06-29 18:31:28] [DEBUG] [hybrid_market_client] Fetching indicators for GBPUSD (QuantDinger only)
[2026-06-29 18:31:28] [DEBUG] [market_client] Candles GBPUSD 4H: 100 bars ✓
[2026-06-29 18:31:28] [DEBUG] [hybrid_market_client] ✓ Got live data from QuantDinger for GBPUSD
[2026-06-29 18:31:28] [INFO] [market_snapshot_builder] [SNAPSHOT_BUILT] symbol=GBPUSD tfs=H4,H1,M15
[2026-06-29 18:31:28] [INFO] [main] --- EURUSD ---
[2026-06-29 18:31:33] [WARNING] [deepseek] Retry 1: JSON incomplete/truncated
[2026-06-29 18:31:38] [WARNING] [deepseek] DeepSeek empty response
[2026-06-29 18:31:43] [INFO] [deepseek] DEEPSEEK OK: {"impact_score": 60, "bias": "bullish", "confidence": 0.6, "reason": "الاتجاه الصاعد واضح على جميع ا...
[2026-06-29 18:31:43] [INFO] [deepseek] AI EURUSD: bias=bullish impact=60.0 conf=0.60
[2026-06-29 18:31:43] [INFO] [signal_engine] [VERIFY] SIGNAL_INPUT bias=bullish score=60.0 confidence=0.6
[2026-06-29 18:31:43] [INFO] [signal_engine] [VERIFY] SIGNAL_RULE rule=confidence>=0.60 actual=0.6 result=True
[2026-06-29 18:31:43] [INFO] [signal_engine] [VERIFY] SIGNAL_RULE rule=score>=55 actual=60.0 result=True
[2026-06-29 18:31:43] [INFO] [signal_engine] [VERIFY] SIGNAL_RULE rule=bias in [bullish,bearish] actual=bullish result=True
[2026-06-29 18:31:43] [INFO] [signal_engine] [VERIFY] SIGNAL_FINAL direction=BUY score=60.0 confidence=0.6 valid=True
[2026-06-29 18:31:43] [DEBUG] [signal_engine] Signal: BUY score=60.0 conf=0.60 strength=متوسط valid=True
[2026-06-29 18:31:43] [INFO] [sentiment] Sentiment EURUSD: bullish score=92 bull=5 bear=1
[2026-06-29 18:31:43] [DEBUG] [mtf] MTF (snapshot) EURUSD: H4=bullish H1=bearish M15=bearish aligned=True (weak)
[2026-06-29 18:31:43] [INFO] [main] [VERIFY][DATA_TRUTH] symbol=EURUSD timeframe=H4/H1/M15 news_fetched=True indicators_fetched=True live_data=True cached=False
[2026-06-29 18:31:43] [WARNING] [risk_engine] Risk: Consecutive losses limit exceeded (EURUSD BUY) - Consecutive losses: 10
[2026-06-29 18:31:43] [DEBUG] [hybrid_market_client] Fetching indicators for EURUSD (QuantDinger only)
[2026-06-29 18:31:43] [DEBUG] [market_client] Candles EURUSD 4H: 100 bars ✓
[2026-06-29 18:31:43] [DEBUG] [hybrid_market_client] ✓ Got live data from QuantDinger for EURUSD
[2026-06-29 18:31:43] [DEBUG] [hybrid_market_client] Fetching indicators for EURUSD (QuantDinger only)
[2026-06-29 18:31:43] [DEBUG] [market_client] Using cached candles for EURUSD 4H (age: 0s)
[2026-06-29 18:31:43] [DEBUG] [hybrid_market_client] ✓ Got live data from QuantDinger for EURUSD
[2026-06-29 18:31:43] [INFO] [sltp] SL/TP EURUSD: entry=1.1425960063934326 atr=0.00230 sl=1.13915 tp=1.14834
[2026-06-29 18:31:43] [INFO] [position_sizing] Position size: 0.5 (equity=74614, risk=0.000, sl_dist=0.00345, score=60, cons_loss=10)
[2026-06-29 18:31:43] [DEBUG] [xgboost_v2] V2 predict: rsi=73.4 atr=0.00230 regime=TRENDING session=new_york dir=BUY -> p_win=0.209
[2026-06-29 18:31:43] [INFO] [xgboost_v2] [VERIFY] XGBOOST PREDICTION p_win=0.209 available=True
[2026-06-29 18:31:43] [INFO] [main] [VERIFY][DECISION_TRUTH] bias=bullish score=60.2 confidence=0.911 vote=BUY risk_passed=False sl_tp_calculated=True position_size=0.5 xgboost_p_win=0.20884671807289124 final_decision_valid=False reject_reason=p_win<threshold (p_win=0.209 threshold=0.6)
[2026-06-29 18:31:43] [INFO] [main] --- XAUUSD ---
[2026-06-29 18:31:47] [WARNING] [deepseek] DeepSeek empty response
[2026-06-29 18:31:52] [INFO] [deepseek] DEEPSEEK OK: {
  "impact_score": 65,
  "bias": "bearish",
  "confidence": 0.85,
  "reason": "اتجاه هبوطي قوي في ا...
[2026-06-29 18:31:52] [INFO] [deepseek] AI XAUUSD: bias=bearish impact=65.0 conf=0.85
[2026-06-29 18:31:52] [INFO] [signal_engine] [VERIFY] SIGNAL_INPUT bias=bearish score=65.0 confidence=0.85
[2026-06-29 18:31:52] [INFO] [signal_engine] [VERIFY] SIGNAL_RULE rule=confidence>=0.60 actual=0.85 result=True
[2026-06-29 18:31:52] [INFO] [signal_engine] [VERIFY] SIGNAL_RULE rule=score>=55 actual=65.0 result=True
[2026-06-29 18:31:52] [INFO] [signal_engine] [VERIFY] SIGNAL_RULE rule=bias in [bullish,bearish] actual=bearish result=True
[2026-06-29 18:31:52] [INFO] [signal_engine] [VERIFY] SIGNAL_FINAL direction=SELL score=65.0 confidence=0.85 valid=True
[2026-06-29 18:31:52] [DEBUG] [signal_engine] Signal: SELL score=65.0 conf=0.85 strength=متوسط valid=True
[2026-06-29 18:31:52] [DEBUG] [mtf] MTF (snapshot) XAUUSD: H4=bearish H1=bullish M15=bullish aligned=True (weak)
[2026-06-29 18:31:52] [INFO] [main] [VERIFY][DATA_TRUTH] symbol=XAUUSD timeframe=H4/H1/M15 news_fetched=True indicators_fetched=True live_data=True cached=False
[2026-06-29 18:31:52] [WARNING] [risk_engine] Risk: Consecutive losses limit exceeded (XAUUSD SELL) - Consecutive losses: 10
[2026-06-29 18:31:52] [DEBUG] [hybrid_market_client] Fetching indicators for XAUUSD (QuantDinger only)
[2026-06-29 18:31:52] [DEBUG] [market_client] Candles XAUUSD 4H: 100 bars ✓
[2026-06-29 18:31:52] [DEBUG] [hybrid_market_client] ✓ Got live data from QuantDinger for XAUUSD
[2026-06-29 18:31:52] [DEBUG] [hybrid_market_client] Fetching indicators for XAUUSD (QuantDinger only)
[2026-06-29 18:31:52] [DEBUG] [market_client] Using cached candles for XAUUSD 4H (age: 0s)
[2026-06-29 18:31:52] [DEBUG] [hybrid_market_client] ✓ Got live data from QuantDinger for XAUUSD
[2026-06-29 18:31:52] [INFO] [sltp] SL/TP XAUUSD: entry=4033.89990234375 atr=38.08568 sl=4043.8999 tp=3938.68571
[2026-06-29 18:31:52] [INFO] [position_sizing] Position size: 0.1 (equity=74614, risk=0.000, sl_dist=10.00000, score=56, cons_loss=10)
[2026-06-29 18:31:52] [DEBUG] [xgboost_v2] V2 predict: rsi=56.6 atr=38.08568 regime=TRENDING session=new_york dir=SELL -> p_win=0.079
[2026-06-29 18:31:52] [INFO] [xgboost_v2] [VERIFY] XGBOOST PREDICTION p_win=0.079 available=True
[2026-06-29 18:31:52] [INFO] [main] [VERIFY][DECISION_TRUTH] bias=bearish score=55.7 confidence=1.0 vote=SELL risk_passed=False sl_tp_calculated=True position_size=0.1 xgboost_p_win=0.07852394133806229 final_decision_valid=False reject_reason=p_win<threshold (p_win=0.079 threshold=0.6)
[2026-06-29 18:31:52] [INFO] [main] --- GBPUSD ---
[2026-06-29 18:31:56] [INFO] [deepseek] DEEPSEEK OK: {
  "impact_score": 65,
  "bias": "bullish",
  "confidence": 0.6,
  "reason": "الاتجاه العام صاعد بق...
[2026-06-29 18:31:56] [INFO] [deepseek] AI GBPUSD: bias=bullish impact=65.0 conf=0.60
[2026-06-29 18:31:56] [INFO] [signal_engine] [VERIFY] SIGNAL_INPUT bias=bullish score=65.0 confidence=0.6
[2026-06-29 18:31:56] [INFO] [signal_engine] [VERIFY] SIGNAL_RULE rule=confidence>=0.60 actual=0.6 result=True
[2026-06-29 18:31:56] [INFO] [signal_engine] [VERIFY] SIGNAL_RULE rule=score>=55 actual=65.0 result=True
[2026-06-29 18:31:56] [INFO] [signal_engine] [VERIFY] SIGNAL_RULE rule=bias in [bullish,bearish] actual=bullish result=True
[2026-06-29 18:31:56] [INFO] [signal_engine] [VERIFY] SIGNAL_FINAL direction=BUY score=65.0 confidence=0.6 valid=True
[2026-06-29 18:31:56] [DEBUG] [signal_engine] Signal: BUY score=65.0 conf=0.60 strength=متوسط valid=True
[2026-06-29 18:31:56] [DEBUG] [mtf] MTF (snapshot) GBPUSD: H4=bullish H1=bearish M15=bearish aligned=True (weak)
[2026-06-29 18:31:56] [INFO] [main] [VERIFY][DATA_TRUTH] symbol=GBPUSD timeframe=H4/H1/M15 news_fetched=True indicators_fetched=True live_data=True cached=False
[2026-06-29 18:31:56] [WARNING] [risk_engine] Risk: Consecutive losses limit exceeded (GBPUSD BUY) - Consecutive losses: 10
[2026-06-29 18:31:56] [DEBUG] [hybrid_market_client] Fetching indicators for GBPUSD (QuantDinger only)
[2026-06-29 18:31:56] [DEBUG] [market_client] Candles GBPUSD 4H: 100 bars ✓
[2026-06-29 18:31:56] [DEBUG] [hybrid_market_client] ✓ Got live data from QuantDinger for GBPUSD
[2026-06-29 18:31:56] [DEBUG] [hybrid_market_client] Fetching indicators for GBPUSD (QuantDinger only)
[2026-06-29 18:31:56] [DEBUG] [market_client] Using cached candles for GBPUSD 4H (age: 0s)
[2026-06-29 18:31:56] [DEBUG] [hybrid_market_client] ✓ Got live data from QuantDinger for GBPUSD
[2026-06-29 18:31:56] [INFO] [sltp] SL/TP GBPUSD: entry=1.3249419927597046 atr=0.00253 sl=1.32114 tp=1.33127
[2026-06-29 18:31:56] [INFO] [position_sizing] Position size: 0.5 (equity=74614, risk=0.000, sl_dist=0.00380, score=51, cons_loss=10)
[2026-06-29 18:31:56] [DEBUG] [xgboost_v2] V2 predict: rsi=72.2 atr=0.00253 regime=TRENDING session=new_york dir=BUY -> p_win=0.442
[2026-06-29 18:31:56] [INFO] [xgboost_v2] [VERIFY] XGBOOST PREDICTION p_win=0.442 available=True
[2026-06-29 18:31:56] [INFO] [main] [VERIFY][DECISION_TRUTH] bias=bullish score=51.3 confidence=0.911 vote=BUY risk_passed=False sl_tp_calculated=True position_size=0.5 xgboost_p_win=0.44237637519836426 final_decision_valid=False reject_reason=p_win<threshold (p_win=0.442 threshold=0.6)
[2026-06-29 18:31:56] [INFO] [adaptive_weights] EURUSD weights updated: {'ai': 0.239, 'trend': 0.239, 'momentum': 0.239, 'sentiment': 0.239, 'volatility': 0.043} | WR=13.6% PF=0
[2026-06-29 18:31:56] [INFO] [adaptive_weights] 🏆 أفضل زوج: EURUSD | WR=13.6% | PnL=190.0$
[2026-06-29 18:31:56] [INFO] [adaptive_weights] ⚠️ أسوأ زوج: XAUUSD | WR=0.0% | PnL=0.0$
[2026-06-29 18:31:56] [INFO] [main] Sleeping 1800s...
[2026-06-29 18:50:03] [INFO] [news_fetcher] Fetched 22 relevant news items
[2026-06-29 18:50:22] [INFO] [news_fetcher] Fetched 22 relevant news items
[2026-06-29 18:51:03] [INFO] [news_fetcher] Fetched 24 relevant news items
[2026-06-29 18:55:45] [INFO] [news_fetcher] Fetched 24 relevant news items
[2026-06-29 19:01:56] [INFO] [main] ==================================================
[2026-06-29 19:01:56] [INFO] [main] Cycle 4 at 19:01:56
[2026-06-29 19:02:05] [INFO] [news_fetcher] Fetched 24 relevant news items
[2026-06-29 19:02:05] [INFO] [main] Equity: 74613.54$ | News: 24
[2026-06-29 19:02:05] [DEBUG] [hybrid_market_client] Fetching indicators for EURUSD (QuantDinger only)
[2026-06-29 19:02:05] [DEBUG] [market_client] Candles EURUSD 4H: 100 bars ✓
[2026-06-29 19:02:05] [DEBUG] [hybrid_market_client] ✓ Got live data from QuantDinger for EURUSD
[2026-06-29 19:02:05] [DEBUG] [hybrid_market_client] Fetching indicators for EURUSD (QuantDinger only)
[2026-06-29 19:02:05] [DEBUG] [market_client] Candles EURUSD 4H: 100 bars ✓
[2026-06-29 19:02:05] [DEBUG] [hybrid_market_client] ✓ Got live data from QuantDinger for EURUSD
[2026-06-29 19:02:05] [DEBUG] [hybrid_market_client] Fetching indicators for EURUSD (QuantDinger only)
[2026-06-29 19:02:05] [DEBUG] [market_client] Candles EURUSD 4H: 100 bars ✓
[2026-06-29 19:02:05] [DEBUG] [hybrid_market_client] ✓ Got live data from QuantDinger for EURUSD
[2026-06-29 19:02:05] [INFO] [market_snapshot_builder] [SNAPSHOT_BUILT] symbol=EURUSD tfs=H4,H1,M15
[2026-06-29 19:02:05] [DEBUG] [hybrid_market_client] Fetching indicators for XAUUSD (QuantDinger only)
[2026-06-29 19:02:05] [DEBUG] [market_client] Candles XAUUSD 4H: 100 bars ✓
[2026-06-29 19:02:05] [DEBUG] [hybrid_market_client] ✓ Got live data from QuantDinger for XAUUSD
[2026-06-29 19:02:05] [DEBUG] [hybrid_market_client] Fetching indicators for XAUUSD (QuantDinger only)
[2026-06-29 19:02:05] [DEBUG] [market_client] Candles XAUUSD 4H: 100 bars ✓
[2026-06-29 19:02:05] [DEBUG] [hybrid_market_client] ✓ Got live data from QuantDinger for XAUUSD
[2026-06-29 19:02:05] [DEBUG] [hybrid_market_client] Fetching indicators for XAUUSD (QuantDinger only)
[2026-06-29 19:02:05] [DEBUG] [market_client] Candles XAUUSD 4H: 100 bars ✓
[2026-06-29 19:02:05] [DEBUG] [hybrid_market_client] ✓ Got live data from QuantDinger for XAUUSD
[2026-06-29 19:02:05] [INFO] [market_snapshot_builder] [SNAPSHOT_BUILT] symbol=XAUUSD tfs=H4,H1,M15
[2026-06-29 19:02:05] [DEBUG] [hybrid_market_client] Fetching indicators for GBPUSD (QuantDinger only)
[2026-06-29 19:02:06] [DEBUG] [market_client] Candles GBPUSD 4H: 100 bars ✓
[2026-06-29 19:02:06] [DEBUG] [hybrid_market_client] ✓ Got live data from QuantDinger for GBPUSD
[2026-06-29 19:02:06] [DEBUG] [hybrid_market_client] Fetching indicators for GBPUSD (QuantDinger only)
[2026-06-29 19:02:06] [DEBUG] [market_client] Candles GBPUSD 4H: 100 bars ✓
[2026-06-29 19:02:06] [DEBUG] [hybrid_market_client] ✓ Got live data from QuantDinger for GBPUSD
[2026-06-29 19:02:06] [DEBUG] [hybrid_market_client] Fetching indicators for GBPUSD (QuantDinger only)
[2026-06-29 19:02:06] [DEBUG] [market_client] Candles GBPUSD 4H: 100 bars ✓
[2026-06-29 19:02:06] [DEBUG] [hybrid_market_client] ✓ Got live data from QuantDinger for GBPUSD
[2026-06-29 19:02:06] [INFO] [market_snapshot_builder] [SNAPSHOT_BUILT] symbol=GBPUSD tfs=H4,H1,M15
[2026-06-29 19:02:06] [INFO] [main] --- EURUSD ---
[2026-06-29 19:02:09] [INFO] [deepseek] DEEPSEEK OK: {"impact_score": 65, "bias": "bearish", "confidence": 0.6, "reason": "الدولار قوي والأخبار تشير إلى ...
[2026-06-29 19:02:09] [INFO] [deepseek] AI EURUSD: bias=bearish impact=65.0 conf=0.60
[2026-06-29 19:02:09] [INFO] [signal_engine] [VERIFY] SIGNAL_INPUT bias=bearish score=65.0 confidence=0.6
[2026-06-29 19:02:09] [INFO] [signal_engine] [VERIFY] SIGNAL_RULE rule=confidence>=0.60 actual=0.6 result=True
[2026-06-29 19:02:09] [INFO] [signal_engine] [VERIFY] SIGNAL_RULE rule=score>=55 actual=65.0 result=True
[2026-06-29 19:02:09] [INFO] [signal_engine] [VERIFY] SIGNAL_RULE rule=bias in [bullish,bearish] actual=bearish result=True
[2026-06-29 19:02:09] [INFO] [signal_engine] [VERIFY] SIGNAL_FINAL direction=SELL score=65.0 confidence=0.6 valid=True
[2026-06-29 19:02:09] [DEBUG] [signal_engine] Signal: SELL score=65.0 conf=0.60 strength=متوسط valid=True
[2026-06-29 19:02:09] [INFO] [sentiment] Sentiment EURUSD: bullish score=83 bull=6 bear=3
[2026-06-29 19:02:09] [DEBUG] [mtf] MTF (snapshot) EURUSD: H4=bullish H1=bearish M15=bearish aligned=True (weak)
[2026-06-29 19:02:09] [INFO] [main] [VERIFY][DATA_TRUTH] symbol=EURUSD timeframe=H4/H1/M15 news_fetched=True indicators_fetched=True live_data=True cached=False
[2026-06-29 19:02:09] [INFO] [risk_engine] Risk: Score too low (EURUSD SELL) - Score 41.8 < 45
[2026-06-29 19:02:09] [DEBUG] [hybrid_market_client] Fetching indicators for EURUSD (QuantDinger only)
[2026-06-29 19:02:09] [DEBUG] [market_client] Candles EURUSD 4H: 100 bars ✓
[2026-06-29 19:02:09] [DEBUG] [hybrid_market_client] ✓ Got live data from QuantDinger for EURUSD
[2026-06-29 19:02:09] [DEBUG] [hybrid_market_client] Fetching indicators for EURUSD (QuantDinger only)
[2026-06-29 19:02:09] [DEBUG] [market_client] Using cached candles for EURUSD 4H (age: 0s)
[2026-06-29 19:02:09] [DEBUG] [hybrid_market_client] ✓ Got live data from QuantDinger for EURUSD
[2026-06-29 19:02:09] [INFO] [sltp] SL/TP EURUSD: entry=1.1428571939468384 atr=0.00232 sl=1.14633 tp=1.13706
[2026-06-29 19:02:09] [INFO] [position_sizing] Position size: 0.5 (equity=74614, risk=0.000, sl_dist=0.00347, score=42, cons_loss=10)
[2026-06-29 19:02:09] [DEBUG] [xgboost_v2] V2 predict: rsi=73.8 atr=0.00232 regime=TRENDING session=new_york dir=SELL -> p_win=0.307
[2026-06-29 19:02:09] [INFO] [xgboost_v2] [VERIFY] XGBOOST PREDICTION p_win=0.307 available=True
[2026-06-29 19:02:09] [INFO] [main] [VERIFY][DECISION_TRUTH] bias=bearish score=41.8 confidence=0.475 vote=SELL risk_passed=False sl_tp_calculated=True position_size=0.5 xgboost_p_win=0.3066193461418152 final_decision_valid=False reject_reason=p_win<threshold (p_win=0.307 threshold=0.6)
[2026-06-29 19:02:09] [INFO] [main] --- XAUUSD ---
[2026-06-29 19:02:13] [INFO] [deepseek] DEEPSEEK OK: {"impact_score": 85, "bias": "bearish", "confidence": 0.85, "reason": "الدولار القوي والاتجاه الهابط...
[2026-06-29 19:02:13] [INFO] [deepseek] AI XAUUSD: bias=bearish impact=85.0 conf=0.85
[2026-06-29 19:02:13] [INFO] [signal_engine] [VERIFY] SIGNAL_INPUT bias=bearish score=85.0 confidence=0.85
[2026-06-29 19:02:13] [INFO] [signal_engine] [VERIFY] SIGNAL_RULE rule=confidence>=0.60 actual=0.85 result=True
[2026-06-29 19:02:13] [INFO] [signal_engine] [VERIFY] SIGNAL_RULE rule=score>=55 actual=85.0 result=True
[2026-06-29 19:02:13] [INFO] [signal_engine] [VERIFY] SIGNAL_RULE rule=bias in [bullish,bearish] actual=bearish result=True
[2026-06-29 19:02:13] [INFO] [signal_engine] [VERIFY] SIGNAL_FINAL direction=SELL score=85.0 confidence=0.85 valid=True
[2026-06-29 19:02:13] [DEBUG] [signal_engine] Signal: SELL score=85.0 conf=0.85 strength=قوي جداً valid=True
[2026-06-29 19:02:13] [INFO] [sentiment] Sentiment XAUUSD: neutral score=50 bull=2 bear=2
[2026-06-29 19:02:13] [DEBUG] [mtf] MTF (snapshot) XAUUSD: H4=bearish H1=bullish M15=bullish aligned=True (weak)
[2026-06-29 19:02:13] [INFO] [main] [VERIFY][DATA_TRUTH] symbol=XAUUSD timeframe=H4/H1/M15 news_fetched=True indicators_fetched=True live_data=True cached=False
[2026-06-29 19:02:13] [WARNING] [risk_engine] Risk: Consecutive losses limit exceeded (XAUUSD SELL) - Consecutive losses: 10
[2026-06-29 19:02:13] [DEBUG] [hybrid_market_client] Fetching indicators for XAUUSD (QuantDinger only)
[2026-06-29 19:02:13] [DEBUG] [market_client] Candles XAUUSD 4H: 100 bars ✓
[2026-06-29 19:02:13] [DEBUG] [hybrid_market_client] ✓ Got live data from QuantDinger for XAUUSD
[2026-06-29 19:02:13] [DEBUG] [hybrid_market_client] Fetching indicators for XAUUSD (QuantDinger only)
[2026-06-29 19:02:13] [DEBUG] [market_client] Using cached candles for XAUUSD 4H (age: 0s)
[2026-06-29 19:02:13] [DEBUG] [hybrid_market_client] ✓ Got live data from QuantDinger for XAUUSD
[2026-06-29 19:02:13] [INFO] [sltp] SL/TP XAUUSD: entry=4040.89990234375 atr=38.08568 sl=4050.8999 tp=3945.68571
[2026-06-29 19:02:13] [INFO] [position_sizing] Position size: 0.1 (equity=74614, risk=0.000, sl_dist=10.00000, score=62, cons_loss=10)
[2026-06-29 19:02:13] [DEBUG] [xgboost_v2] V2 predict: rsi=57.9 atr=38.08568 regime=TRENDING session=new_york dir=SELL -> p_win=0.079
[2026-06-29 19:02:13] [INFO] [xgboost_v2] [VERIFY] XGBOOST PREDICTION p_win=0.079 available=True
[2026-06-29 19:02:13] [INFO] [main] [VERIFY][DECISION_TRUTH] bias=bearish score=61.5 confidence=1.0 vote=SELL risk_passed=False sl_tp_calculated=True position_size=0.1 xgboost_p_win=0.07852394133806229 final_decision_valid=False reject_reason=p_win<threshold (p_win=0.079 threshold=0.6)
[2026-06-29 19:02:13] [INFO] [main] --- GBPUSD ---
[2026-06-29 19:02:16] [INFO] [deepseek] DEEPSEEK OK: {
  "impact_score": 65,
  "bias": "bearish",
  "confidence": 0.7,
  "reason": "الأخبار تشير إلى ضعف ...
[2026-06-29 19:02:16] [INFO] [deepseek] AI GBPUSD: bias=bearish impact=65.0 conf=0.70
[2026-06-29 19:02:16] [INFO] [signal_engine] [VERIFY] SIGNAL_INPUT bias=bearish score=65.0 confidence=0.7
[2026-06-29 19:02:16] [INFO] [signal_engine] [VERIFY] SIGNAL_RULE rule=confidence>=0.60 actual=0.7 result=True
[2026-06-29 19:02:16] [INFO] [signal_engine] [VERIFY] SIGNAL_RULE rule=score>=55 actual=65.0 result=True
[2026-06-29 19:02:16] [INFO] [signal_engine] [VERIFY] SIGNAL_RULE rule=bias in [bullish,bearish] actual=bearish result=True
[2026-06-29 19:02:16] [INFO] [signal_engine] [VERIFY] SIGNAL_FINAL direction=SELL score=65.0 confidence=0.7 valid=True
[2026-06-29 19:02:16] [DEBUG] [signal_engine] Signal: SELL score=65.0 conf=0.70 strength=متوسط valid=True
[2026-06-29 19:02:16] [INFO] [sentiment] Sentiment GBPUSD: bearish score=100 bull=0 bear=1
[2026-06-29 19:02:16] [DEBUG] [mtf] MTF (snapshot) GBPUSD: H4=bullish H1=bearish M15=bearish aligned=True (weak)
[2026-06-29 19:02:16] [INFO] [main] [VERIFY][DATA_TRUTH] symbol=GBPUSD timeframe=H4/H1/M15 news_fetched=True indicators_fetched=True live_data=True cached=False
[2026-06-29 19:02:16] [INFO] [risk_engine] Risk: Score too low (GBPUSD SELL) - Score 41.5 < 45
[2026-06-29 19:02:16] [DEBUG] [hybrid_market_client] Fetching indicators for GBPUSD (QuantDinger only)
[2026-06-29 19:02:16] [DEBUG] [market_client] Candles GBPUSD 4H: 100 bars ✓
[2026-06-29 19:02:16] [DEBUG] [hybrid_market_client] ✓ Got live data from QuantDinger for GBPUSD
[2026-06-29 19:02:16] [DEBUG] [hybrid_market_client] Fetching indicators for GBPUSD (QuantDinger only)
[2026-06-29 19:02:16] [DEBUG] [market_client] Using cached candles for GBPUSD 4H (age: 0s)
[2026-06-29 19:02:16] [DEBUG] [hybrid_market_client] ✓ Got live data from QuantDinger for GBPUSD
[2026-06-29 19:02:16] [INFO] [sltp] SL/TP GBPUSD: entry=1.325451374053955 atr=0.00257 sl=1.32931 tp=1.31903
[2026-06-29 19:02:16] [INFO] [position_sizing] Position size: 0.5 (equity=74614, risk=0.000, sl_dist=0.00386, score=42, cons_loss=10)
[2026-06-29 19:02:16] [DEBUG] [xgboost_v2] V2 predict: rsi=73.0 atr=0.00257 regime=TRENDING session=new_york dir=SELL -> p_win=0.451
[2026-06-29 19:02:16] [INFO] [xgboost_v2] [VERIFY] XGBOOST PREDICTION p_win=0.451 available=True
[2026-06-29 19:02:16] [INFO] [main] [VERIFY][DECISION_TRUTH] bias=bearish score=41.5 confidence=0.554 vote=SELL risk_passed=False sl_tp_calculated=True position_size=0.5 xgboost_p_win=0.45058220624923706 final_decision_valid=False reject_reason=p_win<threshold (p_win=0.451 threshold=0.6)
[2026-06-29 19:02:16] [INFO] [adaptive_weights] EURUSD weights updated: {'ai': 0.239, 'trend': 0.239, 'momentum': 0.239, 'sentiment': 0.239, 'volatility': 0.043} | WR=13.6% PF=0
[2026-06-29 19:02:16] [INFO] [adaptive_weights] 🏆 أفضل زوج: EURUSD | WR=13.6% | PnL=190.0$
[2026-06-29 19:02:16] [INFO] [adaptive_weights] ⚠️ أسوأ زوج: XAUUSD | WR=0.0% | PnL=0.0$
[2026-06-29 19:02:16] [INFO] [main] Sleeping 1800s...
[2026-06-29 19:31:06] [INFO] [qd_client] Logged in to QuantDinger
[2026-06-29 19:32:16] [INFO] [main] ==================================================
[2026-06-29 19:32:16] [INFO] [main] Cycle 5 at 19:32:16
[2026-06-29 19:32:26] [INFO] [news_fetcher] Fetched 24 relevant news items
[2026-06-29 19:32:26] [INFO] [main] Equity: 74613.54$ | News: 24
[2026-06-29 19:32:26] [DEBUG] [hybrid_market_client] Fetching indicators for EURUSD (QuantDinger only)
[2026-06-29 19:32:27] [DEBUG] [market_client] Candles EURUSD 4H: 100 bars ✓
[2026-06-29 19:32:27] [DEBUG] [hybrid_market_client] ✓ Got live data from QuantDinger for EURUSD
[2026-06-29 19:32:27] [DEBUG] [hybrid_market_client] Fetching indicators for EURUSD (QuantDinger only)
[2026-06-29 19:32:27] [DEBUG] [market_client] Candles EURUSD 4H: 100 bars ✓
[2026-06-29 19:32:27] [DEBUG] [hybrid_market_client] ✓ Got live data from QuantDinger for EURUSD
[2026-06-29 19:32:27] [DEBUG] [hybrid_market_client] Fetching indicators for EURUSD (QuantDinger only)
[2026-06-29 19:32:27] [DEBUG] [market_client] Candles EURUSD 4H: 100 bars ✓
[2026-06-29 19:32:27] [DEBUG] [hybrid_market_client] ✓ Got live data from QuantDinger for EURUSD
[2026-06-29 19:32:27] [INFO] [market_snapshot_builder] [SNAPSHOT_BUILT] symbol=EURUSD tfs=H4,H1,M15
[2026-06-29 19:32:27] [DEBUG] [hybrid_market_client] Fetching indicators for XAUUSD (QuantDinger only)
[2026-06-29 19:32:27] [DEBUG] [market_client] Candles XAUUSD 4H: 100 bars ✓
[2026-06-29 19:32:27] [DEBUG] [hybrid_market_client] ✓ Got live data from QuantDinger for XAUUSD
[2026-06-29 19:32:27] [DEBUG] [hybrid_market_client] Fetching indicators for XAUUSD (QuantDinger only)
[2026-06-29 19:32:27] [DEBUG] [market_client] Candles XAUUSD 4H: 100 bars ✓
[2026-06-29 19:32:27] [DEBUG] [hybrid_market_client] ✓ Got live data from QuantDinger for XAUUSD
[2026-06-29 19:32:27] [DEBUG] [hybrid_market_client] Fetching indicators for XAUUSD (QuantDinger only)
[2026-06-29 19:32:27] [DEBUG] [market_client] Candles XAUUSD 4H: 100 bars ✓
[2026-06-29 19:32:27] [DEBUG] [hybrid_market_client] ✓ Got live data from QuantDinger for XAUUSD
[2026-06-29 19:32:27] [INFO] [market_snapshot_builder] [SNAPSHOT_BUILT] symbol=XAUUSD tfs=H4,H1,M15
[2026-06-29 19:32:27] [DEBUG] [hybrid_market_client] Fetching indicators for GBPUSD (QuantDinger only)
[2026-06-29 19:32:28] [DEBUG] [market_client] Candles GBPUSD 4H: 100 bars ✓
[2026-06-29 19:32:28] [DEBUG] [hybrid_market_client] ✓ Got live data from QuantDinger for GBPUSD
[2026-06-29 19:32:28] [DEBUG] [hybrid_market_client] Fetching indicators for GBPUSD (QuantDinger only)
[2026-06-29 19:32:28] [DEBUG] [market_client] Candles GBPUSD 4H: 100 bars ✓
[2026-06-29 19:32:28] [DEBUG] [hybrid_market_client] ✓ Got live data from QuantDinger for GBPUSD
[2026-06-29 19:32:28] [DEBUG] [hybrid_market_client] Fetching indicators for GBPUSD (QuantDinger only)
[2026-06-29 19:32:28] [DEBUG] [market_client] Candles GBPUSD 4H: 100 bars ✓
[2026-06-29 19:32:28] [DEBUG] [hybrid_market_client] ✓ Got live data from QuantDinger for GBPUSD
[2026-06-29 19:32:28] [INFO] [market_snapshot_builder] [SNAPSHOT_BUILT] symbol=GBPUSD tfs=H4,H1,M15
[2026-06-29 19:32:28] [INFO] [main] --- EURUSD ---
[2026-06-29 19:32:32] [INFO] [deepseek] DEEPSEEK OK: {
  "impact_score": 65,
  "bias": "bearish",
  "confidence": 0.7,
  "reason": "الدولار قوي بسبب المخ...
[2026-06-29 19:32:32] [INFO] [deepseek] AI EURUSD: bias=bearish impact=65.0 conf=0.70
[2026-06-29 19:32:32] [INFO] [signal_engine] [VERIFY] SIGNAL_INPUT bias=bearish score=65.0 confidence=0.7
[2026-06-29 19:32:32] [INFO] [signal_engine] [VERIFY] SIGNAL_RULE rule=confidence>=0.60 actual=0.7 result=True
[2026-06-29 19:32:32] [INFO] [signal_engine] [VERIFY] SIGNAL_RULE rule=score>=55 actual=65.0 result=True
[2026-06-29 19:32:32] [INFO] [signal_engine] [VERIFY] SIGNAL_RULE rule=bias in [bullish,bearish] actual=bearish result=True
[2026-06-29 19:32:32] [INFO] [signal_engine] [VERIFY] SIGNAL_FINAL direction=SELL score=65.0 confidence=0.7 valid=True
[2026-06-29 19:32:32] [DEBUG] [signal_engine] Signal: SELL score=65.0 conf=0.70 strength=متوسط valid=True
[2026-06-29 19:32:32] [INFO] [sentiment] Sentiment EURUSD: bullish score=81 bull=5 bear=3
[2026-06-29 19:32:32] [DEBUG] [mtf] MTF (snapshot) EURUSD: H4=bullish H1=bearish M15=bearish aligned=True (weak)
[2026-06-29 19:32:32] [INFO] [main] [VERIFY][DATA_TRUTH] symbol=EURUSD timeframe=H4/H1/M15 news_fetched=True indicators_fetched=True live_data=True cached=False
[2026-06-29 19:32:32] [INFO] [risk_engine] Risk: Score too low (EURUSD SELL) - Score 41.8 < 45
[2026-06-29 19:32:32] [DEBUG] [hybrid_market_client] Fetching indicators for EURUSD (QuantDinger only)
[2026-06-29 19:32:32] [DEBUG] [market_client] Candles EURUSD 4H: 100 bars ✓
[2026-06-29 19:32:32] [DEBUG] [hybrid_market_client] ✓ Got live data from QuantDinger for EURUSD
[2026-06-29 19:32:32] [DEBUG] [hybrid_market_client] Fetching indicators for EURUSD (QuantDinger only)
[2026-06-29 19:32:32] [DEBUG] [market_client] Using cached candles for EURUSD 4H (age: 0s)
[2026-06-29 19:32:32] [DEBUG] [hybrid_market_client] ✓ Got live data from QuantDinger for EURUSD
[2026-06-29 19:32:32] [INFO] [sltp] SL/TP EURUSD: entry=1.1428571939468384 atr=0.00234 sl=1.14636 tp=1.13702
[2026-06-29 19:32:32] [INFO] [position_sizing] Position size: 0.5 (equity=74614, risk=0.000, sl_dist=0.00350, score=42, cons_loss=10)
[2026-06-29 19:32:32] [DEBUG] [xgboost_v2] V2 predict: rsi=73.8 atr=0.00234 regime=TRENDING session=new_york dir=SELL -> p_win=0.320
[2026-06-29 19:32:32] [INFO] [xgboost_v2] [VERIFY] XGBOOST PREDICTION p_win=0.320 available=True
[2026-06-29 19:32:32] [INFO] [main] [VERIFY][DECISION_TRUTH] bias=bearish score=41.8 confidence=0.554 vote=SELL risk_passed=False sl_tp_calculated=True position_size=0.5 xgboost_p_win=0.31984496116638184 final_decision_valid=False reject_reason=p_win<threshold (p_win=0.320 threshold=0.6)
[2026-06-29 19:32:32] [INFO] [main] --- XAUUSD ---
[2026-06-29 19:32:35] [INFO] [deepseek] DEEPSEEK OK: {
  "impact_score": 75,
  "bias": "bearish",
  "confidence": 0.85,
  "reason": "الدولار القوي والاتج...
[2026-06-29 19:32:35] [INFO] [deepseek] AI XAUUSD: bias=bearish impact=75.0 conf=0.85
[2026-06-29 19:32:35] [INFO] [signal_engine] [VERIFY] SIGNAL_INPUT bias=bearish score=75.0 confidence=0.85
[2026-06-29 19:32:35] [INFO] [signal_engine] [VERIFY] SIGNAL_RULE rule=confidence>=0.60 actual=0.85 result=True
[2026-06-29 19:32:35] [INFO] [signal_engine] [VERIFY] SIGNAL_RULE rule=score>=55 actual=75.0 result=True
[2026-06-29 19:32:35] [INFO] [signal_engine] [VERIFY] SIGNAL_RULE rule=bias in [bullish,bearish] actual=bearish result=True
[2026-06-29 19:32:35] [INFO] [signal_engine] [VERIFY] SIGNAL_FINAL direction=SELL score=75.0 confidence=0.85 valid=True
[2026-06-29 19:32:35] [DEBUG] [signal_engine] Signal: SELL score=75.0 conf=0.85 strength=قوي valid=True
[2026-06-29 19:32:35] [INFO] [sentiment] Sentiment XAUUSD: neutral score=50 bull=2 bear=2
[2026-06-29 19:32:35] [DEBUG] [mtf] MTF (snapshot) XAUUSD: H4=bearish H1=neutral M15=neutral aligned=False (weak)
[2026-06-29 19:32:35] [INFO] [main] [VERIFY][DATA_TRUTH] symbol=XAUUSD timeframe=H4/H1/M15 news_fetched=True indicators_fetched=True live_data=True cached=False
[2026-06-29 19:32:35] [INFO] [voting_engine] XAUUSD: MTF weakly misaligned, reducing score 10%
[2026-06-29 19:32:35] [WARNING] [risk_engine] Risk: Consecutive losses limit exceeded (XAUUSD SELL) - Consecutive losses: 10
[2026-06-29 19:32:35] [DEBUG] [hybrid_market_client] Fetching indicators for XAUUSD (QuantDinger only)
[2026-06-29 19:32:35] [DEBUG] [market_client] Candles XAUUSD 4H: 100 bars ✓
[2026-06-29 19:32:35] [DEBUG] [hybrid_market_client] ✓ Got live data from QuantDinger for XAUUSD
[2026-06-29 19:32:35] [DEBUG] [hybrid_market_client] Fetching indicators for XAUUSD (QuantDinger only)
[2026-06-29 19:32:35] [DEBUG] [market_client] Using cached candles for XAUUSD 4H (age: 0s)
[2026-06-29 19:32:35] [DEBUG] [hybrid_market_client] ✓ Got live data from QuantDinger for XAUUSD
[2026-06-29 19:32:35] [INFO] [sltp] SL/TP XAUUSD: entry=4039.800048828125 atr=33.92854 sl=4049.80005 tp=3954.97871
[2026-06-29 19:32:35] [INFO] [position_sizing] Position size: 0.1 (equity=74614, risk=0.000, sl_dist=10.00000, score=77, cons_loss=10)
[2026-06-29 19:32:35] [DEBUG] [xgboost_v2] V2 predict: rsi=46.1 atr=33.92854 regime=TRENDING session=new_york dir=SELL -> p_win=0.309
[2026-06-29 19:32:35] [INFO] [xgboost_v2] [VERIFY] XGBOOST PREDICTION p_win=0.309 available=True
[2026-06-29 19:32:35] [INFO] [main] [VERIFY][DECISION_TRUTH] bias=bearish score=76.9 confidence=0.753 vote=SELL risk_passed=False sl_tp_calculated=True position_size=0.1 xgboost_p_win=0.3094331622123718 final_decision_valid=False reject_reason=p_win<threshold (p_win=0.309 threshold=0.6)
[2026-06-29 19:32:35] [INFO] [main] --- GBPUSD ---
[2026-06-29 19:32:39] [INFO] [deepseek] DEEPSEEK OK: {
  "impact_score": 70,
  "bias": "bearish",
  "confidence": 0.7,
  "reason": "أنباء ضعف الجنيه الإس...
[2026-06-29 19:32:39] [INFO] [deepseek] AI GBPUSD: bias=bearish impact=70.0 conf=0.70
[2026-06-29 19:32:39] [INFO] [signal_engine] [VERIFY] SIGNAL_INPUT bias=bearish score=70.0 confidence=0.7
[2026-06-29 19:32:39] [INFO] [signal_engine] [VERIFY] SIGNAL_RULE rule=confidence>=0.60 actual=0.7 result=True
[2026-06-29 19:32:39] [INFO] [signal_engine] [VERIFY] SIGNAL_RULE rule=score>=55 actual=70.0 result=True
[2026-06-29 19:32:39] [INFO] [signal_engine] [VERIFY] SIGNAL_RULE rule=bias in [bullish,bearish] actual=bearish result=True
[2026-06-29 19:32:39] [INFO] [signal_engine] [VERIFY] SIGNAL_FINAL direction=SELL score=70.0 confidence=0.7 valid=True
[2026-06-29 19:32:39] [DEBUG] [signal_engine] Signal: SELL score=70.0 conf=0.70 strength=قوي valid=True
[2026-06-29 19:32:39] [INFO] [sentiment] Sentiment GBPUSD: bearish score=100 bull=0 bear=1
[2026-06-29 19:32:39] [DEBUG] [mtf] MTF (snapshot) GBPUSD: H4=bullish H1=bearish M15=bearish aligned=True (weak)
[2026-06-29 19:32:39] [INFO] [main] [VERIFY][DATA_TRUTH] symbol=GBPUSD timeframe=H4/H1/M15 news_fetched=True indicators_fetched=True live_data=True cached=False
[2026-06-29 19:32:39] [INFO] [risk_engine] Risk: Score too low (GBPUSD SELL) - Score 42.5 < 45
[2026-06-29 19:32:39] [DEBUG] [hybrid_market_client] Fetching indicators for GBPUSD (QuantDinger only)
[2026-06-29 19:32:39] [DEBUG] [market_client] Candles GBPUSD 4H: 100 bars ✓
[2026-06-29 19:32:39] [DEBUG] [hybrid_market_client] ✓ Got live data from QuantDinger for GBPUSD
[2026-06-29 19:32:39] [DEBUG] [hybrid_market_client] Fetching indicators for GBPUSD (QuantDinger only)
[2026-06-29 19:32:39] [DEBUG] [market_client] Using cached candles for GBPUSD 4H (age: 0s)
[2026-06-29 19:32:39] [DEBUG] [hybrid_market_client] ✓ Got live data from QuantDinger for GBPUSD
[2026-06-29 19:32:39] [INFO] [sltp] SL/TP GBPUSD: entry=1.325468897819519 atr=0.00259 sl=1.32935 tp=1.31899
[2026-06-29 19:32:39] [INFO] [position_sizing] Position size: 0.5 (equity=74614, risk=0.000, sl_dist=0.00388, score=42, cons_loss=10)
[2026-06-29 19:32:39] [DEBUG] [xgboost_v2] V2 predict: rsi=73.0 atr=0.00259 regime=TRENDING session=new_york dir=SELL -> p_win=0.451
[2026-06-29 19:32:39] [INFO] [xgboost_v2] [VERIFY] XGBOOST PREDICTION p_win=0.451 available=True
[2026-06-29 19:32:39] [INFO] [main] [VERIFY][DECISION_TRUTH] bias=bearish score=42.5 confidence=0.554 vote=SELL risk_passed=False sl_tp_calculated=True position_size=0.5 xgboost_p_win=0.45058220624923706 final_decision_valid=False reject_reason=p_win<threshold (p_win=0.451 threshold=0.6)
[2026-06-29 19:32:39] [INFO] [adaptive_weights] EURUSD weights updated: {'ai': 0.239, 'trend': 0.239, 'momentum': 0.239, 'sentiment': 0.239, 'volatility': 0.043} | WR=13.6% PF=0
[2026-06-29 19:32:39] [INFO] [adaptive_weights] 🏆 أفضل زوج: EURUSD | WR=13.6% | PnL=190.0$
[2026-06-29 19:32:39] [INFO] [adaptive_weights] ⚠️ أسوأ زوج: XAUUSD | WR=0.0% | PnL=0.0$
[2026-06-29 19:32:39] [INFO] [main] Sleeping 1800s...
[2026-06-29 19:38:02] [INFO] [post_entry_manager] [POST_ENTRY] New position detected ticket=9337396458 symbol=EURUSD
[2026-06-29 19:38:02] [INFO] [post_entry_manager] [POST_ENTRY] Monitoring ticket=9337396458
[2026-06-29 19:38:04] [WARNING] [reconciliation] Unknown position in QD: 9337396458 EURUSD
[2026-06-29 19:38:04] [INFO] [reconciliation] Reconciliation: {'db_count': 0, 'qd_count': 1, 'fixes': 0, 'mismatches': ['QD orphan: 9337396458']}
[2026-06-29 19:38:11] [INFO] [news_fetcher] Fetched 24 relevant news items
[2026-06-29 19:38:11] [INFO] [xgboost_exit_model] [EXIT_MODEL] XGBoost prediction: probability=98.6%
[2026-06-29 19:38:16] [INFO] [post_entry_manager] [POST_ENTRY] Monitoring ticket=9337396458
[2026-06-29 19:38:24] [INFO] [news_fetcher] Fetched 25 relevant news items
[2026-06-29 19:38:24] [INFO] [xgboost_exit_model] [EXIT_MODEL] XGBoost prediction: probability=98.6%
[2026-06-29 19:38:29] [INFO] [post_entry_manager] [POST_ENTRY] Monitoring ticket=9337396458
[2026-06-29 19:38:36] [INFO] [news_fetcher] Fetched 24 relevant news items
[2026-06-29 19:38:36] [INFO] [xgboost_exit_model] [EXIT_MODEL] XGBoost prediction: probability=98.6%
[2026-06-29 19:38:42] [INFO] [post_entry_manager] [POST_ENTRY] Monitoring ticket=9337396458
[2026-06-29 19:38:49] [INFO] [news_fetcher] Fetched 25 relevant news items
[2026-06-29 19:38:49] [INFO] [xgboost_exit_model] [EXIT_MODEL] XGBoost prediction: probability=98.6%
[2026-06-29 19:38:54] [INFO] [post_entry_manager] [POST_ENTRY] Monitoring ticket=9337396458
[2026-06-29 19:39:01] [INFO] [news_fetcher] Fetched 25 relevant news items
[2026-06-29 19:39:01] [INFO] [xgboost_exit_model] [EXIT_MODEL] XGBoost prediction: probability=98.6%
[2026-06-29 19:39:04] [WARNING] [reconciliation] Unknown position in QD: 9337396458 EURUSD
[2026-06-29 19:39:04] [INFO] [reconciliation] Reconciliation: {'db_count': 0, 'qd_count': 1, 'fixes': 0, 'mismatches': ['QD orphan: 9337396458']}
[2026-06-29 19:39:06] [INFO] [post_entry_manager] [POST_ENTRY] Monitoring ticket=9337396458
[2026-06-29 19:39:14] [INFO] [news_fetcher] Fetched 25 relevant news items
[2026-06-29 19:39:14] [INFO] [xgboost_exit_model] [EXIT_MODEL] XGBoost prediction: probability=98.6%
[2026-06-29 19:39:19] [INFO] [post_entry_manager] [POST_ENTRY] Monitoring ticket=9337396458
[2026-06-29 19:39:26] [INFO] [news_fetcher] Fetched 24 relevant news items
[2026-06-29 19:39:26] [INFO] [xgboost_exit_model] [EXIT_MODEL] XGBoost prediction: probability=98.6%
[2026-06-29 19:39:31] [INFO] [post_entry_manager] [POST_ENTRY] Monitoring ticket=9337396458
[2026-06-29 19:39:37] [INFO] [news_fetcher] Fetched 24 relevant news items
[2026-06-29 19:39:37] [INFO] [xgboost_exit_model] [EXIT_MODEL] XGBoost prediction: probability=98.6%
[2026-06-29 19:39:37] [INFO] [post_entry_event_logger] [LOGGER_LISTENER] event_type=TradeClosed ticket=None
[2026-06-29 19:39:37] [INFO] [post_entry_database_listener] [DATABASE_LISTENER] event_type=TradeClosed ticket=None
[2026-06-29 19:39:37] [INFO] [post_entry_telegram_listener] [TELEGRAM_LISTENER] event_type=TradeClosed ticket=None
[2026-06-29 19:42:57] [INFO] [post_entry_event_logger] [LOGGER_LISTENER] event_type=TradeClosed ticket=9337396458
[2026-06-29 19:46:39] [INFO] [xgboost_exit_adapter] [EXIT_MODEL] Features: time_open_hours=2.78, profit=100.0, profit_decay_pct=99.9%, mfe=0.0, mae=0.0, spread=0.0
[2026-06-29 19:46:39] [INFO] [xgboost_exit_model] Loaded Exit Model from F:\files (2)\google\botdd\trading_bot_v3\models\xgboost_exit_model.json
[2026-06-29 19:46:39] [INFO] [xgboost_exit_model] [EXIT_MODEL] XGBoost prediction: probability=0.1%
[2026-06-29 19:52:12] [INFO] [news_fetcher] Fetched 23 relevant news items
[2026-06-29 19:57:10] [INFO] [main] Trading Bot V3 starting...
[2026-06-29 19:57:10] [INFO] [database] V3 Database initialized with all tables
[2026-06-29 19:57:10] [INFO] [qd_client] Logged in to QuantDinger
[2026-06-29 19:57:10] [INFO] [qd_client] MT5 connected
[2026-06-29 19:57:10] [INFO] [main] MT5 connected
[2026-06-29 19:57:10] [INFO] [telegram_bot] Telegram polling started
[2026-06-29 19:57:10] [INFO] [telegram_bot] Telegram bot V3 started
[2026-06-29 19:57:10] [INFO] [mt5_watchdog] MT5 watchdog started (V1 reconnect logic)
[2026-06-29 19:57:10] [INFO] [reconciliation] Reconciliation loop started (every 60s)
[2026-06-29 19:57:10] [INFO] [reconciliation] Reconciliation thread started (safety only)
[2026-06-29 19:57:10] [INFO] [post_entry_manager] PostEntryManager started
[2026-06-29 19:57:11] [INFO] [main] ==================================================
[2026-06-29 19:57:11] [INFO] [main] Cycle 1 at 19:57:11
[2026-06-29 19:57:39] [INFO] [news_fetcher] Fetched 22 relevant news items
[2026-06-29 19:57:39] [INFO] [main] Equity: 74613.54$ | News: 22
[2026-06-29 19:57:39] [DEBUG] [hybrid_market_client] Fetching indicators for EURUSD (QuantDinger only)
[2026-06-29 19:57:40] [DEBUG] [market_client] Candles EURUSD 4H: 100 bars ✓
[2026-06-29 19:57:40] [DEBUG] [hybrid_market_client] ✓ Got live data from QuantDinger for EURUSD
[2026-06-29 19:57:40] [DEBUG] [hybrid_market_client] Fetching indicators for EURUSD (QuantDinger only)
[2026-06-29 19:57:40] [DEBUG] [market_client] Candles EURUSD 4H: 100 bars ✓
[2026-06-29 19:57:40] [DEBUG] [hybrid_market_client] ✓ Got live data from QuantDinger for EURUSD
[2026-06-29 19:57:40] [DEBUG] [hybrid_market_client] Fetching indicators for EURUSD (QuantDinger only)
[2026-06-29 19:57:40] [DEBUG] [market_client] Candles EURUSD 4H: 100 bars ✓
[2026-06-29 19:57:40] [DEBUG] [hybrid_market_client] ✓ Got live data from QuantDinger for EURUSD
[2026-06-29 19:57:40] [INFO] [market_snapshot_builder] [SNAPSHOT_BUILT] symbol=EURUSD tfs=H4,H1,M15
[2026-06-29 19:57:40] [DEBUG] [hybrid_market_client] Fetching indicators for XAUUSD (QuantDinger only)
[2026-06-29 19:57:40] [DEBUG] [market_client] Candles XAUUSD 4H: 100 bars ✓
[2026-06-29 19:57:40] [DEBUG] [hybrid_market_client] ✓ Got live data from QuantDinger for XAUUSD
[2026-06-29 19:57:40] [DEBUG] [hybrid_market_client] Fetching indicators for XAUUSD (QuantDinger only)
[2026-06-29 19:57:40] [DEBUG] [market_client] Candles XAUUSD 4H: 100 bars ✓
[2026-06-29 19:57:40] [DEBUG] [hybrid_market_client] ✓ Got live data from QuantDinger for XAUUSD
[2026-06-29 19:57:40] [DEBUG] [hybrid_market_client] Fetching indicators for XAUUSD (QuantDinger only)
[2026-06-29 19:57:40] [DEBUG] [market_client] Candles XAUUSD 4H: 100 bars ✓
[2026-06-29 19:57:40] [DEBUG] [hybrid_market_client] ✓ Got live data from QuantDinger for XAUUSD
[2026-06-29 19:57:40] [INFO] [market_snapshot_builder] [SNAPSHOT_BUILT] symbol=XAUUSD tfs=H4,H1,M15
[2026-06-29 19:57:40] [DEBUG] [hybrid_market_client] Fetching indicators for GBPUSD (QuantDinger only)
[2026-06-29 19:57:40] [DEBUG] [market_client] Candles GBPUSD 4H: 100 bars ✓
[2026-06-29 19:57:40] [DEBUG] [hybrid_market_client] ✓ Got live data from QuantDinger for GBPUSD
[2026-06-29 19:57:40] [DEBUG] [hybrid_market_client] Fetching indicators for GBPUSD (QuantDinger only)
[2026-06-29 19:57:41] [DEBUG] [market_client] Candles GBPUSD 4H: 100 bars ✓
[2026-06-29 19:57:41] [DEBUG] [hybrid_market_client] ✓ Got live data from QuantDinger for GBPUSD
[2026-06-29 19:57:41] [DEBUG] [hybrid_market_client] Fetching indicators for GBPUSD (QuantDinger only)
[2026-06-29 19:57:41] [DEBUG] [market_client] Candles GBPUSD 4H: 100 bars ✓
[2026-06-29 19:57:41] [DEBUG] [hybrid_market_client] ✓ Got live data from QuantDinger for GBPUSD
[2026-06-29 19:57:41] [INFO] [market_snapshot_builder] [SNAPSHOT_BUILT] symbol=GBPUSD tfs=H4,H1,M15
[2026-06-29 19:57:41] [INFO] [main] --- EURUSD ---
[2026-06-29 19:57:45] [INFO] [deepseek] DEEPSEEK OK: {
  "impact_score": 60,
  "bias": "bullish",
  "confidence": 0.7,
  "reason": "تحسن معنويات منطقة ال...
[2026-06-29 19:57:45] [INFO] [deepseek] AI EURUSD: bias=bullish impact=60.0 conf=0.70
[2026-06-29 19:57:45] [INFO] [signal_engine] [VERIFY] SIGNAL_INPUT bias=bullish score=60.0 confidence=0.7
[2026-06-29 19:57:45] [INFO] [signal_engine] [VERIFY] SIGNAL_RULE rule=confidence>=0.60 actual=0.7 result=True
[2026-06-29 19:57:45] [INFO] [signal_engine] [VERIFY] SIGNAL_RULE rule=score>=55 actual=60.0 result=True
[2026-06-29 19:57:45] [INFO] [signal_engine] [VERIFY] SIGNAL_RULE rule=bias in [bullish,bearish] actual=bullish result=True
[2026-06-29 19:57:45] [INFO] [signal_engine] [VERIFY] SIGNAL_FINAL direction=BUY score=60.0 confidence=0.7 valid=True
[2026-06-29 19:57:45] [DEBUG] [signal_engine] Signal: BUY score=60.0 conf=0.70 strength=متوسط valid=True
[2026-06-29 19:57:45] [INFO] [sentiment] Sentiment EURUSD: bullish score=83 bull=6 bear=3
[2026-06-29 19:57:45] [DEBUG] [mtf] MTF (snapshot) EURUSD: H4=bullish H1=bearish M15=bearish aligned=True (weak)
[2026-06-29 19:57:45] [INFO] [main] [VERIFY][DATA_TRUTH] symbol=EURUSD timeframe=H4/H1/M15 news_fetched=True indicators_fetched=True live_data=True cached=False
[2026-06-29 19:57:45] [WARNING] [risk_engine] Risk: Consecutive losses limit exceeded (EURUSD BUY) - Consecutive losses: 10
[2026-06-29 19:57:45] [DEBUG] [hybrid_market_client] Fetching indicators for EURUSD (QuantDinger only)
[2026-06-29 19:57:45] [DEBUG] [market_client] Candles EURUSD 4H: 100 bars ✓
[2026-06-29 19:57:45] [DEBUG] [hybrid_market_client] ✓ Got live data from QuantDinger for EURUSD
[2026-06-29 19:57:45] [DEBUG] [hybrid_market_client] Fetching indicators for EURUSD (QuantDinger only)
[2026-06-29 19:57:45] [DEBUG] [market_client] Using cached candles for EURUSD 4H (age: 0s)
[2026-06-29 19:57:45] [DEBUG] [hybrid_market_client] ✓ Got live data from QuantDinger for EURUSD
[2026-06-29 19:57:45] [INFO] [sltp] SL/TP EURUSD: entry=1.1431183815002441 atr=0.00235 sl=1.13959 tp=1.14901
[2026-06-29 19:57:45] [INFO] [position_sizing] Position size: 0.5 (equity=74614, risk=0.000, sl_dist=0.00353, score=59, cons_loss=10)
[2026-06-29 19:57:45] [INFO] [xgboost_v2] [VERIFY] XGBOOST MODEL LOADED path=models/xgb_model.json available=True
[2026-06-29 19:57:45] [INFO] [xgboost_v2] XGBoost v2 model loaded successfully
[2026-06-29 19:57:45] [DEBUG] [xgboost_v2] V2 predict: rsi=74.2 atr=0.00235 regime=TRENDING session=new_york dir=BUY -> p_win=0.355
[2026-06-29 19:57:45] [INFO] [xgboost_v2] [VERIFY] XGBOOST PREDICTION p_win=0.355 available=True
[2026-06-29 19:57:45] [INFO] [main] [VERIFY][DECISION_TRUTH] bias=bullish score=58.9 confidence=1.0 vote=BUY risk_passed=False sl_tp_calculated=True position_size=0.5 xgboost_p_win=0.3553178906440735 final_decision_valid=False reject_reason=p_win<threshold (p_win=0.355 threshold=0.6)
[2026-06-29 19:57:45] [INFO] [main] --- XAUUSD ---
[2026-06-29 19:57:50] [WARNING] [deepseek] Retry 1: JSON incomplete/truncated
[2026-06-29 19:57:54] [INFO] [deepseek] DEEPSEEK OK: {"impact_score": 50, "bias": "bearish", "confidence": 0.7, "reason": "الاتجاه هابط بقوة على جميع الأ...
[2026-06-29 19:57:54] [INFO] [deepseek] AI XAUUSD: bias=bearish impact=50.0 conf=0.70
[2026-06-29 19:57:54] [INFO] [signal_engine] [VERIFY] SIGNAL_INPUT bias=bearish score=50.0 confidence=0.7
[2026-06-29 19:57:54] [INFO] [signal_engine] [VERIFY] SIGNAL_RULE rule=confidence>=0.60 actual=0.7 result=True
[2026-06-29 19:57:54] [INFO] [signal_engine] [VERIFY] SIGNAL_RULE rule=score>=55 actual=50.0 result=False
[2026-06-29 19:57:54] [INFO] [signal_engine] [VERIFY] SIGNAL_RULE rule=bias in [bullish,bearish] actual=bearish result=True
[2026-06-29 19:57:54] [INFO] [signal_engine] [VERIFY] SIGNAL_FINAL direction=SELL score=50.0 confidence=0.7 valid=False
[2026-06-29 19:57:54] [INFO] [signal_engine] [VERIFY] SIGNAL_FAILURE_REASONS
[2026-06-29 19:57:54] [INFO] [signal_engine] * score below threshold
[2026-06-29 19:57:54] [INFO] [signal_engine] [VERIFY] SIGNAL_FAILURE_LOCATION file=F:\files (2)\google\botdd\trading_bot_v3\decision\signal_engine.py function=generate_signal
[2026-06-29 19:57:54] [DEBUG] [signal_engine] Signal: SELL score=50.0 conf=0.70 strength=ضعيف valid=False
[2026-06-29 19:57:54] [DEBUG] [mtf] MTF (snapshot) XAUUSD: H4=bearish H1=neutral M15=neutral aligned=False (weak)
[2026-06-29 19:57:54] [INFO] [main] [VERIFY][DATA_TRUTH] symbol=XAUUSD timeframe=H4/H1/M15 news_fetched=True indicators_fetched=True live_data=True cached=False
[2026-06-29 19:57:54] [INFO] [voting_engine] XAUUSD: MTF weakly misaligned, reducing score 10%
[2026-06-29 19:57:54] [WARNING] [risk_engine] Risk: Consecutive losses limit exceeded (XAUUSD SELL) - Consecutive losses: 10
[2026-06-29 19:57:54] [DEBUG] [hybrid_market_client] Fetching indicators for XAUUSD (QuantDinger only)
[2026-06-29 19:57:54] [DEBUG] [market_client] Candles XAUUSD 4H: 100 bars ✓
[2026-06-29 19:57:54] [DEBUG] [hybrid_market_client] ✓ Got live data from QuantDinger for XAUUSD
[2026-06-29 19:57:54] [DEBUG] [hybrid_market_client] Fetching indicators for XAUUSD (QuantDinger only)
[2026-06-29 19:57:54] [DEBUG] [market_client] Using cached candles for XAUUSD 4H (age: 0s)
[2026-06-29 19:57:54] [DEBUG] [hybrid_market_client] ✓ Got live data from QuantDinger for XAUUSD
[2026-06-29 19:57:54] [INFO] [sltp] SL/TP XAUUSD: entry=4038.60009765625 atr=34.16425 sl=4048.6001 tp=3953.18946
[2026-06-29 19:57:54] [INFO] [position_sizing] Position size: 0.1 (equity=74614, risk=0.000, sl_dist=10.00000, score=66, cons_loss=10)
[2026-06-29 19:57:54] [DEBUG] [xgboost_v2] V2 predict: rsi=45.9 atr=34.16425 regime=TRENDING session=new_york dir=SELL -> p_win=0.309
[2026-06-29 19:57:54] [INFO] [xgboost_v2] [VERIFY] XGBOOST PREDICTION p_win=0.309 available=True
[2026-06-29 19:57:54] [INFO] [main] [VERIFY][DECISION_TRUTH] bias=bearish score=66.0 confidence=0.62 vote=SELL risk_passed=False sl_tp_calculated=True position_size=0.1 xgboost_p_win=0.3094331622123718 final_decision_valid=False reject_reason=p_win<threshold (p_win=0.309 threshold=0.6)
[2026-06-29 19:57:54] [INFO] [main] --- GBPUSD ---
[2026-06-29 19:57:57] [INFO] [deepseek] DEEPSEEK OK: {
  "impact_score": 80,
  "bias": "bullish",
  "confidence": 0.85,
  "reason": "التزام Burnham المال...
[2026-06-29 19:57:57] [INFO] [deepseek] AI GBPUSD: bias=bullish impact=80.0 conf=0.85
[2026-06-29 19:57:57] [INFO] [signal_engine] [VERIFY] SIGNAL_INPUT bias=bullish score=80.0 confidence=0.85
[2026-06-29 19:57:57] [INFO] [signal_engine] [VERIFY] SIGNAL_RULE rule=confidence>=0.60 actual=0.85 result=True
[2026-06-29 19:57:57] [INFO] [signal_engine] [VERIFY] SIGNAL_RULE rule=score>=55 actual=80.0 result=True
[2026-06-29 19:57:57] [INFO] [signal_engine] [VERIFY] SIGNAL_RULE rule=bias in [bullish,bearish] actual=bullish result=True
[2026-06-29 19:57:57] [INFO] [signal_engine] [VERIFY] SIGNAL_FINAL direction=BUY score=80.0 confidence=0.85 valid=True
[2026-06-29 19:57:57] [DEBUG] [signal_engine] Signal: BUY score=80.0 conf=0.85 strength=قوي جداً valid=True
[2026-06-29 19:57:57] [INFO] [sentiment] Sentiment GBPUSD: neutral score=50 bull=1 bear=1
[2026-06-29 19:57:57] [DEBUG] [mtf] MTF (snapshot) GBPUSD: H4=bullish H1=bearish M15=bearish aligned=True (weak)
[2026-06-29 19:57:57] [INFO] [main] [VERIFY][DATA_TRUTH] symbol=GBPUSD timeframe=H4/H1/M15 news_fetched=True indicators_fetched=True live_data=True cached=False
[2026-06-29 19:57:57] [WARNING] [risk_engine] Risk: Consecutive losses limit exceeded (GBPUSD BUY) - Consecutive losses: 10
[2026-06-29 19:57:57] [DEBUG] [hybrid_market_client] Fetching indicators for GBPUSD (QuantDinger only)
[2026-06-29 19:57:57] [DEBUG] [market_client] Candles GBPUSD 4H: 100 bars ✓
[2026-06-29 19:57:57] [DEBUG] [hybrid_market_client] ✓ Got live data from QuantDinger for GBPUSD
[2026-06-29 19:57:57] [DEBUG] [hybrid_market_client] Fetching indicators for GBPUSD (QuantDinger only)
[2026-06-29 19:57:57] [DEBUG] [market_client] Using cached candles for GBPUSD 4H (age: 0s)
[2026-06-29 19:57:57] [DEBUG] [hybrid_market_client] ✓ Got live data from QuantDinger for GBPUSD
[2026-06-29 19:57:57] [INFO] [sltp] SL/TP GBPUSD: entry=1.3256269693374634 atr=0.00260 sl=1.32173 tp=1.33212
[2026-06-29 19:57:57] [INFO] [position_sizing] Position size: 0.5 (equity=74614, risk=0.000, sl_dist=0.00390, score=60, cons_loss=10)
[2026-06-29 19:57:57] [DEBUG] [xgboost_v2] V2 predict: rsi=73.2 atr=0.00260 regime=TRENDING session=new_york dir=BUY -> p_win=0.451
[2026-06-29 19:57:57] [INFO] [xgboost_v2] [VERIFY] XGBOOST PREDICTION p_win=0.451 available=True
[2026-06-29 19:57:57] [INFO] [main] [VERIFY][DECISION_TRUTH] bias=bullish score=59.7 confidence=1.0 vote=BUY risk_passed=False sl_tp_calculated=True position_size=0.5 xgboost_p_win=0.45058220624923706 final_decision_valid=False reject_reason=p_win<threshold (p_win=0.451 threshold=0.6)
[2026-06-29 19:57:57] [INFO] [adaptive_weights] EURUSD weights updated: {'ai': 0.239, 'trend': 0.239, 'momentum': 0.239, 'sentiment': 0.239, 'volatility': 0.043} | WR=13.6% PF=0
[2026-06-29 19:57:57] [INFO] [adaptive_weights] 🏆 أفضل زوج: EURUSD | WR=13.6% | PnL=190.0$
[2026-06-29 19:57:57] [INFO] [adaptive_weights] ⚠️ أسوأ زوج: XAUUSD | WR=0.0% | PnL=0.0$
[2026-06-29 19:57:57] [INFO] [main] Sleeping 1800s...
[2026-06-29 19:58:50] [INFO] [post_entry_manager] [POST_ENTRY] New position detected ticket=9337705368 symbol=EURUSD
[2026-06-29 19:58:50] [INFO] [post_entry_manager] [POST_ENTRY] Monitoring ticket=9337705368
[2026-06-29 19:58:50] [INFO] [xgboost_exit_adapter] [EXIT_MODEL] Features: time_open_hours=0.00, profit=-0.92, profit_decay_pct=100.0%, mfe=0.0, mae=0.0, spread=0.0
[2026-06-29 19:58:50] [INFO] [xgboost_exit_model] Loaded Exit Model from F:\files (2)\google\botdd\trading_bot_v3\models\xgboost_exit_model.json
[2026-06-29 19:58:50] [INFO] [xgboost_exit_model] [EXIT_MODEL] XGBoost prediction: probability=98.6%
[2026-06-29 19:58:55] [INFO] [post_entry_manager] [POST_ENTRY] Monitoring ticket=9337705368
[2026-06-29 19:58:55] [INFO] [xgboost_exit_adapter] [EXIT_MODEL] Features: time_open_hours=0.00, profit=-0.8, profit_decay_pct=100.0%, mfe=0.0, mae=0.0, spread=0.0
[2026-06-29 19:58:55] [INFO] [xgboost_exit_model] [EXIT_MODEL] XGBoost prediction: probability=98.6%
[2026-06-29 19:59:00] [INFO] [post_entry_manager] [POST_ENTRY] Monitoring ticket=9337705368
[2026-06-29 19:59:00] [INFO] [xgboost_exit_adapter] [EXIT_MODEL] Features: time_open_hours=0.00, profit=-0.76, profit_decay_pct=100.0%, mfe=0.0, mae=0.0, spread=0.0
[2026-06-29 19:59:00] [INFO] [xgboost_exit_model] [EXIT_MODEL] XGBoost prediction: probability=98.6%
[2026-06-29 19:59:05] [INFO] [post_entry_manager] [POST_ENTRY] Monitoring ticket=9337705368
[2026-06-29 19:59:05] [INFO] [xgboost_exit_adapter] [EXIT_MODEL] Features: time_open_hours=0.00, profit=-0.8, profit_decay_pct=100.0%, mfe=0.0, mae=0.0, spread=0.0
[2026-06-29 19:59:05] [INFO] [xgboost_exit_model] [EXIT_MODEL] XGBoost prediction: probability=98.6%
[2026-06-29 19:59:10] [WARNING] [reconciliation] Unknown position in QD: 9337705368 EURUSD
[2026-06-29 19:59:10] [INFO] [reconciliation] Reconciliation: {'db_count': 0, 'qd_count': 1, 'fixes': 0, 'mismatches': ['QD orphan: 9337705368']}
[2026-06-29 19:59:10] [INFO] [post_entry_manager] [POST_ENTRY] Monitoring ticket=9337705368
[2026-06-29 19:59:10] [INFO] [xgboost_exit_adapter] [EXIT_MODEL] Features: time_open_hours=0.00, profit=-1.0, profit_decay_pct=100.0%, mfe=0.0, mae=0.0, spread=0.0
[2026-06-29 19:59:10] [INFO] [xgboost_exit_model] [EXIT_MODEL] XGBoost prediction: probability=98.6%
[2026-06-29 19:59:15] [INFO] [post_entry_manager] [POST_ENTRY] Monitoring ticket=9337705368
[2026-06-29 19:59:15] [INFO] [xgboost_exit_adapter] [EXIT_MODEL] Features: time_open_hours=0.00, profit=-0.92, profit_decay_pct=100.0%, mfe=0.0, mae=0.0, spread=0.0
[2026-06-29 19:59:15] [INFO] [xgboost_exit_model] [EXIT_MODEL] XGBoost prediction: probability=98.6%
[2026-06-29 19:59:20] [INFO] [post_entry_manager] [POST_ENTRY] Monitoring ticket=9337705368
[2026-06-29 19:59:20] [INFO] [xgboost_exit_adapter] [EXIT_MODEL] Features: time_open_hours=0.00, profit=-0.92, profit_decay_pct=100.0%, mfe=0.0, mae=0.0, spread=0.0
[2026-06-29 19:59:20] [INFO] [xgboost_exit_model] [EXIT_MODEL] XGBoost prediction: probability=98.6%
[2026-06-29 19:59:25] [INFO] [post_entry_manager] [POST_ENTRY] Monitoring ticket=9337705368
[2026-06-29 19:59:25] [INFO] [xgboost_exit_adapter] [EXIT_MODEL] Features: time_open_hours=0.00, profit=-0.84, profit_decay_pct=100.0%, mfe=0.0, mae=0.0, spread=0.0
[2026-06-29 19:59:25] [INFO] [xgboost_exit_model] [EXIT_MODEL] XGBoost prediction: probability=98.6%
[2026-06-29 19:59:30] [INFO] [post_entry_manager] [POST_ENTRY] Monitoring ticket=9337705368
[2026-06-29 19:59:30] [INFO] [xgboost_exit_adapter] [EXIT_MODEL] Features: time_open_hours=0.00, profit=-0.8, profit_decay_pct=100.0%, mfe=0.0, mae=0.0, spread=0.0
[2026-06-29 19:59:30] [INFO] [xgboost_exit_model] [EXIT_MODEL] XGBoost prediction: probability=98.6%
[2026-06-29 19:59:35] [INFO] [post_entry_manager] [POST_ENTRY] Monitoring ticket=9337705368
[2026-06-29 19:59:35] [INFO] [xgboost_exit_adapter] [EXIT_MODEL] Features: time_open_hours=0.00, profit=-0.92, profit_decay_pct=100.0%, mfe=0.0, mae=0.0, spread=0.0
[2026-06-29 19:59:35] [INFO] [xgboost_exit_model] [EXIT_MODEL] XGBoost prediction: probability=98.6%
[2026-06-29 19:59:40] [INFO] [post_entry_manager] [POST_ENTRY] Monitoring ticket=9337705368
[2026-06-29 19:59:40] [INFO] [xgboost_exit_adapter] [EXIT_MODEL] Features: time_open_hours=0.00, profit=-0.84, profit_decay_pct=100.0%, mfe=0.0, mae=0.0, spread=0.0
[2026-06-29 19:59:40] [INFO] [xgboost_exit_model] [EXIT_MODEL] XGBoost prediction: probability=98.6%
[2026-06-29 19:59:45] [INFO] [post_entry_manager] [POST_ENTRY] Monitoring ticket=9337705368
[2026-06-29 19:59:45] [INFO] [xgboost_exit_adapter] [EXIT_MODEL] Features: time_open_hours=0.00, profit=-0.96, profit_decay_pct=100.0%, mfe=0.0, mae=0.0, spread=0.0
[2026-06-29 19:59:45] [INFO] [xgboost_exit_model] [EXIT_MODEL] XGBoost prediction: probability=98.6%
[2026-06-29 19:59:50] [INFO] [post_entry_manager] [POST_ENTRY] Monitoring ticket=9337705368
[2026-06-29 19:59:50] [INFO] [xgboost_exit_adapter] [EXIT_MODEL] Features: time_open_hours=0.00, profit=-1.0, profit_decay_pct=100.0%, mfe=0.0, mae=0.0, spread=0.0
[2026-06-29 19:59:50] [INFO] [xgboost_exit_model] [EXIT_MODEL] XGBoost prediction: probability=98.6%
[2026-06-29 19:59:55] [INFO] [post_entry_manager] [POST_ENTRY] Monitoring ticket=9337705368
[2026-06-29 19:59:55] [INFO] [xgboost_exit_adapter] [EXIT_MODEL] Features: time_open_hours=0.00, profit=-0.76, profit_decay_pct=100.0%, mfe=0.0, mae=0.0, spread=0.0
[2026-06-29 19:59:55] [INFO] [xgboost_exit_model] [EXIT_MODEL] XGBoost prediction: probability=98.6%
[2026-06-29 20:00:00] [INFO] [post_entry_manager] [POST_ENTRY] Monitoring ticket=9337705368
[2026-06-29 20:00:00] [INFO] [xgboost_exit_adapter] [EXIT_MODEL] Features: time_open_hours=0.00, profit=-0.88, profit_decay_pct=100.0%, mfe=0.0, mae=0.0, spread=0.0
[2026-06-29 20:00:00] [INFO] [xgboost_exit_model] [EXIT_MODEL] XGBoost prediction: probability=98.6%
[2026-06-29 20:00:05] [INFO] [post_entry_manager] [POST_ENTRY] Monitoring ticket=9337705368
[2026-06-29 20:00:05] [INFO] [xgboost_exit_adapter] [EXIT_MODEL] Features: time_open_hours=0.00, profit=-0.72, profit_decay_pct=100.0%, mfe=0.0, mae=0.0, spread=0.0
[2026-06-29 20:00:05] [INFO] [xgboost_exit_model] [EXIT_MODEL] XGBoost prediction: probability=98.6%
[2026-06-29 20:00:10] [WARNING] [reconciliation] Unknown position in QD: 9337705368 EURUSD
[2026-06-29 20:00:10] [INFO] [reconciliation] Reconciliation: {'db_count': 0, 'qd_count': 1, 'fixes': 0, 'mismatches': ['QD orphan: 9337705368']}
[2026-06-29 20:00:10] [INFO] [post_entry_manager] [POST_ENTRY] Monitoring ticket=9337705368
[2026-06-29 20:00:10] [INFO] [xgboost_exit_adapter] [EXIT_MODEL] Features: time_open_hours=0.00, profit=-0.92, profit_decay_pct=100.0%, mfe=0.0, mae=0.0, spread=0.0
[2026-06-29 20:00:10] [INFO] [xgboost_exit_model] [EXIT_MODEL] XGBoost prediction: probability=98.6%
[2026-06-29 20:00:15] [INFO] [post_entry_manager] [POST_ENTRY] Monitoring ticket=9337705368
[2026-06-29 20:00:15] [INFO] [xgboost_exit_adapter] [EXIT_MODEL] Features: time_open_hours=0.00, profit=-0.84, profit_decay_pct=100.0%, mfe=0.0, mae=0.0, spread=0.0
[2026-06-29 20:00:15] [INFO] [xgboost_exit_model] [EXIT_MODEL] XGBoost prediction: probability=98.6%
[2026-06-29 20:00:20] [INFO] [post_entry_manager] [POST_ENTRY] Monitoring ticket=9337705368
[2026-06-29 20:00:20] [INFO] [xgboost_exit_adapter] [EXIT_MODEL] Features: time_open_hours=0.00, profit=-0.88, profit_decay_pct=100.0%, mfe=0.0, mae=0.0, spread=0.0
[2026-06-29 20:00:20] [INFO] [xgboost_exit_model] [EXIT_MODEL] XGBoost prediction: probability=98.6%
[2026-06-29 20:00:25] [INFO] [post_entry_manager] [POST_ENTRY] Monitoring ticket=9337705368
[2026-06-29 20:00:25] [INFO] [xgboost_exit_adapter] [EXIT_MODEL] Features: time_open_hours=0.00, profit=-0.84, profit_decay_pct=100.0%, mfe=0.0, mae=0.0, spread=0.0
[2026-06-29 20:00:25] [INFO] [xgboost_exit_model] [EXIT_MODEL] XGBoost prediction: probability=98.6%
[2026-06-29 20:00:30] [INFO] [post_entry_manager] [POST_ENTRY] Monitoring ticket=9337705368
[2026-06-29 20:00:30] [INFO] [xgboost_exit_adapter] [EXIT_MODEL] Features: time_open_hours=0.00, profit=-0.84, profit_decay_pct=100.0%, mfe=0.0, mae=0.0, spread=0.0
[2026-06-29 20:00:30] [INFO] [xgboost_exit_model] [EXIT_MODEL] XGBoost prediction: probability=98.6%
[2026-06-29 20:00:35] [INFO] [post_entry_manager] [POST_ENTRY] Monitoring ticket=9337705368
[2026-06-29 20:00:35] [INFO] [xgboost_exit_adapter] [EXIT_MODEL] Features: time_open_hours=0.00, profit=-0.8, profit_decay_pct=100.0%, mfe=0.0, mae=0.0, spread=0.0
[2026-06-29 20:00:35] [INFO] [xgboost_exit_model] [EXIT_MODEL] XGBoost prediction: probability=98.6%
[2026-06-29 20:00:40] [INFO] [post_entry_manager] [POST_ENTRY] Monitoring ticket=9337705368
[2026-06-29 20:00:40] [INFO] [xgboost_exit_adapter] [EXIT_MODEL] Features: time_open_hours=0.00, profit=-0.88, profit_decay_pct=100.0%, mfe=0.0, mae=0.0, spread=0.0
[2026-06-29 20:00:40] [INFO] [xgboost_exit_model] [EXIT_MODEL] XGBoost prediction: probability=98.6%
[2026-06-29 20:00:45] [INFO] [post_entry_manager] [POST_ENTRY] Monitoring ticket=9337705368
[2026-06-29 20:00:45] [INFO] [xgboost_exit_adapter] [EXIT_MODEL] Features: time_open_hours=0.00, profit=-0.96, profit_decay_pct=100.0%, mfe=0.0, mae=0.0, spread=0.0
[2026-06-29 20:00:45] [INFO] [xgboost_exit_model] [EXIT_MODEL] XGBoost prediction: probability=98.6%
[2026-06-29 20:00:50] [INFO] [post_entry_manager] [POST_ENTRY] Monitoring ticket=9337705368
[2026-06-29 20:00:51] [INFO] [xgboost_exit_adapter] [EXIT_MODEL] Features: time_open_hours=0.00, profit=-0.92, profit_decay_pct=100.0%, mfe=0.0, mae=0.0, spread=0.0
[2026-06-29 20:00:51] [INFO] [xgboost_exit_model] [EXIT_MODEL] XGBoost prediction: probability=98.6%
[2026-06-29 20:00:56] [INFO] [post_entry_manager] [POST_ENTRY] Monitoring ticket=9337705368
[2026-06-29 20:00:56] [INFO] [xgboost_exit_adapter] [EXIT_MODEL] Features: time_open_hours=0.00, profit=-0.84, profit_decay_pct=100.0%, mfe=0.0, mae=0.0, spread=0.0
[2026-06-29 20:00:56] [INFO] [xgboost_exit_model] [EXIT_MODEL] XGBoost prediction: probability=98.6%
[2026-06-29 20:02:35] [INFO] [xgboost_exit_adapter] [EXIT_MODEL] ticket=12345 time_open_hours=0.50, profit=0.00, mfe=0.00, mae=0.00, spread=15.0, profit_decay_pct=0.0%
[2026-06-29 20:02:35] [INFO] [xgboost_exit_model] Loaded Exit Model from F:\files (2)\google\botdd\trading_bot_v3\models\xgboost_exit_model.json
[2026-06-29 20:02:35] [INFO] [xgboost_exit_model] [EXIT_MODEL] XGBoost prediction: probability=98.6%
[2026-06-29 20:02:35] [INFO] [xgboost_exit_adapter] [EXIT_MODEL] ticket=12345 time_open_hours=1.00, profit=4.00, mfe=5.00, mae=-1.00, spread=15.0, profit_decay_pct=20.0%
[2026-06-29 20:02:35] [INFO] [xgboost_exit_model] [EXIT_MODEL] XGBoost prediction: probability=7.6%
[2026-06-29 20:02:35] [INFO] [xgboost_exit_adapter] [EXIT_MODEL] ticket=12345 time_open_hours=1.00, profit=2.00, mfe=5.00, mae=-1.00, spread=15.0, profit_decay_pct=60.0%
[2026-06-29 20:02:35] [INFO] [xgboost_exit_model] [EXIT_MODEL] XGBoost prediction: probability=7.6%
[2026-06-29 20:03:49] [INFO] [main] Trading Bot V3 starting...
[2026-06-29 20:03:49] [INFO] [database] V3 Database initialized with all tables
[2026-06-29 20:03:50] [INFO] [qd_client] Logged in to QuantDinger
[2026-06-29 20:03:50] [INFO] [qd_client] MT5 connected
[2026-06-29 20:03:50] [INFO] [main] MT5 connected
[2026-06-29 20:03:50] [INFO] [telegram_bot] Telegram polling started
[2026-06-29 20:03:50] [INFO] [telegram_bot] Telegram bot V3 started
[2026-06-29 20:03:50] [INFO] [mt5_watchdog] MT5 watchdog started (V1 reconnect logic)
[2026-06-29 20:03:50] [INFO] [reconciliation] Reconciliation loop started (every 60s)
[2026-06-29 20:03:50] [INFO] [reconciliation] Reconciliation thread started (safety only)
[2026-06-29 20:03:50] [INFO] [post_entry_manager] PostEntryManager started
[2026-06-29 20:03:50] [INFO] [main] ==================================================
[2026-06-29 20:03:50] [INFO] [main] Cycle 1 at 20:03:50
[2026-06-29 20:03:59] [INFO] [news_fetcher] Fetched 23 relevant news items
[2026-06-29 20:03:59] [INFO] [main] Equity: 74612.94$ | News: 23
[2026-06-29 20:03:59] [DEBUG] [hybrid_market_client] Fetching indicators for EURUSD (QuantDinger only)
[2026-06-29 20:03:59] [DEBUG] [market_client] Candles EURUSD 4H: 100 bars ✓
[2026-06-29 20:03:59] [DEBUG] [hybrid_market_client] ✓ Got live data from QuantDinger for EURUSD
[2026-06-29 20:03:59] [DEBUG] [hybrid_market_client] Fetching indicators for EURUSD (QuantDinger only)
[2026-06-29 20:03:59] [DEBUG] [market_client] Candles EURUSD 4H: 100 bars ✓
[2026-06-29 20:03:59] [DEBUG] [hybrid_market_client] ✓ Got live data from QuantDinger for EURUSD
[2026-06-29 20:03:59] [DEBUG] [hybrid_market_client] Fetching indicators for EURUSD (QuantDinger only)
[2026-06-29 20:03:59] [DEBUG] [market_client] Candles EURUSD 4H: 100 bars ✓
[2026-06-29 20:03:59] [DEBUG] [hybrid_market_client] ✓ Got live data from QuantDinger for EURUSD
[2026-06-29 20:03:59] [INFO] [market_snapshot_builder] [SNAPSHOT_BUILT] symbol=EURUSD tfs=H4,H1,M15
[2026-06-29 20:03:59] [DEBUG] [hybrid_market_client] Fetching indicators for XAUUSD (QuantDinger only)
[2026-06-29 20:04:00] [DEBUG] [market_client] Candles XAUUSD 4H: 100 bars ✓
[2026-06-29 20:04:00] [DEBUG] [hybrid_market_client] ✓ Got live data from QuantDinger for XAUUSD
[2026-06-29 20:04:00] [DEBUG] [hybrid_market_client] Fetching indicators for XAUUSD (QuantDinger only)
[2026-06-29 20:04:00] [DEBUG] [market_client] Candles XAUUSD 4H: 100 bars ✓
[2026-06-29 20:04:00] [DEBUG] [hybrid_market_client] ✓ Got live data from QuantDinger for XAUUSD
[2026-06-29 20:04:00] [DEBUG] [hybrid_market_client] Fetching indicators for XAUUSD (QuantDinger only)
[2026-06-29 20:04:00] [DEBUG] [market_client] Candles XAUUSD 4H: 100 bars ✓
[2026-06-29 20:04:00] [DEBUG] [hybrid_market_client] ✓ Got live data from QuantDinger for XAUUSD
[2026-06-29 20:04:00] [INFO] [market_snapshot_builder] [SNAPSHOT_BUILT] symbol=XAUUSD tfs=H4,H1,M15
[2026-06-29 20:04:00] [DEBUG] [hybrid_market_client] Fetching indicators for GBPUSD (QuantDinger only)
[2026-06-29 20:04:00] [DEBUG] [market_client] Candles GBPUSD 4H: 100 bars ✓
[2026-06-29 20:04:00] [DEBUG] [hybrid_market_client] ✓ Got live data from QuantDinger for GBPUSD
[2026-06-29 20:04:00] [DEBUG] [hybrid_market_client] Fetching indicators for GBPUSD (QuantDinger only)
[2026-06-29 20:04:00] [DEBUG] [market_client] Candles GBPUSD 4H: 100 bars ✓
[2026-06-29 20:04:00] [DEBUG] [hybrid_market_client] ✓ Got live data from QuantDinger for GBPUSD
[2026-06-29 20:04:00] [DEBUG] [hybrid_market_client] Fetching indicators for GBPUSD (QuantDinger only)
[2026-06-29 20:04:00] [DEBUG] [market_client] Candles GBPUSD 4H: 100 bars ✓
[2026-06-29 20:04:00] [DEBUG] [hybrid_market_client] ✓ Got live data from QuantDinger for GBPUSD
[2026-06-29 20:04:00] [INFO] [market_snapshot_builder] [SNAPSHOT_BUILT] symbol=GBPUSD tfs=H4,H1,M15
[2026-06-29 20:04:00] [INFO] [main] --- EURUSD ---
[2026-06-29 20:04:04] [INFO] [deepseek] DEEPSEEK OK: {"impact_score": 65, "bias": "bullish", "confidence": 0.7, "reason": "تحسن معنويات منطقة اليورو وخفض...
[2026-06-29 20:04:04] [INFO] [deepseek] AI EURUSD: bias=bullish impact=65.0 conf=0.70
[2026-06-29 20:04:04] [INFO] [signal_engine] [VERIFY] SIGNAL_INPUT bias=bullish score=65.0 confidence=0.7
[2026-06-29 20:04:04] [INFO] [signal_engine] [VERIFY] SIGNAL_RULE rule=confidence>=0.60 actual=0.7 result=True
[2026-06-29 20:04:04] [INFO] [signal_engine] [VERIFY] SIGNAL_RULE rule=score>=55 actual=65.0 result=True
[2026-06-29 20:04:04] [INFO] [signal_engine] [VERIFY] SIGNAL_RULE rule=bias in [bullish,bearish] actual=bullish result=True
[2026-06-29 20:04:04] [INFO] [signal_engine] [VERIFY] SIGNAL_FINAL direction=BUY score=65.0 confidence=0.7 valid=True
[2026-06-29 20:04:04] [DEBUG] [signal_engine] Signal: BUY score=65.0 conf=0.70 strength=متوسط valid=True
[2026-06-29 20:04:04] [INFO] [sentiment] Sentiment EURUSD: bullish score=83 bull=6 bear=3
[2026-06-29 20:04:04] [DEBUG] [mtf] MTF (snapshot) EURUSD: H4=bullish H1=bearish M15=bearish aligned=True (weak)
[2026-06-29 20:04:04] [INFO] [main] [VERIFY][DATA_TRUTH] symbol=EURUSD timeframe=H4/H1/M15 news_fetched=True indicators_fetched=True live_data=True cached=False
[2026-06-29 20:04:04] [WARNING] [risk_engine] Risk: Consecutive losses limit exceeded (EURUSD BUY) - Consecutive losses: 10
[2026-06-29 20:04:04] [DEBUG] [hybrid_market_client] Fetching indicators for EURUSD (QuantDinger only)
[2026-06-29 20:04:04] [DEBUG] [market_client] Candles EURUSD 4H: 100 bars ✓
[2026-06-29 20:04:04] [DEBUG] [hybrid_market_client] ✓ Got live data from QuantDinger for EURUSD
[2026-06-29 20:04:04] [DEBUG] [hybrid_market_client] Fetching indicators for EURUSD (QuantDinger only)
[2026-06-29 20:04:04] [DEBUG] [market_client] Using cached candles for EURUSD 4H (age: 0s)
[2026-06-29 20:04:04] [DEBUG] [hybrid_market_client] ✓ Got live data from QuantDinger for EURUSD
[2026-06-29 20:04:04] [INFO] [sltp] SL/TP EURUSD: entry=1.142987847328186 atr=0.00235 sl=1.13946 tp=1.14888
[2026-06-29 20:04:04] [INFO] [position_sizing] Position size: 0.5 (equity=74613, risk=0.000, sl_dist=0.00353, score=60, cons_loss=10)
[2026-06-29 20:04:04] [INFO] [xgboost_v2] [VERIFY] XGBOOST MODEL LOADED path=models/xgb_model.json available=True
[2026-06-29 20:04:04] [INFO] [xgboost_v2] XGBoost v2 model loaded successfully
[2026-06-29 20:04:04] [DEBUG] [xgboost_v2] V2 predict: rsi=74.0 atr=0.00235 regime=TRENDING session=new_york dir=BUY -> p_win=0.355
[2026-06-29 20:04:04] [INFO] [xgboost_v2] [VERIFY] XGBOOST PREDICTION p_win=0.355 available=True
[2026-06-29 20:04:04] [INFO] [main] [VERIFY][DECISION_TRUTH] bias=bullish score=60.0 confidence=1.0 vote=BUY risk_passed=False sl_tp_calculated=True position_size=0.5 xgboost_p_win=0.3553178906440735 final_decision_valid=False reject_reason=p_win<threshold (p_win=0.355 threshold=0.6)
[2026-06-29 20:04:04] [INFO] [main] --- XAUUSD ---
[2026-06-29 20:04:09] [WARNING] [deepseek] DeepSeek empty response
[2026-06-29 20:04:13] [INFO] [deepseek] DEEPSEEK OK: {
  "impact_score": 65,
  "bias": "bearish",
  "confidence": 0.75,
  "reason": "التحليل الفني يظهر ا...
[2026-06-29 20:04:13] [INFO] [deepseek] AI XAUUSD: bias=bearish impact=65.0 conf=0.75
[2026-06-29 20:04:13] [INFO] [signal_engine] [VERIFY] SIGNAL_INPUT bias=bearish score=65.0 confidence=0.75
[2026-06-29 20:04:13] [INFO] [signal_engine] [VERIFY] SIGNAL_RULE rule=confidence>=0.60 actual=0.75 result=True
[2026-06-29 20:04:13] [INFO] [signal_engine] [VERIFY] SIGNAL_RULE rule=score>=55 actual=65.0 result=True
[2026-06-29 20:04:13] [INFO] [signal_engine] [VERIFY] SIGNAL_RULE rule=bias in [bullish,bearish] actual=bearish result=True
[2026-06-29 20:04:13] [INFO] [signal_engine] [VERIFY] SIGNAL_FINAL direction=SELL score=65.0 confidence=0.75 valid=True
[2026-06-29 20:04:13] [DEBUG] [signal_engine] Signal: SELL score=65.0 conf=0.75 strength=متوسط valid=True
[2026-06-29 20:04:13] [DEBUG] [mtf] MTF (snapshot) XAUUSD: H4=bearish H1=neutral M15=neutral aligned=False (weak)
[2026-06-29 20:04:13] [INFO] [main] [VERIFY][DATA_TRUTH] symbol=XAUUSD timeframe=H4/H1/M15 news_fetched=True indicators_fetched=True live_data=True cached=False
[2026-06-29 20:04:13] [INFO] [voting_engine] XAUUSD: MTF weakly misaligned, reducing score 10%
[2026-06-29 20:04:13] [WARNING] [risk_engine] Risk: Consecutive losses limit exceeded (XAUUSD SELL) - Consecutive losses: 10
[2026-06-29 20:04:13] [DEBUG] [hybrid_market_client] Fetching indicators for XAUUSD (QuantDinger only)
[2026-06-29 20:04:13] [DEBUG] [market_client] Candles XAUUSD 4H: 100 bars ✓
[2026-06-29 20:04:13] [DEBUG] [hybrid_market_client] ✓ Got live data from QuantDinger for XAUUSD
[2026-06-29 20:04:13] [DEBUG] [hybrid_market_client] Fetching indicators for XAUUSD (QuantDinger only)
[2026-06-29 20:04:13] [DEBUG] [market_client] Using cached candles for XAUUSD 4H (age: 0s)
[2026-06-29 20:04:13] [DEBUG] [hybrid_market_client] ✓ Got live data from QuantDinger for XAUUSD
[2026-06-29 20:04:13] [INFO] [sltp] SL/TP XAUUSD: entry=4040.699951171875 atr=34.16425 sl=4050.69995 tp=3955.28932
[2026-06-29 20:04:13] [INFO] [position_sizing] Position size: 0.1 (equity=74613, risk=0.000, sl_dist=10.00000, score=72, cons_loss=10)
[2026-06-29 20:04:13] [DEBUG] [xgboost_v2] V2 predict: rsi=46.3 atr=34.16425 regime=TRENDING session=new_york dir=SELL -> p_win=0.309
[2026-06-29 20:04:13] [INFO] [xgboost_v2] [VERIFY] XGBOOST PREDICTION p_win=0.309 available=True
[2026-06-29 20:04:13] [INFO] [main] [VERIFY][DECISION_TRUTH] bias=bearish score=72.2 confidence=0.664 vote=SELL risk_passed=False sl_tp_calculated=True position_size=0.1 xgboost_p_win=0.3094331622123718 final_decision_valid=False reject_reason=p_win<threshold (p_win=0.309 threshold=0.6)
[2026-06-29 20:04:13] [INFO] [main] --- GBPUSD ---
[2026-06-29 20:04:16] [INFO] [deepseek] DEEPSEEK OK: {
  "impact_score": 75,
  "bias": "bullish",
  "confidence": 0.8,
  "reason": "ارتفاع الجنيه الإسترل...
[2026-06-29 20:04:16] [INFO] [deepseek] AI GBPUSD: bias=bullish impact=75.0 conf=0.80
[2026-06-29 20:04:16] [INFO] [signal_engine] [VERIFY] SIGNAL_INPUT bias=bullish score=75.0 confidence=0.8
[2026-06-29 20:04:16] [INFO] [signal_engine] [VERIFY] SIGNAL_RULE rule=confidence>=0.60 actual=0.8 result=True
[2026-06-29 20:04:16] [INFO] [signal_engine] [VERIFY] SIGNAL_RULE rule=score>=55 actual=75.0 result=True
[2026-06-29 20:04:16] [INFO] [signal_engine] [VERIFY] SIGNAL_RULE rule=bias in [bullish,bearish] actual=bullish result=True
[2026-06-29 20:04:16] [INFO] [signal_engine] [VERIFY] SIGNAL_FINAL direction=BUY score=75.0 confidence=0.8 valid=True
[2026-06-29 20:04:16] [DEBUG] [signal_engine] Signal: BUY score=75.0 conf=0.80 strength=قوي valid=True
[2026-06-29 20:04:16] [INFO] [sentiment] Sentiment GBPUSD: neutral score=50 bull=1 bear=1
[2026-06-29 20:04:16] [DEBUG] [mtf] MTF (snapshot) GBPUSD: H4=bullish H1=bearish M15=bearish aligned=True (weak)
[2026-06-29 20:04:16] [INFO] [main] [VERIFY][DATA_TRUTH] symbol=GBPUSD timeframe=H4/H1/M15 news_fetched=True indicators_fetched=True live_data=True cached=False
[2026-06-29 20:04:16] [WARNING] [risk_engine] Risk: Consecutive losses limit exceeded (GBPUSD BUY) - Consecutive losses: 10
[2026-06-29 20:04:16] [DEBUG] [hybrid_market_client] Fetching indicators for GBPUSD (QuantDinger only)
[2026-06-29 20:04:16] [DEBUG] [market_client] Candles GBPUSD 4H: 100 bars ✓
[2026-06-29 20:04:16] [DEBUG] [hybrid_market_client] ✓ Got live data from QuantDinger for GBPUSD
[2026-06-29 20:04:16] [DEBUG] [hybrid_market_client] Fetching indicators for GBPUSD (QuantDinger only)
[2026-06-29 20:04:16] [DEBUG] [market_client] Using cached candles for GBPUSD 4H (age: 0s)
[2026-06-29 20:04:16] [DEBUG] [hybrid_market_client] ✓ Got live data from QuantDinger for GBPUSD
[2026-06-29 20:04:16] [INFO] [sltp] SL/TP GBPUSD: entry=1.3255040645599365 atr=0.00260 sl=1.32161 tp=1.332
[2026-06-29 20:04:16] [INFO] [position_sizing] Position size: 0.5 (equity=74613, risk=0.000, sl_dist=0.00389, score=55, cons_loss=10)
[2026-06-29 20:04:16] [DEBUG] [xgboost_v2] V2 predict: rsi=73.0 atr=0.00260 regime=TRENDING session=new_york dir=BUY -> p_win=0.451
[2026-06-29 20:04:16] [INFO] [xgboost_v2] [VERIFY] XGBOOST PREDICTION p_win=0.451 available=True
[2026-06-29 20:04:16] [INFO] [main] [VERIFY][DECISION_TRUTH] bias=bullish score=54.8 confidence=1.0 vote=BUY risk_passed=False sl_tp_calculated=True position_size=0.5 xgboost_p_win=0.45058220624923706 final_decision_valid=False reject_reason=p_win<threshold (p_win=0.451 threshold=0.6)
[2026-06-29 20:04:16] [INFO] [adaptive_weights] EURUSD weights updated: {'ai': 0.239, 'trend': 0.239, 'momentum': 0.239, 'sentiment': 0.239, 'volatility': 0.043} | WR=13.6% PF=0
[2026-06-29 20:04:16] [INFO] [adaptive_weights] 🏆 أفضل زوج: EURUSD | WR=13.6% | PnL=190.0$
[2026-06-29 20:04:16] [INFO] [adaptive_weights] ⚠️ أسوأ زوج: XAUUSD | WR=0.0% | PnL=0.0$
[2026-06-29 20:04:16] [INFO] [main] Sleeping 1800s...
[2026-06-29 20:06:35] [INFO] [post_entry_manager] [POST_ENTRY] New position detected ticket=9337705368 symbol=EURUSD
[2026-06-29 20:06:35] [INFO] [post_entry_manager] [POST_ENTRY] Monitoring ticket=9337705368
[2026-06-29 20:06:35] [INFO] [xgboost_exit_adapter] [EXIT_MODEL] ticket=9337705368 time_open_hours=0.00, profit=-0.36, mfe=0.00, mae=-0.36, spread=15.0, profit_decay_pct=100.0%
[2026-06-29 20:06:35] [INFO] [xgboost_exit_model] Loaded Exit Model from F:\files (2)\google\botdd\trading_bot_v3\models\xgboost_exit_model.json
[2026-06-29 20:06:35] [INFO] [xgboost_exit_model] [EXIT_MODEL] XGBoost prediction: probability=98.6%
[2026-06-29 20:06:40] [INFO] [post_entry_manager] [POST_ENTRY] Monitoring ticket=9337705368
[2026-06-29 20:06:40] [INFO] [xgboost_exit_adapter] [EXIT_MODEL] ticket=9337705368 time_open_hours=0.00, profit=-0.40, mfe=0.00, mae=-0.40, spread=15.0, profit_decay_pct=100.0%
[2026-06-29 20:06:40] [INFO] [xgboost_exit_model] [EXIT_MODEL] XGBoost prediction: probability=98.6%
[2026-06-29 20:06:45] [INFO] [post_entry_manager] [POST_ENTRY] Monitoring ticket=9337705368
[2026-06-29 20:06:45] [INFO] [xgboost_exit_adapter] [EXIT_MODEL] ticket=9337705368 time_open_hours=0.00, profit=-0.40, mfe=0.00, mae=-0.40, spread=15.0, profit_decay_pct=100.0%
[2026-06-29 20:06:45] [INFO] [xgboost_exit_model] [EXIT_MODEL] XGBoost prediction: probability=98.6%
[2026-06-29 20:06:50] [WARNING] [reconciliation] Unknown position in QD: 9337705368 EURUSD
[2026-06-29 20:06:50] [INFO] [reconciliation] Reconciliation: {'db_count': 0, 'qd_count': 1, 'fixes': 0, 'mismatches': ['QD orphan: 9337705368']}
[2026-06-29 20:06:50] [INFO] [post_entry_manager] [POST_ENTRY] Monitoring ticket=9337705368
[2026-06-29 20:06:50] [INFO] [xgboost_exit_adapter] [EXIT_MODEL] ticket=9337705368 time_open_hours=0.00, profit=-0.64, mfe=0.00, mae=-0.64, spread=15.0, profit_decay_pct=100.0%
[2026-06-29 20:06:50] [INFO] [xgboost_exit_model] [EXIT_MODEL] XGBoost prediction: probability=98.6%
[2026-06-29 20:06:55] [INFO] [post_entry_manager] [POST_ENTRY] Monitoring ticket=9337705368
[2026-06-29 20:06:55] [INFO] [xgboost_exit_adapter] [EXIT_MODEL] ticket=9337705368 time_open_hours=0.00, profit=-0.60, mfe=0.00, mae=-0.64, spread=15.0, profit_decay_pct=100.0%
[2026-06-29 20:06:55] [INFO] [xgboost_exit_model] [EXIT_MODEL] XGBoost prediction: probability=98.6%
[2026-06-29 20:07:00] [INFO] [post_entry_manager] [POST_ENTRY] Monitoring ticket=9337705368
[2026-06-29 20:07:00] [INFO] [xgboost_exit_adapter] [EXIT_MODEL] ticket=9337705368 time_open_hours=0.00, profit=-0.60, mfe=0.00, mae=-0.64, spread=15.0, profit_decay_pct=100.0%
[2026-06-29 20:07:00] [INFO] [xgboost_exit_model] [EXIT_MODEL] XGBoost prediction: probability=98.6%
[2026-06-29 20:07:05] [INFO] [post_entry_manager] [POST_ENTRY] Monitoring ticket=9337705368
[2026-06-29 20:07:05] [INFO] [xgboost_exit_adapter] [EXIT_MODEL] ticket=9337705368 time_open_hours=0.00, profit=-0.72, mfe=0.00, mae=-0.72, spread=15.0, profit_decay_pct=100.0%
[2026-06-29 20:07:05] [INFO] [xgboost_exit_model] [EXIT_MODEL] XGBoost prediction: probability=98.6%
[2026-06-29 20:07:10] [INFO] [post_entry_manager] [POST_ENTRY] Monitoring ticket=9337705368
[2026-06-29 20:07:10] [INFO] [xgboost_exit_adapter] [EXIT_MODEL] ticket=9337705368 time_open_hours=0.00, profit=-0.76, mfe=0.00, mae=-0.76, spread=15.0, profit_decay_pct=100.0%
[2026-06-29 20:07:10] [INFO] [xgboost_exit_model] [EXIT_MODEL] XGBoost prediction: probability=98.6%
[2026-06-29 20:07:15] [INFO] [post_entry_manager] [POST_ENTRY] Monitoring ticket=9337705368
[2026-06-29 20:07:15] [INFO] [xgboost_exit_adapter] [EXIT_MODEL] ticket=9337705368 time_open_hours=0.00, profit=-0.72, mfe=0.00, mae=-0.76, spread=15.0, profit_decay_pct=100.0%
[2026-06-29 20:07:15] [INFO] [xgboost_exit_model] [EXIT_MODEL] XGBoost prediction: probability=98.6%
[2026-06-29 20:07:20] [INFO] [post_entry_manager] [POST_ENTRY] Monitoring ticket=9337705368
[2026-06-29 20:07:20] [INFO] [xgboost_exit_adapter] [EXIT_MODEL] ticket=9337705368 time_open_hours=0.00, profit=-0.72, mfe=0.00, mae=-0.76, spread=15.0, profit_decay_pct=100.0%
[2026-06-29 20:07:20] [INFO] [xgboost_exit_model] [EXIT_MODEL] XGBoost prediction: probability=98.6%
[2026-06-29 20:07:25] [INFO] [post_entry_manager] [POST_ENTRY] Monitoring ticket=9337705368
[2026-06-29 20:07:25] [INFO] [xgboost_exit_adapter] [EXIT_MODEL] ticket=9337705368 time_open_hours=0.00, profit=-0.64, mfe=0.00, mae=-0.76, spread=15.0, profit_decay_pct=100.0%
[2026-06-29 20:07:25] [INFO] [xgboost_exit_model] [EXIT_MODEL] XGBoost prediction: probability=98.6%
[2026-06-29 20:07:30] [INFO] [post_entry_manager] [POST_ENTRY] Monitoring ticket=9337705368
[2026-06-29 20:07:30] [INFO] [xgboost_exit_adapter] [EXIT_MODEL] ticket=9337705368 time_open_hours=0.00, profit=-0.64, mfe=0.00, mae=-0.76, spread=15.0, profit_decay_pct=100.0%
[2026-06-29 20:07:30] [INFO] [xgboost_exit_model] [EXIT_MODEL] XGBoost prediction: probability=98.6%
[2026-06-29 20:07:35] [INFO] [post_entry_manager] [POST_ENTRY] Monitoring ticket=9337705368
[2026-06-29 20:07:35] [INFO] [xgboost_exit_adapter] [EXIT_MODEL] ticket=9337705368 time_open_hours=0.00, profit=-0.68, mfe=0.00, mae=-0.76, spread=15.0, profit_decay_pct=100.0%
[2026-06-29 20:07:35] [INFO] [xgboost_exit_model] [EXIT_MODEL] XGBoost prediction: probability=98.6%
[2026-06-29 20:07:40] [INFO] [post_entry_manager] [POST_ENTRY] Monitoring ticket=9337705368
[2026-06-29 20:07:40] [INFO] [xgboost_exit_adapter] [EXIT_MODEL] ticket=9337705368 time_open_hours=0.00, profit=-0.64, mfe=0.00, mae=-0.76, spread=15.0, profit_decay_pct=100.0%
[2026-06-29 20:07:40] [INFO] [xgboost_exit_model] [EXIT_MODEL] XGBoost prediction: probability=98.6%
[2026-06-29 20:07:45] [INFO] [post_entry_manager] [POST_ENTRY] Monitoring ticket=9337705368
[2026-06-29 20:07:45] [INFO] [xgboost_exit_adapter] [EXIT_MODEL] ticket=9337705368 time_open_hours=0.00, profit=-0.64, mfe=0.00, mae=-0.76, spread=15.0, profit_decay_pct=100.0%
[2026-06-29 20:07:45] [INFO] [xgboost_exit_model] [EXIT_MODEL] XGBoost prediction: probability=98.6%
[2026-06-29 20:07:50] [WARNING] [reconciliation] Unknown position in QD: 9337705368 EURUSD
[2026-06-29 20:07:50] [INFO] [reconciliation] Reconciliation: {'db_count': 0, 'qd_count': 1, 'fixes': 0, 'mismatches': ['QD orphan: 9337705368']}
[2026-06-29 20:07:50] [INFO] [post_entry_manager] [POST_ENTRY] Monitoring ticket=9337705368
[2026-06-29 20:07:50] [INFO] [xgboost_exit_adapter] [EXIT_MODEL] ticket=9337705368 time_open_hours=0.00, profit=-0.64, mfe=0.00, mae=-0.76, spread=15.0, profit_decay_pct=100.0%
[2026-06-29 20:07:50] [INFO] [xgboost_exit_model] [EXIT_MODEL] XGBoost prediction: probability=98.6%
[2026-06-29 20:07:55] [INFO] [post_entry_manager] [POST_ENTRY] Monitoring ticket=9337705368
[2026-06-29 20:07:55] [INFO] [xgboost_exit_adapter] [EXIT_MODEL] ticket=9337705368 time_open_hours=0.00, profit=-0.64, mfe=0.00, mae=-0.76, spread=15.0, profit_decay_pct=100.0%
[2026-06-29 20:07:55] [INFO] [xgboost_exit_model] [EXIT_MODEL] XGBoost prediction: probability=98.6%
[2026-06-29 20:08:00] [INFO] [post_entry_manager] [POST_ENTRY] Monitoring ticket=9337705368
[2026-06-29 20:08:00] [INFO] [xgboost_exit_adapter] [EXIT_MODEL] ticket=9337705368 time_open_hours=0.00, profit=-0.64, mfe=0.00, mae=-0.76, spread=15.0, profit_decay_pct=100.0%
[2026-06-29 20:08:00] [INFO] [xgboost_exit_model] [EXIT_MODEL] XGBoost prediction: probability=98.6%
[2026-06-29 20:08:05] [INFO] [post_entry_manager] [POST_ENTRY] Monitoring ticket=9337705368
[2026-06-29 20:08:05] [INFO] [xgboost_exit_adapter] [EXIT_MODEL] ticket=9337705368 time_open_hours=0.00, profit=-0.56, mfe=0.00, mae=-0.76, spread=15.0, profit_decay_pct=100.0%
[2026-06-29 20:08:05] [INFO] [xgboost_exit_model] [EXIT_MODEL] XGBoost prediction: probability=98.6%
[2026-06-29 20:08:10] [INFO] [post_entry_manager] [POST_ENTRY] Monitoring ticket=9337705368
[2026-06-29 20:08:10] [INFO] [xgboost_exit_adapter] [EXIT_MODEL] ticket=9337705368 time_open_hours=0.00, profit=-0.60, mfe=0.00, mae=-0.76, spread=15.0, profit_decay_pct=100.0%
[2026-06-29 20:08:10] [INFO] [xgboost_exit_model] [EXIT_MODEL] XGBoost prediction: probability=98.6%
[2026-06-29 20:08:15] [INFO] [post_entry_manager] [POST_ENTRY] Monitoring ticket=9337705368
[2026-06-29 20:08:15] [INFO] [xgboost_exit_adapter] [EXIT_MODEL] ticket=9337705368 time_open_hours=0.00, profit=-0.56, mfe=0.00, mae=-0.76, spread=15.0, profit_decay_pct=100.0%
[2026-06-29 20:08:15] [INFO] [xgboost_exit_model] [EXIT_MODEL] XGBoost prediction: probability=98.6%
[2026-06-29 20:08:20] [INFO] [post_entry_manager] [POST_ENTRY] Monitoring ticket=9337705368
[2026-06-29 20:08:20] [INFO] [xgboost_exit_adapter] [EXIT_MODEL] ticket=9337705368 time_open_hours=0.00, profit=-0.60, mfe=0.00, mae=-0.76, spread=15.0, profit_decay_pct=100.0%
[2026-06-29 20:08:20] [INFO] [xgboost_exit_model] [EXIT_MODEL] XGBoost prediction: probability=98.6%
[2026-06-29 20:08:25] [INFO] [post_entry_manager] [POST_ENTRY] Monitoring ticket=9337705368
[2026-06-29 20:08:25] [INFO] [xgboost_exit_adapter] [EXIT_MODEL] ticket=9337705368 time_open_hours=0.00, profit=-0.60, mfe=0.00, mae=-0.76, spread=15.0, profit_decay_pct=100.0%
[2026-06-29 20:08:25] [INFO] [xgboost_exit_model] [EXIT_MODEL] XGBoost prediction: probability=98.6%
[2026-06-29 20:08:30] [INFO] [post_entry_manager] [POST_ENTRY] Monitoring ticket=9337705368
[2026-06-29 20:08:30] [INFO] [xgboost_exit_adapter] [EXIT_MODEL] ticket=9337705368 time_open_hours=0.00, profit=-0.60, mfe=0.00, mae=-0.76, spread=15.0, profit_decay_pct=100.0%
[2026-06-29 20:08:30] [INFO] [xgboost_exit_model] [EXIT_MODEL] XGBoost prediction: probability=98.6%
[2026-06-29 20:08:35] [INFO] [post_entry_manager] [POST_ENTRY] Monitoring ticket=9337705368
[2026-06-29 20:08:35] [INFO] [xgboost_exit_adapter] [EXIT_MODEL] ticket=9337705368 time_open_hours=0.00, profit=-0.60, mfe=0.00, mae=-0.76, spread=15.0, profit_decay_pct=100.0%
[2026-06-29 20:08:35] [INFO] [xgboost_exit_model] [EXIT_MODEL] XGBoost prediction: probability=98.6%
[2026-06-29 20:08:40] [INFO] [post_entry_manager] [POST_ENTRY] Monitoring ticket=9337705368
[2026-06-29 20:08:40] [INFO] [xgboost_exit_adapter] [EXIT_MODEL] ticket=9337705368 time_open_hours=0.00, profit=-0.68, mfe=0.00, mae=-0.76, spread=15.0, profit_decay_pct=100.0%
[2026-06-29 20:08:40] [INFO] [xgboost_exit_model] [EXIT_MODEL] XGBoost prediction: probability=98.6%
[2026-06-29 20:08:45] [INFO] [post_entry_manager] [POST_ENTRY] Monitoring ticket=9337705368
[2026-06-29 20:08:45] [INFO] [xgboost_exit_adapter] [EXIT_MODEL] ticket=9337705368 time_open_hours=0.00, profit=-0.76, mfe=0.00, mae=-0.76, spread=15.0, profit_decay_pct=100.0%
[2026-06-29 20:08:45] [INFO] [xgboost_exit_model] [EXIT_MODEL] XGBoost prediction: probability=98.6%
[2026-06-29 20:08:50] [WARNING] [reconciliation] Unknown position in QD: 9337705368 EURUSD
[2026-06-29 20:08:50] [INFO] [reconciliation] Reconciliation: {'db_count': 0, 'qd_count': 1, 'fixes': 0, 'mismatches': ['QD orphan: 9337705368']}
[2026-06-29 20:08:50] [INFO] [post_entry_manager] [POST_ENTRY] Monitoring ticket=9337705368
[2026-06-29 20:08:50] [INFO] [xgboost_exit_adapter] [EXIT_MODEL] ticket=9337705368 time_open_hours=0.00, profit=-0.84, mfe=0.00, mae=-0.84, spread=15.0, profit_decay_pct=100.0%
[2026-06-29 20:08:50] [INFO] [xgboost_exit_model] [EXIT_MODEL] XGBoost prediction: probability=98.6%
[2026-06-29 20:08:55] [INFO] [post_entry_manager] [POST_ENTRY] Monitoring ticket=9337705368
[2026-06-29 20:08:55] [INFO] [xgboost_exit_adapter] [EXIT_MODEL] ticket=9337705368 time_open_hours=0.00, profit=-0.76, mfe=0.00, mae=-0.84, spread=15.0, profit_decay_pct=100.0%
[2026-06-29 20:08:55] [INFO] [xgboost_exit_model] [EXIT_MODEL] XGBoost prediction: probability=98.6%
[2026-06-29 20:09:00] [INFO] [post_entry_manager] [POST_ENTRY] Monitoring ticket=9337705368
[2026-06-29 20:09:00] [INFO] [xgboost_exit_adapter] [EXIT_MODEL] ticket=9337705368 time_open_hours=0.00, profit=-0.84, mfe=0.00, mae=-0.84, spread=15.0, profit_decay_pct=100.0%
[2026-06-29 20:09:00] [INFO] [xgboost_exit_model] [EXIT_MODEL] XGBoost prediction: probability=98.6%
[2026-06-29 20:09:05] [INFO] [post_entry_manager] [POST_ENTRY] Monitoring ticket=9337705368
[2026-06-29 20:09:05] [INFO] [xgboost_exit_adapter] [EXIT_MODEL] ticket=9337705368 time_open_hours=0.00, profit=-0.80, mfe=0.00, mae=-0.84, spread=15.0, profit_decay_pct=100.0%
[2026-06-29 20:09:05] [INFO] [xgboost_exit_model] [EXIT_MODEL] XGBoost prediction: probability=98.6%
[2026-06-29 20:09:10] [INFO] [post_entry_manager] [POST_ENTRY] Monitoring ticket=9337705368
[2026-06-29 20:09:10] [INFO] [xgboost_exit_adapter] [EXIT_MODEL] ticket=9337705368 time_open_hours=0.00, profit=-0.80, mfe=0.00, mae=-0.84, spread=15.0, profit_decay_pct=100.0%
[2026-06-29 20:09:10] [INFO] [xgboost_exit_model] [EXIT_MODEL] XGBoost prediction: probability=98.6%
[2026-06-29 20:09:15] [INFO] [post_entry_manager] [POST_ENTRY] Monitoring ticket=9337705368
[2026-06-29 20:09:15] [INFO] [xgboost_exit_adapter] [EXIT_MODEL] ticket=9337705368 time_open_hours=0.00, profit=-0.72, mfe=0.00, mae=-0.84, spread=15.0, profit_decay_pct=100.0%
[2026-06-29 20:09:15] [INFO] [xgboost_exit_model] [EXIT_MODEL] XGBoost prediction: probability=98.6%
[2026-06-29 20:09:20] [INFO] [post_entry_manager] [POST_ENTRY] Monitoring ticket=9337705368
[2026-06-29 20:09:20] [INFO] [xgboost_exit_adapter] [EXIT_MODEL] ticket=9337705368 time_open_hours=0.00, profit=-0.72, mfe=0.00, mae=-0.84, spread=15.0, profit_decay_pct=100.0%
[2026-06-29 20:09:20] [INFO] [xgboost_exit_model] [EXIT_MODEL] XGBoost prediction: probability=98.6%
[2026-06-29 20:09:25] [INFO] [post_entry_manager] [POST_ENTRY] Monitoring ticket=9337705368
[2026-06-29 20:09:25] [INFO] [xgboost_exit_adapter] [EXIT_MODEL] ticket=9337705368 time_open_hours=0.00, profit=-0.84, mfe=0.00, mae=-0.84, spread=15.0, profit_decay_pct=100.0%
[2026-06-29 20:09:25] [INFO] [xgboost_exit_model] [EXIT_MODEL] XGBoost prediction: probability=98.6%
[2026-06-29 20:09:30] [INFO] [post_entry_manager] [POST_ENTRY] Monitoring ticket=9337705368
[2026-06-29 20:09:30] [INFO] [xgboost_exit_adapter] [EXIT_MODEL] ticket=9337705368 time_open_hours=0.00, profit=-0.92, mfe=0.00, mae=-0.92, spread=15.0, profit_decay_pct=100.0%
[2026-06-29 20:09:30] [INFO] [xgboost_exit_model] [EXIT_MODEL] XGBoost prediction: probability=98.6%
[2026-06-29 20:09:35] [INFO] [post_entry_manager] [POST_ENTRY] Monitoring ticket=9337705368
[2026-06-29 20:09:35] [INFO] [xgboost_exit_adapter] [EXIT_MODEL] ticket=9337705368 time_open_hours=0.00, profit=-0.72, mfe=0.00, mae=-0.92, spread=15.0, profit_decay_pct=100.0%
[2026-06-29 20:09:35] [INFO] [xgboost_exit_model] [EXIT_MODEL] XGBoost prediction: probability=98.6%
[2026-06-29 20:09:40] [INFO] [post_entry_manager] [POST_ENTRY] Monitoring ticket=9337705368
[2026-06-29 20:09:40] [INFO] [xgboost_exit_adapter] [EXIT_MODEL] ticket=9337705368 time_open_hours=0.00, profit=-0.72, mfe=0.00, mae=-0.92, spread=15.0, profit_decay_pct=100.0%
[2026-06-29 20:09:40] [INFO] [xgboost_exit_model] [EXIT_MODEL] XGBoost prediction: probability=98.6%
[2026-06-29 20:09:45] [INFO] [post_entry_manager] [POST_ENTRY] Monitoring ticket=9337705368
[2026-06-29 20:09:45] [INFO] [xgboost_exit_adapter] [EXIT_MODEL] ticket=9337705368 time_open_hours=0.00, profit=-0.84, mfe=0.00, mae=-0.92, spread=15.0, profit_decay_pct=100.0%
[2026-06-29 20:09:45] [INFO] [xgboost_exit_model] [EXIT_MODEL] XGBoost prediction: probability=98.6%
[2026-06-29 20:09:50] [WARNING] [reconciliation] Unknown position in QD: 9337705368 EURUSD
[2026-06-29 20:09:50] [INFO] [reconciliation] Reconciliation: {'db_count': 0, 'qd_count': 1, 'fixes': 0, 'mismatches': ['QD orphan: 9337705368']}
[2026-06-29 20:09:50] [INFO] [post_entry_manager] [POST_ENTRY] Monitoring ticket=9337705368
[2026-06-29 20:09:50] [INFO] [xgboost_exit_adapter] [EXIT_MODEL] ticket=9337705368 time_open_hours=0.00, profit=-0.80, mfe=0.00, mae=-0.92, spread=15.0, profit_decay_pct=100.0%
[2026-06-29 20:09:50] [INFO] [xgboost_exit_model] [EXIT_MODEL] XGBoost prediction: probability=98.6%
[2026-06-29 20:09:55] [INFO] [post_entry_manager] [POST_ENTRY] Monitoring ticket=9337705368
[2026-06-29 20:09:55] [INFO] [xgboost_exit_adapter] [EXIT_MODEL] ticket=9337705368 time_open_hours=0.00, profit=-0.92, mfe=0.00, mae=-0.92, spread=15.0, profit_decay_pct=100.0%
[2026-06-29 20:09:55] [INFO] [xgboost_exit_model] [EXIT_MODEL] XGBoost prediction: probability=98.6%
[2026-06-29 20:10:00] [INFO] [post_entry_manager] [POST_ENTRY] Monitoring ticket=9337705368
[2026-06-29 20:10:00] [INFO] [xgboost_exit_adapter] [EXIT_MODEL] ticket=9337705368 time_open_hours=0.00, profit=-0.88, mfe=0.00, mae=-0.92, spread=15.0, profit_decay_pct=100.0%
[2026-06-29 20:10:00] [INFO] [xgboost_exit_model] [EXIT_MODEL] XGBoost prediction: probability=98.6%
[2026-06-29 20:10:05] [INFO] [post_entry_manager] [POST_ENTRY] Monitoring ticket=9337705368
[2026-06-29 20:10:05] [INFO] [xgboost_exit_adapter] [EXIT_MODEL] ticket=9337705368 time_open_hours=0.00, profit=-0.88, mfe=0.00, mae=-0.92, spread=15.0, profit_decay_pct=100.0%
[2026-06-29 20:10:05] [INFO] [xgboost_exit_model] [EXIT_MODEL] XGBoost prediction: probability=98.6%
[2026-06-29 20:10:10] [INFO] [post_entry_manager] [POST_ENTRY] Monitoring ticket=9337705368
[2026-06-29 20:10:10] [INFO] [xgboost_exit_adapter] [EXIT_MODEL] ticket=9337705368 time_open_hours=0.00, profit=-0.84, mfe=0.00, mae=-0.92, spread=15.0, profit_decay_pct=100.0%
[2026-06-29 20:10:10] [INFO] [xgboost_exit_model] [EXIT_MODEL] XGBoost prediction: probability=98.6%
[2026-06-29 20:10:15] [INFO] [post_entry_manager] [POST_ENTRY] Monitoring ticket=9337705368
[2026-06-29 20:10:15] [INFO] [xgboost_exit_adapter] [EXIT_MODEL] ticket=9337705368 time_open_hours=0.00, profit=-0.84, mfe=0.00, mae=-0.92, spread=15.0, profit_decay_pct=100.0%
[2026-06-29 20:10:15] [INFO] [xgboost_exit_model] [EXIT_MODEL] XGBoost prediction: probability=98.6%
[2026-06-29 20:10:20] [INFO] [post_entry_manager] [POST_ENTRY] Monitoring ticket=9337705368
[2026-06-29 20:10:20] [INFO] [xgboost_exit_adapter] [EXIT_MODEL] ticket=9337705368 time_open_hours=0.00, profit=-0.96, mfe=0.00, mae=-0.96, spread=15.0, profit_decay_pct=100.0%
[2026-06-29 20:10:20] [INFO] [xgboost_exit_model] [EXIT_MODEL] XGBoost prediction: probability=98.6%
[2026-06-29 20:10:25] [INFO] [post_entry_manager] [POST_ENTRY] Monitoring ticket=9337705368
[2026-06-29 20:10:25] [INFO] [xgboost_exit_adapter] [EXIT_MODEL] ticket=9337705368 time_open_hours=0.00, profit=-1.00, mfe=0.00, mae=-1.00, spread=15.0, profit_decay_pct=100.0%
[2026-06-29 20:10:25] [INFO] [xgboost_exit_model] [EXIT_MODEL] XGBoost prediction: probability=98.6%
[2026-06-29 20:10:30] [INFO] [post_entry_manager] [POST_ENTRY] Monitoring ticket=9337705368
[2026-06-29 20:10:30] [INFO] [xgboost_exit_adapter] [EXIT_MODEL] ticket=9337705368 time_open_hours=0.00, profit=-1.00, mfe=0.00, mae=-1.00, spread=15.0, profit_decay_pct=100.0%
[2026-06-29 20:10:30] [INFO] [xgboost_exit_model] [EXIT_MODEL] XGBoost prediction: probability=98.6%
[2026-06-29 20:10:35] [INFO] [post_entry_manager] [POST_ENTRY] Monitoring ticket=9337705368
[2026-06-29 20:10:35] [INFO] [xgboost_exit_adapter] [EXIT_MODEL] ticket=9337705368 time_open_hours=0.00, profit=-1.00, mfe=0.00, mae=-1.00, spread=15.0, profit_decay_pct=100.0%
[2026-06-29 20:10:35] [INFO] [xgboost_exit_model] [EXIT_MODEL] XGBoost prediction: probability=98.6%
[2026-06-29 20:10:40] [INFO] [post_entry_manager] [POST_ENTRY] Monitoring ticket=9337705368
[2026-06-29 20:10:40] [INFO] [xgboost_exit_adapter] [EXIT_MODEL] ticket=9337705368 time_open_hours=0.00, profit=-1.00, mfe=0.00, mae=-1.00, spread=15.0, profit_decay_pct=100.0%
[2026-06-29 20:10:40] [INFO] [xgboost_exit_model] [EXIT_MODEL] XGBoost prediction: probability=98.6%
[2026-06-29 20:10:45] [INFO] [post_entry_manager] [POST_ENTRY] Monitoring ticket=9337705368
[2026-06-29 20:10:45] [INFO] [xgboost_exit_adapter] [EXIT_MODEL] ticket=9337705368 time_open_hours=0.00, profit=-1.04, mfe=0.00, mae=-1.04, spread=15.0, profit_decay_pct=100.0%
[2026-06-29 20:10:45] [INFO] [xgboost_exit_model] [EXIT_MODEL] XGBoost prediction: probability=98.6%
[2026-06-29 20:10:50] [WARNING] [reconciliation] Unknown position in QD: 9337705368 EURUSD
[2026-06-29 20:10:50] [INFO] [reconciliation] Reconciliation: {'db_count': 0, 'qd_count': 1, 'fixes': 0, 'mismatches': ['QD orphan: 9337705368']}
[2026-06-29 20:10:50] [INFO] [post_entry_manager] [POST_ENTRY] Monitoring ticket=9337705368
[2026-06-29 20:10:50] [INFO] [xgboost_exit_adapter] [EXIT_MODEL] ticket=9337705368 time_open_hours=0.00, profit=-1.04, mfe=0.00, mae=-1.04, spread=15.0, profit_decay_pct=100.0%
[2026-06-29 20:10:50] [INFO] [xgboost_exit_model] [EXIT_MODEL] XGBoost prediction: probability=98.6%
[2026-06-29 20:10:55] [INFO] [post_entry_manager] [POST_ENTRY] Monitoring ticket=9337705368
[2026-06-29 20:10:55] [INFO] [xgboost_exit_adapter] [EXIT_MODEL] ticket=9337705368 time_open_hours=0.00, profit=-1.08, mfe=0.00, mae=-1.08, spread=15.0, profit_decay_pct=100.0%
[2026-06-29 20:10:55] [INFO] [xgboost_exit_model] [EXIT_MODEL] XGBoost prediction: probability=98.6%
[2026-06-29 20:11:00] [INFO] [post_entry_manager] [POST_ENTRY] Monitoring ticket=9337705368
[2026-06-29 20:11:00] [INFO] [xgboost_exit_adapter] [EXIT_MODEL] ticket=9337705368 time_open_hours=0.00, profit=-1.36, mfe=0.00, mae=-1.36, spread=15.0, profit_decay_pct=100.0%
[2026-06-29 20:11:00] [INFO] [xgboost_exit_model] [EXIT_MODEL] XGBoost prediction: probability=98.6%
[2026-06-29 20:11:05] [INFO] [post_entry_manager] [POST_ENTRY] Monitoring ticket=9337705368
[2026-06-29 20:11:05] [INFO] [xgboost_exit_adapter] [EXIT_MODEL] ticket=9337705368 time_open_hours=0.00, profit=-1.44, mfe=0.00, mae=-1.44, spread=15.0, profit_decay_pct=100.0%
[2026-06-29 20:11:05] [INFO] [xgboost_exit_model] [EXIT_MODEL] XGBoost prediction: probability=98.6%
[2026-06-29 20:11:10] [INFO] [post_entry_manager] [POST_ENTRY] Monitoring ticket=9337705368
[2026-06-29 20:11:10] [INFO] [xgboost_exit_adapter] [EXIT_MODEL] ticket=9337705368 time_open_hours=0.00, profit=-1.24, mfe=0.00, mae=-1.44, spread=15.0, profit_decay_pct=100.0%
[2026-06-29 20:11:10] [INFO] [xgboost_exit_model] [EXIT_MODEL] XGBoost prediction: probability=98.6%
[2026-06-29 20:11:15] [INFO] [post_entry_manager] [POST_ENTRY] Monitoring ticket=9337705368
[2026-06-29 20:11:15] [INFO] [xgboost_exit_adapter] [EXIT_MODEL] ticket=9337705368 time_open_hours=0.00, profit=-1.28, mfe=0.00, mae=-1.44, spread=15.0, profit_decay_pct=100.0%
[2026-06-29 20:11:15] [INFO] [xgboost_exit_model] [EXIT_MODEL] XGBoost prediction: probability=98.6%
[2026-06-29 20:11:20] [INFO] [post_entry_manager] [POST_ENTRY] Monitoring ticket=9337705368
[2026-06-29 20:11:20] [INFO] [xgboost_exit_adapter] [EXIT_MODEL] ticket=9337705368 time_open_hours=0.00, profit=-1.20, mfe=0.00, mae=-1.44, spread=15.0, profit_decay_pct=100.0%
[2026-06-29 20:11:20] [INFO] [xgboost_exit_model] [EXIT_MODEL] XGBoost prediction: probability=98.6%
[2026-06-29 20:11:25] [INFO] [post_entry_manager] [POST_ENTRY] Monitoring ticket=9337705368
[2026-06-29 20:11:25] [INFO] [xgboost_exit_adapter] [EXIT_MODEL] ticket=9337705368 time_open_hours=0.00, profit=-1.24, mfe=0.00, mae=-1.44, spread=15.0, profit_decay_pct=100.0%
[2026-06-29 20:11:25] [INFO] [xgboost_exit_model] [EXIT_MODEL] XGBoost prediction: probability=98.6%
[2026-06-29 20:11:30] [INFO] [post_entry_manager] [POST_ENTRY] Monitoring ticket=9337705368
[2026-06-29 20:11:30] [INFO] [xgboost_exit_adapter] [EXIT_MODEL] ticket=9337705368 time_open_hours=0.00, profit=-1.20, mfe=0.00, mae=-1.44, spread=15.0, profit_decay_pct=100.0%
[2026-06-29 20:11:30] [INFO] [xgboost_exit_model] [EXIT_MODEL] XGBoost prediction: probability=98.6%
[2026-06-29 20:11:35] [INFO] [post_entry_manager] [POST_ENTRY] Monitoring ticket=9337705368
[2026-06-29 20:11:35] [INFO] [xgboost_exit_adapter] [EXIT_MODEL] ticket=9337705368 time_open_hours=0.00, profit=-1.28, mfe=0.00, mae=-1.44, spread=15.0, profit_decay_pct=100.0%
[2026-06-29 20:11:35] [INFO] [xgboost_exit_model] [EXIT_MODEL] XGBoost prediction: probability=98.6%
[2026-06-29 20:11:40] [INFO] [post_entry_manager] [POST_ENTRY] Monitoring ticket=9337705368
[2026-06-29 20:11:40] [INFO] [xgboost_exit_adapter] [EXIT_MODEL] ticket=9337705368 time_open_hours=0.00, profit=-1.16, mfe=0.00, mae=-1.44, spread=15.0, profit_decay_pct=100.0%
[2026-06-29 20:11:40] [INFO] [xgboost_exit_model] [EXIT_MODEL] XGBoost prediction: probability=98.6%
[2026-06-29 20:11:45] [INFO] [post_entry_manager] [POST_ENTRY] Monitoring ticket=9337705368
[2026-06-29 20:11:45] [INFO] [xgboost_exit_adapter] [EXIT_MODEL] ticket=9337705368 time_open_hours=0.00, profit=-1.20, mfe=0.00, mae=-1.44, spread=15.0, profit_decay_pct=100.0%
[2026-06-29 20:11:45] [INFO] [xgboost_exit_model] [EXIT_MODEL] XGBoost prediction: probability=98.6%
[2026-06-29 20:11:50] [WARNING] [reconciliation] Unknown position in QD: 9337705368 EURUSD
[2026-06-29 20:11:50] [INFO] [reconciliation] Reconciliation: {'db_count': 0, 'qd_count': 1, 'fixes': 0, 'mismatches': ['QD orphan: 9337705368']}
[2026-06-29 20:11:50] [INFO] [post_entry_manager] [POST_ENTRY] Monitoring ticket=9337705368
[2026-06-29 20:11:50] [INFO] [xgboost_exit_adapter] [EXIT_MODEL] ticket=9337705368 time_open_hours=0.00, profit=-1.32, mfe=0.00, mae=-1.44, spread=15.0, profit_decay_pct=100.0%
[2026-06-29 20:11:50] [INFO] [xgboost_exit_model] [EXIT_MODEL] XGBoost prediction: probability=98.6%
[2026-06-29 20:11:55] [INFO] [post_entry_manager] [POST_ENTRY] Monitoring ticket=9337705368
[2026-06-29 20:11:55] [INFO] [xgboost_exit_adapter] [EXIT_MODEL] ticket=9337705368 time_open_hours=0.00, profit=-1.16, mfe=0.00, mae=-1.44, spread=15.0, profit_decay_pct=100.0%
[2026-06-29 20:11:55] [INFO] [xgboost_exit_model] [EXIT_MODEL] XGBoost prediction: probability=98.6%
[2026-06-29 20:12:00] [INFO] [post_entry_manager] [POST_ENTRY] Monitoring ticket=9337705368
[2026-06-29 20:12:00] [INFO] [xgboost_exit_adapter] [EXIT_MODEL] ticket=9337705368 time_open_hours=0.00, profit=-1.00, mfe=0.00, mae=-1.44, spread=15.0, profit_decay_pct=100.0%
[2026-06-29 20:12:00] [INFO] [xgboost_exit_model] [EXIT_MODEL] XGBoost prediction: probability=98.6%
[2026-06-29 20:12:05] [INFO] [post_entry_manager] [POST_ENTRY] Monitoring ticket=9337705368
[2026-06-29 20:12:05] [INFO] [xgboost_exit_adapter] [EXIT_MODEL] ticket=9337705368 time_open_hours=0.00, profit=-1.08, mfe=0.00, mae=-1.44, spread=15.0, profit_decay_pct=100.0%
[2026-06-29 20:12:05] [INFO] [xgboost_exit_model] [EXIT_MODEL] XGBoost prediction: probability=98.6%
[2026-06-29 20:12:10] [INFO] [post_entry_manager] [POST_ENTRY] Monitoring ticket=9337705368
[2026-06-29 20:12:10] [INFO] [xgboost_exit_adapter] [EXIT_MODEL] ticket=9337705368 time_open_hours=0.00, profit=-0.96, mfe=0.00, mae=-1.44, spread=15.0, profit_decay_pct=100.0%
[2026-06-29 20:12:10] [INFO] [xgboost_exit_model] [EXIT_MODEL] XGBoost prediction: probability=98.6%
[2026-06-29 20:12:15] [INFO] [post_entry_manager] [POST_ENTRY] Monitoring ticket=9337705368
[2026-06-29 20:12:15] [INFO] [xgboost_exit_adapter] [EXIT_MODEL] ticket=9337705368 time_open_hours=0.00, profit=-0.96, mfe=0.00, mae=-1.44, spread=15.0, profit_decay_pct=100.0%
[2026-06-29 20:12:15] [INFO] [xgboost_exit_model] [EXIT_MODEL] XGBoost prediction: probability=98.6%
[2026-06-29 20:12:20] [INFO] [post_entry_manager] [POST_ENTRY] Monitoring ticket=9337705368
[2026-06-29 20:12:20] [INFO] [xgboost_exit_adapter] [EXIT_MODEL] ticket=9337705368 time_open_hours=0.00, profit=-0.88, mfe=0.00, mae=-1.44, spread=15.0, profit_decay_pct=100.0%
[2026-06-29 20:12:20] [INFO] [xgboost_exit_model] [EXIT_MODEL] XGBoost prediction: probability=98.6%
[2026-06-29 20:12:25] [INFO] [post_entry_manager] [POST_ENTRY] Monitoring ticket=9337705368
[2026-06-29 20:12:25] [INFO] [xgboost_exit_adapter] [EXIT_MODEL] ticket=9337705368 time_open_hours=0.00, profit=-0.92, mfe=0.00, mae=-1.44, spread=15.0, profit_decay_pct=100.0%
[2026-06-29 20:12:25] [INFO] [xgboost_exit_model] [EXIT_MODEL] XGBoost prediction: probability=98.6%
[2026-06-29 20:12:30] [INFO] [post_entry_manager] [POST_ENTRY] Monitoring ticket=9337705368
[2026-06-29 20:12:30] [INFO] [xgboost_exit_adapter] [EXIT_MODEL] ticket=9337705368 time_open_hours=0.00, profit=-0.92, mfe=0.00, mae=-1.44, spread=15.0, profit_decay_pct=100.0%
[2026-06-29 20:12:30] [INFO] [xgboost_exit_model] [EXIT_MODEL] XGBoost prediction: probability=98.6%
[2026-06-29 20:12:35] [INFO] [post_entry_manager] [POST_ENTRY] Monitoring ticket=9337705368
[2026-06-29 20:12:35] [INFO] [xgboost_exit_adapter] [EXIT_MODEL] ticket=9337705368 time_open_hours=0.00, profit=-0.88, mfe=0.00, mae=-1.44, spread=15.0, profit_decay_pct=100.0%
[2026-06-29 20:12:35] [INFO] [xgboost_exit_model] [EXIT_MODEL] XGBoost prediction: probability=98.6%
[2026-06-29 20:12:40] [INFO] [post_entry_manager] [POST_ENTRY] Monitoring ticket=9337705368
[2026-06-29 20:12:40] [INFO] [xgboost_exit_adapter] [EXIT_MODEL] ticket=9337705368 time_open_hours=0.00, profit=-1.12, mfe=0.00, mae=-1.44, spread=15.0, profit_decay_pct=100.0%
[2026-06-29 20:12:40] [INFO] [xgboost_exit_model] [EXIT_MODEL] XGBoost prediction: probability=98.6%
[2026-06-29 20:12:45] [INFO] [post_entry_manager] [POST_ENTRY] Monitoring ticket=9337705368
[2026-06-29 20:12:45] [INFO] [xgboost_exit_adapter] [EXIT_MODEL] ticket=9337705368 time_open_hours=0.00, profit=-0.88, mfe=0.00, mae=-1.44, spread=15.0, profit_decay_pct=100.0%
[2026-06-29 20:12:45] [INFO] [xgboost_exit_model] [EXIT_MODEL] XGBoost prediction: probability=98.6%
[2026-06-29 20:12:50] [WARNING] [reconciliation] Unknown position in QD: 9337705368 EURUSD
[2026-06-29 20:12:50] [INFO] [reconciliation] Reconciliation: {'db_count': 0, 'qd_count': 1, 'fixes': 0, 'mismatches': ['QD orphan: 9337705368']}
[2026-06-29 20:12:50] [INFO] [post_entry_manager] [POST_ENTRY] Monitoring ticket=9337705368
[2026-06-29 20:12:50] [INFO] [xgboost_exit_adapter] [EXIT_MODEL] ticket=9337705368 time_open_hours=0.00, profit=-0.64, mfe=0.00, mae=-1.44, spread=15.0, profit_decay_pct=100.0%
[2026-06-29 20:12:50] [INFO] [xgboost_exit_model] [EXIT_MODEL] XGBoost prediction: probability=98.6%
[2026-06-29 20:12:55] [INFO] [post_entry_manager] [POST_ENTRY] Monitoring ticket=9337705368
[2026-06-29 20:12:55] [INFO] [xgboost_exit_adapter] [EXIT_MODEL] ticket=9337705368 time_open_hours=0.00, profit=-0.72, mfe=0.00, mae=-1.44, spread=15.0, profit_decay_pct=100.0%
[2026-06-29 20:12:55] [INFO] [xgboost_exit_model] [EXIT_MODEL] XGBoost prediction: probability=98.6%
[2026-06-29 20:13:00] [INFO] [post_entry_manager] [POST_ENTRY] Monitoring ticket=9337705368
[2026-06-29 20:13:00] [INFO] [xgboost_exit_adapter] [EXIT_MODEL] ticket=9337705368 time_open_hours=0.00, profit=-0.76, mfe=0.00, mae=-1.44, spread=15.0, profit_decay_pct=100.0%
[2026-06-29 20:13:00] [INFO] [xgboost_exit_model] [EXIT_MODEL] XGBoost prediction: probability=98.6%
[2026-06-29 20:13:05] [INFO] [post_entry_manager] [POST_ENTRY] Monitoring ticket=9337705368
[2026-06-29 20:13:05] [INFO] [xgboost_exit_adapter] [EXIT_MODEL] ticket=9337705368 time_open_hours=0.00, profit=-0.64, mfe=0.00, mae=-1.44, spread=15.0, profit_decay_pct=100.0%
[2026-06-29 20:13:05] [INFO] [xgboost_exit_model] [EXIT_MODEL] XGBoost prediction: probability=98.6%
[2026-06-29 20:13:10] [INFO] [post_entry_manager] [POST_ENTRY] Monitoring ticket=9337705368
[2026-06-29 20:13:10] [INFO] [xgboost_exit_adapter] [EXIT_MODEL] ticket=9337705368 time_open_hours=0.00, profit=-0.44, mfe=0.00, mae=-1.44, spread=15.0, profit_decay_pct=100.0%
[2026-06-29 20:13:10] [INFO] [xgboost_exit_model] [EXIT_MODEL] XGBoost prediction: probability=98.6%
[2026-06-29 20:13:15] [INFO] [post_entry_manager] [POST_ENTRY] Monitoring ticket=9337705368
[2026-06-29 20:13:15] [INFO] [xgboost_exit_adapter] [EXIT_MODEL] ticket=9337705368 time_open_hours=0.00, profit=-0.48, mfe=0.00, mae=-1.44, spread=15.0, profit_decay_pct=100.0%
[2026-06-29 20:13:15] [INFO] [xgboost_exit_model] [EXIT_MODEL] XGBoost prediction: probability=98.6%
[2026-06-29 20:13:20] [INFO] [post_entry_manager] [POST_ENTRY] Monitoring ticket=9337705368
[2026-06-29 20:13:20] [INFO] [xgboost_exit_adapter] [EXIT_MODEL] ticket=9337705368 time_open_hours=0.00, profit=-0.48, mfe=0.00, mae=-1.44, spread=15.0, profit_decay_pct=100.0%
[2026-06-29 20:13:20] [INFO] [xgboost_exit_model] [EXIT_MODEL] XGBoost prediction: probability=98.6%
[2026-06-29 20:13:25] [INFO] [post_entry_manager] [POST_ENTRY] Monitoring ticket=9337705368
[2026-06-29 20:13:25] [INFO] [xgboost_exit_adapter] [EXIT_MODEL] ticket=9337705368 time_open_hours=0.00, profit=-0.60, mfe=0.00, mae=-1.44, spread=15.0, profit_decay_pct=100.0%
[2026-06-29 20:13:25] [INFO] [xgboost_exit_model] [EXIT_MODEL] XGBoost prediction: probability=98.6%
[2026-06-29 20:13:30] [INFO] [post_entry_manager] [POST_ENTRY] Monitoring ticket=9337705368
[2026-06-29 20:13:30] [INFO] [xgboost_exit_adapter] [EXIT_MODEL] ticket=9337705368 time_open_hours=0.00, profit=-0.68, mfe=0.00, mae=-1.44, spread=15.0, profit_decay_pct=100.0%
[2026-06-29 20:13:30] [INFO] [xgboost_exit_model] [EXIT_MODEL] XGBoost prediction: probability=98.6%
[2026-06-29 20:13:35] [INFO] [post_entry_manager] [POST_ENTRY] Monitoring ticket=9337705368
[2026-06-29 20:13:35] [INFO] [xgboost_exit_adapter] [EXIT_MODEL] ticket=9337705368 time_open_hours=0.00, profit=-0.52, mfe=0.00, mae=-1.44, spread=15.0, profit_decay_pct=100.0%
[2026-06-29 20:13:35] [INFO] [xgboost_exit_model] [EXIT_MODEL] XGBoost prediction: probability=98.6%
[2026-06-29 20:13:40] [INFO] [post_entry_manager] [POST_ENTRY] Monitoring ticket=9337705368
[2026-06-29 20:13:40] [INFO] [xgboost_exit_adapter] [EXIT_MODEL] ticket=9337705368 time_open_hours=0.00, profit=-0.32, mfe=0.00, mae=-1.44, spread=15.0, profit_decay_pct=100.0%
[2026-06-29 20:13:40] [INFO] [xgboost_exit_model] [EXIT_MODEL] XGBoost prediction: probability=98.6%
[2026-06-29 20:13:45] [INFO] [post_entry_manager] [POST_ENTRY] Monitoring ticket=9337705368
[2026-06-29 20:13:45] [INFO] [xgboost_exit_adapter] [EXIT_MODEL] ticket=9337705368 time_open_hours=0.00, profit=-0.36, mfe=0.00, mae=-1.44, spread=15.0, profit_decay_pct=100.0%
[2026-06-29 20:13:45] [INFO] [xgboost_exit_model] [EXIT_MODEL] XGBoost prediction: probability=98.6%
[2026-06-29 20:13:50] [WARNING] [reconciliation] Unknown position in QD: 9337705368 EURUSD
[2026-06-29 20:13:50] [INFO] [reconciliation] Reconciliation: {'db_count': 0, 'qd_count': 1, 'fixes': 0, 'mismatches': ['QD orphan: 9337705368']}
[2026-06-29 20:13:50] [INFO] [post_entry_manager] [POST_ENTRY] Monitoring ticket=9337705368
[2026-06-29 20:13:50] [INFO] [xgboost_exit_adapter] [EXIT_MODEL] ticket=9337705368 time_open_hours=0.00, profit=-0.40, mfe=0.00, mae=-1.44, spread=15.0, profit_decay_pct=100.0%
[2026-06-29 20:13:50] [INFO] [xgboost_exit_model] [EXIT_MODEL] XGBoost prediction: probability=98.6%
[2026-06-29 20:13:55] [INFO] [post_entry_manager] [POST_ENTRY] Monitoring ticket=9337705368
[2026-06-29 20:13:55] [INFO] [xgboost_exit_adapter] [EXIT_MODEL] ticket=9337705368 time_open_hours=0.00, profit=-0.44, mfe=0.00, mae=-1.44, spread=15.0, profit_decay_pct=100.0%
[2026-06-29 20:13:55] [INFO] [xgboost_exit_model] [EXIT_MODEL] XGBoost prediction: probability=98.6%
[2026-06-29 20:14:00] [INFO] [post_entry_manager] [POST_ENTRY] Monitoring ticket=9337705368
[2026-06-29 20:14:09] [INFO] [news_fetcher] Fetched 23 relevant news items
[2026-06-29 20:14:09] [INFO] [xgboost_exit_adapter] [EXIT_MODEL] ticket=9337705368 time_open_hours=0.00, profit=-0.44, mfe=0.00, mae=-1.44, spread=15.0, profit_decay_pct=100.0%
[2026-06-29 20:14:09] [INFO] [xgboost_exit_model] [EXIT_MODEL] XGBoost prediction: probability=98.6%
[2026-06-29 20:14:14] [INFO] [post_entry_manager] [POST_ENTRY] Monitoring ticket=9337705368
[2026-06-29 20:14:14] [INFO] [xgboost_exit_adapter] [EXIT_MODEL] ticket=9337705368 time_open_hours=0.00, profit=-0.44, mfe=0.00, mae=-1.44, spread=15.0, profit_decay_pct=100.0%
[2026-06-29 20:14:14] [INFO] [xgboost_exit_model] [EXIT_MODEL] XGBoost prediction: probability=98.6%
[2026-06-29 20:14:19] [INFO] [post_entry_manager] [POST_ENTRY] Monitoring ticket=9337705368
[2026-06-29 20:14:19] [INFO] [xgboost_exit_adapter] [EXIT_MODEL] ticket=9337705368 time_open_hours=0.00, profit=-0.44, mfe=0.00, mae=-1.44, spread=15.0, profit_decay_pct=100.0%
[2026-06-29 20:14:19] [INFO] [xgboost_exit_model] [EXIT_MODEL] XGBoost prediction: probability=98.6%
[2026-06-29 20:14:24] [INFO] [post_entry_manager] [POST_ENTRY] Monitoring ticket=9337705368
[2026-06-29 20:14:24] [INFO] [xgboost_exit_adapter] [EXIT_MODEL] ticket=9337705368 time_open_hours=0.00, profit=-0.40, mfe=0.00, mae=-1.44, spread=15.0, profit_decay_pct=100.0%
[2026-06-29 20:14:24] [INFO] [xgboost_exit_model] [EXIT_MODEL] XGBoost prediction: probability=98.6%
[2026-06-29 20:14:29] [INFO] [post_entry_manager] [POST_ENTRY] Monitoring ticket=9337705368
[2026-06-29 20:14:29] [INFO] [xgboost_exit_adapter] [EXIT_MODEL] ticket=9337705368 time_open_hours=0.00, profit=-0.52, mfe=0.00, mae=-1.44, spread=15.0, profit_decay_pct=100.0%
[2026-06-29 20:14:29] [INFO] [xgboost_exit_model] [EXIT_MODEL] XGBoost prediction: probability=98.6%
[2026-06-29 20:14:34] [INFO] [post_entry_manager] [POST_ENTRY] Monitoring ticket=9337705368
[2026-06-29 20:14:34] [INFO] [xgboost_exit_adapter] [EXIT_MODEL] ticket=9337705368 time_open_hours=0.00, profit=-0.56, mfe=0.00, mae=-1.44, spread=15.0, profit_decay_pct=100.0%
[2026-06-29 20:14:34] [INFO] [xgboost_exit_model] [EXIT_MODEL] XGBoost prediction: probability=98.6%
[2026-06-29 20:14:39] [INFO] [post_entry_manager] [POST_ENTRY] Monitoring ticket=9337705368
[2026-06-29 20:14:39] [INFO] [xgboost_exit_adapter] [EXIT_MODEL] ticket=9337705368 time_open_hours=0.00, profit=-0.40, mfe=0.00, mae=-1.44, spread=15.0, profit_decay_pct=100.0%
[2026-06-29 20:14:39] [INFO] [xgboost_exit_model] [EXIT_MODEL] XGBoost prediction: probability=98.6%
[2026-06-29 20:14:44] [INFO] [post_entry_manager] [POST_ENTRY] Monitoring ticket=9337705368
[2026-06-29 20:14:44] [INFO] [xgboost_exit_adapter] [EXIT_MODEL] ticket=9337705368 time_open_hours=0.00, profit=-0.36, mfe=0.00, mae=-1.44, spread=15.0, profit_decay_pct=100.0%
[2026-06-29 20:14:44] [INFO] [xgboost_exit_model] [EXIT_MODEL] XGBoost prediction: probability=98.6%
[2026-06-29 20:14:49] [INFO] [post_entry_manager] [POST_ENTRY] Monitoring ticket=9337705368
[2026-06-29 20:14:49] [INFO] [xgboost_exit_adapter] [EXIT_MODEL] ticket=9337705368 time_open_hours=0.00, profit=-0.36, mfe=0.00, mae=-1.44, spread=15.0, profit_decay_pct=100.0%
[2026-06-29 20:14:49] [INFO] [xgboost_exit_model] [EXIT_MODEL] XGBoost prediction: probability=98.6%
[2026-06-29 20:14:50] [WARNING] [reconciliation] Unknown position in QD: 9337705368 EURUSD
[2026-06-29 20:14:50] [INFO] [reconciliation] Reconciliation: {'db_count': 0, 'qd_count': 1, 'fixes': 0, 'mismatches': ['QD orphan: 9337705368']}
[2026-06-29 20:14:54] [INFO] [post_entry_manager] [POST_ENTRY] Monitoring ticket=9337705368
[2026-06-29 20:14:54] [INFO] [xgboost_exit_adapter] [EXIT_MODEL] ticket=9337705368 time_open_hours=0.00, profit=-0.36, mfe=0.00, mae=-1.44, spread=15.0, profit_decay_pct=100.0%
[2026-06-29 20:14:54] [INFO] [xgboost_exit_model] [EXIT_MODEL] XGBoost prediction: probability=98.6%
[2026-06-29 20:14:59] [INFO] [post_entry_manager] [POST_ENTRY] Monitoring ticket=9337705368
[2026-06-29 20:14:59] [INFO] [xgboost_exit_adapter] [EXIT_MODEL] ticket=9337705368 time_open_hours=0.00, profit=-0.36, mfe=0.00, mae=-1.44, spread=15.0, profit_decay_pct=100.0%
[2026-06-29 20:14:59] [INFO] [xgboost_exit_model] [EXIT_MODEL] XGBoost prediction: probability=98.6%
[2026-06-29 20:15:04] [INFO] [post_entry_manager] [POST_ENTRY] Monitoring ticket=9337705368
[2026-06-29 20:15:04] [INFO] [xgboost_exit_adapter] [EXIT_MODEL] ticket=9337705368 time_open_hours=0.00, profit=-0.36, mfe=0.00, mae=-1.44, spread=15.0, profit_decay_pct=100.0%
[2026-06-29 20:15:04] [INFO] [xgboost_exit_model] [EXIT_MODEL] XGBoost prediction: probability=98.6%
[2026-06-29 20:15:09] [INFO] [post_entry_manager] [POST_ENTRY] Monitoring ticket=9337705368
[2026-06-29 20:15:09] [INFO] [xgboost_exit_adapter] [EXIT_MODEL] ticket=9337705368 time_open_hours=0.00, profit=-0.36, mfe=0.00, mae=-1.44, spread=15.0, profit_decay_pct=100.0%
[2026-06-29 20:15:09] [INFO] [xgboost_exit_model] [EXIT_MODEL] XGBoost prediction: probability=98.6%
[2026-06-29 20:15:14] [INFO] [post_entry_manager] [POST_ENTRY] Monitoring ticket=9337705368
[2026-06-29 20:15:14] [INFO] [xgboost_exit_adapter] [EXIT_MODEL] ticket=9337705368 time_open_hours=0.00, profit=-0.44, mfe=0.00, mae=-1.44, spread=15.0, profit_decay_pct=100.0%
[2026-06-29 20:15:14] [INFO] [xgboost_exit_model] [EXIT_MODEL] XGBoost prediction: probability=98.6%
[2026-06-29 20:15:19] [INFO] [post_entry_manager] [POST_ENTRY] Monitoring ticket=9337705368
[2026-06-29 20:15:19] [INFO] [xgboost_exit_adapter] [EXIT_MODEL] ticket=9337705368 time_open_hours=0.00, profit=-0.44, mfe=0.00, mae=-1.44, spread=15.0, profit_decay_pct=100.0%
[2026-06-29 20:15:19] [INFO] [xgboost_exit_model] [EXIT_MODEL] XGBoost prediction: probability=98.6%
[2026-06-29 20:15:24] [INFO] [post_entry_manager] [POST_ENTRY] Monitoring ticket=9337705368
[2026-06-29 20:15:24] [INFO] [xgboost_exit_adapter] [EXIT_MODEL] ticket=9337705368 time_open_hours=0.00, profit=-0.44, mfe=0.00, mae=-1.44, spread=15.0, profit_decay_pct=100.0%
[2026-06-29 20:15:24] [INFO] [xgboost_exit_model] [EXIT_MODEL] XGBoost prediction: probability=98.6%
[2026-06-29 20:15:29] [INFO] [post_entry_manager] [POST_ENTRY] Monitoring ticket=9337705368
[2026-06-29 20:15:29] [INFO] [xgboost_exit_adapter] [EXIT_MODEL] ticket=9337705368 time_open_hours=0.00, profit=-0.60, mfe=0.00, mae=-1.44, spread=15.0, profit_decay_pct=100.0%
[2026-06-29 20:15:29] [INFO] [xgboost_exit_model] [EXIT_MODEL] XGBoost prediction: probability=98.6%
[2026-06-29 20:15:34] [INFO] [post_entry_manager] [POST_ENTRY] Monitoring ticket=9337705368
[2026-06-29 20:15:34] [INFO] [xgboost_exit_adapter] [EXIT_MODEL] ticket=9337705368 time_open_hours=0.00, profit=-0.68, mfe=0.00, mae=-1.44, spread=15.0, profit_decay_pct=100.0%
[2026-06-29 20:15:34] [INFO] [xgboost_exit_model] [EXIT_MODEL] XGBoost prediction: probability=98.6%
[2026-06-29 20:15:39] [INFO] [post_entry_manager] [POST_ENTRY] Monitoring ticket=9337705368
[2026-06-29 20:15:39] [INFO] [xgboost_exit_adapter] [EXIT_MODEL] ticket=9337705368 time_open_hours=0.00, profit=-0.60, mfe=0.00, mae=-1.44, spread=15.0, profit_decay_pct=100.0%
[2026-06-29 20:15:39] [INFO] [xgboost_exit_model] [EXIT_MODEL] XGBoost prediction: probability=98.6%
[2026-06-29 20:15:44] [INFO] [post_entry_manager] [POST_ENTRY] Monitoring ticket=9337705368
[2026-06-29 20:15:44] [INFO] [xgboost_exit_adapter] [EXIT_MODEL] ticket=9337705368 time_open_hours=0.00, profit=-0.56, mfe=0.00, mae=-1.44, spread=15.0, profit_decay_pct=100.0%
[2026-06-29 20:15:44] [INFO] [xgboost_exit_model] [EXIT_MODEL] XGBoost prediction: probability=98.6%
[2026-06-29 20:15:49] [INFO] [post_entry_manager] [POST_ENTRY] Monitoring ticket=9337705368
[2026-06-29 20:15:49] [INFO] [xgboost_exit_adapter] [EXIT_MODEL] ticket=9337705368 time_open_hours=0.00, profit=-0.56, mfe=0.00, mae=-1.44, spread=15.0, profit_decay_pct=100.0%
[2026-06-29 20:15:49] [INFO] [xgboost_exit_model] [EXIT_MODEL] XGBoost prediction: probability=98.6%
[2026-06-29 20:15:50] [WARNING] [reconciliation] Unknown position in QD: 9337705368 EURUSD
[2026-06-29 20:15:50] [INFO] [reconciliation] Reconciliation: {'db_count': 0, 'qd_count': 1, 'fixes': 0, 'mismatches': ['QD orphan: 9337705368']}
[2026-06-29 20:15:54] [INFO] [post_entry_manager] [POST_ENTRY] Monitoring ticket=9337705368
[2026-06-29 20:15:54] [INFO] [xgboost_exit_adapter] [EXIT_MODEL] ticket=9337705368 time_open_hours=0.00, profit=-0.64, mfe=0.00, mae=-1.44, spread=15.0, profit_decay_pct=100.0%
[2026-06-29 20:15:54] [INFO] [xgboost_exit_model] [EXIT_MODEL] XGBoost prediction: probability=98.6%
[2026-06-29 20:15:59] [INFO] [post_entry_manager] [POST_ENTRY] Monitoring ticket=9337705368
[2026-06-29 20:15:59] [INFO] [xgboost_exit_adapter] [EXIT_MODEL] ticket=9337705368 time_open_hours=0.00, profit=-0.64, mfe=0.00, mae=-1.44, spread=15.0, profit_decay_pct=100.0%
[2026-06-29 20:15:59] [INFO] [xgboost_exit_model] [EXIT_MODEL] XGBoost prediction: probability=98.6%
[2026-06-29 20:16:04] [INFO] [post_entry_manager] [POST_ENTRY] Monitoring ticket=9337705368
[2026-06-29 20:16:04] [INFO] [xgboost_exit_adapter] [EXIT_MODEL] ticket=9337705368 time_open_hours=0.00, profit=-0.72, mfe=0.00, mae=-1.44, spread=15.0, profit_decay_pct=100.0%
[2026-06-29 20:16:04] [INFO] [xgboost_exit_model] [EXIT_MODEL] XGBoost prediction: probability=98.6%
[2026-06-29 20:16:09] [INFO] [post_entry_manager] [POST_ENTRY] Monitoring ticket=9337705368
[2026-06-29 20:16:09] [INFO] [xgboost_exit_adapter] [EXIT_MODEL] ticket=9337705368 time_open_hours=0.00, profit=-0.72, mfe=0.00, mae=-1.44, spread=15.0, profit_decay_pct=100.0%
[2026-06-29 20:16:09] [INFO] [xgboost_exit_model] [EXIT_MODEL] XGBoost prediction: probability=98.6%
[2026-06-29 20:16:14] [INFO] [post_entry_manager] [POST_ENTRY] Monitoring ticket=9337705368
[2026-06-29 20:16:14] [INFO] [xgboost_exit_adapter] [EXIT_MODEL] ticket=9337705368 time_open_hours=0.00, profit=-0.76, mfe=0.00, mae=-1.44, spread=15.0, profit_decay_pct=100.0%
[2026-06-29 20:16:14] [INFO] [xgboost_exit_model] [EXIT_MODEL] XGBoost prediction: probability=98.6%
[2026-06-29 20:16:19] [INFO] [post_entry_manager] [POST_ENTRY] Monitoring ticket=9337705368
[2026-06-29 20:16:19] [INFO] [xgboost_exit_adapter] [EXIT_MODEL] ticket=9337705368 time_open_hours=0.00, profit=-0.76, mfe=0.00, mae=-1.44, spread=15.0, profit_decay_pct=100.0%
[2026-06-29 20:16:19] [INFO] [xgboost_exit_model] [EXIT_MODEL] XGBoost prediction: probability=98.6%
[2026-06-29 20:16:24] [INFO] [post_entry_manager] [POST_ENTRY] Monitoring ticket=9337705368
[2026-06-29 20:16:24] [INFO] [xgboost_exit_adapter] [EXIT_MODEL] ticket=9337705368 time_open_hours=0.00, profit=-0.84, mfe=0.00, mae=-1.44, spread=15.0, profit_decay_pct=100.0%
[2026-06-29 20:16:24] [INFO] [xgboost_exit_model] [EXIT_MODEL] XGBoost prediction: probability=98.6%
[2026-06-29 20:16:29] [INFO] [post_entry_manager] [POST_ENTRY] Monitoring ticket=9337705368
[2026-06-29 20:16:29] [INFO] [xgboost_exit_adapter] [EXIT_MODEL] ticket=9337705368 time_open_hours=0.00, profit=-0.84, mfe=0.00, mae=-1.44, spread=15.0, profit_decay_pct=100.0%
[2026-06-29 20:16:29] [INFO] [xgboost_exit_model] [EXIT_MODEL] XGBoost prediction: probability=98.6%
[2026-06-29 20:16:34] [INFO] [post_entry_manager] [POST_ENTRY] Monitoring ticket=9337705368
[2026-06-29 20:16:34] [INFO] [xgboost_exit_adapter] [EXIT_MODEL] ticket=9337705368 time_open_hours=0.00, profit=-0.88, mfe=0.00, mae=-1.44, spread=15.0, profit_decay_pct=100.0%
[2026-06-29 20:16:34] [INFO] [xgboost_exit_model] [EXIT_MODEL] XGBoost prediction: probability=98.6%
[2026-06-29 20:16:39] [INFO] [post_entry_manager] [POST_ENTRY] Monitoring ticket=9337705368
[2026-06-29 20:16:39] [INFO] [xgboost_exit_adapter] [EXIT_MODEL] ticket=9337705368 time_open_hours=0.00, profit=-0.84, mfe=0.00, mae=-1.44, spread=15.0, profit_decay_pct=100.0%
[2026-06-29 20:16:39] [INFO] [xgboost_exit_model] [EXIT_MODEL] XGBoost prediction: probability=98.6%
[2026-06-29 20:16:44] [INFO] [post_entry_manager] [POST_ENTRY] Monitoring ticket=9337705368
[2026-06-29 20:16:44] [INFO] [xgboost_exit_adapter] [EXIT_MODEL] ticket=9337705368 time_open_hours=0.00, profit=-0.84, mfe=0.00, mae=-1.44, spread=15.0, profit_decay_pct=100.0%
[2026-06-29 20:16:44] [INFO] [xgboost_exit_model] [EXIT_MODEL] XGBoost prediction: probability=98.6%
[2026-06-29 20:16:49] [INFO] [post_entry_manager] [POST_ENTRY] Monitoring ticket=9337705368
[2026-06-29 20:16:49] [INFO] [xgboost_exit_adapter] [EXIT_MODEL] ticket=9337705368 time_open_hours=0.00, profit=-0.84, mfe=0.00, mae=-1.44, spread=15.0, profit_decay_pct=100.0%
[2026-06-29 20:16:49] [INFO] [xgboost_exit_model] [EXIT_MODEL] XGBoost prediction: probability=98.6%
[2026-06-29 20:16:59] [INFO] [main] Trading Bot V3 starting...
[2026-06-29 20:16:59] [INFO] [database] V3 Database initialized with all tables
[2026-06-29 20:16:59] [INFO] [qd_client] Logged in to QuantDinger
[2026-06-29 20:16:59] [INFO] [qd_client] MT5 connected
[2026-06-29 20:16:59] [INFO] [main] MT5 connected
[2026-06-29 20:16:59] [INFO] [telegram_bot] Telegram polling started
[2026-06-29 20:16:59] [INFO] [telegram_bot] Telegram bot V3 started
[2026-06-29 20:16:59] [INFO] [mt5_watchdog] MT5 watchdog started (V1 reconnect logic)
[2026-06-29 20:16:59] [INFO] [reconciliation] Reconciliation loop started (every 60s)
[2026-06-29 20:16:59] [INFO] [reconciliation] Reconciliation thread started (safety only)
[2026-06-29 20:16:59] [INFO] [post_entry_manager] PostEntryManager started
[2026-06-29 20:17:00] [INFO] [main] ==================================================
[2026-06-29 20:17:00] [INFO] [main] Cycle 1 at 20:17:00
[2026-06-29 20:17:11] [INFO] [news_fetcher] Fetched 23 relevant news items
[2026-06-29 20:17:11] [INFO] [main] Equity: 74612.54$ | News: 23
[2026-06-29 20:17:11] [DEBUG] [hybrid_market_client] Fetching indicators for EURUSD (QuantDinger only)
[2026-06-29 20:17:12] [DEBUG] [market_client] Candles EURUSD 4H: 100 bars ✓
[2026-06-29 20:17:12] [DEBUG] [hybrid_market_client] ✓ Got live data from QuantDinger for EURUSD
[2026-06-29 20:17:12] [DEBUG] [hybrid_market_client] Fetching indicators for EURUSD (QuantDinger only)
[2026-06-29 20:17:12] [DEBUG] [market_client] Candles EURUSD 4H: 100 bars ✓
[2026-06-29 20:17:12] [DEBUG] [hybrid_market_client] ✓ Got live data from QuantDinger for EURUSD
[2026-06-29 20:17:12] [DEBUG] [hybrid_market_client] Fetching indicators for EURUSD (QuantDinger only)
[2026-06-29 20:17:12] [DEBUG] [market_client] Candles EURUSD 4H: 100 bars ✓
[2026-06-29 20:17:12] [DEBUG] [hybrid_market_client] ✓ Got live data from QuantDinger for EURUSD
[2026-06-29 20:17:12] [INFO] [market_snapshot_builder] [SNAPSHOT_BUILT] symbol=EURUSD tfs=H4,H1,M15
[2026-06-29 20:17:12] [DEBUG] [hybrid_market_client] Fetching indicators for XAUUSD (QuantDinger only)
[2026-06-29 20:17:12] [DEBUG] [market_client] Candles XAUUSD 4H: 100 bars ✓
[2026-06-29 20:17:12] [DEBUG] [hybrid_market_client] ✓ Got live data from QuantDinger for XAUUSD
[2026-06-29 20:17:12] [DEBUG] [hybrid_market_client] Fetching indicators for XAUUSD (QuantDinger only)
[2026-06-29 20:17:12] [DEBUG] [market_client] Candles XAUUSD 4H: 100 bars ✓
[2026-06-29 20:17:12] [DEBUG] [hybrid_market_client] ✓ Got live data from QuantDinger for XAUUSD
[2026-06-29 20:17:12] [DEBUG] [hybrid_market_client] Fetching indicators for XAUUSD (QuantDinger only)
[2026-06-29 20:17:12] [DEBUG] [market_client] Candles XAUUSD 4H: 100 bars ✓
[2026-06-29 20:17:12] [DEBUG] [hybrid_market_client] ✓ Got live data from QuantDinger for XAUUSD
[2026-06-29 20:17:12] [INFO] [market_snapshot_builder] [SNAPSHOT_BUILT] symbol=XAUUSD tfs=H4,H1,M15
[2026-06-29 20:17:12] [DEBUG] [hybrid_market_client] Fetching indicators for GBPUSD (QuantDinger only)
[2026-06-29 20:17:12] [DEBUG] [market_client] Candles GBPUSD 4H: 100 bars ✓
[2026-06-29 20:17:12] [DEBUG] [hybrid_market_client] ✓ Got live data from QuantDinger for GBPUSD
[2026-06-29 20:17:12] [DEBUG] [hybrid_market_client] Fetching indicators for GBPUSD (QuantDinger only)
[2026-06-29 20:17:12] [DEBUG] [market_client] Candles GBPUSD 4H: 100 bars ✓
[2026-06-29 20:17:12] [DEBUG] [hybrid_market_client] ✓ Got live data from QuantDinger for GBPUSD
[2026-06-29 20:17:12] [DEBUG] [hybrid_market_client] Fetching indicators for GBPUSD (QuantDinger only)
[2026-06-29 20:17:12] [DEBUG] [market_client] Candles GBPUSD 4H: 100 bars ✓
[2026-06-29 20:17:12] [DEBUG] [hybrid_market_client] ✓ Got live data from QuantDinger for GBPUSD
[2026-06-29 20:17:12] [INFO] [market_snapshot_builder] [SNAPSHOT_BUILT] symbol=GBPUSD tfs=H4,H1,M15
[2026-06-29 20:17:12] [INFO] [main] --- EURUSD ---
[2026-06-29 20:17:16] [INFO] [deepseek] DEEPSEEK OK: {
  "impact_score": 65,
  "bias": "bullish",
  "confidence": 0.7,
  "reason": "تحسن معنويات منطقة ال...
[2026-06-29 20:17:16] [INFO] [deepseek] AI EURUSD: bias=bullish impact=65.0 conf=0.70
[2026-06-29 20:17:16] [INFO] [signal_engine] [VERIFY] SIGNAL_INPUT bias=bullish score=65.0 confidence=0.7
[2026-06-29 20:17:16] [INFO] [signal_engine] [VERIFY] SIGNAL_RULE rule=confidence>=0.60 actual=0.7 result=True
[2026-06-29 20:17:16] [INFO] [signal_engine] [VERIFY] SIGNAL_RULE rule=score>=55 actual=65.0 result=True
[2026-06-29 20:17:16] [INFO] [signal_engine] [VERIFY] SIGNAL_RULE rule=bias in [bullish,bearish] actual=bullish result=True
[2026-06-29 20:17:16] [INFO] [signal_engine] [VERIFY] SIGNAL_FINAL direction=BUY score=65.0 confidence=0.7 valid=True
[2026-06-29 20:17:16] [DEBUG] [signal_engine] Signal: BUY score=65.0 conf=0.70 strength=متوسط valid=True
[2026-06-29 20:17:16] [INFO] [sentiment] Sentiment EURUSD: bullish score=83 bull=6 bear=3
[2026-06-29 20:17:16] [DEBUG] [mtf] MTF (snapshot) EURUSD: H4=bullish H1=bearish M15=bearish aligned=True (weak)
[2026-06-29 20:17:16] [INFO] [main] [VERIFY][DATA_TRUTH] symbol=EURUSD timeframe=H4/H1/M15 news_fetched=True indicators_fetched=True live_data=True cached=False
[2026-06-29 20:17:16] [WARNING] [risk_engine] Risk: Consecutive losses limit exceeded (EURUSD BUY) - Consecutive losses: 10
[2026-06-29 20:17:16] [DEBUG] [hybrid_market_client] Fetching indicators for EURUSD (QuantDinger only)
[2026-06-29 20:17:16] [DEBUG] [market_client] Candles EURUSD 4H: 100 bars ✓
[2026-06-29 20:17:16] [DEBUG] [hybrid_market_client] ✓ Got live data from QuantDinger for EURUSD
[2026-06-29 20:17:16] [DEBUG] [hybrid_market_client] Fetching indicators for EURUSD (QuantDinger only)
[2026-06-29 20:17:16] [DEBUG] [market_client] Using cached candles for EURUSD 4H (age: 0s)
[2026-06-29 20:17:16] [DEBUG] [hybrid_market_client] ✓ Got live data from QuantDinger for EURUSD
[2026-06-29 20:17:16] [INFO] [sltp] SL/TP EURUSD: entry=1.1428571939468384 atr=0.00235 sl=1.13932 tp=1.14874
[2026-06-29 20:17:16] [INFO] [position_sizing] Position size: 0.5 (equity=74613, risk=0.000, sl_dist=0.00354, score=60, cons_loss=10)
[2026-06-29 20:17:16] [INFO] [xgboost_v2] [VERIFY] XGBOOST MODEL LOADED path=models/xgb_model.json available=True
[2026-06-29 20:17:16] [INFO] [xgboost_v2] XGBoost v2 model loaded successfully
[2026-06-29 20:17:16] [DEBUG] [xgboost_v2] V2 predict: rsi=73.8 atr=0.00235 regime=TRENDING session=new_york dir=BUY -> p_win=0.355
[2026-06-29 20:17:16] [INFO] [xgboost_v2] [VERIFY] XGBOOST PREDICTION p_win=0.355 available=True
[2026-06-29 20:17:16] [INFO] [main] [VERIFY][DECISION_TRUTH] bias=bullish score=60.0 confidence=1.0 vote=BUY risk_passed=False sl_tp_calculated=True position_size=0.5 xgboost_p_win=0.3553178906440735 final_decision_valid=False reject_reason=p_win<threshold (p_win=0.355 threshold=0.6)
[2026-06-29 20:17:16] [INFO] [main] --- XAUUSD ---
[2026-06-29 20:17:21] [WARNING] [deepseek] Retry 1: JSON incomplete/truncated
[2026-06-29 20:17:26] [WARNING] [deepseek] DeepSeek empty response
[2026-06-29 20:17:31] [WARNING] [deepseek] DeepSeek empty response
[2026-06-29 20:17:36] [INFO] [deepseek] DEEPSEEK OK: {"impact_score": 65, "bias": "bearish", "confidence": 0.75, "reason": "التحليل الفني يظهر اتجاهًا ها...
[2026-06-29 20:17:36] [INFO] [deepseek] AI XAUUSD: bias=bearish impact=65.0 conf=0.75
[2026-06-29 20:17:36] [INFO] [signal_engine] [VERIFY] SIGNAL_INPUT bias=bearish score=65.0 confidence=0.75
[2026-06-29 20:17:36] [INFO] [signal_engine] [VERIFY] SIGNAL_RULE rule=confidence>=0.60 actual=0.75 result=True
[2026-06-29 20:17:36] [INFO] [signal_engine] [VERIFY] SIGNAL_RULE rule=score>=55 actual=65.0 result=True
[2026-06-29 20:17:36] [INFO] [signal_engine] [VERIFY] SIGNAL_RULE rule=bias in [bullish,bearish] actual=bearish result=True
[2026-06-29 20:17:36] [INFO] [signal_engine] [VERIFY] SIGNAL_FINAL direction=SELL score=65.0 confidence=0.75 valid=True
[2026-06-29 20:17:36] [DEBUG] [signal_engine] Signal: SELL score=65.0 conf=0.75 strength=متوسط valid=True
[2026-06-29 20:17:36] [DEBUG] [mtf] MTF (snapshot) XAUUSD: H4=bearish H1=neutral M15=neutral aligned=False (weak)
[2026-06-29 20:17:36] [INFO] [main] [VERIFY][DATA_TRUTH] symbol=XAUUSD timeframe=H4/H1/M15 news_fetched=True indicators_fetched=True live_data=True cached=False
[2026-06-29 20:17:36] [INFO] [voting_engine] XAUUSD: MTF weakly misaligned, reducing score 10%
[2026-06-29 20:17:36] [WARNING] [risk_engine] Risk: Consecutive losses limit exceeded (XAUUSD SELL) - Consecutive losses: 10
[2026-06-29 20:17:36] [DEBUG] [hybrid_market_client] Fetching indicators for XAUUSD (QuantDinger only)
[2026-06-29 20:17:36] [DEBUG] [market_client] Candles XAUUSD 4H: 100 bars ✓
[2026-06-29 20:17:36] [DEBUG] [hybrid_market_client] ✓ Got live data from QuantDinger for XAUUSD
[2026-06-29 20:17:36] [DEBUG] [hybrid_market_client] Fetching indicators for XAUUSD (QuantDinger only)
[2026-06-29 20:17:36] [DEBUG] [market_client] Using cached candles for XAUUSD 4H (age: 0s)
[2026-06-29 20:17:36] [DEBUG] [hybrid_market_client] ✓ Got live data from QuantDinger for XAUUSD
[2026-06-29 20:17:36] [INFO] [sltp] SL/TP XAUUSD: entry=4042.800048828125 atr=34.19282 sl=4052.80005 tp=3957.318
[2026-06-29 20:17:36] [INFO] [position_sizing] Position size: 0.1 (equity=74613, risk=0.000, sl_dist=10.00000, score=72, cons_loss=10)
[2026-06-29 20:17:36] [DEBUG] [xgboost_v2] V2 predict: rsi=46.8 atr=34.19282 regime=TRENDING session=new_york dir=SELL -> p_win=0.309
[2026-06-29 20:17:36] [INFO] [xgboost_v2] [VERIFY] XGBOOST PREDICTION p_win=0.309 available=True
[2026-06-29 20:17:36] [INFO] [main] [VERIFY][DECISION_TRUTH] bias=bearish score=72.2 confidence=0.664 vote=SELL risk_passed=False sl_tp_calculated=True position_size=0.1 xgboost_p_win=0.3094331622123718 final_decision_valid=False reject_reason=p_win<threshold (p_win=0.309 threshold=0.6)
[2026-06-29 20:17:36] [INFO] [main] --- GBPUSD ---
[2026-06-29 20:17:39] [INFO] [deepseek] DEEPSEEK OK: {
  "impact_score": 80,
  "bias": "bullish",
  "confidence": 0.75,
  "reason": "الاتجاه صاعد والأخبا...
[2026-06-29 20:17:39] [INFO] [deepseek] AI GBPUSD: bias=bullish impact=80.0 conf=0.75
[2026-06-29 20:17:39] [INFO] [signal_engine] [VERIFY] SIGNAL_INPUT bias=bullish score=80.0 confidence=0.75
[2026-06-29 20:17:39] [INFO] [signal_engine] [VERIFY] SIGNAL_RULE rule=confidence>=0.60 actual=0.75 result=True
[2026-06-29 20:17:39] [INFO] [signal_engine] [VERIFY] SIGNAL_RULE rule=score>=55 actual=80.0 result=True
[2026-06-29 20:17:39] [INFO] [signal_engine] [VERIFY] SIGNAL_RULE rule=bias in [bullish,bearish] actual=bullish result=True
[2026-06-29 20:17:39] [INFO] [signal_engine] [VERIFY] SIGNAL_FINAL direction=BUY score=80.0 confidence=0.75 valid=True
[2026-06-29 20:17:39] [DEBUG] [signal_engine] Signal: BUY score=80.0 conf=0.75 strength=قوي valid=True
[2026-06-29 20:17:39] [INFO] [sentiment] Sentiment GBPUSD: neutral score=50 bull=1 bear=1
[2026-06-29 20:17:39] [DEBUG] [mtf] MTF (snapshot) GBPUSD: H4=bullish H1=bearish M15=bearish aligned=True (weak)
[2026-06-29 20:17:39] [INFO] [main] [VERIFY][DATA_TRUTH] symbol=GBPUSD timeframe=H4/H1/M15 news_fetched=True indicators_fetched=True live_data=True cached=False
[2026-06-29 20:17:39] [WARNING] [risk_engine] Risk: Consecutive losses limit exceeded (GBPUSD BUY) - Consecutive losses: 10
[2026-06-29 20:17:39] [DEBUG] [hybrid_market_client] Fetching indicators for GBPUSD (QuantDinger only)
[2026-06-29 20:17:39] [DEBUG] [market_client] Candles GBPUSD 4H: 100 bars ✓
[2026-06-29 20:17:39] [DEBUG] [hybrid_market_client] ✓ Got live data from QuantDinger for GBPUSD
[2026-06-29 20:17:39] [DEBUG] [hybrid_market_client] Fetching indicators for GBPUSD (QuantDinger only)
[2026-06-29 20:17:39] [DEBUG] [market_client] Using cached candles for GBPUSD 4H (age: 0s)
[2026-06-29 20:17:39] [DEBUG] [hybrid_market_client] ✓ Got live data from QuantDinger for GBPUSD
[2026-06-29 20:17:39] [INFO] [sltp] SL/TP GBPUSD: entry=1.325556755065918 atr=0.00260 sl=1.32166 tp=1.33205
[2026-06-29 20:17:39] [INFO] [position_sizing] Position size: 0.5 (equity=74613, risk=0.000, sl_dist=0.00390, score=56, cons_loss=10)
[2026-06-29 20:17:39] [DEBUG] [xgboost_v2] V2 predict: rsi=73.1 atr=0.00260 regime=TRENDING session=new_york dir=BUY -> p_win=0.451
[2026-06-29 20:17:39] [INFO] [xgboost_v2] [VERIFY] XGBOOST PREDICTION p_win=0.451 available=True
[2026-06-29 20:17:39] [INFO] [main] [VERIFY][DECISION_TRUTH] bias=bullish score=55.9 confidence=1.0 vote=BUY risk_passed=False sl_tp_calculated=True position_size=0.5 xgboost_p_win=0.45058220624923706 final_decision_valid=False reject_reason=p_win<threshold (p_win=0.451 threshold=0.6)
[2026-06-29 20:17:39] [INFO] [adaptive_weights] EURUSD weights updated: {'ai': 0.239, 'trend': 0.239, 'momentum': 0.239, 'sentiment': 0.239, 'volatility': 0.043} | WR=13.6% PF=0
[2026-06-29 20:17:39] [INFO] [adaptive_weights] 🏆 أفضل زوج: EURUSD | WR=13.6% | PnL=190.0$
[2026-06-29 20:17:39] [INFO] [adaptive_weights] ⚠️ أسوأ زوج: XAUUSD | WR=0.0% | PnL=0.0$
[2026-06-29 20:17:39] [INFO] [main] Sleeping 1800s...
[2026-06-29 20:18:39] [INFO] [post_entry_manager] [POST_ENTRY] New position detected ticket=9337705368 symbol=EURUSD
[2026-06-29 20:18:39] [INFO] [post_entry_manager] [POST_ENTRY] Monitoring ticket=9337705368
[2026-06-29 20:18:39] [INFO] [xgboost_exit_adapter] [EXIT_MODEL] ticket=9337705368 open_time=2026-06-29 22:57:36, current_time=2026-06-29 20:18:39, time_open_hours=0.0000, profit=-1.04, mfe=0.00, mae=-1.04, spread=15.0, profit_decay_pct=0.0%
[2026-06-29 20:18:39] [INFO] [xgboost_exit_model] Loaded Exit Model from F:\files (2)\google\botdd\trading_bot_v3\models\xgboost_exit_model.json
[2026-06-29 20:18:39] [INFO] [xgboost_exit_model] [EXIT_MODEL] XGBoost prediction: probability=98.6%
[2026-06-29 20:18:44] [INFO] [post_entry_manager] [POST_ENTRY] Monitoring ticket=9337705368
[2026-06-29 20:18:44] [INFO] [xgboost_exit_adapter] [EXIT_MODEL] ticket=9337705368 open_time=2026-06-29 22:57:36, current_time=2026-06-29 20:18:44, time_open_hours=0.0000, profit=-1.44, mfe=0.00, mae=-1.44, spread=15.0, profit_decay_pct=0.0%
[2026-06-29 20:18:44] [INFO] [xgboost_exit_model] [EXIT_MODEL] XGBoost prediction: probability=98.6%
[2026-06-29 20:18:49] [INFO] [post_entry_manager] [POST_ENTRY] Monitoring ticket=9337705368
[2026-06-29 20:18:49] [INFO] [xgboost_exit_adapter] [EXIT_MODEL] ticket=9337705368 open_time=2026-06-29 22:57:36, current_time=2026-06-29 20:18:49, time_open_hours=0.0000, profit=-1.64, mfe=0.00, mae=-1.64, spread=15.0, profit_decay_pct=0.0%
[2026-06-29 20:18:49] [INFO] [xgboost_exit_model] [EXIT_MODEL] XGBoost prediction: probability=98.6%
[2026-06-29 20:18:54] [INFO] [post_entry_manager] [POST_ENTRY] Monitoring ticket=9337705368
[2026-06-29 20:18:54] [INFO] [xgboost_exit_adapter] [EXIT_MODEL] ticket=9337705368 open_time=2026-06-29 22:57:36, current_time=2026-06-29 20:18:54, time_open_hours=0.0000, profit=-1.64, mfe=0.00, mae=-1.64, spread=15.0, profit_decay_pct=0.0%
[2026-06-29 20:18:54] [INFO] [xgboost_exit_model] [EXIT_MODEL] XGBoost prediction: probability=98.6%
[2026-06-29 20:18:59] [WARNING] [reconciliation] Unknown position in QD: 9337705368 EURUSD
[2026-06-29 20:18:59] [INFO] [reconciliation] Reconciliation: {'db_count': 0, 'qd_count': 1, 'fixes': 0, 'mismatches': ['QD orphan: 9337705368']}
[2026-06-29 20:18:59] [INFO] [post_entry_manager] [POST_ENTRY] Monitoring ticket=9337705368
[2026-06-29 20:18:59] [INFO] [xgboost_exit_adapter] [EXIT_MODEL] ticket=9337705368 open_time=2026-06-29 22:57:36, current_time=2026-06-29 20:18:59, time_open_hours=0.0000, profit=-1.68, mfe=0.00, mae=-1.68, spread=15.0, profit_decay_pct=0.0%
[2026-06-29 20:18:59] [INFO] [xgboost_exit_model] [EXIT_MODEL] XGBoost prediction: probability=98.6%
[2026-06-29 20:19:04] [INFO] [post_entry_manager] [POST_ENTRY] Monitoring ticket=9337705368
[2026-06-29 20:19:04] [INFO] [xgboost_exit_adapter] [EXIT_MODEL] ticket=9337705368 open_time=2026-06-29 22:57:36, current_time=2026-06-29 20:19:04, time_open_hours=0.0000, profit=-1.68, mfe=0.00, mae=-1.68, spread=15.0, profit_decay_pct=0.0%
[2026-06-29 20:19:04] [INFO] [xgboost_exit_model] [EXIT_MODEL] XGBoost prediction: probability=98.6%
