[2026-06-24 10:47:46] [INFO] [main] Trading Bot V3 starting...
[2026-06-24 10:47:46] [INFO] [database] V3 Database initialized with all tables
[2026-06-24 10:47:47] [INFO] [qd_client] Logged in to QuantDinger
[2026-06-24 10:47:47] [INFO] [qd_client] MT5 connected
[2026-06-24 10:47:47] [INFO] [main] MT5 connected
[2026-06-24 10:47:47] [INFO] [telegram_bot] Telegram polling started
[2026-06-24 10:47:47] [INFO] [telegram_bot] Telegram bot V3 started
[2026-06-24 10:47:47] [INFO] [mt5_watchdog] MT5 watchdog started (V1 reconnect logic)
[2026-06-24 10:47:47] [INFO] [reconciliation] Reconciliation loop started (every 60s)
[2026-06-24 10:47:47] [INFO] [reconciliation] Reconciliation thread started
[2026-06-24 10:47:48] [INFO] [main] ==================================================
[2026-06-24 10:47:48] [INFO] [main] Cycle 1 at 10:47:48
[2026-06-24 10:47:58] [INFO] [news_fetcher] Fetched 23 relevant news items
[2026-06-24 10:47:58] [INFO] [main] Equity: 73706.50$ | News: 23
[2026-06-24 10:47:58] [DEBUG] [hybrid_market_client] Fetching indicators for EURUSD (method: QuantDinger)
[2026-06-24 10:47:58] [DEBUG] [market_client] Candles EURUSD 4H: 100 bars ✓
[2026-06-24 10:47:58] [DEBUG] [hybrid_market_client] ✓ Got real data from QuantDinger for EURUSD
[2026-06-24 10:47:58] [DEBUG] [hybrid_market_client] Fetching indicators for EURUSD (method: QuantDinger)
[2026-06-24 10:47:58] [DEBUG] [market_client] Candles EURUSD 4H: 100 bars ✓
[2026-06-24 10:47:58] [DEBUG] [hybrid_market_client] ✓ Got real data from QuantDinger for EURUSD
[2026-06-24 10:47:58] [DEBUG] [hybrid_market_client] Fetching indicators for EURUSD (method: QuantDinger)
[2026-06-24 10:47:58] [DEBUG] [market_client] Candles EURUSD 4H: 100 bars ✓
[2026-06-24 10:47:58] [DEBUG] [hybrid_market_client] ✓ Got real data from QuantDinger for EURUSD
[2026-06-24 10:47:58] [INFO] [market_snapshot_builder] [SNAPSHOT_BUILT] symbol=EURUSD tfs=H4,H1,M15
[2026-06-24 10:47:58] [DEBUG] [hybrid_market_client] Fetching indicators for XAUUSD (method: QuantDinger)
[2026-06-24 10:47:58] [DEBUG] [market_client] Candles XAUUSD 4H: 100 bars ✓
[2026-06-24 10:47:58] [DEBUG] [hybrid_market_client] ✓ Got real data from QuantDinger for XAUUSD
[2026-06-24 10:47:58] [DEBUG] [hybrid_market_client] Fetching indicators for XAUUSD (method: QuantDinger)
[2026-06-24 10:47:58] [DEBUG] [market_client] Candles XAUUSD 4H: 100 bars ✓
[2026-06-24 10:47:58] [DEBUG] [hybrid_market_client] ✓ Got real data from QuantDinger for XAUUSD
[2026-06-24 10:47:58] [DEBUG] [hybrid_market_client] Fetching indicators for XAUUSD (method: QuantDinger)
[2026-06-24 10:47:58] [DEBUG] [market_client] Candles XAUUSD 4H: 100 bars ✓
[2026-06-24 10:47:58] [DEBUG] [hybrid_market_client] ✓ Got real data from QuantDinger for XAUUSD
[2026-06-24 10:47:58] [INFO] [market_snapshot_builder] [SNAPSHOT_BUILT] symbol=XAUUSD tfs=H4,H1,M15
[2026-06-24 10:47:58] [DEBUG] [hybrid_market_client] Fetching indicators for GBPUSD (method: QuantDinger)
[2026-06-24 10:47:59] [DEBUG] [market_client] Candles GBPUSD 4H: 100 bars ✓
[2026-06-24 10:47:59] [DEBUG] [hybrid_market_client] ✓ Got real data from QuantDinger for GBPUSD
[2026-06-24 10:47:59] [DEBUG] [hybrid_market_client] Fetching indicators for GBPUSD (method: QuantDinger)
[2026-06-24 10:47:59] [DEBUG] [market_client] Candles GBPUSD 4H: 100 bars ✓
[2026-06-24 10:47:59] [DEBUG] [hybrid_market_client] ✓ Got real data from QuantDinger for GBPUSD
[2026-06-24 10:47:59] [DEBUG] [hybrid_market_client] Fetching indicators for GBPUSD (method: QuantDinger)
[2026-06-24 10:47:59] [DEBUG] [market_client] Candles GBPUSD 4H: 100 bars ✓
[2026-06-24 10:47:59] [DEBUG] [hybrid_market_client] ✓ Got real data from QuantDinger for GBPUSD
[2026-06-24 10:47:59] [INFO] [market_snapshot_builder] [SNAPSHOT_BUILT] symbol=GBPUSD tfs=H4,H1,M15
[2026-06-24 10:47:59] [INFO] [main] --- EURUSD ---
[2026-06-24 10:48:03] [INFO] [deepseek] ================================================================================
[2026-06-24 10:48:03] [INFO] [deepseek] DEEPSEEK RAW RESPONSE EURUSD: {
 "impact_score": 65,
 "bias": "bearish",
 "confidence": 0.75,
 "reason": "الأخبار تظهر هيمنة قوة الدولار الأمريكي بسبب توقعات رفع الفائدة من الاحتياطي الفيدرالي، مما يضغط على زوج EURUSD لأسفل. كما أن تصريحات البنك المركزي الأوروبي غير واضحة، بينما تتركز المخاوف على التضخم والسياسة النقدية المشددة عالميًا.",
 "key_factors": ["قوة الدولار الأمريكي بدعم من توقعات رفع الفائدة الفيدرالية", "ضعف اليورو النسبي مع غياب محفزات إيجابية من البنك المركزي الأوروبي"],
 "risk_factors": ["احتمال تراجع الدولار إذا جاءت بيانات التضخم الأمريكية أضعف من المتوقع", "تصاعد التوترات الجيوسياسية قد يعزز الطلب على الملاذات الآمنة ويؤثر سلبًا على الدولار"]
}
[2026-06-24 10:48:03] [INFO] [deepseek] ================================================================================
[2026-06-24 10:48:03] [INFO] [deepseek] AI analysis EURUSD: bias=bearish score=65.0 conf=0.75
[2026-06-24 10:48:03] [INFO] [signal_engine] [VERIFY] SIGNAL_INPUT bias=bearish score=65.0 confidence=0.75
[2026-06-24 10:48:03] [INFO] [signal_engine] [VERIFY] SIGNAL_RULE rule=confidence>=0.60 actual=0.75 result=True
[2026-06-24 10:48:03] [INFO] [signal_engine] [VERIFY] SIGNAL_RULE rule=score>=55 actual=65.0 result=True
[2026-06-24 10:48:03] [INFO] [signal_engine] [VERIFY] SIGNAL_RULE rule=bias in [bullish,bearish] actual=bearish result=True
[2026-06-24 10:48:03] [INFO] [signal_engine] [VERIFY] SIGNAL_FINAL direction=SELL score=65.0 confidence=0.75 valid=True
[2026-06-24 10:48:03] [DEBUG] [signal_engine] Signal: SELL score=65.0 conf=0.75 strength=متوسط valid=True
[2026-06-24 10:48:03] [INFO] [sentiment] Sentiment EURUSD: bullish score=92 bull=5 bear=1
[2026-06-24 10:48:03] [DEBUG] [mtf] MTF (snapshot) EURUSD: H4=bearish H1=bullish M15=bullish aligned=True (weak)
[2026-06-24 10:48:03] [INFO] [main] [VERIFY][DATA_TRUTH] symbol=EURUSD timeframe=H4/H1/M15 news_fetched=True indicators_fetched=True live_data=True cached=False
[2026-06-24 10:48:03] [DEBUG] [hybrid_market_client] Fetching indicators for EURUSD (method: QuantDinger)
[2026-06-24 10:48:03] [DEBUG] [market_client] Candles EURUSD 4H: 100 bars ✓
[2026-06-24 10:48:03] [DEBUG] [hybrid_market_client] ✓ Got real data from QuantDinger for EURUSD
[2026-06-24 10:48:03] [DEBUG] [hybrid_market_client] Fetching indicators for EURUSD (method: QuantDinger)
[2026-06-24 10:48:03] [DEBUG] [market_client] Using cached candles for EURUSD 4H (age: 0s)
[2026-06-24 10:48:03] [DEBUG] [hybrid_market_client] ✓ Got real data from QuantDinger for EURUSD
[2026-06-24 10:48:03] [INFO] [sltp] SL/TP EURUSD: entry=1.1362345218658447 atr=0.00185 sl=1.13902 tp=1.1316
[2026-06-24 10:48:03] [INFO] [position_sizing] Position size: 0.5 (equity=73706, risk=0.001, sl_dist=0.00279, score=50, cons_loss=0)
[2026-06-24 10:48:03] [INFO] [xgboost_v2] [VERIFY] XGBOOST MODEL LOADED path=models/xgb_model.json available=True
[2026-06-24 10:48:03] [INFO] [xgboost_v2] XGBoost v2 model loaded successfully
[2026-06-24 10:48:03] [DEBUG] [xgboost_v2] V2 predict: rsi=6.4 atr=0.00185 regime=TRENDING session=london dir=SELL -> p_win=0.825
[2026-06-24 10:48:03] [INFO] [xgboost_v2] [VERIFY] XGBOOST PREDICTION p_win=0.825 available=True
[2026-06-24 10:48:03] [INFO] [main] [VERIFY][DECISION_TRUTH] bias=bearish score=49.9 confidence=1.0 vote=SELL risk_passed=True sl_tp_calculated=True position_size=0.5 xgboost_p_win=0.8252059817314148 final_decision_valid=True reject_reason=OK
[2026-06-24 10:48:03] [INFO] [mt5_direct] [MT5_DIRECT] open_trade symbol=EURUSD direction=SELL volume=0.6 sl=1.13902 tp=1.1316
[2026-06-24 10:48:03] [INFO] [mt5_direct] [MT5_DIRECT] terminal_info: TerminalInfo(community_account=True, community_connection=True, connected=True, dlls_allowed=False, trade_allowed=True, tradeapi_disabled=False, email_enabled=False, ftp_enabled=False, notifications_enabled=False, mqid=True, build=5836, maxbars=100000, codepage=0, ping_last=75009, community_balance=0.0, retransmission=0.01467955205124498, company='MetaQuotes Ltd.', name='MetaTrader 5', language='English', path='C:\\Program Files\\MetaTrader 5', data_path='C:\\Users\\ACER\\AppData\\Roaming\\MetaQuotes\\Terminal\\D0E8209F77C8CF37AD8BF550E51FF075', commondata_path='C:\\Users\\ACER\\AppData\\Roaming\\MetaQuotes\\Terminal\\Common')
[2026-06-24 10:48:03] [INFO] [mt5_direct] [MT5_DIRECT] account_info: AccountInfo(login=108132137, trade_mode=0, leverage=100, limit_orders=200, margin_so_mode=0, trade_allowed=True, trade_expert=True, margin_mode=2, currency_digits=2, fifo_close=False, balance=73706.5, credit=0.0, profit=0.0, equity=73706.5, margin=0.0, margin_free=73706.5, margin_level=0.0, margin_so_call=50.0, margin_so_so=30.0, margin_initial=0.0, margin_maintenance=0.0, assets=0.0, liabilities=0.0, commission_blocked=0.0, name='Ali Nabil', server='MetaQuotes-Demo', currency='USD', company='MetaQuotes Ltd.')
[2026-06-24 10:48:03] [DEBUG] [mt5_direct] [MT5_DIRECT] order_send request={'action': 1, 'symbol': 'EURUSD', 'volume': 0.6, 'type': 1, 'price': 1.13601, 'sl': 1.13902, 'tp': 1.1316, 'deviation': 20, 'magic': 0, 'comment': 'Bot V3', 'type_filling': 1}
[2026-06-24 10:48:03] [ERROR] [mt5_direct] [MT5_DIRECT] order_send failed result=OrderSendResult(retcode=10030, deal=0, order=0, volume=0.0, price=0.0, bid=0.0, ask=0.0, comment='Unsupported filling mode', request_id=0, retcode_external=0, request=TradeRequest(action=1, magic=0, order=0, symbol='EURUSD', volume=0.6, price=1.13601, stoplimit=0.0, sl=1.13902, tp=1.1316, deviation=20, type=1, type_filling=1, type_time=0, expiration=0, comment='Bot V3', position=0, position_by=0)) comment=Unsupported filling mode retcode=10030
[2026-06-24 10:48:03] [INFO] [mt5_direct] [MT5_DIRECT] Retry order_send without type_filling
[2026-06-24 10:48:03] [INFO] [main] [VERIFY][EXECUTION_RESULT] symbol=EURUSD open_trade_result={'status': 'success', 'order_id': '9240326097', 'price': 1.13601, 'symbol': 'EURUSD', 'direction': 'SELL', 'volume': 0.6, 'timestamp': 1782287283.8034375, 'raw_response': {'retcode': 10009, 'deal': 8885928072, 'order': 9240326097, 'volume': 0.6, 'price': 1.13601, 'bid': 0.0, 'ask': 0.0, 'comment': 'Request executed', 'request_id': 3407858940, 'retcode_external': 0, 'request': TradeRequest(action=1, magic=0, order=0, symbol='EURUSD', volume=0.6, price=1.13601, stoplimit=0.0, sl=1.13902, tp=1.1316, deviation=20, type=1, type_filling=0, type_time=0, expiration=0, comment='Bot V3', position=0, position_by=0)}}
[2026-06-24 10:48:03] [INFO] [sltp] SL/TP EURUSD: entry=1.13601 atr=0.00185 sl=1.13879 tp=1.13138
[2026-06-24 10:48:04] [INFO] [main] --- XAUUSD ---
[2026-06-24 10:48:07] [INFO] [deepseek] ================================================================================
[2026-06-24 10:48:07] [INFO] [deepseek] DEEPSEEK RAW RESPONSE XAUUSD: {
 "impact_score": 65,
 "bias": "bearish",
 "confidence": 0.7,
 "reason": "الأخبار تظهر قوة الدولار الأمريكي بدعم من توقعات رفع الفائدة من الاحتياطي الفيدرالي، مما يضغط على الذهب. كما أن تصريحات بنك اليابان حول رفع الفائدة تقلل من جاذبية الذهب كملاذ آمن.",
 "key_factors": ["قوة الدولار الأمريكي بسبب التوقعات المتشددة للفيدرالي", "ارتفاع عوائد السندات الأمريكية يقلل من جاذبية الذهب"],
 "risk_factors": ["احتمال تحول السوق إلى حالة من عدم اليقين الجيوسياسي يدعم الذهب", "تصريحات البنوك المركزية الأخرى قد تغير التوجه"]
}
[2026-06-24 10:48:07] [INFO] [deepseek] ================================================================================
[2026-06-24 10:48:07] [INFO] [deepseek] AI analysis XAUUSD: bias=bearish score=65.0 conf=0.70
[2026-06-24 10:48:07] [INFO] [signal_engine] [VERIFY] SIGNAL_INPUT bias=bearish score=65.0 confidence=0.7
[2026-06-24 10:48:07] [INFO] [signal_engine] [VERIFY] SIGNAL_RULE rule=confidence>=0.60 actual=0.7 result=True
[2026-06-24 10:48:07] [INFO] [signal_engine] [VERIFY] SIGNAL_RULE rule=score>=55 actual=65.0 result=True
[2026-06-24 10:48:07] [INFO] [signal_engine] [VERIFY] SIGNAL_RULE rule=bias in [bullish,bearish] actual=bearish result=True
[2026-06-24 10:48:07] [INFO] [signal_engine] [VERIFY] SIGNAL_FINAL direction=SELL score=65.0 confidence=0.7 valid=True
[2026-06-24 10:48:07] [DEBUG] [signal_engine] Signal: SELL score=65.0 conf=0.70 strength=متوسط valid=True
[2026-06-24 10:48:07] [DEBUG] [mtf] MTF (snapshot) XAUUSD: H4=bearish H1=bearish M15=bearish aligned=True (strong)
[2026-06-24 10:48:07] [INFO] [main] [VERIFY][DATA_TRUTH] symbol=XAUUSD timeframe=H4/H1/M15 news_fetched=True indicators_fetched=True live_data=True cached=False
[2026-06-24 10:48:07] [INFO] [voting_engine] XAUUSD: MTF strongly aligned, boosting score 10%
[2026-06-24 10:48:07] [DEBUG] [hybrid_market_client] Fetching indicators for XAUUSD (method: QuantDinger)
[2026-06-24 10:48:07] [DEBUG] [market_client] Candles XAUUSD 4H: 100 bars ✓
[2026-06-24 10:48:07] [DEBUG] [hybrid_market_client] ✓ Got real data from QuantDinger for XAUUSD
[2026-06-24 10:48:07] [DEBUG] [hybrid_market_client] Fetching indicators for XAUUSD (method: QuantDinger)
[2026-06-24 10:48:07] [DEBUG] [market_client] Using cached candles for XAUUSD 4H (age: 0s)
[2026-06-24 10:48:07] [DEBUG] [hybrid_market_client] ✓ Got real data from QuantDinger for XAUUSD
[2026-06-24 10:48:07] [INFO] [sltp] SL/TP XAUUSD: entry=4094.0 atr=50.46432 sl=4104.0 tp=3967.8392
[2026-06-24 10:48:07] [INFO] [position_sizing] Position size: 0.1 (equity=73706, risk=0.003, sl_dist=10.00000, score=94, cons_loss=0)
[2026-06-24 10:48:07] [DEBUG] [xgboost_v2] V2 predict: rsi=40.8 atr=50.46432 regime=TRENDING session=london dir=SELL -> p_win=0.221
[2026-06-24 10:48:07] [INFO] [xgboost_v2] [VERIFY] XGBOOST PREDICTION p_win=0.221 available=True
[2026-06-24 10:48:07] [INFO] [main] [VERIFY][DECISION_TRUTH] bias=bearish score=94.5 confidence=1.0 vote=SELL risk_passed=True sl_tp_calculated=True position_size=0.1 xgboost_p_win=0.22139807045459747 final_decision_valid=False reject_reason=p_win<threshold (p_win=0.221 threshold=0.6)
[2026-06-24 10:48:07] [INFO] [main] --- GBPUSD ---
[2026-06-24 10:48:11] [INFO] [deepseek] ================================================================================
[2026-06-24 10:48:11] [INFO] [deepseek] DEEPSEEK RAW RESPONSE GBPUSD: {
 "impact_score": 75,
 "bias": "bearish",
 "confidence": 0.8,
 "reason": "الأخبار تؤكد قوة الدولار الأمريكي بسبب توقعات رفع الفائدة من الاحتياطي الفيدرالي، مما يضغط على زوج الجنيه الإسترليني مقابل الدولار. ضعف الجنيه الإسترليني يظهر من تحذير UOB حول اختراق الدعم عند 1.3160. كما أن تصريحات بنك اليابان المتشددة تزيد من قوة الدولار عالمياً.",
 "key_factors": ["قوة الدولار الأمريكي بدعم من توقعات رفع الفائدة الفيدرالية", "ضعف الجنيه الإسترليني مع ضغط على مستوى الدعم 1.3160"],
 "risk_factors": ["احتمال تراجع الدولار إذا جاءت بيانات التضخم الأمريكية أضعف من المتوقع", "تصريحات بنك إنجلترا المتشددة قد تدعم الجنيه"]
}
[2026-06-24 10:48:11] [INFO] [deepseek] ================================================================================
[2026-06-24 10:48:11] [INFO] [deepseek] AI analysis GBPUSD: bias=bearish score=75.0 conf=0.80
[2026-06-24 10:48:11] [INFO] [signal_engine] [VERIFY] SIGNAL_INPUT bias=bearish score=75.0 confidence=0.8
[2026-06-24 10:48:11] [INFO] [signal_engine] [VERIFY] SIGNAL_RULE rule=confidence>=0.60 actual=0.8 result=True
[2026-06-24 10:48:11] [INFO] [signal_engine] [VERIFY] SIGNAL_RULE rule=score>=55 actual=75.0 result=True
[2026-06-24 10:48:11] [INFO] [signal_engine] [VERIFY] SIGNAL_RULE rule=bias in [bullish,bearish] actual=bearish result=True
[2026-06-24 10:48:11] [INFO] [signal_engine] [VERIFY] SIGNAL_FINAL direction=SELL score=75.0 confidence=0.8 valid=True
[2026-06-24 10:48:11] [DEBUG] [signal_engine] Signal: SELL score=75.0 conf=0.80 strength=قوي valid=True
[2026-06-24 10:48:11] [INFO] [sentiment] Sentiment GBPUSD: bullish score=100 bull=1 bear=0
[2026-06-24 10:48:11] [DEBUG] [mtf] MTF (snapshot) GBPUSD: H4=bearish H1=bearish M15=bearish aligned=True (strong)
[2026-06-24 10:48:11] [INFO] [main] [VERIFY][DATA_TRUTH] symbol=GBPUSD timeframe=H4/H1/M15 news_fetched=True indicators_fetched=True live_data=True cached=False
[2026-06-24 10:48:11] [INFO] [voting_engine] GBPUSD: MTF strongly aligned, boosting score 10%
[2026-06-24 10:48:11] [INFO] [correlation_protection] [CORRELATION_PROTECTION] Block correlated GBPUSD sell with EURUSD sell action=block
[2026-06-24 10:48:11] [INFO] [risk_engine] Risk: CorrelationProtection blocked (GBPUSD SELL)
[2026-06-24 10:48:11] [DEBUG] [hybrid_market_client] Fetching indicators for GBPUSD (method: QuantDinger)
[2026-06-24 10:48:11] [DEBUG] [market_client] Candles GBPUSD 4H: 100 bars ✓
[2026-06-24 10:48:11] [DEBUG] [hybrid_market_client] ✓ Got real data from QuantDinger for GBPUSD
[2026-06-24 10:48:11] [DEBUG] [hybrid_market_client] Fetching indicators for GBPUSD (method: QuantDinger)
[2026-06-24 10:48:11] [DEBUG] [market_client] Using cached candles for GBPUSD 4H (age: 0s)
[2026-06-24 10:48:11] [DEBUG] [hybrid_market_client] ✓ Got real data from QuantDinger for GBPUSD
[2026-06-24 10:48:11] [INFO] [sltp] SL/TP GBPUSD: entry=1.3197487592697144 atr=0.00259 sl=1.32363 tp=1.31328
[2026-06-24 10:48:11] [INFO] [position_sizing] Position size: 0.5 (equity=73706, risk=0.001, sl_dist=0.00388, score=76, cons_loss=0)
[2026-06-24 10:48:11] [DEBUG] [xgboost_v2] V2 predict: rsi=42.7 atr=0.00259 regime=TRENDING session=london dir=SELL -> p_win=0.874
[2026-06-24 10:48:11] [INFO] [xgboost_v2] [VERIFY] XGBOOST PREDICTION p_win=0.874 available=True
[2026-06-24 10:48:11] [INFO] [main] [VERIFY][DECISION_TRUTH] bias=bearish score=76.2 confidence=1.0 vote=SELL risk_passed=False sl_tp_calculated=True position_size=0.5 xgboost_p_win=0.8741529583930969 final_decision_valid=False reject_reason=CorrelationProtection: correlated open trade exists
[2026-06-24 10:48:11] [INFO] [adaptive_weights] 🏆 أفضل زوج: GBPUSD | WR=50.0% | PnL=163.8$
[2026-06-24 10:48:11] [INFO] [adaptive_weights] ⚠️ أسوأ زوج: EURUSD | WR=40.0% | PnL=112.0$
[2026-06-24 10:48:11] [INFO] [main] Sleeping 1800s...
[2026-06-24 10:48:55] [INFO] [news_fetcher] Fetched 23 relevant news items
[2026-06-24 10:49:02] [INFO] [news_fetcher] Fetched 23 relevant news items
[2026-06-24 10:49:06] [INFO] [deepseek] ================================================================================
[2026-06-24 10:49:06] [INFO] [deepseek] DEEPSEEK RAW RESPONSE EURUSD: {
 "impact_score": 65,
 "bias": "bearish",
 "confidence": 0.75,
 "reason": "الأخبار تؤكد قوة الدولار الأمريكي بسبب توقعات رفع الفائدة من الاحتياطي الفيدرالي، مما يضغط على زوج EURUSD لأسفل. كما أن تصريحات بنك اليابان وتراجع العملات الآسيوية تدعم قوة الدولار. لا توجد أخبار إيجابية تدعم اليورو.",
 "key_factors": ["قوة الدولار الأمريكي بدعم من التوقعات المتشددة للفيدرالي", "ضعف العملات الأخرى مثل الروبية والروبية الإندونيسية يعزز الدولار"],
 "risk_factors": ["احتمال تدخل اليابان في سوق العملات قد يحد من قوة الدولار مؤقتاً", "أي مفاجآت سلبية في بيانات التضخم الأمريكية قد تغير التوجه"]
}
[2026-06-24 10:49:06] [INFO] [deepseek] ================================================================================
[2026-06-24 10:49:06] [INFO] [deepseek] AI analysis EURUSD: bias=bearish score=65.0 conf=0.75
[2026-06-24 10:49:06] [DEBUG] [reconciliation] News check EURUSD: AI=bearish conf=0.75 — no conflict
[2026-06-24 10:50:55] [INFO] [news_fetcher] Fetched 19 relevant news items
[2026-06-24 10:52:03] [INFO] [news_fetcher] Fetched 23 relevant news items
[2026-06-24 10:53:29] [INFO] [news_fetcher] Fetched 23 relevant news items
[2026-06-24 10:54:37] [INFO] [news_fetcher] Fetched 23 relevant news items
[2026-06-24 10:56:04] [INFO] [news_fetcher] Fetched 19 relevant news items
[2026-06-24 10:57:11] [INFO] [news_fetcher] Fetched 23 relevant news items
[2026-06-24 10:58:38] [INFO] [news_fetcher] Fetched 19 relevant news items
[2026-06-24 11:00:04] [INFO] [news_fetcher] Fetched 23 relevant news items
[2026-06-24 11:01:10] [INFO] [news_fetcher] Fetched 23 relevant news items
[2026-06-24 11:02:35] [INFO] [news_fetcher] Fetched 23 relevant news items
[2026-06-24 11:03:43] [INFO] [news_fetcher] Fetched 23 relevant news items
[2026-06-24 11:05:10] [INFO] [news_fetcher] Fetched 19 relevant news items
[2026-06-24 11:05:37] [INFO] [news_fetcher] Fetched 19 relevant news items
[2026-06-24 11:05:40] [INFO] [deepseek] ================================================================================
[2026-06-24 11:05:40] [INFO] [deepseek] DEEPSEEK RAW RESPONSE EURUSD: {
 "impact_score": 85,
 "bias": "bearish",
 "confidence": 0.9,
 "reason": "الأخبار تؤكد قوة الدولار الأمريكي بشكل واسع ووصوله لأعلى مستوى في 13 شهرًا، مما يضغط على زوج EURUSD ليكسر مستوى 1.1400. لا توجد أي أخبار إيجابية تدعم اليورو، بينما تزيد التوقعات برفع الفائدة من الاحتياطي الفيدرالي من قوة الدولار.",
 "key_factors": ["ارتفاع الدولار لأعلى مستوى في 13 شهرًا", "توقعات برفع الفائدة الأمريكية (هوكيش فيد)"],
 "risk_factors": ["تدخل بنك اليابان قد يضعف الدولار مؤقتًا", "أي تصعيد جيوسياسي قد يغير التوجه"]
}
[2026-06-24 11:05:40] [INFO] [deepseek] ================================================================================
[2026-06-24 11:05:40] [INFO] [deepseek] AI analysis EURUSD: bias=bearish score=85.0 conf=0.90
[2026-06-24 11:05:40] [DEBUG] [reconciliation] News check EURUSD: AI=bearish conf=0.90 — no conflict
[2026-06-24 11:06:48] [INFO] [news_fetcher] Fetched 24 relevant news items
[2026-06-24 11:07:56] [INFO] [news_fetcher] Fetched 24 relevant news items
[2026-06-24 11:09:23] [INFO] [news_fetcher] Fetched 20 relevant news items
[2026-06-24 11:10:30] [INFO] [news_fetcher] Fetched 24 relevant news items
[2026-06-24 11:11:38] [INFO] [news_fetcher] Fetched 24 relevant news items
[2026-06-24 11:12:38] [INFO] [reconciliation] 🎯 Profit target reached: EURUSD profit=$78.00 → closing
[2026-06-24 11:12:38] [INFO] [reconciliation] [MT5_CLOSE] Sending DEAL close to MT5 for ticket=9240326097 request={'action': 1, 'symbol': 'EURUSD', 'volume': 0.6, 'type': 0, 'position': 9240326097, 'price': 1.13471, 'deviation': 20, 'magic': 0, 'comment': 'Bot V3'}
[2026-06-24 11:12:38] [ERROR] [reconciliation] Profit check error for {'id': '9240326097', 'ticket': '9240326097', 'symbol': 'EURUSD', 'type': 'sell', 'direction': 'sell', 'volume': 0.6, 'price_open': 1.13601, 'sl': 1.13902, 'tp': 1.1316, 'profit': 78.0, 'comment': 'Bot V3', 'price_current': 1.13471}: table execution_dataset has no column named breakeven_done
[2026-06-24 11:12:46] [INFO] [news_fetcher] Fetched 24 relevant news items
[2026-06-24 11:45:02] [INFO] [main] Trading Bot V3 starting...
[2026-06-24 11:45:02] [INFO] [database] V3 Database initialized with all tables
[2026-06-24 11:45:03] [INFO] [qd_client] Logged in to QuantDinger
[2026-06-24 11:45:03] [INFO] [qd_client] MT5 connected
[2026-06-24 11:45:03] [INFO] [main] MT5 connected
[2026-06-24 11:45:03] [INFO] [telegram_bot] Telegram polling started
[2026-06-24 11:45:03] [INFO] [telegram_bot] Telegram bot V3 started
[2026-06-24 11:45:03] [INFO] [mt5_watchdog] MT5 watchdog started (V1 reconnect logic)
[2026-06-24 11:45:03] [INFO] [reconciliation] Reconciliation loop started (every 60s)
[2026-06-24 11:45:03] [INFO] [reconciliation] Reconciliation thread started
[2026-06-24 11:45:04] [INFO] [main] ==================================================
[2026-06-24 11:45:04] [INFO] [main] Cycle 1 at 11:45:04
[2026-06-24 11:45:31] [INFO] [news_fetcher] Fetched 23 relevant news items
[2026-06-24 11:45:31] [INFO] [main] Equity: 73784.50$ | News: 23
[2026-06-24 11:45:31] [DEBUG] [hybrid_market_client] Fetching indicators for EURUSD (method: QuantDinger)
[2026-06-24 11:45:31] [DEBUG] [market_client] Candles EURUSD 4H: 100 bars ✓
[2026-06-24 11:45:31] [DEBUG] [hybrid_market_client] ✓ Got real data from QuantDinger for EURUSD
[2026-06-24 11:45:31] [DEBUG] [hybrid_market_client] Fetching indicators for EURUSD (method: QuantDinger)
[2026-06-24 11:45:31] [DEBUG] [market_client] Candles EURUSD 4H: 100 bars ✓
[2026-06-24 11:45:31] [DEBUG] [hybrid_market_client] ✓ Got real data from QuantDinger for EURUSD
[2026-06-24 11:45:31] [DEBUG] [hybrid_market_client] Fetching indicators for EURUSD (method: QuantDinger)
[2026-06-24 11:45:31] [DEBUG] [market_client] Candles EURUSD 4H: 100 bars ✓
[2026-06-24 11:45:31] [DEBUG] [hybrid_market_client] ✓ Got real data from QuantDinger for EURUSD
[2026-06-24 11:45:31] [INFO] [market_snapshot_builder] [SNAPSHOT_BUILT] symbol=EURUSD tfs=H4,H1,M15
[2026-06-24 11:45:31] [DEBUG] [hybrid_market_client] Fetching indicators for XAUUSD (method: QuantDinger)
[2026-06-24 11:45:32] [DEBUG] [market_client] Candles XAUUSD 4H: 100 bars ✓
[2026-06-24 11:45:32] [DEBUG] [hybrid_market_client] ✓ Got real data from QuantDinger for XAUUSD
[2026-06-24 11:45:32] [DEBUG] [hybrid_market_client] Fetching indicators for XAUUSD (method: QuantDinger)
[2026-06-24 11:45:32] [DEBUG] [market_client] Candles XAUUSD 4H: 100 bars ✓
[2026-06-24 11:45:32] [DEBUG] [hybrid_market_client] ✓ Got real data from QuantDinger for XAUUSD
[2026-06-24 11:45:32] [DEBUG] [hybrid_market_client] Fetching indicators for XAUUSD (method: QuantDinger)
[2026-06-24 11:45:32] [DEBUG] [market_client] Candles XAUUSD 4H: 100 bars ✓
[2026-06-24 11:45:32] [DEBUG] [hybrid_market_client] ✓ Got real data from QuantDinger for XAUUSD
[2026-06-24 11:45:32] [INFO] [market_snapshot_builder] [SNAPSHOT_BUILT] symbol=XAUUSD tfs=H4,H1,M15
[2026-06-24 11:45:32] [DEBUG] [hybrid_market_client] Fetching indicators for GBPUSD (method: QuantDinger)
[2026-06-24 11:45:32] [DEBUG] [market_client] Candles GBPUSD 4H: 100 bars ✓
[2026-06-24 11:45:32] [DEBUG] [hybrid_market_client] ✓ Got real data from QuantDinger for GBPUSD
[2026-06-24 11:45:32] [DEBUG] [hybrid_market_client] Fetching indicators for GBPUSD (method: QuantDinger)
[2026-06-24 11:45:32] [DEBUG] [market_client] Candles GBPUSD 4H: 100 bars ✓
[2026-06-24 11:45:32] [DEBUG] [hybrid_market_client] ✓ Got real data from QuantDinger for GBPUSD
[2026-06-24 11:45:32] [DEBUG] [hybrid_market_client] Fetching indicators for GBPUSD (method: QuantDinger)
[2026-06-24 11:45:32] [DEBUG] [market_client] Candles GBPUSD 4H: 100 bars ✓
[2026-06-24 11:45:32] [DEBUG] [hybrid_market_client] ✓ Got real data from QuantDinger for GBPUSD
[2026-06-24 11:45:32] [INFO] [market_snapshot_builder] [SNAPSHOT_BUILT] symbol=GBPUSD tfs=H4,H1,M15
[2026-06-24 11:45:32] [INFO] [main] --- EURUSD ---
[2026-06-24 11:45:36] [INFO] [deepseek] ================================================================================
[2026-06-24 11:45:36] [INFO] [deepseek] DEEPSEEK RAW RESPONSE EURUSD: {
 "impact_score": 85,
 "bias": "bearish",
 "confidence": 0.9,
 "reason": "الأخبار تؤكد قوة الدولار الأمريكي بسبب توقعات رفع الفائدة من الاحتياطي الفيدرالي، مما يضغط على زوج اليورو دولار. تراجع اليورو مقابل الدولار واستمرار صعود الدولار لأعلى مستوى في 13 شهرًا يعزز الاتجاه الهبوطي. لا توجد أخبار إيجابية كافية لليورو لموازنة هذا الضغط.",
 "key_factors": ["توقعات رفع الفائدة من الاحتياطي الفيدرالي تعزز الدولار", "تراجع اليورو مقابل الدولار واستمرار صعود الدولار لأعلى مستوى في 13 شهرًا"],
 "risk_factors": ["تحسن مفاجئ في مؤشر Ifo الألماني قد يدعم اليورو مؤقتًا", "أي تصريحات متشددة من البنك المركزي الأوروبي قد تبطئ الهبوط"]
}
[2026-06-24 11:45:36] [INFO] [deepseek] ================================================================================
[2026-06-24 11:45:36] [INFO] [deepseek] AI analysis EURUSD: bias=bearish score=85.0 conf=0.90
[2026-06-24 11:45:36] [INFO] [signal_engine] [VERIFY] SIGNAL_INPUT bias=bearish score=85.0 confidence=0.9
[2026-06-24 11:45:36] [INFO] [signal_engine] [VERIFY] SIGNAL_RULE rule=confidence>=0.60 actual=0.9 result=True
[2026-06-24 11:45:36] [INFO] [signal_engine] [VERIFY] SIGNAL_RULE rule=score>=55 actual=85.0 result=True
[2026-06-24 11:45:36] [INFO] [signal_engine] [VERIFY] SIGNAL_RULE rule=bias in [bullish,bearish] actual=bearish result=True
[2026-06-24 11:45:36] [INFO] [signal_engine] [VERIFY] SIGNAL_FINAL direction=SELL score=85.0 confidence=0.9 valid=True
[2026-06-24 11:45:36] [DEBUG] [signal_engine] Signal: SELL score=85.0 conf=0.90 strength=قوي جداً valid=True
[2026-06-24 11:45:36] [INFO] [sentiment] Sentiment EURUSD: bullish score=83 bull=4 bear=2
[2026-06-24 11:45:36] [DEBUG] [mtf] MTF (snapshot) EURUSD: H4=bearish H1=bullish M15=bullish aligned=True (weak)
[2026-06-24 11:45:36] [INFO] [main] [VERIFY][DATA_TRUTH] symbol=EURUSD timeframe=H4/H1/M15 news_fetched=True indicators_fetched=True live_data=True cached=False
[2026-06-24 11:45:36] [DEBUG] [hybrid_market_client] Fetching indicators for EURUSD (method: QuantDinger)
[2026-06-24 11:45:36] [DEBUG] [market_client] Candles EURUSD 4H: 100 bars ✓
[2026-06-24 11:45:36] [DEBUG] [hybrid_market_client] ✓ Got real data from QuantDinger for EURUSD
[2026-06-24 11:45:36] [DEBUG] [hybrid_market_client] Fetching indicators for EURUSD (method: QuantDinger)
[2026-06-24 11:45:36] [DEBUG] [market_client] Using cached candles for EURUSD 4H (age: 0s)
[2026-06-24 11:45:36] [DEBUG] [hybrid_market_client] ✓ Got real data from QuantDinger for EURUSD
[2026-06-24 11:45:36] [INFO] [sltp] SL/TP EURUSD: entry=1.1354604959487915 atr=0.00196 sl=1.13839 tp=1.13057
[2026-06-24 11:45:36] [INFO] [position_sizing] Position size: 0.5 (equity=73784, risk=0.001, sl_dist=0.00293, score=59, cons_loss=0)
[2026-06-24 11:45:36] [INFO] [xgboost_v2] [VERIFY] XGBOOST MODEL LOADED path=models/xgb_model.json available=True
[2026-06-24 11:45:36] [INFO] [xgboost_v2] XGBoost v2 model loaded successfully
[2026-06-24 11:45:36] [DEBUG] [xgboost_v2] V2 predict: rsi=6.0 atr=0.00196 regime=TRENDING session=london dir=SELL -> p_win=0.783
[2026-06-24 11:45:36] [INFO] [xgboost_v2] [VERIFY] XGBOOST PREDICTION p_win=0.783 available=True
[2026-06-24 11:45:36] [INFO] [main] [VERIFY][DECISION_TRUTH] bias=bearish score=59.1 confidence=1.0 vote=SELL risk_passed=True sl_tp_calculated=True position_size=0.5 xgboost_p_win=0.7827763557434082 final_decision_valid=True reject_reason=OK
[2026-06-24 11:45:36] [INFO] [mt5_direct] [MT5_DIRECT] open_trade symbol=EURUSD direction=SELL volume=0.6 sl=1.13839 tp=1.13057
[2026-06-24 11:45:36] [INFO] [mt5_direct] [MT5_DIRECT] terminal_info: TerminalInfo(community_account=True, community_connection=True, connected=True, dlls_allowed=False, trade_allowed=True, tradeapi_disabled=False, email_enabled=False, ftp_enabled=False, notifications_enabled=False, mqid=True, build=5836, maxbars=100000, codepage=0, ping_last=75009, community_balance=0.0, retransmission=0.0004245058751613122, company='MetaQuotes Ltd.', name='MetaTrader 5', language='English', path='C:\\Program Files\\MetaTrader 5', data_path='C:\\Users\\ACER\\AppData\\Roaming\\MetaQuotes\\Terminal\\D0E8209F77C8CF37AD8BF550E51FF075', commondata_path='C:\\Users\\ACER\\AppData\\Roaming\\MetaQuotes\\Terminal\\Common')
[2026-06-24 11:45:36] [INFO] [mt5_direct] [MT5_DIRECT] account_info: AccountInfo(login=108132137, trade_mode=0, leverage=100, limit_orders=200, margin_so_mode=0, trade_allowed=True, trade_expert=True, margin_mode=2, currency_digits=2, fifo_close=False, balance=73784.5, credit=0.0, profit=0.0, equity=73784.5, margin=0.0, margin_free=73784.5, margin_level=0.0, margin_so_call=50.0, margin_so_so=30.0, margin_initial=0.0, margin_maintenance=0.0, assets=0.0, liabilities=0.0, commission_blocked=0.0, name='Ali Nabil', server='MetaQuotes-Demo', currency='USD', company='MetaQuotes Ltd.')
[2026-06-24 11:45:36] [DEBUG] [mt5_direct] [MT5_DIRECT] order_send request={'action': 1, 'symbol': 'EURUSD', 'volume': 0.6, 'type': 1, 'price': 1.13502, 'sl': 1.13839, 'tp': 1.13057, 'deviation': 20, 'magic': 0, 'comment': 'Bot V3', 'type_filling': 1}
[2026-06-24 11:45:36] [ERROR] [mt5_direct] [MT5_DIRECT] order_send failed result=OrderSendResult(retcode=10030, deal=0, order=0, volume=0.0, price=0.0, bid=0.0, ask=0.0, comment='Unsupported filling mode', request_id=0, retcode_external=0, request=TradeRequest(action=1, magic=0, order=0, symbol='EURUSD', volume=0.6, price=1.13502, stoplimit=0.0, sl=1.13839, tp=1.13057, deviation=20, type=1, type_filling=1, type_time=0, expiration=0, comment='Bot V3', position=0, position_by=0)) comment=Unsupported filling mode retcode=10030
[2026-06-24 11:45:36] [INFO] [mt5_direct] [MT5_DIRECT] Retry order_send without type_filling
[2026-06-24 11:45:36] [INFO] [main] [VERIFY][EXECUTION_RESULT] symbol=EURUSD open_trade_result={'status': 'success', 'order_id': '9241475283', 'price': 1.13502, 'symbol': 'EURUSD', 'direction': 'SELL', 'volume': 0.6, 'timestamp': 1782290736.5689824, 'raw_response': {'retcode': 10009, 'deal': 8887195565, 'order': 9241475283, 'volume': 0.6, 'price': 1.13502, 'bid': 0.0, 'ask': 0.0, 'comment': 'Request executed', 'request_id': 3407858942, 'retcode_external': 0, 'request': TradeRequest(action=1, magic=0, order=0, symbol='EURUSD', volume=0.6, price=1.13502, stoplimit=0.0, sl=1.13839, tp=1.13057, deviation=20, type=1, type_filling=0, type_time=0, expiration=0, comment='Bot V3', position=0, position_by=0)}}
[2026-06-24 11:45:36] [INFO] [sltp] SL/TP EURUSD: entry=1.13502 atr=0.00196 sl=1.13795 tp=1.13013
[2026-06-24 11:45:37] [INFO] [main] --- XAUUSD ---
[2026-06-24 11:45:40] [INFO] [deepseek] ================================================================================
[2026-06-24 11:45:40] [INFO] [deepseek] DEEPSEEK RAW RESPONSE XAUUSD: {
 "impact_score": 65,
 "bias": "bearish",
 "confidence": 0.7,
 "reason": "الأخبار تظهر قوة الدولار الأمريكي وارتفاع توقعات رفع الفائدة من الاحتياطي الفيدرالي، مما يضغط على الذهب الهابط لأدنى مستوى في أسبوعين. تراجع النفط وضعف الدفاعات لا يوفران دعمًا كافيًا للذهب كملاذ آمن في ظل هيمنة الدولار.",
 "key_factors": ["ارتفاع الدولار إلى أعلى مستوى في 13 شهرًا", "توقعات قوية برفع الفائدة من الاحتياطي الفيدرالي"],
 "risk_factors": ["احتمال تدخل اليابان في سوق الصرف يضعف الدولار مؤقتًا", "تصريحات البنك المركزي الأسترالي قد تزيد التقلبات"]
}
[2026-06-24 11:45:40] [INFO] [deepseek] ================================================================================
[2026-06-24 11:45:40] [INFO] [deepseek] AI analysis XAUUSD: bias=bearish score=65.0 conf=0.70
[2026-06-24 11:45:40] [INFO] [signal_engine] [VERIFY] SIGNAL_INPUT bias=bearish score=65.0 confidence=0.7
[2026-06-24 11:45:40] [INFO] [signal_engine] [VERIFY] SIGNAL_RULE rule=confidence>=0.60 actual=0.7 result=True
[2026-06-24 11:45:40] [INFO] [signal_engine] [VERIFY] SIGNAL_RULE rule=score>=55 actual=65.0 result=True
[2026-06-24 11:45:40] [INFO] [signal_engine] [VERIFY] SIGNAL_RULE rule=bias in [bullish,bearish] actual=bearish result=True
[2026-06-24 11:45:40] [INFO] [signal_engine] [VERIFY] SIGNAL_FINAL direction=SELL score=65.0 confidence=0.7 valid=True
[2026-06-24 11:45:40] [DEBUG] [signal_engine] Signal: SELL score=65.0 conf=0.70 strength=متوسط valid=True
[2026-06-24 11:45:40] [DEBUG] [mtf] MTF (snapshot) XAUUSD: H4=bearish H1=bearish M15=bearish aligned=True (strong)
[2026-06-24 11:45:40] [INFO] [main] [VERIFY][DATA_TRUTH] symbol=XAUUSD timeframe=H4/H1/M15 news_fetched=True indicators_fetched=True live_data=True cached=False
[2026-06-24 11:45:40] [INFO] [voting_engine] XAUUSD: MTF strongly aligned, boosting score 10%
[2026-06-24 11:45:40] [DEBUG] [hybrid_market_client] Fetching indicators for XAUUSD (method: QuantDinger)
[2026-06-24 11:45:40] [DEBUG] [market_client] Candles XAUUSD 4H: 100 bars ✓
[2026-06-24 11:45:40] [DEBUG] [hybrid_market_client] ✓ Got real data from QuantDinger for XAUUSD
[2026-06-24 11:45:40] [DEBUG] [hybrid_market_client] Fetching indicators for XAUUSD (method: QuantDinger)
[2026-06-24 11:45:40] [DEBUG] [market_client] Using cached candles for XAUUSD 4H (age: 0s)
[2026-06-24 11:45:40] [DEBUG] [hybrid_market_client] ✓ Got real data from QuantDinger for XAUUSD
[2026-06-24 11:45:40] [INFO] [sltp] SL/TP XAUUSD: entry=4102.2001953125 atr=45.70002 sl=4112.2002 tp=3987.95014
[2026-06-24 11:45:40] [INFO] [position_sizing] Position size: 0.1 (equity=73784, risk=0.003, sl_dist=10.00000, score=94, cons_loss=0)
[2026-06-24 11:45:40] [DEBUG] [xgboost_v2] V2 predict: rsi=35.5 atr=45.70002 regime=TRENDING session=london dir=SELL -> p_win=0.203
[2026-06-24 11:45:40] [INFO] [xgboost_v2] [VERIFY] XGBOOST PREDICTION p_win=0.203 available=True
[2026-06-24 11:45:40] [INFO] [main] [VERIFY][DECISION_TRUTH] bias=bearish score=94.5 confidence=1.0 vote=SELL risk_passed=True sl_tp_calculated=True position_size=0.1 xgboost_p_win=0.20312733948230743 final_decision_valid=False reject_reason=p_win<threshold (p_win=0.203 threshold=0.6)
[2026-06-24 11:45:40] [INFO] [main] --- GBPUSD ---
[2026-06-24 11:45:43] [INFO] [deepseek] ================================================================================
[2026-06-24 11:45:43] [INFO] [deepseek] DEEPSEEK RAW RESPONSE GBPUSD: {
 "impact_score": 85,
 "bias": "bearish",
 "confidence": 0.9,
 "reason": "الأخبار تؤكد قوة الدولار الأمريكي بدعم من توقعات رفع الفائدة من الاحتياطي الفيدرالي، مما يضغط على زوج الجنيه الإسترليني مقابل الدولار. تراجع النفط والذهب يعزز شهية المخاطرة المنخفضة، بينما لا توجد محفزات إيجابية للجنيه الإسترليني. لذلك، الاتجاه هبوطي للزوج.",
 "key_factors": ["ارتفاع الدولار إلى أعلى مستوى في 13 شهرًا بدعم من رهانات رفع الفائدة", "تراجع النفط والذهب يعكس ضعف الطلب على الأصول الخطرة"],
 "risk_factors": ["أي تصريحات مفاجئة من بنك إنجلترا بشأن رفع الفائدة قد تدعم الجنيه", "تطورات جيوسياسية غير متوقعة قد تغير توجه السوق"]
}
[2026-06-24 11:45:43] [INFO] [deepseek] ================================================================================
[2026-06-24 11:45:43] [INFO] [deepseek] AI analysis GBPUSD: bias=bearish score=85.0 conf=0.90
[2026-06-24 11:45:43] [INFO] [signal_engine] [VERIFY] SIGNAL_INPUT bias=bearish score=85.0 confidence=0.9
[2026-06-24 11:45:43] [INFO] [signal_engine] [VERIFY] SIGNAL_RULE rule=confidence>=0.60 actual=0.9 result=True
[2026-06-24 11:45:43] [INFO] [signal_engine] [VERIFY] SIGNAL_RULE rule=score>=55 actual=85.0 result=True
[2026-06-24 11:45:43] [INFO] [signal_engine] [VERIFY] SIGNAL_RULE rule=bias in [bullish,bearish] actual=bearish result=True
[2026-06-24 11:45:43] [INFO] [signal_engine] [VERIFY] SIGNAL_FINAL direction=SELL score=85.0 confidence=0.9 valid=True
[2026-06-24 11:45:43] [DEBUG] [signal_engine] Signal: SELL score=85.0 conf=0.90 strength=قوي جداً valid=True
[2026-06-24 11:45:43] [INFO] [sentiment] Sentiment GBPUSD: neutral score=50 bull=2 bear=2
[2026-06-24 11:45:43] [DEBUG] [mtf] MTF (snapshot) GBPUSD: H4=bearish H1=bearish M15=bearish aligned=True (strong)
[2026-06-24 11:45:43] [INFO] [main] [VERIFY][DATA_TRUTH] symbol=GBPUSD timeframe=H4/H1/M15 news_fetched=True indicators_fetched=True live_data=True cached=False
[2026-06-24 11:45:43] [INFO] [voting_engine] GBPUSD: MTF strongly aligned, boosting score 10%
[2026-06-24 11:45:43] [INFO] [correlation_protection] [CORRELATION_PROTECTION] Block correlated GBPUSD sell with EURUSD sell action=block
[2026-06-24 11:45:43] [INFO] [risk_engine] Risk: CorrelationProtection blocked (GBPUSD SELL)
[2026-06-24 11:45:43] [DEBUG] [hybrid_market_client] Fetching indicators for GBPUSD (method: QuantDinger)
[2026-06-24 11:45:43] [DEBUG] [market_client] Candles GBPUSD 4H: 100 bars ✓
[2026-06-24 11:45:43] [DEBUG] [hybrid_market_client] ✓ Got real data from QuantDinger for GBPUSD
[2026-06-24 11:45:43] [DEBUG] [hybrid_market_client] Fetching indicators for GBPUSD (method: QuantDinger)
[2026-06-24 11:45:43] [DEBUG] [market_client] Using cached candles for GBPUSD 4H (age: 0s)
[2026-06-24 11:45:43] [DEBUG] [hybrid_market_client] ✓ Got real data from QuantDinger for GBPUSD
[2026-06-24 11:45:43] [INFO] [sltp] SL/TP GBPUSD: entry=1.319087266921997 atr=0.00265 sl=1.32307 tp=1.31246
[2026-06-24 11:45:43] [INFO] [position_sizing] Position size: 0.5 (equity=73784, risk=0.003, sl_dist=0.00398, score=100, cons_loss=0)
[2026-06-24 11:45:43] [DEBUG] [xgboost_v2] V2 predict: rsi=40.7 atr=0.00265 regime=TRENDING session=london dir=SELL -> p_win=0.760
[2026-06-24 11:45:43] [INFO] [xgboost_v2] [VERIFY] XGBOOST PREDICTION p_win=0.760 available=True
[2026-06-24 11:45:43] [INFO] [main] [VERIFY][DECISION_TRUTH] bias=bearish score=100 confidence=1.0 vote=SELL risk_passed=False sl_tp_calculated=True position_size=0.5 xgboost_p_win=0.7595465779304504 final_decision_valid=False reject_reason=CorrelationProtection: correlated open trade exists
[2026-06-24 11:45:43] [INFO] [adaptive_weights] 🏆 أفضل زوج: EURUSD | WR=50.0% | PnL=190.0$
[2026-06-24 11:45:43] [INFO] [adaptive_weights] ⚠️ أسوأ زوج: GBPUSD | WR=50.0% | PnL=163.8$
[2026-06-24 11:45:43] [INFO] [main] Sleeping 1800s...
[2026-06-24 11:46:11] [INFO] [news_fetcher] Fetched 23 relevant news items
[2026-06-24 11:46:17] [INFO] [news_fetcher] Fetched 23 relevant news items
[2026-06-24 11:46:20] [INFO] [deepseek] ================================================================================
[2026-06-24 11:46:20] [INFO] [deepseek] DEEPSEEK RAW RESPONSE EURUSD: {
 "impact_score": 75,
 "bias": "bearish",
 "confidence": 0.85,
 "reason": "الأخبار تظهر قوة واضحة للدولار الأمريكي بسبب توقعات رفع الفائدة من الاحتياطي الفيدرالي، مما يضغط على اليورو مقابل الدولار. كما أن تراجع الأسهم وارتفاع الدولار لأعلى مستوى في 13 شهرًا يعزز الاتجاه الهبوطي لزوج EURUSD.",
 "key_factors": ["ارتفاع الدولار لأعلى مستوى في 13 شهرًا بدعم من توقعات رفع الفائدة", "تراجع اليورو بشكل حاد مقابل الدولار"],
 "risk_factors": ["تحسن مفاجئ في معنويات الأعمال الألمانية قد يدعم اليورو مؤقتًا", "أي تدخل من البنك المركزي الأوروبي أو تغير في توقعات الفيدرالي"]
}
[2026-06-24 11:46:20] [INFO] [deepseek] ================================================================================
[2026-06-24 11:46:20] [INFO] [deepseek] AI analysis EURUSD: bias=bearish score=75.0 conf=0.85
[2026-06-24 11:46:21] [DEBUG] [reconciliation] News check EURUSD: AI=bearish conf=0.85 — no conflict
[2026-06-24 11:47:28] [INFO] [news_fetcher] Fetched 23 relevant news items
[2026-06-24 11:47:28] [WARNING] [profit_decay_detector] Profit decay triggered: order=9241475283 current=-4.80 peak=1.80 threshold=0.7
[2026-06-24 11:47:28] [INFO] [reconciliation] [MT5_CLOSE] Sending DEAL close to MT5 for ticket=9241475283 request={'action': 1, 'symbol': 'EURUSD', 'volume': 0.6, 'type': 0, 'position': 9241475283, 'price': 1.13507, 'deviation': 20, 'magic': 0, 'comment': 'Bot V3'}
[2026-06-24 11:48:28] [WARNING] [reconciliation] Orphan trade in DB (no longer in QD): trade_id=16 order_id=9241475283
[2026-06-24 11:48:28] [ERROR] [reconciliation] Reconciliation error: table execution_dataset has no column named breakeven_done
[2026-06-24 11:50:49] [INFO] [main] Trading Bot V3 starting...
[2026-06-24 11:50:49] [INFO] [database] V3 Database initialized with all tables
[2026-06-24 11:50:49] [INFO] [qd_client] Logged in to QuantDinger
[2026-06-24 11:50:49] [INFO] [qd_client] MT5 connected
[2026-06-24 11:50:49] [INFO] [main] MT5 connected
[2026-06-24 11:50:49] [INFO] [telegram_bot] Telegram polling started
[2026-06-24 11:50:49] [INFO] [telegram_bot] Telegram bot V3 started
[2026-06-24 11:50:49] [INFO] [mt5_watchdog] MT5 watchdog started (V1 reconnect logic)
[2026-06-24 11:50:49] [INFO] [reconciliation] Reconciliation loop started (every 60s)
[2026-06-24 11:50:49] [INFO] [reconciliation] Reconciliation thread started
[2026-06-24 11:50:50] [INFO] [main] ==================================================
[2026-06-24 11:50:50] [INFO] [main] Cycle 1 at 11:50:50
[2026-06-24 11:50:59] [INFO] [news_fetcher] Fetched 24 relevant news items
[2026-06-24 11:50:59] [INFO] [main] Equity: 73781.50$ | News: 24
[2026-06-24 11:50:59] [DEBUG] [hybrid_market_client] Fetching indicators for EURUSD (method: QuantDinger)
[2026-06-24 11:51:00] [DEBUG] [market_client] Candles EURUSD 4H: 100 bars ✓
[2026-06-24 11:51:00] [DEBUG] [hybrid_market_client] ✓ Got real data from QuantDinger for EURUSD
[2026-06-24 11:51:00] [DEBUG] [hybrid_market_client] Fetching indicators for EURUSD (method: QuantDinger)
[2026-06-24 11:51:00] [DEBUG] [market_client] Candles EURUSD 4H: 100 bars ✓
[2026-06-24 11:51:00] [DEBUG] [hybrid_market_client] ✓ Got real data from QuantDinger for EURUSD
[2026-06-24 11:51:00] [DEBUG] [hybrid_market_client] Fetching indicators for EURUSD (method: QuantDinger)
[2026-06-24 11:51:00] [DEBUG] [market_client] Candles EURUSD 4H: 100 bars ✓
[2026-06-24 11:51:00] [DEBUG] [hybrid_market_client] ✓ Got real data from QuantDinger for EURUSD
[2026-06-24 11:51:00] [INFO] [market_snapshot_builder] [SNAPSHOT_BUILT] symbol=EURUSD tfs=H4,H1,M15
[2026-06-24 11:51:00] [DEBUG] [hybrid_market_client] Fetching indicators for XAUUSD (method: QuantDinger)
[2026-06-24 11:51:00] [DEBUG] [market_client] Candles XAUUSD 4H: 100 bars ✓
[2026-06-24 11:51:00] [DEBUG] [hybrid_market_client] ✓ Got real data from QuantDinger for XAUUSD
[2026-06-24 11:51:00] [DEBUG] [hybrid_market_client] Fetching indicators for XAUUSD (method: QuantDinger)
[2026-06-24 11:51:00] [DEBUG] [market_client] Candles XAUUSD 4H: 100 bars ✓
[2026-06-24 11:51:00] [DEBUG] [hybrid_market_client] ✓ Got real data from QuantDinger for XAUUSD
[2026-06-24 11:51:00] [DEBUG] [hybrid_market_client] Fetching indicators for XAUUSD (method: QuantDinger)
[2026-06-24 11:51:00] [DEBUG] [market_client] Candles XAUUSD 4H: 100 bars ✓
[2026-06-24 11:51:00] [DEBUG] [hybrid_market_client] ✓ Got real data from QuantDinger for XAUUSD
[2026-06-24 11:51:00] [INFO] [market_snapshot_builder] [SNAPSHOT_BUILT] symbol=XAUUSD tfs=H4,H1,M15
[2026-06-24 11:51:00] [DEBUG] [hybrid_market_client] Fetching indicators for GBPUSD (method: QuantDinger)
[2026-06-24 11:51:01] [DEBUG] [market_client] Candles GBPUSD 4H: 100 bars ✓
[2026-06-24 11:51:01] [DEBUG] [hybrid_market_client] ✓ Got real data from QuantDinger for GBPUSD
[2026-06-24 11:51:01] [DEBUG] [hybrid_market_client] Fetching indicators for GBPUSD (method: QuantDinger)
[2026-06-24 11:51:01] [DEBUG] [market_client] Candles GBPUSD 4H: 100 bars ✓
[2026-06-24 11:51:01] [DEBUG] [hybrid_market_client] ✓ Got real data from QuantDinger for GBPUSD
[2026-06-24 11:51:01] [DEBUG] [hybrid_market_client] Fetching indicators for GBPUSD (method: QuantDinger)
[2026-06-24 11:51:01] [DEBUG] [market_client] Candles GBPUSD 4H: 100 bars ✓
[2026-06-24 11:51:01] [DEBUG] [hybrid_market_client] ✓ Got real data from QuantDinger for GBPUSD
[2026-06-24 11:51:01] [INFO] [market_snapshot_builder] [SNAPSHOT_BUILT] symbol=GBPUSD tfs=H4,H1,M15
[2026-06-24 11:51:01] [INFO] [main] --- EURUSD ---
[2026-06-24 11:51:04] [INFO] [deepseek] ================================================================================
[2026-06-24 11:51:04] [INFO] [deepseek] DEEPSEEK RAW RESPONSE EURUSD: {
 "impact_score": 85,
 "bias": "bearish",
 "confidence": 0.9,
 "reason": "الأخبار تظهر قوة واضحة للدولار الأمريكي مع وصوله لأعلى مستوى في 13 شهرًا، مما يضغط بشدة على زوج EURUSD الذي كسر حاجز 1.1400. تراجع مؤشر Ifo الألماني لا يقدم دعمًا كافيًا لليورو مقابل هذا الزخم الدولاري القوي.",
 "key_factors": ["ارتفاع الدولار لأعلى مستوى في 13 شهرًا", "كسر زوج EURUSD تحت 1.1400 بدعم من Danske Bank"],
 "risk_factors": ["احتمال تدخل البنك المركزي الأوروبي أو بيانات مفاجئة من منطقة اليورو", "تصريحات حادة من بنك اليابان قد تضعف الدولار مؤقتًا"]
}
[2026-06-24 11:51:04] [INFO] [deepseek] ================================================================================
[2026-06-24 11:51:04] [INFO] [deepseek] AI analysis EURUSD: bias=bearish score=85.0 conf=0.90
[2026-06-24 11:51:04] [INFO] [signal_engine] [VERIFY] SIGNAL_INPUT bias=bearish score=85.0 confidence=0.9
[2026-06-24 11:51:04] [INFO] [signal_engine] [VERIFY] SIGNAL_RULE rule=confidence>=0.60 actual=0.9 result=True
[2026-06-24 11:51:04] [INFO] [signal_engine] [VERIFY] SIGNAL_RULE rule=score>=55 actual=85.0 result=True
[2026-06-24 11:51:04] [INFO] [signal_engine] [VERIFY] SIGNAL_RULE rule=bias in [bullish,bearish] actual=bearish result=True
[2026-06-24 11:51:04] [INFO] [signal_engine] [VERIFY] SIGNAL_FINAL direction=SELL score=85.0 confidence=0.9 valid=True
[2026-06-24 11:51:04] [DEBUG] [signal_engine] Signal: SELL score=85.0 conf=0.90 strength=قوي جداً valid=True
[2026-06-24 11:51:04] [INFO] [sentiment] Sentiment EURUSD: bullish score=90 bull=4 bear=1
[2026-06-24 11:51:04] [DEBUG] [mtf] MTF (snapshot) EURUSD: H4=bearish H1=bullish M15=bullish aligned=True (weak)
[2026-06-24 11:51:04] [INFO] [main] [VERIFY][DATA_TRUTH] symbol=EURUSD timeframe=H4/H1/M15 news_fetched=True indicators_fetched=True live_data=True cached=False
[2026-06-24 11:51:04] [DEBUG] [hybrid_market_client] Fetching indicators for EURUSD (method: QuantDinger)
[2026-06-24 11:51:04] [DEBUG] [market_client] Candles EURUSD 4H: 100 bars ✓
[2026-06-24 11:51:04] [DEBUG] [hybrid_market_client] ✓ Got real data from QuantDinger for EURUSD
[2026-06-24 11:51:04] [DEBUG] [hybrid_market_client] Fetching indicators for EURUSD (method: QuantDinger)
[2026-06-24 11:51:04] [DEBUG] [market_client] Using cached candles for EURUSD 4H (age: 0s)
[2026-06-24 11:51:04] [DEBUG] [hybrid_market_client] ✓ Got real data from QuantDinger for EURUSD
[2026-06-24 11:51:04] [INFO] [sltp] SL/TP EURUSD: entry=1.1358473300933838 atr=0.00196 sl=1.13878 tp=1.13096
[2026-06-24 11:51:04] [INFO] [position_sizing] Position size: 0.5 (equity=73782, risk=0.000, sl_dist=0.00293, score=60, cons_loss=1)
[2026-06-24 11:51:04] [INFO] [xgboost_v2] [VERIFY] XGBOOST MODEL LOADED path=models/xgb_model.json available=True
[2026-06-24 11:51:04] [INFO] [xgboost_v2] XGBoost v2 model loaded successfully
[2026-06-24 11:51:04] [DEBUG] [xgboost_v2] V2 predict: rsi=6.2 atr=0.00196 regime=TRENDING session=london dir=SELL -> p_win=0.783
[2026-06-24 11:51:04] [INFO] [xgboost_v2] [VERIFY] XGBOOST PREDICTION p_win=0.783 available=True
[2026-06-24 11:51:04] [INFO] [main] [VERIFY][DECISION_TRUTH] bias=bearish score=59.6 confidence=1.0 vote=SELL risk_passed=True sl_tp_calculated=True position_size=0.5 xgboost_p_win=0.7827763557434082 final_decision_valid=True reject_reason=OK
[2026-06-24 11:51:04] [INFO] [mt5_direct] [MT5_DIRECT] open_trade symbol=EURUSD direction=SELL volume=0.6 sl=1.13878 tp=1.13096
[2026-06-24 11:51:04] [INFO] [mt5_direct] [MT5_DIRECT] terminal_info: TerminalInfo(community_account=True, community_connection=True, connected=True, dlls_allowed=False, trade_allowed=True, tradeapi_disabled=False, email_enabled=False, ftp_enabled=False, notifications_enabled=False, mqid=True, build=5836, maxbars=100000, codepage=0, ping_last=75009, community_balance=0.0, retransmission=0.019328473602827478, company='MetaQuotes Ltd.', name='MetaTrader 5', language='English', path='C:\\Program Files\\MetaTrader 5', data_path='C:\\Users\\ACER\\AppData\\Roaming\\MetaQuotes\\Terminal\\D0E8209F77C8CF37AD8BF550E51FF075', commondata_path='C:\\Users\\ACER\\AppData\\Roaming\\MetaQuotes\\Terminal\\Common')
[2026-06-24 11:51:04] [INFO] [mt5_direct] [MT5_DIRECT] account_info: AccountInfo(login=108132137, trade_mode=0, leverage=100, limit_orders=200, margin_so_mode=0, trade_allowed=True, trade_expert=True, margin_mode=2, currency_digits=2, fifo_close=False, balance=73781.5, credit=0.0, profit=0.0, equity=73781.5, margin=0.0, margin_free=73781.5, margin_level=0.0, margin_so_call=50.0, margin_so_so=30.0, margin_initial=0.0, margin_maintenance=0.0, assets=0.0, liabilities=0.0, commission_blocked=0.0, name='Ali Nabil', server='MetaQuotes-Demo', currency='USD', company='MetaQuotes Ltd.')
[2026-06-24 11:51:04] [DEBUG] [mt5_direct] [MT5_DIRECT] order_send request={'action': 1, 'symbol': 'EURUSD', 'volume': 0.6, 'type': 1, 'price': 1.13547, 'sl': 1.13878, 'tp': 1.13096, 'deviation': 20, 'magic': 0, 'comment': 'Bot V3', 'type_filling': 1}
[2026-06-24 11:51:04] [ERROR] [mt5_direct] [MT5_DIRECT] order_send failed result=OrderSendResult(retcode=10030, deal=0, order=0, volume=0.0, price=0.0, bid=0.0, ask=0.0, comment='Unsupported filling mode', request_id=0, retcode_external=0, request=TradeRequest(action=1, magic=0, order=0, symbol='EURUSD', volume=0.6, price=1.13547, stoplimit=0.0, sl=1.13878, tp=1.13096, deviation=20, type=1, type_filling=1, type_time=0, expiration=0, comment='Bot V3', position=0, position_by=0)) comment=Unsupported filling mode retcode=10030
[2026-06-24 11:51:04] [INFO] [mt5_direct] [MT5_DIRECT] Retry order_send without type_filling
[2026-06-24 11:51:04] [INFO] [main] [VERIFY][EXECUTION_RESULT] symbol=EURUSD open_trade_result={'status': 'success', 'order_id': '9241581961', 'price': 1.13547, 'symbol': 'EURUSD', 'direction': 'SELL', 'volume': 0.6, 'timestamp': 1782291064.4155571, 'raw_response': {'retcode': 10009, 'deal': 8887310504, 'order': 9241581961, 'volume': 0.6, 'price': 1.13547, 'bid': 0.0, 'ask': 0.0, 'comment': 'Request executed', 'request_id': 3407858944, 'retcode_external': 0, 'request': TradeRequest(action=1, magic=0, order=0, symbol='EURUSD', volume=0.6, price=1.13547, stoplimit=0.0, sl=1.13878, tp=1.13096, deviation=20, type=1, type_filling=0, type_time=0, expiration=0, comment='Bot V3', position=0, position_by=0)}}
[2026-06-24 11:51:04] [INFO] [sltp] SL/TP EURUSD: entry=1.13547 atr=0.00196 sl=1.1384 tp=1.13058
[2026-06-24 11:51:05] [INFO] [main] --- XAUUSD ---
[2026-06-24 11:51:08] [INFO] [deepseek] ================================================================================
[2026-06-24 11:51:08] [INFO] [deepseek] DEEPSEEK RAW RESPONSE XAUUSD: {
 "impact_score": 75,
 "bias": "bearish",
 "confidence": 0.85,
 "reason": "الأخبار تظهر قوة كبيرة للدولار الأمريكي ووصوله إلى أعلى مستوى في 13 شهرًا، مما يضغط على الذهب. كما أن تراجع أسعار النفط وضعف الأسهم الدفاعية يعززان من قوة الدولار كملاذ آمن، مما يقلل الطلب على الذهب. لا توجد مؤشرات على طلب ملاذ آمن للذهب حاليًا.",
 "key_factors": ["قوة الدولار الأمريكي وارتفاعه لمستويات قياسية", "تراجع أسعار النفط وضعف شهية المخاطرة"],
 "risk_factors": ["احتمال تدخل بنك اليابان لدعم الين قد يضعف الدولار مؤقتًا", "أي تصعيد جيوسياسي مفاجئ قد يعزز الطلب على الذهب كملاذ آمن"]
}
[2026-06-24 11:51:08] [INFO] [deepseek] ================================================================================
[2026-06-24 11:51:08] [INFO] [deepseek] AI analysis XAUUSD: bias=bearish score=75.0 conf=0.85
[2026-06-24 11:51:08] [INFO] [signal_engine] [VERIFY] SIGNAL_INPUT bias=bearish score=75.0 confidence=0.85
[2026-06-24 11:51:08] [INFO] [signal_engine] [VERIFY] SIGNAL_RULE rule=confidence>=0.60 actual=0.85 result=True
[2026-06-24 11:51:08] [INFO] [signal_engine] [VERIFY] SIGNAL_RULE rule=score>=55 actual=75.0 result=True
[2026-06-24 11:51:08] [INFO] [signal_engine] [VERIFY] SIGNAL_RULE rule=bias in [bullish,bearish] actual=bearish result=True
[2026-06-24 11:51:08] [INFO] [signal_engine] [VERIFY] SIGNAL_FINAL direction=SELL score=75.0 confidence=0.85 valid=True
[2026-06-24 11:51:08] [DEBUG] [signal_engine] Signal: SELL score=75.0 conf=0.85 strength=قوي valid=True
[2026-06-24 11:51:08] [DEBUG] [mtf] MTF (snapshot) XAUUSD: H4=bearish H1=bearish M15=bearish aligned=True (strong)
[2026-06-24 11:51:08] [INFO] [main] [VERIFY][DATA_TRUTH] symbol=XAUUSD timeframe=H4/H1/M15 news_fetched=True indicators_fetched=True live_data=True cached=False
[2026-06-24 11:51:08] [INFO] [voting_engine] XAUUSD: MTF strongly aligned, boosting score 10%
[2026-06-24 11:51:08] [DEBUG] [hybrid_market_client] Fetching indicators for XAUUSD (method: QuantDinger)
[2026-06-24 11:51:08] [DEBUG] [market_client] Candles XAUUSD 4H: 100 bars ✓
[2026-06-24 11:51:08] [DEBUG] [hybrid_market_client] ✓ Got real data from QuantDinger for XAUUSD
[2026-06-24 11:51:08] [DEBUG] [hybrid_market_client] Fetching indicators for XAUUSD (method: QuantDinger)
[2026-06-24 11:51:08] [DEBUG] [market_client] Using cached candles for XAUUSD 4H (age: 0s)
[2026-06-24 11:51:08] [DEBUG] [hybrid_market_client] ✓ Got real data from QuantDinger for XAUUSD
[2026-06-24 11:51:08] [INFO] [sltp] SL/TP XAUUSD: entry=4100.60009765625 atr=45.70002 sl=4110.6001 tp=3986.35005
[2026-06-24 11:51:08] [INFO] [position_sizing] Position size: 0.1 (equity=73782, risk=0.002, sl_dist=10.00000, score=100, cons_loss=1)
[2026-06-24 11:51:08] [DEBUG] [xgboost_v2] V2 predict: rsi=35.2 atr=45.70002 regime=TRENDING session=london dir=SELL -> p_win=0.159
[2026-06-24 11:51:08] [INFO] [xgboost_v2] [VERIFY] XGBOOST PREDICTION p_win=0.159 available=True
[2026-06-24 11:51:08] [INFO] [main] [VERIFY][DECISION_TRUTH] bias=bearish score=100 confidence=1.0 vote=SELL risk_passed=True sl_tp_calculated=True position_size=0.1 xgboost_p_win=0.1593489646911621 final_decision_valid=False reject_reason=p_win<threshold (p_win=0.159 threshold=0.6)
[2026-06-24 11:51:08] [INFO] [main] --- GBPUSD ---
[2026-06-24 11:51:11] [INFO] [deepseek] ================================================================================
[2026-06-24 11:51:11] [INFO] [deepseek] DEEPSEEK RAW RESPONSE GBPUSD: {
 "impact_score": 85,
 "bias": "bearish",
 "confidence": 0.9,
 "reason": "الأخبار تظهر قوة واضحة للدولار الأمريكي مع وصوله لأعلى مستوى في 13 شهرًا، مما يضغط على زوج الجنيه الإسترليني مقابل الدولار. لا توجد أي أخبار إيجابية تدعم الجنيه، بينما تزيد توقعات رفع الفائدة من بنك اليابان من قوة الدولار بشكل عام.",
 "key_factors": ["قوة الدولار الأمريكي ووصوله لأعلى مستوى في 13 شهرًا", "غياب أي محفزات إيجابية للجنيه الإسترليني"],
 "risk_factors": ["احتمال تدخل بنك اليابان لدعم الين قد يضعف الدولار مؤقتًا", "تصريحات ترامب حول تلاعب أسعار البنزين قد تخلق تقلبات"]
}
[2026-06-24 11:51:11] [INFO] [deepseek] ================================================================================
[2026-06-24 11:51:11] [INFO] [deepseek] AI analysis GBPUSD: bias=bearish score=85.0 conf=0.90
[2026-06-24 11:51:11] [INFO] [signal_engine] [VERIFY] SIGNAL_INPUT bias=bearish score=85.0 confidence=0.9
[2026-06-24 11:51:11] [INFO] [signal_engine] [VERIFY] SIGNAL_RULE rule=confidence>=0.60 actual=0.9 result=True
[2026-06-24 11:51:11] [INFO] [signal_engine] [VERIFY] SIGNAL_RULE rule=score>=55 actual=85.0 result=True
[2026-06-24 11:51:11] [INFO] [signal_engine] [VERIFY] SIGNAL_RULE rule=bias in [bullish,bearish] actual=bearish result=True
[2026-06-24 11:51:11] [INFO] [signal_engine] [VERIFY] SIGNAL_FINAL direction=SELL score=85.0 confidence=0.9 valid=True
[2026-06-24 11:51:11] [DEBUG] [signal_engine] Signal: SELL score=85.0 conf=0.90 strength=قوي جداً valid=True
[2026-06-24 11:51:11] [INFO] [sentiment] Sentiment GBPUSD: bullish score=88 bull=3 bear=1
[2026-06-24 11:51:11] [DEBUG] [mtf] MTF (snapshot) GBPUSD: H4=bearish H1=bearish M15=bearish aligned=True (strong)
[2026-06-24 11:51:11] [INFO] [main] [VERIFY][DATA_TRUTH] symbol=GBPUSD timeframe=H4/H1/M15 news_fetched=True indicators_fetched=True live_data=True cached=False
[2026-06-24 11:51:11] [INFO] [voting_engine] GBPUSD: MTF strongly aligned, boosting score 10%
[2026-06-24 11:51:11] [INFO] [correlation_protection] [CORRELATION_PROTECTION] Block correlated GBPUSD sell with EURUSD sell action=block
[2026-06-24 11:51:11] [INFO] [risk_engine] Risk: CorrelationProtection blocked (GBPUSD SELL)
[2026-06-24 11:51:11] [DEBUG] [hybrid_market_client] Fetching indicators for GBPUSD (method: QuantDinger)
[2026-06-24 11:51:11] [DEBUG] [market_client] Candles GBPUSD 4H: 100 bars ✓
[2026-06-24 11:51:11] [DEBUG] [hybrid_market_client] ✓ Got real data from QuantDinger for GBPUSD
[2026-06-24 11:51:11] [DEBUG] [hybrid_market_client] Fetching indicators for GBPUSD (method: QuantDinger)
[2026-06-24 11:51:11] [DEBUG] [market_client] Using cached candles for GBPUSD 4H (age: 0s)
[2026-06-24 11:51:11] [DEBUG] [hybrid_market_client] ✓ Got real data from QuantDinger for GBPUSD
[2026-06-24 11:51:11] [INFO] [sltp] SL/TP GBPUSD: entry=1.3194178342819214 atr=0.00265 sl=1.3234 tp=1.31279
[2026-06-24 11:51:11] [INFO] [position_sizing] Position size: 0.5 (equity=73782, risk=0.002, sl_dist=0.00398, score=98, cons_loss=1)
[2026-06-24 11:51:11] [DEBUG] [xgboost_v2] V2 predict: rsi=41.7 atr=0.00265 regime=TRENDING session=london dir=SELL -> p_win=0.804
[2026-06-24 11:51:11] [INFO] [xgboost_v2] [VERIFY] XGBOOST PREDICTION p_win=0.804 available=True
[2026-06-24 11:51:11] [INFO] [main] [VERIFY][DECISION_TRUTH] bias=bearish score=97.5 confidence=1.0 vote=SELL risk_passed=False sl_tp_calculated=True position_size=0.5 xgboost_p_win=0.8036581873893738 final_decision_valid=False reject_reason=CorrelationProtection: correlated open trade exists
[2026-06-24 11:51:11] [INFO] [adaptive_weights] 🏆 أفضل زوج: EURUSD | WR=42.9% | PnL=190.0$
[2026-06-24 11:51:11] [INFO] [adaptive_weights] ⚠️ أسوأ زوج: GBPUSD | WR=50.0% | PnL=163.8$
[2026-06-24 11:51:11] [INFO] [main] Sleeping 1800s...
[2026-06-24 11:51:57] [INFO] [news_fetcher] Fetched 24 relevant news items
[2026-06-24 11:52:22] [INFO] [news_fetcher] Fetched 24 relevant news items
[2026-06-24 11:52:26] [INFO] [deepseek] ================================================================================
[2026-06-24 11:52:26] [INFO] [deepseek] DEEPSEEK RAW RESPONSE EURUSD: {
 "impact_score": 75,
 "bias": "bearish",
 "confidence": 0.85,
 "reason": "الأخبار تؤكد قوة الدولار الأمريكي بسبب توقعات رفع الفائدة من الاحتياطي الفيدرالي، مما يضغط على زوج اليورو دولار. كما أن تراجع الأسهم الأوروبية والأمريكية يعزز النزوح إلى الدولار كملاذ آمن. بيانات ثقة الأعمال الألمانية الإيجابية لا تكفي لتعويض الضغوط الهبوطية.",
 "key_factors": ["ارتفاع الدولار إلى أعلى مستوى في 13 شهرًا بدعم من توقعات رفع الفائدة", "تراجع الأسهم الأوروبية والأمريكية يعزز الطلب على الدولار"],
 "risk_factors": ["تحسن مفاجئ في بيانات منطقة اليورو قد يحد من الهبوط", "تدخل البنك المركزي الأوروبي أو تصريحات داعمة لليورو"]
}
[2026-06-24 11:52:26] [INFO] [deepseek] ================================================================================
[2026-06-24 11:52:26] [INFO] [deepseek] AI analysis EURUSD: bias=bearish score=75.0 conf=0.85
[2026-06-24 11:52:26] [DEBUG] [reconciliation] News check EURUSD: AI=bearish conf=0.85 — no conflict
[2026-06-24 11:53:33] [INFO] [news_fetcher] Fetched 24 relevant news items
[2026-06-24 11:54:58] [INFO] [news_fetcher] Fetched 24 relevant news items
[2026-06-24 11:54:58] [WARNING] [profit_decay_detector] Profit decay triggered: order=9241581961 current=6.00 peak=10.20 threshold=0.7
[2026-06-24 11:54:58] [INFO] [reconciliation] [MT5_CLOSE] Sending DEAL close to MT5 for ticket=9241581961 request={'action': 1, 'symbol': 'EURUSD', 'volume': 0.6, 'type': 0, 'position': 9241581961, 'price': 1.13547, 'deviation': 20, 'magic': 0, 'comment': 'Bot V3'}
[2026-06-24 11:55:58] [WARNING] [reconciliation] Orphan trade in DB (no longer in QD): trade_id=17 order_id=9241581961
[2026-06-24 11:55:59] [ERROR] [reconciliation] Reconciliation error: table execution_dataset has no column named breakeven_done
[2026-06-24 12:12:36] [INFO] [database] V3 Database initialized with all tables
[2026-06-24 12:15:11] [INFO] [database] V3 Database initialized with all tables
[2026-06-24 12:20:09] [INFO] [main] Trading Bot V3 starting...
[2026-06-24 12:20:09] [INFO] [database] V3 Database initialized with all tables
[2026-06-24 12:20:10] [INFO] [qd_client] Logged in to QuantDinger
[2026-06-24 12:20:10] [INFO] [qd_client] MT5 connected
[2026-06-24 12:20:10] [INFO] [main] MT5 connected
[2026-06-24 12:20:10] [INFO] [telegram_bot] Telegram polling started
[2026-06-24 12:20:10] [INFO] [telegram_bot] Telegram bot V3 started
[2026-06-24 12:20:10] [INFO] [mt5_watchdog] MT5 watchdog started (V1 reconnect logic)
[2026-06-24 12:20:10] [INFO] [reconciliation] Reconciliation loop started (every 60s)
[2026-06-24 12:20:10] [INFO] [reconciliation] Reconciliation thread started
[2026-06-24 12:20:10] [INFO] [main] ==================================================
[2026-06-24 12:20:10] [INFO] [main] Cycle 1 at 12:20:10
[2026-06-24 12:20:19] [INFO] [news_fetcher] Fetched 23 relevant news items
[2026-06-24 12:20:19] [INFO] [main] Equity: 73781.50$ | News: 23
[2026-06-24 12:20:19] [DEBUG] [hybrid_market_client] Fetching indicators for EURUSD (method: QuantDinger)
[2026-06-24 12:20:20] [DEBUG] [market_client] Candles EURUSD 4H: 100 bars ✓
[2026-06-24 12:20:20] [DEBUG] [hybrid_market_client] ✓ Got real data from QuantDinger for EURUSD
[2026-06-24 12:20:20] [DEBUG] [hybrid_market_client] Fetching indicators for EURUSD (method: QuantDinger)
[2026-06-24 12:20:20] [DEBUG] [market_client] Candles EURUSD 4H: 100 bars ✓
[2026-06-24 12:20:20] [DEBUG] [hybrid_market_client] ✓ Got real data from QuantDinger for EURUSD
[2026-06-24 12:20:20] [DEBUG] [hybrid_market_client] Fetching indicators for EURUSD (method: QuantDinger)
[2026-06-24 12:20:20] [DEBUG] [market_client] Candles EURUSD 4H: 100 bars ✓
[2026-06-24 12:20:20] [DEBUG] [hybrid_market_client] ✓ Got real data from QuantDinger for EURUSD
[2026-06-24 12:20:20] [INFO] [market_snapshot_builder] [SNAPSHOT_BUILT] symbol=EURUSD tfs=H4,H1,M15
[2026-06-24 12:20:20] [DEBUG] [hybrid_market_client] Fetching indicators for XAUUSD (method: QuantDinger)
[2026-06-24 12:20:20] [DEBUG] [market_client] Candles XAUUSD 4H: 100 bars ✓
[2026-06-24 12:20:20] [DEBUG] [hybrid_market_client] ✓ Got real data from QuantDinger for XAUUSD
[2026-06-24 12:20:20] [DEBUG] [hybrid_market_client] Fetching indicators for XAUUSD (method: QuantDinger)
[2026-06-24 12:20:20] [DEBUG] [market_client] Candles XAUUSD 4H: 100 bars ✓
[2026-06-24 12:20:20] [DEBUG] [hybrid_market_client] ✓ Got real data from QuantDinger for XAUUSD
[2026-06-24 12:20:20] [DEBUG] [hybrid_market_client] Fetching indicators for XAUUSD (method: QuantDinger)
[2026-06-24 12:20:20] [DEBUG] [market_client] Candles XAUUSD 4H: 100 bars ✓
[2026-06-24 12:20:20] [DEBUG] [hybrid_market_client] ✓ Got real data from QuantDinger for XAUUSD
[2026-06-24 12:20:20] [INFO] [market_snapshot_builder] [SNAPSHOT_BUILT] symbol=XAUUSD tfs=H4,H1,M15
[2026-06-24 12:20:20] [DEBUG] [hybrid_market_client] Fetching indicators for GBPUSD (method: QuantDinger)
[2026-06-24 12:20:20] [DEBUG] [market_client] Candles GBPUSD 4H: 100 bars ✓
[2026-06-24 12:20:20] [DEBUG] [hybrid_market_client] ✓ Got real data from QuantDinger for GBPUSD
[2026-06-24 12:20:20] [DEBUG] [hybrid_market_client] Fetching indicators for GBPUSD (method: QuantDinger)
[2026-06-24 12:20:20] [DEBUG] [market_client] Candles GBPUSD 4H: 100 bars ✓
[2026-06-24 12:20:20] [DEBUG] [hybrid_market_client] ✓ Got real data from QuantDinger for GBPUSD
[2026-06-24 12:20:20] [DEBUG] [hybrid_market_client] Fetching indicators for GBPUSD (method: QuantDinger)
[2026-06-24 12:20:20] [DEBUG] [market_client] Candles GBPUSD 4H: 100 bars ✓
[2026-06-24 12:20:20] [DEBUG] [hybrid_market_client] ✓ Got real data from QuantDinger for GBPUSD
[2026-06-24 12:20:20] [INFO] [market_snapshot_builder] [SNAPSHOT_BUILT] symbol=GBPUSD tfs=H4,H1,M15
[2026-06-24 12:20:20] [INFO] [main] --- EURUSD ---
[2026-06-24 12:20:36] [INFO] [main] Trading Bot V3 starting...
[2026-06-24 12:20:36] [INFO] [database] V3 Database initialized with all tables
[2026-06-24 12:20:37] [INFO] [qd_client] Logged in to QuantDinger
[2026-06-24 12:20:37] [INFO] [qd_client] MT5 connected
[2026-06-24 12:20:37] [INFO] [main] MT5 connected
[2026-06-24 12:20:37] [INFO] [telegram_bot] Telegram polling started
[2026-06-24 12:20:37] [INFO] [telegram_bot] Telegram bot V3 started
[2026-06-24 12:20:37] [INFO] [mt5_watchdog] MT5 watchdog started (V1 reconnect logic)
[2026-06-24 12:20:37] [INFO] [reconciliation] Reconciliation loop started (every 60s)
[2026-06-24 12:20:37] [INFO] [reconciliation] Reconciliation thread started
[2026-06-24 12:20:38] [INFO] [main] ==================================================
[2026-06-24 12:20:38] [INFO] [main] Cycle 1 at 12:20:38
[2026-06-24 12:20:46] [INFO] [news_fetcher] Fetched 23 relevant news items
[2026-06-24 12:20:46] [INFO] [main] Equity: 73781.50$ | News: 23
[2026-06-24 12:20:46] [DEBUG] [hybrid_market_client] Fetching indicators for EURUSD (method: QuantDinger)
[2026-06-24 12:20:46] [DEBUG] [market_client] Candles EURUSD 4H: 100 bars ✓
[2026-06-24 12:20:46] [DEBUG] [hybrid_market_client] ✓ Got real data from QuantDinger for EURUSD
[2026-06-24 12:20:46] [DEBUG] [hybrid_market_client] Fetching indicators for EURUSD (method: QuantDinger)
[2026-06-24 12:20:46] [DEBUG] [market_client] Candles EURUSD 4H: 100 bars ✓
[2026-06-24 12:20:46] [DEBUG] [hybrid_market_client] ✓ Got real data from QuantDinger for EURUSD
[2026-06-24 12:20:46] [DEBUG] [hybrid_market_client] Fetching indicators for EURUSD (method: QuantDinger)
[2026-06-24 12:20:46] [DEBUG] [market_client] Candles EURUSD 4H: 100 bars ✓
[2026-06-24 12:20:46] [DEBUG] [hybrid_market_client] ✓ Got real data from QuantDinger for EURUSD
[2026-06-24 12:20:46] [INFO] [market_snapshot_builder] [SNAPSHOT_BUILT] symbol=EURUSD tfs=H4,H1,M15
[2026-06-24 12:20:46] [DEBUG] [hybrid_market_client] Fetching indicators for XAUUSD (method: QuantDinger)
[2026-06-24 12:20:46] [DEBUG] [market_client] Candles XAUUSD 4H: 100 bars ✓
[2026-06-24 12:20:46] [DEBUG] [hybrid_market_client] ✓ Got real data from QuantDinger for XAUUSD
[2026-06-24 12:20:46] [DEBUG] [hybrid_market_client] Fetching indicators for XAUUSD (method: QuantDinger)
[2026-06-24 12:20:46] [DEBUG] [market_client] Candles XAUUSD 4H: 100 bars ✓
[2026-06-24 12:20:46] [DEBUG] [hybrid_market_client] ✓ Got real data from QuantDinger for XAUUSD
[2026-06-24 12:20:46] [DEBUG] [hybrid_market_client] Fetching indicators for XAUUSD (method: QuantDinger)
[2026-06-24 12:20:46] [DEBUG] [market_client] Candles XAUUSD 4H: 100 bars ✓
[2026-06-24 12:20:46] [DEBUG] [hybrid_market_client] ✓ Got real data from QuantDinger for XAUUSD
[2026-06-24 12:20:46] [INFO] [market_snapshot_builder] [SNAPSHOT_BUILT] symbol=XAUUSD tfs=H4,H1,M15
[2026-06-24 12:20:46] [DEBUG] [hybrid_market_client] Fetching indicators for GBPUSD (method: QuantDinger)
[2026-06-24 12:20:46] [DEBUG] [market_client] Candles GBPUSD 4H: 100 bars ✓
[2026-06-24 12:20:46] [DEBUG] [hybrid_market_client] ✓ Got real data from QuantDinger for GBPUSD
[2026-06-24 12:20:46] [DEBUG] [hybrid_market_client] Fetching indicators for GBPUSD (method: QuantDinger)
[2026-06-24 12:20:46] [DEBUG] [market_client] Candles GBPUSD 4H: 100 bars ✓
[2026-06-24 12:20:46] [DEBUG] [hybrid_market_client] ✓ Got real data from QuantDinger for GBPUSD
[2026-06-24 12:20:46] [DEBUG] [hybrid_market_client] Fetching indicators for GBPUSD (method: QuantDinger)
[2026-06-24 12:20:46] [DEBUG] [market_client] Candles GBPUSD 4H: 100 bars ✓
[2026-06-24 12:20:46] [DEBUG] [hybrid_market_client] ✓ Got real data from QuantDinger for GBPUSD
[2026-06-24 12:20:46] [INFO] [market_snapshot_builder] [SNAPSHOT_BUILT] symbol=GBPUSD tfs=H4,H1,M15
[2026-06-24 12:20:46] [INFO] [main] --- EURUSD ---
[2026-06-24 12:20:49] [INFO] [deepseek] ================================================================================
[2026-06-24 12:20:49] [INFO] [deepseek] DEEPSEEK RAW RESPONSE EURUSD: {
 "impact_score": 85,
 "bias": "bearish",
 "confidence": 0.85,
 "reason": "الأخبار تظهر قوة الدولار الأمريكي بسبب توقعات رفع الفائدة من الفيدرالي، مما يضغط على اليورو. كما أن تراجع أسعار السلع مثل الذهب والنفط يعزز من قوة الدولار كملاذ آمن. لا توجد أخبار إيجابية كافية لدعم اليورو.",
 "key_factors": ["قوة الدولار الأمريكي مع توقعات رفع الفائدة", "تراجع اليورو مقابل الدولار في ظل مشاعر هبوطية"],
 "risk_factors": ["أي تصريحات مفاجئة من البنك المركزي الأوروبي قد تدعم اليورو", "تطورات جيوسياسية غير متوقعة قد تغير المشاعر"]
}
[2026-06-24 12:20:49] [INFO] [deepseek] ================================================================================
[2026-06-24 12:20:49] [INFO] [deepseek] AI analysis EURUSD: bias=bearish score=85.0 conf=0.85
[2026-06-24 12:20:49] [INFO] [signal_engine] [VERIFY] SIGNAL_INPUT bias=bearish score=85.0 confidence=0.85
[2026-06-24 12:20:49] [INFO] [signal_engine] [VERIFY] SIGNAL_RULE rule=confidence>=0.60 actual=0.85 result=True
[2026-06-24 12:20:49] [INFO] [signal_engine] [VERIFY] SIGNAL_RULE rule=score>=55 actual=85.0 result=True
[2026-06-24 12:20:49] [INFO] [signal_engine] [VERIFY] SIGNAL_RULE rule=bias in [bullish,bearish] actual=bearish result=True
[2026-06-24 12:20:49] [INFO] [signal_engine] [VERIFY] SIGNAL_FINAL direction=SELL score=85.0 confidence=0.85 valid=True
[2026-06-24 12:20:49] [DEBUG] [signal_engine] Signal: SELL score=85.0 conf=0.85 strength=قوي جداً valid=True
[2026-06-24 12:20:49] [INFO] [sentiment] Sentiment EURUSD: neutral score=50 bull=6 bear=4
[2026-06-24 12:20:49] [DEBUG] [mtf] MTF (snapshot) EURUSD: H4=bearish H1=bullish M15=bullish aligned=True (weak)
[2026-06-24 12:20:49] [INFO] [main] [VERIFY][DATA_TRUTH] symbol=EURUSD timeframe=H4/H1/M15 news_fetched=True indicators_fetched=True live_data=True cached=False
[2026-06-24 12:20:49] [DEBUG] [hybrid_market_client] Fetching indicators for EURUSD (method: QuantDinger)
[2026-06-24 12:20:49] [DEBUG] [market_client] Candles EURUSD 4H: 100 bars ✓
[2026-06-24 12:20:49] [DEBUG] [hybrid_market_client] ✓ Got real data from QuantDinger for EURUSD
[2026-06-24 12:20:49] [DEBUG] [hybrid_market_client] Fetching indicators for EURUSD (method: QuantDinger)
[2026-06-24 12:20:49] [DEBUG] [market_client] Using cached candles for EURUSD 4H (age: 0s)
[2026-06-24 12:20:49] [DEBUG] [hybrid_market_client] ✓ Got real data from QuantDinger for EURUSD
[2026-06-24 12:20:49] [INFO] [sltp] SL/TP EURUSD: entry=1.1354604959487915 atr=0.00196 sl=1.13839 tp=1.13057
[2026-06-24 12:20:49] [INFO] [position_sizing] Position size: 0.5 (equity=73782, risk=0.000, sl_dist=0.00293, score=65, cons_loss=2)
[2026-06-24 12:20:49] [INFO] [xgboost_v2] [VERIFY] XGBOOST MODEL LOADED path=models/xgb_model.json available=True
[2026-06-24 12:20:49] [INFO] [xgboost_v2] XGBoost v2 model loaded successfully
[2026-06-24 12:20:49] [DEBUG] [xgboost_v2] V2 predict: rsi=6.0 atr=0.00196 regime=TRENDING session=london dir=SELL -> p_win=0.783
[2026-06-24 12:20:49] [INFO] [xgboost_v2] [VERIFY] XGBOOST PREDICTION p_win=0.783 available=True
[2026-06-24 12:20:49] [INFO] [main] [VERIFY][DECISION_TRUTH] bias=bearish score=64.6 confidence=1.0 vote=SELL risk_passed=True sl_tp_calculated=True position_size=0.5 xgboost_p_win=0.7827763557434082 final_decision_valid=True reject_reason=OK
[2026-06-24 12:20:49] [INFO] [mt5_direct] [MT5_DIRECT] open_trade symbol=EURUSD direction=SELL volume=0.6 sl=1.13839 tp=1.13057
[2026-06-24 12:20:49] [INFO] [mt5_direct] [MT5_DIRECT] terminal_info: TerminalInfo(community_account=True, community_connection=True, connected=True, dlls_allowed=False, trade_allowed=True, tradeapi_disabled=False, email_enabled=False, ftp_enabled=False, notifications_enabled=False, mqid=True, build=5836, maxbars=100000, codepage=0, ping_last=75009, community_balance=0.0, retransmission=0.019724406213187957, company='MetaQuotes Ltd.', name='MetaTrader 5', language='English', path='C:\\Program Files\\MetaTrader 5', data_path='C:\\Users\\ACER\\AppData\\Roaming\\MetaQuotes\\Terminal\\D0E8209F77C8CF37AD8BF550E51FF075', commondata_path='C:\\Users\\ACER\\AppData\\Roaming\\MetaQuotes\\Terminal\\Common')
[2026-06-24 12:20:50] [INFO] [mt5_direct] [MT5_DIRECT] account_info: AccountInfo(login=108132137, trade_mode=0, leverage=100, limit_orders=200, margin_so_mode=0, trade_allowed=True, trade_expert=True, margin_mode=2, currency_digits=2, fifo_close=False, balance=73781.5, credit=0.0, profit=0.0, equity=73781.5, margin=0.0, margin_free=73781.5, margin_level=0.0, margin_so_call=50.0, margin_so_so=30.0, margin_initial=0.0, margin_maintenance=0.0, assets=0.0, liabilities=0.0, commission_blocked=0.0, name='Ali Nabil', server='MetaQuotes-Demo', currency='USD', company='MetaQuotes Ltd.')
[2026-06-24 12:20:50] [DEBUG] [mt5_direct] [MT5_DIRECT] order_send request={'action': 1, 'symbol': 'EURUSD', 'volume': 0.6, 'type': 1, 'price': 1.13524, 'sl': 1.13839, 'tp': 1.13057, 'deviation': 20, 'magic': 0, 'comment': 'Bot V3', 'type_filling': 1}
[2026-06-24 12:20:50] [ERROR] [mt5_direct] [MT5_DIRECT] order_send failed result=OrderSendResult(retcode=10030, deal=0, order=0, volume=0.0, price=0.0, bid=0.0, ask=0.0, comment='Unsupported filling mode', request_id=0, retcode_external=0, request=TradeRequest(action=1, magic=0, order=0, symbol='EURUSD', volume=0.6, price=1.13524, stoplimit=0.0, sl=1.13839, tp=1.13057, deviation=20, type=1, type_filling=1, type_time=0, expiration=0, comment='Bot V3', position=0, position_by=0)) comment=Unsupported filling mode retcode=10030
[2026-06-24 12:20:50] [INFO] [mt5_direct] [MT5_DIRECT] Retry order_send without type_filling
[2026-06-24 12:20:50] [INFO] [main] [VERIFY][EXECUTION_RESULT] symbol=EURUSD open_trade_result={'status': 'success', 'order_id': '9242167567', 'price': 1.13524, 'symbol': 'EURUSD', 'direction': 'SELL', 'volume': 0.6, 'timestamp': 1782292850.076266, 'raw_response': {'retcode': 10009, 'deal': 8887969632, 'order': 9242167567, 'volume': 0.6, 'price': 1.13524, 'bid': 0.0, 'ask': 0.0, 'comment': 'Request executed', 'request_id': 3407858946, 'retcode_external': 0, 'request': TradeRequest(action=1, magic=0, order=0, symbol='EURUSD', volume=0.6, price=1.13524, stoplimit=0.0, sl=1.13839, tp=1.13057, deviation=20, type=1, type_filling=0, type_time=0, expiration=0, comment='Bot V3', position=0, position_by=0)}}
[2026-06-24 12:20:50] [INFO] [sltp] SL/TP EURUSD: entry=1.13524 atr=0.00196 sl=1.13817 tp=1.13035
[2026-06-24 12:20:50] [INFO] [main] --- XAUUSD ---
[2026-06-24 12:20:54] [INFO] [deepseek] ================================================================================
[2026-06-24 12:20:54] [INFO] [deepseek] DEEPSEEK RAW RESPONSE XAUUSD: {
 "impact_score": 75,
 "bias": "bearish",
 "confidence": 0.85,
 "reason": "الأخبار تظهر قوة الدولار الأمريكي مع توقعات برفع الفائدة من الاحتياطي الفيدرالي، مما يضغط على الذهب (XAUUSD) الذي هبط لأدنى مستوى في أسبوعين. كما أن تراجع الأسهم وارتفاع عوائد السندات يعزز الطلب على الدولار كملاذ آمن، مما يقلل جاذبية الذهب.",
 "key_factors": ["ارتفاع الدولار لأعلى مستوى في 13 شهرًا بدعم من رهانات رفع الفائدة", "تراجع الذهب بالقرب من أدنى مستوى في أسبوعين مع هبوط الأسهم"],
 "risk_factors": ["احتمال تدخل بنك اليابان لدعم الين قد يضعف الدولار مؤقتًا", "تصاعد التوترات الجيوسياسية قد يعزز الطلب على الذهب كملاذ آمن"]
}
[2026-06-24 12:20:54] [INFO] [deepseek] ================================================================================
[2026-06-24 12:20:54] [INFO] [deepseek] AI analysis XAUUSD: bias=bearish score=75.0 conf=0.85
[2026-06-24 12:20:54] [INFO] [signal_engine] [VERIFY] SIGNAL_INPUT bias=bearish score=75.0 confidence=0.85
[2026-06-24 12:20:54] [INFO] [signal_engine] [VERIFY] SIGNAL_RULE rule=confidence>=0.60 actual=0.85 result=True
[2026-06-24 12:20:54] [INFO] [signal_engine] [VERIFY] SIGNAL_RULE rule=score>=55 actual=75.0 result=True
[2026-06-24 12:20:54] [INFO] [signal_engine] [VERIFY] SIGNAL_RULE rule=bias in [bullish,bearish] actual=bearish result=True
[2026-06-24 12:20:54] [INFO] [signal_engine] [VERIFY] SIGNAL_FINAL direction=SELL score=75.0 confidence=0.85 valid=True
[2026-06-24 12:20:54] [DEBUG] [signal_engine] Signal: SELL score=75.0 conf=0.85 strength=قوي valid=True
[2026-06-24 12:20:54] [DEBUG] [mtf] MTF (snapshot) XAUUSD: H4=bearish H1=bearish M15=bearish aligned=True (strong)
[2026-06-24 12:20:54] [INFO] [main] [VERIFY][DATA_TRUTH] symbol=XAUUSD timeframe=H4/H1/M15 news_fetched=True indicators_fetched=True live_data=True cached=False
[2026-06-24 12:20:54] [INFO] [voting_engine] XAUUSD: MTF strongly aligned, boosting score 10%
[2026-06-24 12:20:54] [DEBUG] [hybrid_market_client] Fetching indicators for XAUUSD (method: QuantDinger)
[2026-06-24 12:20:54] [DEBUG] [market_client] Candles XAUUSD 4H: 100 bars ✓
[2026-06-24 12:20:54] [DEBUG] [hybrid_market_client] ✓ Got real data from QuantDinger for XAUUSD
[2026-06-24 12:20:54] [DEBUG] [hybrid_market_client] Fetching indicators for XAUUSD (method: QuantDinger)
[2026-06-24 12:20:54] [DEBUG] [market_client] Using cached candles for XAUUSD 4H (age: 0s)
[2026-06-24 12:20:54] [DEBUG] [hybrid_market_client] ✓ Got real data from QuantDinger for XAUUSD
[2026-06-24 12:20:54] [INFO] [sltp] SL/TP XAUUSD: entry=4087.5 atr=45.92859 sl=4097.5 tp=3972.67853
[2026-06-24 12:20:54] [INFO] [position_sizing] Position size: 0.1 (equity=73782, risk=0.001, sl_dist=10.00000, score=100, cons_loss=2)
[2026-06-24 12:20:54] [DEBUG] [xgboost_v2] V2 predict: rsi=32.7 atr=45.92859 regime=TRENDING session=london dir=SELL -> p_win=0.148
[2026-06-24 12:20:54] [INFO] [xgboost_v2] [VERIFY] XGBOOST PREDICTION p_win=0.148 available=True
[2026-06-24 12:20:54] [INFO] [main] [VERIFY][DECISION_TRUTH] bias=bearish score=100 confidence=1.0 vote=SELL risk_passed=True sl_tp_calculated=True position_size=0.1 xgboost_p_win=0.14762765169143677 final_decision_valid=False reject_reason=p_win<threshold (p_win=0.148 threshold=0.6)
[2026-06-24 12:20:54] [INFO] [main] --- GBPUSD ---
[2026-06-24 12:20:57] [INFO] [deepseek] ================================================================================
[2026-06-24 12:20:57] [INFO] [deepseek] DEEPSEEK RAW RESPONSE GBPUSD: {
 "impact_score": 75,
 "bias": "bearish",
 "confidence": 0.85,
 "reason": "الأخبار تظهر قوة واضحة للدولار الأمريكي بدعم من رهانات رفع الفائدة من الاحتياطي الفيدرالي ووصول الدولار لأعلى مستوى في 13 شهرًا، مما يضغط بشدة على زوج الجنيه الإسترليني مقابل الدولار. كما أن تراجع الأسهم وهبوط الذهب يعززان من قوة الدولار كملاذ آمن، دون أي محفزات إيجابية للجنيه.",
 "key_factors": ["قوة الدولار بدعم من رهانات رفع الفائدة الفيدرالية", "تراجع شهية المخاطرة وهبوط الأسهم"],
 "risk_factors": ["أي تدخل مفاجئ من بنك اليابان قد يضعف الدولار مؤقتًا", "تصريحات غير متوقعة من بنك إنجلترا قد تدعم الجنيه"]
}
[2026-06-24 12:20:57] [INFO] [deepseek] ================================================================================
[2026-06-24 12:20:57] [INFO] [deepseek] AI analysis GBPUSD: bias=bearish score=75.0 conf=0.85
[2026-06-24 12:20:57] [INFO] [signal_engine] [VERIFY] SIGNAL_INPUT bias=bearish score=75.0 confidence=0.85
[2026-06-24 12:20:57] [INFO] [signal_engine] [VERIFY] SIGNAL_RULE rule=confidence>=0.60 actual=0.85 result=True
[2026-06-24 12:20:57] [INFO] [signal_engine] [VERIFY] SIGNAL_RULE rule=score>=55 actual=75.0 result=True
[2026-06-24 12:20:57] [INFO] [signal_engine] [VERIFY] SIGNAL_RULE rule=bias in [bullish,bearish] actual=bearish result=True
[2026-06-24 12:20:57] [INFO] [signal_engine] [VERIFY] SIGNAL_FINAL direction=SELL score=75.0 confidence=0.85 valid=True
[2026-06-24 12:20:57] [DEBUG] [signal_engine] Signal: SELL score=75.0 conf=0.85 strength=قوي valid=True
[2026-06-24 12:20:57] [INFO] [sentiment] Sentiment GBPUSD: neutral score=50 bull=2 bear=2
[2026-06-24 12:20:57] [DEBUG] [mtf] MTF (snapshot) GBPUSD: H4=bearish H1=bearish M15=bearish aligned=True (strong)
[2026-06-24 12:20:57] [INFO] [main] [VERIFY][DATA_TRUTH] symbol=GBPUSD timeframe=H4/H1/M15 news_fetched=True indicators_fetched=True live_data=True cached=False
[2026-06-24 12:20:57] [INFO] [voting_engine] GBPUSD: MTF strongly aligned, boosting score 10%
[2026-06-24 12:20:57] [INFO] [correlation_protection] [CORRELATION_PROTECTION] Block correlated GBPUSD sell with EURUSD sell action=block
[2026-06-24 12:20:57] [INFO] [risk_engine] Risk: CorrelationProtection blocked (GBPUSD SELL)
[2026-06-24 12:20:57] [DEBUG] [hybrid_market_client] Fetching indicators for GBPUSD (method: QuantDinger)
[2026-06-24 12:20:57] [DEBUG] [market_client] Candles GBPUSD 4H: 100 bars ✓
[2026-06-24 12:20:57] [DEBUG] [hybrid_market_client] ✓ Got real data from QuantDinger for GBPUSD
[2026-06-24 12:20:57] [DEBUG] [hybrid_market_client] Fetching indicators for GBPUSD (method: QuantDinger)
[2026-06-24 12:20:57] [DEBUG] [market_client] Using cached candles for GBPUSD 4H (age: 0s)
[2026-06-24 12:20:57] [DEBUG] [hybrid_market_client] ✓ Got real data from QuantDinger for GBPUSD
[2026-06-24 12:20:57] [INFO] [sltp] SL/TP GBPUSD: entry=1.3193135261535645 atr=0.00265 sl=1.32329 tp=1.31268
[2026-06-24 12:20:57] [INFO] [position_sizing] Position size: 0.5 (equity=73782, risk=0.001, sl_dist=0.00398, score=100, cons_loss=2)
[2026-06-24 12:20:57] [DEBUG] [xgboost_v2] V2 predict: rsi=41.4 atr=0.00265 regime=TRENDING session=london dir=SELL -> p_win=0.804
[2026-06-24 12:20:57] [INFO] [xgboost_v2] [VERIFY] XGBOOST PREDICTION p_win=0.804 available=True
[2026-06-24 12:20:57] [INFO] [main] [VERIFY][DECISION_TRUTH] bias=bearish score=100 confidence=1.0 vote=SELL risk_passed=False sl_tp_calculated=True position_size=0.5 xgboost_p_win=0.8036581873893738 final_decision_valid=False reject_reason=CorrelationProtection: correlated open trade exists
[2026-06-24 12:20:57] [INFO] [adaptive_weights] 🏆 أفضل زوج: EURUSD | WR=37.5% | PnL=190.0$
[2026-06-24 12:20:57] [INFO] [adaptive_weights] ⚠️ أسوأ زوج: GBPUSD | WR=50.0% | PnL=163.8$
[2026-06-24 12:20:57] [INFO] [main] Sleeping 1800s...
[2026-06-24 12:21:44] [INFO] [news_fetcher] Fetched 23 relevant news items
[2026-06-24 12:21:51] [INFO] [news_fetcher] Fetched 23 relevant news items
[2026-06-24 12:21:55] [INFO] [deepseek] ================================================================================
[2026-06-24 12:21:55] [INFO] [deepseek] DEEPSEEK RAW RESPONSE EURUSD: {
 "impact_score": 75,
 "bias": "bearish",
 "confidence": 0.85,
 "reason": "الأخبار تظهر قوة كبيرة للدولار الأمريكي بفضل توقعات رفع الفائدة وهروب المستثمرين من المخاطرة، مما يضغط على زوج اليورو/دولار. لا توجد أخبار إيجابية تدعم اليورو، بينما مؤشر Ifo الألماني الإيجابي لا يكفي لتعويض الضغوط.",
 "key_factors": ["ارتفاع الدولار إلى أعلى مستوى في 13 شهرًا بدعم من رهانات رفع الفائدة", "تراجع الأسهم الأمريكية وزيادة الطلب على الملاذات الآمنة"],
 "risk_factors": ["احتمال تدخل بنك اليابان لدعم الين قد يضعف الدولار مؤقتًا", "أي مفاجآت إيجابية من بيانات التضخم الأوروبي قد تغير التوجه"]
}
[2026-06-24 12:21:55] [INFO] [deepseek] ================================================================================
[2026-06-24 12:21:55] [INFO] [deepseek] AI analysis EURUSD: bias=bearish score=75.0 conf=0.85
[2026-06-24 12:21:55] [DEBUG] [reconciliation] News check EURUSD: AI=bearish conf=0.85 — no conflict
[2026-06-24 12:23:02] [INFO] [news_fetcher] Fetched 23 relevant news items
[2026-06-24 12:24:10] [INFO] [news_fetcher] Fetched 23 relevant news items
[2026-06-24 12:25:17] [INFO] [news_fetcher] Fetched 23 relevant news items
[2026-06-24 12:26:25] [INFO] [news_fetcher] Fetched 23 relevant news items
[2026-06-24 12:27:32] [INFO] [news_fetcher] Fetched 23 relevant news items
[2026-06-24 12:28:39] [INFO] [news_fetcher] Fetched 25 relevant news items
[2026-06-24 12:29:47] [INFO] [news_fetcher] Fetched 25 relevant news items
[2026-06-24 12:30:54] [INFO] [news_fetcher] Fetched 25 relevant news items
[2026-06-24 12:32:01] [INFO] [news_fetcher] Fetched 25 relevant news items
[2026-06-24 12:33:09] [INFO] [news_fetcher] Fetched 25 relevant news items
[2026-06-24 12:34:16] [INFO] [news_fetcher] Fetched 25 relevant news items
[2026-06-24 12:35:23] [INFO] [news_fetcher] Fetched 25 relevant news items
[2026-06-24 12:43:57] [INFO] [news_fetcher] Fetched 25 relevant news items
[2026-06-24 12:44:00] [INFO] [deepseek] ================================================================================
[2026-06-24 12:44:00] [INFO] [deepseek] DEEPSEEK RAW RESPONSE EURUSD: {
 "impact_score": 85,
 "bias": "bearish",
 "confidence": 0.9,
 "reason": "الأخبار تؤكد قوة الدولار الأمريكي بدعم من توقعات رفع الفائدة من الاحتياطي الفيدرالي، مما يضغط على اليورو. تراجع اليورو مقابل الدولار وارتفاع مؤشر الدولار لأعلى مستوى في 13 شهرًا يعززان الاتجاه الهابط للزوج. لا توجد عوامل إيجابية كافية لليورو رغم تحسن مؤشر إيفو الألماني.",
 "key_factors": ["ارتفاع الدولار لأعلى مستوى في 13 شهرًا بفضل توقعات رفع الفائدة", "تراجع اليورو بشكل حاد مقابل الدولار مع استمرار الضغط البيعي"],
 "risk_factors": ["احتمال تدخل البنك المركزي الأوروبي أو بيانات مفاجئة تضعف الدولار", "تصريحات متشددة من مسؤولي الفيدرالي قد تزيد الضغط على اليورو"]
}
[2026-06-24 12:44:00] [INFO] [deepseek] ================================================================================
[2026-06-24 12:44:00] [INFO] [deepseek] AI analysis EURUSD: bias=bearish score=85.0 conf=0.90
[2026-06-24 12:44:03] [INFO] [deepseek] ================================================================================
[2026-06-24 12:44:03] [INFO] [deepseek] DEEPSEEK RAW RESPONSE XAUUSD: {
 "impact_score": 85,
 "bias": "bearish",
 "confidence": 0.85,
 "reason": "الأخبار تظهر قوة الدولار الأمريكي بسبب توقعات رفع الفائدة من الاحتياطي الفيدرالي، مما يضغط على الذهب (XAUUSD) الذي هبط لأدنى مستوى في أسبوعين. كما أن تراجع النفط وضعف العملات الأخرى يعزز الطلب على الدولار كملاذ آمن، مما يزيد الضغط البيعي على الذهب.",
 "key_factors": ["قوة الدولار الأمريكي ووصوله لأعلى مستوى في 13 شهرًا", "توقعات رفع الفائدة من الاحتياطي الفيدرالي"],
 "risk_factors": ["احتمالية تدخل بنك اليابان لدعم الين قد يضعف الدولار مؤقتًا", "تصاعد التوترات الجيوسياسية قد يعزز الطلب على الذهب كملاذ آمن"]
}
[2026-06-24 12:44:03] [INFO] [deepseek] ================================================================================
[2026-06-24 12:44:03] [INFO] [deepseek] AI analysis XAUUSD: bias=bearish score=85.0 conf=0.85
[2026-06-24 12:44:06] [INFO] [deepseek] ================================================================================
[2026-06-24 12:44:06] [INFO] [deepseek] DEEPSEEK RAW RESPONSE GBPUSD: {
  "impact_score": 75,
  "bias": "bearish",
  "confidence": 0.85,
  "reason": "الأخبار تظهر قوة الدولار الأمريكي بسبب توقعات رفع الفائدة من الاحتياطي الفيدرالي، مما يضغط على زوج الجنيه الإسترليني مقابل الدولار. بالإضافة إلى ذلك، تراجع النفط وارتفاع مؤشر الدولار يعززان النظرة السلبية للزوج.",
  "key_factors": ["قوة الدولار الأمريكي بدعم من توقعات رفع الفائدة", "تراجع أسعار النفط يضعف الجنيه الإسترليني"],
  "risk_factors": ["احتمال تدخل بنك اليابان أو تغيرات في السياسة النقدية قد يؤثر على الدولار", "تصريحات ترمب حول أسعار البنزين قد تخلق تقلبات مؤقتة"]
}
[2026-06-24 12:44:06] [INFO] [deepseek] ================================================================================
[2026-06-24 12:44:06] [INFO] [deepseek] AI analysis GBPUSD: bias=bearish score=75.0 conf=0.85
[2026-06-24 12:50:57] [INFO] [main] ==================================================
[2026-06-24 12:50:57] [INFO] [main] Cycle 2 at 12:50:57
[2026-06-24 12:51:06] [INFO] [news_fetcher] Fetched 25 relevant news items
[2026-06-24 12:51:06] [INFO] [main] Equity: 73807.30$ | News: 25
[2026-06-24 12:51:06] [DEBUG] [hybrid_market_client] Fetching indicators for EURUSD (method: QuantDinger)
[2026-06-24 12:51:07] [DEBUG] [market_client] Candles EURUSD 4H: 100 bars ✓
[2026-06-24 12:51:07] [DEBUG] [hybrid_market_client] ✓ Got real data from QuantDinger for EURUSD
[2026-06-24 12:51:07] [DEBUG] [hybrid_market_client] Fetching indicators for EURUSD (method: QuantDinger)
[2026-06-24 12:51:07] [DEBUG] [market_client] Candles EURUSD 4H: 100 bars ✓
[2026-06-24 12:51:07] [DEBUG] [hybrid_market_client] ✓ Got real data from QuantDinger for EURUSD
[2026-06-24 12:51:07] [DEBUG] [hybrid_market_client] Fetching indicators for EURUSD (method: QuantDinger)
[2026-06-24 12:51:07] [DEBUG] [market_client] Candles EURUSD 4H: 100 bars ✓
[2026-06-24 12:51:07] [DEBUG] [hybrid_market_client] ✓ Got real data from QuantDinger for EURUSD
[2026-06-24 12:51:07] [INFO] [market_snapshot_builder] [SNAPSHOT_BUILT] symbol=EURUSD tfs=H4,H1,M15
[2026-06-24 12:51:07] [DEBUG] [hybrid_market_client] Fetching indicators for XAUUSD (method: QuantDinger)
[2026-06-24 12:51:07] [DEBUG] [market_client] Candles XAUUSD 4H: 100 bars ✓
[2026-06-24 12:51:07] [DEBUG] [hybrid_market_client] ✓ Got real data from QuantDinger for XAUUSD
[2026-06-24 12:51:07] [DEBUG] [hybrid_market_client] Fetching indicators for XAUUSD (method: QuantDinger)
[2026-06-24 12:51:07] [DEBUG] [market_client] Candles XAUUSD 4H: 100 bars ✓
[2026-06-24 12:51:07] [DEBUG] [hybrid_market_client] ✓ Got real data from QuantDinger for XAUUSD
[2026-06-24 12:51:07] [DEBUG] [hybrid_market_client] Fetching indicators for XAUUSD (method: QuantDinger)
[2026-06-24 12:51:07] [DEBUG] [market_client] Candles XAUUSD 4H: 100 bars ✓
[2026-06-24 12:51:07] [DEBUG] [hybrid_market_client] ✓ Got real data from QuantDinger for XAUUSD
[2026-06-24 12:51:07] [INFO] [market_snapshot_builder] [SNAPSHOT_BUILT] symbol=XAUUSD tfs=H4,H1,M15
[2026-06-24 12:51:07] [DEBUG] [hybrid_market_client] Fetching indicators for GBPUSD (method: QuantDinger)
[2026-06-24 12:51:07] [DEBUG] [market_client] Candles GBPUSD 4H: 100 bars ✓
[2026-06-24 12:51:07] [DEBUG] [hybrid_market_client] ✓ Got real data from QuantDinger for GBPUSD
[2026-06-24 12:51:07] [DEBUG] [hybrid_market_client] Fetching indicators for GBPUSD (method: QuantDinger)
[2026-06-24 12:51:08] [DEBUG] [market_client] Candles GBPUSD 4H: 100 bars ✓
[2026-06-24 12:51:08] [DEBUG] [hybrid_market_client] ✓ Got real data from QuantDinger for GBPUSD
[2026-06-24 12:51:08] [DEBUG] [hybrid_market_client] Fetching indicators for GBPUSD (method: QuantDinger)
[2026-06-24 12:51:08] [DEBUG] [market_client] Candles GBPUSD 4H: 100 bars ✓
[2026-06-24 12:51:08] [DEBUG] [hybrid_market_client] ✓ Got real data from QuantDinger for GBPUSD
[2026-06-24 12:51:08] [INFO] [market_snapshot_builder] [SNAPSHOT_BUILT] symbol=GBPUSD tfs=H4,H1,M15
[2026-06-24 12:51:08] [INFO] [main] --- EURUSD ---
[2026-06-24 12:51:11] [INFO] [deepseek] ================================================================================
[2026-06-24 12:51:11] [INFO] [deepseek] DEEPSEEK RAW RESPONSE EURUSD: {
 "impact_score": 75,
 "bias": "bearish",
 "confidence": 0.85,
 "reason": "الأخبار تؤكد قوة الدولار الأمريكي بسبب توقعات رفع الفائدة من الاحتياطي الفيدرالي، مما يضغط على اليورو. تراجع اليورو مقابل الدولار مسجلًا أدنى مستوياته، مع استمرار المشاعر الحذرة في الأسواق. لا توجد محفزات إيجابية كافية لليورو حاليًا.",
 "key_factors": ["ارتفاع مؤشر الدولار فوق 101.50 بدعم من توقعات رفع الفائدة", "تراجع اليورو بشكل حاد مقابل الدولار مع استمرار الضغوط البيعية"],
 "risk_factors": ["احتمال تدخل البنك المركزي الأوروبي أو بيانات أوروبية إيجابية مفاجئة قد تحد من الهبوط"]
}
[2026-06-24 12:51:11] [INFO] [deepseek] ================================================================================
[2026-06-24 12:51:11] [INFO] [deepseek] AI analysis EURUSD: bias=bearish score=75.0 conf=0.85
[2026-06-24 12:51:11] [INFO] [signal_engine] [VERIFY] SIGNAL_INPUT bias=bearish score=75.0 confidence=0.85
[2026-06-24 12:51:11] [INFO] [signal_engine] [VERIFY] SIGNAL_RULE rule=confidence>=0.60 actual=0.85 result=True
[2026-06-24 12:51:11] [INFO] [signal_engine] [VERIFY] SIGNAL_RULE rule=score>=55 actual=75.0 result=True
[2026-06-24 12:51:11] [INFO] [signal_engine] [VERIFY] SIGNAL_RULE rule=bias in [bullish,bearish] actual=bearish result=True
[2026-06-24 12:51:11] [INFO] [signal_engine] [VERIFY] SIGNAL_FINAL direction=SELL score=75.0 confidence=0.85 valid=True
[2026-06-24 12:51:11] [DEBUG] [signal_engine] Signal: SELL score=75.0 conf=0.85 strength=قوي valid=True
[2026-06-24 12:51:11] [INFO] [sentiment] Sentiment EURUSD: neutral score=50 bull=4 bear=3
[2026-06-24 12:51:11] [DEBUG] [mtf] MTF (snapshot) EURUSD: H4=bearish H1=bullish M15=bullish aligned=True (weak)
[2026-06-24 12:51:11] [INFO] [main] [VERIFY][DATA_TRUTH] symbol=EURUSD timeframe=H4/H1/M15 news_fetched=True indicators_fetched=True live_data=True cached=False
[2026-06-24 12:51:11] [INFO] [risk_engine] Risk: Duplicate symbol already open - EURUSD already open
[2026-06-24 12:51:11] [DEBUG] [hybrid_market_client] Fetching indicators for EURUSD (method: QuantDinger)
[2026-06-24 12:51:11] [DEBUG] [market_client] Candles EURUSD 4H: 100 bars ✓
[2026-06-24 12:51:11] [DEBUG] [hybrid_market_client] ✓ Got real data from QuantDinger for EURUSD
[2026-06-24 12:51:11] [DEBUG] [hybrid_market_client] Fetching indicators for EURUSD (method: QuantDinger)
[2026-06-24 12:51:11] [DEBUG] [market_client] Using cached candles for EURUSD 4H (age: 0s)
[2026-06-24 12:51:11] [DEBUG] [hybrid_market_client] ✓ Got real data from QuantDinger for EURUSD
[2026-06-24 12:51:11] [INFO] [sltp] SL/TP EURUSD: entry=1.1350737810134888 atr=0.00196 sl=1.13801 tp=1.13019
[2026-06-24 12:51:11] [INFO] [position_sizing] Position size: 0.5 (equity=73807, risk=0.000, sl_dist=0.00294, score=62, cons_loss=2)
[2026-06-24 12:51:11] [DEBUG] [xgboost_v2] V2 predict: rsi=5.8 atr=0.00196 regime=TRENDING session=london dir=SELL -> p_win=0.783
[2026-06-24 12:51:11] [INFO] [xgboost_v2] [VERIFY] XGBOOST PREDICTION p_win=0.783 available=True
[2026-06-24 12:51:11] [INFO] [main] [VERIFY][DECISION_TRUTH] bias=bearish score=61.7 confidence=1.0 vote=SELL risk_passed=False sl_tp_calculated=True position_size=0.5 xgboost_p_win=0.7827763557434082 final_decision_valid=False reject_reason=EURUSD already open
[2026-06-24 12:51:11] [INFO] [main] --- XAUUSD ---
[2026-06-24 12:51:15] [INFO] [deepseek] ================================================================================
[2026-06-24 12:51:15] [INFO] [deepseek] DEEPSEEK RAW RESPONSE XAUUSD: {
 "impact_score": 75,
 "bias": "bearish",
 "confidence": 0.85,
 "reason": "ارتفاع الدولار إلى أعلى مستوى في 13 شهرًا مع ترقب رفع الفائدة من الاحتياطي الفيدرالي يضغط بقوة على الذهب، وهبوط الذهب إلى أدنى مستوى في أسبوعين يؤكد الاتجاه الهابط. الأخبار تظهر هيمنة المشاعر الهبوطية على الدولار والذهب مع غياب محفزات آمنة قوية.",
 "key_factors": ["قوة الدولار بدعم من توقعات رفع الفائدة الفيدرالية", "هبوط الذهب لأدنى مستوى في أسبوعين مع ضعف الطلب كملاذ آمن"],
 "risk_factors": ["احتمال تدخل بنك اليابان لدعم الين قد يضعف الدولار مؤقتًا", "أي تصعيد جيوسياسي مفاجئ قد يعزز الطلب على الذهب كملاذ آمن"]
}
[2026-06-24 12:51:15] [INFO] [deepseek] ================================================================================
[2026-06-24 12:51:15] [INFO] [deepseek] AI analysis XAUUSD: bias=bearish score=75.0 conf=0.85
[2026-06-24 12:51:15] [INFO] [signal_engine] [VERIFY] SIGNAL_INPUT bias=bearish score=75.0 confidence=0.85
[2026-06-24 12:51:15] [INFO] [signal_engine] [VERIFY] SIGNAL_RULE rule=confidence>=0.60 actual=0.85 result=True
[2026-06-24 12:51:15] [INFO] [signal_engine] [VERIFY] SIGNAL_RULE rule=score>=55 actual=75.0 result=True
[2026-06-24 12:51:15] [INFO] [signal_engine] [VERIFY] SIGNAL_RULE rule=bias in [bullish,bearish] actual=bearish result=True
[2026-06-24 12:51:15] [INFO] [signal_engine] [VERIFY] SIGNAL_FINAL direction=SELL score=75.0 confidence=0.85 valid=True
[2026-06-24 12:51:15] [DEBUG] [signal_engine] Signal: SELL score=75.0 conf=0.85 strength=قوي valid=True
[2026-06-24 12:51:15] [DEBUG] [mtf] MTF (snapshot) XAUUSD: H4=bearish H1=bearish M15=bearish aligned=True (strong)
[2026-06-24 12:51:15] [INFO] [main] [VERIFY][DATA_TRUTH] symbol=XAUUSD timeframe=H4/H1/M15 news_fetched=True indicators_fetched=True live_data=True cached=False
[2026-06-24 12:51:15] [INFO] [voting_engine] XAUUSD: MTF strongly aligned, boosting score 10%
[2026-06-24 12:51:15] [DEBUG] [hybrid_market_client] Fetching indicators for XAUUSD (method: QuantDinger)
[2026-06-24 12:51:15] [DEBUG] [market_client] Candles XAUUSD 4H: 100 bars ✓
[2026-06-24 12:51:15] [DEBUG] [hybrid_market_client] ✓ Got real data from QuantDinger for XAUUSD
[2026-06-24 12:51:15] [DEBUG] [hybrid_market_client] Fetching indicators for XAUUSD (method: QuantDinger)
[2026-06-24 12:51:15] [DEBUG] [market_client] Using cached candles for XAUUSD 4H (age: 0s)
[2026-06-24 12:51:15] [DEBUG] [hybrid_market_client] ✓ Got real data from QuantDinger for XAUUSD
[2026-06-24 12:51:15] [INFO] [sltp] SL/TP XAUUSD: entry=4083.39990234375 atr=46.21430 sl=4093.3999 tp=3967.86414
[2026-06-24 12:51:15] [INFO] [position_sizing] Position size: 0.1 (equity=73807, risk=0.001, sl_dist=10.00000, score=100, cons_loss=2)
[2026-06-24 12:51:15] [DEBUG] [xgboost_v2] V2 predict: rsi=32.2 atr=46.21430 regime=TRENDING session=london dir=SELL -> p_win=0.147
[2026-06-24 12:51:15] [INFO] [xgboost_v2] [VERIFY] XGBOOST PREDICTION p_win=0.147 available=True
[2026-06-24 12:51:15] [INFO] [main] [VERIFY][DECISION_TRUTH] bias=bearish score=100 confidence=1.0 vote=SELL risk_passed=True sl_tp_calculated=True position_size=0.1 xgboost_p_win=0.1468230038881302 final_decision_valid=False reject_reason=p_win<threshold (p_win=0.147 threshold=0.6)
[2026-06-24 12:51:15] [INFO] [main] --- GBPUSD ---
[2026-06-24 12:51:18] [INFO] [deepseek] ================================================================================
[2026-06-24 12:51:18] [INFO] [deepseek] DEEPSEEK RAW RESPONSE GBPUSD: {
 "impact_score": 75,
 "bias": "bearish",
 "confidence": 0.85,
 "reason": "الأخبار تظهر قوة الدولار الأمريكي بسبب توقعات رفع الفائدة من الاحتياطي الفيدرالي، مما يضغط على زوج الجنيه الإسترليني/الدولار الأمريكي. كما أن ضعف اليورو والأسترالي يعزز قوة الدولار، بينما لا توجد أخبار إيجابية تدعم الجنيه الإسترليني. المخاطر الجيوسياسية والتضخم تدعم الاتجاه الهبوطي للزوج.",
 "key_factors": ["قوة الدولار الأمريكي بدعم من توقعات رفع الفائدة الفيدرالية", "ضعف العملات الرئيسية الأخرى مثل اليورو والأسترالي"],
 "risk_factors": ["احتمال تدخل بنك اليابان لدعم الين قد يضعف الدولار مؤقتاً", "أي تصريحات مفاجئة من بنك إنجلترا بشأن رفع الفائدة قد تدعم الجنيه"]
}
[2026-06-24 12:51:18] [INFO] [deepseek] ================================================================================
[2026-06-24 12:51:18] [INFO] [deepseek] AI analysis GBPUSD: bias=bearish score=75.0 conf=0.85
[2026-06-24 12:51:18] [INFO] [signal_engine] [VERIFY] SIGNAL_INPUT bias=bearish score=75.0 confidence=0.85
[2026-06-24 12:51:18] [INFO] [signal_engine] [VERIFY] SIGNAL_RULE rule=confidence>=0.60 actual=0.85 result=True
[2026-06-24 12:51:18] [INFO] [signal_engine] [VERIFY] SIGNAL_RULE rule=score>=55 actual=75.0 result=True
[2026-06-24 12:51:18] [INFO] [signal_engine] [VERIFY] SIGNAL_RULE rule=bias in [bullish,bearish] actual=bearish result=True
[2026-06-24 12:51:18] [INFO] [signal_engine] [VERIFY] SIGNAL_FINAL direction=SELL score=75.0 confidence=0.85 valid=True
[2026-06-24 12:51:18] [DEBUG] [signal_engine] Signal: SELL score=75.0 conf=0.85 strength=قوي valid=True
[2026-06-24 12:51:18] [INFO] [sentiment] Sentiment GBPUSD: bullish score=100 bull=1 bear=0
[2026-06-24 12:51:18] [DEBUG] [mtf] MTF (snapshot) GBPUSD: H4=bearish H1=bearish M15=bearish aligned=True (strong)
[2026-06-24 12:51:18] [INFO] [main] [VERIFY][DATA_TRUTH] symbol=GBPUSD timeframe=H4/H1/M15 news_fetched=True indicators_fetched=True live_data=True cached=False
[2026-06-24 12:51:18] [INFO] [voting_engine] GBPUSD: MTF strongly aligned, boosting score 10%
[2026-06-24 12:51:18] [INFO] [correlation_protection] [CORRELATION_PROTECTION] Block correlated GBPUSD sell with EURUSD sell action=block
[2026-06-24 12:51:18] [INFO] [risk_engine] Risk: CorrelationProtection blocked (GBPUSD SELL)
[2026-06-24 12:51:18] [DEBUG] [hybrid_market_client] Fetching indicators for GBPUSD (method: QuantDinger)
[2026-06-24 12:51:18] [DEBUG] [market_client] Candles GBPUSD 4H: 100 bars ✓
[2026-06-24 12:51:18] [DEBUG] [hybrid_market_client] ✓ Got real data from QuantDinger for GBPUSD
[2026-06-24 12:51:18] [DEBUG] [hybrid_market_client] Fetching indicators for GBPUSD (method: QuantDinger)
[2026-06-24 12:51:18] [DEBUG] [market_client] Using cached candles for GBPUSD 4H (age: 0s)
[2026-06-24 12:51:18] [DEBUG] [hybrid_market_client] ✓ Got real data from QuantDinger for GBPUSD
[2026-06-24 12:51:18] [INFO] [sltp] SL/TP GBPUSD: entry=1.3180439472198486 atr=0.00265 sl=1.32202 tp=1.31141
[2026-06-24 12:51:18] [INFO] [position_sizing] Position size: 0.5 (equity=73807, risk=0.001, sl_dist=0.00398, score=94, cons_loss=2)
[2026-06-24 12:51:18] [DEBUG] [xgboost_v2] V2 predict: rsi=38.0 atr=0.00265 regime=TRENDING session=london dir=SELL -> p_win=0.749
[2026-06-24 12:51:18] [INFO] [xgboost_v2] [VERIFY] XGBOOST PREDICTION p_win=0.749 available=True
[2026-06-24 12:51:18] [INFO] [main] [VERIFY][DECISION_TRUTH] bias=bearish score=94.1 confidence=1.0 vote=SELL risk_passed=False sl_tp_calculated=True position_size=0.5 xgboost_p_win=0.7485777735710144 final_decision_valid=False reject_reason=CorrelationProtection: correlated open trade exists
[2026-06-24 12:51:18] [INFO] [adaptive_weights] 🏆 أفضل زوج: EURUSD | WR=37.5% | PnL=190.0$
[2026-06-24 12:51:18] [INFO] [adaptive_weights] ⚠️ أسوأ زوج: GBPUSD | WR=50.0% | PnL=163.8$
[2026-06-24 12:51:18] [INFO] [main] Sleeping 1800s...
[2026-06-24 13:20:40] [INFO] [qd_client] Logged in to QuantDinger
[2026-06-24 13:21:18] [INFO] [main] ==================================================
[2026-06-24 13:21:18] [INFO] [main] Cycle 3 at 13:21:18
[2026-06-24 13:21:27] [INFO] [news_fetcher] Fetched 27 relevant news items
[2026-06-24 13:21:28] [INFO] [main] Equity: 73854.10$ | News: 27
[2026-06-24 13:21:28] [DEBUG] [hybrid_market_client] Fetching indicators for EURUSD (method: QuantDinger)
[2026-06-24 13:21:28] [DEBUG] [market_client] Candles EURUSD 4H: 100 bars ✓
[2026-06-24 13:21:28] [DEBUG] [hybrid_market_client] ✓ Got real data from QuantDinger for EURUSD
[2026-06-24 13:21:28] [DEBUG] [hybrid_market_client] Fetching indicators for EURUSD (method: QuantDinger)
[2026-06-24 13:21:28] [DEBUG] [market_client] Candles EURUSD 4H: 100 bars ✓
[2026-06-24 13:21:28] [DEBUG] [hybrid_market_client] ✓ Got real data from QuantDinger for EURUSD
[2026-06-24 13:21:28] [DEBUG] [hybrid_market_client] Fetching indicators for EURUSD (method: QuantDinger)
[2026-06-24 13:21:28] [DEBUG] [market_client] Candles EURUSD 4H: 100 bars ✓
[2026-06-24 13:21:28] [DEBUG] [hybrid_market_client] ✓ Got real data from QuantDinger for EURUSD
[2026-06-24 13:21:28] [INFO] [market_snapshot_builder] [SNAPSHOT_BUILT] symbol=EURUSD tfs=H4,H1,M15
[2026-06-24 13:21:28] [DEBUG] [hybrid_market_client] Fetching indicators for XAUUSD (method: QuantDinger)
[2026-06-24 13:21:28] [DEBUG] [market_client] Candles XAUUSD 4H: 100 bars ✓
[2026-06-24 13:21:28] [DEBUG] [hybrid_market_client] ✓ Got real data from QuantDinger for XAUUSD
[2026-06-24 13:21:28] [DEBUG] [hybrid_market_client] Fetching indicators for XAUUSD (method: QuantDinger)
[2026-06-24 13:21:28] [DEBUG] [market_client] Candles XAUUSD 4H: 100 bars ✓
[2026-06-24 13:21:28] [DEBUG] [hybrid_market_client] ✓ Got real data from QuantDinger for XAUUSD
[2026-06-24 13:21:28] [DEBUG] [hybrid_market_client] Fetching indicators for XAUUSD (method: QuantDinger)
[2026-06-24 13:21:28] [DEBUG] [market_client] Candles XAUUSD 4H: 100 bars ✓
[2026-06-24 13:21:28] [DEBUG] [hybrid_market_client] ✓ Got real data from QuantDinger for XAUUSD
[2026-06-24 13:21:28] [INFO] [market_snapshot_builder] [SNAPSHOT_BUILT] symbol=XAUUSD tfs=H4,H1,M15
[2026-06-24 13:21:28] [DEBUG] [hybrid_market_client] Fetching indicators for GBPUSD (method: QuantDinger)
[2026-06-24 13:21:29] [DEBUG] [market_client] Candles GBPUSD 4H: 100 bars ✓
[2026-06-24 13:21:29] [DEBUG] [hybrid_market_client] ✓ Got real data from QuantDinger for GBPUSD
[2026-06-24 13:21:29] [DEBUG] [hybrid_market_client] Fetching indicators for GBPUSD (method: QuantDinger)
[2026-06-24 13:21:29] [DEBUG] [market_client] Candles GBPUSD 4H: 100 bars ✓
[2026-06-24 13:21:29] [DEBUG] [hybrid_market_client] ✓ Got real data from QuantDinger for GBPUSD
[2026-06-24 13:21:29] [DEBUG] [hybrid_market_client] Fetching indicators for GBPUSD (method: QuantDinger)
[2026-06-24 13:21:29] [DEBUG] [market_client] Candles GBPUSD 4H: 100 bars ✓
[2026-06-24 13:21:29] [DEBUG] [hybrid_market_client] ✓ Got real data from QuantDinger for GBPUSD
[2026-06-24 13:21:29] [INFO] [market_snapshot_builder] [SNAPSHOT_BUILT] symbol=GBPUSD tfs=H4,H1,M15
[2026-06-24 13:21:29] [INFO] [main] --- EURUSD ---
[2026-06-24 13:21:35] [INFO] [deepseek] ================================================================================
[2026-06-24 13:21:35] [INFO] [deepseek] DEEPSEEK RAW RESPONSE EURUSD: {
 "impact_score": 75,
 "bias": "bearish",
 "confidence": 0.8,
 "reason": "الأخبار تدعم قوة الدولار الأمريكي بسبب توقعات رفع الفائدة وارتفاع مؤشر الدولار لأعلى مستوى في 13 شهرًا، مما يضغط على زوج اليورو دولار. كما أن تقرير فارق العائد بين اليورو والدولار يزيد من الضغوط الهبوطية على اليورو. البيانات الإيجابية لمناخ الأعمال الألماني لا تكفي لتعويض التأثير السلبي لقوة الدولار.",
 "key_factors": ["قوة الدولار بدعم من رهانات رفع الفائدة وارتفاع المؤشر", "فارق العائد السلبي لصالح الدولار مقابل اليورو"],
 "risk_factors": ["احتمال تدخل البنك المركزي الأوروبي أو بيانات مفاجئة لليورو", "تطورات جيوسياسية قد تضعف الدولار مؤقتًا"]
}
[2026-06-24 13:21:35] [INFO] [deepseek] ================================================================================
[2026-06-24 13:21:35] [INFO] [deepseek] AI analysis EURUSD: bias=bearish score=75.0 conf=0.80
[2026-06-24 13:21:35] [INFO] [signal_engine] [VERIFY] SIGNAL_INPUT bias=bearish score=75.0 confidence=0.8
[2026-06-24 13:21:35] [INFO] [signal_engine] [VERIFY] SIGNAL_RULE rule=confidence>=0.60 actual=0.8 result=True
[2026-06-24 13:21:35] [INFO] [signal_engine] [VERIFY] SIGNAL_RULE rule=score>=55 actual=75.0 result=True
[2026-06-24 13:21:35] [INFO] [signal_engine] [VERIFY] SIGNAL_RULE rule=bias in [bullish,bearish] actual=bearish result=True
[2026-06-24 13:21:35] [INFO] [signal_engine] [VERIFY] SIGNAL_FINAL direction=SELL score=75.0 confidence=0.8 valid=True
[2026-06-24 13:21:35] [DEBUG] [signal_engine] Signal: SELL score=75.0 conf=0.80 strength=قوي valid=True
[2026-06-24 13:21:35] [INFO] [sentiment] Sentiment EURUSD: bullish score=86 bull=5 bear=2
[2026-06-24 13:21:35] [DEBUG] [mtf] MTF (snapshot) EURUSD: H4=bearish H1=bullish M15=bullish aligned=True (weak)
[2026-06-24 13:21:35] [INFO] [main] [VERIFY][DATA_TRUTH] symbol=EURUSD timeframe=H4/H1/M15 news_fetched=True indicators_fetched=True live_data=True cached=False
[2026-06-24 13:21:35] [INFO] [risk_engine] Risk: Duplicate symbol already open - EURUSD already open
[2026-06-24 13:21:35] [DEBUG] [hybrid_market_client] Fetching indicators for EURUSD (method: QuantDinger)
[2026-06-24 13:21:35] [DEBUG] [market_client] Candles EURUSD 4H: 100 bars ✓
[2026-06-24 13:21:35] [DEBUG] [hybrid_market_client] ✓ Got real data from QuantDinger for EURUSD
[2026-06-24 13:21:35] [DEBUG] [hybrid_market_client] Fetching indicators for EURUSD (method: QuantDinger)
[2026-06-24 13:21:35] [DEBUG] [market_client] Using cached candles for EURUSD 4H (age: 0s)
[2026-06-24 13:21:35] [DEBUG] [hybrid_market_client] ✓ Got real data from QuantDinger for EURUSD
[2026-06-24 13:21:35] [INFO] [sltp] SL/TP EURUSD: entry=1.134429931640625 atr=0.00196 sl=1.13736 tp=1.12954
[2026-06-24 13:21:35] [INFO] [position_sizing] Position size: 0.5 (equity=73854, risk=0.000, sl_dist=0.00293, score=52, cons_loss=2)
[2026-06-24 13:21:35] [DEBUG] [xgboost_v2] V2 predict: rsi=5.6 atr=0.00196 regime=TRENDING session=london dir=SELL -> p_win=0.783
[2026-06-24 13:21:35] [INFO] [xgboost_v2] [VERIFY] XGBOOST PREDICTION p_win=0.783 available=True
[2026-06-24 13:21:35] [INFO] [main] [VERIFY][DECISION_TRUTH] bias=bearish score=52.0 confidence=1.0 vote=SELL risk_passed=False sl_tp_calculated=True position_size=0.5 xgboost_p_win=0.7827763557434082 final_decision_valid=False reject_reason=EURUSD already open
[2026-06-24 13:21:35] [INFO] [main] --- XAUUSD ---
[2026-06-24 13:21:39] [INFO] [deepseek] ================================================================================
[2026-06-24 13:21:39] [INFO] [deepseek] DEEPSEEK RAW RESPONSE XAUUSD: {
 "impact_score": 65,
 "bias": "bearish",
 "confidence": 0.7,
 "reason": "ارتفاع مؤشر الدولار لأعلى مستوى في 13 شهرًا مع تزايد رهانات رفع الفائدة يدعم قوة الدولار ويضغط على الذهب. تراجع النفط دون 76 دولارًا يعكس ضعف الطلب ويزيد من قوة الدولار كملاذ آمن، مما يقلل جاذبية الذهب. الأخبار تميل إلى هبوط زوج XAUUSD على المدى القصير.",
 "key_factors": ["قوة الدولار وارتفاع مؤشره فوق 101.50", "تزايد توقعات رفع الفائدة من الاحتياطي الفيدرالي"],
 "risk_factors": ["أي تصعيد جيوسياسي مفاجئ قد يعزز الطلب على الذهب كملاذ آمن", "تدخل بنك اليابان لدعم الين قد يضعف الدولار مؤقتًا"]
}
[2026-06-24 13:21:39] [INFO] [deepseek] ================================================================================
[2026-06-24 13:21:39] [INFO] [deepseek] AI analysis XAUUSD: bias=bearish score=65.0 conf=0.70
[2026-06-24 13:21:39] [INFO] [signal_engine] [VERIFY] SIGNAL_INPUT bias=bearish score=65.0 confidence=0.7
[2026-06-24 13:21:39] [INFO] [signal_engine] [VERIFY] SIGNAL_RULE rule=confidence>=0.60 actual=0.7 result=True
[2026-06-24 13:21:39] [INFO] [signal_engine] [VERIFY] SIGNAL_RULE rule=score>=55 actual=65.0 result=True
[2026-06-24 13:21:39] [INFO] [signal_engine] [VERIFY] SIGNAL_RULE rule=bias in [bullish,bearish] actual=bearish result=True
[2026-06-24 13:21:39] [INFO] [signal_engine] [VERIFY] SIGNAL_FINAL direction=SELL score=65.0 confidence=0.7 valid=True
[2026-06-24 13:21:39] [DEBUG] [signal_engine] Signal: SELL score=65.0 conf=0.70 strength=متوسط valid=True
[2026-06-24 13:21:39] [DEBUG] [mtf] MTF (snapshot) XAUUSD: H4=bearish H1=bearish M15=bearish aligned=True (strong)
[2026-06-24 13:21:39] [INFO] [main] [VERIFY][DATA_TRUTH] symbol=XAUUSD timeframe=H4/H1/M15 news_fetched=True indicators_fetched=True live_data=True cached=False
[2026-06-24 13:21:39] [INFO] [voting_engine] XAUUSD: MTF strongly aligned, boosting score 10%
[2026-06-24 13:21:39] [DEBUG] [hybrid_market_client] Fetching indicators for XAUUSD (method: QuantDinger)
[2026-06-24 13:21:39] [DEBUG] [market_client] Candles XAUUSD 4H: 100 bars ✓
[2026-06-24 13:21:39] [DEBUG] [hybrid_market_client] ✓ Got real data from QuantDinger for XAUUSD
[2026-06-24 13:21:39] [DEBUG] [hybrid_market_client] Fetching indicators for XAUUSD (method: QuantDinger)
[2026-06-24 13:21:39] [DEBUG] [market_client] Using cached candles for XAUUSD 4H (age: 0s)
[2026-06-24 13:21:39] [DEBUG] [hybrid_market_client] ✓ Got real data from QuantDinger for XAUUSD
[2026-06-24 13:21:39] [INFO] [sltp] SL/TP XAUUSD: entry=4078.89990234375 atr=46.68574 sl=4088.8999 tp=3962.18555
[2026-06-24 13:21:39] [INFO] [position_sizing] Position size: 0.1 (equity=73854, risk=0.001, sl_dist=10.00000, score=94, cons_loss=2)
[2026-06-24 13:21:39] [DEBUG] [xgboost_v2] V2 predict: rsi=31.8 atr=46.68574 regime=TRENDING session=london dir=SELL -> p_win=0.147
[2026-06-24 13:21:39] [INFO] [xgboost_v2] [VERIFY] XGBOOST PREDICTION p_win=0.147 available=True
[2026-06-24 13:21:39] [INFO] [main] [VERIFY][DECISION_TRUTH] bias=bearish score=94.5 confidence=1.0 vote=SELL risk_passed=True sl_tp_calculated=True position_size=0.1 xgboost_p_win=0.1468230038881302 final_decision_valid=False reject_reason=p_win<threshold (p_win=0.147 threshold=0.6)
[2026-06-24 13:21:39] [INFO] [main] --- GBPUSD ---
[2026-06-24 13:21:43] [INFO] [deepseek] ================================================================================
[2026-06-24 13:21:43] [INFO] [deepseek] DEEPSEEK RAW RESPONSE GBPUSD: {
 "impact_score": 75,
 "bias": "bearish",
 "confidence": 0.8,
 "reason": "الأخبار تظهر قوة الدولار الأمريكي بدعم من توقعات رفع الفائدة وارتفاع مؤشره لأعلى مستوى في 13 شهرًا، مما يضغط على زوج الجنيه الإسترليني/دولار. كما أن ضعف اليورو والجنيه الإسترليني مقابل الدولار يعزز الاتجاه الهابط. لا توجد أخبار إيجابية كافية لدعم الجنيه.",
 "key_factors": ["ارتفاع الدولار لأعلى مستوى في 13 شهرًا بفضل رهانات رفع الفائدة", "ضعف العملات الرئيسية الأخرى مثل اليورو والجنيه مقابل الدولار"],
 "risk_factors": ["احتمال تدخل بنك اليابان لدعم الين قد يؤثر مؤقتًا على الدولار", "أي تصعيد جيوسياسي قد يغير توجه المخاطرة"]
}
[2026-06-24 13:21:43] [INFO] [deepseek] ================================================================================
[2026-06-24 13:21:43] [INFO] [deepseek] AI analysis GBPUSD: bias=bearish score=75.0 conf=0.80
[2026-06-24 13:21:43] [INFO] [signal_engine] [VERIFY] SIGNAL_INPUT bias=bearish score=75.0 confidence=0.8
[2026-06-24 13:21:43] [INFO] [signal_engine] [VERIFY] SIGNAL_RULE rule=confidence>=0.60 actual=0.8 result=True
[2026-06-24 13:21:43] [INFO] [signal_engine] [VERIFY] SIGNAL_RULE rule=score>=55 actual=75.0 result=True
[2026-06-24 13:21:43] [INFO] [signal_engine] [VERIFY] SIGNAL_RULE rule=bias in [bullish,bearish] actual=bearish result=True
[2026-06-24 13:21:43] [INFO] [signal_engine] [VERIFY] SIGNAL_FINAL direction=SELL score=75.0 confidence=0.8 valid=True
[2026-06-24 13:21:43] [DEBUG] [signal_engine] Signal: SELL score=75.0 conf=0.80 strength=قوي valid=True
[2026-06-24 13:21:43] [INFO] [sentiment] Sentiment GBPUSD: bullish score=100 bull=1 bear=0
[2026-06-24 13:21:43] [DEBUG] [mtf] MTF (snapshot) GBPUSD: H4=bearish H1=bearish M15=bearish aligned=True (strong)
[2026-06-24 13:21:43] [INFO] [main] [VERIFY][DATA_TRUTH] symbol=GBPUSD timeframe=H4/H1/M15 news_fetched=True indicators_fetched=True live_data=True cached=False
[2026-06-24 13:21:43] [INFO] [voting_engine] GBPUSD: MTF strongly aligned, boosting score 10%
[2026-06-24 13:21:43] [INFO] [correlation_protection] [CORRELATION_PROTECTION] Block correlated GBPUSD sell with EURUSD sell action=block
[2026-06-24 13:21:43] [INFO] [risk_engine] Risk: CorrelationProtection blocked (GBPUSD SELL)
[2026-06-24 13:21:43] [DEBUG] [hybrid_market_client] Fetching indicators for GBPUSD (method: QuantDinger)
[2026-06-24 13:21:43] [DEBUG] [market_client] Candles GBPUSD 4H: 100 bars ✓
[2026-06-24 13:21:43] [DEBUG] [hybrid_market_client] ✓ Got real data from QuantDinger for GBPUSD
[2026-06-24 13:21:43] [DEBUG] [hybrid_market_client] Fetching indicators for GBPUSD (method: QuantDinger)
[2026-06-24 13:21:43] [DEBUG] [market_client] Using cached candles for GBPUSD 4H (age: 0s)
[2026-06-24 13:21:43] [DEBUG] [hybrid_market_client] ✓ Got real data from QuantDinger for GBPUSD
[2026-06-24 13:21:43] [INFO] [sltp] SL/TP GBPUSD: entry=1.3162916898727417 atr=0.00273 sl=1.32038 tp=1.30947
[2026-06-24 13:21:43] [INFO] [position_sizing] Position size: 0.5 (equity=73854, risk=0.001, sl_dist=0.00409, score=76, cons_loss=2)
[2026-06-24 13:21:43] [DEBUG] [xgboost_v2] V2 predict: rsi=34.8 atr=0.00273 regime=TRENDING session=london dir=SELL -> p_win=0.591
[2026-06-24 13:21:43] [INFO] [xgboost_v2] [VERIFY] XGBOOST PREDICTION p_win=0.591 available=True
[2026-06-24 13:21:43] [INFO] [main] [VERIFY][DECISION_TRUTH] bias=bearish score=76.2 confidence=1.0 vote=SELL risk_passed=False sl_tp_calculated=True position_size=0.5 xgboost_p_win=0.5911587476730347 final_decision_valid=False reject_reason=p_win<threshold (p_win=0.591 threshold=0.6)
[2026-06-24 13:21:43] [INFO] [adaptive_weights] 🏆 أفضل زوج: EURUSD | WR=37.5% | PnL=190.0$
[2026-06-24 13:21:43] [INFO] [adaptive_weights] ⚠️ أسوأ زوج: GBPUSD | WR=50.0% | PnL=163.8$
[2026-06-24 13:21:43] [INFO] [main] Sleeping 1800s...
