[2026-06-30 06:26:55] [INFO] [main] Trading Bot V3 starting...
[2026-06-30 06:26:55] [INFO] [database] V3 Database initialized with all tables
[2026-06-30 06:26:56] [INFO] [qd_client] Logged in to QuantDinger
[2026-06-30 06:26:56] [INFO] [qd_client] MT5 connected
[2026-06-30 06:26:56] [INFO] [main] MT5 connected
[2026-06-30 06:26:56] [INFO] [telegram_bot] Telegram polling started
[2026-06-30 06:26:56] [INFO] [telegram_bot] Telegram bot V3 started
[2026-06-30 06:26:56] [INFO] [mt5_watchdog] MT5 watchdog started (V1 reconnect logic)
[2026-06-30 06:26:56] [INFO] [reconciliation] Reconciliation loop started (every 60s)
[2026-06-30 06:26:56] [INFO] [reconciliation] Reconciliation thread started (safety only)
[2026-06-30 06:26:56] [INFO] [post_entry_manager] PostEntryManager started
[2026-06-30 06:26:57] [INFO] [main] ==================================================
[2026-06-30 06:26:57] [INFO] [main] Cycle 1 at 06:26:57
[2026-06-30 06:27:30] [INFO] [news_fetcher] Fetched 15 relevant news items
[2026-06-30 06:27:30] [INFO] [main] Equity: 74612.02$ | News: 15
[2026-06-30 06:27:30] [DEBUG] [hybrid_market_client] Fetching indicators for EURUSD (QuantDinger only)
[2026-06-30 06:27:36] [DEBUG] [market_client] Candles EURUSD 4H: 100 bars ✓
[2026-06-30 06:27:36] [DEBUG] [hybrid_market_client] ✓ Got live data from QuantDinger for EURUSD
[2026-06-30 06:27:36] [DEBUG] [hybrid_market_client] Fetching indicators for EURUSD (QuantDinger only)
[2026-06-30 06:27:36] [DEBUG] [market_client] Candles EURUSD 4H: 100 bars ✓
[2026-06-30 06:27:36] [DEBUG] [hybrid_market_client] ✓ Got live data from QuantDinger for EURUSD
[2026-06-30 06:27:36] [DEBUG] [hybrid_market_client] Fetching indicators for EURUSD (QuantDinger only)
[2026-06-30 06:27:36] [DEBUG] [market_client] Candles EURUSD 4H: 100 bars ✓
[2026-06-30 06:27:36] [DEBUG] [hybrid_market_client] ✓ Got live data from QuantDinger for EURUSD
[2026-06-30 06:27:36] [INFO] [market_snapshot_builder] [SNAPSHOT_BUILT] symbol=EURUSD tfs=H4,H1,M15
[2026-06-30 06:27:36] [DEBUG] [hybrid_market_client] Fetching indicators for XAUUSD (QuantDinger only)
[2026-06-30 06:27:37] [DEBUG] [market_client] Candles XAUUSD 4H: 100 bars ✓
[2026-06-30 06:27:37] [DEBUG] [hybrid_market_client] ✓ Got live data from QuantDinger for XAUUSD
[2026-06-30 06:27:37] [DEBUG] [hybrid_market_client] Fetching indicators for XAUUSD (QuantDinger only)
[2026-06-30 06:27:37] [DEBUG] [market_client] Candles XAUUSD 4H: 100 bars ✓
[2026-06-30 06:27:37] [DEBUG] [hybrid_market_client] ✓ Got live data from QuantDinger for XAUUSD
[2026-06-30 06:27:37] [DEBUG] [hybrid_market_client] Fetching indicators for XAUUSD (QuantDinger only)
[2026-06-30 06:27:37] [DEBUG] [market_client] Candles XAUUSD 4H: 100 bars ✓
[2026-06-30 06:27:37] [DEBUG] [hybrid_market_client] ✓ Got live data from QuantDinger for XAUUSD
[2026-06-30 06:27:37] [INFO] [market_snapshot_builder] [SNAPSHOT_BUILT] symbol=XAUUSD tfs=H4,H1,M15
[2026-06-30 06:27:37] [DEBUG] [hybrid_market_client] Fetching indicators for GBPUSD (QuantDinger only)
[2026-06-30 06:27:37] [DEBUG] [market_client] Candles GBPUSD 4H: 100 bars ✓
[2026-06-30 06:27:37] [DEBUG] [hybrid_market_client] ✓ Got live data from QuantDinger for GBPUSD
[2026-06-30 06:27:37] [DEBUG] [hybrid_market_client] Fetching indicators for GBPUSD (QuantDinger only)
[2026-06-30 06:27:37] [DEBUG] [market_client] Candles GBPUSD 4H: 100 bars ✓
[2026-06-30 06:27:37] [DEBUG] [hybrid_market_client] ✓ Got live data from QuantDinger for GBPUSD
[2026-06-30 06:27:37] [DEBUG] [hybrid_market_client] Fetching indicators for GBPUSD (QuantDinger only)
[2026-06-30 06:27:37] [DEBUG] [market_client] Candles GBPUSD 4H: 100 bars ✓
[2026-06-30 06:27:37] [DEBUG] [hybrid_market_client] ✓ Got live data from QuantDinger for GBPUSD
[2026-06-30 06:27:37] [INFO] [market_snapshot_builder] [SNAPSHOT_BUILT] symbol=GBPUSD tfs=H4,H1,M15
[2026-06-30 06:27:37] [INFO] [main] --- EURUSD ---
[2026-06-30 06:27:42] [WARNING] [deepseek] DeepSeek empty response
[2026-06-30 06:27:47] [WARNING] [deepseek] DeepSeek empty response
[2026-06-30 06:27:52] [WARNING] [deepseek] Retry 1: JSON incomplete/truncated
[2026-06-30 06:27:57] [WARNING] [deepseek] DeepSeek empty response
[2026-06-30 06:28:02] [WARNING] [deepseek] DeepSeek empty response
[2026-06-30 06:28:07] [WARNING] [deepseek] DeepSeek empty response
[2026-06-30 06:28:07] [INFO] [signal_engine] [VERIFY] SIGNAL_INPUT bias=neutral score=0 confidence=0
[2026-06-30 06:28:07] [INFO] [signal_engine] [VERIFY] SIGNAL_RULE rule=confidence>=0.60 actual=0 result=False
[2026-06-30 06:28:07] [INFO] [signal_engine] [VERIFY] SIGNAL_RULE rule=score>=55 actual=0 result=False
[2026-06-30 06:28:07] [INFO] [signal_engine] [VERIFY] SIGNAL_RULE rule=bias in [bullish,bearish] actual=neutral result=False
[2026-06-30 06:28:07] [INFO] [signal_engine] [VERIFY] SIGNAL_FINAL direction=NEUTRAL score=0 confidence=0 valid=False
[2026-06-30 06:28:07] [INFO] [signal_engine] [VERIFY] SIGNAL_FAILURE_REASONS
[2026-06-30 06:28:07] [INFO] [signal_engine] * confidence below threshold
[2026-06-30 06:28:07] [INFO] [signal_engine] * score below threshold
[2026-06-30 06:28:07] [INFO] [signal_engine] * neutral bias
[2026-06-30 06:28:07] [INFO] [signal_engine] [VERIFY] SIGNAL_FAILURE_LOCATION file=F:\files (2)\google\botdd\trading_bot_v3\decision\signal_engine.py function=generate_signal
[2026-06-30 06:28:07] [DEBUG] [signal_engine] Signal: NEUTRAL score=0 conf=0.00 strength=ضعيف valid=False
[2026-06-30 06:28:07] [INFO] [sentiment] Sentiment EURUSD: neutral score=50 bull=2 bear=2
[2026-06-30 06:28:07] [DEBUG] [mtf] MTF (snapshot) EURUSD: H4=bullish H1=bullish M15=bullish aligned=True (strong)
[2026-06-30 06:28:07] [INFO] [main] [VERIFY][DATA_TRUTH] symbol=EURUSD timeframe=H4/H1/M15 news_fetched=True indicators_fetched=True live_data=True cached=False
[2026-06-30 06:28:07] [INFO] [voting_engine] EURUSD: MTF strongly aligned, boosting score 10%
[2026-06-30 06:28:07] [INFO] [risk_engine] Risk: AI confidence too low (EURUSD BUY) - AI confidence 0.00 < 0.6
[2026-06-30 06:28:07] [DEBUG] [hybrid_market_client] Fetching indicators for EURUSD (QuantDinger only)
[2026-06-30 06:28:07] [DEBUG] [market_client] Candles EURUSD 4H: 100 bars ✓
[2026-06-30 06:28:07] [DEBUG] [hybrid_market_client] ✓ Got live data from QuantDinger for EURUSD
[2026-06-30 06:28:07] [DEBUG] [hybrid_market_client] Fetching indicators for EURUSD (QuantDinger only)
[2026-06-30 06:28:07] [DEBUG] [market_client] Using cached candles for EURUSD 4H (age: 0s)
[2026-06-30 06:28:07] [DEBUG] [hybrid_market_client] ✓ Got live data from QuantDinger for EURUSD
[2026-06-30 06:28:07] [INFO] [sltp] SL/TP EURUSD: entry=1.140380859375 atr=0.00208 sl=1.13726 tp=1.14558
[2026-06-30 06:28:07] [INFO] [position_sizing] Position size: 0.5 (equity=74612, risk=0.001, sl_dist=0.00312, score=58, cons_loss=0)
[2026-06-30 06:28:07] [INFO] [xgboost_v2] [VERIFY] XGBOOST MODEL LOADED path=models/xgb_model.json available=True
[2026-06-30 06:28:07] [INFO] [xgboost_v2] XGBoost v2 model loaded successfully
[2026-06-30 06:28:07] [DEBUG] [xgboost_v2] V2 predict: rsi=59.8 atr=0.00208 regime=TRENDING session=asia dir=BUY -> p_win=0.245
[2026-06-30 06:28:07] [INFO] [xgboost_v2] [VERIFY] XGBOOST PREDICTION p_win=0.245 available=True
[2026-06-30 06:28:07] [INFO] [main] [VERIFY][DECISION_TRUTH] bias=neutral score=58.3 confidence=0.0 vote=BUY risk_passed=False sl_tp_calculated=True position_size=0.5 xgboost_p_win=0.24521595239639282 final_decision_valid=False reject_reason=p_win<threshold (p_win=0.245 threshold=0.6)
[2026-06-30 06:28:07] [INFO] [main] --- XAUUSD ---
[2026-06-30 06:28:12] [WARNING] [deepseek] DeepSeek empty response
[2026-06-30 06:28:17] [WARNING] [deepseek] DeepSeek empty response
[2026-06-30 06:28:23] [WARNING] [deepseek] DeepSeek empty response
[2026-06-30 06:28:27] [WARNING] [deepseek] DeepSeek empty response
[2026-06-30 06:28:32] [WARNING] [deepseek] DeepSeek empty response
[2026-06-30 06:28:36] [INFO] [deepseek] DEEPSEEK OK: {
  "impact_score": 75,
  "bias": "bearish",
  "confidence": 0.85,
  "reason": "الاتجاه هابط بقوة مع...
[2026-06-30 06:28:36] [INFO] [deepseek] AI XAUUSD: bias=bearish impact=75.0 conf=0.85
[2026-06-30 06:28:37] [INFO] [signal_engine] [VERIFY] SIGNAL_INPUT bias=bearish score=75.0 confidence=0.85
[2026-06-30 06:28:37] [INFO] [signal_engine] [VERIFY] SIGNAL_RULE rule=confidence>=0.60 actual=0.85 result=True
[2026-06-30 06:28:37] [INFO] [signal_engine] [VERIFY] SIGNAL_RULE rule=score>=55 actual=75.0 result=True
[2026-06-30 06:28:37] [INFO] [signal_engine] [VERIFY] SIGNAL_RULE rule=bias in [bullish,bearish] actual=bearish result=True
[2026-06-30 06:28:37] [INFO] [signal_engine] [VERIFY] SIGNAL_FINAL direction=SELL score=75.0 confidence=0.85 valid=True
[2026-06-30 06:28:37] [DEBUG] [signal_engine] Signal: SELL score=75.0 conf=0.85 strength=قوي valid=True
[2026-06-30 06:28:37] [INFO] [sentiment] Sentiment XAUUSD: bearish score=100 bull=0 bear=1
[2026-06-30 06:28:37] [DEBUG] [mtf] MTF (snapshot) XAUUSD: H4=bearish H1=bearish M15=bearish aligned=True (strong)
[2026-06-30 06:28:37] [INFO] [main] [VERIFY][DATA_TRUTH] symbol=XAUUSD timeframe=H4/H1/M15 news_fetched=True indicators_fetched=True live_data=True cached=False
[2026-06-30 06:28:37] [INFO] [voting_engine] XAUUSD: MTF strongly aligned, boosting score 10%
[2026-06-30 06:28:37] [DEBUG] [hybrid_market_client] Fetching indicators for XAUUSD (QuantDinger only)
[2026-06-30 06:28:37] [DEBUG] [market_client] Candles XAUUSD 4H: 100 bars ✓
[2026-06-30 06:28:37] [DEBUG] [hybrid_market_client] ✓ Got live data from QuantDinger for XAUUSD
[2026-06-30 06:28:37] [DEBUG] [hybrid_market_client] Fetching indicators for XAUUSD (QuantDinger only)
[2026-06-30 06:28:37] [DEBUG] [market_client] Using cached candles for XAUUSD 4H (age: 0s)
[2026-06-30 06:28:37] [DEBUG] [hybrid_market_client] ✓ Got live data from QuantDinger for XAUUSD
[2026-06-30 06:28:37] [INFO] [sltp] SL/TP XAUUSD: entry=3981.199951171875 atr=38.24282 sl=3991.19995 tp=3885.59291
[2026-06-30 06:28:37] [INFO] [position_sizing] Position size: 0.1 (equity=74612, risk=0.003, sl_dist=10.00000, score=94, cons_loss=0)
[2026-06-30 06:28:37] [DEBUG] [xgboost_v2] V2 predict: rsi=40.5 atr=38.24282 regime=TRENDING session=asia dir=SELL -> p_win=0.133
[2026-06-30 06:28:37] [INFO] [xgboost_v2] [VERIFY] XGBOOST PREDICTION p_win=0.133 available=True
[2026-06-30 06:28:37] [INFO] [main] [VERIFY][DECISION_TRUTH] bias=bearish score=94.1 confidence=1.0 vote=SELL risk_passed=True sl_tp_calculated=True position_size=0.1 xgboost_p_win=0.13307063281536102 final_decision_valid=False reject_reason=p_win<threshold (p_win=0.133 threshold=0.6)
[2026-06-30 06:28:37] [INFO] [main] --- GBPUSD ---
[2026-06-30 06:28:41] [WARNING] [deepseek] DeepSeek empty response
[2026-06-30 06:28:46] [WARNING] [deepseek] DeepSeek empty response
[2026-06-30 06:28:51] [INFO] [deepseek] DEEPSEEK OK: {"impact_score": 45, "bias": "neutral", "confidence": 0.45, "reason": "الخبر يشير إلى ضعف الجنيه لكن...
[2026-06-30 06:28:51] [INFO] [deepseek] AI GBPUSD: bias=neutral impact=45.0 conf=0.45
[2026-06-30 06:28:51] [INFO] [signal_engine] [VERIFY] SIGNAL_INPUT bias=neutral score=45.0 confidence=0.45
[2026-06-30 06:28:51] [INFO] [signal_engine] [VERIFY] SIGNAL_RULE rule=confidence>=0.60 actual=0.45 result=False
[2026-06-30 06:28:51] [INFO] [signal_engine] [VERIFY] SIGNAL_RULE rule=score>=55 actual=45.0 result=False
[2026-06-30 06:28:51] [INFO] [signal_engine] [VERIFY] SIGNAL_RULE rule=bias in [bullish,bearish] actual=neutral result=False
[2026-06-30 06:28:51] [INFO] [signal_engine] [VERIFY] SIGNAL_FINAL direction=NEUTRAL score=45.0 confidence=0.45 valid=False
[2026-06-30 06:28:51] [INFO] [signal_engine] [VERIFY] SIGNAL_FAILURE_REASONS
[2026-06-30 06:28:51] [INFO] [signal_engine] * confidence below threshold
[2026-06-30 06:28:51] [INFO] [signal_engine] * score below threshold
[2026-06-30 06:28:51] [INFO] [signal_engine] * neutral bias
[2026-06-30 06:28:51] [INFO] [signal_engine] [VERIFY] SIGNAL_FAILURE_LOCATION file=F:\files (2)\google\botdd\trading_bot_v3\decision\signal_engine.py function=generate_signal
[2026-06-30 06:28:51] [DEBUG] [signal_engine] Signal: NEUTRAL score=45.0 conf=0.45 strength=ضعيف valid=False
[2026-06-30 06:28:51] [DEBUG] [mtf] MTF (snapshot) GBPUSD: H4=bullish H1=bullish M15=bullish aligned=True (strong)
[2026-06-30 06:28:51] [INFO] [main] [VERIFY][DATA_TRUTH] symbol=GBPUSD timeframe=H4/H1/M15 news_fetched=True indicators_fetched=True live_data=True cached=False
[2026-06-30 06:28:51] [INFO] [voting_engine] GBPUSD: MTF strongly aligned, boosting score 10%
[2026-06-30 06:28:51] [INFO] [risk_engine] Risk: AI confidence too low (GBPUSD BUY) - AI confidence 0.45 < 0.6
[2026-06-30 06:28:51] [DEBUG] [hybrid_market_client] Fetching indicators for GBPUSD (QuantDinger only)
[2026-06-30 06:28:51] [DEBUG] [market_client] Candles GBPUSD 4H: 100 bars ✓
[2026-06-30 06:28:51] [DEBUG] [hybrid_market_client] ✓ Got live data from QuantDinger for GBPUSD
[2026-06-30 06:28:51] [DEBUG] [hybrid_market_client] Fetching indicators for GBPUSD (QuantDinger only)
[2026-06-30 06:28:51] [DEBUG] [market_client] Using cached candles for GBPUSD 4H (age: 0s)
[2026-06-30 06:28:51] [DEBUG] [hybrid_market_client] ✓ Got live data from QuantDinger for GBPUSD
[2026-06-30 06:28:51] [INFO] [sltp] SL/TP GBPUSD: entry=1.3234341144561768 atr=0.00224 sl=1.32008 tp=1.32902
[2026-06-30 06:28:51] [INFO] [position_sizing] Position size: 0.5 (equity=74612, risk=0.001, sl_dist=0.00335, score=78, cons_loss=0)
[2026-06-30 06:28:51] [DEBUG] [xgboost_v2] V2 predict: rsi=61.7 atr=0.00224 regime=TRENDING session=asia dir=BUY -> p_win=0.242
[2026-06-30 06:28:51] [INFO] [xgboost_v2] [VERIFY] XGBOOST PREDICTION p_win=0.242 available=True
[2026-06-30 06:28:51] [INFO] [main] [VERIFY][DECISION_TRUTH] bias=neutral score=77.6 confidence=0.356 vote=BUY risk_passed=False sl_tp_calculated=True position_size=0.5 xgboost_p_win=0.24176925420761108 final_decision_valid=False reject_reason=p_win<threshold (p_win=0.242 threshold=0.6)
[2026-06-30 06:28:51] [INFO] [adaptive_weights] EURUSD weights updated: {'ai': 0.239, 'trend': 0.239, 'momentum': 0.239, 'sentiment': 0.239, 'volatility': 0.043} | WR=13.6% PF=0
[2026-06-30 06:28:51] [INFO] [adaptive_weights] 🏆 أفضل زوج: EURUSD | WR=13.6% | PnL=190.0$
[2026-06-30 06:28:51] [INFO] [adaptive_weights] ⚠️ أسوأ زوج: XAUUSD | WR=0.0% | PnL=0.0$
[2026-06-30 06:28:51] [INFO] [main] Sleeping 1800s...
[2026-06-30 06:45:19] [INFO] [main] Trading Bot V3 starting...
[2026-06-30 06:45:19] [INFO] [database] V3 Database initialized with all tables
[2026-06-30 06:45:20] [INFO] [qd_client] Logged in to QuantDinger
[2026-06-30 06:45:20] [INFO] [qd_client] MT5 connected
[2026-06-30 06:45:20] [INFO] [main] MT5 connected
[2026-06-30 06:45:20] [INFO] [telegram_bot] Telegram polling started
[2026-06-30 06:45:20] [INFO] [telegram_bot] Telegram bot V3 started
[2026-06-30 06:45:20] [INFO] [mt5_watchdog] MT5 watchdog started (V1 reconnect logic)
[2026-06-30 06:45:20] [INFO] [reconciliation] Reconciliation loop started (every 60s)
[2026-06-30 06:45:20] [INFO] [reconciliation] Reconciliation thread started (safety only)
[2026-06-30 06:45:20] [INFO] [post_entry_manager] PostEntryManager started
[2026-06-30 06:45:21] [INFO] [main] ==================================================
[2026-06-30 06:45:21] [INFO] [main] Cycle 1 at 06:45:21
[2026-06-30 06:45:33] [INFO] [news_fetcher] Fetched 21 relevant news items
[2026-06-30 06:45:33] [INFO] [main] Equity: 74612.02$ | News: 21
[2026-06-30 06:45:33] [DEBUG] [hybrid_market_client] Fetching indicators for EURUSD (QuantDinger only)
[2026-06-30 06:45:34] [DEBUG] [market_client] Candles EURUSD 4H: 100 bars ✓
[2026-06-30 06:45:34] [DEBUG] [hybrid_market_client] ✓ Got live data from QuantDinger for EURUSD
[2026-06-30 06:45:34] [DEBUG] [hybrid_market_client] Fetching indicators for EURUSD (QuantDinger only)
[2026-06-30 06:45:34] [DEBUG] [market_client] Candles EURUSD 4H: 100 bars ✓
[2026-06-30 06:45:34] [DEBUG] [hybrid_market_client] ✓ Got live data from QuantDinger for EURUSD
[2026-06-30 06:45:34] [DEBUG] [hybrid_market_client] Fetching indicators for EURUSD (QuantDinger only)
[2026-06-30 06:45:34] [DEBUG] [market_client] Candles EURUSD 4H: 100 bars ✓
[2026-06-30 06:45:34] [DEBUG] [hybrid_market_client] ✓ Got live data from QuantDinger for EURUSD
[2026-06-30 06:45:34] [INFO] [market_snapshot_builder] [SNAPSHOT_BUILT] symbol=EURUSD tfs=H4,H1,M15
[2026-06-30 06:45:34] [DEBUG] [hybrid_market_client] Fetching indicators for XAUUSD (QuantDinger only)
[2026-06-30 06:45:34] [DEBUG] [market_client] Candles XAUUSD 4H: 100 bars ✓
[2026-06-30 06:45:34] [DEBUG] [hybrid_market_client] ✓ Got live data from QuantDinger for XAUUSD
[2026-06-30 06:45:34] [DEBUG] [hybrid_market_client] Fetching indicators for XAUUSD (QuantDinger only)
[2026-06-30 06:45:34] [DEBUG] [market_client] Candles XAUUSD 4H: 100 bars ✓
[2026-06-30 06:45:34] [DEBUG] [hybrid_market_client] ✓ Got live data from QuantDinger for XAUUSD
[2026-06-30 06:45:34] [DEBUG] [hybrid_market_client] Fetching indicators for XAUUSD (QuantDinger only)
[2026-06-30 06:45:34] [DEBUG] [market_client] Candles XAUUSD 4H: 100 bars ✓
[2026-06-30 06:45:34] [DEBUG] [hybrid_market_client] ✓ Got live data from QuantDinger for XAUUSD
[2026-06-30 06:45:34] [INFO] [market_snapshot_builder] [SNAPSHOT_BUILT] symbol=XAUUSD tfs=H4,H1,M15
[2026-06-30 06:45:34] [DEBUG] [hybrid_market_client] Fetching indicators for GBPUSD (QuantDinger only)
[2026-06-30 06:45:34] [DEBUG] [market_client] Candles GBPUSD 4H: 100 bars ✓
[2026-06-30 06:45:34] [DEBUG] [hybrid_market_client] ✓ Got live data from QuantDinger for GBPUSD
[2026-06-30 06:45:34] [DEBUG] [hybrid_market_client] Fetching indicators for GBPUSD (QuantDinger only)
[2026-06-30 06:45:34] [DEBUG] [market_client] Candles GBPUSD 4H: 100 bars ✓
[2026-06-30 06:45:34] [DEBUG] [hybrid_market_client] ✓ Got live data from QuantDinger for GBPUSD
[2026-06-30 06:45:34] [DEBUG] [hybrid_market_client] Fetching indicators for GBPUSD (QuantDinger only)
[2026-06-30 06:45:34] [DEBUG] [market_client] Candles GBPUSD 4H: 100 bars ✓
[2026-06-30 06:45:34] [DEBUG] [hybrid_market_client] ✓ Got live data from QuantDinger for GBPUSD
[2026-06-30 06:45:34] [INFO] [market_snapshot_builder] [SNAPSHOT_BUILT] symbol=GBPUSD tfs=H4,H1,M15
[2026-06-30 06:45:34] [INFO] [main] --- EURUSD ---
[2026-06-30 06:45:39] [WARNING] [deepseek] DeepSeek empty response: finish_reason=length, raw={"id":"b4378a7e-b0d2-4645-a677-f5d08b763f4c","object":"chat.completion","created":1782791135,"model":"deepseek-v4-flash","choices":[{"index":0,"message":{"role":"assistant","content":"","reasoning_content":"We need to analyze the market context: EURUSD current price 1.14012, RSI 58.85 (neutral-bulli
[2026-06-30 06:45:45] [INFO] [deepseek] DEEPSEEK OK: {
  "impact_score": 70,
  "bias": "bearish",
  "confidence": 0.7,
  "reason": "الدولار يقوى بفعل الت...
[2026-06-30 06:45:45] [INFO] [deepseek] AI EURUSD: bias=bearish impact=70.0 conf=0.70
[2026-06-30 06:45:45] [INFO] [signal_engine] [VERIFY] SIGNAL_INPUT bias=bearish score=70.0 confidence=0.7
[2026-06-30 06:45:45] [INFO] [signal_engine] [VERIFY] SIGNAL_RULE rule=confidence>=0.60 actual=0.7 result=True
[2026-06-30 06:45:45] [INFO] [signal_engine] [VERIFY] SIGNAL_RULE rule=score>=55 actual=70.0 result=True
[2026-06-30 06:45:45] [INFO] [signal_engine] [VERIFY] SIGNAL_RULE rule=bias in [bullish,bearish] actual=bearish result=True
[2026-06-30 06:45:45] [INFO] [signal_engine] [VERIFY] SIGNAL_FINAL direction=SELL score=70.0 confidence=0.7 valid=True
[2026-06-30 06:45:45] [DEBUG] [signal_engine] Signal: SELL score=70.0 conf=0.70 strength=قوي valid=True
[2026-06-30 06:45:45] [INFO] [sentiment] Sentiment EURUSD: neutral score=50 bull=3 bear=2
[2026-06-30 06:45:45] [DEBUG] [mtf] MTF (snapshot) EURUSD: H4=bullish H1=bullish M15=bullish aligned=True (strong)
[2026-06-30 06:45:45] [INFO] [main] [VERIFY][DATA_TRUTH] symbol=EURUSD timeframe=H4/H1/M15 news_fetched=True indicators_fetched=True live_data=True cached=False
[2026-06-30 06:45:45] [INFO] [voting_engine] EURUSD: MTF strongly aligned, boosting score 10%
[2026-06-30 06:45:45] [DEBUG] [hybrid_market_client] Fetching indicators for EURUSD (QuantDinger only)
[2026-06-30 06:45:45] [DEBUG] [market_client] Candles EURUSD 4H: 100 bars ✓
[2026-06-30 06:45:45] [DEBUG] [hybrid_market_client] ✓ Got live data from QuantDinger for EURUSD
[2026-06-30 06:45:45] [DEBUG] [hybrid_market_client] Fetching indicators for EURUSD (QuantDinger only)
[2026-06-30 06:45:45] [DEBUG] [market_client] Using cached candles for EURUSD 4H (age: 0s)
[2026-06-30 06:45:45] [DEBUG] [hybrid_market_client] ✓ Got live data from QuantDinger for EURUSD
[2026-06-30 06:45:45] [INFO] [sltp] SL/TP EURUSD: entry=1.1401208639144897 atr=0.00210 sl=1.13697 tp=1.14537
[2026-06-30 06:45:45] [INFO] [position_sizing] Position size: 0.5 (equity=74612, risk=0.001, sl_dist=0.00315, score=45, cons_loss=0)
[2026-06-30 06:45:45] [INFO] [xgboost_v2] [VERIFY] XGBOOST MODEL LOADED path=models/xgb_model.json available=True
[2026-06-30 06:45:45] [INFO] [xgboost_v2] XGBoost v2 model loaded successfully
[2026-06-30 06:45:45] [DEBUG] [xgboost_v2] V2 predict: rsi=58.9 atr=0.00210 regime=TRENDING session=asia dir=BUY -> p_win=0.245
[2026-06-30 06:45:45] [INFO] [xgboost_v2] [VERIFY] XGBOOST PREDICTION p_win=0.245 available=True
[2026-06-30 06:45:45] [INFO] [main] [VERIFY][DECISION_TRUTH] bias=bearish score=45.1 confidence=0.554 vote=BUY risk_passed=True sl_tp_calculated=True position_size=0.5 xgboost_p_win=0.24521595239639282 final_decision_valid=False reject_reason=p_win<threshold (p_win=0.245 threshold=0.6)
[2026-06-30 06:45:45] [INFO] [main] --- XAUUSD ---
[2026-06-30 06:45:48] [INFO] [deepseek] DEEPSEEK OK: {"impact_score": 85, "bias": "bearish", "confidence": 0.85, "reason": "تفاقم هبوط الذهب مع قوة الدول...
[2026-06-30 06:45:48] [INFO] [deepseek] AI XAUUSD: bias=bearish impact=85.0 conf=0.85
[2026-06-30 06:45:48] [INFO] [signal_engine] [VERIFY] SIGNAL_INPUT bias=bearish score=85.0 confidence=0.85
[2026-06-30 06:45:48] [INFO] [signal_engine] [VERIFY] SIGNAL_RULE rule=confidence>=0.60 actual=0.85 result=True
[2026-06-30 06:45:48] [INFO] [signal_engine] [VERIFY] SIGNAL_RULE rule=score>=55 actual=85.0 result=True
[2026-06-30 06:45:48] [INFO] [signal_engine] [VERIFY] SIGNAL_RULE rule=bias in [bullish,bearish] actual=bearish result=True
[2026-06-30 06:45:48] [INFO] [signal_engine] [VERIFY] SIGNAL_FINAL direction=SELL score=85.0 confidence=0.85 valid=True
[2026-06-30 06:45:48] [DEBUG] [signal_engine] Signal: SELL score=85.0 conf=0.85 strength=قوي جداً valid=True
[2026-06-30 06:45:48] [INFO] [sentiment] Sentiment XAUUSD: neutral score=50 bull=1 bear=1
[2026-06-30 06:45:48] [DEBUG] [mtf] MTF (snapshot) XAUUSD: H4=bearish H1=bearish M15=bearish aligned=True (strong)
[2026-06-30 06:45:48] [INFO] [main] [VERIFY][DATA_TRUTH] symbol=XAUUSD timeframe=H4/H1/M15 news_fetched=True indicators_fetched=True live_data=True cached=False
[2026-06-30 06:45:48] [INFO] [voting_engine] XAUUSD: MTF strongly aligned, boosting score 10%
[2026-06-30 06:45:48] [DEBUG] [hybrid_market_client] Fetching indicators for XAUUSD (QuantDinger only)
[2026-06-30 06:45:48] [DEBUG] [market_client] Candles XAUUSD 4H: 100 bars ✓
[2026-06-30 06:45:48] [DEBUG] [hybrid_market_client] ✓ Got live data from QuantDinger for XAUUSD
[2026-06-30 06:45:48] [DEBUG] [hybrid_market_client] Fetching indicators for XAUUSD (QuantDinger only)
[2026-06-30 06:45:48] [DEBUG] [market_client] Using cached candles for XAUUSD 4H (age: 0s)
[2026-06-30 06:45:48] [DEBUG] [hybrid_market_client] ✓ Got live data from QuantDinger for XAUUSD
[2026-06-30 06:45:48] [INFO] [sltp] SL/TP XAUUSD: entry=3975.300048828125 atr=38.24282 sl=3985.30005 tp=3879.69301
[2026-06-30 06:45:48] [INFO] [position_sizing] Position size: 0.1 (equity=74612, risk=0.003, sl_dist=10.00000, score=100, cons_loss=0)
[2026-06-30 06:45:48] [DEBUG] [xgboost_v2] V2 predict: rsi=39.6 atr=38.24282 regime=TRENDING session=asia dir=SELL -> p_win=0.126
[2026-06-30 06:45:48] [INFO] [xgboost_v2] [VERIFY] XGBOOST PREDICTION p_win=0.126 available=True
[2026-06-30 06:45:48] [INFO] [main] [VERIFY][DECISION_TRUTH] bias=bearish score=100 confidence=1.0 vote=SELL risk_passed=True sl_tp_calculated=True position_size=0.1 xgboost_p_win=0.1263933628797531 final_decision_valid=False reject_reason=p_win<threshold (p_win=0.126 threshold=0.6)
[2026-06-30 06:45:48] [INFO] [main] --- GBPUSD ---
[2026-06-30 06:45:51] [INFO] [deepseek] DEEPSEEK OK: {"impact_score": 80, "bias": "bearish", "confidence": 0.75, "reason": "الدولار يستفيد من المخاطر الج...
[2026-06-30 06:45:51] [INFO] [deepseek] AI GBPUSD: bias=bearish impact=80.0 conf=0.75
[2026-06-30 06:45:51] [INFO] [signal_engine] [VERIFY] SIGNAL_INPUT bias=bearish score=80.0 confidence=0.75
[2026-06-30 06:45:51] [INFO] [signal_engine] [VERIFY] SIGNAL_RULE rule=confidence>=0.60 actual=0.75 result=True
[2026-06-30 06:45:51] [INFO] [signal_engine] [VERIFY] SIGNAL_RULE rule=score>=55 actual=80.0 result=True
[2026-06-30 06:45:51] [INFO] [signal_engine] [VERIFY] SIGNAL_RULE rule=bias in [bullish,bearish] actual=bearish result=True
[2026-06-30 06:45:51] [INFO] [signal_engine] [VERIFY] SIGNAL_FINAL direction=SELL score=80.0 confidence=0.75 valid=True
[2026-06-30 06:45:51] [DEBUG] [signal_engine] Signal: SELL score=80.0 conf=0.75 strength=قوي valid=True
[2026-06-30 06:45:51] [INFO] [sentiment] Sentiment GBPUSD: bearish score=100 bull=0 bear=1
[2026-06-30 06:45:51] [DEBUG] [mtf] MTF (snapshot) GBPUSD: H4=bullish H1=bullish M15=bullish aligned=True (strong)
[2026-06-30 06:45:51] [INFO] [main] [VERIFY][DATA_TRUTH] symbol=GBPUSD timeframe=H4/H1/M15 news_fetched=True indicators_fetched=True live_data=True cached=False
[2026-06-30 06:45:51] [INFO] [voting_engine] GBPUSD: MTF strongly aligned, boosting score 10%
[2026-06-30 06:45:51] [DEBUG] [hybrid_market_client] Fetching indicators for GBPUSD (QuantDinger only)
[2026-06-30 06:45:51] [DEBUG] [market_client] Candles GBPUSD 4H: 100 bars ✓
[2026-06-30 06:45:51] [DEBUG] [hybrid_market_client] ✓ Got live data from QuantDinger for GBPUSD
[2026-06-30 06:45:51] [DEBUG] [hybrid_market_client] Fetching indicators for GBPUSD (QuantDinger only)
[2026-06-30 06:45:51] [DEBUG] [market_client] Using cached candles for GBPUSD 4H (age: 0s)
[2026-06-30 06:45:51] [DEBUG] [hybrid_market_client] ✓ Got live data from QuantDinger for GBPUSD
[2026-06-30 06:45:51] [INFO] [sltp] SL/TP GBPUSD: entry=1.323276400566101 atr=0.00224 sl=1.31991 tp=1.32888
[2026-06-30 06:45:51] [INFO] [position_sizing] Position size: 0.5 (equity=74612, risk=0.001, sl_dist=0.00337, score=60, cons_loss=0)
[2026-06-30 06:45:51] [DEBUG] [xgboost_v2] V2 predict: rsi=61.1 atr=0.00224 regime=TRENDING session=asia dir=BUY -> p_win=0.242
[2026-06-30 06:45:51] [INFO] [xgboost_v2] [VERIFY] XGBOOST PREDICTION p_win=0.242 available=True
[2026-06-30 06:45:51] [INFO] [main] [VERIFY][DECISION_TRUTH] bias=bearish score=60.1 confidence=0.594 vote=BUY risk_passed=True sl_tp_calculated=True position_size=0.5 xgboost_p_win=0.24176925420761108 final_decision_valid=False reject_reason=p_win<threshold (p_win=0.242 threshold=0.6)
[2026-06-30 06:45:51] [INFO] [adaptive_weights] EURUSD weights updated: {'ai': 0.239, 'trend': 0.239, 'momentum': 0.239, 'sentiment': 0.239, 'volatility': 0.043} | WR=13.6% PF=0
[2026-06-30 06:45:51] [INFO] [adaptive_weights] 🏆 أفضل زوج: EURUSD | WR=13.6% | PnL=190.0$
[2026-06-30 06:45:51] [INFO] [adaptive_weights] ⚠️ أسوأ زوج: XAUUSD | WR=0.0% | PnL=0.0$
[2026-06-30 06:45:51] [INFO] [main] Sleeping 1800s...
[2026-06-30 07:15:51] [INFO] [main] ==================================================
[2026-06-30 07:15:51] [INFO] [main] Cycle 2 at 07:15:51
[2026-06-30 07:16:00] [INFO] [news_fetcher] Fetched 20 relevant news items
[2026-06-30 07:16:00] [INFO] [main] Equity: 74612.02$ | News: 20
[2026-06-30 07:16:00] [DEBUG] [hybrid_market_client] Fetching indicators for EURUSD (QuantDinger only)
[2026-06-30 07:16:01] [DEBUG] [market_client] Candles EURUSD 4H: 100 bars ✓
[2026-06-30 07:16:01] [DEBUG] [hybrid_market_client] ✓ Got live data from QuantDinger for EURUSD
[2026-06-30 07:16:01] [DEBUG] [hybrid_market_client] Fetching indicators for EURUSD (QuantDinger only)
[2026-06-30 07:16:01] [DEBUG] [market_client] Candles EURUSD 4H: 100 bars ✓
[2026-06-30 07:16:01] [DEBUG] [hybrid_market_client] ✓ Got live data from QuantDinger for EURUSD
[2026-06-30 07:16:01] [DEBUG] [hybrid_market_client] Fetching indicators for EURUSD (QuantDinger only)
[2026-06-30 07:16:01] [DEBUG] [market_client] Candles EURUSD 4H: 100 bars ✓
[2026-06-30 07:16:01] [DEBUG] [hybrid_market_client] ✓ Got live data from QuantDinger for EURUSD
[2026-06-30 07:16:01] [INFO] [market_snapshot_builder] [SNAPSHOT_BUILT] symbol=EURUSD tfs=H4,H1,M15
[2026-06-30 07:16:01] [DEBUG] [hybrid_market_client] Fetching indicators for XAUUSD (QuantDinger only)
[2026-06-30 07:16:01] [DEBUG] [market_client] Candles XAUUSD 4H: 100 bars ✓
[2026-06-30 07:16:01] [DEBUG] [hybrid_market_client] ✓ Got live data from QuantDinger for XAUUSD
[2026-06-30 07:16:01] [DEBUG] [hybrid_market_client] Fetching indicators for XAUUSD (QuantDinger only)
[2026-06-30 07:16:01] [DEBUG] [market_client] Candles XAUUSD 4H: 100 bars ✓
[2026-06-30 07:16:01] [DEBUG] [hybrid_market_client] ✓ Got live data from QuantDinger for XAUUSD
[2026-06-30 07:16:01] [DEBUG] [hybrid_market_client] Fetching indicators for XAUUSD (QuantDinger only)
[2026-06-30 07:16:01] [DEBUG] [market_client] Candles XAUUSD 4H: 100 bars ✓
[2026-06-30 07:16:01] [DEBUG] [hybrid_market_client] ✓ Got live data from QuantDinger for XAUUSD
[2026-06-30 07:16:01] [INFO] [market_snapshot_builder] [SNAPSHOT_BUILT] symbol=XAUUSD tfs=H4,H1,M15
[2026-06-30 07:16:01] [DEBUG] [hybrid_market_client] Fetching indicators for GBPUSD (QuantDinger only)
[2026-06-30 07:16:01] [DEBUG] [market_client] Candles GBPUSD 4H: 100 bars ✓
[2026-06-30 07:16:01] [DEBUG] [hybrid_market_client] ✓ Got live data from QuantDinger for GBPUSD
[2026-06-30 07:16:01] [DEBUG] [hybrid_market_client] Fetching indicators for GBPUSD (QuantDinger only)
[2026-06-30 07:16:01] [DEBUG] [market_client] Candles GBPUSD 4H: 100 bars ✓
[2026-06-30 07:16:01] [DEBUG] [hybrid_market_client] ✓ Got live data from QuantDinger for GBPUSD
[2026-06-30 07:16:01] [DEBUG] [hybrid_market_client] Fetching indicators for GBPUSD (QuantDinger only)
[2026-06-30 07:16:01] [DEBUG] [market_client] Candles GBPUSD 4H: 100 bars ✓
[2026-06-30 07:16:01] [DEBUG] [hybrid_market_client] ✓ Got live data from QuantDinger for GBPUSD
[2026-06-30 07:16:01] [INFO] [market_snapshot_builder] [SNAPSHOT_BUILT] symbol=GBPUSD tfs=H4,H1,M15
[2026-06-30 07:16:01] [INFO] [main] --- EURUSD ---
[2026-06-30 07:16:05] [INFO] [deepseek] DEEPSEEK OK: {
  "impact_score": 75,
  "bias": "bearish",
  "confidence": 0.7,
  "reason": "قوة الدولار مدعومة بت...
[2026-06-30 07:16:05] [INFO] [deepseek] AI EURUSD: bias=bearish impact=75.0 conf=0.70
[2026-06-30 07:16:05] [INFO] [signal_engine] [VERIFY] SIGNAL_INPUT bias=bearish score=75.0 confidence=0.7
[2026-06-30 07:16:05] [INFO] [signal_engine] [VERIFY] SIGNAL_RULE rule=confidence>=0.60 actual=0.7 result=True
[2026-06-30 07:16:05] [INFO] [signal_engine] [VERIFY] SIGNAL_RULE rule=score>=55 actual=75.0 result=True
[2026-06-30 07:16:05] [INFO] [signal_engine] [VERIFY] SIGNAL_RULE rule=bias in [bullish,bearish] actual=bearish result=True
[2026-06-30 07:16:05] [INFO] [signal_engine] [VERIFY] SIGNAL_FINAL direction=SELL score=75.0 confidence=0.7 valid=True
[2026-06-30 07:16:05] [DEBUG] [signal_engine] Signal: SELL score=75.0 conf=0.70 strength=قوي valid=True
[2026-06-30 07:16:05] [INFO] [sentiment] Sentiment EURUSD: neutral score=50 bull=3 bear=2
[2026-06-30 07:16:05] [DEBUG] [mtf] MTF (snapshot) EURUSD: H4=bullish H1=bullish M15=bullish aligned=True (strong)
[2026-06-30 07:16:05] [INFO] [main] [VERIFY][DATA_TRUTH] symbol=EURUSD timeframe=H4/H1/M15 news_fetched=True indicators_fetched=True live_data=True cached=False
[2026-06-30 07:16:05] [INFO] [voting_engine] EURUSD: MTF strongly aligned, boosting score 10%
[2026-06-30 07:16:05] [DEBUG] [hybrid_market_client] Fetching indicators for EURUSD (QuantDinger only)
[2026-06-30 07:16:05] [DEBUG] [market_client] Candles EURUSD 4H: 100 bars ✓
[2026-06-30 07:16:05] [DEBUG] [hybrid_market_client] ✓ Got live data from QuantDinger for EURUSD
[2026-06-30 07:16:05] [DEBUG] [hybrid_market_client] Fetching indicators for EURUSD (QuantDinger only)
[2026-06-30 07:16:05] [DEBUG] [market_client] Using cached candles for EURUSD 4H (age: 0s)
[2026-06-30 07:16:05] [DEBUG] [hybrid_market_client] ✓ Got live data from QuantDinger for EURUSD
[2026-06-30 07:16:05] [INFO] [sltp] SL/TP EURUSD: entry=1.1401208639144897 atr=0.00210 sl=1.13697 tp=1.14537
[2026-06-30 07:16:05] [INFO] [position_sizing] Position size: 0.5 (equity=74612, risk=0.001, sl_dist=0.00315, score=46, cons_loss=0)
[2026-06-30 07:16:05] [DEBUG] [xgboost_v2] V2 predict: rsi=58.9 atr=0.00210 regime=TRENDING session=asia dir=BUY -> p_win=0.245
[2026-06-30 07:16:05] [INFO] [xgboost_v2] [VERIFY] XGBOOST PREDICTION p_win=0.245 available=True
[2026-06-30 07:16:05] [INFO] [main] [VERIFY][DECISION_TRUTH] bias=bearish score=46.1 confidence=0.554 vote=BUY risk_passed=True sl_tp_calculated=True position_size=0.5 xgboost_p_win=0.24521595239639282 final_decision_valid=False reject_reason=p_win<threshold (p_win=0.245 threshold=0.6)
[2026-06-30 07:16:05] [INFO] [main] --- XAUUSD ---
[2026-06-30 07:16:09] [INFO] [deepseek] DEEPSEEK OK: {
  "impact_score": 85,
  "bias": "bearish",
  "confidence": 0.9,
  "reason": "اتجاه هبوطي قوي في جم...
[2026-06-30 07:16:09] [INFO] [deepseek] AI XAUUSD: bias=bearish impact=85.0 conf=0.90
[2026-06-30 07:16:09] [INFO] [signal_engine] [VERIFY] SIGNAL_INPUT bias=bearish score=85.0 confidence=0.9
[2026-06-30 07:16:09] [INFO] [signal_engine] [VERIFY] SIGNAL_RULE rule=confidence>=0.60 actual=0.9 result=True
[2026-06-30 07:16:09] [INFO] [signal_engine] [VERIFY] SIGNAL_RULE rule=score>=55 actual=85.0 result=True
[2026-06-30 07:16:09] [INFO] [signal_engine] [VERIFY] SIGNAL_RULE rule=bias in [bullish,bearish] actual=bearish result=True
[2026-06-30 07:16:09] [INFO] [signal_engine] [VERIFY] SIGNAL_FINAL direction=SELL score=85.0 confidence=0.9 valid=True
[2026-06-30 07:16:09] [DEBUG] [signal_engine] Signal: SELL score=85.0 conf=0.90 strength=قوي جداً valid=True
[2026-06-30 07:16:09] [INFO] [sentiment] Sentiment XAUUSD: neutral score=50 bull=1 bear=1
[2026-06-30 07:16:09] [DEBUG] [mtf] MTF (snapshot) XAUUSD: H4=bearish H1=bearish M15=bearish aligned=True (strong)
[2026-06-30 07:16:09] [INFO] [main] [VERIFY][DATA_TRUTH] symbol=XAUUSD timeframe=H4/H1/M15 news_fetched=True indicators_fetched=True live_data=True cached=False
[2026-06-30 07:16:09] [INFO] [voting_engine] XAUUSD: MTF strongly aligned, boosting score 10%
[2026-06-30 07:16:09] [DEBUG] [hybrid_market_client] Fetching indicators for XAUUSD (QuantDinger only)
[2026-06-30 07:16:09] [DEBUG] [market_client] Candles XAUUSD 4H: 100 bars ✓
[2026-06-30 07:16:09] [DEBUG] [hybrid_market_client] ✓ Got live data from QuantDinger for XAUUSD
[2026-06-30 07:16:09] [DEBUG] [hybrid_market_client] Fetching indicators for XAUUSD (QuantDinger only)
[2026-06-30 07:16:09] [DEBUG] [market_client] Using cached candles for XAUUSD 4H (age: 0s)
[2026-06-30 07:16:09] [DEBUG] [hybrid_market_client] ✓ Got live data from QuantDinger for XAUUSD
[2026-06-30 07:16:09] [INFO] [sltp] SL/TP XAUUSD: entry=3984.0 atr=35.33568 sl=3994.0 tp=3895.66081
[2026-06-30 07:16:09] [INFO] [position_sizing] Position size: 0.1 (equity=74612, risk=0.003, sl_dist=10.00000, score=100, cons_loss=0)
[2026-06-30 07:16:09] [DEBUG] [xgboost_v2] V2 predict: rsi=43.0 atr=35.33568 regime=TRENDING session=asia dir=SELL -> p_win=0.169
[2026-06-30 07:16:09] [INFO] [xgboost_v2] [VERIFY] XGBOOST PREDICTION p_win=0.169 available=True
[2026-06-30 07:16:09] [INFO] [main] [VERIFY][DECISION_TRUTH] bias=bearish score=100 confidence=1.0 vote=SELL risk_passed=True sl_tp_calculated=True position_size=0.1 xgboost_p_win=0.1687553972005844 final_decision_valid=False reject_reason=p_win<threshold (p_win=0.169 threshold=0.6)
[2026-06-30 07:16:09] [INFO] [main] --- GBPUSD ---
[2026-06-30 07:16:13] [INFO] [deepseek] DEEPSEEK OK: {
  "impact_score": 70,
  "bias": "bearish",
  "confidence": 0.65,
  "reason": "الأخبار تدعم قوة الد...
[2026-06-30 07:16:13] [INFO] [deepseek] AI GBPUSD: bias=bearish impact=70.0 conf=0.65
[2026-06-30 07:16:13] [INFO] [signal_engine] [VERIFY] SIGNAL_INPUT bias=bearish score=70.0 confidence=0.65
[2026-06-30 07:16:13] [INFO] [signal_engine] [VERIFY] SIGNAL_RULE rule=confidence>=0.60 actual=0.65 result=True
[2026-06-30 07:16:13] [INFO] [signal_engine] [VERIFY] SIGNAL_RULE rule=score>=55 actual=70.0 result=True
[2026-06-30 07:16:13] [INFO] [signal_engine] [VERIFY] SIGNAL_RULE rule=bias in [bullish,bearish] actual=bearish result=True
[2026-06-30 07:16:13] [INFO] [signal_engine] [VERIFY] SIGNAL_FINAL direction=SELL score=70.0 confidence=0.65 valid=True
[2026-06-30 07:16:13] [DEBUG] [signal_engine] Signal: SELL score=70.0 conf=0.65 strength=متوسط valid=True
[2026-06-30 07:16:13] [INFO] [sentiment] Sentiment GBPUSD: bearish score=100 bull=0 bear=1
[2026-06-30 07:16:13] [DEBUG] [mtf] MTF (snapshot) GBPUSD: H4=bullish H1=bullish M15=bullish aligned=True (strong)
[2026-06-30 07:16:13] [INFO] [main] [VERIFY][DATA_TRUTH] symbol=GBPUSD timeframe=H4/H1/M15 news_fetched=True indicators_fetched=True live_data=True cached=False
[2026-06-30 07:16:13] [INFO] [voting_engine] GBPUSD: MTF strongly aligned, boosting score 10%
[2026-06-30 07:16:13] [DEBUG] [hybrid_market_client] Fetching indicators for GBPUSD (QuantDinger only)
[2026-06-30 07:16:13] [DEBUG] [market_client] Candles GBPUSD 4H: 100 bars ✓
[2026-06-30 07:16:13] [DEBUG] [hybrid_market_client] ✓ Got live data from QuantDinger for GBPUSD
[2026-06-30 07:16:13] [DEBUG] [hybrid_market_client] Fetching indicators for GBPUSD (QuantDinger only)
[2026-06-30 07:16:13] [DEBUG] [market_client] Using cached candles for GBPUSD 4H (age: 0s)
[2026-06-30 07:16:13] [DEBUG] [hybrid_market_client] ✓ Got live data from QuantDinger for GBPUSD
[2026-06-30 07:16:13] [INFO] [sltp] SL/TP GBPUSD: entry=1.3234164714813232 atr=0.00224 sl=1.32005 tp=1.32902
[2026-06-30 07:16:13] [INFO] [position_sizing] Position size: 0.5 (equity=74612, risk=0.001, sl_dist=0.00337, score=57, cons_loss=0)
[2026-06-30 07:16:13] [DEBUG] [xgboost_v2] V2 predict: rsi=61.6 atr=0.00224 regime=TRENDING session=asia dir=BUY -> p_win=0.242
[2026-06-30 07:16:13] [INFO] [xgboost_v2] [VERIFY] XGBOOST PREDICTION p_win=0.242 available=True
[2026-06-30 07:16:13] [INFO] [main] [VERIFY][DECISION_TRUTH] bias=bearish score=56.8 confidence=0.515 vote=BUY risk_passed=True sl_tp_calculated=True position_size=0.5 xgboost_p_win=0.24176925420761108 final_decision_valid=False reject_reason=p_win<threshold (p_win=0.242 threshold=0.6)
[2026-06-30 07:16:13] [INFO] [adaptive_weights] EURUSD weights updated: {'ai': 0.239, 'trend': 0.239, 'momentum': 0.239, 'sentiment': 0.239, 'volatility': 0.043} | WR=13.6% PF=0
[2026-06-30 07:16:13] [INFO] [adaptive_weights] 🏆 أفضل زوج: EURUSD | WR=13.6% | PnL=190.0$
[2026-06-30 07:16:13] [INFO] [adaptive_weights] ⚠️ أسوأ زوج: XAUUSD | WR=0.0% | PnL=0.0$
[2026-06-30 07:16:13] [INFO] [main] Sleeping 1800s...
[2026-06-30 07:17:31] [INFO] [main] Trading Bot V3 starting...
[2026-06-30 07:17:31] [INFO] [database] V3 Database initialized with all tables
[2026-06-30 07:17:31] [INFO] [qd_client] Logged in to QuantDinger
[2026-06-30 07:17:31] [INFO] [qd_client] MT5 connected
[2026-06-30 07:17:31] [INFO] [main] MT5 connected
[2026-06-30 07:17:31] [INFO] [telegram_bot] Telegram polling started
[2026-06-30 07:17:31] [INFO] [telegram_bot] Telegram bot V3 started
[2026-06-30 07:17:31] [INFO] [mt5_watchdog] MT5 watchdog started (V1 reconnect logic)
[2026-06-30 07:17:31] [INFO] [reconciliation] Reconciliation loop started (every 60s)
[2026-06-30 07:17:31] [INFO] [reconciliation] Reconciliation thread started (safety only)
[2026-06-30 07:17:31] [INFO] [post_entry_manager] PostEntryManager started
[2026-06-30 07:17:32] [INFO] [main] ==================================================
[2026-06-30 07:17:32] [INFO] [main] Cycle 1 at 07:17:32
[2026-06-30 07:17:41] [INFO] [news_fetcher] Fetched 20 relevant news items
[2026-06-30 07:17:41] [INFO] [main] Equity: 74612.02$ | News: 20
[2026-06-30 07:17:41] [DEBUG] [hybrid_market_client] Fetching indicators for EURUSD (QuantDinger only)
[2026-06-30 07:17:41] [DEBUG] [market_client] Candles EURUSD 4H: 100 bars ✓
[2026-06-30 07:17:41] [DEBUG] [hybrid_market_client] ✓ Got live data from QuantDinger for EURUSD
[2026-06-30 07:17:41] [DEBUG] [hybrid_market_client] Fetching indicators for EURUSD (QuantDinger only)
[2026-06-30 07:17:41] [DEBUG] [market_client] Candles EURUSD 4H: 100 bars ✓
[2026-06-30 07:17:41] [DEBUG] [hybrid_market_client] ✓ Got live data from QuantDinger for EURUSD
[2026-06-30 07:17:41] [DEBUG] [hybrid_market_client] Fetching indicators for EURUSD (QuantDinger only)
[2026-06-30 07:17:41] [DEBUG] [market_client] Candles EURUSD 4H: 100 bars ✓
[2026-06-30 07:17:41] [DEBUG] [hybrid_market_client] ✓ Got live data from QuantDinger for EURUSD
[2026-06-30 07:17:41] [INFO] [market_snapshot_builder] [SNAPSHOT_BUILT] symbol=EURUSD tfs=H4,H1,M15
[2026-06-30 07:17:41] [DEBUG] [hybrid_market_client] Fetching indicators for XAUUSD (QuantDinger only)
[2026-06-30 07:17:41] [DEBUG] [market_client] Candles XAUUSD 4H: 100 bars ✓
[2026-06-30 07:17:41] [DEBUG] [hybrid_market_client] ✓ Got live data from QuantDinger for XAUUSD
[2026-06-30 07:17:41] [DEBUG] [hybrid_market_client] Fetching indicators for XAUUSD (QuantDinger only)
[2026-06-30 07:17:41] [DEBUG] [market_client] Candles XAUUSD 4H: 100 bars ✓
[2026-06-30 07:17:41] [DEBUG] [hybrid_market_client] ✓ Got live data from QuantDinger for XAUUSD
[2026-06-30 07:17:41] [DEBUG] [hybrid_market_client] Fetching indicators for XAUUSD (QuantDinger only)
[2026-06-30 07:17:41] [DEBUG] [market_client] Candles XAUUSD 4H: 100 bars ✓
[2026-06-30 07:17:41] [DEBUG] [hybrid_market_client] ✓ Got live data from QuantDinger for XAUUSD
[2026-06-30 07:17:41] [INFO] [market_snapshot_builder] [SNAPSHOT_BUILT] symbol=XAUUSD tfs=H4,H1,M15
[2026-06-30 07:17:41] [DEBUG] [hybrid_market_client] Fetching indicators for GBPUSD (QuantDinger only)
[2026-06-30 07:17:41] [DEBUG] [market_client] Candles GBPUSD 4H: 100 bars ✓
[2026-06-30 07:17:41] [DEBUG] [hybrid_market_client] ✓ Got live data from QuantDinger for GBPUSD
[2026-06-30 07:17:41] [DEBUG] [hybrid_market_client] Fetching indicators for GBPUSD (QuantDinger only)
[2026-06-30 07:17:41] [DEBUG] [market_client] Candles GBPUSD 4H: 100 bars ✓
[2026-06-30 07:17:41] [DEBUG] [hybrid_market_client] ✓ Got live data from QuantDinger for GBPUSD
[2026-06-30 07:17:41] [DEBUG] [hybrid_market_client] Fetching indicators for GBPUSD (QuantDinger only)
[2026-06-30 07:17:41] [DEBUG] [market_client] Candles GBPUSD 4H: 100 bars ✓
[2026-06-30 07:17:41] [DEBUG] [hybrid_market_client] ✓ Got live data from QuantDinger for GBPUSD
[2026-06-30 07:17:41] [INFO] [market_snapshot_builder] [SNAPSHOT_BUILT] symbol=GBPUSD tfs=H4,H1,M15
[2026-06-30 07:17:41] [INFO] [main] --- EURUSD ---
[2026-06-30 07:17:46] [WARNING] [deepseek] DeepSeek empty response: finish_reason=length, raw={"id":"6cab872a-8b6b-41f8-bc9e-7ad2be1e1e31","object":"chat.completion","created":1782793062,"model":"deepseek-v4-flash","choices":[{"index":0,"message":{"role":"assistant","content":"","reasoning_content":"We need to analyze the market context and news. Market context: EURUSD at 1.1401, RSI 58.85 (
[2026-06-30 07:17:53] [INFO] [deepseek] DEEPSEEK OK: {"impact_score": 65, "bias": "bearish", "confidence": 0.7, "reason": "الدولار يستفيد من المخاطر الجي...
[2026-06-30 07:17:53] [INFO] [deepseek] AI EURUSD: bias=bearish impact=65.0 conf=0.70
[2026-06-30 07:17:53] [INFO] [signal_engine] [VERIFY] SIGNAL_INPUT bias=bearish score=65.0 confidence=0.7
[2026-06-30 07:17:53] [INFO] [signal_engine] [VERIFY] SIGNAL_RULE rule=confidence>=0.60 actual=0.7 result=True
[2026-06-30 07:17:53] [INFO] [signal_engine] [VERIFY] SIGNAL_RULE rule=score>=55 actual=65.0 result=True
[2026-06-30 07:17:53] [INFO] [signal_engine] [VERIFY] SIGNAL_RULE rule=bias in [bullish,bearish] actual=bearish result=True
[2026-06-30 07:17:53] [INFO] [signal_engine] [VERIFY] SIGNAL_FINAL direction=SELL score=65.0 confidence=0.7 valid=True
[2026-06-30 07:17:53] [DEBUG] [signal_engine] Signal: SELL score=65.0 conf=0.70 strength=متوسط valid=True
[2026-06-30 07:17:53] [INFO] [sentiment] Sentiment EURUSD: neutral score=50 bull=3 bear=2
[2026-06-30 07:17:53] [DEBUG] [mtf] MTF (snapshot) EURUSD: H4=bullish H1=bullish M15=bullish aligned=True (strong)
[2026-06-30 07:17:53] [INFO] [main] [VERIFY][DATA_TRUTH] symbol=EURUSD timeframe=H4/H1/M15 news_fetched=True indicators_fetched=True live_data=True cached=False
[2026-06-30 07:17:53] [INFO] [voting_engine] EURUSD: MTF strongly aligned, boosting score 10%
[2026-06-30 07:17:53] [INFO] [risk_engine] Risk: Score too low (EURUSD BUY) - Score 44.1 < 45
[2026-06-30 07:17:53] [DEBUG] [hybrid_market_client] Fetching indicators for EURUSD (QuantDinger only)
[2026-06-30 07:17:53] [DEBUG] [market_client] Candles EURUSD 4H: 100 bars ✓
[2026-06-30 07:17:53] [DEBUG] [hybrid_market_client] ✓ Got live data from QuantDinger for EURUSD
[2026-06-30 07:17:53] [DEBUG] [hybrid_market_client] Fetching indicators for EURUSD (QuantDinger only)
[2026-06-30 07:17:53] [DEBUG] [market_client] Using cached candles for EURUSD 4H (age: 0s)
[2026-06-30 07:17:53] [DEBUG] [hybrid_market_client] ✓ Got live data from QuantDinger for EURUSD
[2026-06-30 07:17:53] [INFO] [sltp] SL/TP EURUSD: entry=1.1401208639144897 atr=0.00210 sl=1.13697 tp=1.14537
[2026-06-30 07:17:53] [INFO] [position_sizing] Position size: 0.5 (equity=74612, risk=0.001, sl_dist=0.00315, score=44, cons_loss=0)
[2026-06-30 07:17:53] [INFO] [xgboost_v2] [VERIFY] XGBOOST MODEL LOADED path=models/xgb_model.json available=True
[2026-06-30 07:17:53] [INFO] [xgboost_v2] XGBoost v2 model loaded successfully
[2026-06-30 07:17:53] [DEBUG] [xgboost_v2] V2 predict: rsi=58.9 atr=0.00210 regime=TRENDING session=asia dir=BUY -> p_win=0.245
[2026-06-30 07:17:53] [INFO] [xgboost_v2] [VERIFY] XGBOOST PREDICTION p_win=0.245 available=True
[2026-06-30 07:17:53] [INFO] [main] [VERIFY][DECISION_TRUTH] bias=bearish score=44.1 confidence=0.554 vote=BUY risk_passed=False sl_tp_calculated=True position_size=0.5 xgboost_p_win=0.24521595239639282 final_decision_valid=False reject_reason=p_win<threshold (p_win=0.245 threshold=0.6)
[2026-06-30 07:17:53] [INFO] [main] --- XAUUSD ---
[2026-06-30 07:17:57] [WARNING] [deepseek] DeepSeek truncated by max_tokens, finish_reason=length, content={
  "impact_score": 85,
  "bias": "bearish",
  "confidence": 0.85,
  "
[2026-06-30 07:17:57] [WARNING] [deepseek] Retry 1: JSON incomplete/truncated, raw={
  "impact_score": 85,
  "bias": "bearish",
  "confidence": 0.85,
  "
[2026-06-30 07:18:00] [DEBUG] [hybrid_market_client] Fetching indicators for EURUSD (QuantDinger only)
[2026-06-30 07:18:00] [DEBUG] [market_client] Using cached candles for EURUSD H4 (age: 18s)
[2026-06-30 07:18:00] [DEBUG] [hybrid_market_client] ✓ Got live data from QuantDinger for EURUSD
[2026-06-30 07:18:00] [DEBUG] [hybrid_market_client] Fetching indicators for EURUSD (QuantDinger only)
[2026-06-30 07:18:00] [DEBUG] [market_client] Using cached candles for EURUSD H1 (age: 18s)
[2026-06-30 07:18:00] [DEBUG] [hybrid_market_client] ✓ Got live data from QuantDinger for EURUSD
[2026-06-30 07:18:00] [DEBUG] [hybrid_market_client] Fetching indicators for EURUSD (QuantDinger only)
[2026-06-30 07:18:00] [DEBUG] [market_client] Using cached candles for EURUSD M15 (age: 18s)
[2026-06-30 07:18:00] [DEBUG] [hybrid_market_client] ✓ Got live data from QuantDinger for EURUSD
[2026-06-30 07:18:00] [INFO] [market_snapshot_builder] [SNAPSHOT_BUILT] symbol=EURUSD tfs=H4,H1,M15
[2026-06-30 07:18:00] [DEBUG] [hybrid_market_client] Fetching indicators for XAUUSD (QuantDinger only)
[2026-06-30 07:18:00] [DEBUG] [market_client] Using cached candles for XAUUSD H4 (age: 18s)
[2026-06-30 07:18:00] [DEBUG] [hybrid_market_client] ✓ Got live data from QuantDinger for XAUUSD
[2026-06-30 07:18:00] [DEBUG] [hybrid_market_client] Fetching indicators for XAUUSD (QuantDinger only)
[2026-06-30 07:18:00] [DEBUG] [market_client] Using cached candles for XAUUSD H1 (age: 18s)
[2026-06-30 07:18:00] [DEBUG] [hybrid_market_client] ✓ Got live data from QuantDinger for XAUUSD
[2026-06-30 07:18:00] [DEBUG] [hybrid_market_client] Fetching indicators for XAUUSD (QuantDinger only)
[2026-06-30 07:18:00] [DEBUG] [market_client] Using cached candles for XAUUSD M15 (age: 18s)
[2026-06-30 07:18:00] [DEBUG] [hybrid_market_client] ✓ Got live data from QuantDinger for XAUUSD
[2026-06-30 07:18:00] [INFO] [market_snapshot_builder] [SNAPSHOT_BUILT] symbol=XAUUSD tfs=H4,H1,M15
[2026-06-30 07:18:00] [DEBUG] [hybrid_market_client] Fetching indicators for GBPUSD (QuantDinger only)
[2026-06-30 07:18:00] [DEBUG] [market_client] Using cached candles for GBPUSD H4 (age: 18s)
[2026-06-30 07:18:00] [DEBUG] [hybrid_market_client] ✓ Got live data from QuantDinger for GBPUSD
[2026-06-30 07:18:00] [DEBUG] [hybrid_market_client] Fetching indicators for GBPUSD (QuantDinger only)
[2026-06-30 07:18:00] [DEBUG] [market_client] Using cached candles for GBPUSD H1 (age: 18s)
[2026-06-30 07:18:00] [DEBUG] [hybrid_market_client] ✓ Got live data from QuantDinger for GBPUSD
[2026-06-30 07:18:00] [DEBUG] [hybrid_market_client] Fetching indicators for GBPUSD (QuantDinger only)
[2026-06-30 07:18:00] [DEBUG] [market_client] Using cached candles for GBPUSD M15 (age: 18s)
[2026-06-30 07:18:00] [DEBUG] [hybrid_market_client] ✓ Got live data from QuantDinger for GBPUSD
[2026-06-30 07:18:00] [INFO] [market_snapshot_builder] [SNAPSHOT_BUILT] symbol=GBPUSD tfs=H4,H1,M15
[2026-06-30 07:18:03] [INFO] [deepseek] DEEPSEEK OK: {
  "impact_score": 70,
  "bias": "bearish",
  "confidence": 0.85,
  "reason": "التوترات الجيوسياسية...
[2026-06-30 07:18:03] [INFO] [deepseek] AI XAUUSD: bias=bearish impact=70.0 conf=0.85
[2026-06-30 07:18:03] [INFO] [signal_engine] [VERIFY] SIGNAL_INPUT bias=bearish score=70.0 confidence=0.85
[2026-06-30 07:18:03] [INFO] [signal_engine] [VERIFY] SIGNAL_RULE rule=confidence>=0.60 actual=0.85 result=True
[2026-06-30 07:18:03] [INFO] [signal_engine] [VERIFY] SIGNAL_RULE rule=score>=55 actual=70.0 result=True
[2026-06-30 07:18:03] [INFO] [signal_engine] [VERIFY] SIGNAL_RULE rule=bias in [bullish,bearish] actual=bearish result=True
[2026-06-30 07:18:03] [INFO] [signal_engine] [VERIFY] SIGNAL_FINAL direction=SELL score=70.0 confidence=0.85 valid=True
[2026-06-30 07:18:03] [DEBUG] [signal_engine] Signal: SELL score=70.0 conf=0.85 strength=قوي valid=True
[2026-06-30 07:18:03] [INFO] [sentiment] Sentiment XAUUSD: neutral score=50 bull=1 bear=1
[2026-06-30 07:18:03] [DEBUG] [mtf] MTF (snapshot) XAUUSD: H4=bearish H1=bearish M15=bearish aligned=True (strong)
[2026-06-30 07:18:03] [INFO] [main] [VERIFY][DATA_TRUTH] symbol=XAUUSD timeframe=H4/H1/M15 news_fetched=True indicators_fetched=True live_data=True cached=False
[2026-06-30 07:18:03] [INFO] [voting_engine] XAUUSD: MTF strongly aligned, boosting score 10%
[2026-06-30 07:18:03] [DEBUG] [hybrid_market_client] Fetching indicators for XAUUSD (QuantDinger only)
[2026-06-30 07:18:03] [DEBUG] [market_client] Candles XAUUSD 4H: 100 bars ✓
[2026-06-30 07:18:03] [DEBUG] [hybrid_market_client] ✓ Got live data from QuantDinger for XAUUSD
[2026-06-30 07:18:03] [DEBUG] [hybrid_market_client] Fetching indicators for XAUUSD (QuantDinger only)
[2026-06-30 07:18:03] [DEBUG] [market_client] Using cached candles for XAUUSD 4H (age: 0s)
[2026-06-30 07:18:03] [DEBUG] [hybrid_market_client] ✓ Got live data from QuantDinger for XAUUSD
[2026-06-30 07:18:03] [INFO] [sltp] SL/TP XAUUSD: entry=3984.0 atr=35.33568 sl=3994.0 tp=3895.66081
[2026-06-30 07:18:03] [INFO] [position_sizing] Position size: 0.1 (equity=74612, risk=0.003, sl_dist=10.00000, score=98, cons_loss=0)
[2026-06-30 07:18:03] [DEBUG] [xgboost_v2] V2 predict: rsi=43.0 atr=35.33568 regime=TRENDING session=asia dir=SELL -> p_win=0.169
[2026-06-30 07:18:03] [INFO] [xgboost_v2] [VERIFY] XGBOOST PREDICTION p_win=0.169 available=True
[2026-06-30 07:18:03] [INFO] [main] [VERIFY][DECISION_TRUTH] bias=bearish score=98.1 confidence=1.0 vote=SELL risk_passed=True sl_tp_calculated=True position_size=0.1 xgboost_p_win=0.1687553972005844 final_decision_valid=False reject_reason=p_win<threshold (p_win=0.169 threshold=0.6)
[2026-06-30 07:18:03] [INFO] [main] --- GBPUSD ---
[2026-06-30 07:18:05] [WARNING] [deepseek] DeepSeek empty response: finish_reason=length, raw={"id":"b449d3f5-bb17-4ee8-b287-36ba80d760b0","object":"chat.completion","created":1782793081,"model":"deepseek-v4-flash","choices":[{"index":0,"message":{"role":"assistant","content":"","reasoning_content":"We need to analyze market context: EURUSD at 1.14012, RSI 58.85 (slightly bullish, not overbo
[2026-06-30 07:18:07] [INFO] [deepseek] DEEPSEEK OK: {
  "impact_score": 80,
  "bias": "bearish",
  "confidence": 0.75,
  "reason": "قوة الدولار بسبب الت...
[2026-06-30 07:18:07] [INFO] [deepseek] AI GBPUSD: bias=bearish impact=80.0 conf=0.75
[2026-06-30 07:18:07] [INFO] [signal_engine] [VERIFY] SIGNAL_INPUT bias=bearish score=80.0 confidence=0.75
[2026-06-30 07:18:07] [INFO] [signal_engine] [VERIFY] SIGNAL_RULE rule=confidence>=0.60 actual=0.75 result=True
[2026-06-30 07:18:07] [INFO] [signal_engine] [VERIFY] SIGNAL_RULE rule=score>=55 actual=80.0 result=True
[2026-06-30 07:18:07] [INFO] [signal_engine] [VERIFY] SIGNAL_RULE rule=bias in [bullish,bearish] actual=bearish result=True
[2026-06-30 07:18:07] [INFO] [signal_engine] [VERIFY] SIGNAL_FINAL direction=SELL score=80.0 confidence=0.75 valid=True
[2026-06-30 07:18:07] [DEBUG] [signal_engine] Signal: SELL score=80.0 conf=0.75 strength=قوي valid=True
[2026-06-30 07:18:07] [INFO] [sentiment] Sentiment GBPUSD: bearish score=100 bull=0 bear=1
[2026-06-30 07:18:07] [DEBUG] [mtf] MTF (snapshot) GBPUSD: H4=bullish H1=bullish M15=bullish aligned=True (strong)
[2026-06-30 07:18:07] [INFO] [main] [VERIFY][DATA_TRUTH] symbol=GBPUSD timeframe=H4/H1/M15 news_fetched=True indicators_fetched=True live_data=True cached=False
[2026-06-30 07:18:07] [INFO] [voting_engine] GBPUSD: MTF strongly aligned, boosting score 10%
[2026-06-30 07:18:07] [DEBUG] [hybrid_market_client] Fetching indicators for GBPUSD (QuantDinger only)
[2026-06-30 07:18:07] [DEBUG] [market_client] Candles GBPUSD 4H: 100 bars ✓
[2026-06-30 07:18:07] [DEBUG] [hybrid_market_client] ✓ Got live data from QuantDinger for GBPUSD
[2026-06-30 07:18:07] [DEBUG] [hybrid_market_client] Fetching indicators for GBPUSD (QuantDinger only)
[2026-06-30 07:18:07] [DEBUG] [market_client] Using cached candles for GBPUSD 4H (age: 0s)
[2026-06-30 07:18:07] [DEBUG] [hybrid_market_client] ✓ Got live data from QuantDinger for GBPUSD
[2026-06-30 07:18:07] [INFO] [sltp] SL/TP GBPUSD: entry=1.3234164714813232 atr=0.00224 sl=1.32005 tp=1.32902
[2026-06-30 07:18:07] [INFO] [position_sizing] Position size: 0.5 (equity=74612, risk=0.001, sl_dist=0.00337, score=60, cons_loss=0)
[2026-06-30 07:18:07] [DEBUG] [xgboost_v2] V2 predict: rsi=61.6 atr=0.00224 regime=TRENDING session=asia dir=BUY -> p_win=0.242
[2026-06-30 07:18:07] [INFO] [xgboost_v2] [VERIFY] XGBOOST PREDICTION p_win=0.242 available=True
[2026-06-30 07:18:07] [INFO] [main] [VERIFY][DECISION_TRUTH] bias=bearish score=60.1 confidence=0.594 vote=BUY risk_passed=True sl_tp_calculated=True position_size=0.5 xgboost_p_win=0.24176925420761108 final_decision_valid=False reject_reason=p_win<threshold (p_win=0.242 threshold=0.6)
[2026-06-30 07:18:07] [INFO] [adaptive_weights] EURUSD weights updated: {'ai': 0.239, 'trend': 0.239, 'momentum': 0.239, 'sentiment': 0.239, 'volatility': 0.043} | WR=13.6% PF=0
[2026-06-30 07:18:07] [INFO] [adaptive_weights] 🏆 أفضل زوج: EURUSD | WR=13.6% | PnL=190.0$
[2026-06-30 07:18:07] [INFO] [adaptive_weights] ⚠️ أسوأ زوج: XAUUSD | WR=0.0% | PnL=0.0$
[2026-06-30 07:18:07] [INFO] [main] Sleeping 1800s...
[2026-06-30 07:18:14] [INFO] [deepseek] DEEPSEEK OK: {
  "impact_score": 75,
  "bias": "bearish",
  "confidence": 0.65,
  "reason": "الأنباء تدعم قوة الد...
[2026-06-30 07:18:14] [INFO] [deepseek] AI EURUSD: bias=bearish impact=75.0 conf=0.65
[2026-06-30 07:18:16] [INFO] [deepseek] DEEPSEEK OK: {"impact_score": 80, "bias": "bearish", "confidence": 0.85, "reason": "الدولار قوي بفعل المخاطر الإي...
[2026-06-30 07:18:16] [INFO] [deepseek] AI XAUUSD: bias=bearish impact=80.0 conf=0.85
[2026-06-30 07:18:21] [INFO] [deepseek] DEEPSEEK OK: {
  "impact_score": 75,
  "bias": "bearish",
  "confidence": 0.6,
  "reason": "الأخبار تدعم قوة الدو...
[2026-06-30 07:18:21] [INFO] [deepseek] AI GBPUSD: bias=bearish impact=75.0 conf=0.60
[2026-06-30 07:48:07] [INFO] [main] ==================================================
[2026-06-30 07:48:07] [INFO] [main] Cycle 2 at 07:48:07
[2026-06-30 07:48:17] [INFO] [news_fetcher] Fetched 19 relevant news items
[2026-06-30 07:48:17] [INFO] [main] Equity: 74612.02$ | News: 19
[2026-06-30 07:48:17] [DEBUG] [hybrid_market_client] Fetching indicators for EURUSD (QuantDinger only)
[2026-06-30 07:48:17] [DEBUG] [market_client] Candles EURUSD 4H: 100 bars ✓
[2026-06-30 07:48:17] [DEBUG] [hybrid_market_client] ✓ Got live data from QuantDinger for EURUSD
[2026-06-30 07:48:17] [DEBUG] [hybrid_market_client] Fetching indicators for EURUSD (QuantDinger only)
[2026-06-30 07:48:17] [DEBUG] [market_client] Candles EURUSD 4H: 100 bars ✓
[2026-06-30 07:48:17] [DEBUG] [hybrid_market_client] ✓ Got live data from QuantDinger for EURUSD
[2026-06-30 07:48:17] [DEBUG] [hybrid_market_client] Fetching indicators for EURUSD (QuantDinger only)
[2026-06-30 07:48:17] [DEBUG] [market_client] Candles EURUSD 4H: 100 bars ✓
[2026-06-30 07:48:17] [DEBUG] [hybrid_market_client] ✓ Got live data from QuantDinger for EURUSD
[2026-06-30 07:48:17] [INFO] [market_snapshot_builder] [SNAPSHOT_BUILT] symbol=EURUSD tfs=H4,H1,M15
[2026-06-30 07:48:17] [DEBUG] [hybrid_market_client] Fetching indicators for XAUUSD (QuantDinger only)
[2026-06-30 07:48:17] [DEBUG] [market_client] Candles XAUUSD 4H: 100 bars ✓
[2026-06-30 07:48:17] [DEBUG] [hybrid_market_client] ✓ Got live data from QuantDinger for XAUUSD
[2026-06-30 07:48:17] [DEBUG] [hybrid_market_client] Fetching indicators for XAUUSD (QuantDinger only)
[2026-06-30 07:48:18] [DEBUG] [market_client] Candles XAUUSD 4H: 100 bars ✓
[2026-06-30 07:48:18] [DEBUG] [hybrid_market_client] ✓ Got live data from QuantDinger for XAUUSD
[2026-06-30 07:48:18] [DEBUG] [hybrid_market_client] Fetching indicators for XAUUSD (QuantDinger only)
[2026-06-30 07:48:18] [DEBUG] [market_client] Candles XAUUSD 4H: 100 bars ✓
[2026-06-30 07:48:18] [DEBUG] [hybrid_market_client] ✓ Got live data from QuantDinger for XAUUSD
[2026-06-30 07:48:18] [INFO] [market_snapshot_builder] [SNAPSHOT_BUILT] symbol=XAUUSD tfs=H4,H1,M15
[2026-06-30 07:48:18] [DEBUG] [hybrid_market_client] Fetching indicators for GBPUSD (QuantDinger only)
[2026-06-30 07:48:18] [DEBUG] [market_client] Candles GBPUSD 4H: 100 bars ✓
[2026-06-30 07:48:18] [DEBUG] [hybrid_market_client] ✓ Got live data from QuantDinger for GBPUSD
[2026-06-30 07:48:18] [DEBUG] [hybrid_market_client] Fetching indicators for GBPUSD (QuantDinger only)
[2026-06-30 07:48:18] [DEBUG] [market_client] Candles GBPUSD 4H: 100 bars ✓
[2026-06-30 07:48:18] [DEBUG] [hybrid_market_client] ✓ Got live data from QuantDinger for GBPUSD
[2026-06-30 07:48:18] [DEBUG] [hybrid_market_client] Fetching indicators for GBPUSD (QuantDinger only)
[2026-06-30 07:48:18] [DEBUG] [market_client] Candles GBPUSD 4H: 100 bars ✓
[2026-06-30 07:48:18] [DEBUG] [hybrid_market_client] ✓ Got live data from QuantDinger for GBPUSD
[2026-06-30 07:48:18] [INFO] [market_snapshot_builder] [SNAPSHOT_BUILT] symbol=GBPUSD tfs=H4,H1,M15
[2026-06-30 07:48:18] [INFO] [main] --- EURUSD ---
[2026-06-30 07:48:22] [WARNING] [deepseek] DeepSeek empty response: finish_reason=length, raw={"id":"b1b686f1-23c0-4a5b-aa64-65cd9eba02b3","object":"chat.completion","created":1782794899,"model":"deepseek-v4-flash","choices":[{"index":0,"message":{"role":"assistant","content":"","reasoning_content":"We need to analyze the given data. Market context: EURUSD current price 1.13999, RSI 58.38 (s
[2026-06-30 07:48:31] [INFO] [deepseek] DEEPSEEK OK: {
  "impact_score": 60,
  "bias": "bearish",
  "confidence": 0.6,
  "reason": "أنباء عن قوة الدولار ...
[2026-06-30 07:48:31] [INFO] [deepseek] AI EURUSD: bias=bearish impact=60.0 conf=0.60
[2026-06-30 07:48:31] [INFO] [signal_engine] [VERIFY] SIGNAL_INPUT bias=bearish score=60.0 confidence=0.6
[2026-06-30 07:48:31] [INFO] [signal_engine] [VERIFY] SIGNAL_RULE rule=confidence>=0.60 actual=0.6 result=True
[2026-06-30 07:48:31] [INFO] [signal_engine] [VERIFY] SIGNAL_RULE rule=score>=55 actual=60.0 result=True
[2026-06-30 07:48:31] [INFO] [signal_engine] [VERIFY] SIGNAL_RULE rule=bias in [bullish,bearish] actual=bearish result=True
[2026-06-30 07:48:31] [INFO] [signal_engine] [VERIFY] SIGNAL_FINAL direction=SELL score=60.0 confidence=0.6 valid=True
[2026-06-30 07:48:31] [DEBUG] [signal_engine] Signal: SELL score=60.0 conf=0.60 strength=متوسط valid=True
[2026-06-30 07:48:31] [INFO] [sentiment] Sentiment EURUSD: bullish score=88 bull=3 bear=1
[2026-06-30 07:48:31] [DEBUG] [mtf] MTF (snapshot) EURUSD: H4=bullish H1=bullish M15=bullish aligned=True (strong)
[2026-06-30 07:48:31] [INFO] [main] [VERIFY][DATA_TRUTH] symbol=EURUSD timeframe=H4/H1/M15 news_fetched=True indicators_fetched=True live_data=True cached=False
[2026-06-30 07:48:31] [INFO] [voting_engine] EURUSD: MTF strongly aligned, boosting score 10%
[2026-06-30 07:48:31] [DEBUG] [hybrid_market_client] Fetching indicators for EURUSD (QuantDinger only)
[2026-06-30 07:48:31] [DEBUG] [market_client] Candles EURUSD 4H: 100 bars ✓
[2026-06-30 07:48:31] [DEBUG] [hybrid_market_client] ✓ Got live data from QuantDinger for EURUSD
[2026-06-30 07:48:31] [DEBUG] [hybrid_market_client] Fetching indicators for EURUSD (QuantDinger only)
[2026-06-30 07:48:31] [DEBUG] [market_client] Using cached candles for EURUSD 4H (age: 0s)
[2026-06-30 07:48:31] [DEBUG] [hybrid_market_client] ✓ Got live data from QuantDinger for EURUSD
[2026-06-30 07:48:31] [INFO] [sltp] SL/TP EURUSD: entry=1.1399909257888794 atr=0.00211 sl=1.13683 tp=1.14526
[2026-06-30 07:48:31] [INFO] [position_sizing] Position size: 0.5 (equity=74612, risk=0.001, sl_dist=0.00316, score=55, cons_loss=0)
[2026-06-30 07:48:31] [DEBUG] [xgboost_v2] V2 predict: rsi=58.4 atr=0.00211 regime=TRENDING session=asia dir=BUY -> p_win=0.245
[2026-06-30 07:48:31] [INFO] [xgboost_v2] [VERIFY] XGBOOST PREDICTION p_win=0.245 available=True
[2026-06-30 07:48:31] [INFO] [main] [VERIFY][DECISION_TRUTH] bias=bearish score=55.3 confidence=0.475 vote=BUY risk_passed=True sl_tp_calculated=True position_size=0.5 xgboost_p_win=0.24521595239639282 final_decision_valid=False reject_reason=p_win<threshold (p_win=0.245 threshold=0.6)
[2026-06-30 07:48:31] [INFO] [main] --- XAUUSD ---
[2026-06-30 07:48:35] [INFO] [deepseek] DEEPSEEK OK: {
  "impact_score": 75,
  "bias": "bearish",
  "confidence": 0.85,
  "reason": "الدولار قوي والذهب ف...
[2026-06-30 07:48:35] [INFO] [deepseek] AI XAUUSD: bias=bearish impact=75.0 conf=0.85
[2026-06-30 07:48:35] [INFO] [signal_engine] [VERIFY] SIGNAL_INPUT bias=bearish score=75.0 confidence=0.85
[2026-06-30 07:48:35] [INFO] [signal_engine] [VERIFY] SIGNAL_RULE rule=confidence>=0.60 actual=0.85 result=True
[2026-06-30 07:48:35] [INFO] [signal_engine] [VERIFY] SIGNAL_RULE rule=score>=55 actual=75.0 result=True
[2026-06-30 07:48:35] [INFO] [signal_engine] [VERIFY] SIGNAL_RULE rule=bias in [bullish,bearish] actual=bearish result=True
[2026-06-30 07:48:35] [INFO] [signal_engine] [VERIFY] SIGNAL_FINAL direction=SELL score=75.0 confidence=0.85 valid=True
[2026-06-30 07:48:35] [DEBUG] [signal_engine] Signal: SELL score=75.0 conf=0.85 strength=قوي valid=True
[2026-06-30 07:48:35] [INFO] [sentiment] Sentiment XAUUSD: neutral score=50 bull=1 bear=1
[2026-06-30 07:48:35] [DEBUG] [mtf] MTF (snapshot) XAUUSD: H4=bearish H1=neutral M15=neutral aligned=False (weak)
[2026-06-30 07:48:35] [INFO] [main] [VERIFY][DATA_TRUTH] symbol=XAUUSD timeframe=H4/H1/M15 news_fetched=True indicators_fetched=True live_data=True cached=False
[2026-06-30 07:48:35] [INFO] [voting_engine] XAUUSD: MTF weakly misaligned, reducing score 10%
[2026-06-30 07:48:35] [DEBUG] [hybrid_market_client] Fetching indicators for XAUUSD (QuantDinger only)
[2026-06-30 07:48:35] [DEBUG] [market_client] Candles XAUUSD 4H: 100 bars ✓
[2026-06-30 07:48:35] [DEBUG] [hybrid_market_client] ✓ Got live data from QuantDinger for XAUUSD
[2026-06-30 07:48:35] [DEBUG] [hybrid_market_client] Fetching indicators for XAUUSD (QuantDinger only)
[2026-06-30 07:48:35] [DEBUG] [market_client] Using cached candles for XAUUSD 4H (age: 0s)
[2026-06-30 07:48:35] [DEBUG] [hybrid_market_client] ✓ Got live data from QuantDinger for XAUUSD
[2026-06-30 07:48:35] [INFO] [sltp] SL/TP XAUUSD: entry=4008.199951171875 atr=37.07139 sl=4018.19995 tp=3915.52147
[2026-06-30 07:48:35] [INFO] [position_sizing] Position size: 0.1 (equity=74612, risk=0.001, sl_dist=10.00000, score=77, cons_loss=0)
[2026-06-30 07:48:35] [DEBUG] [xgboost_v2] V2 predict: rsi=48.1 atr=37.07139 regime=TRENDING session=asia dir=SELL -> p_win=0.266
[2026-06-30 07:48:35] [INFO] [xgboost_v2] [VERIFY] XGBOOST PREDICTION p_win=0.266 available=True
[2026-06-30 07:48:35] [INFO] [main] [VERIFY][DECISION_TRUTH] bias=bearish score=76.9 confidence=0.753 vote=SELL risk_passed=True sl_tp_calculated=True position_size=0.1 xgboost_p_win=0.26619550585746765 final_decision_valid=False reject_reason=p_win<threshold (p_win=0.266 threshold=0.6)
[2026-06-30 07:48:35] [INFO] [main] --- GBPUSD ---
[2026-06-30 07:48:39] [WARNING] [deepseek] DeepSeek empty response: finish_reason=length, raw={"id":"2d047cad-30fc-45b2-8cd7-5b668ada4d8e","object":"chat.completion","created":1782794915,"model":"deepseek-v4-flash","choices":[{"index":0,"message":{"role":"assistant","content":"","reasoning_content":"We need to analyze the market context and news for GBPUSD. Market: uptrend on H4/H1/M15, RSI 
[2026-06-30 07:48:46] [INFO] [deepseek] DEEPSEEK OK: {
  "impact_score": 65,
  "bias": "bullish",
  "confidence": 0.7,
  "reason": "الاتجاه صاعد قوي على ...
[2026-06-30 07:48:46] [INFO] [deepseek] AI GBPUSD: bias=bullish impact=65.0 conf=0.70
[2026-06-30 07:48:46] [INFO] [signal_engine] [VERIFY] SIGNAL_INPUT bias=bullish score=65.0 confidence=0.7
[2026-06-30 07:48:46] [INFO] [signal_engine] [VERIFY] SIGNAL_RULE rule=confidence>=0.60 actual=0.7 result=True
[2026-06-30 07:48:46] [INFO] [signal_engine] [VERIFY] SIGNAL_RULE rule=score>=55 actual=65.0 result=True
[2026-06-30 07:48:46] [INFO] [signal_engine] [VERIFY] SIGNAL_RULE rule=bias in [bullish,bearish] actual=bullish result=True
[2026-06-30 07:48:46] [INFO] [signal_engine] [VERIFY] SIGNAL_FINAL direction=BUY score=65.0 confidence=0.7 valid=True
[2026-06-30 07:48:46] [DEBUG] [signal_engine] Signal: BUY score=65.0 conf=0.70 strength=متوسط valid=True
[2026-06-30 07:48:46] [INFO] [sentiment] Sentiment GBPUSD: bearish score=100 bull=0 bear=1
[2026-06-30 07:48:46] [DEBUG] [mtf] MTF (snapshot) GBPUSD: H4=bullish H1=bullish M15=bullish aligned=True (strong)
[2026-06-30 07:48:46] [INFO] [main] [VERIFY][DATA_TRUTH] symbol=GBPUSD timeframe=H4/H1/M15 news_fetched=True indicators_fetched=True live_data=True cached=False
[2026-06-30 07:48:46] [INFO] [voting_engine] GBPUSD: MTF strongly aligned, boosting score 10%
[2026-06-30 07:48:46] [DEBUG] [hybrid_market_client] Fetching indicators for GBPUSD (QuantDinger only)
[2026-06-30 07:48:46] [DEBUG] [market_client] Candles GBPUSD 4H: 100 bars ✓
[2026-06-30 07:48:46] [DEBUG] [hybrid_market_client] ✓ Got live data from QuantDinger for GBPUSD
[2026-06-30 07:48:46] [DEBUG] [hybrid_market_client] Fetching indicators for GBPUSD (QuantDinger only)
[2026-06-30 07:48:46] [DEBUG] [market_client] Using cached candles for GBPUSD 4H (age: 0s)
[2026-06-30 07:48:46] [DEBUG] [hybrid_market_client] ✓ Got live data from QuantDinger for GBPUSD
[2026-06-30 07:48:46] [INFO] [sltp] SL/TP GBPUSD: entry=1.3234164714813232 atr=0.00224 sl=1.32005 tp=1.32902
[2026-06-30 07:48:46] [INFO] [position_sizing] Position size: 0.5 (equity=74612, risk=0.003, sl_dist=0.00337, score=96, cons_loss=0)
[2026-06-30 07:48:46] [DEBUG] [xgboost_v2] V2 predict: rsi=61.6 atr=0.00224 regime=TRENDING session=asia dir=BUY -> p_win=0.242
[2026-06-30 07:48:46] [INFO] [xgboost_v2] [VERIFY] XGBOOST PREDICTION p_win=0.242 available=True
[2026-06-30 07:48:46] [INFO] [main] [VERIFY][DECISION_TRUTH] bias=bullish score=96.5 confidence=1.0 vote=BUY risk_passed=True sl_tp_calculated=True position_size=0.5 xgboost_p_win=0.24176925420761108 final_decision_valid=False reject_reason=p_win<threshold (p_win=0.242 threshold=0.6)
[2026-06-30 07:48:46] [INFO] [adaptive_weights] EURUSD weights updated: {'ai': 0.239, 'trend': 0.239, 'momentum': 0.239, 'sentiment': 0.239, 'volatility': 0.043} | WR=13.6% PF=0
[2026-06-30 07:48:46] [INFO] [adaptive_weights] 🏆 أفضل زوج: EURUSD | WR=13.6% | PnL=190.0$
[2026-06-30 07:48:46] [INFO] [adaptive_weights] ⚠️ أسوأ زوج: XAUUSD | WR=0.0% | PnL=0.0$
[2026-06-30 07:48:46] [INFO] [main] Sleeping 1800s...
[2026-06-30 08:18:32] [INFO] [qd_client] Logged in to QuantDinger
[2026-06-30 08:18:46] [INFO] [main] ==================================================
[2026-06-30 08:18:46] [INFO] [main] Cycle 3 at 08:18:46
[2026-06-30 08:18:55] [INFO] [news_fetcher] Fetched 21 relevant news items
[2026-06-30 08:18:55] [INFO] [main] Equity: 74612.02$ | News: 21
[2026-06-30 08:18:55] [DEBUG] [hybrid_market_client] Fetching indicators for EURUSD (QuantDinger only)
[2026-06-30 08:18:56] [DEBUG] [market_client] Candles EURUSD 4H: 100 bars ✓
[2026-06-30 08:18:56] [DEBUG] [hybrid_market_client] ✓ Got live data from QuantDinger for EURUSD
[2026-06-30 08:18:56] [DEBUG] [hybrid_market_client] Fetching indicators for EURUSD (QuantDinger only)
[2026-06-30 08:18:56] [DEBUG] [market_client] Candles EURUSD 4H: 100 bars ✓
[2026-06-30 08:18:56] [DEBUG] [hybrid_market_client] ✓ Got live data from QuantDinger for EURUSD
[2026-06-30 08:18:56] [DEBUG] [hybrid_market_client] Fetching indicators for EURUSD (QuantDinger only)
[2026-06-30 08:18:56] [DEBUG] [market_client] Candles EURUSD 4H: 100 bars ✓
[2026-06-30 08:18:56] [DEBUG] [hybrid_market_client] ✓ Got live data from QuantDinger for EURUSD
[2026-06-30 08:18:56] [INFO] [market_snapshot_builder] [SNAPSHOT_BUILT] symbol=EURUSD tfs=H4,H1,M15
[2026-06-30 08:18:56] [DEBUG] [hybrid_market_client] Fetching indicators for XAUUSD (QuantDinger only)
[2026-06-30 08:18:56] [DEBUG] [market_client] Candles XAUUSD 4H: 100 bars ✓
[2026-06-30 08:18:56] [DEBUG] [hybrid_market_client] ✓ Got live data from QuantDinger for XAUUSD
[2026-06-30 08:18:56] [DEBUG] [hybrid_market_client] Fetching indicators for XAUUSD (QuantDinger only)
[2026-06-30 08:18:56] [DEBUG] [market_client] Candles XAUUSD 4H: 100 bars ✓
[2026-06-30 08:18:56] [DEBUG] [hybrid_market_client] ✓ Got live data from QuantDinger for XAUUSD
[2026-06-30 08:18:56] [DEBUG] [hybrid_market_client] Fetching indicators for XAUUSD (QuantDinger only)
[2026-06-30 08:18:56] [DEBUG] [market_client] Candles XAUUSD 4H: 100 bars ✓
[2026-06-30 08:18:56] [DEBUG] [hybrid_market_client] ✓ Got live data from QuantDinger for XAUUSD
[2026-06-30 08:18:56] [INFO] [market_snapshot_builder] [SNAPSHOT_BUILT] symbol=XAUUSD tfs=H4,H1,M15
[2026-06-30 08:18:56] [DEBUG] [hybrid_market_client] Fetching indicators for GBPUSD (QuantDinger only)
[2026-06-30 08:18:56] [DEBUG] [market_client] Candles GBPUSD 4H: 100 bars ✓
[2026-06-30 08:18:56] [DEBUG] [hybrid_market_client] ✓ Got live data from QuantDinger for GBPUSD
[2026-06-30 08:18:56] [DEBUG] [hybrid_market_client] Fetching indicators for GBPUSD (QuantDinger only)
[2026-06-30 08:18:56] [DEBUG] [market_client] Candles GBPUSD 4H: 100 bars ✓
[2026-06-30 08:18:56] [DEBUG] [hybrid_market_client] ✓ Got live data from QuantDinger for GBPUSD
[2026-06-30 08:18:56] [DEBUG] [hybrid_market_client] Fetching indicators for GBPUSD (QuantDinger only)
[2026-06-30 08:18:57] [DEBUG] [market_client] Candles GBPUSD 4H: 100 bars ✓
[2026-06-30 08:18:57] [DEBUG] [hybrid_market_client] ✓ Got live data from QuantDinger for GBPUSD
[2026-06-30 08:18:57] [INFO] [market_snapshot_builder] [SNAPSHOT_BUILT] symbol=GBPUSD tfs=H4,H1,M15
[2026-06-30 08:18:57] [INFO] [main] --- EURUSD ---
[2026-06-30 08:19:00] [INFO] [deepseek] DEEPSEEK OK: {
  "impact_score": 60,
  "bias": "bullish",
  "confidence": 0.7,
  "reason": "الاتجاه صاعد على جميع...
[2026-06-30 08:19:00] [INFO] [deepseek] AI EURUSD: bias=bullish impact=60.0 conf=0.70
[2026-06-30 08:19:00] [INFO] [signal_engine] [VERIFY] SIGNAL_INPUT bias=bullish score=60.0 confidence=0.7
[2026-06-30 08:19:00] [INFO] [signal_engine] [VERIFY] SIGNAL_RULE rule=confidence>=0.60 actual=0.7 result=True
[2026-06-30 08:19:00] [INFO] [signal_engine] [VERIFY] SIGNAL_RULE rule=score>=55 actual=60.0 result=True
[2026-06-30 08:19:00] [INFO] [signal_engine] [VERIFY] SIGNAL_RULE rule=bias in [bullish,bearish] actual=bullish result=True
[2026-06-30 08:19:00] [INFO] [signal_engine] [VERIFY] SIGNAL_FINAL direction=BUY score=60.0 confidence=0.7 valid=True
[2026-06-30 08:19:00] [DEBUG] [signal_engine] Signal: BUY score=60.0 conf=0.70 strength=متوسط valid=True
[2026-06-30 08:19:00] [INFO] [sentiment] Sentiment EURUSD: bullish score=88 bull=3 bear=1
[2026-06-30 08:19:00] [DEBUG] [mtf] MTF (snapshot) EURUSD: H4=bullish H1=bullish M15=bullish aligned=True (strong)
[2026-06-30 08:19:00] [INFO] [main] [VERIFY][DATA_TRUTH] symbol=EURUSD timeframe=H4/H1/M15 news_fetched=True indicators_fetched=True live_data=True cached=False
[2026-06-30 08:19:00] [INFO] [voting_engine] EURUSD: MTF strongly aligned, boosting score 10%
[2026-06-30 08:19:01] [DEBUG] [hybrid_market_client] Fetching indicators for EURUSD (QuantDinger only)
[2026-06-30 08:19:01] [DEBUG] [market_client] Candles EURUSD 4H: 100 bars ✓
[2026-06-30 08:19:01] [DEBUG] [hybrid_market_client] ✓ Got live data from QuantDinger for EURUSD
[2026-06-30 08:19:01] [DEBUG] [hybrid_market_client] Fetching indicators for EURUSD (QuantDinger only)
[2026-06-30 08:19:01] [DEBUG] [market_client] Using cached candles for EURUSD 4H (age: 0s)
[2026-06-30 08:19:01] [DEBUG] [hybrid_market_client] ✓ Got live data from QuantDinger for EURUSD
[2026-06-30 08:19:01] [INFO] [sltp] SL/TP EURUSD: entry=1.1394712924957275 atr=0.00216 sl=1.13623 tp=1.14488
[2026-06-30 08:19:01] [INFO] [position_sizing] Position size: 0.5 (equity=74612, risk=0.003, sl_dist=0.00324, score=96, cons_loss=0)
[2026-06-30 08:19:01] [DEBUG] [xgboost_v2] V2 predict: rsi=56.6 atr=0.00216 regime=TRENDING session=asia dir=BUY -> p_win=0.225
[2026-06-30 08:19:01] [INFO] [xgboost_v2] [VERIFY] XGBOOST PREDICTION p_win=0.225 available=True
[2026-06-30 08:19:01] [INFO] [main] [VERIFY][DECISION_TRUTH] bias=bullish score=96.4 confidence=1.0 vote=BUY risk_passed=True sl_tp_calculated=True position_size=0.5 xgboost_p_win=0.22537653148174286 final_decision_valid=False reject_reason=p_win<threshold (p_win=0.225 threshold=0.6)
[2026-06-30 08:19:01] [INFO] [main] --- XAUUSD ---
[2026-06-30 08:19:04] [INFO] [deepseek] DEEPSEEK OK: {"impact_score": 85, "bias": "bearish", "confidence": 0.85, "reason": "الذهب تحت ضغط مع قوة الدولار ...
[2026-06-30 08:19:04] [INFO] [deepseek] AI XAUUSD: bias=bearish impact=85.0 conf=0.85
[2026-06-30 08:19:04] [INFO] [signal_engine] [VERIFY] SIGNAL_INPUT bias=bearish score=85.0 confidence=0.85
[2026-06-30 08:19:04] [INFO] [signal_engine] [VERIFY] SIGNAL_RULE rule=confidence>=0.60 actual=0.85 result=True
[2026-06-30 08:19:04] [INFO] [signal_engine] [VERIFY] SIGNAL_RULE rule=score>=55 actual=85.0 result=True
[2026-06-30 08:19:04] [INFO] [signal_engine] [VERIFY] SIGNAL_RULE rule=bias in [bullish,bearish] actual=bearish result=True
[2026-06-30 08:19:04] [INFO] [signal_engine] [VERIFY] SIGNAL_FINAL direction=SELL score=85.0 confidence=0.85 valid=True
[2026-06-30 08:19:04] [DEBUG] [signal_engine] Signal: SELL score=85.0 conf=0.85 strength=قوي جداً valid=True
[2026-06-30 08:19:04] [INFO] [sentiment] Sentiment XAUUSD: neutral score=50 bull=1 bear=1
[2026-06-30 08:19:04] [DEBUG] [mtf] MTF (snapshot) XAUUSD: H4=bearish H1=neutral M15=neutral aligned=False (weak)
[2026-06-30 08:19:04] [INFO] [main] [VERIFY][DATA_TRUTH] symbol=XAUUSD timeframe=H4/H1/M15 news_fetched=True indicators_fetched=True live_data=True cached=False
[2026-06-30 08:19:04] [INFO] [voting_engine] XAUUSD: MTF weakly misaligned, reducing score 10%
[2026-06-30 08:19:04] [DEBUG] [hybrid_market_client] Fetching indicators for XAUUSD (QuantDinger only)
[2026-06-30 08:19:04] [DEBUG] [market_client] Candles XAUUSD 4H: 100 bars ✓
[2026-06-30 08:19:04] [DEBUG] [hybrid_market_client] ✓ Got live data from QuantDinger for XAUUSD
[2026-06-30 08:19:04] [DEBUG] [hybrid_market_client] Fetching indicators for XAUUSD (QuantDinger only)
[2026-06-30 08:19:04] [DEBUG] [market_client] Using cached candles for XAUUSD 4H (age: 0s)
[2026-06-30 08:19:04] [DEBUG] [hybrid_market_client] ✓ Got live data from QuantDinger for XAUUSD
[2026-06-30 08:19:04] [INFO] [sltp] SL/TP XAUUSD: entry=4002.10009765625 atr=37.07139 sl=4012.1001 tp=3909.42161
[2026-06-30 08:19:04] [INFO] [position_sizing] Position size: 0.1 (equity=74612, risk=0.002, sl_dist=10.00000, score=81, cons_loss=0)
[2026-06-30 08:19:04] [DEBUG] [xgboost_v2] V2 predict: rsi=46.9 atr=37.07139 regime=TRENDING session=asia dir=SELL -> p_win=0.266
[2026-06-30 08:19:04] [INFO] [xgboost_v2] [VERIFY] XGBOOST PREDICTION p_win=0.266 available=True
[2026-06-30 08:19:04] [INFO] [main] [VERIFY][DECISION_TRUTH] bias=bearish score=81.0 confidence=0.753 vote=SELL risk_passed=True sl_tp_calculated=True position_size=0.1 xgboost_p_win=0.26619550585746765 final_decision_valid=False reject_reason=p_win<threshold (p_win=0.266 threshold=0.6)
[2026-06-30 08:19:04] [INFO] [main] --- GBPUSD ---
[2026-06-30 08:19:08] [WARNING] [deepseek] DeepSeek empty response: finish_reason=length, raw={"id":"1f33eb4f-cdda-41a9-9687-c829ae03dbac","object":"chat.completion","created":1782796745,"model":"deepseek-v4-flash","choices":[{"index":0,"message":{"role":"assistant","content":"","reasoning_content":"We need to analyze the given data. Symbol: GBPUSD, current price 1.32328, RSI 61.13 (slightly
[2026-06-30 08:19:14] [INFO] [deepseek] DEEPSEEK OK: {"impact_score": 65, "bias": "bearish", "confidence": 0.7, "reason": "الأخبار تشير إلى قوة الدولار م...
[2026-06-30 08:19:14] [INFO] [deepseek] AI GBPUSD: bias=bearish impact=65.0 conf=0.70
[2026-06-30 08:19:14] [INFO] [signal_engine] [VERIFY] SIGNAL_INPUT bias=bearish score=65.0 confidence=0.7
[2026-06-30 08:19:14] [INFO] [signal_engine] [VERIFY] SIGNAL_RULE rule=confidence>=0.60 actual=0.7 result=True
[2026-06-30 08:19:14] [INFO] [signal_engine] [VERIFY] SIGNAL_RULE rule=score>=55 actual=65.0 result=True
[2026-06-30 08:19:14] [INFO] [signal_engine] [VERIFY] SIGNAL_RULE rule=bias in [bullish,bearish] actual=bearish result=True
[2026-06-30 08:19:14] [INFO] [signal_engine] [VERIFY] SIGNAL_FINAL direction=SELL score=65.0 confidence=0.7 valid=True
[2026-06-30 08:19:14] [DEBUG] [signal_engine] Signal: SELL score=65.0 conf=0.70 strength=متوسط valid=True
[2026-06-30 08:19:14] [INFO] [sentiment] Sentiment GBPUSD: bearish score=100 bull=0 bear=1
[2026-06-30 08:19:14] [DEBUG] [mtf] MTF (snapshot) GBPUSD: H4=bullish H1=bullish M15=bullish aligned=True (strong)
[2026-06-30 08:19:14] [INFO] [main] [VERIFY][DATA_TRUTH] symbol=GBPUSD timeframe=H4/H1/M15 news_fetched=True indicators_fetched=True live_data=True cached=False
[2026-06-30 08:19:14] [INFO] [voting_engine] GBPUSD: MTF strongly aligned, boosting score 10%
[2026-06-30 08:19:14] [DEBUG] [hybrid_market_client] Fetching indicators for GBPUSD (QuantDinger only)
[2026-06-30 08:19:14] [DEBUG] [market_client] Candles GBPUSD 4H: 100 bars ✓
[2026-06-30 08:19:14] [DEBUG] [hybrid_market_client] ✓ Got live data from QuantDinger for GBPUSD
[2026-06-30 08:19:14] [DEBUG] [hybrid_market_client] Fetching indicators for GBPUSD (QuantDinger only)
[2026-06-30 08:19:14] [DEBUG] [market_client] Using cached candles for GBPUSD 4H (age: 0s)
[2026-06-30 08:19:14] [DEBUG] [hybrid_market_client] ✓ Got live data from QuantDinger for GBPUSD
[2026-06-30 08:19:14] [INFO] [sltp] SL/TP GBPUSD: entry=1.323276400566101 atr=0.00227 sl=1.31987 tp=1.32896
[2026-06-30 08:19:14] [INFO] [position_sizing] Position size: 0.5 (equity=74612, risk=0.001, sl_dist=0.00341, score=56, cons_loss=0)
[2026-06-30 08:19:14] [DEBUG] [xgboost_v2] V2 predict: rsi=61.1 atr=0.00227 regime=TRENDING session=asia dir=BUY -> p_win=0.242
[2026-06-30 08:19:14] [INFO] [xgboost_v2] [VERIFY] XGBOOST PREDICTION p_win=0.242 available=True
[2026-06-30 08:19:14] [INFO] [main] [VERIFY][DECISION_TRUTH] bias=bearish score=55.7 confidence=0.554 vote=BUY risk_passed=True sl_tp_calculated=True position_size=0.5 xgboost_p_win=0.24176925420761108 final_decision_valid=False reject_reason=p_win<threshold (p_win=0.242 threshold=0.6)
[2026-06-30 08:19:14] [INFO] [adaptive_weights] EURUSD weights updated: {'ai': 0.239, 'trend': 0.239, 'momentum': 0.239, 'sentiment': 0.239, 'volatility': 0.043} | WR=13.6% PF=0
[2026-06-30 08:19:14] [INFO] [adaptive_weights] 🏆 أفضل زوج: EURUSD | WR=13.6% | PnL=190.0$
[2026-06-30 08:19:14] [INFO] [adaptive_weights] ⚠️ أسوأ زوج: XAUUSD | WR=0.0% | PnL=0.0$
[2026-06-30 08:19:14] [INFO] [main] Sleeping 1800s...
[2026-06-30 08:26:34] [ERROR] [telegram_bot] Updates error: HTTPSConnectionPool(host='api.telegram.org', port=443): Read timed out. (read timeout=35)
[2026-06-30 08:49:14] [INFO] [main] ==================================================
[2026-06-30 08:49:14] [INFO] [main] Cycle 4 at 08:49:14
[2026-06-30 08:49:25] [INFO] [news_fetcher] Fetched 22 relevant news items
[2026-06-30 08:49:25] [INFO] [main] Equity: 74612.02$ | News: 22
[2026-06-30 08:49:25] [DEBUG] [hybrid_market_client] Fetching indicators for EURUSD (QuantDinger only)
[2026-06-30 08:49:25] [DEBUG] [market_client] Candles EURUSD 4H: 100 bars ✓
[2026-06-30 08:49:25] [DEBUG] [hybrid_market_client] ✓ Got live data from QuantDinger for EURUSD
[2026-06-30 08:49:25] [DEBUG] [hybrid_market_client] Fetching indicators for EURUSD (QuantDinger only)
[2026-06-30 08:49:25] [DEBUG] [market_client] Candles EURUSD 4H: 100 bars ✓
[2026-06-30 08:49:25] [DEBUG] [hybrid_market_client] ✓ Got live data from QuantDinger for EURUSD
[2026-06-30 08:49:25] [DEBUG] [hybrid_market_client] Fetching indicators for EURUSD (QuantDinger only)
[2026-06-30 08:49:25] [DEBUG] [market_client] Candles EURUSD 4H: 100 bars ✓
[2026-06-30 08:49:25] [DEBUG] [hybrid_market_client] ✓ Got live data from QuantDinger for EURUSD
[2026-06-30 08:49:25] [INFO] [market_snapshot_builder] [SNAPSHOT_BUILT] symbol=EURUSD tfs=H4,H1,M15
[2026-06-30 08:49:25] [DEBUG] [hybrid_market_client] Fetching indicators for XAUUSD (QuantDinger only)
[2026-06-30 08:49:26] [DEBUG] [market_client] Candles XAUUSD 4H: 100 bars ✓
[2026-06-30 08:49:26] [DEBUG] [hybrid_market_client] ✓ Got live data from QuantDinger for XAUUSD
[2026-06-30 08:49:26] [DEBUG] [hybrid_market_client] Fetching indicators for XAUUSD (QuantDinger only)
[2026-06-30 08:49:26] [DEBUG] [market_client] Candles XAUUSD 4H: 100 bars ✓
[2026-06-30 08:49:26] [DEBUG] [hybrid_market_client] ✓ Got live data from QuantDinger for XAUUSD
[2026-06-30 08:49:26] [DEBUG] [hybrid_market_client] Fetching indicators for XAUUSD (QuantDinger only)
[2026-06-30 08:49:26] [DEBUG] [market_client] Candles XAUUSD 4H: 100 bars ✓
[2026-06-30 08:49:26] [DEBUG] [hybrid_market_client] ✓ Got live data from QuantDinger for XAUUSD
[2026-06-30 08:49:26] [INFO] [market_snapshot_builder] [SNAPSHOT_BUILT] symbol=XAUUSD tfs=H4,H1,M15
[2026-06-30 08:49:26] [DEBUG] [hybrid_market_client] Fetching indicators for GBPUSD (QuantDinger only)
[2026-06-30 08:49:26] [DEBUG] [market_client] Candles GBPUSD 4H: 100 bars ✓
[2026-06-30 08:49:26] [DEBUG] [hybrid_market_client] ✓ Got live data from QuantDinger for GBPUSD
[2026-06-30 08:49:26] [DEBUG] [hybrid_market_client] Fetching indicators for GBPUSD (QuantDinger only)
[2026-06-30 08:49:26] [DEBUG] [market_client] Candles GBPUSD 4H: 100 bars ✓
[2026-06-30 08:49:26] [DEBUG] [hybrid_market_client] ✓ Got live data from QuantDinger for GBPUSD
[2026-06-30 08:49:26] [DEBUG] [hybrid_market_client] Fetching indicators for GBPUSD (QuantDinger only)
[2026-06-30 08:49:26] [DEBUG] [market_client] Candles GBPUSD 4H: 100 bars ✓
[2026-06-30 08:49:26] [DEBUG] [hybrid_market_client] ✓ Got live data from QuantDinger for GBPUSD
[2026-06-30 08:49:26] [INFO] [market_snapshot_builder] [SNAPSHOT_BUILT] symbol=GBPUSD tfs=H4,H1,M15
[2026-06-30 08:49:26] [INFO] [main] --- EURUSD ---
[2026-06-30 08:49:30] [INFO] [deepseek] DEEPSEEK OK: {
  "impact_score": 60,
  "bias": "bullish",
  "confidence": 0.7,
  "reason": "الاتجاه الصاعد يدعم ا...
[2026-06-30 08:49:30] [INFO] [deepseek] AI EURUSD: bias=bullish impact=60.0 conf=0.70
[2026-06-30 08:49:30] [INFO] [signal_engine] [VERIFY] SIGNAL_INPUT bias=bullish score=60.0 confidence=0.7
[2026-06-30 08:49:30] [INFO] [signal_engine] [VERIFY] SIGNAL_RULE rule=confidence>=0.60 actual=0.7 result=True
[2026-06-30 08:49:30] [INFO] [signal_engine] [VERIFY] SIGNAL_RULE rule=score>=55 actual=60.0 result=True
[2026-06-30 08:49:30] [INFO] [signal_engine] [VERIFY] SIGNAL_RULE rule=bias in [bullish,bearish] actual=bullish result=True
[2026-06-30 08:49:30] [INFO] [signal_engine] [VERIFY] SIGNAL_FINAL direction=BUY score=60.0 confidence=0.7 valid=True
[2026-06-30 08:49:30] [DEBUG] [signal_engine] Signal: BUY score=60.0 conf=0.70 strength=متوسط valid=True
[2026-06-30 08:49:30] [INFO] [sentiment] Sentiment EURUSD: bullish score=100 bull=5 bear=0
[2026-06-30 08:49:30] [DEBUG] [mtf] MTF (snapshot) EURUSD: H4=bullish H1=bullish M15=bullish aligned=True (strong)
[2026-06-30 08:49:30] [INFO] [main] [VERIFY][DATA_TRUTH] symbol=EURUSD timeframe=H4/H1/M15 news_fetched=True indicators_fetched=True live_data=True cached=False
[2026-06-30 08:49:30] [INFO] [voting_engine] EURUSD: MTF strongly aligned, boosting score 10%
[2026-06-30 08:49:30] [DEBUG] [hybrid_market_client] Fetching indicators for EURUSD (QuantDinger only)
[2026-06-30 08:49:30] [DEBUG] [market_client] Candles EURUSD 4H: 100 bars ✓
[2026-06-30 08:49:30] [DEBUG] [hybrid_market_client] ✓ Got live data from QuantDinger for EURUSD
[2026-06-30 08:49:30] [DEBUG] [hybrid_market_client] Fetching indicators for EURUSD (QuantDinger only)
[2026-06-30 08:49:30] [DEBUG] [market_client] Using cached candles for EURUSD 4H (age: 0s)
[2026-06-30 08:49:30] [DEBUG] [hybrid_market_client] ✓ Got live data from QuantDinger for EURUSD
[2026-06-30 08:49:30] [INFO] [sltp] SL/TP EURUSD: entry=1.1394712924957275 atr=0.00216 sl=1.13623 tp=1.14488
[2026-06-30 08:49:30] [INFO] [position_sizing] Position size: 0.5 (equity=74612, risk=0.003, sl_dist=0.00324, score=100, cons_loss=0)
[2026-06-30 08:49:30] [DEBUG] [xgboost_v2] V2 predict: rsi=56.6 atr=0.00216 regime=TRENDING session=asia dir=BUY -> p_win=0.225
[2026-06-30 08:49:30] [INFO] [xgboost_v2] [VERIFY] XGBOOST PREDICTION p_win=0.225 available=True
[2026-06-30 08:49:30] [INFO] [main] [VERIFY][DECISION_TRUTH] bias=bullish score=100 confidence=1.0 vote=BUY risk_passed=True sl_tp_calculated=True position_size=0.5 xgboost_p_win=0.22537653148174286 final_decision_valid=False reject_reason=p_win<threshold (p_win=0.225 threshold=0.6)
[2026-06-30 08:49:30] [INFO] [main] --- XAUUSD ---
[2026-06-30 08:49:34] [INFO] [deepseek] DEEPSEEK OK: {
  "impact_score": 65,
  "bias": "bearish",
  "confidence": 0.75,
  "reason": "الاتجاه هابط بقوة عل...
[2026-06-30 08:49:34] [INFO] [deepseek] AI XAUUSD: bias=bearish impact=65.0 conf=0.75
[2026-06-30 08:49:34] [INFO] [signal_engine] [VERIFY] SIGNAL_INPUT bias=bearish score=65.0 confidence=0.75
[2026-06-30 08:49:34] [INFO] [signal_engine] [VERIFY] SIGNAL_RULE rule=confidence>=0.60 actual=0.75 result=True
[2026-06-30 08:49:34] [INFO] [signal_engine] [VERIFY] SIGNAL_RULE rule=score>=55 actual=65.0 result=True
[2026-06-30 08:49:34] [INFO] [signal_engine] [VERIFY] SIGNAL_RULE rule=bias in [bullish,bearish] actual=bearish result=True
[2026-06-30 08:49:34] [INFO] [signal_engine] [VERIFY] SIGNAL_FINAL direction=SELL score=65.0 confidence=0.75 valid=True
[2026-06-30 08:49:34] [DEBUG] [signal_engine] Signal: SELL score=65.0 conf=0.75 strength=متوسط valid=True
[2026-06-30 08:49:34] [INFO] [sentiment] Sentiment XAUUSD: neutral score=50 bull=1 bear=1
[2026-06-30 08:49:34] [DEBUG] [mtf] MTF (snapshot) XAUUSD: H4=bearish H1=neutral M15=neutral aligned=False (weak)
[2026-06-30 08:49:34] [INFO] [main] [VERIFY][DATA_TRUTH] symbol=XAUUSD timeframe=H4/H1/M15 news_fetched=True indicators_fetched=True live_data=True cached=False
[2026-06-30 08:49:34] [INFO] [voting_engine] XAUUSD: MTF weakly misaligned, reducing score 10%
[2026-06-30 08:49:34] [DEBUG] [hybrid_market_client] Fetching indicators for XAUUSD (QuantDinger only)
[2026-06-30 08:49:34] [DEBUG] [market_client] Candles XAUUSD 4H: 100 bars ✓
[2026-06-30 08:49:34] [DEBUG] [hybrid_market_client] ✓ Got live data from QuantDinger for XAUUSD
[2026-06-30 08:49:34] [DEBUG] [hybrid_market_client] Fetching indicators for XAUUSD (QuantDinger only)
[2026-06-30 08:49:34] [DEBUG] [market_client] Using cached candles for XAUUSD 4H (age: 0s)
[2026-06-30 08:49:34] [DEBUG] [hybrid_market_client] ✓ Got live data from QuantDinger for XAUUSD
[2026-06-30 08:49:34] [INFO] [sltp] SL/TP XAUUSD: entry=3994.5 atr=37.07139 sl=4004.5 tp=3901.82152
[2026-06-30 08:49:35] [INFO] [position_sizing] Position size: 0.1 (equity=74612, risk=0.001, sl_dist=10.00000, score=72, cons_loss=0)
[2026-06-30 08:49:35] [DEBUG] [xgboost_v2] V2 predict: rsi=45.3 atr=37.07139 regime=TRENDING session=asia dir=SELL -> p_win=0.259
[2026-06-30 08:49:35] [INFO] [xgboost_v2] [VERIFY] XGBOOST PREDICTION p_win=0.259 available=True
[2026-06-30 08:49:35] [INFO] [main] [VERIFY][DECISION_TRUTH] bias=bearish score=72.2 confidence=0.664 vote=SELL risk_passed=True sl_tp_calculated=True position_size=0.1 xgboost_p_win=0.25927937030792236 final_decision_valid=False reject_reason=p_win<threshold (p_win=0.259 threshold=0.6)
[2026-06-30 08:49:35] [INFO] [main] --- GBPUSD ---
[2026-06-30 08:49:41] [INFO] [deepseek] DEEPSEEK OK: {"impact_score": 50, "bias": "bullish", "confidence": 0.6, "reason": "الاتجاه صاعد والمؤشرات الفنية ...
[2026-06-30 08:49:41] [INFO] [deepseek] AI GBPUSD: bias=bullish impact=50.0 conf=0.60
[2026-06-30 08:49:41] [INFO] [signal_engine] [VERIFY] SIGNAL_INPUT bias=bullish score=50.0 confidence=0.6
[2026-06-30 08:49:41] [INFO] [signal_engine] [VERIFY] SIGNAL_RULE rule=confidence>=0.60 actual=0.6 result=True
[2026-06-30 08:49:41] [INFO] [signal_engine] [VERIFY] SIGNAL_RULE rule=score>=55 actual=50.0 result=False
[2026-06-30 08:49:41] [INFO] [signal_engine] [VERIFY] SIGNAL_RULE rule=bias in [bullish,bearish] actual=bullish result=True
[2026-06-30 08:49:41] [INFO] [signal_engine] [VERIFY] SIGNAL_FINAL direction=BUY score=50.0 confidence=0.6 valid=False
[2026-06-30 08:49:41] [INFO] [signal_engine] [VERIFY] SIGNAL_FAILURE_REASONS
[2026-06-30 08:49:41] [INFO] [signal_engine] * score below threshold
[2026-06-30 08:49:41] [INFO] [signal_engine] [VERIFY] SIGNAL_FAILURE_LOCATION file=F:\files (2)\google\botdd\trading_bot_v3\decision\signal_engine.py function=generate_signal
[2026-06-30 08:49:41] [DEBUG] [signal_engine] Signal: BUY score=50.0 conf=0.60 strength=ضعيف valid=False
[2026-06-30 08:49:41] [INFO] [sentiment] Sentiment GBPUSD: bearish score=100 bull=0 bear=1
[2026-06-30 08:49:41] [DEBUG] [mtf] MTF (snapshot) GBPUSD: H4=bullish H1=bullish M15=bullish aligned=True (strong)
[2026-06-30 08:49:41] [INFO] [main] [VERIFY][DATA_TRUTH] symbol=GBPUSD timeframe=H4/H1/M15 news_fetched=True indicators_fetched=True live_data=True cached=False
[2026-06-30 08:49:41] [INFO] [voting_engine] GBPUSD: MTF strongly aligned, boosting score 10%
[2026-06-30 08:49:41] [DEBUG] [hybrid_market_client] Fetching indicators for GBPUSD (QuantDinger only)
[2026-06-30 08:49:41] [DEBUG] [market_client] Candles GBPUSD 4H: 100 bars ✓
[2026-06-30 08:49:41] [DEBUG] [hybrid_market_client] ✓ Got live data from QuantDinger for GBPUSD
[2026-06-30 08:49:41] [DEBUG] [hybrid_market_client] Fetching indicators for GBPUSD (QuantDinger only)
[2026-06-30 08:49:41] [DEBUG] [market_client] Using cached candles for GBPUSD 4H (age: 0s)
[2026-06-30 08:49:41] [DEBUG] [hybrid_market_client] ✓ Got live data from QuantDinger for GBPUSD
[2026-06-30 08:49:41] [INFO] [sltp] SL/TP GBPUSD: entry=1.323083758354187 atr=0.00227 sl=1.31967 tp=1.32877
[2026-06-30 08:49:41] [INFO] [position_sizing] Position size: 0.5 (equity=74612, risk=0.002, sl_dist=0.00341, score=89, cons_loss=0)
[2026-06-30 08:49:41] [DEBUG] [xgboost_v2] V2 predict: rsi=60.5 atr=0.00227 regime=TRENDING session=asia dir=BUY -> p_win=0.242
[2026-06-30 08:49:41] [INFO] [xgboost_v2] [VERIFY] XGBOOST PREDICTION p_win=0.242 available=True
[2026-06-30 08:49:41] [INFO] [main] [VERIFY][DECISION_TRUTH] bias=bullish score=88.7 confidence=0.911 vote=BUY risk_passed=True sl_tp_calculated=True position_size=0.5 xgboost_p_win=0.24176925420761108 final_decision_valid=False reject_reason=p_win<threshold (p_win=0.242 threshold=0.6)
[2026-06-30 08:49:41] [INFO] [adaptive_weights] EURUSD weights updated: {'ai': 0.239, 'trend': 0.239, 'momentum': 0.239, 'sentiment': 0.239, 'volatility': 0.043} | WR=13.6% PF=0
[2026-06-30 08:49:41] [INFO] [adaptive_weights] 🏆 أفضل زوج: EURUSD | WR=13.6% | PnL=190.0$
[2026-06-30 08:49:41] [INFO] [adaptive_weights] ⚠️ أسوأ زوج: XAUUSD | WR=0.0% | PnL=0.0$
[2026-06-30 08:49:41] [INFO] [main] Sleeping 1800s...
[2026-06-30 09:18:34] [INFO] [qd_client] Logged in to QuantDinger
[2026-06-30 09:19:41] [INFO] [main] ==================================================
[2026-06-30 09:19:41] [INFO] [main] Cycle 5 at 09:19:41
[2026-06-30 09:19:52] [INFO] [news_fetcher] Fetched 20 relevant news items
[2026-06-30 09:19:52] [INFO] [main] Equity: 74612.02$ | News: 20
[2026-06-30 09:19:52] [DEBUG] [hybrid_market_client] Fetching indicators for EURUSD (QuantDinger only)
[2026-06-30 09:19:52] [DEBUG] [market_client] Candles EURUSD 4H: 100 bars ✓
[2026-06-30 09:19:52] [DEBUG] [hybrid_market_client] ✓ Got live data from QuantDinger for EURUSD
[2026-06-30 09:19:52] [DEBUG] [hybrid_market_client] Fetching indicators for EURUSD (QuantDinger only)
[2026-06-30 09:19:52] [DEBUG] [market_client] Candles EURUSD 4H: 100 bars ✓
[2026-06-30 09:19:52] [DEBUG] [hybrid_market_client] ✓ Got live data from QuantDinger for EURUSD
[2026-06-30 09:19:52] [DEBUG] [hybrid_market_client] Fetching indicators for EURUSD (QuantDinger only)
[2026-06-30 09:19:52] [DEBUG] [market_client] Candles EURUSD 4H: 100 bars ✓
[2026-06-30 09:19:52] [DEBUG] [hybrid_market_client] ✓ Got live data from QuantDinger for EURUSD
[2026-06-30 09:19:52] [INFO] [market_snapshot_builder] [SNAPSHOT_BUILT] symbol=EURUSD tfs=H4,H1,M15
[2026-06-30 09:19:52] [DEBUG] [hybrid_market_client] Fetching indicators for XAUUSD (QuantDinger only)
[2026-06-30 09:19:53] [DEBUG] [market_client] Candles XAUUSD 4H: 100 bars ✓
[2026-06-30 09:19:53] [DEBUG] [hybrid_market_client] ✓ Got live data from QuantDinger for XAUUSD
[2026-06-30 09:19:53] [DEBUG] [hybrid_market_client] Fetching indicators for XAUUSD (QuantDinger only)
[2026-06-30 09:19:53] [DEBUG] [market_client] Candles XAUUSD 4H: 100 bars ✓
[2026-06-30 09:19:53] [DEBUG] [hybrid_market_client] ✓ Got live data from QuantDinger for XAUUSD
[2026-06-30 09:19:53] [DEBUG] [hybrid_market_client] Fetching indicators for XAUUSD (QuantDinger only)
[2026-06-30 09:19:53] [DEBUG] [market_client] Candles XAUUSD 4H: 100 bars ✓
[2026-06-30 09:19:53] [DEBUG] [hybrid_market_client] ✓ Got live data from QuantDinger for XAUUSD
[2026-06-30 09:19:53] [INFO] [market_snapshot_builder] [SNAPSHOT_BUILT] symbol=XAUUSD tfs=H4,H1,M15
[2026-06-30 09:19:53] [DEBUG] [hybrid_market_client] Fetching indicators for GBPUSD (QuantDinger only)
[2026-06-30 09:19:53] [DEBUG] [market_client] Candles GBPUSD 4H: 100 bars ✓
[2026-06-30 09:19:53] [DEBUG] [hybrid_market_client] ✓ Got live data from QuantDinger for GBPUSD
[2026-06-30 09:19:53] [DEBUG] [hybrid_market_client] Fetching indicators for GBPUSD (QuantDinger only)
[2026-06-30 09:19:53] [DEBUG] [market_client] Candles GBPUSD 4H: 100 bars ✓
[2026-06-30 09:19:53] [DEBUG] [hybrid_market_client] ✓ Got live data from QuantDinger for GBPUSD
[2026-06-30 09:19:53] [DEBUG] [hybrid_market_client] Fetching indicators for GBPUSD (QuantDinger only)
[2026-06-30 09:19:53] [DEBUG] [market_client] Candles GBPUSD 4H: 100 bars ✓
[2026-06-30 09:19:53] [DEBUG] [hybrid_market_client] ✓ Got live data from QuantDinger for GBPUSD
[2026-06-30 09:19:53] [INFO] [market_snapshot_builder] [SNAPSHOT_BUILT] symbol=GBPUSD tfs=H4,H1,M15
[2026-06-30 09:19:53] [INFO] [main] --- EURUSD ---
[2026-06-30 09:19:57] [INFO] [deepseek] DEEPSEEK OK: {
  "impact_score": 65,
  "bias": "bullish",
  "confidence": 0.7,
  "reason": "الاتجاه الصاعد على جم...
[2026-06-30 09:19:57] [INFO] [deepseek] AI EURUSD: bias=bullish impact=65.0 conf=0.70
[2026-06-30 09:19:57] [INFO] [signal_engine] [VERIFY] SIGNAL_INPUT bias=bullish score=65.0 confidence=0.7
[2026-06-30 09:19:57] [INFO] [signal_engine] [VERIFY] SIGNAL_RULE rule=confidence>=0.60 actual=0.7 result=True
[2026-06-30 09:19:57] [INFO] [signal_engine] [VERIFY] SIGNAL_RULE rule=score>=55 actual=65.0 result=True
[2026-06-30 09:19:57] [INFO] [signal_engine] [VERIFY] SIGNAL_RULE rule=bias in [bullish,bearish] actual=bullish result=True
[2026-06-30 09:19:57] [INFO] [signal_engine] [VERIFY] SIGNAL_FINAL direction=BUY score=65.0 confidence=0.7 valid=True
[2026-06-30 09:19:57] [DEBUG] [signal_engine] Signal: BUY score=65.0 conf=0.70 strength=متوسط valid=True
[2026-06-30 09:19:57] [INFO] [sentiment] Sentiment EURUSD: bullish score=100 bull=5 bear=0
[2026-06-30 09:19:57] [DEBUG] [mtf] MTF (snapshot) EURUSD: H4=bullish H1=bullish M15=bullish aligned=True (strong)
[2026-06-30 09:19:57] [INFO] [main] [VERIFY][DATA_TRUTH] symbol=EURUSD timeframe=H4/H1/M15 news_fetched=True indicators_fetched=True live_data=True cached=False
[2026-06-30 09:19:57] [INFO] [voting_engine] EURUSD: MTF strongly aligned, boosting score 10%
[2026-06-30 09:19:57] [DEBUG] [hybrid_market_client] Fetching indicators for EURUSD (QuantDinger only)
[2026-06-30 09:19:57] [DEBUG] [market_client] Candles EURUSD 4H: 100 bars ✓
[2026-06-30 09:19:57] [DEBUG] [hybrid_market_client] ✓ Got live data from QuantDinger for EURUSD
[2026-06-30 09:19:57] [DEBUG] [hybrid_market_client] Fetching indicators for EURUSD (QuantDinger only)
[2026-06-30 09:19:57] [DEBUG] [market_client] Using cached candles for EURUSD 4H (age: 0s)
[2026-06-30 09:19:57] [DEBUG] [hybrid_market_client] ✓ Got live data from QuantDinger for EURUSD
[2026-06-30 09:19:57] [INFO] [sltp] SL/TP EURUSD: entry=1.1393414735794067 atr=0.00219 sl=1.13605 tp=1.14482
[2026-06-30 09:19:57] [INFO] [position_sizing] Position size: 0.5 (equity=74612, risk=0.003, sl_dist=0.00329, score=100, cons_loss=0)
[2026-06-30 09:19:57] [DEBUG] [xgboost_v2] V2 predict: rsi=56.1 atr=0.00219 regime=TRENDING session=asia dir=BUY -> p_win=0.231
[2026-06-30 09:19:57] [INFO] [xgboost_v2] [VERIFY] XGBOOST PREDICTION p_win=0.231 available=True
[2026-06-30 09:19:57] [INFO] [main] [VERIFY][DECISION_TRUTH] bias=bullish score=100 confidence=1.0 vote=BUY risk_passed=True sl_tp_calculated=True position_size=0.5 xgboost_p_win=0.23095637559890747 final_decision_valid=False reject_reason=p_win<threshold (p_win=0.231 threshold=0.6)
[2026-06-30 09:19:57] [INFO] [main] --- XAUUSD ---
[2026-06-30 09:20:01] [INFO] [deepseek] DEEPSEEK OK: {"impact_score": 60, "bias": "bearish", "confidence": 0.75, "reason": "الاتجاه هبوطي قوي مع قوة الدو...
[2026-06-30 09:20:01] [INFO] [deepseek] AI XAUUSD: bias=bearish impact=60.0 conf=0.75
[2026-06-30 09:20:01] [INFO] [signal_engine] [VERIFY] SIGNAL_INPUT bias=bearish score=60.0 confidence=0.75
[2026-06-30 09:20:01] [INFO] [signal_engine] [VERIFY] SIGNAL_RULE rule=confidence>=0.60 actual=0.75 result=True
[2026-06-30 09:20:01] [INFO] [signal_engine] [VERIFY] SIGNAL_RULE rule=score>=55 actual=60.0 result=True
[2026-06-30 09:20:01] [INFO] [signal_engine] [VERIFY] SIGNAL_RULE rule=bias in [bullish,bearish] actual=bearish result=True
[2026-06-30 09:20:01] [INFO] [signal_engine] [VERIFY] SIGNAL_FINAL direction=SELL score=60.0 confidence=0.75 valid=True
[2026-06-30 09:20:01] [DEBUG] [signal_engine] Signal: SELL score=60.0 conf=0.75 strength=متوسط valid=True
[2026-06-30 09:20:01] [INFO] [sentiment] Sentiment XAUUSD: neutral score=50 bull=1 bear=1
[2026-06-30 09:20:01] [DEBUG] [mtf] MTF (snapshot) XAUUSD: H4=bearish H1=neutral M15=neutral aligned=False (weak)
[2026-06-30 09:20:01] [INFO] [main] [VERIFY][DATA_TRUTH] symbol=XAUUSD timeframe=H4/H1/M15 news_fetched=True indicators_fetched=True live_data=True cached=False
[2026-06-30 09:20:01] [INFO] [voting_engine] XAUUSD: MTF weakly misaligned, reducing score 10%
[2026-06-30 09:20:01] [DEBUG] [hybrid_market_client] Fetching indicators for XAUUSD (QuantDinger only)
[2026-06-30 09:20:01] [DEBUG] [market_client] Candles XAUUSD 4H: 100 bars ✓
[2026-06-30 09:20:01] [DEBUG] [hybrid_market_client] ✓ Got live data from QuantDinger for XAUUSD
[2026-06-30 09:20:01] [DEBUG] [hybrid_market_client] Fetching indicators for XAUUSD (QuantDinger only)
[2026-06-30 09:20:01] [DEBUG] [market_client] Using cached candles for XAUUSD 4H (age: 0s)
[2026-06-30 09:20:01] [DEBUG] [hybrid_market_client] ✓ Got live data from QuantDinger for XAUUSD
[2026-06-30 09:20:01] [INFO] [sltp] SL/TP XAUUSD: entry=4000.10009765625 atr=37.07139 sl=4010.1001 tp=3907.42161
[2026-06-30 09:20:01] [INFO] [position_sizing] Position size: 0.1 (equity=74612, risk=0.001, sl_dist=10.00000, score=70, cons_loss=0)
[2026-06-30 09:20:01] [DEBUG] [xgboost_v2] V2 predict: rsi=46.5 atr=37.07139 regime=TRENDING session=asia dir=SELL -> p_win=0.266
[2026-06-30 09:20:01] [INFO] [xgboost_v2] [VERIFY] XGBOOST PREDICTION p_win=0.266 available=True
[2026-06-30 09:20:01] [INFO] [main] [VERIFY][DECISION_TRUTH] bias=bearish score=70.3 confidence=0.664 vote=SELL risk_passed=True sl_tp_calculated=True position_size=0.1 xgboost_p_win=0.26619550585746765 final_decision_valid=False reject_reason=p_win<threshold (p_win=0.266 threshold=0.6)
[2026-06-30 09:20:01] [INFO] [main] --- GBPUSD ---
[2026-06-30 09:20:06] [INFO] [deepseek] DEEPSEEK OK: {
  "impact_score": 60,
  "bias": "bullish",
  "confidence": 0.75,
  "reason": "الاتجاه الصاعد قوي ع...
[2026-06-30 09:20:06] [INFO] [deepseek] AI GBPUSD: bias=bullish impact=60.0 conf=0.75
[2026-06-30 09:20:06] [INFO] [signal_engine] [VERIFY] SIGNAL_INPUT bias=bullish score=60.0 confidence=0.75
[2026-06-30 09:20:06] [INFO] [signal_engine] [VERIFY] SIGNAL_RULE rule=confidence>=0.60 actual=0.75 result=True
[2026-06-30 09:20:06] [INFO] [signal_engine] [VERIFY] SIGNAL_RULE rule=score>=55 actual=60.0 result=True
[2026-06-30 09:20:06] [INFO] [signal_engine] [VERIFY] SIGNAL_RULE rule=bias in [bullish,bearish] actual=bullish result=True
[2026-06-30 09:20:06] [INFO] [signal_engine] [VERIFY] SIGNAL_FINAL direction=BUY score=60.0 confidence=0.75 valid=True
[2026-06-30 09:20:06] [DEBUG] [signal_engine] Signal: BUY score=60.0 conf=0.75 strength=متوسط valid=True
[2026-06-30 09:20:06] [DEBUG] [mtf] MTF (snapshot) GBPUSD: H4=bullish H1=bullish M15=bullish aligned=True (strong)
[2026-06-30 09:20:06] [INFO] [main] [VERIFY][DATA_TRUTH] symbol=GBPUSD timeframe=H4/H1/M15 news_fetched=True indicators_fetched=True live_data=True cached=False
[2026-06-30 09:20:06] [INFO] [voting_engine] GBPUSD: MTF strongly aligned, boosting score 10%
[2026-06-30 09:20:06] [DEBUG] [hybrid_market_client] Fetching indicators for GBPUSD (QuantDinger only)
[2026-06-30 09:20:06] [DEBUG] [market_client] Candles GBPUSD 4H: 100 bars ✓
[2026-06-30 09:20:06] [DEBUG] [hybrid_market_client] ✓ Got live data from QuantDinger for GBPUSD
[2026-06-30 09:20:06] [DEBUG] [hybrid_market_client] Fetching indicators for GBPUSD (QuantDinger only)
[2026-06-30 09:20:06] [DEBUG] [market_client] Using cached candles for GBPUSD 4H (age: 0s)
[2026-06-30 09:20:06] [DEBUG] [hybrid_market_client] ✓ Got live data from QuantDinger for GBPUSD
[2026-06-30 09:20:06] [INFO] [sltp] SL/TP GBPUSD: entry=1.3231364488601685 atr=0.00231 sl=1.31968 tp=1.3289
[2026-06-30 09:20:06] [INFO] [position_sizing] Position size: 0.5 (equity=74612, risk=0.002, sl_dist=0.00346, score=86, cons_loss=0)
[2026-06-30 09:20:06] [DEBUG] [xgboost_v2] V2 predict: rsi=60.7 atr=0.00231 regime=TRENDING session=asia dir=BUY -> p_win=0.242
[2026-06-30 09:20:06] [INFO] [xgboost_v2] [VERIFY] XGBOOST PREDICTION p_win=0.242 available=True
[2026-06-30 09:20:06] [INFO] [main] [VERIFY][DECISION_TRUTH] bias=bullish score=86.5 confidence=1.0 vote=BUY risk_passed=True sl_tp_calculated=True position_size=0.5 xgboost_p_win=0.24176925420761108 final_decision_valid=False reject_reason=p_win<threshold (p_win=0.242 threshold=0.6)
[2026-06-30 09:20:06] [INFO] [adaptive_weights] EURUSD weights updated: {'ai': 0.239, 'trend': 0.239, 'momentum': 0.239, 'sentiment': 0.239, 'volatility': 0.043} | WR=13.6% PF=0
[2026-06-30 09:20:06] [INFO] [adaptive_weights] 🏆 أفضل زوج: EURUSD | WR=13.6% | PnL=190.0$
[2026-06-30 09:20:06] [INFO] [adaptive_weights] ⚠️ أسوأ زوج: XAUUSD | WR=0.0% | PnL=0.0$
[2026-06-30 09:20:06] [INFO] [main] Sleeping 1800s...
[2026-06-30 09:48:52] [INFO] [news_fetcher] Fetched 22 relevant news items
[2026-06-30 09:48:52] [DEBUG] [hybrid_market_client] Fetching indicators for EURUSD (QuantDinger only)
[2026-06-30 09:48:52] [DEBUG] [market_client] Candles EURUSD 4H: 100 bars ✓
[2026-06-30 09:48:52] [DEBUG] [hybrid_market_client] ✓ Got live data from QuantDinger for EURUSD
[2026-06-30 09:48:52] [DEBUG] [hybrid_market_client] Fetching indicators for EURUSD (QuantDinger only)
[2026-06-30 09:48:52] [DEBUG] [market_client] Candles EURUSD 4H: 100 bars ✓
[2026-06-30 09:48:52] [DEBUG] [hybrid_market_client] ✓ Got live data from QuantDinger for EURUSD
[2026-06-30 09:48:52] [DEBUG] [hybrid_market_client] Fetching indicators for EURUSD (QuantDinger only)
[2026-06-30 09:48:52] [DEBUG] [market_client] Candles EURUSD 4H: 100 bars ✓
[2026-06-30 09:48:52] [DEBUG] [hybrid_market_client] ✓ Got live data from QuantDinger for EURUSD
[2026-06-30 09:48:52] [INFO] [market_snapshot_builder] [SNAPSHOT_BUILT] symbol=EURUSD tfs=H4,H1,M15
[2026-06-30 09:48:52] [DEBUG] [hybrid_market_client] Fetching indicators for XAUUSD (QuantDinger only)
[2026-06-30 09:48:53] [DEBUG] [market_client] Candles XAUUSD 4H: 100 bars ✓
[2026-06-30 09:48:53] [DEBUG] [hybrid_market_client] ✓ Got live data from QuantDinger for XAUUSD
[2026-06-30 09:48:53] [DEBUG] [hybrid_market_client] Fetching indicators for XAUUSD (QuantDinger only)
[2026-06-30 09:48:53] [DEBUG] [market_client] Candles XAUUSD 4H: 100 bars ✓
[2026-06-30 09:48:53] [DEBUG] [hybrid_market_client] ✓ Got live data from QuantDinger for XAUUSD
[2026-06-30 09:48:53] [DEBUG] [hybrid_market_client] Fetching indicators for XAUUSD (QuantDinger only)
[2026-06-30 09:48:53] [DEBUG] [market_client] Candles XAUUSD 4H: 100 bars ✓
[2026-06-30 09:48:53] [DEBUG] [hybrid_market_client] ✓ Got live data from QuantDinger for XAUUSD
[2026-06-30 09:48:53] [INFO] [market_snapshot_builder] [SNAPSHOT_BUILT] symbol=XAUUSD tfs=H4,H1,M15
[2026-06-30 09:48:53] [DEBUG] [hybrid_market_client] Fetching indicators for GBPUSD (QuantDinger only)
[2026-06-30 09:48:53] [DEBUG] [market_client] Candles GBPUSD 4H: 100 bars ✓
[2026-06-30 09:48:53] [DEBUG] [hybrid_market_client] ✓ Got live data from QuantDinger for GBPUSD
[2026-06-30 09:48:53] [DEBUG] [hybrid_market_client] Fetching indicators for GBPUSD (QuantDinger only)
[2026-06-30 09:48:53] [DEBUG] [market_client] Candles GBPUSD 4H: 100 bars ✓
[2026-06-30 09:48:53] [DEBUG] [hybrid_market_client] ✓ Got live data from QuantDinger for GBPUSD
[2026-06-30 09:48:53] [DEBUG] [hybrid_market_client] Fetching indicators for GBPUSD (QuantDinger only)
[2026-06-30 09:48:53] [DEBUG] [market_client] Candles GBPUSD 4H: 100 bars ✓
[2026-06-30 09:48:53] [DEBUG] [hybrid_market_client] ✓ Got live data from QuantDinger for GBPUSD
[2026-06-30 09:48:53] [INFO] [market_snapshot_builder] [SNAPSHOT_BUILT] symbol=GBPUSD tfs=H4,H1,M15
[2026-06-30 09:48:57] [INFO] [deepseek] DEEPSEEK OK: {"impact_score": 65, "bias": "bullish", "confidence": 0.7, "reason": "ارتفاع مبيعات التجزئة الألماني...
[2026-06-30 09:48:57] [INFO] [deepseek] AI EURUSD: bias=bullish impact=65.0 conf=0.70
[2026-06-30 09:49:00] [INFO] [deepseek] DEEPSEEK OK: {
  "impact_score": 65,
  "bias": "bearish",
  "confidence": 0.75,
  "reason": "الاتجاه هابط بقوة عل...
[2026-06-30 09:49:00] [INFO] [deepseek] AI XAUUSD: bias=bearish impact=65.0 conf=0.75
[2026-06-30 09:49:05] [WARNING] [deepseek] DeepSeek empty response: finish_reason=length, raw={"id":"31726128-cae6-4cdb-b8ec-159605e7a1f1","object":"chat.completion","created":1782802141,"model":"deepseek-v4-flash","choices":[{"index":0,"message":{"role":"assistant","content":"","reasoning_content":"We need to analyze the given data. Symbol GBPUSD, current price 1.32443, RSI 64.04 (slightly 
[2026-06-30 09:49:15] [WARNING] [deepseek] DeepSeek truncated by max_tokens, finish_reason=length, content={

[2026-06-30 09:49:15] [WARNING] [deepseek] Retry 2: JSON incomplete/truncated, raw={

[2026-06-30 09:49:22] [WARNING] [deepseek] DeepSeek truncated by max_tokens, finish_reason=length, content={"impact_score": 65, "bias": "bearish", "confidence": 0.65, "reason": "الدولار قوي مقابل الين والي
[2026-06-30 09:49:22] [WARNING] [deepseek] Retry 1: JSON incomplete/truncated, raw={"impact_score": 65, "bias": "bearish", "confidence": 0.65, "reason": "الدولار قوي مقابل الين والي
[2026-06-30 09:49:27] [INFO] [deepseek] DEEPSEEK OK: {"impact_score": 65, "bias": "bullish", "confidence": 0.8, "reason": "الاتجاه صاعد بقوة على جميع الأ...
[2026-06-30 09:49:27] [INFO] [deepseek] AI GBPUSD: bias=bullish impact=65.0 conf=0.80
[2026-06-30 09:50:06] [INFO] [main] ==================================================
[2026-06-30 09:50:06] [INFO] [main] Cycle 6 at 09:50:06
[2026-06-30 09:50:07] [INFO] [main] Equity: 74612.02$ | News: 22
[2026-06-30 09:50:07] [DEBUG] [hybrid_market_client] Fetching indicators for EURUSD (QuantDinger only)
[2026-06-30 09:50:07] [DEBUG] [market_client] Using cached candles for EURUSD H4 (age: 74s)
[2026-06-30 09:50:07] [DEBUG] [hybrid_market_client] ✓ Got live data from QuantDinger for EURUSD
[2026-06-30 09:50:07] [DEBUG] [hybrid_market_client] Fetching indicators for EURUSD (QuantDinger only)
[2026-06-30 09:50:07] [DEBUG] [market_client] Using cached candles for EURUSD H1 (age: 74s)
[2026-06-30 09:50:07] [DEBUG] [hybrid_market_client] ✓ Got live data from QuantDinger for EURUSD
[2026-06-30 09:50:07] [DEBUG] [hybrid_market_client] Fetching indicators for EURUSD (QuantDinger only)
[2026-06-30 09:50:07] [DEBUG] [market_client] Using cached candles for EURUSD M15 (age: 74s)
[2026-06-30 09:50:07] [DEBUG] [hybrid_market_client] ✓ Got live data from QuantDinger for EURUSD
[2026-06-30 09:50:07] [INFO] [market_snapshot_builder] [SNAPSHOT_BUILT] symbol=EURUSD tfs=H4,H1,M15
[2026-06-30 09:50:07] [DEBUG] [hybrid_market_client] Fetching indicators for XAUUSD (QuantDinger only)
[2026-06-30 09:50:07] [DEBUG] [market_client] Using cached candles for XAUUSD H4 (age: 74s)
[2026-06-30 09:50:07] [DEBUG] [hybrid_market_client] ✓ Got live data from QuantDinger for XAUUSD
[2026-06-30 09:50:07] [DEBUG] [hybrid_market_client] Fetching indicators for XAUUSD (QuantDinger only)
[2026-06-30 09:50:07] [DEBUG] [market_client] Using cached candles for XAUUSD H1 (age: 74s)
[2026-06-30 09:50:07] [DEBUG] [hybrid_market_client] ✓ Got live data from QuantDinger for XAUUSD
[2026-06-30 09:50:07] [DEBUG] [hybrid_market_client] Fetching indicators for XAUUSD (QuantDinger only)
[2026-06-30 09:50:07] [DEBUG] [market_client] Using cached candles for XAUUSD M15 (age: 74s)
[2026-06-30 09:50:07] [DEBUG] [hybrid_market_client] ✓ Got live data from QuantDinger for XAUUSD
[2026-06-30 09:50:07] [INFO] [market_snapshot_builder] [SNAPSHOT_BUILT] symbol=XAUUSD tfs=H4,H1,M15
[2026-06-30 09:50:07] [DEBUG] [hybrid_market_client] Fetching indicators for GBPUSD (QuantDinger only)
[2026-06-30 09:50:07] [DEBUG] [market_client] Using cached candles for GBPUSD H4 (age: 74s)
[2026-06-30 09:50:07] [DEBUG] [hybrid_market_client] ✓ Got live data from QuantDinger for GBPUSD
[2026-06-30 09:50:07] [DEBUG] [hybrid_market_client] Fetching indicators for GBPUSD (QuantDinger only)
[2026-06-30 09:50:07] [DEBUG] [market_client] Using cached candles for GBPUSD H1 (age: 73s)
[2026-06-30 09:50:07] [DEBUG] [hybrid_market_client] ✓ Got live data from QuantDinger for GBPUSD
[2026-06-30 09:50:07] [DEBUG] [hybrid_market_client] Fetching indicators for GBPUSD (QuantDinger only)
[2026-06-30 09:50:07] [DEBUG] [market_client] Using cached candles for GBPUSD M15 (age: 73s)
[2026-06-30 09:50:07] [DEBUG] [hybrid_market_client] ✓ Got live data from QuantDinger for GBPUSD
[2026-06-30 09:50:07] [INFO] [market_snapshot_builder] [SNAPSHOT_BUILT] symbol=GBPUSD tfs=H4,H1,M15
[2026-06-30 09:50:07] [INFO] [main] --- EURUSD ---
[2026-06-30 09:50:11] [INFO] [deepseek] DEEPSEEK OK: {
  "impact_score": 65,
  "bias": "bullish",
  "confidence": 0.85,
  "reason": "ارتفاع مبيعات التجزئ...
[2026-06-30 09:50:11] [INFO] [deepseek] AI EURUSD: bias=bullish impact=65.0 conf=0.85
[2026-06-30 09:50:11] [INFO] [signal_engine] [VERIFY] SIGNAL_INPUT bias=bullish score=65.0 confidence=0.85
[2026-06-30 09:50:11] [INFO] [signal_engine] [VERIFY] SIGNAL_RULE rule=confidence>=0.60 actual=0.85 result=True
[2026-06-30 09:50:11] [INFO] [signal_engine] [VERIFY] SIGNAL_RULE rule=score>=55 actual=65.0 result=True
[2026-06-30 09:50:11] [INFO] [signal_engine] [VERIFY] SIGNAL_RULE rule=bias in [bullish,bearish] actual=bullish result=True
[2026-06-30 09:50:11] [INFO] [signal_engine] [VERIFY] SIGNAL_FINAL direction=BUY score=65.0 confidence=0.85 valid=True
[2026-06-30 09:50:11] [DEBUG] [signal_engine] Signal: BUY score=65.0 conf=0.85 strength=متوسط valid=True
[2026-06-30 09:50:11] [INFO] [sentiment] Sentiment EURUSD: bullish score=92 bull=5 bear=1
[2026-06-30 09:50:11] [DEBUG] [mtf] MTF (snapshot) EURUSD: H4=bullish H1=bullish M15=bullish aligned=True (strong)
[2026-06-30 09:50:11] [INFO] [main] [VERIFY][DATA_TRUTH] symbol=EURUSD timeframe=H4/H1/M15 news_fetched=True indicators_fetched=True live_data=True cached=False
[2026-06-30 09:50:11] [INFO] [voting_engine] EURUSD: MTF strongly aligned, boosting score 10%
[2026-06-30 09:50:11] [DEBUG] [hybrid_market_client] Fetching indicators for EURUSD (QuantDinger only)
[2026-06-30 09:50:11] [DEBUG] [market_client] Candles EURUSD 4H: 100 bars ✓
[2026-06-30 09:50:11] [DEBUG] [hybrid_market_client] ✓ Got live data from QuantDinger for EURUSD
[2026-06-30 09:50:11] [DEBUG] [hybrid_market_client] Fetching indicators for EURUSD (QuantDinger only)
[2026-06-30 09:50:11] [DEBUG] [market_client] Using cached candles for EURUSD 4H (age: 0s)
[2026-06-30 09:50:11] [DEBUG] [hybrid_market_client] ✓ Got live data from QuantDinger for EURUSD
[2026-06-30 09:50:11] [INFO] [sltp] SL/TP EURUSD: entry=1.140380859375 atr=0.00219 sl=1.13709 tp=1.14586
[2026-06-30 09:50:11] [INFO] [position_sizing] Position size: 0.5 (equity=74612, risk=0.003, sl_dist=0.00329, score=100, cons_loss=0)
[2026-06-30 09:50:11] [DEBUG] [xgboost_v2] V2 predict: rsi=59.8 atr=0.00219 regime=TRENDING session=asia dir=BUY -> p_win=0.266
[2026-06-30 09:50:11] [INFO] [xgboost_v2] [VERIFY] XGBOOST PREDICTION p_win=0.266 available=True
[2026-06-30 09:50:11] [INFO] [main] [VERIFY][DECISION_TRUTH] bias=bullish score=100 confidence=1.0 vote=BUY risk_passed=True sl_tp_calculated=True position_size=0.5 xgboost_p_win=0.2655949890613556 final_decision_valid=False reject_reason=p_win<threshold (p_win=0.266 threshold=0.6)
[2026-06-30 09:50:11] [INFO] [main] --- XAUUSD ---
[2026-06-30 09:50:14] [INFO] [deepseek] DEEPSEEK OK: {
  "impact_score": 75,
  "bias": "bearish",
  "confidence": 0.85,
  "reason": "تراجع الين إلى أدنى ...
[2026-06-30 09:50:14] [INFO] [deepseek] AI XAUUSD: bias=bearish impact=75.0 conf=0.85
[2026-06-30 09:50:14] [INFO] [signal_engine] [VERIFY] SIGNAL_INPUT bias=bearish score=75.0 confidence=0.85
[2026-06-30 09:50:14] [INFO] [signal_engine] [VERIFY] SIGNAL_RULE rule=confidence>=0.60 actual=0.85 result=True
[2026-06-30 09:50:14] [INFO] [signal_engine] [VERIFY] SIGNAL_RULE rule=score>=55 actual=75.0 result=True
[2026-06-30 09:50:14] [INFO] [signal_engine] [VERIFY] SIGNAL_RULE rule=bias in [bullish,bearish] actual=bearish result=True
[2026-06-30 09:50:14] [INFO] [signal_engine] [VERIFY] SIGNAL_FINAL direction=SELL score=75.0 confidence=0.85 valid=True
[2026-06-30 09:50:14] [DEBUG] [signal_engine] Signal: SELL score=75.0 conf=0.85 strength=قوي valid=True
[2026-06-30 09:50:14] [INFO] [sentiment] Sentiment XAUUSD: bearish score=100 bull=0 bear=1
[2026-06-30 09:50:14] [DEBUG] [mtf] MTF (snapshot) XAUUSD: H4=bearish H1=neutral M15=neutral aligned=False (weak)
[2026-06-30 09:50:14] [INFO] [main] [VERIFY][DATA_TRUTH] symbol=XAUUSD timeframe=H4/H1/M15 news_fetched=True indicators_fetched=True live_data=True cached=False
[2026-06-30 09:50:14] [INFO] [voting_engine] XAUUSD: MTF weakly misaligned, reducing score 10%
[2026-06-30 09:50:14] [DEBUG] [hybrid_market_client] Fetching indicators for XAUUSD (QuantDinger only)
[2026-06-30 09:50:14] [DEBUG] [market_client] Candles XAUUSD 4H: 100 bars ✓
[2026-06-30 09:50:14] [DEBUG] [hybrid_market_client] ✓ Got live data from QuantDinger for XAUUSD
[2026-06-30 09:50:14] [DEBUG] [hybrid_market_client] Fetching indicators for XAUUSD (QuantDinger only)
[2026-06-30 09:50:14] [DEBUG] [market_client] Using cached candles for XAUUSD 4H (age: 0s)
[2026-06-30 09:50:14] [DEBUG] [hybrid_market_client] ✓ Got live data from QuantDinger for XAUUSD
[2026-06-30 09:50:14] [INFO] [sltp] SL/TP XAUUSD: entry=4036.199951171875 atr=39.65710 sl=4046.19995 tp=3937.05719
[2026-06-30 09:50:14] [INFO] [position_sizing] Position size: 0.1 (equity=74612, risk=0.001, sl_dist=10.00000, score=58, cons_loss=0)
[2026-06-30 09:50:14] [DEBUG] [xgboost_v2] V2 predict: rsi=53.0 atr=39.65710 regime=TRENDING session=asia dir=SELL -> p_win=0.109
[2026-06-30 09:50:14] [INFO] [xgboost_v2] [VERIFY] XGBOOST PREDICTION p_win=0.109 available=True
[2026-06-30 09:50:14] [INFO] [main] [VERIFY][DECISION_TRUTH] bias=bearish score=57.9 confidence=0.753 vote=SELL risk_passed=True sl_tp_calculated=True position_size=0.1 xgboost_p_win=0.10898660123348236 final_decision_valid=False reject_reason=p_win<threshold (p_win=0.109 threshold=0.6)
[2026-06-30 09:50:14] [INFO] [main] --- GBPUSD ---
[2026-06-30 09:50:19] [WARNING] [deepseek] DeepSeek truncated by max_tokens, finish_reason=length, content={
  "impact_score": 40,
  "bias": "neutral",
  "confidence": 0.6
[2026-06-30 09:50:19] [WARNING] [deepseek] Retry 1: JSON incomplete/truncated, raw={
  "impact_score": 40,
  "bias": "neutral",
  "confidence": 0.6
[2026-06-30 09:50:27] [INFO] [deepseek] DEEPSEEK OK: {
  "impact_score": 30,
  "bias": "neutral",
  "confidence": 0.5,
  "reason": "الأخبار غير واضحة بشأ...
[2026-06-30 09:50:27] [INFO] [deepseek] AI GBPUSD: bias=neutral impact=30.0 conf=0.50
[2026-06-30 09:50:27] [INFO] [signal_engine] [VERIFY] SIGNAL_INPUT bias=neutral score=30.0 confidence=0.5
[2026-06-30 09:50:27] [INFO] [signal_engine] [VERIFY] SIGNAL_RULE rule=confidence>=0.60 actual=0.5 result=False
[2026-06-30 09:50:27] [INFO] [signal_engine] [VERIFY] SIGNAL_RULE rule=score>=55 actual=30.0 result=False
[2026-06-30 09:50:27] [INFO] [signal_engine] [VERIFY] SIGNAL_RULE rule=bias in [bullish,bearish] actual=neutral result=False
[2026-06-30 09:50:27] [INFO] [signal_engine] [VERIFY] SIGNAL_FINAL direction=NEUTRAL score=30.0 confidence=0.5 valid=False
[2026-06-30 09:50:27] [INFO] [signal_engine] [VERIFY] SIGNAL_FAILURE_REASONS
[2026-06-30 09:50:27] [INFO] [signal_engine] * confidence below threshold
[2026-06-30 09:50:27] [INFO] [signal_engine] * score below threshold
[2026-06-30 09:50:27] [INFO] [signal_engine] * neutral bias
[2026-06-30 09:50:27] [INFO] [signal_engine] [VERIFY] SIGNAL_FAILURE_LOCATION file=F:\files (2)\google\botdd\trading_bot_v3\decision\signal_engine.py function=generate_signal
[2026-06-30 09:50:27] [DEBUG] [signal_engine] Signal: NEUTRAL score=30.0 conf=0.50 strength=ضعيف valid=False
[2026-06-30 09:50:27] [DEBUG] [mtf] MTF (snapshot) GBPUSD: H4=bullish H1=bullish M15=bullish aligned=True (strong)
[2026-06-30 09:50:27] [INFO] [main] [VERIFY][DATA_TRUTH] symbol=GBPUSD timeframe=H4/H1/M15 news_fetched=True indicators_fetched=True live_data=True cached=False
[2026-06-30 09:50:27] [INFO] [voting_engine] GBPUSD: MTF strongly aligned, boosting score 10%
[2026-06-30 09:50:27] [INFO] [risk_engine] Risk: AI confidence too low (GBPUSD BUY) - AI confidence 0.50 < 0.6
[2026-06-30 09:50:27] [DEBUG] [hybrid_market_client] Fetching indicators for GBPUSD (QuantDinger only)
[2026-06-30 09:50:27] [DEBUG] [market_client] Candles GBPUSD 4H: 100 bars ✓
[2026-06-30 09:50:27] [DEBUG] [hybrid_market_client] ✓ Got live data from QuantDinger for GBPUSD
[2026-06-30 09:50:27] [DEBUG] [hybrid_market_client] Fetching indicators for GBPUSD (QuantDinger only)
[2026-06-30 09:50:27] [DEBUG] [market_client] Using cached candles for GBPUSD 4H (age: 0s)
[2026-06-30 09:50:27] [DEBUG] [hybrid_market_client] ✓ Got live data from QuantDinger for GBPUSD
[2026-06-30 09:50:27] [INFO] [sltp] SL/TP GBPUSD: entry=1.3244332075119019 atr=0.00235 sl=1.32091 tp=1.33031
[2026-06-30 09:50:27] [INFO] [position_sizing] Position size: 0.5 (equity=74612, risk=0.001, sl_dist=0.00352, score=71, cons_loss=0)
[2026-06-30 09:50:27] [DEBUG] [xgboost_v2] V2 predict: rsi=64.0 atr=0.00235 regime=TRENDING session=asia dir=BUY -> p_win=0.461
[2026-06-30 09:50:27] [INFO] [xgboost_v2] [VERIFY] XGBOOST PREDICTION p_win=0.461 available=True
[2026-06-30 09:50:27] [INFO] [main] [VERIFY][DECISION_TRUTH] bias=neutral score=71.1 confidence=0.396 vote=BUY risk_passed=False sl_tp_calculated=True position_size=0.5 xgboost_p_win=0.46058782935142517 final_decision_valid=False reject_reason=p_win<threshold (p_win=0.461 threshold=0.6)
[2026-06-30 09:50:27] [INFO] [adaptive_weights] EURUSD weights updated: {'ai': 0.239, 'trend': 0.239, 'momentum': 0.239, 'sentiment': 0.239, 'volatility': 0.043} | WR=13.6% PF=0
[2026-06-30 09:50:27] [INFO] [adaptive_weights] 🏆 أفضل زوج: EURUSD | WR=13.6% | PnL=190.0$
[2026-06-30 09:50:27] [INFO] [adaptive_weights] ⚠️ أسوأ زوج: XAUUSD | WR=0.0% | PnL=0.0$
[2026-06-30 09:50:27] [INFO] [main] Sleeping 1800s...
[2026-06-30 09:51:11] [DEBUG] [hybrid_market_client] Fetching indicators for EURUSD (QuantDinger only)
[2026-06-30 09:51:11] [DEBUG] [market_client] Using cached candles for EURUSD H4 (age: 138s)
[2026-06-30 09:51:11] [DEBUG] [hybrid_market_client] ✓ Got live data from QuantDinger for EURUSD
[2026-06-30 09:51:11] [DEBUG] [hybrid_market_client] Fetching indicators for EURUSD (QuantDinger only)
[2026-06-30 09:51:11] [DEBUG] [market_client] Using cached candles for EURUSD H1 (age: 138s)
[2026-06-30 09:51:11] [DEBUG] [hybrid_market_client] ✓ Got live data from QuantDinger for EURUSD
[2026-06-30 09:51:11] [DEBUG] [hybrid_market_client] Fetching indicators for EURUSD (QuantDinger only)
[2026-06-30 09:51:11] [DEBUG] [market_client] Using cached candles for EURUSD M15 (age: 138s)
[2026-06-30 09:51:11] [DEBUG] [hybrid_market_client] ✓ Got live data from QuantDinger for EURUSD
[2026-06-30 09:51:11] [INFO] [market_snapshot_builder] [SNAPSHOT_BUILT] symbol=EURUSD tfs=H4,H1,M15
[2026-06-30 09:51:11] [DEBUG] [hybrid_market_client] Fetching indicators for XAUUSD (QuantDinger only)
[2026-06-30 09:51:11] [DEBUG] [market_client] Using cached candles for XAUUSD H4 (age: 138s)
[2026-06-30 09:51:11] [DEBUG] [hybrid_market_client] ✓ Got live data from QuantDinger for XAUUSD
[2026-06-30 09:51:11] [DEBUG] [hybrid_market_client] Fetching indicators for XAUUSD (QuantDinger only)
[2026-06-30 09:51:11] [DEBUG] [market_client] Using cached candles for XAUUSD H1 (age: 138s)
[2026-06-30 09:51:11] [DEBUG] [hybrid_market_client] ✓ Got live data from QuantDinger for XAUUSD
[2026-06-30 09:51:11] [DEBUG] [hybrid_market_client] Fetching indicators for XAUUSD (QuantDinger only)
[2026-06-30 09:51:11] [DEBUG] [market_client] Using cached candles for XAUUSD M15 (age: 138s)
[2026-06-30 09:51:11] [DEBUG] [hybrid_market_client] ✓ Got live data from QuantDinger for XAUUSD
[2026-06-30 09:51:11] [INFO] [market_snapshot_builder] [SNAPSHOT_BUILT] symbol=XAUUSD tfs=H4,H1,M15
[2026-06-30 09:51:11] [DEBUG] [hybrid_market_client] Fetching indicators for GBPUSD (QuantDinger only)
[2026-06-30 09:51:11] [DEBUG] [market_client] Using cached candles for GBPUSD H4 (age: 138s)
[2026-06-30 09:51:11] [DEBUG] [hybrid_market_client] ✓ Got live data from QuantDinger for GBPUSD
[2026-06-30 09:51:11] [DEBUG] [hybrid_market_client] Fetching indicators for GBPUSD (QuantDinger only)
[2026-06-30 09:51:11] [DEBUG] [market_client] Using cached candles for GBPUSD H1 (age: 137s)
[2026-06-30 09:51:11] [DEBUG] [hybrid_market_client] ✓ Got live data from QuantDinger for GBPUSD
[2026-06-30 09:51:11] [DEBUG] [hybrid_market_client] Fetching indicators for GBPUSD (QuantDinger only)
[2026-06-30 09:51:11] [DEBUG] [market_client] Using cached candles for GBPUSD M15 (age: 137s)
[2026-06-30 09:51:11] [DEBUG] [hybrid_market_client] ✓ Got live data from QuantDinger for GBPUSD
[2026-06-30 09:51:11] [INFO] [market_snapshot_builder] [SNAPSHOT_BUILT] symbol=GBPUSD tfs=H4,H1,M15
[2026-06-30 09:51:15] [WARNING] [deepseek] DeepSeek empty response: finish_reason=length, raw={"id":"66c8b122-977f-4e74-b3b2-668c16946d4b","object":"chat.completion","created":1782802272,"model":"deepseek-v4-flash","choices":[{"index":0,"message":{"role":"assistant","content":"","reasoning_content":"We need to analyze: price 1.14038, RSI 59.82 (neutral-bullish), ATR 0.002192, trend uptrend o
[2026-06-30 09:51:22] [INFO] [deepseek] DEEPSEEK OK: {
  "impact_score": 60,
  "bias": "bullish",
  "confidence": 0.7,
  "reason": "ارتفاع مبيعات التجزئة...
[2026-06-30 09:51:22] [INFO] [deepseek] AI EURUSD: bias=bullish impact=60.0 conf=0.70
[2026-06-30 09:51:25] [INFO] [deepseek] DEEPSEEK OK: {
  "impact_score": 60,
  "bias": "bearish",
  "confidence": 0.75,
  "reason": "الاتجاه هابط بقوة عل...
[2026-06-30 09:51:25] [INFO] [deepseek] AI XAUUSD: bias=bearish impact=60.0 conf=0.75
[2026-06-30 09:51:29] [WARNING] [deepseek] DeepSeek truncated by max_tokens, finish_reason=length, content={
  "impact_score": 60,
  "bias": "bullish",
  "confidence": 0.65,
  "reason": "الاتجاه صاعد بقوة على جميع الأ
[2026-06-30 09:51:29] [WARNING] [deepseek] Retry 1: JSON incomplete/truncated, raw={
  "impact_score": 60,
  "bias": "bullish",
  "confidence": 0.65,
  "reason": "الاتجاه صاعد بقوة على جميع الأ
[2026-06-30 09:51:38] [INFO] [deepseek] DEEPSEEK OK: {
  "impact_score": 50,
  "bias": "neutral",
  "confidence": 0.4,
  "reason": "الأسواق ترتفع فنياً ل...
[2026-06-30 09:51:38] [INFO] [deepseek] AI GBPUSD: bias=neutral impact=50.0 conf=0.40
[2026-06-30 10:02:37] [INFO] [post_entry_manager] [POST_ENTRY] New position detected ticket=9348219712 symbol=EURUSD
[2026-06-30 10:02:37] [INFO] [post_entry_manager] [POST_ENTRY] Monitoring ticket=9348219712
[2026-06-30 10:03:05] [INFO] [news_fetcher] Fetched 15 relevant news items
[2026-06-30 10:03:05] [INFO] [xgboost_exit_adapter] [EXIT_MODEL] ticket=9348219712 open_time=2026-06-30 13:02:34, current_time=2026-06-30 10:03:05, time_open_hours=0.0000, profit=0.08, mfe=0.08, mae=0.00, spread=15.0, profit_decay_pct=0.0%
[2026-06-30 10:03:05] [INFO] [xgboost_exit_model] Loaded Exit Model from F:\files (2)\google\botdd\trading_bot_v3\models\xgboost_exit_model.json
[2026-06-30 10:03:05] [INFO] [xgboost_exit_model] [EXIT_MODEL] XGBoost prediction: probability=7.6%
[2026-06-30 10:03:10] [INFO] [post_entry_manager] [POST_ENTRY] Monitoring ticket=9348219712
[2026-06-30 10:03:10] [INFO] [xgboost_exit_adapter] [EXIT_MODEL] ticket=9348219712 open_time=2026-06-30 13:02:34, current_time=2026-06-30 10:03:10, time_open_hours=0.0000, profit=0.20, mfe=0.20, mae=0.00, spread=15.0, profit_decay_pct=0.0%
[2026-06-30 10:03:10] [INFO] [xgboost_exit_model] [EXIT_MODEL] XGBoost prediction: probability=7.6%
[2026-06-30 10:03:15] [INFO] [post_entry_manager] [POST_ENTRY] Monitoring ticket=9348219712
[2026-06-30 10:03:15] [INFO] [xgboost_exit_adapter] [EXIT_MODEL] ticket=9348219712 open_time=2026-06-30 13:02:34, current_time=2026-06-30 10:03:15, time_open_hours=0.0000, profit=0.12, mfe=0.20, mae=0.00, spread=15.0, profit_decay_pct=40.0%
[2026-06-30 10:03:15] [INFO] [xgboost_exit_model] [EXIT_MODEL] XGBoost prediction: probability=7.6%
[2026-06-30 10:03:15] [INFO] [post_entry_event_logger] [LOGGER_LISTENER] event_type=TradeClosed ticket=9348219712
[2026-06-30 10:03:15] [INFO] [post_entry_database_listener] [DATABASE_LISTENER] event_type=TradeClosed ticket=9348219712
[2026-06-30 10:03:15] [INFO] [post_entry_telegram_listener] [TELEGRAM_LISTENER] event_type=TradeClosed ticket=9348219712
[2026-06-30 10:04:01] [INFO] [post_entry_manager] [POST_ENTRY] New position detected ticket=9348241838 symbol=EURUSD
[2026-06-30 10:04:01] [INFO] [post_entry_manager] [POST_ENTRY] Monitoring ticket=9348241838
[2026-06-30 10:04:01] [INFO] [xgboost_exit_adapter] [EXIT_MODEL] ticket=9348241838 open_time=2026-06-30 13:03:58, current_time=2026-06-30 10:04:01, time_open_hours=0.0000, profit=-0.11, mfe=0.00, mae=-0.11, spread=15.0, profit_decay_pct=0.0%
[2026-06-30 10:04:01] [INFO] [xgboost_exit_model] [EXIT_MODEL] XGBoost prediction: probability=98.6%
[2026-06-30 10:04:06] [INFO] [post_entry_manager] [POST_ENTRY] Monitoring ticket=9348241838
[2026-06-30 10:04:06] [INFO] [xgboost_exit_adapter] [EXIT_MODEL] ticket=9348241838 open_time=2026-06-30 13:03:58, current_time=2026-06-30 10:04:06, time_open_hours=0.0000, profit=-0.11, mfe=0.00, mae=-0.11, spread=15.0, profit_decay_pct=0.0%
[2026-06-30 10:04:06] [INFO] [xgboost_exit_model] [EXIT_MODEL] XGBoost prediction: probability=98.6%
[2026-06-30 10:04:11] [INFO] [post_entry_manager] [POST_ENTRY] Monitoring ticket=9348241838
[2026-06-30 10:04:11] [INFO] [xgboost_exit_adapter] [EXIT_MODEL] ticket=9348241838 open_time=2026-06-30 13:03:58, current_time=2026-06-30 10:04:11, time_open_hours=0.0000, profit=0.11, mfe=0.11, mae=-0.11, spread=15.0, profit_decay_pct=0.0%
[2026-06-30 10:04:11] [INFO] [xgboost_exit_model] [EXIT_MODEL] XGBoost prediction: probability=7.6%
[2026-06-30 10:04:16] [INFO] [post_entry_manager] [POST_ENTRY] Monitoring ticket=9348241838
[2026-06-30 10:04:16] [INFO] [xgboost_exit_adapter] [EXIT_MODEL] ticket=9348241838 open_time=2026-06-30 13:03:58, current_time=2026-06-30 10:04:16, time_open_hours=0.0000, profit=0.66, mfe=0.66, mae=-0.11, spread=15.0, profit_decay_pct=0.0%
[2026-06-30 10:04:16] [INFO] [xgboost_exit_model] [EXIT_MODEL] XGBoost prediction: probability=7.6%
[2026-06-30 10:04:21] [INFO] [post_entry_manager] [POST_ENTRY] Monitoring ticket=9348241838
[2026-06-30 10:04:21] [INFO] [xgboost_exit_adapter] [EXIT_MODEL] ticket=9348241838 open_time=2026-06-30 13:03:58, current_time=2026-06-30 10:04:21, time_open_hours=0.0000, profit=0.44, mfe=0.66, mae=-0.11, spread=15.0, profit_decay_pct=33.3%
[2026-06-30 10:04:21] [INFO] [xgboost_exit_model] [EXIT_MODEL] XGBoost prediction: probability=7.6%
[2026-06-30 10:04:21] [INFO] [post_entry_event_logger] [LOGGER_LISTENER] event_type=TradeClosed ticket=9348241838
[2026-06-30 10:04:21] [INFO] [post_entry_database_listener] [DATABASE_LISTENER] event_type=TradeClosed ticket=9348241838
[2026-06-30 10:04:21] [INFO] [post_entry_telegram_listener] [TELEGRAM_LISTENER] event_type=TradeClosed ticket=9348241838
[2026-06-30 10:07:22] [INFO] [post_entry_manager] [POST_ENTRY] New position detected ticket=9348300659 symbol=EURUSD
[2026-06-30 10:07:22] [INFO] [post_entry_manager] [POST_ENTRY] Monitoring ticket=9348300659
[2026-06-30 10:07:22] [INFO] [xgboost_exit_adapter] [EXIT_MODEL] ticket=9348300659 open_time=2026-06-30 13:07:22, current_time=2026-06-30 10:07:22, time_open_hours=0.0000, profit=0.00, mfe=0.00, mae=0.00, spread=15.0, profit_decay_pct=0.0%
[2026-06-30 10:07:22] [INFO] [xgboost_exit_model] [EXIT_MODEL] XGBoost prediction: probability=98.6%
[2026-06-30 10:07:27] [INFO] [post_entry_manager] [POST_ENTRY] Monitoring ticket=9348300659
[2026-06-30 10:07:27] [INFO] [xgboost_exit_adapter] [EXIT_MODEL] ticket=9348300659 open_time=2026-06-30 13:07:22, current_time=2026-06-30 10:07:27, time_open_hours=0.0000, profit=0.04, mfe=0.04, mae=0.00, spread=15.0, profit_decay_pct=0.0%
[2026-06-30 10:07:27] [INFO] [xgboost_exit_model] [EXIT_MODEL] XGBoost prediction: probability=7.6%
[2026-06-30 10:07:32] [WARNING] [reconciliation] Unknown position in QD: 9348300659 EURUSD
[2026-06-30 10:07:32] [INFO] [reconciliation] Reconciliation: {'db_count': 0, 'qd_count': 1, 'fixes': 0, 'mismatches': ['QD orphan: 9348300659']}
[2026-06-30 10:07:32] [INFO] [post_entry_manager] [POST_ENTRY] Monitoring ticket=9348300659
[2026-06-30 10:07:32] [INFO] [xgboost_exit_adapter] [EXIT_MODEL] ticket=9348300659 open_time=2026-06-30 13:07:22, current_time=2026-06-30 10:07:32, time_open_hours=0.0000, profit=0.16, mfe=0.16, mae=0.00, spread=15.0, profit_decay_pct=0.0%
[2026-06-30 10:07:32] [INFO] [xgboost_exit_model] [EXIT_MODEL] XGBoost prediction: probability=7.6%
[2026-06-30 10:07:37] [INFO] [post_entry_manager] [POST_ENTRY] Monitoring ticket=9348300659
[2026-06-30 10:07:37] [INFO] [xgboost_exit_adapter] [EXIT_MODEL] ticket=9348300659 open_time=2026-06-30 13:07:22, current_time=2026-06-30 10:07:37, time_open_hours=0.0000, profit=-0.08, mfe=0.16, mae=-0.08, spread=15.0, profit_decay_pct=100.1%
[2026-06-30 10:07:37] [INFO] [xgboost_exit_model] [EXIT_MODEL] XGBoost prediction: probability=7.6%
[2026-06-30 10:07:37] [INFO] [post_entry_event_logger] [LOGGER_LISTENER] event_type=TradeClosed ticket=9348300659
[2026-06-30 10:07:37] [INFO] [post_entry_database_listener] [DATABASE_LISTENER] event_type=TradeClosed ticket=9348300659
[2026-06-30 10:07:37] [INFO] [post_entry_telegram_listener] [TELEGRAM_LISTENER] event_type=TradeClosed ticket=9348300659
[2026-06-30 10:07:43] [INFO] [post_entry_manager] [POST_ENTRY] New position detected ticket=9348304918 symbol=EURUSD
[2026-06-30 10:07:43] [INFO] [post_entry_manager] [POST_ENTRY] Monitoring ticket=9348304918
[2026-06-30 10:07:43] [INFO] [xgboost_exit_adapter] [EXIT_MODEL] ticket=9348304918 open_time=2026-06-30 13:07:38, current_time=2026-06-30 10:07:43, time_open_hours=0.0000, profit=-1.00, mfe=0.00, mae=-1.00, spread=15.0, profit_decay_pct=0.0%
[2026-06-30 10:07:43] [INFO] [xgboost_exit_model] [EXIT_MODEL] XGBoost prediction: probability=98.6%
[2026-06-30 10:07:48] [INFO] [post_entry_manager] [POST_ENTRY] Monitoring ticket=9348304918
[2026-06-30 10:07:48] [INFO] [xgboost_exit_adapter] [EXIT_MODEL] ticket=9348304918 open_time=2026-06-30 13:07:38, current_time=2026-06-30 10:07:48, time_open_hours=0.0000, profit=0.00, mfe=0.00, mae=-1.00, spread=15.0, profit_decay_pct=0.0%
[2026-06-30 10:07:48] [INFO] [xgboost_exit_model] [EXIT_MODEL] XGBoost prediction: probability=98.6%
[2026-06-30 10:07:53] [INFO] [post_entry_manager] [POST_ENTRY] Monitoring ticket=9348304918
[2026-06-30 10:07:53] [INFO] [xgboost_exit_adapter] [EXIT_MODEL] ticket=9348304918 open_time=2026-06-30 13:07:38, current_time=2026-06-30 10:07:53, time_open_hours=0.0000, profit=-2.00, mfe=0.00, mae=-2.00, spread=15.0, profit_decay_pct=0.0%
[2026-06-30 10:07:53] [INFO] [xgboost_exit_model] [EXIT_MODEL] XGBoost prediction: probability=98.6%
[2026-06-30 10:07:58] [INFO] [post_entry_manager] [POST_ENTRY] Monitoring ticket=9348304918
[2026-06-30 10:07:58] [INFO] [xgboost_exit_adapter] [EXIT_MODEL] ticket=9348304918 open_time=2026-06-30 13:07:38, current_time=2026-06-30 10:07:58, time_open_hours=0.0000, profit=-3.00, mfe=0.00, mae=-3.00, spread=15.0, profit_decay_pct=0.0%
[2026-06-30 10:07:58] [INFO] [xgboost_exit_model] [EXIT_MODEL] XGBoost prediction: probability=98.6%
[2026-06-30 10:08:03] [INFO] [post_entry_manager] [POST_ENTRY] Monitoring ticket=9348304918
[2026-06-30 10:08:03] [INFO] [xgboost_exit_adapter] [EXIT_MODEL] ticket=9348304918 open_time=2026-06-30 13:07:38, current_time=2026-06-30 10:08:03, time_open_hours=0.0000, profit=-8.00, mfe=0.00, mae=-8.00, spread=15.0, profit_decay_pct=0.0%
[2026-06-30 10:08:03] [INFO] [xgboost_exit_model] [EXIT_MODEL] XGBoost prediction: probability=98.6%
[2026-06-30 10:08:08] [INFO] [post_entry_manager] [POST_ENTRY] Monitoring ticket=9348304918
[2026-06-30 10:08:08] [INFO] [xgboost_exit_adapter] [EXIT_MODEL] ticket=9348304918 open_time=2026-06-30 13:07:38, current_time=2026-06-30 10:08:08, time_open_hours=0.0000, profit=-10.00, mfe=0.00, mae=-10.00, spread=15.0, profit_decay_pct=0.0%
[2026-06-30 10:08:08] [INFO] [xgboost_exit_model] [EXIT_MODEL] XGBoost prediction: probability=98.6%
[2026-06-30 10:08:13] [INFO] [post_entry_manager] [POST_ENTRY] Monitoring ticket=9348304918
[2026-06-30 10:08:13] [INFO] [xgboost_exit_adapter] [EXIT_MODEL] ticket=9348304918 open_time=2026-06-30 13:07:38, current_time=2026-06-30 10:08:13, time_open_hours=0.0000, profit=-14.00, mfe=0.00, mae=-14.00, spread=15.0, profit_decay_pct=0.0%
[2026-06-30 10:08:13] [INFO] [xgboost_exit_model] [EXIT_MODEL] XGBoost prediction: probability=98.6%
[2026-06-30 10:08:18] [INFO] [post_entry_manager] [POST_ENTRY] Monitoring ticket=9348304918
[2026-06-30 10:08:18] [INFO] [xgboost_exit_adapter] [EXIT_MODEL] ticket=9348304918 open_time=2026-06-30 13:07:38, current_time=2026-06-30 10:08:18, time_open_hours=0.0000, profit=-12.00, mfe=0.00, mae=-14.00, spread=15.0, profit_decay_pct=0.0%
[2026-06-30 10:08:18] [INFO] [xgboost_exit_model] [EXIT_MODEL] XGBoost prediction: probability=98.6%
[2026-06-30 10:08:23] [INFO] [post_entry_manager] [POST_ENTRY] Monitoring ticket=9348304918
[2026-06-30 10:08:23] [INFO] [xgboost_exit_adapter] [EXIT_MODEL] ticket=9348304918 open_time=2026-06-30 13:07:38, current_time=2026-06-30 10:08:23, time_open_hours=0.0000, profit=-7.00, mfe=0.00, mae=-14.00, spread=15.0, profit_decay_pct=0.0%
[2026-06-30 10:08:23] [INFO] [xgboost_exit_model] [EXIT_MODEL] XGBoost prediction: probability=98.6%
[2026-06-30 10:08:28] [INFO] [post_entry_manager] [POST_ENTRY] Monitoring ticket=9348304918
[2026-06-30 10:08:28] [INFO] [xgboost_exit_adapter] [EXIT_MODEL] ticket=9348304918 open_time=2026-06-30 13:07:38, current_time=2026-06-30 10:08:28, time_open_hours=0.0000, profit=-1.00, mfe=0.00, mae=-14.00, spread=15.0, profit_decay_pct=0.0%
[2026-06-30 10:08:28] [INFO] [xgboost_exit_model] [EXIT_MODEL] XGBoost prediction: probability=98.6%
[2026-06-30 10:08:32] [WARNING] [reconciliation] Unknown position in QD: 9348304918 EURUSD
[2026-06-30 10:08:32] [INFO] [reconciliation] Reconciliation: {'db_count': 0, 'qd_count': 1, 'fixes': 0, 'mismatches': ['QD orphan: 9348304918']}
[2026-06-30 10:08:33] [INFO] [post_entry_manager] [POST_ENTRY] Monitoring ticket=9348304918
[2026-06-30 10:08:33] [INFO] [xgboost_exit_adapter] [EXIT_MODEL] ticket=9348304918 open_time=2026-06-30 13:07:38, current_time=2026-06-30 10:08:33, time_open_hours=0.0000, profit=-3.00, mfe=0.00, mae=-14.00, spread=15.0, profit_decay_pct=0.0%
[2026-06-30 10:08:33] [INFO] [xgboost_exit_model] [EXIT_MODEL] XGBoost prediction: probability=98.6%
[2026-06-30 10:08:38] [INFO] [post_entry_manager] [POST_ENTRY] Monitoring ticket=9348304918
[2026-06-30 10:08:38] [INFO] [xgboost_exit_adapter] [EXIT_MODEL] ticket=9348304918 open_time=2026-06-30 13:07:38, current_time=2026-06-30 10:08:38, time_open_hours=0.0000, profit=-2.00, mfe=0.00, mae=-14.00, spread=15.0, profit_decay_pct=0.0%
[2026-06-30 10:08:38] [INFO] [xgboost_exit_model] [EXIT_MODEL] XGBoost prediction: probability=98.6%
[2026-06-30 10:08:43] [INFO] [post_entry_manager] [POST_ENTRY] Monitoring ticket=9348304918
[2026-06-30 10:08:43] [INFO] [xgboost_exit_adapter] [EXIT_MODEL] ticket=9348304918 open_time=2026-06-30 13:07:38, current_time=2026-06-30 10:08:43, time_open_hours=0.0000, profit=-4.00, mfe=0.00, mae=-14.00, spread=15.0, profit_decay_pct=0.0%
[2026-06-30 10:08:43] [INFO] [xgboost_exit_model] [EXIT_MODEL] XGBoost prediction: probability=98.6%
[2026-06-30 10:08:48] [INFO] [post_entry_manager] [POST_ENTRY] Monitoring ticket=9348304918
[2026-06-30 10:08:48] [INFO] [xgboost_exit_adapter] [EXIT_MODEL] ticket=9348304918 open_time=2026-06-30 13:07:38, current_time=2026-06-30 10:08:48, time_open_hours=0.0000, profit=-7.00, mfe=0.00, mae=-14.00, spread=15.0, profit_decay_pct=0.0%
[2026-06-30 10:08:48] [INFO] [xgboost_exit_model] [EXIT_MODEL] XGBoost prediction: probability=98.6%
[2026-06-30 10:08:53] [INFO] [post_entry_manager] [POST_ENTRY] Monitoring ticket=9348304918
[2026-06-30 10:08:53] [INFO] [xgboost_exit_adapter] [EXIT_MODEL] ticket=9348304918 open_time=2026-06-30 13:07:38, current_time=2026-06-30 10:08:53, time_open_hours=0.0000, profit=-4.00, mfe=0.00, mae=-14.00, spread=15.0, profit_decay_pct=0.0%
[2026-06-30 10:08:53] [INFO] [xgboost_exit_model] [EXIT_MODEL] XGBoost prediction: probability=98.6%
[2026-06-30 10:08:58] [INFO] [post_entry_manager] [POST_ENTRY] Monitoring ticket=9348304918
[2026-06-30 10:08:58] [INFO] [xgboost_exit_adapter] [EXIT_MODEL] ticket=9348304918 open_time=2026-06-30 13:07:38, current_time=2026-06-30 10:08:58, time_open_hours=0.0000, profit=3.00, mfe=3.00, mae=-14.00, spread=15.0, profit_decay_pct=0.0%
[2026-06-30 10:08:58] [INFO] [xgboost_exit_model] [EXIT_MODEL] XGBoost prediction: probability=7.6%
[2026-06-30 10:09:03] [INFO] [post_entry_manager] [POST_ENTRY] Monitoring ticket=9348304918
[2026-06-30 10:09:03] [INFO] [xgboost_exit_adapter] [EXIT_MODEL] ticket=9348304918 open_time=2026-06-30 13:07:38, current_time=2026-06-30 10:09:03, time_open_hours=0.0000, profit=7.00, mfe=7.00, mae=-14.00, spread=15.0, profit_decay_pct=0.0%
[2026-06-30 10:09:03] [INFO] [xgboost_exit_model] [EXIT_MODEL] XGBoost prediction: probability=7.6%
[2026-06-30 10:09:08] [INFO] [post_entry_manager] [POST_ENTRY] Monitoring ticket=9348304918
[2026-06-30 10:09:08] [INFO] [xgboost_exit_adapter] [EXIT_MODEL] ticket=9348304918 open_time=2026-06-30 13:07:38, current_time=2026-06-30 10:09:08, time_open_hours=0.0000, profit=11.00, mfe=11.00, mae=-14.00, spread=15.0, profit_decay_pct=0.0%
[2026-06-30 10:09:08] [INFO] [xgboost_exit_model] [EXIT_MODEL] XGBoost prediction: probability=7.6%
[2026-06-30 10:09:13] [INFO] [post_entry_manager] [POST_ENTRY] Monitoring ticket=9348304918
[2026-06-30 10:09:13] [INFO] [xgboost_exit_adapter] [EXIT_MODEL] ticket=9348304918 open_time=2026-06-30 13:07:38, current_time=2026-06-30 10:09:13, time_open_hours=0.0000, profit=8.00, mfe=11.00, mae=-14.00, spread=15.0, profit_decay_pct=27.3%
[2026-06-30 10:09:13] [INFO] [xgboost_exit_model] [EXIT_MODEL] XGBoost prediction: probability=7.6%
[2026-06-30 10:09:18] [INFO] [post_entry_manager] [POST_ENTRY] Monitoring ticket=9348304918
[2026-06-30 10:09:18] [INFO] [xgboost_exit_adapter] [EXIT_MODEL] ticket=9348304918 open_time=2026-06-30 13:07:38, current_time=2026-06-30 10:09:18, time_open_hours=0.0000, profit=7.00, mfe=11.00, mae=-14.00, spread=15.0, profit_decay_pct=36.4%
[2026-06-30 10:09:18] [INFO] [xgboost_exit_model] [EXIT_MODEL] XGBoost prediction: probability=7.6%
[2026-06-30 10:09:18] [INFO] [post_entry_event_logger] [LOGGER_LISTENER] event_type=TradeClosed ticket=9348304918
[2026-06-30 10:09:18] [INFO] [post_entry_database_listener] [DATABASE_LISTENER] event_type=TradeClosed ticket=9348304918
[2026-06-30 10:09:18] [INFO] [post_entry_telegram_listener] [TELEGRAM_LISTENER] event_type=TradeClosed ticket=9348304918
[2026-06-30 10:18:35] [INFO] [qd_client] Logged in to QuantDinger
[2026-06-30 10:20:27] [INFO] [main] ==================================================
[2026-06-30 10:20:27] [INFO] [main] Cycle 7 at 10:20:27
[2026-06-30 10:20:37] [INFO] [news_fetcher] Fetched 23 relevant news items
[2026-06-30 10:20:37] [INFO] [main] Equity: 74619.42$ | News: 23
[2026-06-30 10:20:37] [DEBUG] [hybrid_market_client] Fetching indicators for EURUSD (QuantDinger only)
[2026-06-30 10:20:37] [DEBUG] [market_client] Candles EURUSD 4H: 100 bars ✓
[2026-06-30 10:20:37] [DEBUG] [hybrid_market_client] ✓ Got live data from QuantDinger for EURUSD
[2026-06-30 10:20:37] [DEBUG] [hybrid_market_client] Fetching indicators for EURUSD (QuantDinger only)
[2026-06-30 10:20:37] [DEBUG] [market_client] Candles EURUSD 4H: 100 bars ✓
[2026-06-30 10:20:37] [DEBUG] [hybrid_market_client] ✓ Got live data from QuantDinger for EURUSD
[2026-06-30 10:20:37] [DEBUG] [hybrid_market_client] Fetching indicators for EURUSD (QuantDinger only)
[2026-06-30 10:20:37] [DEBUG] [market_client] Candles EURUSD 4H: 100 bars ✓
[2026-06-30 10:20:37] [DEBUG] [hybrid_market_client] ✓ Got live data from QuantDinger for EURUSD
[2026-06-30 10:20:37] [INFO] [market_snapshot_builder] [SNAPSHOT_BUILT] symbol=EURUSD tfs=H4,H1,M15
[2026-06-30 10:20:37] [DEBUG] [hybrid_market_client] Fetching indicators for XAUUSD (QuantDinger only)
[2026-06-30 10:20:37] [DEBUG] [market_client] Candles XAUUSD 4H: 100 bars ✓
[2026-06-30 10:20:37] [DEBUG] [hybrid_market_client] ✓ Got live data from QuantDinger for XAUUSD
[2026-06-30 10:20:37] [DEBUG] [hybrid_market_client] Fetching indicators for XAUUSD (QuantDinger only)
[2026-06-30 10:20:37] [DEBUG] [market_client] Candles XAUUSD 4H: 100 bars ✓
[2026-06-30 10:20:37] [DEBUG] [hybrid_market_client] ✓ Got live data from QuantDinger for XAUUSD
[2026-06-30 10:20:37] [DEBUG] [hybrid_market_client] Fetching indicators for XAUUSD (QuantDinger only)
[2026-06-30 10:20:37] [DEBUG] [market_client] Candles XAUUSD 4H: 100 bars ✓
[2026-06-30 10:20:37] [DEBUG] [hybrid_market_client] ✓ Got live data from QuantDinger for XAUUSD
[2026-06-30 10:20:37] [INFO] [market_snapshot_builder] [SNAPSHOT_BUILT] symbol=XAUUSD tfs=H4,H1,M15
[2026-06-30 10:20:37] [DEBUG] [hybrid_market_client] Fetching indicators for GBPUSD (QuantDinger only)
[2026-06-30 10:20:38] [DEBUG] [market_client] Candles GBPUSD 4H: 100 bars ✓
[2026-06-30 10:20:38] [DEBUG] [hybrid_market_client] ✓ Got live data from QuantDinger for GBPUSD
[2026-06-30 10:20:38] [DEBUG] [hybrid_market_client] Fetching indicators for GBPUSD (QuantDinger only)
[2026-06-30 10:20:38] [DEBUG] [market_client] Candles GBPUSD 4H: 100 bars ✓
[2026-06-30 10:20:38] [DEBUG] [hybrid_market_client] ✓ Got live data from QuantDinger for GBPUSD
[2026-06-30 10:20:38] [DEBUG] [hybrid_market_client] Fetching indicators for GBPUSD (QuantDinger only)
[2026-06-30 10:20:38] [DEBUG] [market_client] Candles GBPUSD 4H: 100 bars ✓
[2026-06-30 10:20:38] [DEBUG] [hybrid_market_client] ✓ Got live data from QuantDinger for GBPUSD
[2026-06-30 10:20:38] [INFO] [market_snapshot_builder] [SNAPSHOT_BUILT] symbol=GBPUSD tfs=H4,H1,M15
[2026-06-30 10:20:38] [INFO] [main] --- EURUSD ---
[2026-06-30 10:20:42] [INFO] [deepseek] DEEPSEEK OK: {
  "impact_score": 55,
  "bias": "bullish",
  "confidence": 0.6,
  "reason": "الاتجاه الصاعد قوي عل...
[2026-06-30 10:20:42] [INFO] [deepseek] AI EURUSD: bias=bullish impact=55.0 conf=0.60
[2026-06-30 10:20:42] [INFO] [signal_engine] [VERIFY] SIGNAL_INPUT bias=bullish score=55.0 confidence=0.6
[2026-06-30 10:20:42] [INFO] [signal_engine] [VERIFY] SIGNAL_RULE rule=confidence>=0.60 actual=0.6 result=True
[2026-06-30 10:20:42] [INFO] [signal_engine] [VERIFY] SIGNAL_RULE rule=score>=55 actual=55.0 result=True
[2026-06-30 10:20:42] [INFO] [signal_engine] [VERIFY] SIGNAL_RULE rule=bias in [bullish,bearish] actual=bullish result=True
[2026-06-30 10:20:42] [INFO] [signal_engine] [VERIFY] SIGNAL_FINAL direction=BUY score=55.0 confidence=0.6 valid=True
[2026-06-30 10:20:42] [DEBUG] [signal_engine] Signal: BUY score=55.0 conf=0.60 strength=متوسط valid=True
[2026-06-30 10:20:42] [INFO] [sentiment] Sentiment EURUSD: bullish score=92 bull=5 bear=1
[2026-06-30 10:20:42] [DEBUG] [mtf] MTF (snapshot) EURUSD: H4=bullish H1=bullish M15=bullish aligned=True (strong)
[2026-06-30 10:20:42] [INFO] [main] [VERIFY][DATA_TRUTH] symbol=EURUSD timeframe=H4/H1/M15 news_fetched=True indicators_fetched=True live_data=True cached=False
[2026-06-30 10:20:42] [INFO] [voting_engine] EURUSD: MTF strongly aligned, boosting score 10%
[2026-06-30 10:20:42] [DEBUG] [hybrid_market_client] Fetching indicators for EURUSD (QuantDinger only)
[2026-06-30 10:20:42] [DEBUG] [market_client] Candles EURUSD 4H: 100 bars ✓
[2026-06-30 10:20:42] [DEBUG] [hybrid_market_client] ✓ Got live data from QuantDinger for EURUSD
[2026-06-30 10:20:42] [DEBUG] [hybrid_market_client] Fetching indicators for EURUSD (QuantDinger only)
[2026-06-30 10:20:42] [DEBUG] [market_client] Using cached candles for EURUSD 4H (age: 0s)
[2026-06-30 10:20:42] [DEBUG] [hybrid_market_client] ✓ Got live data from QuantDinger for EURUSD
[2026-06-30 10:20:42] [INFO] [sltp] SL/TP EURUSD: entry=1.1407711505889893 atr=0.00211 sl=1.13761 tp=1.14604
[2026-06-30 10:20:42] [INFO] [position_sizing] Position size: 0.5 (equity=74619, risk=0.003, sl_dist=0.00316, score=95, cons_loss=0)
[2026-06-30 10:20:42] [DEBUG] [xgboost_v2] V2 predict: rsi=65.4 atr=0.00211 regime=TRENDING session=london dir=BUY -> p_win=0.272
[2026-06-30 10:20:42] [INFO] [xgboost_v2] [VERIFY] XGBOOST PREDICTION p_win=0.272 available=True
[2026-06-30 10:20:42] [INFO] [main] [VERIFY][DECISION_TRUTH] bias=bullish score=95.2 confidence=0.911 vote=BUY risk_passed=True sl_tp_calculated=True position_size=0.5 xgboost_p_win=0.2717576026916504 final_decision_valid=False reject_reason=p_win<threshold (p_win=0.272 threshold=0.6)
[2026-06-30 10:20:42] [INFO] [main] --- XAUUSD ---
[2026-06-30 10:20:46] [INFO] [deepseek] DEEPSEEK OK: {
  "impact_score": 70,
  "bias": "bearish",
  "confidence": 0.85,
  "reason": "الاتجاه الفني هابط ب...
[2026-06-30 10:20:46] [INFO] [deepseek] AI XAUUSD: bias=bearish impact=70.0 conf=0.85
[2026-06-30 10:20:46] [INFO] [signal_engine] [VERIFY] SIGNAL_INPUT bias=bearish score=70.0 confidence=0.85
[2026-06-30 10:20:46] [INFO] [signal_engine] [VERIFY] SIGNAL_RULE rule=confidence>=0.60 actual=0.85 result=True
[2026-06-30 10:20:46] [INFO] [signal_engine] [VERIFY] SIGNAL_RULE rule=score>=55 actual=70.0 result=True
[2026-06-30 10:20:46] [INFO] [signal_engine] [VERIFY] SIGNAL_RULE rule=bias in [bullish,bearish] actual=bearish result=True
[2026-06-30 10:20:46] [INFO] [signal_engine] [VERIFY] SIGNAL_FINAL direction=SELL score=70.0 confidence=0.85 valid=True
[2026-06-30 10:20:46] [DEBUG] [signal_engine] Signal: SELL score=70.0 conf=0.85 strength=قوي valid=True
[2026-06-30 10:20:46] [INFO] [sentiment] Sentiment XAUUSD: bearish score=100 bull=0 bear=1
[2026-06-30 10:20:46] [DEBUG] [mtf] MTF (snapshot) XAUUSD: H4=bearish H1=neutral M15=neutral aligned=False (weak)
[2026-06-30 10:20:46] [INFO] [main] [VERIFY][DATA_TRUTH] symbol=XAUUSD timeframe=H4/H1/M15 news_fetched=True indicators_fetched=True live_data=True cached=False
[2026-06-30 10:20:46] [INFO] [voting_engine] XAUUSD: MTF weakly misaligned, reducing score 10%
[2026-06-30 10:20:46] [DEBUG] [hybrid_market_client] Fetching indicators for XAUUSD (QuantDinger only)
[2026-06-30 10:20:46] [DEBUG] [market_client] Candles XAUUSD 4H: 100 bars ✓
[2026-06-30 10:20:46] [DEBUG] [hybrid_market_client] ✓ Got live data from QuantDinger for XAUUSD
[2026-06-30 10:20:46] [DEBUG] [hybrid_market_client] Fetching indicators for XAUUSD (QuantDinger only)
[2026-06-30 10:20:46] [DEBUG] [market_client] Using cached candles for XAUUSD 4H (age: 0s)
[2026-06-30 10:20:46] [DEBUG] [hybrid_market_client] ✓ Got live data from QuantDinger for XAUUSD
[2026-06-30 10:20:46] [INFO] [sltp] SL/TP XAUUSD: entry=4040.89990234375 atr=39.65710 sl=4050.8999 tp=3941.75714
[2026-06-30 10:20:46] [INFO] [position_sizing] Position size: 0.1 (equity=74619, risk=0.001, sl_dist=10.00000, score=56, cons_loss=0)
[2026-06-30 10:20:46] [DEBUG] [xgboost_v2] V2 predict: rsi=53.7 atr=39.65710 regime=TRENDING session=london dir=SELL -> p_win=0.109
[2026-06-30 10:20:46] [INFO] [xgboost_v2] [VERIFY] XGBOOST PREDICTION p_win=0.109 available=True
[2026-06-30 10:20:46] [INFO] [main] [VERIFY][DECISION_TRUTH] bias=bearish score=56.5 confidence=0.753 vote=SELL risk_passed=True sl_tp_calculated=True position_size=0.1 xgboost_p_win=0.10898660123348236 final_decision_valid=False reject_reason=p_win<threshold (p_win=0.109 threshold=0.6)
[2026-06-30 10:20:46] [INFO] [main] --- GBPUSD ---
[2026-06-30 10:20:46] [DEBUG] [hybrid_market_client] Fetching indicators for EURUSD (QuantDinger only)
[2026-06-30 10:20:46] [DEBUG] [market_client] Using cached candles for EURUSD H4 (age: 9s)
[2026-06-30 10:20:46] [DEBUG] [hybrid_market_client] ✓ Got live data from QuantDinger for EURUSD
[2026-06-30 10:20:46] [DEBUG] [hybrid_market_client] Fetching indicators for EURUSD (QuantDinger only)
[2026-06-30 10:20:46] [DEBUG] [market_client] Using cached candles for EURUSD H1 (age: 9s)
[2026-06-30 10:20:46] [DEBUG] [hybrid_market_client] ✓ Got live data from QuantDinger for EURUSD
[2026-06-30 10:20:46] [DEBUG] [hybrid_market_client] Fetching indicators for EURUSD (QuantDinger only)
[2026-06-30 10:20:46] [DEBUG] [market_client] Using cached candles for EURUSD M15 (age: 9s)
[2026-06-30 10:20:46] [DEBUG] [hybrid_market_client] ✓ Got live data from QuantDinger for EURUSD
[2026-06-30 10:20:46] [INFO] [market_snapshot_builder] [SNAPSHOT_BUILT] symbol=EURUSD tfs=H4,H1,M15
[2026-06-30 10:20:46] [DEBUG] [hybrid_market_client] Fetching indicators for XAUUSD (QuantDinger only)
[2026-06-30 10:20:46] [DEBUG] [market_client] Using cached candles for XAUUSD H4 (age: 9s)
[2026-06-30 10:20:46] [DEBUG] [hybrid_market_client] ✓ Got live data from QuantDinger for XAUUSD
[2026-06-30 10:20:46] [DEBUG] [hybrid_market_client] Fetching indicators for XAUUSD (QuantDinger only)
[2026-06-30 10:20:46] [DEBUG] [market_client] Using cached candles for XAUUSD H1 (age: 8s)
[2026-06-30 10:20:46] [DEBUG] [hybrid_market_client] ✓ Got live data from QuantDinger for XAUUSD
[2026-06-30 10:20:46] [DEBUG] [hybrid_market_client] Fetching indicators for XAUUSD (QuantDinger only)
[2026-06-30 10:20:46] [DEBUG] [market_client] Using cached candles for XAUUSD M15 (age: 8s)
[2026-06-30 10:20:46] [DEBUG] [hybrid_market_client] ✓ Got live data from QuantDinger for XAUUSD
[2026-06-30 10:20:46] [INFO] [market_snapshot_builder] [SNAPSHOT_BUILT] symbol=XAUUSD tfs=H4,H1,M15
[2026-06-30 10:20:46] [DEBUG] [hybrid_market_client] Fetching indicators for GBPUSD (QuantDinger only)
[2026-06-30 10:20:46] [DEBUG] [market_client] Using cached candles for GBPUSD H4 (age: 8s)
[2026-06-30 10:20:46] [DEBUG] [hybrid_market_client] ✓ Got live data from QuantDinger for GBPUSD
[2026-06-30 10:20:46] [DEBUG] [hybrid_market_client] Fetching indicators for GBPUSD (QuantDinger only)
[2026-06-30 10:20:46] [DEBUG] [market_client] Using cached candles for GBPUSD H1 (age: 8s)
[2026-06-30 10:20:46] [DEBUG] [hybrid_market_client] ✓ Got live data from QuantDinger for GBPUSD
[2026-06-30 10:20:46] [DEBUG] [hybrid_market_client] Fetching indicators for GBPUSD (QuantDinger only)
[2026-06-30 10:20:46] [DEBUG] [market_client] Using cached candles for GBPUSD M15 (age: 8s)
[2026-06-30 10:20:46] [DEBUG] [hybrid_market_client] ✓ Got live data from QuantDinger for GBPUSD
[2026-06-30 10:20:46] [INFO] [market_snapshot_builder] [SNAPSHOT_BUILT] symbol=GBPUSD tfs=H4,H1,M15
[2026-06-30 10:20:51] [WARNING] [deepseek] DeepSeek truncated by max_tokens, finish_reason=length, content={
  "impact_score": 65,
  "bias": "bullish",
  "confidence": 0.7,
  "reason": "الاتجاه الصاعد مستمر على جميع الأطر الز
[2026-06-30 10:20:51] [WARNING] [deepseek] Retry 1: JSON incomplete/truncated, raw={
  "impact_score": 65,
  "bias": "bullish",
  "confidence": 0.7,
  "reason": "الاتجاه الصاعد مستمر على جميع الأطر الز
[2026-06-30 10:20:51] [INFO] [deepseek] DEEPSEEK OK: {
  "impact_score": 45,
  "bias": "bullish",
  "confidence": 0.65,
  "reason": "الاتجاه الصاعد قوي ع...
[2026-06-30 10:20:51] [INFO] [deepseek] AI EURUSD: bias=bullish impact=45.0 conf=0.65
[2026-06-30 10:20:54] [INFO] [deepseek] DEEPSEEK OK: {
  "impact_score": 70,
  "bias": "bearish",
  "confidence": 0.85,
  "reason": "اتجاه هبوطي قوي على ...
[2026-06-30 10:20:54] [INFO] [deepseek] AI XAUUSD: bias=bearish impact=70.0 conf=0.85
[2026-06-30 10:20:56] [INFO] [deepseek] DEEPSEEK OK: {"impact_score": 60, "bias": "bullish", "confidence": 0.7, "reason": "اتجاه صعودي قوي على جميع الإطا...
[2026-06-30 10:20:56] [INFO] [deepseek] AI GBPUSD: bias=bullish impact=60.0 conf=0.70
[2026-06-30 10:20:56] [INFO] [signal_engine] [VERIFY] SIGNAL_INPUT bias=bullish score=60.0 confidence=0.7
[2026-06-30 10:20:56] [INFO] [signal_engine] [VERIFY] SIGNAL_RULE rule=confidence>=0.60 actual=0.7 result=True
[2026-06-30 10:20:56] [INFO] [signal_engine] [VERIFY] SIGNAL_RULE rule=score>=55 actual=60.0 result=True
[2026-06-30 10:20:56] [INFO] [signal_engine] [VERIFY] SIGNAL_RULE rule=bias in [bullish,bearish] actual=bullish result=True
[2026-06-30 10:20:56] [INFO] [signal_engine] [VERIFY] SIGNAL_FINAL direction=BUY score=60.0 confidence=0.7 valid=True
[2026-06-30 10:20:56] [DEBUG] [signal_engine] Signal: BUY score=60.0 conf=0.70 strength=متوسط valid=True
[2026-06-30 10:20:56] [INFO] [sentiment] Sentiment GBPUSD: bullish score=100 bull=2 bear=0
[2026-06-30 10:20:56] [DEBUG] [mtf] MTF (snapshot) GBPUSD: H4=bullish H1=bullish M15=bullish aligned=True (strong)
[2026-06-30 10:20:56] [INFO] [main] [VERIFY][DATA_TRUTH] symbol=GBPUSD timeframe=H4/H1/M15 news_fetched=True indicators_fetched=True live_data=True cached=False
[2026-06-30 10:20:56] [INFO] [voting_engine] GBPUSD: MTF strongly aligned, boosting score 10%
[2026-06-30 10:20:56] [DEBUG] [hybrid_market_client] Fetching indicators for GBPUSD (QuantDinger only)
[2026-06-30 10:20:56] [DEBUG] [market_client] Candles GBPUSD 4H: 100 bars ✓
[2026-06-30 10:20:56] [DEBUG] [hybrid_market_client] ✓ Got live data from QuantDinger for GBPUSD
[2026-06-30 10:20:56] [DEBUG] [hybrid_market_client] Fetching indicators for GBPUSD (QuantDinger only)
[2026-06-30 10:20:56] [DEBUG] [market_client] Using cached candles for GBPUSD 4H (age: 0s)
[2026-06-30 10:20:56] [DEBUG] [hybrid_market_client] ✓ Got live data from QuantDinger for GBPUSD
[2026-06-30 10:20:56] [INFO] [sltp] SL/TP GBPUSD: entry=1.3244857788085938 atr=0.00227 sl=1.32108 tp=1.33016
[2026-06-30 10:20:56] [INFO] [position_sizing] Position size: 0.5 (equity=74619, risk=0.003, sl_dist=0.00341, score=94, cons_loss=0)
[2026-06-30 10:20:56] [DEBUG] [xgboost_v2] V2 predict: rsi=67.4 atr=0.00227 regime=TRENDING session=london dir=BUY -> p_win=0.274
[2026-06-30 10:20:56] [INFO] [xgboost_v2] [VERIFY] XGBOOST PREDICTION p_win=0.274 available=True
[2026-06-30 10:20:56] [INFO] [main] [VERIFY][DECISION_TRUTH] bias=bullish score=94.1 confidence=1.0 vote=BUY risk_passed=True sl_tp_calculated=True position_size=0.5 xgboost_p_win=0.2744545638561249 final_decision_valid=False reject_reason=p_win<threshold (p_win=0.274 threshold=0.6)
[2026-06-30 10:20:56] [INFO] [adaptive_weights] EURUSD weights updated: {'ai': 0.239, 'trend': 0.239, 'momentum': 0.239, 'sentiment': 0.239, 'volatility': 0.043} | WR=13.6% PF=0
[2026-06-30 10:20:56] [INFO] [adaptive_weights] 🏆 أفضل زوج: EURUSD | WR=13.6% | PnL=190.0$
[2026-06-30 10:20:56] [INFO] [adaptive_weights] ⚠️ أسوأ زوج: XAUUSD | WR=0.0% | PnL=0.0$
[2026-06-30 10:20:56] [INFO] [main] Sleeping 1800s...
[2026-06-30 10:20:57] [INFO] [deepseek] DEEPSEEK OK: {
  "impact_score": 75,
  "bias": "bullish",
  "confidence": 0.8,
  "reason": "الأنباء تشير إلى ضعف ...
[2026-06-30 10:20:57] [INFO] [deepseek] AI GBPUSD: bias=bullish impact=75.0 conf=0.80
[2026-06-30 10:50:56] [INFO] [main] ==================================================
[2026-06-30 10:50:56] [INFO] [main] Cycle 8 at 10:50:56
[2026-06-30 10:51:06] [INFO] [news_fetcher] Fetched 24 relevant news items
[2026-06-30 10:51:06] [INFO] [main] Equity: 74619.42$ | News: 24
[2026-06-30 10:51:06] [DEBUG] [hybrid_market_client] Fetching indicators for EURUSD (QuantDinger only)
[2026-06-30 10:51:06] [DEBUG] [market_client] Candles EURUSD 4H: 100 bars ✓
[2026-06-30 10:51:06] [DEBUG] [hybrid_market_client] ✓ Got live data from QuantDinger for EURUSD
[2026-06-30 10:51:06] [DEBUG] [hybrid_market_client] Fetching indicators for EURUSD (QuantDinger only)
[2026-06-30 10:51:06] [DEBUG] [market_client] Candles EURUSD 4H: 100 bars ✓
[2026-06-30 10:51:06] [DEBUG] [hybrid_market_client] ✓ Got live data from QuantDinger for EURUSD
[2026-06-30 10:51:06] [DEBUG] [hybrid_market_client] Fetching indicators for EURUSD (QuantDinger only)
[2026-06-30 10:51:06] [DEBUG] [market_client] Candles EURUSD 4H: 100 bars ✓
[2026-06-30 10:51:06] [DEBUG] [hybrid_market_client] ✓ Got live data from QuantDinger for EURUSD
[2026-06-30 10:51:06] [INFO] [market_snapshot_builder] [SNAPSHOT_BUILT] symbol=EURUSD tfs=H4,H1,M15
[2026-06-30 10:51:06] [DEBUG] [hybrid_market_client] Fetching indicators for XAUUSD (QuantDinger only)
[2026-06-30 10:51:06] [DEBUG] [market_client] Candles XAUUSD 4H: 100 bars ✓
[2026-06-30 10:51:06] [DEBUG] [hybrid_market_client] ✓ Got live data from QuantDinger for XAUUSD
[2026-06-30 10:51:06] [DEBUG] [hybrid_market_client] Fetching indicators for XAUUSD (QuantDinger only)
[2026-06-30 10:51:07] [DEBUG] [market_client] Candles XAUUSD 4H: 100 bars ✓
[2026-06-30 10:51:07] [DEBUG] [hybrid_market_client] ✓ Got live data from QuantDinger for XAUUSD
[2026-06-30 10:51:07] [DEBUG] [hybrid_market_client] Fetching indicators for XAUUSD (QuantDinger only)
[2026-06-30 10:51:07] [DEBUG] [market_client] Candles XAUUSD 4H: 100 bars ✓
[2026-06-30 10:51:07] [DEBUG] [hybrid_market_client] ✓ Got live data from QuantDinger for XAUUSD
[2026-06-30 10:51:07] [INFO] [market_snapshot_builder] [SNAPSHOT_BUILT] symbol=XAUUSD tfs=H4,H1,M15
[2026-06-30 10:51:07] [DEBUG] [hybrid_market_client] Fetching indicators for GBPUSD (QuantDinger only)
[2026-06-30 10:51:07] [DEBUG] [market_client] Candles GBPUSD 4H: 100 bars ✓
[2026-06-30 10:51:07] [DEBUG] [hybrid_market_client] ✓ Got live data from QuantDinger for GBPUSD
[2026-06-30 10:51:07] [DEBUG] [hybrid_market_client] Fetching indicators for GBPUSD (QuantDinger only)
[2026-06-30 10:51:07] [DEBUG] [market_client] Candles GBPUSD 4H: 100 bars ✓
[2026-06-30 10:51:07] [DEBUG] [hybrid_market_client] ✓ Got live data from QuantDinger for GBPUSD
[2026-06-30 10:51:07] [DEBUG] [hybrid_market_client] Fetching indicators for GBPUSD (QuantDinger only)
[2026-06-30 10:51:07] [DEBUG] [market_client] Candles GBPUSD 4H: 100 bars ✓
[2026-06-30 10:51:07] [DEBUG] [hybrid_market_client] ✓ Got live data from QuantDinger for GBPUSD
[2026-06-30 10:51:07] [INFO] [market_snapshot_builder] [SNAPSHOT_BUILT] symbol=GBPUSD tfs=H4,H1,M15
[2026-06-30 10:51:07] [INFO] [main] --- EURUSD ---
[2026-06-30 10:51:11] [WARNING] [deepseek] DeepSeek truncated by max_tokens, finish_reason=length, content={
  "impact_score": 60,

[2026-06-30 10:51:11] [WARNING] [deepseek] Retry 1: JSON incomplete/truncated, raw={
  "impact_score": 60,

[2026-06-30 10:51:21] [INFO] [deepseek] DEEPSEEK OK: {
  "impact_score": 50,
  "bias": "neutral",
  "confidence": 0.4,
  "reason": "أنباء التضخم الفرنسي ...
[2026-06-30 10:51:21] [INFO] [deepseek] AI EURUSD: bias=neutral impact=50.0 conf=0.40
[2026-06-30 10:51:21] [INFO] [signal_engine] [VERIFY] SIGNAL_INPUT bias=neutral score=50.0 confidence=0.4
[2026-06-30 10:51:21] [INFO] [signal_engine] [VERIFY] SIGNAL_RULE rule=confidence>=0.60 actual=0.4 result=False
[2026-06-30 10:51:21] [INFO] [signal_engine] [VERIFY] SIGNAL_RULE rule=score>=55 actual=50.0 result=False
[2026-06-30 10:51:21] [INFO] [signal_engine] [VERIFY] SIGNAL_RULE rule=bias in [bullish,bearish] actual=neutral result=False
[2026-06-30 10:51:21] [INFO] [signal_engine] [VERIFY] SIGNAL_FINAL direction=NEUTRAL score=50.0 confidence=0.4 valid=False
[2026-06-30 10:51:21] [INFO] [signal_engine] [VERIFY] SIGNAL_FAILURE_REASONS
[2026-06-30 10:51:21] [INFO] [signal_engine] * confidence below threshold
[2026-06-30 10:51:21] [INFO] [signal_engine] * score below threshold
[2026-06-30 10:51:21] [INFO] [signal_engine] * neutral bias
[2026-06-30 10:51:21] [INFO] [signal_engine] [VERIFY] SIGNAL_FAILURE_LOCATION file=F:\files (2)\google\botdd\trading_bot_v3\decision\signal_engine.py function=generate_signal
[2026-06-30 10:51:21] [DEBUG] [signal_engine] Signal: NEUTRAL score=50.0 conf=0.40 strength=ضعيف valid=False
[2026-06-30 10:51:21] [INFO] [sentiment] Sentiment EURUSD: neutral score=50 bull=3 bear=4
[2026-06-30 10:51:21] [DEBUG] [mtf] MTF (snapshot) EURUSD: H4=bullish H1=bullish M15=bullish aligned=True (strong)
[2026-06-30 10:51:21] [INFO] [main] [VERIFY][DATA_TRUTH] symbol=EURUSD timeframe=H4/H1/M15 news_fetched=True indicators_fetched=True live_data=True cached=False
[2026-06-30 10:51:21] [INFO] [voting_engine] EURUSD: MTF strongly aligned, boosting score 10%
[2026-06-30 10:51:21] [INFO] [risk_engine] Risk: AI confidence too low (EURUSD BUY) - AI confidence 0.40 < 0.6
[2026-06-30 10:51:21] [DEBUG] [hybrid_market_client] Fetching indicators for EURUSD (QuantDinger only)
[2026-06-30 10:51:21] [DEBUG] [market_client] Candles EURUSD 4H: 100 bars ✓
[2026-06-30 10:51:21] [DEBUG] [hybrid_market_client] ✓ Got live data from QuantDinger for EURUSD
[2026-06-30 10:51:21] [DEBUG] [hybrid_market_client] Fetching indicators for EURUSD (QuantDinger only)
[2026-06-30 10:51:21] [DEBUG] [market_client] Using cached candles for EURUSD 4H (age: 0s)
[2026-06-30 10:51:21] [DEBUG] [hybrid_market_client] ✓ Got live data from QuantDinger for EURUSD
[2026-06-30 10:51:21] [INFO] [sltp] SL/TP EURUSD: entry=1.140380859375 atr=0.00214 sl=1.13718 tp=1.14572
[2026-06-30 10:51:21] [INFO] [position_sizing] Position size: 0.5 (equity=74619, risk=0.001, sl_dist=0.00320, score=76, cons_loss=0)
[2026-06-30 10:51:21] [DEBUG] [xgboost_v2] V2 predict: rsi=64.0 atr=0.00214 regime=TRENDING session=london dir=BUY -> p_win=0.272
[2026-06-30 10:51:21] [INFO] [xgboost_v2] [VERIFY] XGBOOST PREDICTION p_win=0.272 available=True
[2026-06-30 10:51:21] [INFO] [main] [VERIFY][DECISION_TRUTH] bias=neutral score=76.0 confidence=0.317 vote=BUY risk_passed=False sl_tp_calculated=True position_size=0.5 xgboost_p_win=0.2717576026916504 final_decision_valid=False reject_reason=p_win<threshold (p_win=0.272 threshold=0.6)
[2026-06-30 10:51:21] [INFO] [main] --- XAUUSD ---
[2026-06-30 10:51:24] [INFO] [deepseek] DEEPSEEK OK: {
  "impact_score": 75,
  "bias": "bearish",
  "confidence": 0.7,
  "reason": "الذهب في اتجاه هبوطي ...
[2026-06-30 10:51:24] [INFO] [deepseek] AI XAUUSD: bias=bearish impact=75.0 conf=0.70
[2026-06-30 10:51:24] [INFO] [signal_engine] [VERIFY] SIGNAL_INPUT bias=bearish score=75.0 confidence=0.7
[2026-06-30 10:51:24] [INFO] [signal_engine] [VERIFY] SIGNAL_RULE rule=confidence>=0.60 actual=0.7 result=True
[2026-06-30 10:51:24] [INFO] [signal_engine] [VERIFY] SIGNAL_RULE rule=score>=55 actual=75.0 result=True
[2026-06-30 10:51:24] [INFO] [signal_engine] [VERIFY] SIGNAL_RULE rule=bias in [bullish,bearish] actual=bearish result=True
[2026-06-30 10:51:24] [INFO] [signal_engine] [VERIFY] SIGNAL_FINAL direction=SELL score=75.0 confidence=0.7 valid=True
[2026-06-30 10:51:24] [DEBUG] [signal_engine] Signal: SELL score=75.0 conf=0.70 strength=قوي valid=True
[2026-06-30 10:51:24] [INFO] [sentiment] Sentiment XAUUSD: bearish score=100 bull=0 bear=1
[2026-06-30 10:51:24] [DEBUG] [mtf] MTF (snapshot) XAUUSD: H4=bearish H1=neutral M15=neutral aligned=False (weak)
[2026-06-30 10:51:24] [INFO] [main] [VERIFY][DATA_TRUTH] symbol=XAUUSD timeframe=H4/H1/M15 news_fetched=True indicators_fetched=True live_data=True cached=False
[2026-06-30 10:51:24] [INFO] [voting_engine] XAUUSD: MTF weakly misaligned, reducing score 10%
[2026-06-30 10:51:24] [DEBUG] [hybrid_market_client] Fetching indicators for XAUUSD (QuantDinger only)
[2026-06-30 10:51:24] [DEBUG] [market_client] Candles XAUUSD 4H: 100 bars ✓
[2026-06-30 10:51:24] [DEBUG] [hybrid_market_client] ✓ Got live data from QuantDinger for XAUUSD
[2026-06-30 10:51:24] [DEBUG] [hybrid_market_client] Fetching indicators for XAUUSD (QuantDinger only)
[2026-06-30 10:51:24] [DEBUG] [market_client] Using cached candles for XAUUSD 4H (age: 0s)
[2026-06-30 10:51:24] [DEBUG] [hybrid_market_client] ✓ Got live data from QuantDinger for XAUUSD
[2026-06-30 10:51:24] [INFO] [sltp] SL/TP XAUUSD: entry=4043.0 atr=39.72138 sl=4053.0 tp=3943.69654
[2026-06-30 10:51:24] [INFO] [position_sizing] Position size: 0.1 (equity=74619, risk=0.001, sl_dist=10.00000, score=55, cons_loss=0)
[2026-06-30 10:51:24] [DEBUG] [xgboost_v2] V2 predict: rsi=54.0 atr=39.72138 regime=TRENDING session=london dir=SELL -> p_win=0.109
[2026-06-30 10:51:24] [INFO] [xgboost_v2] [VERIFY] XGBOOST PREDICTION p_win=0.109 available=True
[2026-06-30 10:51:24] [INFO] [main] [VERIFY][DECISION_TRUTH] bias=bearish score=54.9 confidence=0.62 vote=SELL risk_passed=True sl_tp_calculated=True position_size=0.1 xgboost_p_win=0.10898660123348236 final_decision_valid=False reject_reason=p_win<threshold (p_win=0.109 threshold=0.6)
[2026-06-30 10:51:24] [INFO] [main] --- GBPUSD ---
[2026-06-30 10:51:28] [INFO] [deepseek] DEEPSEEK OK: {"impact_score": 85, "bias": "bullish", "confidence": 0.85, "reason": "الاتجاه صاعد والأخبار تدعم ال...
[2026-06-30 10:51:28] [INFO] [deepseek] AI GBPUSD: bias=bullish impact=85.0 conf=0.85
[2026-06-30 10:51:28] [INFO] [signal_engine] [VERIFY] SIGNAL_INPUT bias=bullish score=85.0 confidence=0.85
[2026-06-30 10:51:28] [INFO] [signal_engine] [VERIFY] SIGNAL_RULE rule=confidence>=0.60 actual=0.85 result=True
[2026-06-30 10:51:28] [INFO] [signal_engine] [VERIFY] SIGNAL_RULE rule=score>=55 actual=85.0 result=True
[2026-06-30 10:51:28] [INFO] [signal_engine] [VERIFY] SIGNAL_RULE rule=bias in [bullish,bearish] actual=bullish result=True
[2026-06-30 10:51:28] [INFO] [signal_engine] [VERIFY] SIGNAL_FINAL direction=BUY score=85.0 confidence=0.85 valid=True
[2026-06-30 10:51:28] [DEBUG] [signal_engine] Signal: BUY score=85.0 conf=0.85 strength=قوي جداً valid=True
[2026-06-30 10:51:28] [INFO] [sentiment] Sentiment GBPUSD: bearish score=83 bull=1 bear=2
[2026-06-30 10:51:28] [DEBUG] [mtf] MTF (snapshot) GBPUSD: H4=bullish H1=bullish M15=bullish aligned=True (strong)
[2026-06-30 10:51:28] [INFO] [main] [VERIFY][DATA_TRUTH] symbol=GBPUSD timeframe=H4/H1/M15 news_fetched=True indicators_fetched=True live_data=True cached=False
[2026-06-30 10:51:28] [INFO] [voting_engine] GBPUSD: MTF strongly aligned, boosting score 10%
[2026-06-30 10:51:28] [DEBUG] [hybrid_market_client] Fetching indicators for GBPUSD (QuantDinger only)
[2026-06-30 10:51:28] [DEBUG] [market_client] Candles GBPUSD 4H: 100 bars ✓
[2026-06-30 10:51:28] [DEBUG] [hybrid_market_client] ✓ Got live data from QuantDinger for GBPUSD
[2026-06-30 10:51:28] [DEBUG] [hybrid_market_client] Fetching indicators for GBPUSD (QuantDinger only)
[2026-06-30 10:51:28] [DEBUG] [market_client] Using cached candles for GBPUSD 4H (age: 0s)
[2026-06-30 10:51:28] [DEBUG] [hybrid_market_client] ✓ Got live data from QuantDinger for GBPUSD
[2026-06-30 10:51:28] [INFO] [sltp] SL/TP GBPUSD: entry=1.323539137840271 atr=0.00230 sl=1.3201 tp=1.32928
[2026-06-30 10:51:28] [INFO] [position_sizing] Position size: 0.5 (equity=74619, risk=0.003, sl_dist=0.00344, score=100, cons_loss=0)
[2026-06-30 10:51:28] [DEBUG] [xgboost_v2] V2 predict: rsi=64.5 atr=0.00230 regime=TRENDING session=london dir=BUY -> p_win=0.290
[2026-06-30 10:51:28] [INFO] [xgboost_v2] [VERIFY] XGBOOST PREDICTION p_win=0.290 available=True
[2026-06-30 10:51:28] [INFO] [main] [VERIFY][DECISION_TRUTH] bias=bullish score=100 confidence=1.0 vote=BUY risk_passed=True sl_tp_calculated=True position_size=0.5 xgboost_p_win=0.29025977849960327 final_decision_valid=False reject_reason=p_win<threshold (p_win=0.290 threshold=0.6)
[2026-06-30 10:51:28] [INFO] [adaptive_weights] EURUSD weights updated: {'ai': 0.239, 'trend': 0.239, 'momentum': 0.239, 'sentiment': 0.239, 'volatility': 0.043} | WR=13.6% PF=0
[2026-06-30 10:51:28] [INFO] [adaptive_weights] 🏆 أفضل زوج: EURUSD | WR=13.6% | PnL=190.0$
[2026-06-30 10:51:28] [INFO] [adaptive_weights] ⚠️ أسوأ زوج: XAUUSD | WR=0.0% | PnL=0.0$
[2026-06-30 10:51:28] [INFO] [main] Sleeping 1800s...
[2026-06-30 11:18:37] [INFO] [qd_client] Logged in to QuantDinger
[2026-06-30 11:21:28] [INFO] [main] ==================================================
[2026-06-30 11:21:28] [INFO] [main] Cycle 9 at 11:21:28
[2026-06-30 11:21:38] [INFO] [news_fetcher] Fetched 24 relevant news items
[2026-06-30 11:21:38] [INFO] [main] Equity: 74619.42$ | News: 24
[2026-06-30 11:21:38] [DEBUG] [hybrid_market_client] Fetching indicators for EURUSD (QuantDinger only)
[2026-06-30 11:21:38] [DEBUG] [market_client] Candles EURUSD 4H: 100 bars ✓
[2026-06-30 11:21:38] [DEBUG] [hybrid_market_client] ✓ Got live data from QuantDinger for EURUSD
[2026-06-30 11:21:38] [DEBUG] [hybrid_market_client] Fetching indicators for EURUSD (QuantDinger only)
[2026-06-30 11:21:38] [DEBUG] [market_client] Candles EURUSD 4H: 100 bars ✓
[2026-06-30 11:21:38] [DEBUG] [hybrid_market_client] ✓ Got live data from QuantDinger for EURUSD
[2026-06-30 11:21:38] [DEBUG] [hybrid_market_client] Fetching indicators for EURUSD (QuantDinger only)
[2026-06-30 11:21:38] [DEBUG] [market_client] Candles EURUSD 4H: 100 bars ✓
[2026-06-30 11:21:38] [DEBUG] [hybrid_market_client] ✓ Got live data from QuantDinger for EURUSD
[2026-06-30 11:21:38] [INFO] [market_snapshot_builder] [SNAPSHOT_BUILT] symbol=EURUSD tfs=H4,H1,M15
[2026-06-30 11:21:38] [DEBUG] [hybrid_market_client] Fetching indicators for XAUUSD (QuantDinger only)
[2026-06-30 11:21:39] [DEBUG] [market_client] Candles XAUUSD 4H: 100 bars ✓
[2026-06-30 11:21:39] [DEBUG] [hybrid_market_client] ✓ Got live data from QuantDinger for XAUUSD
[2026-06-30 11:21:39] [DEBUG] [hybrid_market_client] Fetching indicators for XAUUSD (QuantDinger only)
[2026-06-30 11:21:39] [DEBUG] [market_client] Candles XAUUSD 4H: 100 bars ✓
[2026-06-30 11:21:39] [DEBUG] [hybrid_market_client] ✓ Got live data from QuantDinger for XAUUSD
[2026-06-30 11:21:39] [DEBUG] [hybrid_market_client] Fetching indicators for XAUUSD (QuantDinger only)
[2026-06-30 11:21:39] [DEBUG] [market_client] Candles XAUUSD 4H: 100 bars ✓
[2026-06-30 11:21:39] [DEBUG] [hybrid_market_client] ✓ Got live data from QuantDinger for XAUUSD
[2026-06-30 11:21:39] [INFO] [market_snapshot_builder] [SNAPSHOT_BUILT] symbol=XAUUSD tfs=H4,H1,M15
[2026-06-30 11:21:39] [DEBUG] [hybrid_market_client] Fetching indicators for GBPUSD (QuantDinger only)
[2026-06-30 11:21:39] [DEBUG] [market_client] Candles GBPUSD 4H: 100 bars ✓
[2026-06-30 11:21:39] [DEBUG] [hybrid_market_client] ✓ Got live data from QuantDinger for GBPUSD
[2026-06-30 11:21:39] [DEBUG] [hybrid_market_client] Fetching indicators for GBPUSD (QuantDinger only)
[2026-06-30 11:21:39] [DEBUG] [market_client] Candles GBPUSD 4H: 100 bars ✓
[2026-06-30 11:21:39] [DEBUG] [hybrid_market_client] ✓ Got live data from QuantDinger for GBPUSD
[2026-06-30 11:21:39] [DEBUG] [hybrid_market_client] Fetching indicators for GBPUSD (QuantDinger only)
[2026-06-30 11:21:39] [DEBUG] [market_client] Candles GBPUSD 4H: 100 bars ✓
[2026-06-30 11:21:39] [DEBUG] [hybrid_market_client] ✓ Got live data from QuantDinger for GBPUSD
[2026-06-30 11:21:39] [INFO] [market_snapshot_builder] [SNAPSHOT_BUILT] symbol=GBPUSD tfs=H4,H1,M15
[2026-06-30 11:21:39] [INFO] [main] --- EURUSD ---
[2026-06-30 11:21:43] [INFO] [deepseek] DEEPSEEK OK: {"impact_score": 60, "bias": "bullish", "confidence": 0.6, "reason": "تظل الاتجاهات الصاعدة قوية رغم...
[2026-06-30 11:21:43] [INFO] [deepseek] AI EURUSD: bias=bullish impact=60.0 conf=0.60
[2026-06-30 11:21:43] [INFO] [signal_engine] [VERIFY] SIGNAL_INPUT bias=bullish score=60.0 confidence=0.6
[2026-06-30 11:21:43] [INFO] [signal_engine] [VERIFY] SIGNAL_RULE rule=confidence>=0.60 actual=0.6 result=True
[2026-06-30 11:21:43] [INFO] [signal_engine] [VERIFY] SIGNAL_RULE rule=score>=55 actual=60.0 result=True
[2026-06-30 11:21:43] [INFO] [signal_engine] [VERIFY] SIGNAL_RULE rule=bias in [bullish,bearish] actual=bullish result=True
[2026-06-30 11:21:43] [INFO] [signal_engine] [VERIFY] SIGNAL_FINAL direction=BUY score=60.0 confidence=0.6 valid=True
[2026-06-30 11:21:43] [DEBUG] [signal_engine] Signal: BUY score=60.0 conf=0.60 strength=متوسط valid=True
[2026-06-30 11:21:43] [INFO] [sentiment] Sentiment EURUSD: bullish score=86 bull=5 bear=2
[2026-06-30 11:21:43] [DEBUG] [mtf] MTF (snapshot) EURUSD: H4=bullish H1=bullish M15=bullish aligned=True (strong)
[2026-06-30 11:21:43] [INFO] [main] [VERIFY][DATA_TRUTH] symbol=EURUSD timeframe=H4/H1/M15 news_fetched=True indicators_fetched=True live_data=True cached=False
[2026-06-30 11:21:43] [INFO] [voting_engine] EURUSD: MTF strongly aligned, boosting score 10%
[2026-06-30 11:21:43] [DEBUG] [hybrid_market_client] Fetching indicators for EURUSD (QuantDinger only)
[2026-06-30 11:21:43] [DEBUG] [market_client] Candles EURUSD 4H: 100 bars ✓
[2026-06-30 11:21:43] [DEBUG] [hybrid_market_client] ✓ Got live data from QuantDinger for EURUSD
[2026-06-30 11:21:43] [DEBUG] [hybrid_market_client] Fetching indicators for EURUSD (QuantDinger only)
[2026-06-30 11:21:43] [DEBUG] [market_client] Using cached candles for EURUSD 4H (age: 0s)
[2026-06-30 11:21:43] [DEBUG] [hybrid_market_client] ✓ Got live data from QuantDinger for EURUSD
[2026-06-30 11:21:43] [INFO] [sltp] SL/TP EURUSD: entry=1.1393414735794067 atr=0.00222 sl=1.13601 tp=1.14489
[2026-06-30 11:21:43] [INFO] [position_sizing] Position size: 0.5 (equity=74619, risk=0.003, sl_dist=0.00333, score=95, cons_loss=0)
[2026-06-30 11:21:43] [DEBUG] [xgboost_v2] V2 predict: rsi=59.8 atr=0.00222 regime=TRENDING session=london dir=BUY -> p_win=0.245
[2026-06-30 11:21:43] [INFO] [xgboost_v2] [VERIFY] XGBOOST PREDICTION p_win=0.245 available=True
[2026-06-30 11:21:43] [INFO] [main] [VERIFY][DECISION_TRUTH] bias=bullish score=95.2 confidence=0.911 vote=BUY risk_passed=True sl_tp_calculated=True position_size=0.5 xgboost_p_win=0.24464109539985657 final_decision_valid=False reject_reason=p_win<threshold (p_win=0.245 threshold=0.6)
[2026-06-30 11:21:43] [INFO] [main] --- XAUUSD ---
[2026-06-30 11:21:47] [INFO] [deepseek] DEEPSEEK OK: {"impact_score": 65, "bias": "bearish", "confidence": 0.85, "reason": "الاتجاه هابط بشدة على جميع ال...
[2026-06-30 11:21:47] [INFO] [deepseek] AI XAUUSD: bias=bearish impact=65.0 conf=0.85
[2026-06-30 11:21:47] [INFO] [signal_engine] [VERIFY] SIGNAL_INPUT bias=bearish score=65.0 confidence=0.85
[2026-06-30 11:21:47] [INFO] [signal_engine] [VERIFY] SIGNAL_RULE rule=confidence>=0.60 actual=0.85 result=True
[2026-06-30 11:21:47] [INFO] [signal_engine] [VERIFY] SIGNAL_RULE rule=score>=55 actual=65.0 result=True
[2026-06-30 11:21:47] [INFO] [signal_engine] [VERIFY] SIGNAL_RULE rule=bias in [bullish,bearish] actual=bearish result=True
[2026-06-30 11:21:47] [INFO] [signal_engine] [VERIFY] SIGNAL_FINAL direction=SELL score=65.0 confidence=0.85 valid=True
[2026-06-30 11:21:47] [DEBUG] [signal_engine] Signal: SELL score=65.0 conf=0.85 strength=متوسط valid=True
[2026-06-30 11:21:47] [INFO] [sentiment] Sentiment XAUUSD: bearish score=100 bull=0 bear=2
[2026-06-30 11:21:47] [DEBUG] [mtf] MTF (snapshot) XAUUSD: H4=bearish H1=neutral M15=neutral aligned=False (weak)
[2026-06-30 11:21:47] [INFO] [main] [VERIFY][DATA_TRUTH] symbol=XAUUSD timeframe=H4/H1/M15 news_fetched=True indicators_fetched=True live_data=True cached=False
[2026-06-30 11:21:47] [INFO] [voting_engine] XAUUSD: MTF weakly misaligned, reducing score 10%
[2026-06-30 11:21:47] [DEBUG] [hybrid_market_client] Fetching indicators for XAUUSD (QuantDinger only)
[2026-06-30 11:21:47] [DEBUG] [market_client] Candles XAUUSD 4H: 100 bars ✓
[2026-06-30 11:21:47] [DEBUG] [hybrid_market_client] ✓ Got live data from QuantDinger for XAUUSD
[2026-06-30 11:21:47] [DEBUG] [hybrid_market_client] Fetching indicators for XAUUSD (QuantDinger only)
[2026-06-30 11:21:47] [DEBUG] [market_client] Using cached candles for XAUUSD 4H (age: 0s)
[2026-06-30 11:21:47] [DEBUG] [hybrid_market_client] ✓ Got live data from QuantDinger for XAUUSD
[2026-06-30 11:21:47] [INFO] [sltp] SL/TP XAUUSD: entry=4040.300048828125 atr=37.67139 sl=4050.30005 tp=3946.12158
[2026-06-30 11:21:47] [INFO] [position_sizing] Position size: 0.1 (equity=74619, risk=0.001, sl_dist=10.00000, score=55, cons_loss=0)
[2026-06-30 11:21:47] [DEBUG] [xgboost_v2] V2 predict: rsi=48.9 atr=37.67139 regime=TRENDING session=london dir=SELL -> p_win=0.258
[2026-06-30 11:21:47] [INFO] [xgboost_v2] [VERIFY] XGBOOST PREDICTION p_win=0.258 available=True
[2026-06-30 11:21:47] [INFO] [main] [VERIFY][DECISION_TRUTH] bias=bearish score=55.1 confidence=0.753 vote=SELL risk_passed=True sl_tp_calculated=True position_size=0.1 xgboost_p_win=0.2580501139163971 final_decision_valid=False reject_reason=p_win<threshold (p_win=0.258 threshold=0.6)
[2026-06-30 11:21:47] [INFO] [main] --- GBPUSD ---
[2026-06-30 11:21:52] [WARNING] [deepseek] DeepSeek empty response: finish_reason=length, raw={"id":"40136d01-7a62-4687-873c-1461ee5c66bc","object":"chat.completion","created":1782807708,"model":"deepseek-v4-flash","choices":[{"index":0,"message":{"role":"assistant","content":"","reasoning_content":"We need to analyze the given data. Market context: GBPUSD current price 1.3228, RSI 61.98 (ne
[2026-06-30 11:22:02] [WARNING] [deepseek] DeepSeek empty response: finish_reason=length, raw={"id":"175b5040-49f4-4fa5-b1d7-3fdc427c9264","object":"chat.completion","created":1782807714,"model":"deepseek-v4-flash","choices":[{"index":0,"message":{"role":"assistant","content":"","reasoning_content":"We need to analyze the given data. Market context: GBPUSD current price 1.3228, RSI 61.98 (sl
[2026-06-30 11:22:09] [WARNING] [deepseek] DeepSeek empty response: finish_reason=length, raw={"id":"1fd834c5-e607-4050-9335-a821a2c069dc","object":"chat.completion","created":1782807725,"model":"deepseek-v4-flash","choices":[{"index":0,"message":{"role":"assistant","content":"","reasoning_content":"We need to analyze the given data. Market context: GBPUSD price 1.3228, RSI 61.98 (neutral to
[2026-06-30 11:22:16] [INFO] [deepseek] DEEPSEEK OK: {
  "impact_score": 60,
  "bias": "bullish",
  "confidence": 0.8,
  "reason": "اتجاه صعودي واضح على ...
[2026-06-30 11:22:16] [INFO] [deepseek] AI GBPUSD: bias=bullish impact=60.0 conf=0.80
[2026-06-30 11:22:16] [INFO] [signal_engine] [VERIFY] SIGNAL_INPUT bias=bullish score=60.0 confidence=0.8
[2026-06-30 11:22:16] [INFO] [signal_engine] [VERIFY] SIGNAL_RULE rule=confidence>=0.60 actual=0.8 result=True
[2026-06-30 11:22:16] [INFO] [signal_engine] [VERIFY] SIGNAL_RULE rule=score>=55 actual=60.0 result=True
[2026-06-30 11:22:16] [INFO] [signal_engine] [VERIFY] SIGNAL_RULE rule=bias in [bullish,bearish] actual=bullish result=True
[2026-06-30 11:22:16] [INFO] [signal_engine] [VERIFY] SIGNAL_FINAL direction=BUY score=60.0 confidence=0.8 valid=True
[2026-06-30 11:22:16] [DEBUG] [signal_engine] Signal: BUY score=60.0 conf=0.80 strength=متوسط valid=True
[2026-06-30 11:22:16] [INFO] [sentiment] Sentiment GBPUSD: bearish score=83 bull=1 bear=2
[2026-06-30 11:22:16] [DEBUG] [mtf] MTF (snapshot) GBPUSD: H4=bullish H1=bullish M15=bullish aligned=True (strong)
[2026-06-30 11:22:16] [INFO] [main] [VERIFY][DATA_TRUTH] symbol=GBPUSD timeframe=H4/H1/M15 news_fetched=True indicators_fetched=True live_data=True cached=False
[2026-06-30 11:22:16] [INFO] [voting_engine] GBPUSD: MTF strongly aligned, boosting score 10%
[2026-06-30 11:22:16] [DEBUG] [hybrid_market_client] Fetching indicators for GBPUSD (QuantDinger only)
[2026-06-30 11:22:16] [DEBUG] [market_client] Candles GBPUSD 4H: 100 bars ✓
[2026-06-30 11:22:16] [DEBUG] [hybrid_market_client] ✓ Got live data from QuantDinger for GBPUSD
[2026-06-30 11:22:16] [DEBUG] [hybrid_market_client] Fetching indicators for GBPUSD (QuantDinger only)
[2026-06-30 11:22:16] [DEBUG] [market_client] Using cached candles for GBPUSD 4H (age: 0s)
[2026-06-30 11:22:16] [DEBUG] [hybrid_market_client] ✓ Got live data from QuantDinger for GBPUSD
[2026-06-30 11:22:16] [INFO] [sltp] SL/TP GBPUSD: entry=1.3228038549423218 atr=0.00235 sl=1.31927 tp=1.32869
[2026-06-30 11:22:16] [INFO] [position_sizing] Position size: 0.5 (equity=74619, risk=0.003, sl_dist=0.00353, score=93, cons_loss=0)
[2026-06-30 11:22:16] [DEBUG] [xgboost_v2] V2 predict: rsi=62.0 atr=0.00235 regime=TRENDING session=london dir=BUY -> p_win=0.400
[2026-06-30 11:22:16] [INFO] [xgboost_v2] [VERIFY] XGBOOST PREDICTION p_win=0.400 available=True
[2026-06-30 11:22:16] [INFO] [main] [VERIFY][DECISION_TRUTH] bias=bullish score=92.6 confidence=1.0 vote=BUY risk_passed=True sl_tp_calculated=True position_size=0.5 xgboost_p_win=0.399665892124176 final_decision_valid=False reject_reason=p_win<threshold (p_win=0.400 threshold=0.6)
[2026-06-30 11:22:16] [INFO] [adaptive_weights] EURUSD weights updated: {'ai': 0.239, 'trend': 0.239, 'momentum': 0.239, 'sentiment': 0.239, 'volatility': 0.043} | WR=13.6% PF=0
[2026-06-30 11:22:16] [INFO] [adaptive_weights] 🏆 أفضل زوج: EURUSD | WR=13.6% | PnL=190.0$
[2026-06-30 11:22:16] [INFO] [adaptive_weights] ⚠️ أسوأ زوج: XAUUSD | WR=0.0% | PnL=0.0$
[2026-06-30 11:22:16] [INFO] [main] Sleeping 1800s...
[2026-06-30 18:26:10] [INFO] [main] Trading Bot V3 starting...
[2026-06-30 18:26:10] [INFO] [database] V3 Database initialized with all tables
[2026-06-30 18:26:11] [INFO] [qd_client] Logged in to QuantDinger
[2026-06-30 18:26:11] [INFO] [qd_client] MT5 connected
[2026-06-30 18:26:11] [INFO] [main] MT5 connected
[2026-06-30 18:26:11] [INFO] [telegram_bot] Telegram polling started
[2026-06-30 18:26:11] [INFO] [telegram_bot] Telegram bot V3 started
[2026-06-30 18:26:11] [INFO] [mt5_watchdog] MT5 watchdog started (V1 reconnect logic)
[2026-06-30 18:26:11] [INFO] [reconciliation] Reconciliation loop started (every 60s)
[2026-06-30 18:26:11] [INFO] [reconciliation] Reconciliation thread started (safety only)
[2026-06-30 18:26:11] [INFO] [post_entry_manager] PostEntryManager started
[2026-06-30 18:26:12] [INFO] [main] ==================================================
[2026-06-30 18:26:12] [INFO] [main] Cycle 1 at 18:26:12
[2026-06-30 18:26:25] [INFO] [news_fetcher] Fetched 12 relevant news items
[2026-06-30 18:26:26] [INFO] [main] Equity: 74619.42$ | News: 12
[2026-06-30 18:26:26] [DEBUG] [hybrid_market_client] Fetching indicators for EURUSD (QuantDinger only)
[2026-06-30 18:26:31] [DEBUG] [market_client] Candles EURUSD 4H: 100 bars ✓
[2026-06-30 18:26:31] [DEBUG] [hybrid_market_client] ✓ Got live data from QuantDinger for EURUSD
[2026-06-30 18:26:31] [DEBUG] [hybrid_market_client] Fetching indicators for EURUSD (QuantDinger only)
[2026-06-30 18:26:32] [DEBUG] [market_client] Candles EURUSD 4H: 100 bars ✓
[2026-06-30 18:26:32] [DEBUG] [hybrid_market_client] ✓ Got live data from QuantDinger for EURUSD
[2026-06-30 18:26:32] [DEBUG] [hybrid_market_client] Fetching indicators for EURUSD (QuantDinger only)
[2026-06-30 18:26:32] [DEBUG] [market_client] Candles EURUSD 4H: 100 bars ✓
[2026-06-30 18:26:32] [DEBUG] [hybrid_market_client] ✓ Got live data from QuantDinger for EURUSD
[2026-06-30 18:26:32] [INFO] [market_snapshot_builder] [SNAPSHOT_BUILT] symbol=EURUSD tfs=H4,H1,M15
[2026-06-30 18:26:32] [DEBUG] [hybrid_market_client] Fetching indicators for XAUUSD (QuantDinger only)
[2026-06-30 18:26:34] [DEBUG] [market_client] Candles XAUUSD 4H: 99 bars ✓
[2026-06-30 18:26:34] [DEBUG] [hybrid_market_client] ✓ Got live data from QuantDinger for XAUUSD
[2026-06-30 18:26:34] [DEBUG] [hybrid_market_client] Fetching indicators for XAUUSD (QuantDinger only)
[2026-06-30 18:26:34] [DEBUG] [market_client] Candles XAUUSD 4H: 99 bars ✓
[2026-06-30 18:26:34] [DEBUG] [hybrid_market_client] ✓ Got live data from QuantDinger for XAUUSD
[2026-06-30 18:26:34] [DEBUG] [hybrid_market_client] Fetching indicators for XAUUSD (QuantDinger only)
[2026-06-30 18:26:34] [DEBUG] [market_client] Candles XAUUSD 4H: 99 bars ✓
[2026-06-30 18:26:34] [DEBUG] [hybrid_market_client] ✓ Got live data from QuantDinger for XAUUSD
[2026-06-30 18:26:34] [INFO] [market_snapshot_builder] [SNAPSHOT_BUILT] symbol=XAUUSD tfs=H4,H1,M15
[2026-06-30 18:26:34] [DEBUG] [hybrid_market_client] Fetching indicators for GBPUSD (QuantDinger only)
[2026-06-30 18:26:34] [DEBUG] [market_client] Candles GBPUSD 4H: 100 bars ✓
[2026-06-30 18:26:34] [DEBUG] [hybrid_market_client] ✓ Got live data from QuantDinger for GBPUSD
[2026-06-30 18:26:34] [DEBUG] [hybrid_market_client] Fetching indicators for GBPUSD (QuantDinger only)
[2026-06-30 18:26:34] [DEBUG] [market_client] Candles GBPUSD 4H: 100 bars ✓
[2026-06-30 18:26:34] [DEBUG] [hybrid_market_client] ✓ Got live data from QuantDinger for GBPUSD
[2026-06-30 18:26:34] [DEBUG] [hybrid_market_client] Fetching indicators for GBPUSD (QuantDinger only)
[2026-06-30 18:26:34] [DEBUG] [market_client] Candles GBPUSD 4H: 100 bars ✓
[2026-06-30 18:26:34] [DEBUG] [hybrid_market_client] ✓ Got live data from QuantDinger for GBPUSD
[2026-06-30 18:26:34] [INFO] [market_snapshot_builder] [SNAPSHOT_BUILT] symbol=GBPUSD tfs=H4,H1,M15
[2026-06-30 18:26:34] [INFO] [main] --- EURUSD ---
[2026-06-30 18:26:39] [INFO] [deepseek] DEEPSEEK OK: {
  "impact_score": 60,
  "bias": "bullish",
  "confidence": 0.7,
  "reason": "الاتجاه الصاعد على ال...
[2026-06-30 18:26:39] [INFO] [deepseek] AI EURUSD: bias=bullish impact=60.0 conf=0.70
[2026-06-30 18:26:39] [INFO] [signal_engine] [VERIFY] SIGNAL_INPUT bias=bullish score=60.0 confidence=0.7
[2026-06-30 18:26:39] [INFO] [signal_engine] [VERIFY] SIGNAL_RULE rule=confidence>=0.60 actual=0.7 result=True
[2026-06-30 18:26:39] [INFO] [signal_engine] [VERIFY] SIGNAL_RULE rule=score>=55 actual=60.0 result=True
[2026-06-30 18:26:39] [INFO] [signal_engine] [VERIFY] SIGNAL_RULE rule=bias in [bullish,bearish] actual=bullish result=True
[2026-06-30 18:26:39] [INFO] [signal_engine] [VERIFY] SIGNAL_FINAL direction=BUY score=60.0 confidence=0.7 valid=True
[2026-06-30 18:26:39] [DEBUG] [signal_engine] Signal: BUY score=60.0 conf=0.70 strength=متوسط valid=True
[2026-06-30 18:26:39] [INFO] [sentiment] Sentiment EURUSD: bullish score=92 bull=5 bear=1
[2026-06-30 18:26:39] [DEBUG] [mtf] MTF (snapshot) EURUSD: H4=bullish H1=bullish M15=bullish aligned=True (strong)
[2026-06-30 18:26:39] [INFO] [main] [VERIFY][DATA_TRUTH] symbol=EURUSD timeframe=H4/H1/M15 news_fetched=True indicators_fetched=True live_data=True cached=False
[2026-06-30 18:26:39] [INFO] [voting_engine] EURUSD: MTF strongly aligned, boosting score 10%
[2026-06-30 18:26:39] [DEBUG] [hybrid_market_client] Fetching indicators for EURUSD (QuantDinger only)
[2026-06-30 18:26:39] [DEBUG] [market_client] Candles EURUSD 4H: 100 bars ✓
[2026-06-30 18:26:39] [DEBUG] [hybrid_market_client] ✓ Got live data from QuantDinger for EURUSD
[2026-06-30 18:26:39] [DEBUG] [hybrid_market_client] Fetching indicators for EURUSD (QuantDinger only)
[2026-06-30 18:26:39] [DEBUG] [market_client] Using cached candles for EURUSD 4H (age: 0s)
[2026-06-30 18:26:39] [DEBUG] [hybrid_market_client] ✓ Got live data from QuantDinger for EURUSD
[2026-06-30 18:26:39] [INFO] [sltp] SL/TP EURUSD: entry=1.1427265405654907 atr=0.00222 sl=1.13939 tp=1.14828
[2026-06-30 18:26:39] [INFO] [position_sizing] Position size: 0.5 (equity=74619, risk=0.003, sl_dist=0.00334, score=98, cons_loss=0)
[2026-06-30 18:26:41] [INFO] [xgboost_v2] [VERIFY] XGBOOST MODEL LOADED path=models/xgb_model.json available=True
[2026-06-30 18:26:41] [INFO] [xgboost_v2] XGBoost v2 model loaded successfully
[2026-06-30 18:26:41] [DEBUG] [xgboost_v2] V2 predict: rsi=56.9 atr=0.00222 regime=TRENDING session=new_york dir=BUY -> p_win=0.245
[2026-06-30 18:26:41] [INFO] [xgboost_v2] [VERIFY] XGBOOST PREDICTION p_win=0.245 available=True
[2026-06-30 18:26:41] [INFO] [main] [VERIFY][DECISION_TRUTH] bias=bullish score=97.6 confidence=1.0 vote=BUY risk_passed=True sl_tp_calculated=True position_size=0.5 xgboost_p_win=0.24464109539985657 final_decision_valid=False reject_reason=p_win<threshold (p_win=0.245 threshold=0.6)
[2026-06-30 18:26:41] [INFO] [main] --- XAUUSD ---
[2026-06-30 18:26:45] [INFO] [deepseek] DEEPSEEK OK: {
  "impact_score": 45,
  "bias": "bearish",
  "confidence": 0.7,
  "reason": "الاتجاه الهادر قوي عل...
[2026-06-30 18:26:45] [INFO] [deepseek] AI XAUUSD: bias=bearish impact=45.0 conf=0.70
[2026-06-30 18:26:45] [INFO] [signal_engine] [VERIFY] SIGNAL_INPUT bias=bearish score=45.0 confidence=0.7
[2026-06-30 18:26:45] [INFO] [signal_engine] [VERIFY] SIGNAL_RULE rule=confidence>=0.60 actual=0.7 result=True
[2026-06-30 18:26:45] [INFO] [signal_engine] [VERIFY] SIGNAL_RULE rule=score>=55 actual=45.0 result=False
[2026-06-30 18:26:45] [INFO] [signal_engine] [VERIFY] SIGNAL_RULE rule=bias in [bullish,bearish] actual=bearish result=True
[2026-06-30 18:26:45] [INFO] [signal_engine] [VERIFY] SIGNAL_FINAL direction=SELL score=45.0 confidence=0.7 valid=False
[2026-06-30 18:26:45] [INFO] [signal_engine] [VERIFY] SIGNAL_FAILURE_REASONS
[2026-06-30 18:26:45] [INFO] [signal_engine] * score below threshold
[2026-06-30 18:26:45] [INFO] [signal_engine] [VERIFY] SIGNAL_FAILURE_LOCATION file=F:\files (2)\google\botdd\trading_bot_v3\decision\signal_engine.py function=generate_signal
[2026-06-30 18:26:45] [DEBUG] [signal_engine] Signal: SELL score=45.0 conf=0.70 strength=ضعيف valid=False
[2026-06-30 18:26:45] [DEBUG] [mtf] MTF (snapshot) XAUUSD: H4=bearish H1=neutral M15=neutral aligned=False (weak)
[2026-06-30 18:26:45] [INFO] [main] [VERIFY][DATA_TRUTH] symbol=XAUUSD timeframe=H4/H1/M15 news_fetched=True indicators_fetched=True live_data=True cached=False
[2026-06-30 18:26:45] [INFO] [voting_engine] XAUUSD: MTF weakly misaligned, reducing score 10%
[2026-06-30 18:26:45] [DEBUG] [hybrid_market_client] Fetching indicators for XAUUSD (QuantDinger only)
[2026-06-30 18:26:45] [DEBUG] [market_client] Candles XAUUSD 4H: 99 bars ✓
[2026-06-30 18:26:45] [DEBUG] [hybrid_market_client] ✓ Got live data from QuantDinger for XAUUSD
[2026-06-30 18:26:45] [DEBUG] [hybrid_market_client] Fetching indicators for XAUUSD (QuantDinger only)
[2026-06-30 18:26:45] [DEBUG] [market_client] Using cached candles for XAUUSD 4H (age: 0s)
[2026-06-30 18:26:45] [DEBUG] [hybrid_market_client] ✓ Got live data from QuantDinger for XAUUSD
[2026-06-30 18:26:45] [INFO] [sltp] SL/TP XAUUSD: entry=4046.5 atr=40.42854 sl=4056.5 tp=3945.42866
[2026-06-30 18:26:45] [INFO] [position_sizing] Position size: 0.1 (equity=74619, risk=0.001, sl_dist=10.00000, score=64, cons_loss=0)
[2026-06-30 18:26:45] [DEBUG] [xgboost_v2] V2 predict: rsi=47.3 atr=40.42854 regime=TRENDING session=new_york dir=SELL -> p_win=0.255
[2026-06-30 18:26:45] [INFO] [xgboost_v2] [VERIFY] XGBOOST PREDICTION p_win=0.255 available=True
[2026-06-30 18:26:45] [INFO] [main] [VERIFY][DECISION_TRUTH] bias=bearish score=64.1 confidence=0.62 vote=SELL risk_passed=True sl_tp_calculated=True position_size=0.1 xgboost_p_win=0.2545516788959503 final_decision_valid=False reject_reason=p_win<threshold (p_win=0.255 threshold=0.6)
[2026-06-30 18:26:45] [INFO] [main] --- GBPUSD ---
[2026-06-30 18:26:50] [WARNING] [deepseek] DeepSeek empty response: finish_reason=length, raw={"id":"27ef9845-2137-4e7a-82dc-16903de4fe87","object":"chat.completion","created":1782833206,"model":"deepseek-v4-flash","choices":[{"index":0,"message":{"role":"assistant","content":"","reasoning_content":"We need to analyze the given information. Symbol GBPUSD, current price 1.3269, RSI 63.03 (sli
[2026-06-30 18:26:59] [INFO] [deepseek] DEEPSEEK OK: {
  "impact_score": 45,
  "bias": "bullish",
  "confidence": 0.7,
  "reason": "الاتجاه الصاعد قوي عل...
[2026-06-30 18:26:59] [INFO] [deepseek] AI GBPUSD: bias=bullish impact=45.0 conf=0.70
[2026-06-30 18:26:59] [INFO] [signal_engine] [VERIFY] SIGNAL_INPUT bias=bullish score=45.0 confidence=0.7
[2026-06-30 18:26:59] [INFO] [signal_engine] [VERIFY] SIGNAL_RULE rule=confidence>=0.60 actual=0.7 result=True
[2026-06-30 18:26:59] [INFO] [signal_engine] [VERIFY] SIGNAL_RULE rule=score>=55 actual=45.0 result=False
[2026-06-30 18:26:59] [INFO] [signal_engine] [VERIFY] SIGNAL_RULE rule=bias in [bullish,bearish] actual=bullish result=True
[2026-06-30 18:26:59] [INFO] [signal_engine] [VERIFY] SIGNAL_FINAL direction=BUY score=45.0 confidence=0.7 valid=False
[2026-06-30 18:26:59] [INFO] [signal_engine] [VERIFY] SIGNAL_FAILURE_REASONS
[2026-06-30 18:26:59] [INFO] [signal_engine] * score below threshold
[2026-06-30 18:26:59] [INFO] [signal_engine] [VERIFY] SIGNAL_FAILURE_LOCATION file=F:\files (2)\google\botdd\trading_bot_v3\decision\signal_engine.py function=generate_signal
[2026-06-30 18:26:59] [DEBUG] [signal_engine] Signal: BUY score=45.0 conf=0.70 strength=ضعيف valid=False
[2026-06-30 18:26:59] [INFO] [sentiment] Sentiment GBPUSD: neutral score=50 bull=3 bear=2
[2026-06-30 18:26:59] [DEBUG] [mtf] MTF (snapshot) GBPUSD: H4=bullish H1=bullish M15=bullish aligned=True (strong)
[2026-06-30 18:26:59] [INFO] [main] [VERIFY][DATA_TRUTH] symbol=GBPUSD timeframe=H4/H1/M15 news_fetched=True indicators_fetched=True live_data=True cached=False
[2026-06-30 18:26:59] [INFO] [voting_engine] GBPUSD: MTF strongly aligned, boosting score 10%
[2026-06-30 18:26:59] [DEBUG] [hybrid_market_client] Fetching indicators for GBPUSD (QuantDinger only)
[2026-06-30 18:26:59] [DEBUG] [market_client] Candles GBPUSD 4H: 100 bars ✓
[2026-06-30 18:26:59] [DEBUG] [hybrid_market_client] ✓ Got live data from QuantDinger for GBPUSD
[2026-06-30 18:26:59] [DEBUG] [hybrid_market_client] Fetching indicators for GBPUSD (QuantDinger only)
[2026-06-30 18:26:59] [DEBUG] [market_client] Using cached candles for GBPUSD 4H (age: 0s)
[2026-06-30 18:26:59] [DEBUG] [hybrid_market_client] ✓ Got live data from QuantDinger for GBPUSD
[2026-06-30 18:26:59] [INFO] [sltp] SL/TP GBPUSD: entry=1.3269286155700684 atr=0.00244 sl=1.32327 tp=1.33302
[2026-06-30 18:26:59] [INFO] [position_sizing] Position size: 0.5 (equity=74619, risk=0.002, sl_dist=0.00366, score=85, cons_loss=0)
[2026-06-30 18:26:59] [DEBUG] [xgboost_v2] V2 predict: rsi=63.0 atr=0.00244 regime=TRENDING session=new_york dir=BUY -> p_win=0.818
[2026-06-30 18:26:59] [INFO] [xgboost_v2] [VERIFY] XGBOOST PREDICTION p_win=0.818 available=True
[2026-06-30 18:26:59] [INFO] [main] [VERIFY][DECISION_TRUTH] bias=bullish score=84.9 confidence=1.0 vote=BUY risk_passed=True sl_tp_calculated=True position_size=0.5 xgboost_p_win=0.81843101978302 final_decision_valid=False reject_reason=OK
[2026-06-30 18:26:59] [INFO] [adaptive_weights] EURUSD weights updated: {'ai': 0.239, 'trend': 0.239, 'momentum': 0.239, 'sentiment': 0.239, 'volatility': 0.043} | WR=13.6% PF=0
[2026-06-30 18:26:59] [INFO] [adaptive_weights] 🏆 أفضل زوج: EURUSD | WR=13.6% | PnL=190.0$
[2026-06-30 18:26:59] [INFO] [adaptive_weights] ⚠️ أسوأ زوج: XAUUSD | WR=0.0% | PnL=0.0$
[2026-06-30 18:26:59] [INFO] [main] Sleeping 1800s...
[2026-06-30 18:30:13] [DEBUG] [hybrid_market_client] Fetching indicators for EURUSD (QuantDinger only)
[2026-06-30 18:30:13] [DEBUG] [market_client] Using cached candles for EURUSD H4 (age: 227s)
[2026-06-30 18:30:13] [DEBUG] [hybrid_market_client] ✓ Got live data from QuantDinger for EURUSD
[2026-06-30 18:30:13] [DEBUG] [hybrid_market_client] Fetching indicators for EURUSD (QuantDinger only)
[2026-06-30 18:30:13] [DEBUG] [market_client] Using cached candles for EURUSD H1 (age: 221s)
[2026-06-30 18:30:13] [DEBUG] [hybrid_market_client] ✓ Got live data from QuantDinger for EURUSD
[2026-06-30 18:30:13] [DEBUG] [hybrid_market_client] Fetching indicators for EURUSD (QuantDinger only)
[2026-06-30 18:30:13] [DEBUG] [market_client] Using cached candles for EURUSD M15 (age: 221s)
[2026-06-30 18:30:13] [DEBUG] [hybrid_market_client] ✓ Got live data from QuantDinger for EURUSD
[2026-06-30 18:30:13] [INFO] [market_snapshot_builder] [SNAPSHOT_BUILT] symbol=EURUSD tfs=H4,H1,M15
[2026-06-30 18:30:13] [DEBUG] [hybrid_market_client] Fetching indicators for XAUUSD (QuantDinger only)
[2026-06-30 18:30:13] [DEBUG] [market_client] Using cached candles for XAUUSD H4 (age: 221s)
[2026-06-30 18:30:13] [DEBUG] [hybrid_market_client] ✓ Got live data from QuantDinger for XAUUSD
[2026-06-30 18:30:13] [DEBUG] [hybrid_market_client] Fetching indicators for XAUUSD (QuantDinger only)
[2026-06-30 18:30:13] [DEBUG] [market_client] Using cached candles for XAUUSD H1 (age: 219s)
[2026-06-30 18:30:13] [DEBUG] [hybrid_market_client] ✓ Got live data from QuantDinger for XAUUSD
[2026-06-30 18:30:13] [DEBUG] [hybrid_market_client] Fetching indicators for XAUUSD (QuantDinger only)
[2026-06-30 18:30:13] [DEBUG] [market_client] Using cached candles for XAUUSD M15 (age: 219s)
[2026-06-30 18:30:13] [DEBUG] [hybrid_market_client] ✓ Got live data from QuantDinger for XAUUSD
[2026-06-30 18:30:13] [INFO] [market_snapshot_builder] [SNAPSHOT_BUILT] symbol=XAUUSD tfs=H4,H1,M15
[2026-06-30 18:30:13] [DEBUG] [hybrid_market_client] Fetching indicators for GBPUSD (QuantDinger only)
[2026-06-30 18:30:13] [DEBUG] [market_client] Using cached candles for GBPUSD H4 (age: 219s)
[2026-06-30 18:30:13] [DEBUG] [hybrid_market_client] ✓ Got live data from QuantDinger for GBPUSD
[2026-06-30 18:30:13] [DEBUG] [hybrid_market_client] Fetching indicators for GBPUSD (QuantDinger only)
[2026-06-30 18:30:13] [DEBUG] [market_client] Using cached candles for GBPUSD H1 (age: 218s)
[2026-06-30 18:30:13] [DEBUG] [hybrid_market_client] ✓ Got live data from QuantDinger for GBPUSD
[2026-06-30 18:30:13] [DEBUG] [hybrid_market_client] Fetching indicators for GBPUSD (QuantDinger only)
[2026-06-30 18:30:13] [DEBUG] [market_client] Using cached candles for GBPUSD M15 (age: 218s)
[2026-06-30 18:30:13] [DEBUG] [hybrid_market_client] ✓ Got live data from QuantDinger for GBPUSD
[2026-06-30 18:30:13] [INFO] [market_snapshot_builder] [SNAPSHOT_BUILT] symbol=GBPUSD tfs=H4,H1,M15
[2026-06-30 18:30:19] [WARNING] [deepseek] DeepSeek empty response: finish_reason=length, raw={"id":"84c6e70a-4e4d-42d9-949d-5c9051f31452","object":"chat.completion","created":1782833415,"model":"deepseek-v4-flash","choices":[{"index":0,"message":{"role":"assistant","content":"","reasoning_content":"We need to analyze the given data. Symbol EURUSD, current price 1.14272654, RSI 56.89 (slight
[2026-06-30 18:30:25] [INFO] [deepseek] DEEPSEEK OK: {
  "impact_score": 70,
  "bias": "bullish",
  "confidence": 0.8,
  "reason": "اتجاه صاعد قوي على كا...
[2026-06-30 18:30:25] [INFO] [deepseek] AI EURUSD: bias=bullish impact=70.0 conf=0.80
[2026-06-30 18:30:31] [WARNING] [deepseek] DeepSeek truncated by max_tokens, finish_reason=length, content={"impact_score": 62, "bias": "bearish", "confidence": 0.78, "reason": "الاتجاه هابط بقوة على جميع الأطر الزمنية
[2026-06-30 18:30:31] [WARNING] [deepseek] Retry 1: JSON incomplete/truncated, raw={"impact_score": 62, "bias": "bearish", "confidence": 0.78, "reason": "الاتجاه هابط بقوة على جميع الأطر الزمنية
[2026-06-30 18:30:38] [INFO] [deepseek] DEEPSEEK OK: {"impact_score": 70, "bias": "bearish", "confidence": 0.8, "reason": "اتجاه هبوطي قوي على جميع الأطر...
[2026-06-30 18:30:38] [INFO] [deepseek] AI XAUUSD: bias=bearish impact=70.0 conf=0.80
[2026-06-30 18:30:43] [WARNING] [deepseek] DeepSeek truncated by max_tokens, finish_reason=length, content={
  "impact_score": 60,
  "bias": "bullish",
  "confidence": 0.7,
  "reason": "الزخم الصاعد قوي والأخبار تشير إلى ضعف الدول
[2026-06-30 18:30:43] [WARNING] [deepseek] Retry 1: JSON incomplete/truncated, raw={
  "impact_score": 60,
  "bias": "bullish",
  "confidence": 0.7,
  "reason": "الزخم الصاعد قوي والأخبار تشير إلى ضعف الدول
[2026-06-30 18:30:50] [INFO] [deepseek] DEEPSEEK OK: {
  "impact_score": 20,
  "bias": "bullish",
  "confidence": 0.65,
  "reason": "الاتجاه الصاعد قوي ع...
[2026-06-30 18:30:50] [INFO] [deepseek] AI GBPUSD: bias=bullish impact=20.0 conf=0.65
[2026-06-30 18:32:21] [INFO] [post_entry_manager] [POST_ENTRY] New position detected ticket=9359401553 symbol=EURUSD
[2026-06-30 18:32:21] [INFO] [post_entry_manager] [POST_ENTRY] Monitoring ticket=9359401553
[2026-06-30 18:32:21] [INFO] [xgboost_exit_adapter] [EXIT_MODEL] ticket=9359401553 open_time=2026-06-30 21:32:20, current_time=2026-06-30 18:32:21, time_open_hours=0.0000, profit=1.00, mfe=1.00, mae=0.00, spread=15.0, profit_decay_pct=0.0%
[2026-06-30 18:32:21] [INFO] [xgboost_exit_model] Loaded Exit Model from F:\files (2)\google\botdd\trading_bot_v3\models\xgboost_exit_model.json
[2026-06-30 18:32:21] [INFO] [xgboost_exit_model] [EXIT_MODEL] XGBoost prediction: probability=7.6%
[2026-06-30 18:32:26] [INFO] [post_entry_manager] [POST_ENTRY] Monitoring ticket=9359401553
[2026-06-30 18:32:26] [INFO] [xgboost_exit_adapter] [EXIT_MODEL] ticket=9359401553 open_time=2026-06-30 21:32:20, current_time=2026-06-30 18:32:26, time_open_hours=0.0000, profit=-2.00, mfe=1.00, mae=-2.00, spread=15.0, profit_decay_pct=102.0%
[2026-06-30 18:32:26] [INFO] [xgboost_exit_model] [EXIT_MODEL] XGBoost prediction: probability=7.6%
[2026-06-30 18:32:26] [INFO] [post_entry_event_logger] [LOGGER_LISTENER] event_type=TradeClosed ticket=9359401553
[2026-06-30 18:32:26] [INFO] [post_entry_database_listener] [DATABASE_LISTENER] event_type=TradeClosed ticket=9359401553
[2026-06-30 18:32:26] [INFO] [post_entry_telegram_listener] [TELEGRAM_LISTENER] event_type=TradeClosed ticket=9359401553
[2026-06-30 18:33:23] [INFO] [post_entry_manager] [POST_ENTRY] New position detected ticket=9359424924 symbol=EURUSD
[2026-06-30 18:33:23] [INFO] [post_entry_manager] [POST_ENTRY] Monitoring ticket=9359424924
[2026-06-30 18:33:23] [INFO] [xgboost_exit_adapter] [EXIT_MODEL] ticket=9359424924 open_time=2026-06-30 21:33:20, current_time=2026-06-30 18:33:23, time_open_hours=0.0000, profit=0.00, mfe=0.00, mae=0.00, spread=15.0, profit_decay_pct=0.0%
[2026-06-30 18:33:23] [INFO] [xgboost_exit_model] [EXIT_MODEL] XGBoost prediction: probability=98.6%
[2026-06-30 18:33:28] [INFO] [post_entry_manager] [POST_ENTRY] Monitoring ticket=9359424924
[2026-06-30 18:33:28] [INFO] [xgboost_exit_adapter] [EXIT_MODEL] ticket=9359424924 open_time=2026-06-30 21:33:20, current_time=2026-06-30 18:33:28, time_open_hours=0.0000, profit=0.00, mfe=0.00, mae=0.00, spread=15.0, profit_decay_pct=0.0%
[2026-06-30 18:33:28] [INFO] [xgboost_exit_model] [EXIT_MODEL] XGBoost prediction: probability=98.6%
[2026-06-30 18:33:33] [INFO] [post_entry_manager] [POST_ENTRY] Monitoring ticket=9359424924
[2026-06-30 18:33:33] [INFO] [xgboost_exit_adapter] [EXIT_MODEL] ticket=9359424924 open_time=2026-06-30 21:33:20, current_time=2026-06-30 18:33:33, time_open_hours=0.0000, profit=-1.00, mfe=0.00, mae=-1.00, spread=15.0, profit_decay_pct=0.0%
[2026-06-30 18:33:33] [INFO] [xgboost_exit_model] [EXIT_MODEL] XGBoost prediction: probability=98.6%
[2026-06-30 18:33:38] [INFO] [post_entry_manager] [POST_ENTRY] Monitoring ticket=9359424924
[2026-06-30 18:33:38] [INFO] [xgboost_exit_adapter] [EXIT_MODEL] ticket=9359424924 open_time=2026-06-30 21:33:20, current_time=2026-06-30 18:33:38, time_open_hours=0.0000, profit=3.00, mfe=3.00, mae=-1.00, spread=15.0, profit_decay_pct=0.0%
[2026-06-30 18:33:38] [INFO] [xgboost_exit_model] [EXIT_MODEL] XGBoost prediction: probability=7.6%
[2026-06-30 18:33:43] [INFO] [post_entry_manager] [POST_ENTRY] Monitoring ticket=9359424924
[2026-06-30 18:33:43] [INFO] [xgboost_exit_adapter] [EXIT_MODEL] ticket=9359424924 open_time=2026-06-30 21:33:20, current_time=2026-06-30 18:33:43, time_open_hours=0.0000, profit=2.00, mfe=3.00, mae=-1.00, spread=15.0, profit_decay_pct=33.3%
[2026-06-30 18:33:43] [INFO] [xgboost_exit_model] [EXIT_MODEL] XGBoost prediction: probability=7.6%
[2026-06-30 18:33:43] [INFO] [post_entry_event_logger] [LOGGER_LISTENER] event_type=TradeClosed ticket=9359424924
[2026-06-30 18:33:43] [INFO] [post_entry_database_listener] [DATABASE_LISTENER] event_type=TradeClosed ticket=9359424924
[2026-06-30 18:33:43] [INFO] [post_entry_telegram_listener] [TELEGRAM_LISTENER] event_type=TradeClosed ticket=9359424924
