[2026-06-20 04:59:10] [ERROR] [qd_client] Login attempt 1 failed: HTTPConnectionPool(host='localhost', port=8888): Max retries exceeded with url: /api/auth/login (Caused by NewConnectionError('<urllib3.connection.HTTPConnection object at 0x000001DB0D918AD0>: Failed to establish a new connection: [WinError 10061] No connection could be made because the target machine actively refused it'))
[2026-06-20 04:59:19] [ERROR] [qd_client] Login attempt 2 failed: HTTPConnectionPool(host='localhost', port=8888): Max retries exceeded with url: /api/auth/login (Caused by NewConnectionError('<urllib3.connection.HTTPConnection object at 0x000001DB0D924B90>: Failed to establish a new connection: [WinError 10061] No connection could be made because the target machine actively refused it'))
[2026-06-20 04:59:28] [ERROR] [qd_client] Login attempt 3 failed: HTTPConnectionPool(host='localhost', port=8888): Max retries exceeded with url: /api/auth/login (Caused by NewConnectionError('<urllib3.connection.HTTPConnection object at 0x000001DB0D925450>: Failed to establish a new connection: [WinError 10061] No connection could be made because the target machine actively refused it'))
[2026-06-20 05:00:54] [INFO] [main] Trading Bot V3 starting...
[2026-06-20 05:00:54] [INFO] [database] V3 Database initialized with all tables
[2026-06-20 05:00:54] [ERROR] [qd_client] Login attempt 1 failed: Expecting value: line 1 column 1 (char 0)
[2026-06-20 05:00:59] [INFO] [qd_client] Logged in to QuantDinger
[2026-06-20 05:00:59] [INFO] [qd_client] MT5 connected
[2026-06-20 05:00:59] [INFO] [main] MT5 connected
[2026-06-20 05:00:59] [INFO] [telegram_bot] Telegram polling started
[2026-06-20 05:00:59] [INFO] [telegram_bot] Telegram bot V3 started
[2026-06-20 05:00:59] [INFO] [mt5_watchdog] MT5 watchdog started (V1 reconnect logic)
[2026-06-20 05:00:59] [INFO] [reconciliation] Reconciliation loop started (every 60s)
[2026-06-20 05:00:59] [INFO] [reconciliation] Reconciliation thread started
[2026-06-20 05:01:00] [INFO] [main] ==================================================
[2026-06-20 05:01:00] [INFO] [main] Cycle 1 at 05:01:00
[2026-06-20 05:01:10] [INFO] [news_fetcher] Fetched 2 relevant news items
[2026-06-20 05:01:10] [INFO] [main] Equity: 73516.00$ | News: 2
[2026-06-20 05:01:10] [INFO] [main] --- EURUSD ---
[2026-06-20 05:01:14] [INFO] [deepseek] AI analysis EURUSD: bias=neutral score=20.0 conf=0.30
[2026-06-20 05:01:14] [DEBUG] [signal_engine] Signal: NEUTRAL score=20.0 conf=0.30 strength=ضعيف valid=False
[2026-06-20 05:01:14] [DEBUG] [hybrid_market_client] Fetching indicators for EURUSD (method: QuantDinger)
[2026-06-20 05:01:14] [DEBUG] [market_client] Candles EURUSD 4H: 100 bars ✓
[2026-06-20 05:01:14] [DEBUG] [hybrid_market_client] ✓ Got real data from QuantDinger for EURUSD
[2026-06-20 05:01:14] [DEBUG] [hybrid_market_client] Fetching indicators for EURUSD (method: QuantDinger)
[2026-06-20 05:01:14] [DEBUG] [market_client] Candles EURUSD 4H: 100 bars ✓
[2026-06-20 05:01:14] [DEBUG] [hybrid_market_client] ✓ Got real data from QuantDinger for EURUSD
[2026-06-20 05:01:14] [DEBUG] [hybrid_market_client] Fetching indicators for EURUSD (method: QuantDinger)
[2026-06-20 05:01:14] [DEBUG] [market_client] Candles EURUSD 4H: 100 bars ✓
[2026-06-20 05:01:14] [DEBUG] [hybrid_market_client] ✓ Got real data from QuantDinger for EURUSD
[2026-06-20 05:01:14] [DEBUG] [hybrid_market_client] Fetching indicators for EURUSD (method: QuantDinger)
[2026-06-20 05:01:14] [DEBUG] [market_client] Using cached candles for EURUSD H4 (age: 0s)
[2026-06-20 05:01:14] [DEBUG] [hybrid_market_client] ✓ Got real data from QuantDinger for EURUSD
[2026-06-20 05:01:14] [DEBUG] [hybrid_market_client] Fetching indicators for EURUSD (method: QuantDinger)
[2026-06-20 05:01:14] [DEBUG] [market_client] Using cached candles for EURUSD H1 (age: 0s)
[2026-06-20 05:01:14] [DEBUG] [hybrid_market_client] ✓ Got real data from QuantDinger for EURUSD
[2026-06-20 05:01:14] [DEBUG] [hybrid_market_client] Fetching indicators for EURUSD (method: QuantDinger)
[2026-06-20 05:01:14] [DEBUG] [market_client] Using cached candles for EURUSD M15 (age: 0s)
[2026-06-20 05:01:14] [DEBUG] [hybrid_market_client] ✓ Got real data from QuantDinger for EURUSD
[2026-06-20 05:01:14] [DEBUG] [hybrid_market_client] Fetching indicators for EURUSD (method: QuantDinger)
[2026-06-20 05:01:14] [DEBUG] [market_client] Using cached candles for EURUSD H4 (age: 0s)
[2026-06-20 05:01:14] [DEBUG] [hybrid_market_client] ✓ Got real data from QuantDinger for EURUSD
[2026-06-20 05:01:14] [DEBUG] [hybrid_market_client] Fetching indicators for EURUSD (method: QuantDinger)
[2026-06-20 05:01:14] [DEBUG] [market_client] Using cached candles for EURUSD H1 (age: 0s)
[2026-06-20 05:01:14] [DEBUG] [hybrid_market_client] ✓ Got real data from QuantDinger for EURUSD
[2026-06-20 05:01:14] [DEBUG] [hybrid_market_client] Fetching indicators for EURUSD (method: QuantDinger)
[2026-06-20 05:01:14] [DEBUG] [market_client] Using cached candles for EURUSD M15 (age: 0s)
[2026-06-20 05:01:14] [DEBUG] [hybrid_market_client] ✓ Got real data from QuantDinger for EURUSD
[2026-06-20 05:01:14] [INFO] [mtf] MTF_VERIFY EURUSD: TIMEFRAME=H4 candles=1 last_ts= last_close=1.1469204425811768 RSI=27.64 ATR=0.002983 MACD=-0.006249 | TIMEFRAME=H1 candles=1 last_ts= last_close=1.1469204425811768 RSI=27.64 ATR=0.002983 MACD=-0.006249 | TIMEFRAME=M15 candles=1 last_ts= last_close=1.1469204425811768 RSI=27.64 ATR=0.002983 MACD=-0.006249
[2026-06-20 05:01:14] [INFO] [mtf] MTF EURUSD: H4=bearish H1=bullish M15=bullish aligned=True (weak)
[2026-06-20 05:01:14] [DEBUG] [hybrid_market_client] Fetching indicators for EURUSD (method: QuantDinger)
[2026-06-20 05:01:14] [DEBUG] [market_client] Using cached candles for EURUSD H4 (age: 0s)
[2026-06-20 05:01:14] [DEBUG] [hybrid_market_client] ✓ Got real data from QuantDinger for EURUSD
[2026-06-20 05:01:14] [DEBUG] [hybrid_market_client] Fetching indicators for EURUSD (method: QuantDinger)
[2026-06-20 05:01:14] [DEBUG] [market_client] Using cached candles for EURUSD H1 (age: 0s)
[2026-06-20 05:01:14] [DEBUG] [hybrid_market_client] ✓ Got real data from QuantDinger for EURUSD
[2026-06-20 05:01:14] [DEBUG] [hybrid_market_client] Fetching indicators for EURUSD (method: QuantDinger)
[2026-06-20 05:01:14] [DEBUG] [market_client] Using cached candles for EURUSD H1 (age: 0s)
[2026-06-20 05:01:14] [DEBUG] [hybrid_market_client] ✓ Got real data from QuantDinger for EURUSD
[2026-06-20 05:01:14] [DEBUG] [hybrid_market_client] Fetching indicators for EURUSD (method: QuantDinger)
[2026-06-20 05:01:14] [DEBUG] [market_client] Using cached candles for EURUSD H4 (age: 0s)
[2026-06-20 05:01:14] [DEBUG] [hybrid_market_client] ✓ Got real data from QuantDinger for EURUSD
[2026-06-20 05:01:14] [DEBUG] [hybrid_market_client] Fetching indicators for EURUSD (method: QuantDinger)
[2026-06-20 05:01:14] [DEBUG] [market_client] Using cached candles for EURUSD H1 (age: 0s)
[2026-06-20 05:01:14] [DEBUG] [hybrid_market_client] ✓ Got real data from QuantDinger for EURUSD
[2026-06-20 05:01:14] [INFO] [main] --- XAUUSD ---
[2026-06-20 05:01:18] [INFO] [deepseek] AI analysis XAUUSD: bias=neutral score=25.0 conf=0.30
[2026-06-20 05:01:18] [DEBUG] [signal_engine] Signal: NEUTRAL score=25.0 conf=0.30 strength=ضعيف valid=False
[2026-06-20 05:01:18] [DEBUG] [hybrid_market_client] Fetching indicators for XAUUSD (method: QuantDinger)
[2026-06-20 05:01:18] [DEBUG] [market_client] Candles XAUUSD 4H: 100 bars ✓
[2026-06-20 05:01:18] [DEBUG] [hybrid_market_client] ✓ Got real data from QuantDinger for XAUUSD
[2026-06-20 05:01:18] [DEBUG] [hybrid_market_client] Fetching indicators for XAUUSD (method: QuantDinger)
[2026-06-20 05:01:18] [DEBUG] [market_client] Candles XAUUSD 4H: 100 bars ✓
[2026-06-20 05:01:18] [DEBUG] [hybrid_market_client] ✓ Got real data from QuantDinger for XAUUSD
[2026-06-20 05:01:18] [DEBUG] [hybrid_market_client] Fetching indicators for XAUUSD (method: QuantDinger)
[2026-06-20 05:01:18] [DEBUG] [market_client] Candles XAUUSD 4H: 100 bars ✓
[2026-06-20 05:01:18] [DEBUG] [hybrid_market_client] ✓ Got real data from QuantDinger for XAUUSD
[2026-06-20 05:01:18] [DEBUG] [hybrid_market_client] Fetching indicators for XAUUSD (method: QuantDinger)
[2026-06-20 05:01:18] [DEBUG] [market_client] Using cached candles for XAUUSD H4 (age: 0s)
[2026-06-20 05:01:18] [DEBUG] [hybrid_market_client] ✓ Got real data from QuantDinger for XAUUSD
[2026-06-20 05:01:18] [DEBUG] [hybrid_market_client] Fetching indicators for XAUUSD (method: QuantDinger)
[2026-06-20 05:01:18] [DEBUG] [market_client] Using cached candles for XAUUSD H1 (age: 0s)
[2026-06-20 05:01:18] [DEBUG] [hybrid_market_client] ✓ Got real data from QuantDinger for XAUUSD
[2026-06-20 05:01:18] [DEBUG] [hybrid_market_client] Fetching indicators for XAUUSD (method: QuantDinger)
[2026-06-20 05:01:18] [DEBUG] [market_client] Using cached candles for XAUUSD M15 (age: 0s)
[2026-06-20 05:01:18] [DEBUG] [hybrid_market_client] ✓ Got real data from QuantDinger for XAUUSD
[2026-06-20 05:01:18] [DEBUG] [hybrid_market_client] Fetching indicators for XAUUSD (method: QuantDinger)
[2026-06-20 05:01:18] [DEBUG] [market_client] Using cached candles for XAUUSD H4 (age: 0s)
[2026-06-20 05:01:18] [DEBUG] [hybrid_market_client] ✓ Got real data from QuantDinger for XAUUSD
[2026-06-20 05:01:18] [DEBUG] [hybrid_market_client] Fetching indicators for XAUUSD (method: QuantDinger)
[2026-06-20 05:01:18] [DEBUG] [market_client] Using cached candles for XAUUSD H1 (age: 0s)
[2026-06-20 05:01:18] [DEBUG] [hybrid_market_client] ✓ Got real data from QuantDinger for XAUUSD
[2026-06-20 05:01:18] [DEBUG] [hybrid_market_client] Fetching indicators for XAUUSD (method: QuantDinger)
[2026-06-20 05:01:18] [DEBUG] [market_client] Using cached candles for XAUUSD M15 (age: 0s)
[2026-06-20 05:01:18] [DEBUG] [hybrid_market_client] ✓ Got real data from QuantDinger for XAUUSD
[2026-06-20 05:01:18] [INFO] [mtf] MTF_VERIFY XAUUSD: TIMEFRAME=H4 candles=1 last_ts= last_close=4167.5 RSI=28.7 ATR=46.514265 MACD=-36.515359 | TIMEFRAME=H1 candles=1 last_ts= last_close=4167.5 RSI=28.7 ATR=46.514265 MACD=-36.515359 | TIMEFRAME=M15 candles=1 last_ts= last_close=4167.5 RSI=28.7 ATR=46.514265 MACD=-36.515359
[2026-06-20 05:01:18] [INFO] [mtf] MTF XAUUSD: H4=bearish H1=bullish M15=bullish aligned=True (weak)
[2026-06-20 05:01:18] [DEBUG] [hybrid_market_client] Fetching indicators for XAUUSD (method: QuantDinger)
[2026-06-20 05:01:18] [DEBUG] [market_client] Using cached candles for XAUUSD H4 (age: 0s)
[2026-06-20 05:01:18] [DEBUG] [hybrid_market_client] ✓ Got real data from QuantDinger for XAUUSD
[2026-06-20 05:01:18] [DEBUG] [hybrid_market_client] Fetching indicators for XAUUSD (method: QuantDinger)
[2026-06-20 05:01:18] [DEBUG] [market_client] Using cached candles for XAUUSD H1 (age: 0s)
[2026-06-20 05:01:18] [DEBUG] [hybrid_market_client] ✓ Got real data from QuantDinger for XAUUSD
[2026-06-20 05:01:18] [DEBUG] [hybrid_market_client] Fetching indicators for XAUUSD (method: QuantDinger)
[2026-06-20 05:01:18] [DEBUG] [market_client] Using cached candles for XAUUSD H1 (age: 0s)
[2026-06-20 05:01:18] [DEBUG] [hybrid_market_client] ✓ Got real data from QuantDinger for XAUUSD
[2026-06-20 05:01:18] [DEBUG] [hybrid_market_client] Fetching indicators for XAUUSD (method: QuantDinger)
[2026-06-20 05:01:18] [DEBUG] [market_client] Using cached candles for XAUUSD H4 (age: 0s)
[2026-06-20 05:01:18] [DEBUG] [hybrid_market_client] ✓ Got real data from QuantDinger for XAUUSD
[2026-06-20 05:01:18] [DEBUG] [hybrid_market_client] Fetching indicators for XAUUSD (method: QuantDinger)
[2026-06-20 05:01:18] [DEBUG] [market_client] Using cached candles for XAUUSD H1 (age: 0s)
[2026-06-20 05:01:18] [DEBUG] [hybrid_market_client] ✓ Got real data from QuantDinger for XAUUSD
[2026-06-20 05:01:18] [INFO] [main] --- GBPUSD ---
[2026-06-20 05:01:22] [INFO] [deepseek] AI analysis GBPUSD: bias=neutral score=25.0 conf=0.30
[2026-06-20 05:01:22] [DEBUG] [signal_engine] Signal: NEUTRAL score=25.0 conf=0.30 strength=ضعيف valid=False
[2026-06-20 05:01:22] [DEBUG] [hybrid_market_client] Fetching indicators for GBPUSD (method: QuantDinger)
[2026-06-20 05:01:22] [DEBUG] [market_client] Candles GBPUSD 4H: 100 bars ✓
[2026-06-20 05:01:22] [DEBUG] [hybrid_market_client] ✓ Got real data from QuantDinger for GBPUSD
[2026-06-20 05:01:22] [DEBUG] [hybrid_market_client] Fetching indicators for GBPUSD (method: QuantDinger)
[2026-06-20 05:01:22] [DEBUG] [market_client] Candles GBPUSD 4H: 100 bars ✓
[2026-06-20 05:01:22] [DEBUG] [hybrid_market_client] ✓ Got real data from QuantDinger for GBPUSD
[2026-06-20 05:01:22] [DEBUG] [hybrid_market_client] Fetching indicators for GBPUSD (method: QuantDinger)
[2026-06-20 05:01:22] [DEBUG] [market_client] Candles GBPUSD 4H: 100 bars ✓
[2026-06-20 05:01:22] [DEBUG] [hybrid_market_client] ✓ Got real data from QuantDinger for GBPUSD
[2026-06-20 05:01:22] [DEBUG] [hybrid_market_client] Fetching indicators for GBPUSD (method: QuantDinger)
[2026-06-20 05:01:22] [DEBUG] [market_client] Using cached candles for GBPUSD H4 (age: 0s)
[2026-06-20 05:01:22] [DEBUG] [hybrid_market_client] ✓ Got real data from QuantDinger for GBPUSD
[2026-06-20 05:01:22] [DEBUG] [hybrid_market_client] Fetching indicators for GBPUSD (method: QuantDinger)
[2026-06-20 05:01:22] [DEBUG] [market_client] Using cached candles for GBPUSD H1 (age: 0s)
[2026-06-20 05:01:22] [DEBUG] [hybrid_market_client] ✓ Got real data from QuantDinger for GBPUSD
[2026-06-20 05:01:22] [DEBUG] [hybrid_market_client] Fetching indicators for GBPUSD (method: QuantDinger)
[2026-06-20 05:01:22] [DEBUG] [market_client] Using cached candles for GBPUSD M15 (age: 0s)
[2026-06-20 05:01:22] [DEBUG] [hybrid_market_client] ✓ Got real data from QuantDinger for GBPUSD
[2026-06-20 05:01:22] [DEBUG] [hybrid_market_client] Fetching indicators for GBPUSD (method: QuantDinger)
[2026-06-20 05:01:22] [DEBUG] [market_client] Using cached candles for GBPUSD H4 (age: 0s)
[2026-06-20 05:01:22] [DEBUG] [hybrid_market_client] ✓ Got real data from QuantDinger for GBPUSD
[2026-06-20 05:01:22] [DEBUG] [hybrid_market_client] Fetching indicators for GBPUSD (method: QuantDinger)
[2026-06-20 05:01:22] [DEBUG] [market_client] Using cached candles for GBPUSD H1 (age: 0s)
[2026-06-20 05:01:22] [DEBUG] [hybrid_market_client] ✓ Got real data from QuantDinger for GBPUSD
[2026-06-20 05:01:22] [DEBUG] [hybrid_market_client] Fetching indicators for GBPUSD (method: QuantDinger)
[2026-06-20 05:01:22] [DEBUG] [market_client] Using cached candles for GBPUSD M15 (age: 0s)
[2026-06-20 05:01:22] [DEBUG] [hybrid_market_client] ✓ Got real data from QuantDinger for GBPUSD
[2026-06-20 05:01:22] [INFO] [mtf] MTF_VERIFY GBPUSD: TIMEFRAME=H4 candles=1 last_ts= last_close=1.3237143754959106 RSI=25.65 ATR=0.004009 MACD=-0.008898 | TIMEFRAME=H1 candles=1 last_ts= last_close=1.3237143754959106 RSI=25.65 ATR=0.004009 MACD=-0.008898 | TIMEFRAME=M15 candles=1 last_ts= last_close=1.3237143754959106 RSI=25.65 ATR=0.004009 MACD=-0.008898
[2026-06-20 05:01:22] [INFO] [mtf] MTF GBPUSD: H4=bearish H1=bullish M15=bullish aligned=True (weak)
[2026-06-20 05:01:22] [DEBUG] [hybrid_market_client] Fetching indicators for GBPUSD (method: QuantDinger)
[2026-06-20 05:01:22] [DEBUG] [market_client] Using cached candles for GBPUSD H4 (age: 0s)
[2026-06-20 05:01:22] [DEBUG] [hybrid_market_client] ✓ Got real data from QuantDinger for GBPUSD
[2026-06-20 05:01:22] [DEBUG] [hybrid_market_client] Fetching indicators for GBPUSD (method: QuantDinger)
[2026-06-20 05:01:22] [DEBUG] [market_client] Using cached candles for GBPUSD H1 (age: 0s)
[2026-06-20 05:01:22] [DEBUG] [hybrid_market_client] ✓ Got real data from QuantDinger for GBPUSD
[2026-06-20 05:01:22] [DEBUG] [hybrid_market_client] Fetching indicators for GBPUSD (method: QuantDinger)
[2026-06-20 05:01:22] [DEBUG] [market_client] Using cached candles for GBPUSD H1 (age: 0s)
[2026-06-20 05:01:22] [DEBUG] [hybrid_market_client] ✓ Got real data from QuantDinger for GBPUSD
[2026-06-20 05:01:22] [DEBUG] [hybrid_market_client] Fetching indicators for GBPUSD (method: QuantDinger)
[2026-06-20 05:01:22] [DEBUG] [market_client] Using cached candles for GBPUSD H4 (age: 0s)
[2026-06-20 05:01:22] [DEBUG] [hybrid_market_client] ✓ Got real data from QuantDinger for GBPUSD
[2026-06-20 05:01:22] [DEBUG] [hybrid_market_client] Fetching indicators for GBPUSD (method: QuantDinger)
[2026-06-20 05:01:22] [DEBUG] [market_client] Using cached candles for GBPUSD H1 (age: 0s)
[2026-06-20 05:01:22] [DEBUG] [hybrid_market_client] ✓ Got real data from QuantDinger for GBPUSD
[2026-06-20 05:01:22] [INFO] [main] Sleeping 1800s...
[2026-06-20 05:01:52] [INFO] [qd_client] Logged in to QuantDinger
[2026-06-20 05:01:52] [DEBUG] [qd_client] Opening trade payload: GBPUSD BUY volume=0.01
[2026-06-20 05:01:52] [ERROR] [qd_client] Trade failed: {'success': False, 'error': 'Order rejected: Unsupported filling mode'}
[2026-06-20 05:01:52] [DEBUG] [qd_client] Opening trade payload: GBPUSD BUY volume=0.01
[2026-06-20 05:01:52] [ERROR] [qd_client] Trade failed: {'success': False, 'error': 'Order rejected: Unsupported filling mode'}
[2026-06-20 05:01:52] [DEBUG] [qd_client] Opening trade payload: GBPUSD BUY volume=0.01
[2026-06-20 05:01:52] [ERROR] [qd_client] Trade failed: {'success': False, 'error': 'Order rejected: Unsupported filling mode'}
[2026-06-20 05:01:59] [WARNING] [mt5_watchdog] MT5 disconnected! Attempt 1/3
[2026-06-20 05:02:00] [INFO] [qd_client] Logged in to QuantDinger
[2026-06-20 05:02:01] [INFO] [qd_client] Logged in to QuantDinger
[2026-06-20 05:02:01] [INFO] [mt5_watchdog] MT5 already connected
[2026-06-20 05:02:01] [INFO] [mt5_watchdog] MT5 reconnected successfully!
[2026-06-20 05:13:07] [INFO] [main] Trading Bot V3 starting...
[2026-06-20 05:13:07] [INFO] [database] V3 Database initialized with all tables
[2026-06-20 05:13:07] [INFO] [qd_client] Logged in to QuantDinger
[2026-06-20 05:13:07] [INFO] [qd_client] MT5 connected
[2026-06-20 05:13:07] [INFO] [main] MT5 connected
[2026-06-20 05:13:07] [INFO] [telegram_bot] Telegram polling started
[2026-06-20 05:13:07] [INFO] [telegram_bot] Telegram bot V3 started
[2026-06-20 05:13:07] [INFO] [mt5_watchdog] MT5 watchdog started (V1 reconnect logic)
[2026-06-20 05:13:07] [INFO] [reconciliation] Reconciliation loop started (every 60s)
[2026-06-20 05:13:07] [INFO] [reconciliation] Reconciliation thread started
[2026-06-20 05:13:08] [INFO] [main] ==================================================
[2026-06-20 05:13:08] [INFO] [main] Cycle 1 at 05:13:08
[2026-06-20 05:13:17] [INFO] [news_fetcher] Fetched 2 relevant news items
[2026-06-20 05:13:17] [INFO] [main] Equity: 73516.00$ | News: 2
[2026-06-20 05:13:17] [INFO] [main] --- EURUSD ---
[2026-06-20 05:13:20] [INFO] [deepseek] AI analysis EURUSD: bias=neutral score=30.0 conf=0.40
[2026-06-20 05:13:20] [DEBUG] [signal_engine] Signal: NEUTRAL score=30.0 conf=0.40 strength=ضعيف valid=False
[2026-06-20 05:13:20] [DEBUG] [hybrid_market_client] Fetching indicators for EURUSD (method: QuantDinger)
[2026-06-20 05:13:20] [DEBUG] [market_client] Candles EURUSD 4H: 100 bars ✓
[2026-06-20 05:13:20] [DEBUG] [hybrid_market_client] ✓ Got real data from QuantDinger for EURUSD
[2026-06-20 05:13:20] [DEBUG] [hybrid_market_client] Fetching indicators for EURUSD (method: QuantDinger)
[2026-06-20 05:13:20] [DEBUG] [market_client] Candles EURUSD 4H: 100 bars ✓
[2026-06-20 05:13:20] [DEBUG] [hybrid_market_client] ✓ Got real data from QuantDinger for EURUSD
[2026-06-20 05:13:20] [DEBUG] [hybrid_market_client] Fetching indicators for EURUSD (method: QuantDinger)
[2026-06-20 05:13:20] [DEBUG] [market_client] Candles EURUSD 4H: 100 bars ✓
[2026-06-20 05:13:20] [DEBUG] [hybrid_market_client] ✓ Got real data from QuantDinger for EURUSD
[2026-06-20 05:13:20] [DEBUG] [hybrid_market_client] Fetching indicators for EURUSD (method: QuantDinger)
[2026-06-20 05:13:20] [DEBUG] [market_client] Using cached candles for EURUSD H4 (age: 0s)
[2026-06-20 05:13:20] [DEBUG] [hybrid_market_client] ✓ Got real data from QuantDinger for EURUSD
[2026-06-20 05:13:20] [DEBUG] [hybrid_market_client] Fetching indicators for EURUSD (method: QuantDinger)
[2026-06-20 05:13:20] [DEBUG] [market_client] Using cached candles for EURUSD H1 (age: 0s)
[2026-06-20 05:13:20] [DEBUG] [hybrid_market_client] ✓ Got real data from QuantDinger for EURUSD
[2026-06-20 05:13:20] [DEBUG] [hybrid_market_client] Fetching indicators for EURUSD (method: QuantDinger)
[2026-06-20 05:13:20] [DEBUG] [market_client] Using cached candles for EURUSD M15 (age: 0s)
[2026-06-20 05:13:20] [DEBUG] [hybrid_market_client] ✓ Got real data from QuantDinger for EURUSD
[2026-06-20 05:13:20] [DEBUG] [hybrid_market_client] Fetching indicators for EURUSD (method: QuantDinger)
[2026-06-20 05:13:20] [DEBUG] [market_client] Using cached candles for EURUSD H4 (age: 0s)
[2026-06-20 05:13:20] [DEBUG] [hybrid_market_client] ✓ Got real data from QuantDinger for EURUSD
[2026-06-20 05:13:20] [DEBUG] [hybrid_market_client] Fetching indicators for EURUSD (method: QuantDinger)
[2026-06-20 05:13:20] [DEBUG] [market_client] Using cached candles for EURUSD H1 (age: 0s)
[2026-06-20 05:13:20] [DEBUG] [hybrid_market_client] ✓ Got real data from QuantDinger for EURUSD
[2026-06-20 05:13:20] [DEBUG] [hybrid_market_client] Fetching indicators for EURUSD (method: QuantDinger)
[2026-06-20 05:13:20] [DEBUG] [market_client] Using cached candles for EURUSD M15 (age: 0s)
[2026-06-20 05:13:20] [DEBUG] [hybrid_market_client] ✓ Got real data from QuantDinger for EURUSD
[2026-06-20 05:13:20] [INFO] [mtf] MTF_VERIFY EURUSD: TIMEFRAME=H4 candles=1 last_ts= last_close=1.1469204425811768 RSI=27.64 ATR=0.002983 MACD=-0.006249 | TIMEFRAME=H1 candles=1 last_ts= last_close=1.1469204425811768 RSI=27.64 ATR=0.002983 MACD=-0.006249 | TIMEFRAME=M15 candles=1 last_ts= last_close=1.1469204425811768 RSI=27.64 ATR=0.002983 MACD=-0.006249
[2026-06-20 05:13:20] [INFO] [mtf] MTF EURUSD: H4=bearish H1=bullish M15=bullish aligned=True (weak)
[2026-06-20 05:13:20] [DEBUG] [hybrid_market_client] Fetching indicators for EURUSD (method: QuantDinger)
[2026-06-20 05:13:20] [DEBUG] [market_client] Using cached candles for EURUSD H4 (age: 0s)
[2026-06-20 05:13:20] [DEBUG] [hybrid_market_client] ✓ Got real data from QuantDinger for EURUSD
[2026-06-20 05:13:20] [DEBUG] [hybrid_market_client] Fetching indicators for EURUSD (method: QuantDinger)
[2026-06-20 05:13:20] [DEBUG] [market_client] Using cached candles for EURUSD H1 (age: 0s)
[2026-06-20 05:13:20] [DEBUG] [hybrid_market_client] ✓ Got real data from QuantDinger for EURUSD
[2026-06-20 05:13:20] [DEBUG] [hybrid_market_client] Fetching indicators for EURUSD (method: QuantDinger)
[2026-06-20 05:13:20] [DEBUG] [market_client] Using cached candles for EURUSD H1 (age: 0s)
[2026-06-20 05:13:20] [DEBUG] [hybrid_market_client] ✓ Got real data from QuantDinger for EURUSD
[2026-06-20 05:13:20] [DEBUG] [hybrid_market_client] Fetching indicators for EURUSD (method: QuantDinger)
[2026-06-20 05:13:20] [DEBUG] [market_client] Using cached candles for EURUSD H4 (age: 0s)
[2026-06-20 05:13:20] [DEBUG] [hybrid_market_client] ✓ Got real data from QuantDinger for EURUSD
[2026-06-20 05:13:20] [DEBUG] [hybrid_market_client] Fetching indicators for EURUSD (method: QuantDinger)
[2026-06-20 05:13:20] [DEBUG] [market_client] Using cached candles for EURUSD H1 (age: 0s)
[2026-06-20 05:13:20] [DEBUG] [hybrid_market_client] ✓ Got real data from QuantDinger for EURUSD
[2026-06-20 05:13:20] [INFO] [main] --- XAUUSD ---
[2026-06-20 05:13:24] [INFO] [deepseek] AI analysis XAUUSD: bias=neutral score=30.0 conf=0.40
[2026-06-20 05:13:24] [DEBUG] [signal_engine] Signal: NEUTRAL score=30.0 conf=0.40 strength=ضعيف valid=False
[2026-06-20 05:13:24] [DEBUG] [hybrid_market_client] Fetching indicators for XAUUSD (method: QuantDinger)
[2026-06-20 05:13:24] [DEBUG] [market_client] Candles XAUUSD 4H: 100 bars ✓
[2026-06-20 05:13:24] [DEBUG] [hybrid_market_client] ✓ Got real data from QuantDinger for XAUUSD
[2026-06-20 05:13:24] [DEBUG] [hybrid_market_client] Fetching indicators for XAUUSD (method: QuantDinger)
[2026-06-20 05:13:24] [DEBUG] [market_client] Candles XAUUSD 4H: 100 bars ✓
[2026-06-20 05:13:24] [DEBUG] [hybrid_market_client] ✓ Got real data from QuantDinger for XAUUSD
[2026-06-20 05:13:24] [DEBUG] [hybrid_market_client] Fetching indicators for XAUUSD (method: QuantDinger)
[2026-06-20 05:13:24] [DEBUG] [market_client] Candles XAUUSD 4H: 100 bars ✓
[2026-06-20 05:13:24] [DEBUG] [hybrid_market_client] ✓ Got real data from QuantDinger for XAUUSD
[2026-06-20 05:13:24] [DEBUG] [hybrid_market_client] Fetching indicators for XAUUSD (method: QuantDinger)
[2026-06-20 05:13:24] [DEBUG] [market_client] Using cached candles for XAUUSD H4 (age: 0s)
[2026-06-20 05:13:24] [DEBUG] [hybrid_market_client] ✓ Got real data from QuantDinger for XAUUSD
[2026-06-20 05:13:24] [DEBUG] [hybrid_market_client] Fetching indicators for XAUUSD (method: QuantDinger)
[2026-06-20 05:13:24] [DEBUG] [market_client] Using cached candles for XAUUSD H1 (age: 0s)
[2026-06-20 05:13:24] [DEBUG] [hybrid_market_client] ✓ Got real data from QuantDinger for XAUUSD
[2026-06-20 05:13:24] [DEBUG] [hybrid_market_client] Fetching indicators for XAUUSD (method: QuantDinger)
[2026-06-20 05:13:24] [DEBUG] [market_client] Using cached candles for XAUUSD M15 (age: 0s)
[2026-06-20 05:13:24] [DEBUG] [hybrid_market_client] ✓ Got real data from QuantDinger for XAUUSD
[2026-06-20 05:13:24] [DEBUG] [hybrid_market_client] Fetching indicators for XAUUSD (method: QuantDinger)
[2026-06-20 05:13:24] [DEBUG] [market_client] Using cached candles for XAUUSD H4 (age: 0s)
[2026-06-20 05:13:24] [DEBUG] [hybrid_market_client] ✓ Got real data from QuantDinger for XAUUSD
[2026-06-20 05:13:24] [DEBUG] [hybrid_market_client] Fetching indicators for XAUUSD (method: QuantDinger)
[2026-06-20 05:13:24] [DEBUG] [market_client] Using cached candles for XAUUSD H1 (age: 0s)
[2026-06-20 05:13:24] [DEBUG] [hybrid_market_client] ✓ Got real data from QuantDinger for XAUUSD
[2026-06-20 05:13:24] [DEBUG] [hybrid_market_client] Fetching indicators for XAUUSD (method: QuantDinger)
[2026-06-20 05:13:24] [DEBUG] [market_client] Using cached candles for XAUUSD M15 (age: 0s)
[2026-06-20 05:13:24] [DEBUG] [hybrid_market_client] ✓ Got real data from QuantDinger for XAUUSD
[2026-06-20 05:13:24] [INFO] [mtf] MTF_VERIFY XAUUSD: TIMEFRAME=H4 candles=1 last_ts= last_close=4167.5 RSI=28.7 ATR=46.514265 MACD=-36.515359 | TIMEFRAME=H1 candles=1 last_ts= last_close=4167.5 RSI=28.7 ATR=46.514265 MACD=-36.515359 | TIMEFRAME=M15 candles=1 last_ts= last_close=4167.5 RSI=28.7 ATR=46.514265 MACD=-36.515359
[2026-06-20 05:13:24] [INFO] [mtf] MTF XAUUSD: H4=bearish H1=bullish M15=bullish aligned=True (weak)
[2026-06-20 05:13:24] [DEBUG] [hybrid_market_client] Fetching indicators for XAUUSD (method: QuantDinger)
[2026-06-20 05:13:24] [DEBUG] [market_client] Using cached candles for XAUUSD H4 (age: 0s)
[2026-06-20 05:13:24] [DEBUG] [hybrid_market_client] ✓ Got real data from QuantDinger for XAUUSD
[2026-06-20 05:13:24] [DEBUG] [hybrid_market_client] Fetching indicators for XAUUSD (method: QuantDinger)
[2026-06-20 05:13:24] [DEBUG] [market_client] Using cached candles for XAUUSD H1 (age: 0s)
[2026-06-20 05:13:24] [DEBUG] [hybrid_market_client] ✓ Got real data from QuantDinger for XAUUSD
[2026-06-20 05:13:24] [DEBUG] [hybrid_market_client] Fetching indicators for XAUUSD (method: QuantDinger)
[2026-06-20 05:13:24] [DEBUG] [market_client] Using cached candles for XAUUSD H1 (age: 0s)
[2026-06-20 05:13:24] [DEBUG] [hybrid_market_client] ✓ Got real data from QuantDinger for XAUUSD
[2026-06-20 05:13:24] [DEBUG] [hybrid_market_client] Fetching indicators for XAUUSD (method: QuantDinger)
[2026-06-20 05:13:24] [DEBUG] [market_client] Using cached candles for XAUUSD H4 (age: 0s)
[2026-06-20 05:13:24] [DEBUG] [hybrid_market_client] ✓ Got real data from QuantDinger for XAUUSD
[2026-06-20 05:13:24] [DEBUG] [hybrid_market_client] Fetching indicators for XAUUSD (method: QuantDinger)
[2026-06-20 05:13:24] [DEBUG] [market_client] Using cached candles for XAUUSD H1 (age: 0s)
[2026-06-20 05:13:24] [DEBUG] [hybrid_market_client] ✓ Got real data from QuantDinger for XAUUSD
[2026-06-20 05:13:24] [INFO] [main] --- GBPUSD ---
[2026-06-20 05:13:28] [INFO] [deepseek] AI analysis GBPUSD: bias=neutral score=30.0 conf=0.40
[2026-06-20 05:13:28] [DEBUG] [signal_engine] Signal: NEUTRAL score=30.0 conf=0.40 strength=ضعيف valid=False
[2026-06-20 05:13:28] [DEBUG] [hybrid_market_client] Fetching indicators for GBPUSD (method: QuantDinger)
[2026-06-20 05:13:28] [DEBUG] [market_client] Candles GBPUSD 4H: 100 bars ✓
[2026-06-20 05:13:28] [DEBUG] [hybrid_market_client] ✓ Got real data from QuantDinger for GBPUSD
[2026-06-20 05:13:28] [DEBUG] [hybrid_market_client] Fetching indicators for GBPUSD (method: QuantDinger)
[2026-06-20 05:13:28] [DEBUG] [market_client] Candles GBPUSD 4H: 100 bars ✓
[2026-06-20 05:13:28] [DEBUG] [hybrid_market_client] ✓ Got real data from QuantDinger for GBPUSD
[2026-06-20 05:13:28] [DEBUG] [hybrid_market_client] Fetching indicators for GBPUSD (method: QuantDinger)
[2026-06-20 05:13:28] [DEBUG] [market_client] Candles GBPUSD 4H: 100 bars ✓
[2026-06-20 05:13:28] [DEBUG] [hybrid_market_client] ✓ Got real data from QuantDinger for GBPUSD
[2026-06-20 05:13:28] [DEBUG] [hybrid_market_client] Fetching indicators for GBPUSD (method: QuantDinger)
[2026-06-20 05:13:28] [DEBUG] [market_client] Using cached candles for GBPUSD H4 (age: 0s)
[2026-06-20 05:13:28] [DEBUG] [hybrid_market_client] ✓ Got real data from QuantDinger for GBPUSD
[2026-06-20 05:13:28] [DEBUG] [hybrid_market_client] Fetching indicators for GBPUSD (method: QuantDinger)
[2026-06-20 05:13:28] [DEBUG] [market_client] Using cached candles for GBPUSD H1 (age: 0s)
[2026-06-20 05:13:28] [DEBUG] [hybrid_market_client] ✓ Got real data from QuantDinger for GBPUSD
[2026-06-20 05:13:28] [DEBUG] [hybrid_market_client] Fetching indicators for GBPUSD (method: QuantDinger)
[2026-06-20 05:13:28] [DEBUG] [market_client] Using cached candles for GBPUSD M15 (age: 0s)
[2026-06-20 05:13:28] [DEBUG] [hybrid_market_client] ✓ Got real data from QuantDinger for GBPUSD
[2026-06-20 05:13:28] [DEBUG] [hybrid_market_client] Fetching indicators for GBPUSD (method: QuantDinger)
[2026-06-20 05:13:28] [DEBUG] [market_client] Using cached candles for GBPUSD H4 (age: 0s)
[2026-06-20 05:13:28] [DEBUG] [hybrid_market_client] ✓ Got real data from QuantDinger for GBPUSD
[2026-06-20 05:13:28] [DEBUG] [hybrid_market_client] Fetching indicators for GBPUSD (method: QuantDinger)
[2026-06-20 05:13:28] [DEBUG] [market_client] Using cached candles for GBPUSD H1 (age: 0s)
[2026-06-20 05:13:28] [DEBUG] [hybrid_market_client] ✓ Got real data from QuantDinger for GBPUSD
[2026-06-20 05:13:28] [DEBUG] [hybrid_market_client] Fetching indicators for GBPUSD (method: QuantDinger)
[2026-06-20 05:13:28] [DEBUG] [market_client] Using cached candles for GBPUSD M15 (age: 0s)
[2026-06-20 05:13:28] [DEBUG] [hybrid_market_client] ✓ Got real data from QuantDinger for GBPUSD
[2026-06-20 05:13:28] [INFO] [mtf] MTF_VERIFY GBPUSD: TIMEFRAME=H4 candles=1 last_ts= last_close=1.3237143754959106 RSI=25.65 ATR=0.004009 MACD=-0.008898 | TIMEFRAME=H1 candles=1 last_ts= last_close=1.3237143754959106 RSI=25.65 ATR=0.004009 MACD=-0.008898 | TIMEFRAME=M15 candles=1 last_ts= last_close=1.3237143754959106 RSI=25.65 ATR=0.004009 MACD=-0.008898
[2026-06-20 05:13:28] [INFO] [mtf] MTF GBPUSD: H4=bearish H1=bullish M15=bullish aligned=True (weak)
[2026-06-20 05:13:28] [DEBUG] [hybrid_market_client] Fetching indicators for GBPUSD (method: QuantDinger)
[2026-06-20 05:13:28] [DEBUG] [market_client] Using cached candles for GBPUSD H4 (age: 0s)
[2026-06-20 05:13:28] [DEBUG] [hybrid_market_client] ✓ Got real data from QuantDinger for GBPUSD
[2026-06-20 05:13:28] [DEBUG] [hybrid_market_client] Fetching indicators for GBPUSD (method: QuantDinger)
[2026-06-20 05:13:28] [DEBUG] [market_client] Using cached candles for GBPUSD H1 (age: 0s)
[2026-06-20 05:13:28] [DEBUG] [hybrid_market_client] ✓ Got real data from QuantDinger for GBPUSD
[2026-06-20 05:13:28] [DEBUG] [hybrid_market_client] Fetching indicators for GBPUSD (method: QuantDinger)
[2026-06-20 05:13:28] [DEBUG] [market_client] Using cached candles for GBPUSD H1 (age: 0s)
[2026-06-20 05:13:28] [DEBUG] [hybrid_market_client] ✓ Got real data from QuantDinger for GBPUSD
[2026-06-20 05:13:28] [DEBUG] [hybrid_market_client] Fetching indicators for GBPUSD (method: QuantDinger)
[2026-06-20 05:13:28] [DEBUG] [market_client] Using cached candles for GBPUSD H4 (age: 0s)
[2026-06-20 05:13:28] [DEBUG] [hybrid_market_client] ✓ Got real data from QuantDinger for GBPUSD
[2026-06-20 05:13:28] [DEBUG] [hybrid_market_client] Fetching indicators for GBPUSD (method: QuantDinger)
[2026-06-20 05:13:28] [DEBUG] [market_client] Using cached candles for GBPUSD H1 (age: 0s)
[2026-06-20 05:13:28] [DEBUG] [hybrid_market_client] ✓ Got real data from QuantDinger for GBPUSD
[2026-06-20 05:13:28] [INFO] [main] Sleeping 1800s...
[2026-06-20 05:14:50] [INFO] [qd_client] Logged in to QuantDinger
[2026-06-20 05:14:50] [DEBUG] [qd_client] Opening trade payload: GBPUSD BUY volume=0.01
[2026-06-20 05:14:50] [ERROR] [qd_client] Trade failed: {'success': False, 'error': 'Order rejected: Unsupported filling mode'}
[2026-06-20 05:14:50] [DEBUG] [qd_client] Opening trade payload: GBPUSD BUY volume=0.01
[2026-06-20 05:14:50] [ERROR] [qd_client] Trade failed: {'success': False, 'error': 'Order rejected: Unsupported filling mode'}
[2026-06-20 05:14:50] [DEBUG] [qd_client] Opening trade payload: GBPUSD BUY volume=0.01
[2026-06-20 05:14:50] [ERROR] [qd_client] Trade failed: {'success': False, 'error': 'Order rejected: Unsupported filling mode'}
[2026-06-20 05:15:08] [INFO] [qd_client] Logged in to QuantDinger
[2026-06-20 05:18:18] [INFO] [qd_client] Logged in to QuantDinger
[2026-06-20 05:18:18] [DEBUG] [qd_client] Opening trade payload: GBPUSD BUY volume=0.01
[2026-06-20 05:18:18] [ERROR] [qd_client] Trade failed: {'success': False, 'error': 'Order rejected: Unsupported filling mode'}
[2026-06-20 05:18:18] [DEBUG] [qd_client] Opening trade payload: GBPUSD BUY volume=0.01
[2026-06-20 05:18:18] [ERROR] [qd_client] Trade failed: {'success': False, 'error': 'Order rejected: Unsupported filling mode'}
[2026-06-20 05:18:18] [DEBUG] [qd_client] Opening trade payload: GBPUSD BUY volume=0.01
[2026-06-20 05:18:19] [ERROR] [qd_client] Trade failed: {'success': False, 'error': 'Order rejected: Unsupported filling mode'}
[2026-06-20 05:19:08] [INFO] [qd_client] Logged in to QuantDinger
[2026-06-20 05:25:12] [ERROR] [qd_client] Get positions error: HTTPConnectionPool(host='localhost', port=8888): Max retries exceeded with url: /api/mt5/positions (Caused by NewConnectionError('<urllib3.connection.HTTPConnection object at 0x00000174D52CEF10>: Failed to establish a new connection: [WinError 10061] No connection could be made because the target machine actively refused it'))
[2026-06-20 05:26:58] [ERROR] [qd_client] Login attempt 1 failed: HTTPConnectionPool(host='localhost', port=8888): Max retries exceeded with url: /api/auth/login (Caused by NewConnectionError('<urllib3.connection.HTTPConnection object at 0x0000020FD4F08AD0>: Failed to establish a new connection: [WinError 10061] No connection could be made because the target machine actively refused it'))
[2026-06-20 05:27:07] [ERROR] [qd_client] Login attempt 2 failed: HTTPConnectionPool(host='localhost', port=8888): Max retries exceeded with url: /api/auth/login (Caused by NewConnectionError('<urllib3.connection.HTTPConnection object at 0x0000020FD4F14B90>: Failed to establish a new connection: [WinError 10061] No connection could be made because the target machine actively refused it'))
[2026-06-20 05:27:16] [ERROR] [qd_client] Login attempt 3 failed: HTTPConnectionPool(host='localhost', port=8888): Max retries exceeded with url: /api/auth/login (Caused by NewConnectionError('<urllib3.connection.HTTPConnection object at 0x0000020FD4F15450>: Failed to establish a new connection: [WinError 10061] No connection could be made because the target machine actively refused it'))
[2026-06-20 05:27:51] [ERROR] [qd_client] Login attempt 1 failed: HTTPConnectionPool(host='localhost', port=8888): Max retries exceeded with url: /api/auth/login (Caused by NewConnectionError('<urllib3.connection.HTTPConnection object at 0x00000274B2B38AD0>: Failed to establish a new connection: [WinError 10061] No connection could be made because the target machine actively refused it'))
[2026-06-20 05:28:00] [ERROR] [qd_client] Login attempt 2 failed: HTTPConnectionPool(host='localhost', port=8888): Max retries exceeded with url: /api/auth/login (Caused by NewConnectionError('<urllib3.connection.HTTPConnection object at 0x00000274B2B44B90>: Failed to establish a new connection: [WinError 10061] No connection could be made because the target machine actively refused it'))
[2026-06-20 05:28:09] [ERROR] [qd_client] Login attempt 3 failed: HTTPConnectionPool(host='localhost', port=8888): Max retries exceeded with url: /api/auth/login (Caused by NewConnectionError('<urllib3.connection.HTTPConnection object at 0x00000274B2B45450>: Failed to establish a new connection: [WinError 10061] No connection could be made because the target machine actively refused it'))
[2026-06-20 05:28:47] [ERROR] [qd_client] Login attempt 1 failed: HTTPConnectionPool(host='localhost', port=8888): Max retries exceeded with url: /api/auth/login (Caused by NewConnectionError('<urllib3.connection.HTTPConnection object at 0x000002383B948AD0>: Failed to establish a new connection: [WinError 10061] No connection could be made because the target machine actively refused it'))
[2026-06-20 05:28:56] [ERROR] [qd_client] Login attempt 2 failed: HTTPConnectionPool(host='localhost', port=8888): Max retries exceeded with url: /api/auth/login (Caused by NewConnectionError('<urllib3.connection.HTTPConnection object at 0x000002383B954B90>: Failed to establish a new connection: [WinError 10061] No connection could be made because the target machine actively refused it'))
[2026-06-20 05:29:05] [ERROR] [qd_client] Login attempt 3 failed: HTTPConnectionPool(host='localhost', port=8888): Max retries exceeded with url: /api/auth/login (Caused by NewConnectionError('<urllib3.connection.HTTPConnection object at 0x000002383B955450>: Failed to establish a new connection: [WinError 10061] No connection could be made because the target machine actively refused it'))
[2026-06-20 05:31:29] [ERROR] [qd_client] Login attempt 1 failed: HTTPConnectionPool(host='localhost', port=8888): Max retries exceeded with url: /api/auth/login (Caused by NewConnectionError('<urllib3.connection.HTTPConnection object at 0x00000219A1128AD0>: Failed to establish a new connection: [WinError 10061] No connection could be made because the target machine actively refused it'))
[2026-06-20 05:31:38] [ERROR] [qd_client] Login attempt 2 failed: HTTPConnectionPool(host='localhost', port=8888): Max retries exceeded with url: /api/auth/login (Caused by NewConnectionError('<urllib3.connection.HTTPConnection object at 0x00000219A1134B90>: Failed to establish a new connection: [WinError 10061] No connection could be made because the target machine actively refused it'))
[2026-06-20 05:31:47] [ERROR] [qd_client] Login attempt 3 failed: HTTPConnectionPool(host='localhost', port=8888): Max retries exceeded with url: /api/auth/login (Caused by NewConnectionError('<urllib3.connection.HTTPConnection object at 0x00000219A1135450>: Failed to establish a new connection: [WinError 10061] No connection could be made because the target machine actively refused it'))
[2026-06-20 05:39:47] [ERROR] [qd_client] Login attempt 1 failed: HTTPConnectionPool(host='localhost', port=8888): Max retries exceeded with url: /api/auth/login (Caused by NewConnectionError('<urllib3.connection.HTTPConnection object at 0x00000276821D8AD0>: Failed to establish a new connection: [WinError 10061] No connection could be made because the target machine actively refused it'))
[2026-06-20 05:39:56] [ERROR] [qd_client] Login attempt 2 failed: HTTPConnectionPool(host='localhost', port=8888): Max retries exceeded with url: /api/auth/login (Caused by NewConnectionError('<urllib3.connection.HTTPConnection object at 0x00000276821E4B90>: Failed to establish a new connection: [WinError 10061] No connection could be made because the target machine actively refused it'))
[2026-06-20 05:40:05] [ERROR] [qd_client] Login attempt 3 failed: HTTPConnectionPool(host='localhost', port=8888): Max retries exceeded with url: /api/auth/login (Caused by NewConnectionError('<urllib3.connection.HTTPConnection object at 0x00000276821E5450>: Failed to establish a new connection: [WinError 10061] No connection could be made because the target machine actively refused it'))
[2026-06-20 05:40:38] [ERROR] [qd_client] Login attempt 1 failed: HTTPConnectionPool(host='localhost', port=8888): Max retries exceeded with url: /api/auth/login (Caused by NewConnectionError('<urllib3.connection.HTTPConnection object at 0x000001ED21418AD0>: Failed to establish a new connection: [WinError 10061] No connection could be made because the target machine actively refused it'))
[2026-06-20 05:40:47] [ERROR] [qd_client] Login attempt 2 failed: HTTPConnectionPool(host='localhost', port=8888): Max retries exceeded with url: /api/auth/login (Caused by NewConnectionError('<urllib3.connection.HTTPConnection object at 0x000001ED21424B90>: Failed to establish a new connection: [WinError 10061] No connection could be made because the target machine actively refused it'))
[2026-06-20 05:40:56] [ERROR] [qd_client] Login attempt 3 failed: HTTPConnectionPool(host='localhost', port=8888): Max retries exceeded with url: /api/auth/login (Caused by NewConnectionError('<urllib3.connection.HTTPConnection object at 0x000001ED21425450>: Failed to establish a new connection: [WinError 10061] No connection could be made because the target machine actively refused it'))
[2026-06-20 06:12:49] [ERROR] [qd_client] Login attempt 1 failed: HTTPConnectionPool(host='localhost', port=8888): Max retries exceeded with url: /api/auth/login (Caused by NewConnectionError('<urllib3.connection.HTTPConnection object at 0x00000236A1D48AD0>: Failed to establish a new connection: [WinError 10061] No connection could be made because the target machine actively refused it'))
[2026-06-20 06:12:58] [ERROR] [qd_client] Login attempt 2 failed: HTTPConnectionPool(host='localhost', port=8888): Max retries exceeded with url: /api/auth/login (Caused by NewConnectionError('<urllib3.connection.HTTPConnection object at 0x00000236A1D54B90>: Failed to establish a new connection: [WinError 10061] No connection could be made because the target machine actively refused it'))
[2026-06-20 06:13:07] [ERROR] [qd_client] Login attempt 3 failed: HTTPConnectionPool(host='localhost', port=8888): Max retries exceeded with url: /api/auth/login (Caused by NewConnectionError('<urllib3.connection.HTTPConnection object at 0x00000236A1D55450>: Failed to establish a new connection: [WinError 10061] No connection could be made because the target machine actively refused it'))
[2026-06-20 06:17:17] [ERROR] [qd_client] Login attempt 1 failed: HTTPConnectionPool(host='localhost', port=8888): Max retries exceeded with url: /api/auth/login (Caused by NewConnectionError('<urllib3.connection.HTTPConnection object at 0x00000130CE118AD0>: Failed to establish a new connection: [WinError 10061] No connection could be made because the target machine actively refused it'))
[2026-06-20 06:17:26] [ERROR] [qd_client] Login attempt 2 failed: HTTPConnectionPool(host='localhost', port=8888): Max retries exceeded with url: /api/auth/login (Caused by NewConnectionError('<urllib3.connection.HTTPConnection object at 0x00000130CE124B90>: Failed to establish a new connection: [WinError 10061] No connection could be made because the target machine actively refused it'))
[2026-06-20 06:17:35] [ERROR] [qd_client] Login attempt 3 failed: HTTPConnectionPool(host='localhost', port=8888): Max retries exceeded with url: /api/auth/login (Caused by NewConnectionError('<urllib3.connection.HTTPConnection object at 0x00000130CE125450>: Failed to establish a new connection: [WinError 10061] No connection could be made because the target machine actively refused it'))
[2026-06-20 06:27:49] [INFO] [qd_client] Logged in to QuantDinger
[2026-06-20 06:27:49] [DEBUG] [qd_client] Opening trade payload: GBPUSD BUY volume=0.01
[2026-06-20 06:27:49] [ERROR] [qd_client] Trade failed: {'success': False, 'error': 'Not connected to MT5'}
[2026-06-20 06:27:49] [DEBUG] [qd_client] Opening trade payload: GBPUSD BUY volume=0.01
[2026-06-20 06:27:49] [ERROR] [qd_client] Trade failed: {'success': False, 'error': 'Not connected to MT5'}
[2026-06-20 06:27:49] [DEBUG] [qd_client] Opening trade payload: GBPUSD BUY volume=0.01
[2026-06-20 06:27:49] [ERROR] [qd_client] Trade failed: {'success': False, 'error': 'Not connected to MT5'}
[2026-06-20 06:30:09] [INFO] [qd_client] Logged in to QuantDinger
[2026-06-20 06:33:04] [INFO] [main] Trading Bot V3 starting...
[2026-06-20 06:33:04] [INFO] [database] V3 Database initialized with all tables
[2026-06-20 06:33:04] [INFO] [qd_client] Logged in to QuantDinger
[2026-06-20 06:33:04] [INFO] [qd_client] MT5 connected
[2026-06-20 06:33:04] [INFO] [main] MT5 connected
[2026-06-20 06:33:04] [INFO] [telegram_bot] Telegram polling started
[2026-06-20 06:33:04] [INFO] [telegram_bot] Telegram bot V3 started
[2026-06-20 06:33:04] [INFO] [mt5_watchdog] MT5 watchdog started (V1 reconnect logic)
[2026-06-20 06:33:04] [INFO] [reconciliation] Reconciliation loop started (every 60s)
[2026-06-20 06:33:04] [INFO] [reconciliation] Reconciliation thread started
[2026-06-20 06:33:05] [INFO] [main] ==================================================
[2026-06-20 06:33:05] [INFO] [main] Cycle 1 at 06:33:05
[2026-06-20 06:33:14] [INFO] [news_fetcher] Fetched 1 relevant news items
[2026-06-20 06:33:14] [INFO] [main] Equity: 73516.00$ | News: 1
[2026-06-20 06:33:14] [INFO] [main] --- EURUSD ---
[2026-06-20 06:33:18] [INFO] [deepseek] AI analysis EURUSD: bias=neutral score=30.0 conf=0.40
[2026-06-20 06:33:18] [DEBUG] [signal_engine] Signal: NEUTRAL score=30.0 conf=0.40 strength=ضعيف valid=False
[2026-06-20 06:33:18] [DEBUG] [hybrid_market_client] Fetching indicators for EURUSD (method: QuantDinger)
[2026-06-20 06:33:18] [DEBUG] [market_client] Candles EURUSD 4H: 100 bars ✓
[2026-06-20 06:33:18] [DEBUG] [hybrid_market_client] ✓ Got real data from QuantDinger for EURUSD
[2026-06-20 06:33:18] [DEBUG] [hybrid_market_client] Fetching indicators for EURUSD (method: QuantDinger)
[2026-06-20 06:33:18] [DEBUG] [market_client] Candles EURUSD 4H: 100 bars ✓
[2026-06-20 06:33:18] [DEBUG] [hybrid_market_client] ✓ Got real data from QuantDinger for EURUSD
[2026-06-20 06:33:18] [DEBUG] [hybrid_market_client] Fetching indicators for EURUSD (method: QuantDinger)
[2026-06-20 06:33:18] [DEBUG] [market_client] Candles EURUSD 4H: 100 bars ✓
[2026-06-20 06:33:18] [DEBUG] [hybrid_market_client] ✓ Got real data from QuantDinger for EURUSD
[2026-06-20 06:33:18] [DEBUG] [hybrid_market_client] Fetching indicators for EURUSD (method: QuantDinger)
[2026-06-20 06:33:18] [DEBUG] [market_client] Using cached candles for EURUSD H4 (age: 0s)
[2026-06-20 06:33:18] [DEBUG] [hybrid_market_client] ✓ Got real data from QuantDinger for EURUSD
[2026-06-20 06:33:18] [DEBUG] [hybrid_market_client] Fetching indicators for EURUSD (method: QuantDinger)
[2026-06-20 06:33:18] [DEBUG] [market_client] Using cached candles for EURUSD H1 (age: 0s)
[2026-06-20 06:33:18] [DEBUG] [hybrid_market_client] ✓ Got real data from QuantDinger for EURUSD
[2026-06-20 06:33:18] [DEBUG] [hybrid_market_client] Fetching indicators for EURUSD (method: QuantDinger)
[2026-06-20 06:33:18] [DEBUG] [market_client] Using cached candles for EURUSD M15 (age: 0s)
[2026-06-20 06:33:18] [DEBUG] [hybrid_market_client] ✓ Got real data from QuantDinger for EURUSD
[2026-06-20 06:33:18] [DEBUG] [hybrid_market_client] Fetching indicators for EURUSD (method: QuantDinger)
[2026-06-20 06:33:18] [DEBUG] [market_client] Using cached candles for EURUSD H4 (age: 0s)
[2026-06-20 06:33:18] [DEBUG] [hybrid_market_client] ✓ Got real data from QuantDinger for EURUSD
[2026-06-20 06:33:18] [DEBUG] [hybrid_market_client] Fetching indicators for EURUSD (method: QuantDinger)
[2026-06-20 06:33:18] [DEBUG] [market_client] Using cached candles for EURUSD H1 (age: 0s)
[2026-06-20 06:33:18] [DEBUG] [hybrid_market_client] ✓ Got real data from QuantDinger for EURUSD
[2026-06-20 06:33:18] [DEBUG] [hybrid_market_client] Fetching indicators for EURUSD (method: QuantDinger)
[2026-06-20 06:33:18] [DEBUG] [market_client] Using cached candles for EURUSD M15 (age: 0s)
[2026-06-20 06:33:18] [DEBUG] [hybrid_market_client] ✓ Got real data from QuantDinger for EURUSD
[2026-06-20 06:33:18] [INFO] [mtf] MTF_VERIFY EURUSD: TIMEFRAME=H4 candles=1 last_ts= last_close=1.1469204425811768 RSI=27.64 ATR=0.002983 MACD=-0.006249 | TIMEFRAME=H1 candles=1 last_ts= last_close=1.1469204425811768 RSI=27.64 ATR=0.002983 MACD=-0.006249 | TIMEFRAME=M15 candles=1 last_ts= last_close=1.1469204425811768 RSI=27.64 ATR=0.002983 MACD=-0.006249
[2026-06-20 06:33:18] [INFO] [mtf] MTF EURUSD: H4=bearish H1=bullish M15=bullish aligned=True (weak)
[2026-06-20 06:33:18] [DEBUG] [hybrid_market_client] Fetching indicators for EURUSD (method: QuantDinger)
[2026-06-20 06:33:18] [DEBUG] [market_client] Using cached candles for EURUSD H4 (age: 0s)
[2026-06-20 06:33:18] [DEBUG] [hybrid_market_client] ✓ Got real data from QuantDinger for EURUSD
[2026-06-20 06:33:18] [DEBUG] [hybrid_market_client] Fetching indicators for EURUSD (method: QuantDinger)
[2026-06-20 06:33:18] [DEBUG] [market_client] Using cached candles for EURUSD H1 (age: 0s)
[2026-06-20 06:33:18] [DEBUG] [hybrid_market_client] ✓ Got real data from QuantDinger for EURUSD
[2026-06-20 06:33:18] [DEBUG] [hybrid_market_client] Fetching indicators for EURUSD (method: QuantDinger)
[2026-06-20 06:33:18] [DEBUG] [market_client] Using cached candles for EURUSD H1 (age: 0s)
[2026-06-20 06:33:18] [DEBUG] [hybrid_market_client] ✓ Got real data from QuantDinger for EURUSD
[2026-06-20 06:33:18] [DEBUG] [hybrid_market_client] Fetching indicators for EURUSD (method: QuantDinger)
[2026-06-20 06:33:18] [DEBUG] [market_client] Using cached candles for EURUSD H4 (age: 0s)
[2026-06-20 06:33:18] [DEBUG] [hybrid_market_client] ✓ Got real data from QuantDinger for EURUSD
[2026-06-20 06:33:18] [DEBUG] [hybrid_market_client] Fetching indicators for EURUSD (method: QuantDinger)
[2026-06-20 06:33:18] [DEBUG] [market_client] Using cached candles for EURUSD H1 (age: 0s)
[2026-06-20 06:33:18] [DEBUG] [hybrid_market_client] ✓ Got real data from QuantDinger for EURUSD
[2026-06-20 06:33:18] [INFO] [main] --- XAUUSD ---
[2026-06-20 06:33:21] [INFO] [deepseek] AI analysis XAUUSD: bias=neutral score=45.0 conf=0.40
[2026-06-20 06:33:21] [DEBUG] [signal_engine] Signal: NEUTRAL score=45.0 conf=0.40 strength=ضعيف valid=False
[2026-06-20 06:33:21] [DEBUG] [hybrid_market_client] Fetching indicators for XAUUSD (method: QuantDinger)
[2026-06-20 06:33:22] [DEBUG] [market_client] Candles XAUUSD 4H: 100 bars ✓
[2026-06-20 06:33:22] [DEBUG] [hybrid_market_client] ✓ Got real data from QuantDinger for XAUUSD
[2026-06-20 06:33:22] [DEBUG] [hybrid_market_client] Fetching indicators for XAUUSD (method: QuantDinger)
[2026-06-20 06:33:22] [DEBUG] [market_client] Candles XAUUSD 4H: 100 bars ✓
[2026-06-20 06:33:22] [DEBUG] [hybrid_market_client] ✓ Got real data from QuantDinger for XAUUSD
[2026-06-20 06:33:22] [DEBUG] [hybrid_market_client] Fetching indicators for XAUUSD (method: QuantDinger)
[2026-06-20 06:33:22] [DEBUG] [market_client] Candles XAUUSD 4H: 100 bars ✓
[2026-06-20 06:33:22] [DEBUG] [hybrid_market_client] ✓ Got real data from QuantDinger for XAUUSD
[2026-06-20 06:33:22] [DEBUG] [hybrid_market_client] Fetching indicators for XAUUSD (method: QuantDinger)
[2026-06-20 06:33:22] [DEBUG] [market_client] Using cached candles for XAUUSD H4 (age: 0s)
[2026-06-20 06:33:22] [DEBUG] [hybrid_market_client] ✓ Got real data from QuantDinger for XAUUSD
[2026-06-20 06:33:22] [DEBUG] [hybrid_market_client] Fetching indicators for XAUUSD (method: QuantDinger)
[2026-06-20 06:33:22] [DEBUG] [market_client] Using cached candles for XAUUSD H1 (age: 0s)
[2026-06-20 06:33:22] [DEBUG] [hybrid_market_client] ✓ Got real data from QuantDinger for XAUUSD
[2026-06-20 06:33:22] [DEBUG] [hybrid_market_client] Fetching indicators for XAUUSD (method: QuantDinger)
[2026-06-20 06:33:22] [DEBUG] [market_client] Using cached candles for XAUUSD M15 (age: 0s)
[2026-06-20 06:33:22] [DEBUG] [hybrid_market_client] ✓ Got real data from QuantDinger for XAUUSD
[2026-06-20 06:33:22] [DEBUG] [hybrid_market_client] Fetching indicators for XAUUSD (method: QuantDinger)
[2026-06-20 06:33:22] [DEBUG] [market_client] Using cached candles for XAUUSD H4 (age: 0s)
[2026-06-20 06:33:22] [DEBUG] [hybrid_market_client] ✓ Got real data from QuantDinger for XAUUSD
[2026-06-20 06:33:22] [DEBUG] [hybrid_market_client] Fetching indicators for XAUUSD (method: QuantDinger)
[2026-06-20 06:33:22] [DEBUG] [market_client] Using cached candles for XAUUSD H1 (age: 0s)
[2026-06-20 06:33:22] [DEBUG] [hybrid_market_client] ✓ Got real data from QuantDinger for XAUUSD
[2026-06-20 06:33:22] [DEBUG] [hybrid_market_client] Fetching indicators for XAUUSD (method: QuantDinger)
[2026-06-20 06:33:22] [DEBUG] [market_client] Using cached candles for XAUUSD M15 (age: 0s)
[2026-06-20 06:33:22] [DEBUG] [hybrid_market_client] ✓ Got real data from QuantDinger for XAUUSD
[2026-06-20 06:33:22] [INFO] [mtf] MTF_VERIFY XAUUSD: TIMEFRAME=H4 candles=1 last_ts= last_close=4167.5 RSI=28.7 ATR=46.514265 MACD=-36.515359 | TIMEFRAME=H1 candles=1 last_ts= last_close=4167.5 RSI=28.7 ATR=46.514265 MACD=-36.515359 | TIMEFRAME=M15 candles=1 last_ts= last_close=4167.5 RSI=28.7 ATR=46.514265 MACD=-36.515359
[2026-06-20 06:33:22] [INFO] [mtf] MTF XAUUSD: H4=bearish H1=bullish M15=bullish aligned=True (weak)
[2026-06-20 06:33:22] [DEBUG] [hybrid_market_client] Fetching indicators for XAUUSD (method: QuantDinger)
[2026-06-20 06:33:22] [DEBUG] [market_client] Using cached candles for XAUUSD H4 (age: 0s)
[2026-06-20 06:33:22] [DEBUG] [hybrid_market_client] ✓ Got real data from QuantDinger for XAUUSD
[2026-06-20 06:33:22] [DEBUG] [hybrid_market_client] Fetching indicators for XAUUSD (method: QuantDinger)
[2026-06-20 06:33:22] [DEBUG] [market_client] Using cached candles for XAUUSD H1 (age: 0s)
[2026-06-20 06:33:22] [DEBUG] [hybrid_market_client] ✓ Got real data from QuantDinger for XAUUSD
[2026-06-20 06:33:22] [DEBUG] [hybrid_market_client] Fetching indicators for XAUUSD (method: QuantDinger)
[2026-06-20 06:33:22] [DEBUG] [market_client] Using cached candles for XAUUSD H1 (age: 0s)
[2026-06-20 06:33:22] [DEBUG] [hybrid_market_client] ✓ Got real data from QuantDinger for XAUUSD
[2026-06-20 06:33:22] [DEBUG] [hybrid_market_client] Fetching indicators for XAUUSD (method: QuantDinger)
[2026-06-20 06:33:22] [DEBUG] [market_client] Using cached candles for XAUUSD H4 (age: 0s)
[2026-06-20 06:33:22] [DEBUG] [hybrid_market_client] ✓ Got real data from QuantDinger for XAUUSD
[2026-06-20 06:33:22] [DEBUG] [hybrid_market_client] Fetching indicators for XAUUSD (method: QuantDinger)
[2026-06-20 06:33:22] [DEBUG] [market_client] Using cached candles for XAUUSD H1 (age: 0s)
[2026-06-20 06:33:22] [DEBUG] [hybrid_market_client] ✓ Got real data from QuantDinger for XAUUSD
[2026-06-20 06:33:22] [INFO] [main] --- GBPUSD ---
[2026-06-20 06:33:26] [INFO] [deepseek] AI analysis GBPUSD: bias=neutral score=30.0 conf=0.40
[2026-06-20 06:33:26] [DEBUG] [signal_engine] Signal: NEUTRAL score=30.0 conf=0.40 strength=ضعيف valid=False
[2026-06-20 06:33:26] [DEBUG] [hybrid_market_client] Fetching indicators for GBPUSD (method: QuantDinger)
[2026-06-20 06:33:26] [DEBUG] [market_client] Candles GBPUSD 4H: 100 bars ✓
[2026-06-20 06:33:26] [DEBUG] [hybrid_market_client] ✓ Got real data from QuantDinger for GBPUSD
[2026-06-20 06:33:26] [DEBUG] [hybrid_market_client] Fetching indicators for GBPUSD (method: QuantDinger)
[2026-06-20 06:33:26] [DEBUG] [market_client] Candles GBPUSD 4H: 100 bars ✓
[2026-06-20 06:33:26] [DEBUG] [hybrid_market_client] ✓ Got real data from QuantDinger for GBPUSD
[2026-06-20 06:33:26] [DEBUG] [hybrid_market_client] Fetching indicators for GBPUSD (method: QuantDinger)
[2026-06-20 06:33:26] [DEBUG] [market_client] Candles GBPUSD 4H: 100 bars ✓
[2026-06-20 06:33:26] [DEBUG] [hybrid_market_client] ✓ Got real data from QuantDinger for GBPUSD
[2026-06-20 06:33:26] [DEBUG] [hybrid_market_client] Fetching indicators for GBPUSD (method: QuantDinger)
[2026-06-20 06:33:26] [DEBUG] [market_client] Using cached candles for GBPUSD H4 (age: 0s)
[2026-06-20 06:33:26] [DEBUG] [hybrid_market_client] ✓ Got real data from QuantDinger for GBPUSD
[2026-06-20 06:33:26] [DEBUG] [hybrid_market_client] Fetching indicators for GBPUSD (method: QuantDinger)
[2026-06-20 06:33:26] [DEBUG] [market_client] Using cached candles for GBPUSD H1 (age: 0s)
[2026-06-20 06:33:26] [DEBUG] [hybrid_market_client] ✓ Got real data from QuantDinger for GBPUSD
[2026-06-20 06:33:26] [DEBUG] [hybrid_market_client] Fetching indicators for GBPUSD (method: QuantDinger)
[2026-06-20 06:33:26] [DEBUG] [market_client] Using cached candles for GBPUSD M15 (age: 0s)
[2026-06-20 06:33:26] [DEBUG] [hybrid_market_client] ✓ Got real data from QuantDinger for GBPUSD
[2026-06-20 06:33:26] [DEBUG] [hybrid_market_client] Fetching indicators for GBPUSD (method: QuantDinger)
[2026-06-20 06:33:26] [DEBUG] [market_client] Using cached candles for GBPUSD H4 (age: 0s)
[2026-06-20 06:33:26] [DEBUG] [hybrid_market_client] ✓ Got real data from QuantDinger for GBPUSD
[2026-06-20 06:33:26] [DEBUG] [hybrid_market_client] Fetching indicators for GBPUSD (method: QuantDinger)
[2026-06-20 06:33:26] [DEBUG] [market_client] Using cached candles for GBPUSD H1 (age: 0s)
[2026-06-20 06:33:26] [DEBUG] [hybrid_market_client] ✓ Got real data from QuantDinger for GBPUSD
[2026-06-20 06:33:26] [DEBUG] [hybrid_market_client] Fetching indicators for GBPUSD (method: QuantDinger)
[2026-06-20 06:33:26] [DEBUG] [market_client] Using cached candles for GBPUSD M15 (age: 0s)
[2026-06-20 06:33:26] [DEBUG] [hybrid_market_client] ✓ Got real data from QuantDinger for GBPUSD
[2026-06-20 06:33:26] [INFO] [mtf] MTF_VERIFY GBPUSD: TIMEFRAME=H4 candles=1 last_ts= last_close=1.3237143754959106 RSI=25.65 ATR=0.004009 MACD=-0.008898 | TIMEFRAME=H1 candles=1 last_ts= last_close=1.3237143754959106 RSI=25.65 ATR=0.004009 MACD=-0.008898 | TIMEFRAME=M15 candles=1 last_ts= last_close=1.3237143754959106 RSI=25.65 ATR=0.004009 MACD=-0.008898
[2026-06-20 06:33:26] [INFO] [mtf] MTF GBPUSD: H4=bearish H1=bullish M15=bullish aligned=True (weak)
[2026-06-20 06:33:26] [DEBUG] [hybrid_market_client] Fetching indicators for GBPUSD (method: QuantDinger)
[2026-06-20 06:33:26] [DEBUG] [market_client] Using cached candles for GBPUSD H4 (age: 0s)
[2026-06-20 06:33:26] [DEBUG] [hybrid_market_client] ✓ Got real data from QuantDinger for GBPUSD
[2026-06-20 06:33:26] [DEBUG] [hybrid_market_client] Fetching indicators for GBPUSD (method: QuantDinger)
[2026-06-20 06:33:26] [DEBUG] [market_client] Using cached candles for GBPUSD H1 (age: 0s)
[2026-06-20 06:33:26] [DEBUG] [hybrid_market_client] ✓ Got real data from QuantDinger for GBPUSD
[2026-06-20 06:33:26] [DEBUG] [hybrid_market_client] Fetching indicators for GBPUSD (method: QuantDinger)
[2026-06-20 06:33:26] [DEBUG] [market_client] Using cached candles for GBPUSD H1 (age: 0s)
[2026-06-20 06:33:26] [DEBUG] [hybrid_market_client] ✓ Got real data from QuantDinger for GBPUSD
[2026-06-20 06:33:26] [DEBUG] [hybrid_market_client] Fetching indicators for GBPUSD (method: QuantDinger)
[2026-06-20 06:33:26] [DEBUG] [market_client] Using cached candles for GBPUSD H4 (age: 0s)
[2026-06-20 06:33:26] [DEBUG] [hybrid_market_client] ✓ Got real data from QuantDinger for GBPUSD
[2026-06-20 06:33:26] [DEBUG] [hybrid_market_client] Fetching indicators for GBPUSD (method: QuantDinger)
[2026-06-20 06:33:26] [DEBUG] [market_client] Using cached candles for GBPUSD H1 (age: 0s)
[2026-06-20 06:33:26] [DEBUG] [hybrid_market_client] ✓ Got real data from QuantDinger for GBPUSD
[2026-06-20 06:33:26] [INFO] [main] Sleeping 1800s...
[2026-06-20 06:34:37] [INFO] [qd_client] Logged in to QuantDinger
[2026-06-20 06:34:37] [DEBUG] [qd_client] Opening trade payload: GBPUSD BUY volume=0.01
[2026-06-20 06:34:37] [ERROR] [qd_client] Trade failed: {'success': False, 'error': 'Order rejected: Unsupported filling mode'}
[2026-06-20 06:34:37] [DEBUG] [qd_client] Opening trade payload: GBPUSD BUY volume=0.01
[2026-06-20 06:34:37] [ERROR] [qd_client] Trade failed: {'success': False, 'error': 'Order rejected: Unsupported filling mode'}
[2026-06-20 06:34:37] [DEBUG] [qd_client] Opening trade payload: GBPUSD BUY volume=0.01
[2026-06-20 06:34:37] [ERROR] [qd_client] Trade failed: {'success': False, 'error': 'Order rejected: Unsupported filling mode'}
[2026-06-20 06:37:31] [INFO] [qd_client] Logged in to QuantDinger
[2026-06-20 06:37:31] [DEBUG] [qd_client] Opening trade payload: GBPUSD BUY volume=0.01
[2026-06-20 06:37:31] [ERROR] [qd_client] Trade failed: {'success': False, 'error': 'Not connected to MT5'}
[2026-06-20 06:37:31] [DEBUG] [qd_client] Opening trade payload: GBPUSD BUY volume=0.01
[2026-06-20 06:37:31] [ERROR] [qd_client] Trade failed: {'success': False, 'error': 'Not connected to MT5'}
[2026-06-20 06:37:31] [DEBUG] [qd_client] Opening trade payload: GBPUSD BUY volume=0.01
[2026-06-20 06:37:31] [ERROR] [qd_client] Trade failed: {'success': False, 'error': 'Not connected to MT5'}
[2026-06-20 06:43:50] [INFO] [main] Trading Bot V3 starting...
[2026-06-20 06:43:50] [INFO] [database] V3 Database initialized with all tables
[2026-06-20 06:43:50] [INFO] [qd_client] Logged in to QuantDinger
[2026-06-20 06:43:50] [WARNING] [main] MT5 connection failed at startup
[2026-06-20 06:43:50] [INFO] [telegram_bot] Telegram polling started
[2026-06-20 06:43:50] [INFO] [telegram_bot] Telegram bot V3 started
[2026-06-20 06:43:50] [INFO] [mt5_watchdog] MT5 watchdog started (V1 reconnect logic)
[2026-06-20 06:43:50] [INFO] [reconciliation] Reconciliation loop started (every 60s)
[2026-06-20 06:43:50] [INFO] [reconciliation] Reconciliation thread started
[2026-06-20 06:43:51] [INFO] [main] ==================================================
[2026-06-20 06:43:51] [INFO] [main] Cycle 1 at 06:43:51
[2026-06-20 06:43:51] [WARNING] [main] MT5 disconnected, reconnecting...
[2026-06-20 06:43:51] [WARNING] [main] MT5 still disconnected
[2026-06-20 06:43:51] [INFO] [main] Sleeping 1800s...
[2026-06-20 06:44:50] [WARNING] [mt5_watchdog] MT5 disconnected! Attempt 1/3
[2026-06-20 06:44:51] [INFO] [qd_client] Logged in to QuantDinger
[2026-06-20 06:44:51] [ERROR] [mt5_watchdog] MT5 reconnect failed: {'success': False, 'error': 'Failed to connect to MT5. Check credentials and ensure terminal is running.'}
[2026-06-20 06:46:00] [INFO] [main] Trading Bot V3 starting...
[2026-06-20 06:46:00] [INFO] [database] V3 Database initialized with all tables
[2026-06-20 06:46:01] [ERROR] [qd_client] Login attempt 1 failed: Expecting value: line 1 column 1 (char 0)
[2026-06-20 06:46:06] [ERROR] [qd_client] Login attempt 2 failed: Expecting value: line 1 column 1 (char 0)
[2026-06-20 06:46:11] [ERROR] [qd_client] Login attempt 3 failed: Expecting value: line 1 column 1 (char 0)
[2026-06-20 06:49:24] [INFO] [main] Trading Bot V3 starting...
[2026-06-20 06:49:24] [INFO] [database] V3 Database initialized with all tables
[2026-06-20 06:49:24] [INFO] [qd_client] Logged in to QuantDinger
[2026-06-20 06:49:24] [INFO] [qd_client] MT5 connected
[2026-06-20 06:49:24] [INFO] [main] MT5 connected
[2026-06-20 06:49:24] [INFO] [telegram_bot] Telegram polling started
[2026-06-20 06:49:24] [INFO] [telegram_bot] Telegram bot V3 started
[2026-06-20 06:49:24] [INFO] [mt5_watchdog] MT5 watchdog started (V1 reconnect logic)
[2026-06-20 06:49:24] [INFO] [reconciliation] Reconciliation loop started (every 60s)
[2026-06-20 06:49:24] [INFO] [reconciliation] Reconciliation thread started
[2026-06-20 06:49:25] [INFO] [main] ==================================================
[2026-06-20 06:49:25] [INFO] [main] Cycle 1 at 06:49:25
[2026-06-20 06:49:54] [INFO] [news_fetcher] Fetched 1 relevant news items
[2026-06-20 06:49:54] [INFO] [main] Equity: 73516.00$ | News: 1
[2026-06-20 06:49:54] [INFO] [main] --- EURUSD ---
[2026-06-20 06:49:58] [INFO] [deepseek] AI analysis EURUSD: bias=neutral score=30.0 conf=0.40
[2026-06-20 06:49:58] [DEBUG] [signal_engine] Signal: NEUTRAL score=30.0 conf=0.40 strength=ضعيف valid=False
[2026-06-20 06:49:58] [DEBUG] [hybrid_market_client] Fetching indicators for EURUSD (method: QuantDinger)
[2026-06-20 06:49:58] [DEBUG] [market_client] Candles EURUSD 4H: 100 bars ✓
[2026-06-20 06:49:58] [DEBUG] [hybrid_market_client] ✓ Got real data from QuantDinger for EURUSD
[2026-06-20 06:49:58] [DEBUG] [hybrid_market_client] Fetching indicators for EURUSD (method: QuantDinger)
[2026-06-20 06:49:58] [DEBUG] [market_client] Candles EURUSD 4H: 100 bars ✓
[2026-06-20 06:49:58] [DEBUG] [hybrid_market_client] ✓ Got real data from QuantDinger for EURUSD
[2026-06-20 06:49:58] [DEBUG] [hybrid_market_client] Fetching indicators for EURUSD (method: QuantDinger)
[2026-06-20 06:49:58] [DEBUG] [market_client] Candles EURUSD 4H: 100 bars ✓
[2026-06-20 06:49:58] [DEBUG] [hybrid_market_client] ✓ Got real data from QuantDinger for EURUSD
[2026-06-20 06:49:58] [DEBUG] [hybrid_market_client] Fetching indicators for EURUSD (method: QuantDinger)
[2026-06-20 06:49:58] [DEBUG] [market_client] Using cached candles for EURUSD H4 (age: 0s)
[2026-06-20 06:49:58] [DEBUG] [hybrid_market_client] ✓ Got real data from QuantDinger for EURUSD
[2026-06-20 06:49:58] [DEBUG] [hybrid_market_client] Fetching indicators for EURUSD (method: QuantDinger)
[2026-06-20 06:49:58] [DEBUG] [market_client] Using cached candles for EURUSD H1 (age: 0s)
[2026-06-20 06:49:58] [DEBUG] [hybrid_market_client] ✓ Got real data from QuantDinger for EURUSD
[2026-06-20 06:49:58] [DEBUG] [hybrid_market_client] Fetching indicators for EURUSD (method: QuantDinger)
[2026-06-20 06:49:58] [DEBUG] [market_client] Using cached candles for EURUSD M15 (age: 0s)
[2026-06-20 06:49:58] [DEBUG] [hybrid_market_client] ✓ Got real data from QuantDinger for EURUSD
[2026-06-20 06:49:58] [DEBUG] [hybrid_market_client] Fetching indicators for EURUSD (method: QuantDinger)
[2026-06-20 06:49:58] [DEBUG] [market_client] Using cached candles for EURUSD H4 (age: 0s)
[2026-06-20 06:49:58] [DEBUG] [hybrid_market_client] ✓ Got real data from QuantDinger for EURUSD
[2026-06-20 06:49:58] [DEBUG] [hybrid_market_client] Fetching indicators for EURUSD (method: QuantDinger)
[2026-06-20 06:49:58] [DEBUG] [market_client] Using cached candles for EURUSD H1 (age: 0s)
[2026-06-20 06:49:58] [DEBUG] [hybrid_market_client] ✓ Got real data from QuantDinger for EURUSD
[2026-06-20 06:49:58] [DEBUG] [hybrid_market_client] Fetching indicators for EURUSD (method: QuantDinger)
[2026-06-20 06:49:58] [DEBUG] [market_client] Using cached candles for EURUSD M15 (age: 0s)
[2026-06-20 06:49:58] [DEBUG] [hybrid_market_client] ✓ Got real data from QuantDinger for EURUSD
[2026-06-20 06:49:58] [INFO] [mtf] MTF_VERIFY EURUSD: TIMEFRAME=H4 candles=1 last_ts= last_close=1.1469204425811768 RSI=27.64 ATR=0.002983 MACD=-0.006249 | TIMEFRAME=H1 candles=1 last_ts= last_close=1.1469204425811768 RSI=27.64 ATR=0.002983 MACD=-0.006249 | TIMEFRAME=M15 candles=1 last_ts= last_close=1.1469204425811768 RSI=27.64 ATR=0.002983 MACD=-0.006249
[2026-06-20 06:49:58] [INFO] [mtf] MTF EURUSD: H4=bearish H1=bullish M15=bullish aligned=True (weak)
[2026-06-20 06:49:58] [DEBUG] [hybrid_market_client] Fetching indicators for EURUSD (method: QuantDinger)
[2026-06-20 06:49:58] [DEBUG] [market_client] Using cached candles for EURUSD H4 (age: 0s)
[2026-06-20 06:49:58] [DEBUG] [hybrid_market_client] ✓ Got real data from QuantDinger for EURUSD
[2026-06-20 06:49:58] [DEBUG] [hybrid_market_client] Fetching indicators for EURUSD (method: QuantDinger)
[2026-06-20 06:49:58] [DEBUG] [market_client] Using cached candles for EURUSD H1 (age: 0s)
[2026-06-20 06:49:58] [DEBUG] [hybrid_market_client] ✓ Got real data from QuantDinger for EURUSD
[2026-06-20 06:49:58] [DEBUG] [hybrid_market_client] Fetching indicators for EURUSD (method: QuantDinger)
[2026-06-20 06:49:58] [DEBUG] [market_client] Using cached candles for EURUSD H1 (age: 0s)
[2026-06-20 06:49:58] [DEBUG] [hybrid_market_client] ✓ Got real data from QuantDinger for EURUSD
[2026-06-20 06:49:58] [DEBUG] [hybrid_market_client] Fetching indicators for EURUSD (method: QuantDinger)
[2026-06-20 06:49:58] [DEBUG] [market_client] Using cached candles for EURUSD H4 (age: 0s)
[2026-06-20 06:49:58] [DEBUG] [hybrid_market_client] ✓ Got real data from QuantDinger for EURUSD
[2026-06-20 06:49:58] [DEBUG] [hybrid_market_client] Fetching indicators for EURUSD (method: QuantDinger)
[2026-06-20 06:49:58] [DEBUG] [market_client] Using cached candles for EURUSD H1 (age: 0s)
[2026-06-20 06:49:58] [DEBUG] [hybrid_market_client] ✓ Got real data from QuantDinger for EURUSD
[2026-06-20 06:49:58] [INFO] [main] --- XAUUSD ---
[2026-06-20 06:50:01] [INFO] [deepseek] AI analysis XAUUSD: bias=neutral score=35.0 conf=0.40
[2026-06-20 06:50:01] [DEBUG] [signal_engine] Signal: NEUTRAL score=35.0 conf=0.40 strength=ضعيف valid=False
[2026-06-20 06:50:01] [DEBUG] [hybrid_market_client] Fetching indicators for XAUUSD (method: QuantDinger)
[2026-06-20 06:50:01] [DEBUG] [market_client] Candles XAUUSD 4H: 100 bars ✓
[2026-06-20 06:50:01] [DEBUG] [hybrid_market_client] ✓ Got real data from QuantDinger for XAUUSD
[2026-06-20 06:50:01] [DEBUG] [hybrid_market_client] Fetching indicators for XAUUSD (method: QuantDinger)
[2026-06-20 06:50:01] [DEBUG] [market_client] Candles XAUUSD 4H: 100 bars ✓
[2026-06-20 06:50:01] [DEBUG] [hybrid_market_client] ✓ Got real data from QuantDinger for XAUUSD
[2026-06-20 06:50:01] [DEBUG] [hybrid_market_client] Fetching indicators for XAUUSD (method: QuantDinger)
[2026-06-20 06:50:01] [DEBUG] [market_client] Candles XAUUSD 4H: 100 bars ✓
[2026-06-20 06:50:01] [DEBUG] [hybrid_market_client] ✓ Got real data from QuantDinger for XAUUSD
[2026-06-20 06:50:01] [DEBUG] [hybrid_market_client] Fetching indicators for XAUUSD (method: QuantDinger)
[2026-06-20 06:50:01] [DEBUG] [market_client] Using cached candles for XAUUSD H4 (age: 0s)
[2026-06-20 06:50:01] [DEBUG] [hybrid_market_client] ✓ Got real data from QuantDinger for XAUUSD
[2026-06-20 06:50:01] [DEBUG] [hybrid_market_client] Fetching indicators for XAUUSD (method: QuantDinger)
[2026-06-20 06:50:01] [DEBUG] [market_client] Using cached candles for XAUUSD H1 (age: 0s)
[2026-06-20 06:50:01] [DEBUG] [hybrid_market_client] ✓ Got real data from QuantDinger for XAUUSD
[2026-06-20 06:50:01] [DEBUG] [hybrid_market_client] Fetching indicators for XAUUSD (method: QuantDinger)
[2026-06-20 06:50:01] [DEBUG] [market_client] Using cached candles for XAUUSD M15 (age: 0s)
[2026-06-20 06:50:01] [DEBUG] [hybrid_market_client] ✓ Got real data from QuantDinger for XAUUSD
[2026-06-20 06:50:01] [DEBUG] [hybrid_market_client] Fetching indicators for XAUUSD (method: QuantDinger)
[2026-06-20 06:50:01] [DEBUG] [market_client] Using cached candles for XAUUSD H4 (age: 0s)
[2026-06-20 06:50:01] [DEBUG] [hybrid_market_client] ✓ Got real data from QuantDinger for XAUUSD
[2026-06-20 06:50:01] [DEBUG] [hybrid_market_client] Fetching indicators for XAUUSD (method: QuantDinger)
[2026-06-20 06:50:01] [DEBUG] [market_client] Using cached candles for XAUUSD H1 (age: 0s)
[2026-06-20 06:50:01] [DEBUG] [hybrid_market_client] ✓ Got real data from QuantDinger for XAUUSD
[2026-06-20 06:50:01] [DEBUG] [hybrid_market_client] Fetching indicators for XAUUSD (method: QuantDinger)
[2026-06-20 06:50:01] [DEBUG] [market_client] Using cached candles for XAUUSD M15 (age: 0s)
[2026-06-20 06:50:01] [DEBUG] [hybrid_market_client] ✓ Got real data from QuantDinger for XAUUSD
[2026-06-20 06:50:01] [INFO] [mtf] MTF_VERIFY XAUUSD: TIMEFRAME=H4 candles=1 last_ts= last_close=4167.5 RSI=28.7 ATR=46.514265 MACD=-36.515359 | TIMEFRAME=H1 candles=1 last_ts= last_close=4167.5 RSI=28.7 ATR=46.514265 MACD=-36.515359 | TIMEFRAME=M15 candles=1 last_ts= last_close=4167.5 RSI=28.7 ATR=46.514265 MACD=-36.515359
[2026-06-20 06:50:01] [INFO] [mtf] MTF XAUUSD: H4=bearish H1=bullish M15=bullish aligned=True (weak)
[2026-06-20 06:50:01] [DEBUG] [hybrid_market_client] Fetching indicators for XAUUSD (method: QuantDinger)
[2026-06-20 06:50:01] [DEBUG] [market_client] Using cached candles for XAUUSD H4 (age: 0s)
[2026-06-20 06:50:01] [DEBUG] [hybrid_market_client] ✓ Got real data from QuantDinger for XAUUSD
[2026-06-20 06:50:01] [DEBUG] [hybrid_market_client] Fetching indicators for XAUUSD (method: QuantDinger)
[2026-06-20 06:50:01] [DEBUG] [market_client] Using cached candles for XAUUSD H1 (age: 0s)
[2026-06-20 06:50:01] [DEBUG] [hybrid_market_client] ✓ Got real data from QuantDinger for XAUUSD
[2026-06-20 06:50:01] [DEBUG] [hybrid_market_client] Fetching indicators for XAUUSD (method: QuantDinger)
[2026-06-20 06:50:01] [DEBUG] [market_client] Using cached candles for XAUUSD H1 (age: 0s)
[2026-06-20 06:50:01] [DEBUG] [hybrid_market_client] ✓ Got real data from QuantDinger for XAUUSD
[2026-06-20 06:50:01] [DEBUG] [hybrid_market_client] Fetching indicators for XAUUSD (method: QuantDinger)
[2026-06-20 06:50:01] [DEBUG] [market_client] Using cached candles for XAUUSD H4 (age: 0s)
[2026-06-20 06:50:01] [DEBUG] [hybrid_market_client] ✓ Got real data from QuantDinger for XAUUSD
[2026-06-20 06:50:01] [DEBUG] [hybrid_market_client] Fetching indicators for XAUUSD (method: QuantDinger)
[2026-06-20 06:50:01] [DEBUG] [market_client] Using cached candles for XAUUSD H1 (age: 0s)
[2026-06-20 06:50:01] [DEBUG] [hybrid_market_client] ✓ Got real data from QuantDinger for XAUUSD
[2026-06-20 06:50:01] [INFO] [main] --- GBPUSD ---
[2026-06-20 06:50:05] [INFO] [deepseek] AI analysis GBPUSD: bias=neutral score=30.0 conf=0.40
[2026-06-20 06:50:05] [DEBUG] [signal_engine] Signal: NEUTRAL score=30.0 conf=0.40 strength=ضعيف valid=False
[2026-06-20 06:50:05] [DEBUG] [hybrid_market_client] Fetching indicators for GBPUSD (method: QuantDinger)
[2026-06-20 06:50:05] [DEBUG] [market_client] Candles GBPUSD 4H: 100 bars ✓
[2026-06-20 06:50:05] [DEBUG] [hybrid_market_client] ✓ Got real data from QuantDinger for GBPUSD
[2026-06-20 06:50:05] [DEBUG] [hybrid_market_client] Fetching indicators for GBPUSD (method: QuantDinger)
[2026-06-20 06:50:05] [DEBUG] [market_client] Candles GBPUSD 4H: 100 bars ✓
[2026-06-20 06:50:05] [DEBUG] [hybrid_market_client] ✓ Got real data from QuantDinger for GBPUSD
[2026-06-20 06:50:05] [DEBUG] [hybrid_market_client] Fetching indicators for GBPUSD (method: QuantDinger)
[2026-06-20 06:50:05] [DEBUG] [market_client] Candles GBPUSD 4H: 100 bars ✓
[2026-06-20 06:50:05] [DEBUG] [hybrid_market_client] ✓ Got real data from QuantDinger for GBPUSD
[2026-06-20 06:50:05] [DEBUG] [hybrid_market_client] Fetching indicators for GBPUSD (method: QuantDinger)
[2026-06-20 06:50:05] [DEBUG] [market_client] Using cached candles for GBPUSD H4 (age: 0s)
[2026-06-20 06:50:05] [DEBUG] [hybrid_market_client] ✓ Got real data from QuantDinger for GBPUSD
[2026-06-20 06:50:05] [DEBUG] [hybrid_market_client] Fetching indicators for GBPUSD (method: QuantDinger)
[2026-06-20 06:50:05] [DEBUG] [market_client] Using cached candles for GBPUSD H1 (age: 0s)
[2026-06-20 06:50:05] [DEBUG] [hybrid_market_client] ✓ Got real data from QuantDinger for GBPUSD
[2026-06-20 06:50:05] [DEBUG] [hybrid_market_client] Fetching indicators for GBPUSD (method: QuantDinger)
[2026-06-20 06:50:05] [DEBUG] [market_client] Using cached candles for GBPUSD M15 (age: 0s)
[2026-06-20 06:50:05] [DEBUG] [hybrid_market_client] ✓ Got real data from QuantDinger for GBPUSD
[2026-06-20 06:50:05] [DEBUG] [hybrid_market_client] Fetching indicators for GBPUSD (method: QuantDinger)
[2026-06-20 06:50:05] [DEBUG] [market_client] Using cached candles for GBPUSD H4 (age: 0s)
[2026-06-20 06:50:05] [DEBUG] [hybrid_market_client] ✓ Got real data from QuantDinger for GBPUSD
[2026-06-20 06:50:05] [DEBUG] [hybrid_market_client] Fetching indicators for GBPUSD (method: QuantDinger)
[2026-06-20 06:50:05] [DEBUG] [market_client] Using cached candles for GBPUSD H1 (age: 0s)
[2026-06-20 06:50:05] [DEBUG] [hybrid_market_client] ✓ Got real data from QuantDinger for GBPUSD
[2026-06-20 06:50:05] [DEBUG] [hybrid_market_client] Fetching indicators for GBPUSD (method: QuantDinger)
[2026-06-20 06:50:05] [DEBUG] [market_client] Using cached candles for GBPUSD M15 (age: 0s)
[2026-06-20 06:50:05] [DEBUG] [hybrid_market_client] ✓ Got real data from QuantDinger for GBPUSD
[2026-06-20 06:50:05] [INFO] [mtf] MTF_VERIFY GBPUSD: TIMEFRAME=H4 candles=1 last_ts= last_close=1.3237143754959106 RSI=25.65 ATR=0.004009 MACD=-0.008898 | TIMEFRAME=H1 candles=1 last_ts= last_close=1.3237143754959106 RSI=25.65 ATR=0.004009 MACD=-0.008898 | TIMEFRAME=M15 candles=1 last_ts= last_close=1.3237143754959106 RSI=25.65 ATR=0.004009 MACD=-0.008898
[2026-06-20 06:50:05] [INFO] [mtf] MTF GBPUSD: H4=bearish H1=bullish M15=bullish aligned=True (weak)
[2026-06-20 06:50:05] [DEBUG] [hybrid_market_client] Fetching indicators for GBPUSD (method: QuantDinger)
[2026-06-20 06:50:05] [DEBUG] [market_client] Using cached candles for GBPUSD H4 (age: 0s)
[2026-06-20 06:50:05] [DEBUG] [hybrid_market_client] ✓ Got real data from QuantDinger for GBPUSD
[2026-06-20 06:50:05] [DEBUG] [hybrid_market_client] Fetching indicators for GBPUSD (method: QuantDinger)
[2026-06-20 06:50:05] [DEBUG] [market_client] Using cached candles for GBPUSD H1 (age: 0s)
[2026-06-20 06:50:05] [DEBUG] [hybrid_market_client] ✓ Got real data from QuantDinger for GBPUSD
[2026-06-20 06:50:05] [DEBUG] [hybrid_market_client] Fetching indicators for GBPUSD (method: QuantDinger)
[2026-06-20 06:50:05] [DEBUG] [market_client] Using cached candles for GBPUSD H1 (age: 0s)
[2026-06-20 06:50:05] [DEBUG] [hybrid_market_client] ✓ Got real data from QuantDinger for GBPUSD
[2026-06-20 06:50:05] [DEBUG] [hybrid_market_client] Fetching indicators for GBPUSD (method: QuantDinger)
[2026-06-20 06:50:05] [DEBUG] [market_client] Using cached candles for GBPUSD H4 (age: 0s)
[2026-06-20 06:50:05] [DEBUG] [hybrid_market_client] ✓ Got real data from QuantDinger for GBPUSD
[2026-06-20 06:50:05] [DEBUG] [hybrid_market_client] Fetching indicators for GBPUSD (method: QuantDinger)
[2026-06-20 06:50:05] [DEBUG] [market_client] Using cached candles for GBPUSD H1 (age: 0s)
[2026-06-20 06:50:05] [DEBUG] [hybrid_market_client] ✓ Got real data from QuantDinger for GBPUSD
[2026-06-20 06:50:05] [INFO] [main] Sleeping 1800s...
[2026-06-20 06:51:44] [INFO] [qd_client] Logged in to QuantDinger
[2026-06-20 06:51:44] [INFO] [qd_client] MT5 connected
[2026-06-20 06:51:44] [DEBUG] [qd_client] Opening trade payload: GBPUSD BUY volume=0.01
[2026-06-20 06:51:44] [ERROR] [qd_client] Trade failed: {'success': False, 'error': 'Order rejected: Unsupported filling mode'}
[2026-06-20 06:51:44] [DEBUG] [qd_client] Opening trade payload: GBPUSD BUY volume=0.01
[2026-06-20 06:51:44] [ERROR] [qd_client] Trade failed: {'success': False, 'error': 'Order rejected: Unsupported filling mode'}
[2026-06-20 06:51:44] [DEBUG] [qd_client] Opening trade payload: GBPUSD BUY volume=0.01
[2026-06-20 06:51:44] [ERROR] [qd_client] Trade failed: {'success': False, 'error': 'Order rejected: Unsupported filling mode'}
[2026-06-20 06:52:24] [WARNING] [mt5_watchdog] MT5 disconnected! Attempt 1/3
[2026-06-20 06:52:25] [INFO] [qd_client] Logged in to QuantDinger
[2026-06-20 06:52:25] [INFO] [qd_client] Logged in to QuantDinger
[2026-06-20 06:52:25] [INFO] [mt5_watchdog] MT5 already connected
[2026-06-20 06:52:25] [INFO] [mt5_watchdog] MT5 reconnected successfully!
[2026-06-20 06:52:32] [INFO] [qd_client] Logged in to QuantDinger
[2026-06-20 06:52:32] [INFO] [qd_client] MT5 connected
[2026-06-20 06:52:32] [DEBUG] [qd_client] Opening trade payload: GBPUSD BUY volume=0.01
[2026-06-20 06:52:32] [ERROR] [qd_client] Trade failed: {'success': False, 'error': 'Order rejected: Unsupported filling mode'}
[2026-06-20 06:52:32] [DEBUG] [qd_client] Opening trade payload: GBPUSD BUY volume=0.01
[2026-06-20 06:52:32] [ERROR] [qd_client] Trade failed: {'success': False, 'error': 'Order rejected: Unsupported filling mode'}
[2026-06-20 06:52:32] [DEBUG] [qd_client] Opening trade payload: GBPUSD BUY volume=0.01
[2026-06-20 06:52:32] [ERROR] [qd_client] Trade failed: {'success': False, 'error': 'Order rejected: Unsupported filling mode'}
[2026-06-20 06:53:25] [INFO] [qd_client] Logged in to QuantDinger
[2026-06-20 06:56:20] [INFO] [qd_client] Logged in to QuantDinger
[2026-06-20 06:56:20] [INFO] [qd_client] MT5 connected
[2026-06-20 06:56:20] [DEBUG] [qd_client] Opening trade payload: GBPUSD BUY volume=0.01
[2026-06-20 06:56:20] [ERROR] [qd_client] Trade failed: {'success': False, 'error': 'Order rejected: Unsupported filling mode'}
[2026-06-20 06:56:20] [DEBUG] [qd_client] Opening trade payload: GBPUSD BUY volume=0.01
[2026-06-20 06:56:20] [ERROR] [qd_client] Trade failed: {'success': False, 'error': 'Order rejected: Unsupported filling mode'}
[2026-06-20 06:56:20] [DEBUG] [qd_client] Opening trade payload: GBPUSD BUY volume=0.01
[2026-06-20 06:56:20] [ERROR] [qd_client] Trade failed: {'success': False, 'error': 'Order rejected: Unsupported filling mode'}
[2026-06-20 06:56:26] [INFO] [qd_client] Logged in to QuantDinger
[2026-06-20 07:09:27] [INFO] [qd_client] Logged in to QuantDinger
[2026-06-20 07:10:26] [WARNING] [mt5_watchdog] MT5 disconnected! Attempt 1/3
[2026-06-20 07:10:28] [INFO] [qd_client] Logged in to QuantDinger
[2026-06-20 07:10:28] [ERROR] [mt5_watchdog] MT5 reconnect failed: {'success': False, 'error': 'Failed to connect to MT5. Check credentials and ensure terminal is running.'}
[2026-06-20 07:12:28] [WARNING] [mt5_watchdog] MT5 disconnected! Attempt 2/3
[2026-06-20 07:12:29] [INFO] [qd_client] Logged in to QuantDinger
[2026-06-20 07:12:29] [ERROR] [mt5_watchdog] MT5 reconnect failed: {'success': False, 'error': 'Failed to connect to MT5. Check credentials and ensure terminal is running.'}
[2026-06-20 07:13:06] [INFO] [qd_client] Logged in to QuantDinger
[2026-06-20 07:13:06] [DEBUG] [qd_client] Opening trade payload: GBPUSD BUY volume=0.01
[2026-06-20 07:13:06] [ERROR] [qd_client] Trade failed: {'success': False, 'error': 'Not connected to MT5'}
[2026-06-20 07:13:06] [DEBUG] [qd_client] Opening trade payload: GBPUSD BUY volume=0.01
[2026-06-20 07:13:07] [ERROR] [qd_client] Trade failed: {'success': False, 'error': 'Not connected to MT5'}
[2026-06-20 07:13:07] [DEBUG] [qd_client] Opening trade payload: GBPUSD BUY volume=0.01
[2026-06-20 07:13:07] [ERROR] [qd_client] Trade failed: {'success': False, 'error': 'Not connected to MT5'}
[2026-06-20 07:13:19] [INFO] [qd_client] Logged in to QuantDinger
[2026-06-20 07:13:19] [DEBUG] [qd_client] Opening trade payload: GBPUSD BUY volume=0.01
[2026-06-20 07:13:19] [ERROR] [qd_client] Trade failed: {'success': False, 'error': 'Not connected to MT5'}
[2026-06-20 07:13:19] [DEBUG] [qd_client] Opening trade payload: GBPUSD BUY volume=0.01
[2026-06-20 07:13:19] [ERROR] [qd_client] Trade failed: {'success': False, 'error': 'Not connected to MT5'}
[2026-06-20 07:13:19] [DEBUG] [qd_client] Opening trade payload: GBPUSD BUY volume=0.01
[2026-06-20 07:13:19] [ERROR] [qd_client] Trade failed: {'success': False, 'error': 'Not connected to MT5'}
[2026-06-20 07:13:27] [INFO] [qd_client] Logged in to QuantDinger
[2026-06-20 07:14:29] [WARNING] [mt5_watchdog] MT5 disconnected! Attempt 3/3
[2026-06-20 07:14:29] [INFO] [qd_client] Logged in to QuantDinger
[2026-06-20 07:14:29] [ERROR] [mt5_watchdog] MT5 reconnect failed: {'success': False, 'error': 'Failed to connect to MT5. Check credentials and ensure terminal is running.'}
[2026-06-20 07:14:39] [INFO] [qd_client] Logged in to QuantDinger
[2026-06-20 07:15:16] [INFO] [qd_client] Logged in to QuantDinger
[2026-06-20 07:15:28] [INFO] [qd_client] Logged in to QuantDinger
[2026-06-20 07:16:31] [WARNING] [mt5_watchdog] MT5 disconnected! Attempt 4/3
[2026-06-20 07:16:31] [INFO] [qd_client] Logged in to QuantDinger
[2026-06-20 07:16:31] [ERROR] [mt5_watchdog] MT5 reconnect failed: {'success': False, 'error': 'Failed to connect to MT5. Check credentials and ensure terminal is running.'}
[2026-06-20 07:18:32] [WARNING] [mt5_watchdog] MT5 disconnected! Attempt 5/3
[2026-06-20 07:18:33] [INFO] [qd_client] Logged in to QuantDinger
[2026-06-20 07:18:33] [ERROR] [mt5_watchdog] MT5 reconnect failed: {'success': False, 'error': 'Failed to connect to MT5. Check credentials and ensure terminal is running.'}
[2026-06-20 07:20:05] [INFO] [main] ==================================================
[2026-06-20 07:20:05] [INFO] [main] Cycle 2 at 07:20:05
[2026-06-20 07:20:06] [WARNING] [main] MT5 disconnected, reconnecting...
[2026-06-20 07:20:06] [WARNING] [main] MT5 still disconnected
[2026-06-20 07:20:06] [INFO] [main] Sleeping 1800s...
[2026-06-20 07:20:35] [WARNING] [mt5_watchdog] MT5 disconnected! Attempt 6/3
[2026-06-20 07:20:35] [INFO] [qd_client] Logged in to QuantDinger
[2026-06-20 07:20:35] [ERROR] [mt5_watchdog] MT5 reconnect failed: {'success': False, 'error': 'Failed to connect to MT5. Check credentials and ensure terminal is running.'}
[2026-06-20 07:22:37] [WARNING] [mt5_watchdog] MT5 disconnected! Attempt 7/3
[2026-06-20 07:22:37] [INFO] [qd_client] Logged in to QuantDinger
[2026-06-20 07:22:37] [ERROR] [mt5_watchdog] MT5 reconnect failed: {'success': False, 'error': 'Failed to connect to MT5. Check credentials and ensure terminal is running.'}
[2026-06-20 07:24:38] [WARNING] [mt5_watchdog] MT5 disconnected! Attempt 8/3
[2026-06-20 07:24:39] [INFO] [qd_client] Logged in to QuantDinger
[2026-06-20 07:24:39] [ERROR] [mt5_watchdog] MT5 reconnect failed: {'success': False, 'error': 'Failed to connect to MT5. Check credentials and ensure terminal is running.'}
[2026-06-20 07:26:40] [WARNING] [mt5_watchdog] MT5 disconnected! Attempt 9/3
[2026-06-20 07:26:41] [INFO] [qd_client] Logged in to QuantDinger
[2026-06-20 07:26:41] [ERROR] [mt5_watchdog] MT5 reconnect failed: {'success': False, 'error': 'Failed to connect to MT5. Check credentials and ensure terminal is running.'}
[2026-06-20 07:28:42] [WARNING] [mt5_watchdog] MT5 disconnected! Attempt 10/3
[2026-06-20 07:28:42] [INFO] [qd_client] Logged in to QuantDinger
[2026-06-20 07:28:43] [ERROR] [mt5_watchdog] MT5 reconnect failed: {'success': False, 'error': 'Failed to connect to MT5. Check credentials and ensure terminal is running.'}
[2026-06-20 07:30:44] [WARNING] [mt5_watchdog] MT5 disconnected! Attempt 11/3
[2026-06-20 07:30:44] [INFO] [qd_client] Logged in to QuantDinger
[2026-06-20 07:30:44] [ERROR] [mt5_watchdog] MT5 reconnect failed: {'success': False, 'error': 'Failed to connect to MT5. Check credentials and ensure terminal is running.'}
[2026-06-20 07:32:46] [WARNING] [mt5_watchdog] MT5 disconnected! Attempt 12/3
[2026-06-20 07:32:46] [INFO] [qd_client] Logged in to QuantDinger
[2026-06-20 07:32:47] [ERROR] [mt5_watchdog] MT5 reconnect failed: {'success': False, 'error': 'Failed to connect to MT5. Check credentials and ensure terminal is running.'}
[2026-06-20 07:36:41] [INFO] [qd_client] Logged in to QuantDinger
[2026-06-20 07:36:41] [DEBUG] [qd_client] Opening trade payload: GBPUSD BUY volume=0.01
[2026-06-20 07:36:41] [ERROR] [qd_client] Trade failed: {'success': False, 'error': 'Not connected to MT5'}
[2026-06-20 07:36:41] [DEBUG] [qd_client] Opening trade payload: GBPUSD BUY volume=0.01
[2026-06-20 07:36:41] [ERROR] [qd_client] Trade failed: {'success': False, 'error': 'Not connected to MT5'}
[2026-06-20 07:36:41] [DEBUG] [qd_client] Opening trade payload: GBPUSD BUY volume=0.01
[2026-06-20 07:36:41] [ERROR] [qd_client] Trade failed: {'success': False, 'error': 'Not connected to MT5'}
[2026-06-20 07:37:20] [INFO] [main] Trading Bot V3 starting...
[2026-06-20 07:37:20] [INFO] [database] V3 Database initialized with all tables
[2026-06-20 07:37:21] [INFO] [qd_client] Logged in to QuantDinger
[2026-06-20 07:37:21] [WARNING] [main] MT5 connection failed at startup
[2026-06-20 07:37:21] [INFO] [telegram_bot] Telegram polling started
[2026-06-20 07:37:21] [INFO] [telegram_bot] Telegram bot V3 started
[2026-06-20 07:37:21] [INFO] [mt5_watchdog] MT5 watchdog started (V1 reconnect logic)
[2026-06-20 07:37:21] [INFO] [reconciliation] Reconciliation loop started (every 60s)
[2026-06-20 07:37:21] [INFO] [reconciliation] Reconciliation thread started
[2026-06-20 07:37:22] [INFO] [main] ==================================================
[2026-06-20 07:37:22] [INFO] [main] Cycle 1 at 07:37:22
[2026-06-20 07:37:22] [WARNING] [main] MT5 disconnected, reconnecting...
[2026-06-20 07:37:22] [WARNING] [main] MT5 still disconnected
[2026-06-20 07:37:22] [INFO] [main] Sleeping 1800s...
[2026-06-20 07:38:21] [WARNING] [mt5_watchdog] MT5 disconnected! Attempt 1/3
[2026-06-20 07:38:22] [INFO] [qd_client] Logged in to QuantDinger
[2026-06-20 07:38:22] [ERROR] [mt5_watchdog] MT5 reconnect failed: {'success': False, 'error': 'Failed to connect to MT5. Check credentials and ensure terminal is running.'}
[2026-06-20 07:40:06] [INFO] [qd_client] Logged in to QuantDinger
[2026-06-20 07:40:06] [DEBUG] [qd_client] Opening trade payload: GBPUSD BUY volume=0.01
[2026-06-20 07:40:06] [ERROR] [qd_client] Trade failed: {'success': False, 'error': 'Not connected to MT5'}
[2026-06-20 07:40:06] [DEBUG] [qd_client] Opening trade payload: GBPUSD BUY volume=0.01
[2026-06-20 07:40:06] [ERROR] [qd_client] Trade failed: {'success': False, 'error': 'Not connected to MT5'}
[2026-06-20 07:40:06] [DEBUG] [qd_client] Opening trade payload: GBPUSD BUY volume=0.01
[2026-06-20 07:40:06] [ERROR] [qd_client] Trade failed: {'success': False, 'error': 'Not connected to MT5'}
[2026-06-20 07:40:21] [INFO] [qd_client] Logged in to QuantDinger
[2026-06-20 07:40:22] [WARNING] [mt5_watchdog] MT5 disconnected! Attempt 2/3
[2026-06-20 07:40:22] [INFO] [qd_client] Logged in to QuantDinger
[2026-06-20 07:40:22] [ERROR] [mt5_watchdog] MT5 reconnect failed: {'success': False, 'error': 'Failed to connect to MT5. Check credentials and ensure terminal is running.'}
[2026-06-20 07:41:18] [INFO] [main] Trading Bot V3 starting...
[2026-06-20 07:41:18] [INFO] [database] V3 Database initialized with all tables
[2026-06-20 07:41:19] [INFO] [qd_client] Logged in to QuantDinger
[2026-06-20 07:41:19] [WARNING] [main] MT5 connection failed at startup
[2026-06-20 07:41:19] [INFO] [telegram_bot] Telegram polling started
[2026-06-20 07:41:19] [INFO] [telegram_bot] Telegram bot V3 started
[2026-06-20 07:41:19] [INFO] [mt5_watchdog] MT5 watchdog started (V1 reconnect logic)
[2026-06-20 07:41:19] [INFO] [reconciliation] Reconciliation loop started (every 60s)
[2026-06-20 07:41:19] [INFO] [reconciliation] Reconciliation thread started
[2026-06-20 07:41:19] [INFO] [main] ==================================================
[2026-06-20 07:41:19] [INFO] [main] Cycle 1 at 07:41:19
[2026-06-20 07:41:20] [WARNING] [main] MT5 disconnected, reconnecting...
[2026-06-20 07:41:20] [WARNING] [main] MT5 still disconnected
[2026-06-20 07:41:20] [INFO] [main] Sleeping 1800s...
[2026-06-20 07:41:22] [INFO] [qd_client] Logged in to QuantDinger
[2026-06-20 07:42:19] [WARNING] [mt5_watchdog] MT5 disconnected! Attempt 1/3
[2026-06-20 07:42:19] [INFO] [qd_client] Logged in to QuantDinger
[2026-06-20 07:42:20] [INFO] [qd_client] Logged in to QuantDinger
[2026-06-20 07:42:20] [ERROR] [mt5_watchdog] MT5 reconnect failed: {'success': False, 'error': 'Failed to connect to MT5. Check credentials and ensure terminal is running.'}
[2026-06-20 07:42:22] [INFO] [qd_client] Logged in to QuantDinger
[2026-06-20 07:42:22] [WARNING] [mt5_watchdog] MT5 disconnected! Attempt 3/3
[2026-06-20 07:42:23] [INFO] [qd_client] Logged in to QuantDinger
[2026-06-20 07:42:23] [ERROR] [mt5_watchdog] MT5 reconnect failed: {'success': False, 'error': 'Failed to connect to MT5. Check credentials and ensure terminal is running.'}
[2026-06-20 07:43:20] [INFO] [qd_client] Logged in to QuantDinger
[2026-06-20 07:43:23] [INFO] [qd_client] Logged in to QuantDinger
[2026-06-20 07:43:25] [INFO] [qd_client] Logged in to QuantDinger
[2026-06-20 07:44:08] [INFO] [qd_client] Logged in to QuantDinger
[2026-06-20 07:44:08] [DEBUG] [qd_client] Opening trade payload: GBPUSD BUY volume=0.01
[2026-06-20 07:44:08] [ERROR] [qd_client] Trade failed: {'success': False, 'error': 'Not connected to MT5'}
[2026-06-20 07:44:08] [DEBUG] [qd_client] Opening trade payload: GBPUSD BUY volume=0.01
[2026-06-20 07:44:09] [ERROR] [qd_client] Trade failed: {'success': False, 'error': 'Not connected to MT5'}
[2026-06-20 07:44:09] [DEBUG] [qd_client] Opening trade payload: GBPUSD BUY volume=0.01
[2026-06-20 07:44:09] [ERROR] [qd_client] Trade failed: {'success': False, 'error': 'Not connected to MT5'}
[2026-06-20 07:44:20] [INFO] [qd_client] Logged in to QuantDinger
[2026-06-20 07:44:20] [WARNING] [mt5_watchdog] MT5 disconnected! Attempt 2/3
[2026-06-20 07:44:21] [INFO] [qd_client] Logged in to QuantDinger
[2026-06-20 07:44:21] [ERROR] [mt5_watchdog] MT5 reconnect failed: {'success': False, 'error': 'Failed to connect to MT5. Check credentials and ensure terminal is running.'}
[2026-06-20 07:44:23] [INFO] [qd_client] Logged in to QuantDinger
[2026-06-20 07:44:24] [WARNING] [mt5_watchdog] MT5 disconnected! Attempt 4/3
[2026-06-20 07:44:24] [INFO] [qd_client] Logged in to QuantDinger
[2026-06-20 07:44:24] [ERROR] [mt5_watchdog] MT5 reconnect failed: {'success': False, 'error': 'Failed to connect to MT5. Check credentials and ensure terminal is running.'}
[2026-06-20 07:44:50] [INFO] [qd_client] Logged in to QuantDinger
[2026-06-20 07:45:20] [INFO] [qd_client] Logged in to QuantDinger
[2026-06-20 07:45:23] [INFO] [qd_client] Logged in to QuantDinger
[2026-06-20 07:46:21] [INFO] [qd_client] Logged in to QuantDinger
[2026-06-20 07:46:21] [WARNING] [mt5_watchdog] MT5 disconnected! Attempt 3/3
[2026-06-20 07:46:21] [INFO] [qd_client] Logged in to QuantDinger
[2026-06-20 07:46:21] [ERROR] [mt5_watchdog] MT5 reconnect failed: {'success': False, 'error': 'Failed to connect to MT5. Check credentials and ensure terminal is running.'}
[2026-06-20 07:46:24] [INFO] [qd_client] Logged in to QuantDinger
[2026-06-20 07:46:25] [WARNING] [mt5_watchdog] MT5 disconnected! Attempt 5/3
[2026-06-20 07:46:25] [INFO] [qd_client] Logged in to QuantDinger
[2026-06-20 07:46:25] [ERROR] [mt5_watchdog] MT5 reconnect failed: {'success': False, 'error': 'Failed to connect to MT5. Check credentials and ensure terminal is running.'}
[2026-06-20 07:47:21] [INFO] [qd_client] Logged in to QuantDinger
[2026-06-20 07:47:24] [INFO] [qd_client] Logged in to QuantDinger
[2026-06-20 07:48:21] [INFO] [qd_client] Logged in to QuantDinger
[2026-06-20 07:48:22] [WARNING] [mt5_watchdog] MT5 disconnected! Attempt 4/3
[2026-06-20 07:48:22] [INFO] [qd_client] Logged in to QuantDinger
[2026-06-20 07:48:22] [ERROR] [mt5_watchdog] MT5 reconnect failed: {'success': False, 'error': 'Failed to connect to MT5. Check credentials and ensure terminal is running.'}
[2026-06-20 07:48:25] [INFO] [qd_client] Logged in to QuantDinger
[2026-06-20 07:48:26] [WARNING] [mt5_watchdog] MT5 disconnected! Attempt 6/3
[2026-06-20 07:48:26] [INFO] [qd_client] Logged in to QuantDinger
[2026-06-20 07:48:26] [ERROR] [mt5_watchdog] MT5 reconnect failed: {'success': False, 'error': 'Failed to connect to MT5. Check credentials and ensure terminal is running.'}
[2026-06-20 07:49:22] [INFO] [qd_client] Logged in to QuantDinger
[2026-06-20 07:49:25] [INFO] [qd_client] Logged in to QuantDinger
[2026-06-20 07:50:22] [INFO] [qd_client] Logged in to QuantDinger
[2026-06-20 07:50:23] [WARNING] [mt5_watchdog] MT5 disconnected! Attempt 5/3
[2026-06-20 07:50:23] [INFO] [qd_client] Logged in to QuantDinger
[2026-06-20 07:50:23] [ERROR] [mt5_watchdog] MT5 reconnect failed: {'success': False, 'error': 'Failed to connect to MT5. Check credentials and ensure terminal is running.'}
[2026-06-20 07:50:25] [INFO] [qd_client] Logged in to QuantDinger
[2026-06-20 07:50:27] [WARNING] [mt5_watchdog] MT5 disconnected! Attempt 7/3
[2026-06-20 07:50:27] [INFO] [qd_client] Logged in to QuantDinger
[2026-06-20 07:50:28] [ERROR] [mt5_watchdog] MT5 reconnect failed: {'success': False, 'error': 'Failed to connect to MT5. Check credentials and ensure terminal is running.'}
[2026-06-20 07:51:23] [INFO] [qd_client] Logged in to QuantDinger
[2026-06-20 07:51:26] [INFO] [qd_client] Logged in to QuantDinger
[2026-06-20 07:52:23] [INFO] [qd_client] Logged in to QuantDinger
[2026-06-20 07:52:24] [WARNING] [mt5_watchdog] MT5 disconnected! Attempt 6/3
[2026-06-20 07:52:24] [INFO] [qd_client] Logged in to QuantDinger
[2026-06-20 07:52:24] [ERROR] [mt5_watchdog] MT5 reconnect failed: {'success': False, 'error': 'Failed to connect to MT5. Check credentials and ensure terminal is running.'}
[2026-06-20 07:52:26] [INFO] [qd_client] Logged in to QuantDinger
[2026-06-20 07:52:28] [WARNING] [mt5_watchdog] MT5 disconnected! Attempt 8/3
[2026-06-20 07:52:29] [INFO] [qd_client] Logged in to QuantDinger
[2026-06-20 07:52:29] [ERROR] [mt5_watchdog] MT5 reconnect failed: {'success': False, 'error': 'Failed to connect to MT5. Check credentials and ensure terminal is running.'}
[2026-06-20 07:53:27] [INFO] [qd_client] Logged in to QuantDinger
[2026-06-20 07:53:27] [DEBUG] [qd_client] Opening trade payload: GBPUSD BUY volume=0.01
[2026-06-20 07:53:27] [ERROR] [qd_client] Trade failed: {'success': False, 'error': 'Not connected to MT5'}
[2026-06-20 07:53:27] [DEBUG] [qd_client] Opening trade payload: GBPUSD BUY volume=0.01
[2026-06-20 07:53:27] [ERROR] [qd_client] Trade failed: {'success': False, 'error': 'Not connected to MT5'}
[2026-06-20 07:53:27] [DEBUG] [qd_client] Opening trade payload: GBPUSD BUY volume=0.01
[2026-06-20 07:53:27] [ERROR] [qd_client] Trade failed: {'success': False, 'error': 'Not connected to MT5'}
[2026-06-20 07:54:26] [INFO] [qd_client] Logged in to QuantDinger
[2026-06-20 07:54:29] [WARNING] [mt5_watchdog] MT5 disconnected! Attempt 9/3
[2026-06-20 07:54:30] [INFO] [qd_client] Logged in to QuantDinger
[2026-06-20 07:54:30] [ERROR] [mt5_watchdog] MT5 reconnect failed: {'success': False, 'error': 'Failed to connect to MT5. Check credentials and ensure terminal is running.'}
[2026-06-20 07:55:31] [ERROR] [qd_client] Get positions error: HTTPConnectionPool(host='localhost', port=8888): Max retries exceeded with url: /api/mt5/positions (Caused by NewConnectionError('<urllib3.connection.HTTPConnection object at 0x00000277D02ECC00>: Failed to establish a new connection: [WinError 10061] No connection could be made because the target machine actively refused it'))
[2026-06-20 07:56:35] [ERROR] [qd_client] Get positions error: HTTPConnectionPool(host='localhost', port=8888): Max retries exceeded with url: /api/mt5/positions (Caused by NewConnectionError('<urllib3.connection.HTTPConnection object at 0x00000277D02ED150>: Failed to establish a new connection: [WinError 10061] No connection could be made because the target machine actively refused it'))
[2026-06-20 07:56:35] [ERROR] [mt5_watchdog] MT5 check error: HTTPConnectionPool(host='localhost', port=8888): Max retries exceeded with url: /api/mt5/status (Caused by NewConnectionError('<urllib3.connection.HTTPConnection object at 0x00000277D02ED590>: Failed to establish a new connection: [WinError 10061] No connection could be made because the target machine actively refused it'))
[2026-06-20 07:56:35] [WARNING] [mt5_watchdog] MT5 disconnected! Attempt 10/3
[2026-06-20 07:56:39] [ERROR] [qd_client] Login attempt 1 failed: HTTPConnectionPool(host='localhost', port=8888): Max retries exceeded with url: /api/auth/login (Caused by NewConnectionError('<urllib3.connection.HTTPConnection object at 0x00000277D02ECC00>: Failed to establish a new connection: [WinError 10061] No connection could be made because the target machine actively refused it'))
[2026-06-20 07:56:49] [ERROR] [qd_client] Login attempt 2 failed: HTTPConnectionPool(host='localhost', port=8888): Max retries exceeded with url: /api/auth/login (Caused by NewConnectionError('<urllib3.connection.HTTPConnection object at 0x00000277D02ED260>: Failed to establish a new connection: [WinError 10061] No connection could be made because the target machine actively refused it'))
[2026-06-20 07:56:58] [ERROR] [qd_client] Login attempt 3 failed: HTTPConnectionPool(host='localhost', port=8888): Max retries exceeded with url: /api/auth/login (Caused by NewConnectionError('<urllib3.connection.HTTPConnection object at 0x00000277D02EC9E0>: Failed to establish a new connection: [WinError 10061] No connection could be made because the target machine actively refused it'))
[2026-06-20 07:57:03] [ERROR] [mt5_watchdog] MT5 reconnect error: Failed to login to QuantDinger
[2026-06-20 07:57:39] [ERROR] [qd_client] Get positions error: HTTPConnectionPool(host='localhost', port=8888): Max retries exceeded with url: /api/mt5/positions (Caused by NewConnectionError('<urllib3.connection.HTTPConnection object at 0x00000277D02EDD00>: Failed to establish a new connection: [WinError 10061] No connection could be made because the target machine actively refused it'))
[2026-06-20 07:58:43] [ERROR] [qd_client] Get positions error: HTTPConnectionPool(host='localhost', port=8888): Max retries exceeded with url: /api/mt5/positions (Caused by NewConnectionError('<urllib3.connection.HTTPConnection object at 0x00000277D02EE030>: Failed to establish a new connection: [WinError 10061] No connection could be made because the target machine actively refused it'))
[2026-06-20 07:59:07] [ERROR] [mt5_watchdog] MT5 check error: HTTPConnectionPool(host='localhost', port=8888): Max retries exceeded with url: /api/mt5/status (Caused by NewConnectionError('<urllib3.connection.HTTPConnection object at 0x00000277D02EE360>: Failed to establish a new connection: [WinError 10061] No connection could be made because the target machine actively refused it'))
[2026-06-20 07:59:07] [WARNING] [mt5_watchdog] MT5 disconnected! Attempt 11/3
[2026-06-20 07:59:11] [ERROR] [qd_client] Login attempt 1 failed: HTTPConnectionPool(host='localhost', port=8888): Max retries exceeded with url: /api/auth/login (Caused by NewConnectionError('<urllib3.connection.HTTPConnection object at 0x00000277D02EE580>: Failed to establish a new connection: [WinError 10061] No connection could be made because the target machine actively refused it'))
[2026-06-20 07:59:20] [ERROR] [qd_client] Login attempt 2 failed: HTTPConnectionPool(host='localhost', port=8888): Max retries exceeded with url: /api/auth/login (Caused by NewConnectionError('<urllib3.connection.HTTPConnection object at 0x00000277D02EE7A0>: Failed to establish a new connection: [WinError 10061] No connection could be made because the target machine actively refused it'))
[2026-06-20 07:59:30] [ERROR] [qd_client] Login attempt 3 failed: HTTPConnectionPool(host='localhost', port=8888): Max retries exceeded with url: /api/auth/login (Caused by NewConnectionError('<urllib3.connection.HTTPConnection object at 0x00000277D02EE9C0>: Failed to establish a new connection: [WinError 10061] No connection could be made because the target machine actively refused it'))
[2026-06-20 07:59:35] [ERROR] [mt5_watchdog] MT5 reconnect error: Failed to login to QuantDinger
[2026-06-20 07:59:47] [ERROR] [qd_client] Get positions error: HTTPConnectionPool(host='localhost', port=8888): Max retries exceeded with url: /api/mt5/positions (Caused by NewConnectionError('<urllib3.connection.HTTPConnection object at 0x00000277D02EEE00>: Failed to establish a new connection: [WinError 10061] No connection could be made because the target machine actively refused it'))
[2026-06-20 08:00:51] [ERROR] [qd_client] Get positions error: HTTPConnectionPool(host='localhost', port=8888): Max retries exceeded with url: /api/mt5/positions (Caused by NewConnectionError('<urllib3.connection.HTTPConnection object at 0x00000277D02EF130>: Failed to establish a new connection: [WinError 10061] No connection could be made because the target machine actively refused it'))
[2026-06-20 08:01:23] [ERROR] [qd_client] Login attempt 1 failed: HTTPConnectionPool(host='localhost', port=8888): Max retries exceeded with url: /api/auth/login (Caused by NewConnectionError('<urllib3.connection.HTTPConnection object at 0x000001506E0A8AD0>: Failed to establish a new connection: [WinError 10061] No connection could be made because the target machine actively refused it'))
[2026-06-20 08:01:32] [ERROR] [qd_client] Login attempt 2 failed: HTTPConnectionPool(host='localhost', port=8888): Max retries exceeded with url: /api/auth/login (Caused by NewConnectionError('<urllib3.connection.HTTPConnection object at 0x000001506E0B4CD0>: Failed to establish a new connection: [WinError 10061] No connection could be made because the target machine actively refused it'))
[2026-06-20 08:01:40] [ERROR] [mt5_watchdog] MT5 check error: HTTPConnectionPool(host='localhost', port=8888): Max retries exceeded with url: /api/mt5/status (Caused by NewConnectionError('<urllib3.connection.HTTPConnection object at 0x00000277D02EF460>: Failed to establish a new connection: [WinError 10061] No connection could be made because the target machine actively refused it'))
[2026-06-20 08:01:40] [WARNING] [mt5_watchdog] MT5 disconnected! Attempt 12/3
[2026-06-20 08:01:41] [ERROR] [qd_client] Login attempt 3 failed: HTTPConnectionPool(host='localhost', port=8888): Max retries exceeded with url: /api/auth/login (Caused by NewConnectionError('<urllib3.connection.HTTPConnection object at 0x000001506E0B5590>: Failed to establish a new connection: [WinError 10061] No connection could be made because the target machine actively refused it'))
[2026-06-20 08:01:44] [ERROR] [qd_client] Login attempt 1 failed: HTTPConnectionPool(host='localhost', port=8888): Max retries exceeded with url: /api/auth/login (Caused by NewConnectionError('<urllib3.connection.HTTPConnection object at 0x00000277D02EF680>: Failed to establish a new connection: [WinError 10061] No connection could be made because the target machine actively refused it'))
[2026-06-20 08:01:53] [ERROR] [qd_client] Login attempt 2 failed: HTTPConnectionPool(host='localhost', port=8888): Max retries exceeded with url: /api/auth/login (Caused by NewConnectionError('<urllib3.connection.HTTPConnection object at 0x00000277D02EF350>: Failed to establish a new connection: [WinError 10061] No connection could be made because the target machine actively refused it'))
[2026-06-20 08:01:55] [ERROR] [qd_client] Get positions error: HTTPConnectionPool(host='localhost', port=8888): Max retries exceeded with url: /api/mt5/positions (Caused by NewConnectionError('<urllib3.connection.HTTPConnection object at 0x00000277D02EF570>: Failed to establish a new connection: [WinError 10061] No connection could be made because the target machine actively refused it'))
[2026-06-20 08:02:02] [ERROR] [qd_client] Login attempt 3 failed: HTTPConnectionPool(host='localhost', port=8888): Max retries exceeded with url: /api/auth/login (Caused by NewConnectionError('<urllib3.connection.HTTPConnection object at 0x00000277D02EF240>: Failed to establish a new connection: [WinError 10061] No connection could be made because the target machine actively refused it'))
[2026-06-20 08:02:07] [ERROR] [mt5_watchdog] MT5 reconnect error: Failed to login to QuantDinger
[2026-06-20 08:02:31] [ERROR] [qd_client] Login attempt 1 failed: HTTPConnectionPool(host='localhost', port=8888): Max retries exceeded with url: /api/auth/login (Caused by NewConnectionError('<urllib3.connection.HTTPConnection object at 0x000001E3CF1C8AD0>: Failed to establish a new connection: [WinError 10061] No connection could be made because the target machine actively refused it'))
[2026-06-20 08:02:40] [ERROR] [qd_client] Login attempt 2 failed: HTTPConnectionPool(host='localhost', port=8888): Max retries exceeded with url: /api/auth/login (Caused by NewConnectionError('<urllib3.connection.HTTPConnection object at 0x000001E3CF1D4CD0>: Failed to establish a new connection: [WinError 10061] No connection could be made because the target machine actively refused it'))
[2026-06-20 08:02:49] [ERROR] [qd_client] Login attempt 3 failed: HTTPConnectionPool(host='localhost', port=8888): Max retries exceeded with url: /api/auth/login (Caused by NewConnectionError('<urllib3.connection.HTTPConnection object at 0x000001E3CF1D5590>: Failed to establish a new connection: [WinError 10061] No connection could be made because the target machine actively refused it'))
[2026-06-20 08:02:59] [ERROR] [qd_client] Get positions error: HTTPConnectionPool(host='localhost', port=8888): Max retries exceeded with url: /api/mt5/positions (Caused by NewConnectionError('<urllib3.connection.HTTPConnection object at 0x00000277D02EEBE0>: Failed to establish a new connection: [WinError 10061] No connection could be made because the target machine actively refused it'))
[2026-06-20 08:03:51] [ERROR] [qd_client] Login attempt 1 failed: HTTPConnectionPool(host='localhost', port=8888): Max retries exceeded with url: /api/auth/login (Caused by NewConnectionError('<urllib3.connection.HTTPConnection object at 0x00000133FCB68AD0>: Failed to establish a new connection: [WinError 10061] No connection could be made because the target machine actively refused it'))
[2026-06-20 08:04:00] [ERROR] [qd_client] Login attempt 2 failed: HTTPConnectionPool(host='localhost', port=8888): Max retries exceeded with url: /api/auth/login (Caused by NewConnectionError('<urllib3.connection.HTTPConnection object at 0x00000133FCB74CD0>: Failed to establish a new connection: [WinError 10061] No connection could be made because the target machine actively refused it'))
[2026-06-20 08:04:03] [ERROR] [qd_client] Get positions error: HTTPConnectionPool(host='localhost', port=8888): Max retries exceeded with url: /api/mt5/positions (Caused by NewConnectionError('<urllib3.connection.HTTPConnection object at 0x00000277D02EE7A0>: Failed to establish a new connection: [WinError 10061] No connection could be made because the target machine actively refused it'))
[2026-06-20 08:04:09] [ERROR] [qd_client] Login attempt 3 failed: HTTPConnectionPool(host='localhost', port=8888): Max retries exceeded with url: /api/auth/login (Caused by NewConnectionError('<urllib3.connection.HTTPConnection object at 0x00000133FCB75590>: Failed to establish a new connection: [WinError 10061] No connection could be made because the target machine actively refused it'))
[2026-06-20 08:04:13] [ERROR] [mt5_watchdog] MT5 check error: HTTPConnectionPool(host='localhost', port=8888): Max retries exceeded with url: /api/mt5/status (Caused by NewConnectionError('<urllib3.connection.HTTPConnection object at 0x00000277D02EE690>: Failed to establish a new connection: [WinError 10061] No connection could be made because the target machine actively refused it'))
[2026-06-20 08:04:13] [WARNING] [mt5_watchdog] MT5 disconnected! Attempt 13/3
[2026-06-20 08:04:17] [ERROR] [qd_client] Login attempt 1 failed: HTTPConnectionPool(host='localhost', port=8888): Max retries exceeded with url: /api/auth/login (Caused by NewConnectionError('<urllib3.connection.HTTPConnection object at 0x00000277D02EE360>: Failed to establish a new connection: [WinError 10061] No connection could be made because the target machine actively refused it'))
[2026-06-20 08:04:26] [ERROR] [qd_client] Login attempt 2 failed: HTTPConnectionPool(host='localhost', port=8888): Max retries exceeded with url: /api/auth/login (Caused by NewConnectionError('<urllib3.connection.HTTPConnection object at 0x00000277D02EDF20>: Failed to establish a new connection: [WinError 10061] No connection could be made because the target machine actively refused it'))
[2026-06-20 08:04:35] [ERROR] [qd_client] Login attempt 3 failed: HTTPConnectionPool(host='localhost', port=8888): Max retries exceeded with url: /api/auth/login (Caused by NewConnectionError('<urllib3.connection.HTTPConnection object at 0x00000277D02EE140>: Failed to establish a new connection: [WinError 10061] No connection could be made because the target machine actively refused it'))
[2026-06-20 08:04:40] [ERROR] [mt5_watchdog] MT5 reconnect error: Failed to login to QuantDinger
[2026-06-20 08:05:07] [ERROR] [qd_client] Get positions error: HTTPConnectionPool(host='localhost', port=8888): Max retries exceeded with url: /api/mt5/positions (Caused by NewConnectionError('<urllib3.connection.HTTPConnection object at 0x00000277D02EDAE0>: Failed to establish a new connection: [WinError 10061] No connection could be made because the target machine actively refused it'))
[2026-06-20 08:05:13] [ERROR] [qd_client] Login attempt 1 failed: HTTPConnectionPool(host='localhost', port=8888): Max retries exceeded with url: /api/auth/login (Caused by NewConnectionError('<urllib3.connection.HTTPConnection object at 0x0000023B52148AD0>: Failed to establish a new connection: [WinError 10061] No connection could be made because the target machine actively refused it'))
[2026-06-20 08:05:22] [ERROR] [qd_client] Login attempt 2 failed: HTTPConnectionPool(host='localhost', port=8888): Max retries exceeded with url: /api/auth/login (Caused by NewConnectionError('<urllib3.connection.HTTPConnection object at 0x0000023B52154B90>: Failed to establish a new connection: [WinError 10061] No connection could be made because the target machine actively refused it'))
[2026-06-20 08:05:32] [ERROR] [qd_client] Login attempt 3 failed: HTTPConnectionPool(host='localhost', port=8888): Max retries exceeded with url: /api/auth/login (Caused by NewConnectionError('<urllib3.connection.HTTPConnection object at 0x0000023B52155450>: Failed to establish a new connection: [WinError 10061] No connection could be made because the target machine actively refused it'))
[2026-06-20 08:06:11] [ERROR] [qd_client] Get positions error: HTTPConnectionPool(host='localhost', port=8888): Max retries exceeded with url: /api/mt5/positions (Caused by NewConnectionError('<urllib3.connection.HTTPConnection object at 0x00000277D02ED260>: Failed to establish a new connection: [WinError 10061] No connection could be made because the target machine actively refused it'))
[2026-06-20 08:06:46] [ERROR] [mt5_watchdog] MT5 check error: HTTPConnectionPool(host='localhost', port=8888): Max retries exceeded with url: /api/mt5/status (Caused by NewConnectionError('<urllib3.connection.HTTPConnection object at 0x00000277D02ED480>: Failed to establish a new connection: [WinError 10061] No connection could be made because the target machine actively refused it'))
[2026-06-20 08:06:46] [WARNING] [mt5_watchdog] MT5 disconnected! Attempt 14/3
[2026-06-20 08:06:50] [ERROR] [qd_client] Login attempt 1 failed: HTTPConnectionPool(host='localhost', port=8888): Max retries exceeded with url: /api/auth/login (Caused by NewConnectionError('<urllib3.connection.HTTPConnection object at 0x00000277D02ED590>: Failed to establish a new connection: [WinError 10061] No connection could be made because the target machine actively refused it'))
[2026-06-20 08:06:59] [ERROR] [qd_client] Login attempt 2 failed: HTTPConnectionPool(host='localhost', port=8888): Max retries exceeded with url: /api/auth/login (Caused by NewConnectionError('<urllib3.connection.HTTPConnection object at 0x00000277D02EF8A0>: Failed to establish a new connection: [WinError 10061] No connection could be made because the target machine actively refused it'))
[2026-06-20 08:07:08] [ERROR] [qd_client] Login attempt 3 failed: HTTPConnectionPool(host='localhost', port=8888): Max retries exceeded with url: /api/auth/login (Caused by NewConnectionError('<urllib3.connection.HTTPConnection object at 0x00000277D02EFAC0>: Failed to establish a new connection: [WinError 10061] No connection could be made because the target machine actively refused it'))
[2026-06-20 08:07:13] [ERROR] [mt5_watchdog] MT5 reconnect error: Failed to login to QuantDinger
[2026-06-20 08:07:15] [ERROR] [qd_client] Get positions error: HTTPConnectionPool(host='localhost', port=8888): Max retries exceeded with url: /api/mt5/positions (Caused by NewConnectionError('<urllib3.connection.HTTPConnection object at 0x00000277D02EF8A0>: Failed to establish a new connection: [WinError 10061] No connection could be made because the target machine actively refused it'))
[2026-06-20 08:07:22] [INFO] [main] ==================================================
[2026-06-20 08:07:22] [INFO] [main] Cycle 2 at 08:07:22
[2026-06-20 08:07:26] [ERROR] [qd_client] Get positions error: HTTPConnectionPool(host='localhost', port=8888): Max retries exceeded with url: /api/mt5/positions (Caused by NewConnectionError('<urllib3.connection.HTTPConnection object at 0x00000277D02ECC00>: Failed to establish a new connection: [WinError 10061] No connection could be made because the target machine actively refused it'))
[2026-06-20 08:07:26] [WARNING] [main] MT5 disconnected, reconnecting...
[2026-06-20 08:07:30] [ERROR] [qd_client] MT5 connect attempt 1: HTTPConnectionPool(host='localhost', port=8888): Max retries exceeded with url: /api/mt5/connect (Caused by NewConnectionError('<urllib3.connection.HTTPConnection object at 0x00000277D02EDE10>: Failed to establish a new connection: [WinError 10061] No connection could be made because the target machine actively refused it'))
[2026-06-20 08:07:39] [ERROR] [qd_client] MT5 connect attempt 2: HTTPConnectionPool(host='localhost', port=8888): Max retries exceeded with url: /api/mt5/connect (Caused by NewConnectionError('<urllib3.connection.HTTPConnection object at 0x00000277D02EE140>: Failed to establish a new connection: [WinError 10061] No connection could be made because the target machine actively refused it'))
[2026-06-20 08:07:48] [ERROR] [qd_client] MT5 connect attempt 3: HTTPConnectionPool(host='localhost', port=8888): Max retries exceeded with url: /api/mt5/connect (Caused by NewConnectionError('<urllib3.connection.HTTPConnection object at 0x00000277D02EE030>: Failed to establish a new connection: [WinError 10061] No connection could be made because the target machine actively refused it'))
[2026-06-20 08:07:53] [WARNING] [main] MT5 still disconnected
[2026-06-20 08:07:53] [INFO] [main] Sleeping 1800s...
[2026-06-20 08:08:19] [ERROR] [qd_client] Get positions error: HTTPConnectionPool(host='localhost', port=8888): Max retries exceeded with url: /api/mt5/positions (Caused by NewConnectionError('<urllib3.connection.HTTPConnection object at 0x00000277D02EE580>: Failed to establish a new connection: [WinError 10061] No connection could be made because the target machine actively refused it'))
[2026-06-20 08:09:19] [ERROR] [mt5_watchdog] MT5 check error: HTTPConnectionPool(host='localhost', port=8888): Max retries exceeded with url: /api/mt5/status (Caused by NewConnectionError('<urllib3.connection.HTTPConnection object at 0x00000277D02EEAD0>: Failed to establish a new connection: [WinError 10061] No connection could be made because the target machine actively refused it'))
[2026-06-20 08:09:19] [WARNING] [mt5_watchdog] MT5 disconnected! Attempt 15/3
[2026-06-20 08:09:23] [ERROR] [qd_client] Login attempt 1 failed: HTTPConnectionPool(host='localhost', port=8888): Max retries exceeded with url: /api/auth/login (Caused by NewConnectionError('<urllib3.connection.HTTPConnection object at 0x00000277D02EE8B0>: Failed to establish a new connection: [WinError 10061] No connection could be made because the target machine actively refused it'))
[2026-06-20 08:09:23] [ERROR] [qd_client] Get positions error: HTTPConnectionPool(host='localhost', port=8888): Max retries exceeded with url: /api/mt5/positions (Caused by NewConnectionError('<urllib3.connection.HTTPConnection object at 0x00000277D02EEBE0>: Failed to establish a new connection: [WinError 10061] No connection could be made because the target machine actively refused it'))
[2026-06-20 08:09:32] [ERROR] [qd_client] Login attempt 2 failed: HTTPConnectionPool(host='localhost', port=8888): Max retries exceeded with url: /api/auth/login (Caused by NewConnectionError('<urllib3.connection.HTTPConnection object at 0x00000277D02EECF0>: Failed to establish a new connection: [WinError 10061] No connection could be made because the target machine actively refused it'))
[2026-06-20 08:09:41] [ERROR] [qd_client] Login attempt 3 failed: HTTPConnectionPool(host='localhost', port=8888): Max retries exceeded with url: /api/auth/login (Caused by NewConnectionError('<urllib3.connection.HTTPConnection object at 0x00000277D02EF570>: Failed to establish a new connection: [WinError 10061] No connection could be made because the target machine actively refused it'))
[2026-06-20 08:09:46] [ERROR] [mt5_watchdog] MT5 reconnect error: Failed to login to QuantDinger
[2026-06-20 08:10:28] [ERROR] [qd_client] Get positions error: HTTPConnectionPool(host='localhost', port=8888): Max retries exceeded with url: /api/mt5/positions (Caused by NewConnectionError('<urllib3.connection.HTTPConnection object at 0x00000277D02EFDF0>: Failed to establish a new connection: [WinError 10061] No connection could be made because the target machine actively refused it'))
[2026-06-20 08:11:32] [ERROR] [qd_client] Get positions error: HTTPConnectionPool(host='localhost', port=8888): Max retries exceeded with url: /api/mt5/positions (Caused by NewConnectionError('<urllib3.connection.HTTPConnection object at 0x00000277D0584160>: Failed to establish a new connection: [WinError 10061] No connection could be made because the target machine actively refused it'))
[2026-06-20 08:11:51] [ERROR] [mt5_watchdog] MT5 check error: HTTPConnectionPool(host='localhost', port=8888): Max retries exceeded with url: /api/mt5/status (Caused by NewConnectionError('<urllib3.connection.HTTPConnection object at 0x00000277D0584490>: Failed to establish a new connection: [WinError 10061] No connection could be made because the target machine actively refused it'))
[2026-06-20 08:11:51] [WARNING] [mt5_watchdog] MT5 disconnected! Attempt 16/3
[2026-06-20 08:11:55] [ERROR] [qd_client] Login attempt 1 failed: HTTPConnectionPool(host='localhost', port=8888): Max retries exceeded with url: /api/auth/login (Caused by NewConnectionError('<urllib3.connection.HTTPConnection object at 0x00000277D05846B0>: Failed to establish a new connection: [WinError 10061] No connection could be made because the target machine actively refused it'))
[2026-06-20 08:12:04] [ERROR] [qd_client] Login attempt 2 failed: HTTPConnectionPool(host='localhost', port=8888): Max retries exceeded with url: /api/auth/login (Caused by NewConnectionError('<urllib3.connection.HTTPConnection object at 0x00000277D02EF020>: Failed to establish a new connection: [WinError 10061] No connection could be made because the target machine actively refused it'))
[2026-06-20 08:12:13] [ERROR] [qd_client] Login attempt 3 failed: HTTPConnectionPool(host='localhost', port=8888): Max retries exceeded with url: /api/auth/login (Caused by NewConnectionError('<urllib3.connection.HTTPConnection object at 0x00000277D02EFF00>: Failed to establish a new connection: [WinError 10061] No connection could be made because the target machine actively refused it'))
[2026-06-20 08:12:18] [ERROR] [mt5_watchdog] MT5 reconnect error: Failed to login to QuantDinger
[2026-06-20 08:12:36] [ERROR] [qd_client] Get positions error: HTTPConnectionPool(host='localhost', port=8888): Max retries exceeded with url: /api/mt5/positions (Caused by NewConnectionError('<urllib3.connection.HTTPConnection object at 0x00000277D02EECF0>: Failed to establish a new connection: [WinError 10061] No connection could be made because the target machine actively refused it'))
[2026-06-20 08:13:40] [ERROR] [qd_client] Get positions error: HTTPConnectionPool(host='localhost', port=8888): Max retries exceeded with url: /api/mt5/positions (Caused by NewConnectionError('<urllib3.connection.HTTPConnection object at 0x00000277D02EEBE0>: Failed to establish a new connection: [WinError 10061] No connection could be made because the target machine actively refused it'))
[2026-06-20 08:14:24] [ERROR] [mt5_watchdog] MT5 check error: HTTPConnectionPool(host='localhost', port=8888): Max retries exceeded with url: /api/mt5/status (Caused by NewConnectionError('<urllib3.connection.HTTPConnection object at 0x00000277D02EE9C0>: Failed to establish a new connection: [WinError 10061] No connection could be made because the target machine actively refused it'))
[2026-06-20 08:14:24] [WARNING] [mt5_watchdog] MT5 disconnected! Attempt 17/3
[2026-06-20 08:14:28] [ERROR] [qd_client] Login attempt 1 failed: HTTPConnectionPool(host='localhost', port=8888): Max retries exceeded with url: /api/auth/login (Caused by NewConnectionError('<urllib3.connection.HTTPConnection object at 0x00000277D02EEAD0>: Failed to establish a new connection: [WinError 10061] No connection could be made because the target machine actively refused it'))
[2026-06-20 08:14:37] [ERROR] [qd_client] Login attempt 2 failed: HTTPConnectionPool(host='localhost', port=8888): Max retries exceeded with url: /api/auth/login (Caused by NewConnectionError('<urllib3.connection.HTTPConnection object at 0x00000277D02EE470>: Failed to establish a new connection: [WinError 10061] No connection could be made because the target machine actively refused it'))
[2026-06-20 08:14:44] [ERROR] [qd_client] Get positions error: HTTPConnectionPool(host='localhost', port=8888): Max retries exceeded with url: /api/mt5/positions (Caused by NewConnectionError('<urllib3.connection.HTTPConnection object at 0x00000277D02EC9E0>: Failed to establish a new connection: [WinError 10061] No connection could be made because the target machine actively refused it'))
[2026-06-20 08:14:46] [ERROR] [qd_client] Login attempt 3 failed: HTTPConnectionPool(host='localhost', port=8888): Max retries exceeded with url: /api/auth/login (Caused by NewConnectionError('<urllib3.connection.HTTPConnection object at 0x00000277D02EDF20>: Failed to establish a new connection: [WinError 10061] No connection could be made because the target machine actively refused it'))
[2026-06-20 08:14:51] [ERROR] [mt5_watchdog] MT5 reconnect error: Failed to login to QuantDinger
[2026-06-20 08:15:48] [ERROR] [qd_client] Get positions error: HTTPConnectionPool(host='localhost', port=8888): Max retries exceeded with url: /api/mt5/positions (Caused by NewConnectionError('<urllib3.connection.HTTPConnection object at 0x00000277D02EDBF0>: Failed to establish a new connection: [WinError 10061] No connection could be made because the target machine actively refused it'))
[2026-06-20 08:16:52] [ERROR] [qd_client] Get positions error: HTTPConnectionPool(host='localhost', port=8888): Max retries exceeded with url: /api/mt5/positions (Caused by NewConnectionError('<urllib3.connection.HTTPConnection object at 0x00000277D02EDAE0>: Failed to establish a new connection: [WinError 10061] No connection could be made because the target machine actively refused it'))
[2026-06-20 08:16:57] [ERROR] [mt5_watchdog] MT5 check error: HTTPConnectionPool(host='localhost', port=8888): Max retries exceeded with url: /api/mt5/status (Caused by NewConnectionError('<urllib3.connection.HTTPConnection object at 0x00000277D02ED260>: Failed to establish a new connection: [WinError 10061] No connection could be made because the target machine actively refused it'))
[2026-06-20 08:16:57] [WARNING] [mt5_watchdog] MT5 disconnected! Attempt 18/3
[2026-06-20 08:17:01] [ERROR] [qd_client] Login attempt 1 failed: HTTPConnectionPool(host='localhost', port=8888): Max retries exceeded with url: /api/auth/login (Caused by NewConnectionError('<urllib3.connection.HTTPConnection object at 0x00000277D02ECC00>: Failed to establish a new connection: [WinError 10061] No connection could be made because the target machine actively refused it'))
[2026-06-20 08:17:10] [ERROR] [qd_client] Login attempt 2 failed: HTTPConnectionPool(host='localhost', port=8888): Max retries exceeded with url: /api/auth/login (Caused by NewConnectionError('<urllib3.connection.HTTPConnection object at 0x00000277D02EFCE0>: Failed to establish a new connection: [WinError 10061] No connection could be made because the target machine actively refused it'))
[2026-06-20 08:17:19] [ERROR] [qd_client] Login attempt 3 failed: HTTPConnectionPool(host='localhost', port=8888): Max retries exceeded with url: /api/auth/login (Caused by NewConnectionError('<urllib3.connection.HTTPConnection object at 0x00000277D02ED590>: Failed to establish a new connection: [WinError 10061] No connection could be made because the target machine actively refused it'))
[2026-06-20 08:17:24] [ERROR] [mt5_watchdog] MT5 reconnect error: Failed to login to QuantDinger
[2026-06-20 08:17:56] [ERROR] [qd_client] Get positions error: HTTPConnectionPool(host='localhost', port=8888): Max retries exceeded with url: /api/mt5/positions (Caused by NewConnectionError('<urllib3.connection.HTTPConnection object at 0x00000277D0580380>: Failed to establish a new connection: [WinError 10061] No connection could be made because the target machine actively refused it'))
[2026-06-20 08:19:00] [ERROR] [qd_client] Get positions error: HTTPConnectionPool(host='localhost', port=8888): Max retries exceeded with url: /api/mt5/positions (Caused by NewConnectionError('<urllib3.connection.HTTPConnection object at 0x00000277D02ED590>: Failed to establish a new connection: [WinError 10061] No connection could be made because the target machine actively refused it'))
[2026-06-20 08:19:30] [ERROR] [mt5_watchdog] MT5 check error: HTTPConnectionPool(host='localhost', port=8888): Max retries exceeded with url: /api/mt5/status (Caused by NewConnectionError('<urllib3.connection.HTTPConnection object at 0x00000277D02ECC00>: Failed to establish a new connection: [WinError 10061] No connection could be made because the target machine actively refused it'))
[2026-06-20 08:19:30] [WARNING] [mt5_watchdog] MT5 disconnected! Attempt 19/3
[2026-06-20 08:19:34] [ERROR] [qd_client] Login attempt 1 failed: HTTPConnectionPool(host='localhost', port=8888): Max retries exceeded with url: /api/auth/login (Caused by NewConnectionError('<urllib3.connection.HTTPConnection object at 0x00000277D02ED8C0>: Failed to establish a new connection: [WinError 10061] No connection could be made because the target machine actively refused it'))
[2026-06-20 08:19:43] [ERROR] [qd_client] Login attempt 2 failed: HTTPConnectionPool(host='localhost', port=8888): Max retries exceeded with url: /api/auth/login (Caused by NewConnectionError('<urllib3.connection.HTTPConnection object at 0x00000277D02ED6A0>: Failed to establish a new connection: [WinError 10061] No connection could be made because the target machine actively refused it'))
[2026-06-20 08:19:52] [ERROR] [qd_client] Login attempt 3 failed: HTTPConnectionPool(host='localhost', port=8888): Max retries exceeded with url: /api/auth/login (Caused by NewConnectionError('<urllib3.connection.HTTPConnection object at 0x00000277D02EDAE0>: Failed to establish a new connection: [WinError 10061] No connection could be made because the target machine actively refused it'))
[2026-06-20 08:19:57] [ERROR] [mt5_watchdog] MT5 reconnect error: Failed to login to QuantDinger
[2026-06-20 08:20:04] [ERROR] [qd_client] Get positions error: HTTPConnectionPool(host='localhost', port=8888): Max retries exceeded with url: /api/mt5/positions (Caused by NewConnectionError('<urllib3.connection.HTTPConnection object at 0x00000277D02ED370>: Failed to establish a new connection: [WinError 10061] No connection could be made because the target machine actively refused it'))
[2026-06-20 08:21:08] [ERROR] [qd_client] Get positions error: HTTPConnectionPool(host='localhost', port=8888): Max retries exceeded with url: /api/mt5/positions (Caused by NewConnectionError('<urllib3.connection.HTTPConnection object at 0x00000277D02EE360>: Failed to establish a new connection: [WinError 10061] No connection could be made because the target machine actively refused it'))
[2026-06-20 08:22:02] [ERROR] [mt5_watchdog] MT5 check error: HTTPConnectionPool(host='localhost', port=8888): Max retries exceeded with url: /api/mt5/status (Caused by NewConnectionError('<urllib3.connection.HTTPConnection object at 0x00000277D02EE030>: Failed to establish a new connection: [WinError 10061] No connection could be made because the target machine actively refused it'))
[2026-06-20 08:22:02] [WARNING] [mt5_watchdog] MT5 disconnected! Attempt 20/3
[2026-06-20 08:22:06] [ERROR] [qd_client] Login attempt 1 failed: HTTPConnectionPool(host='localhost', port=8888): Max retries exceeded with url: /api/auth/login (Caused by NewConnectionError('<urllib3.connection.HTTPConnection object at 0x00000277D02EE580>: Failed to establish a new connection: [WinError 10061] No connection could be made because the target machine actively refused it'))
[2026-06-20 08:22:12] [ERROR] [qd_client] Get positions error: HTTPConnectionPool(host='localhost', port=8888): Max retries exceeded with url: /api/mt5/positions (Caused by NewConnectionError('<urllib3.connection.HTTPConnection object at 0x00000277D02EE8B0>: Failed to establish a new connection: [WinError 10061] No connection could be made because the target machine actively refused it'))
[2026-06-20 08:22:16] [ERROR] [qd_client] Login attempt 2 failed: HTTPConnectionPool(host='localhost', port=8888): Max retries exceeded with url: /api/auth/login (Caused by NewConnectionError('<urllib3.connection.HTTPConnection object at 0x00000277D02EE9C0>: Failed to establish a new connection: [WinError 10061] No connection could be made because the target machine actively refused it'))
[2026-06-20 08:22:25] [ERROR] [qd_client] Login attempt 3 failed: HTTPConnectionPool(host='localhost', port=8888): Max retries exceeded with url: /api/auth/login (Caused by NewConnectionError('<urllib3.connection.HTTPConnection object at 0x00000277D02EEBE0>: Failed to establish a new connection: [WinError 10061] No connection could be made because the target machine actively refused it'))
[2026-06-20 08:22:30] [ERROR] [mt5_watchdog] MT5 reconnect error: Failed to login to QuantDinger
[2026-06-20 08:22:31] [ERROR] [qd_client] Get positions error: HTTPConnectionPool(host='localhost', port=8888): Max retries exceeded with url: /api/mt5/positions (Caused by NewConnectionError('<urllib3.connection.HTTPConnection object at 0x00000277D02EECF0>: Failed to establish a new connection: [WinError 10061] No connection could be made because the target machine actively refused it'))
[2026-06-20 08:23:16] [ERROR] [qd_client] Get positions error: HTTPConnectionPool(host='localhost', port=8888): Max retries exceeded with url: /api/mt5/positions (Caused by NewConnectionError('<urllib3.connection.HTTPConnection object at 0x00000277D02EF350>: Failed to establish a new connection: [WinError 10061] No connection could be made because the target machine actively refused it'))
[2026-06-20 08:24:20] [ERROR] [qd_client] Get positions error: HTTPConnectionPool(host='localhost', port=8888): Max retries exceeded with url: /api/mt5/positions (Caused by NewConnectionError('<urllib3.connection.HTTPConnection object at 0x00000277D02EFBD0>: Failed to establish a new connection: [WinError 10061] No connection could be made because the target machine actively refused it'))
[2026-06-20 08:24:35] [ERROR] [mt5_watchdog] MT5 check error: HTTPConnectionPool(host='localhost', port=8888): Max retries exceeded with url: /api/mt5/status (Caused by NewConnectionError('<urllib3.connection.HTTPConnection object at 0x00000277D02EF790>: Failed to establish a new connection: [WinError 10061] No connection could be made because the target machine actively refused it'))
[2026-06-20 08:24:35] [WARNING] [mt5_watchdog] MT5 disconnected! Attempt 21/3
[2026-06-20 08:24:39] [ERROR] [qd_client] Login attempt 1 failed: HTTPConnectionPool(host='localhost', port=8888): Max retries exceeded with url: /api/auth/login (Caused by NewConnectionError('<urllib3.connection.HTTPConnection object at 0x00000277D02EF680>: Failed to establish a new connection: [WinError 10061] No connection could be made because the target machine actively refused it'))
[2026-06-20 08:24:48] [ERROR] [qd_client] Login attempt 2 failed: HTTPConnectionPool(host='localhost', port=8888): Max retries exceeded with url: /api/auth/login (Caused by NewConnectionError('<urllib3.connection.HTTPConnection object at 0x00000277D02EFBD0>: Failed to establish a new connection: [WinError 10061] No connection could be made because the target machine actively refused it'))
[2026-06-20 08:24:57] [ERROR] [qd_client] Login attempt 3 failed: HTTPConnectionPool(host='localhost', port=8888): Max retries exceeded with url: /api/auth/login (Caused by NewConnectionError('<urllib3.connection.HTTPConnection object at 0x00000277D02EFF00>: Failed to establish a new connection: [WinError 10061] No connection could be made because the target machine actively refused it'))
[2026-06-20 08:25:02] [ERROR] [mt5_watchdog] MT5 reconnect error: Failed to login to QuantDinger
[2026-06-20 08:25:25] [ERROR] [qd_client] Get positions error: HTTPConnectionPool(host='localhost', port=8888): Max retries exceeded with url: /api/mt5/positions (Caused by NewConnectionError('<urllib3.connection.HTTPConnection object at 0x00000277D02EECF0>: Failed to establish a new connection: [WinError 10061] No connection could be made because the target machine actively refused it'))
[2026-06-20 08:26:29] [ERROR] [qd_client] Get positions error: HTTPConnectionPool(host='localhost', port=8888): Max retries exceeded with url: /api/mt5/positions (Caused by NewConnectionError('<urllib3.connection.HTTPConnection object at 0x00000277D02EEBE0>: Failed to establish a new connection: [WinError 10061] No connection could be made because the target machine actively refused it'))
[2026-06-20 08:27:08] [ERROR] [mt5_watchdog] MT5 check error: HTTPConnectionPool(host='localhost', port=8888): Max retries exceeded with url: /api/mt5/status (Caused by NewConnectionError('<urllib3.connection.HTTPConnection object at 0x00000277D02EEF10>: Failed to establish a new connection: [WinError 10061] No connection could be made because the target machine actively refused it'))
[2026-06-20 08:27:08] [WARNING] [mt5_watchdog] MT5 disconnected! Attempt 22/3
[2026-06-20 08:27:12] [ERROR] [qd_client] Login attempt 1 failed: HTTPConnectionPool(host='localhost', port=8888): Max retries exceeded with url: /api/auth/login (Caused by NewConnectionError('<urllib3.connection.HTTPConnection object at 0x00000277D02EE8B0>: Failed to establish a new connection: [WinError 10061] No connection could be made because the target machine actively refused it'))
[2026-06-20 08:27:21] [ERROR] [qd_client] Login attempt 2 failed: HTTPConnectionPool(host='localhost', port=8888): Max retries exceeded with url: /api/auth/login (Caused by NewConnectionError('<urllib3.connection.HTTPConnection object at 0x00000277D02EE580>: Failed to establish a new connection: [WinError 10061] No connection could be made because the target machine actively refused it'))
[2026-06-20 08:27:30] [ERROR] [qd_client] Login attempt 3 failed: HTTPConnectionPool(host='localhost', port=8888): Max retries exceeded with url: /api/auth/login (Caused by NewConnectionError('<urllib3.connection.HTTPConnection object at 0x00000277D02EC9E0>: Failed to establish a new connection: [WinError 10061] No connection could be made because the target machine actively refused it'))
[2026-06-20 08:27:33] [ERROR] [qd_client] Get positions error: HTTPConnectionPool(host='localhost', port=8888): Max retries exceeded with url: /api/mt5/positions (Caused by NewConnectionError('<urllib3.connection.HTTPConnection object at 0x00000277D02EE470>: Failed to establish a new connection: [WinError 10061] No connection could be made because the target machine actively refused it'))
[2026-06-20 08:27:35] [ERROR] [mt5_watchdog] MT5 reconnect error: Failed to login to QuantDinger
[2026-06-20 08:28:37] [ERROR] [qd_client] Get positions error: HTTPConnectionPool(host='localhost', port=8888): Max retries exceeded with url: /api/mt5/positions (Caused by NewConnectionError('<urllib3.connection.HTTPConnection object at 0x00000277D02ED370>: Failed to establish a new connection: [WinError 10061] No connection could be made because the target machine actively refused it'))
[2026-06-20 08:29:41] [ERROR] [mt5_watchdog] MT5 check error: HTTPConnectionPool(host='localhost', port=8888): Max retries exceeded with url: /api/mt5/status (Caused by NewConnectionError('<urllib3.connection.HTTPConnection object at 0x00000277D02EDAE0>: Failed to establish a new connection: [WinError 10061] No connection could be made because the target machine actively refused it'))
[2026-06-20 08:29:41] [WARNING] [mt5_watchdog] MT5 disconnected! Attempt 23/3
[2026-06-20 08:29:41] [ERROR] [qd_client] Get positions error: HTTPConnectionPool(host='localhost', port=8888): Max retries exceeded with url: /api/mt5/positions (Caused by NewConnectionError('<urllib3.connection.HTTPConnection object at 0x00000277D02ED6A0>: Failed to establish a new connection: [WinError 10061] No connection could be made because the target machine actively refused it'))
[2026-06-20 08:29:45] [ERROR] [qd_client] Login attempt 1 failed: HTTPConnectionPool(host='localhost', port=8888): Max retries exceeded with url: /api/auth/login (Caused by NewConnectionError('<urllib3.connection.HTTPConnection object at 0x00000277D02ED8C0>: Failed to establish a new connection: [WinError 10061] No connection could be made because the target machine actively refused it'))
[2026-06-20 08:29:54] [ERROR] [qd_client] Login attempt 2 failed: HTTPConnectionPool(host='localhost', port=8888): Max retries exceeded with url: /api/auth/login (Caused by NewConnectionError('<urllib3.connection.HTTPConnection object at 0x00000277D02ECC00>: Failed to establish a new connection: [WinError 10061] No connection could be made because the target machine actively refused it'))
[2026-06-20 08:30:03] [ERROR] [qd_client] Login attempt 3 failed: HTTPConnectionPool(host='localhost', port=8888): Max retries exceeded with url: /api/auth/login (Caused by NewConnectionError('<urllib3.connection.HTTPConnection object at 0x00000277D02ED590>: Failed to establish a new connection: [WinError 10061] No connection could be made because the target machine actively refused it'))
[2026-06-20 08:30:08] [ERROR] [mt5_watchdog] MT5 reconnect error: Failed to login to QuantDinger
[2026-06-20 08:30:45] [ERROR] [qd_client] Get positions error: HTTPConnectionPool(host='localhost', port=8888): Max retries exceeded with url: /api/mt5/positions (Caused by NewConnectionError('<urllib3.connection.HTTPConnection object at 0x00000277D02ED8C0>: Failed to establish a new connection: [WinError 10061] No connection could be made because the target machine actively refused it'))
[2026-06-20 08:31:49] [ERROR] [qd_client] Get positions error: HTTPConnectionPool(host='localhost', port=8888): Max retries exceeded with url: /api/mt5/positions (Caused by NewConnectionError('<urllib3.connection.HTTPConnection object at 0x00000277D02ED6A0>: Failed to establish a new connection: [WinError 10061] No connection could be made because the target machine actively refused it'))
[2026-06-20 08:32:14] [ERROR] [mt5_watchdog] MT5 check error: HTTPConnectionPool(host='localhost', port=8888): Max retries exceeded with url: /api/mt5/status (Caused by NewConnectionError('<urllib3.connection.HTTPConnection object at 0x00000277D02EDAE0>: Failed to establish a new connection: [WinError 10061] No connection could be made because the target machine actively refused it'))
[2026-06-20 08:32:14] [WARNING] [mt5_watchdog] MT5 disconnected! Attempt 24/3
[2026-06-20 08:32:18] [ERROR] [qd_client] Login attempt 1 failed: HTTPConnectionPool(host='localhost', port=8888): Max retries exceeded with url: /api/auth/login (Caused by NewConnectionError('<urllib3.connection.HTTPConnection object at 0x00000277D02EDBF0>: Failed to establish a new connection: [WinError 10061] No connection could be made because the target machine actively refused it'))
[2026-06-20 08:32:27] [ERROR] [qd_client] Login attempt 2 failed: HTTPConnectionPool(host='localhost', port=8888): Max retries exceeded with url: /api/auth/login (Caused by NewConnectionError('<urllib3.connection.HTTPConnection object at 0x00000277D02EDD00>: Failed to establish a new connection: [WinError 10061] No connection could be made because the target machine actively refused it'))
[2026-06-20 08:32:36] [ERROR] [qd_client] Login attempt 3 failed: HTTPConnectionPool(host='localhost', port=8888): Max retries exceeded with url: /api/auth/login (Caused by NewConnectionError('<urllib3.connection.HTTPConnection object at 0x00000277D02EE470>: Failed to establish a new connection: [WinError 10061] No connection could be made because the target machine actively refused it'))
[2026-06-20 08:32:41] [ERROR] [mt5_watchdog] MT5 reconnect error: Failed to login to QuantDinger
[2026-06-20 08:32:53] [ERROR] [qd_client] Get positions error: HTTPConnectionPool(host='localhost', port=8888): Max retries exceeded with url: /api/mt5/positions (Caused by NewConnectionError('<urllib3.connection.HTTPConnection object at 0x00000277D02EDF20>: Failed to establish a new connection: [WinError 10061] No connection could be made because the target machine actively refused it'))
[2026-06-20 08:33:57] [ERROR] [qd_client] Get positions error: HTTPConnectionPool(host='localhost', port=8888): Max retries exceeded with url: /api/mt5/positions (Caused by NewConnectionError('<urllib3.connection.HTTPConnection object at 0x00000277D02EE8B0>: Failed to establish a new connection: [WinError 10061] No connection could be made because the target machine actively refused it'))
[2026-06-20 08:34:46] [ERROR] [mt5_watchdog] MT5 check error: HTTPConnectionPool(host='localhost', port=8888): Max retries exceeded with url: /api/mt5/status (Caused by NewConnectionError('<urllib3.connection.HTTPConnection object at 0x00000277D02EEF10>: Failed to establish a new connection: [WinError 10061] No connection could be made because the target machine actively refused it'))
[2026-06-20 08:34:46] [WARNING] [mt5_watchdog] MT5 disconnected! Attempt 25/3
[2026-06-20 08:34:50] [ERROR] [qd_client] Login attempt 1 failed: HTTPConnectionPool(host='localhost', port=8888): Max retries exceeded with url: /api/auth/login (Caused by NewConnectionError('<urllib3.connection.HTTPConnection object at 0x00000277D02EF460>: Failed to establish a new connection: [WinError 10061] No connection could be made because the target machine actively refused it'))
[2026-06-20 08:34:59] [ERROR] [qd_client] Login attempt 2 failed: HTTPConnectionPool(host='localhost', port=8888): Max retries exceeded with url: /api/auth/login (Caused by NewConnectionError('<urllib3.connection.HTTPConnection object at 0x00000277D02EF240>: Failed to establish a new connection: [WinError 10061] No connection could be made because the target machine actively refused it'))
[2026-06-20 08:35:01] [ERROR] [qd_client] Get positions error: HTTPConnectionPool(host='localhost', port=8888): Max retries exceeded with url: /api/mt5/positions (Caused by NewConnectionError('<urllib3.connection.HTTPConnection object at 0x00000277D02EECF0>: Failed to establish a new connection: [WinError 10061] No connection could be made because the target machine actively refused it'))
[2026-06-20 08:35:09] [ERROR] [qd_client] Login attempt 3 failed: HTTPConnectionPool(host='localhost', port=8888): Max retries exceeded with url: /api/auth/login (Caused by NewConnectionError('<urllib3.connection.HTTPConnection object at 0x00000277D02EFF00>: Failed to establish a new connection: [WinError 10061] No connection could be made because the target machine actively refused it'))
[2026-06-20 08:35:14] [ERROR] [mt5_watchdog] MT5 reconnect error: Failed to login to QuantDinger
[2026-06-20 08:36:05] [ERROR] [qd_client] Get positions error: HTTPConnectionPool(host='localhost', port=8888): Max retries exceeded with url: /api/mt5/positions (Caused by NewConnectionError('<urllib3.connection.HTTPConnection object at 0x00000277D02EF680>: Failed to establish a new connection: [WinError 10061] No connection could be made because the target machine actively refused it'))
[2026-06-20 08:37:09] [ERROR] [qd_client] Get positions error: HTTPConnectionPool(host='localhost', port=8888): Max retries exceeded with url: /api/mt5/positions (Caused by NewConnectionError('<urllib3.connection.HTTPConnection object at 0x00000277D02ECAF0>: Failed to establish a new connection: [WinError 10061] No connection could be made because the target machine actively refused it'))
[2026-06-20 08:37:19] [ERROR] [mt5_watchdog] MT5 check error: HTTPConnectionPool(host='localhost', port=8888): Max retries exceeded with url: /api/mt5/status (Caused by NewConnectionError('<urllib3.connection.HTTPConnection object at 0x00000277D02EF680>: Failed to establish a new connection: [WinError 10061] No connection could be made because the target machine actively refused it'))
[2026-06-20 08:37:19] [WARNING] [mt5_watchdog] MT5 disconnected! Attempt 26/3
[2026-06-20 08:37:23] [ERROR] [qd_client] Login attempt 1 failed: HTTPConnectionPool(host='localhost', port=8888): Max retries exceeded with url: /api/auth/login (Caused by NewConnectionError('<urllib3.connection.HTTPConnection object at 0x00000277D02EFBD0>: Failed to establish a new connection: [WinError 10061] No connection could be made because the target machine actively refused it'))
[2026-06-20 08:37:32] [ERROR] [qd_client] Login attempt 2 failed: HTTPConnectionPool(host='localhost', port=8888): Max retries exceeded with url: /api/auth/login (Caused by NewConnectionError('<urllib3.connection.HTTPConnection object at 0x00000277D02EF350>: Failed to establish a new connection: [WinError 10061] No connection could be made because the target machine actively refused it'))
[2026-06-20 08:37:37] [ERROR] [qd_client] Get positions error: HTTPConnectionPool(host='localhost', port=8888): Max retries exceeded with url: /api/mt5/positions (Caused by NewConnectionError('<urllib3.connection.HTTPConnection object at 0x00000277D02EF020>: Failed to establish a new connection: [WinError 10061] No connection could be made because the target machine actively refused it'))
[2026-06-20 08:37:41] [ERROR] [qd_client] Login attempt 3 failed: HTTPConnectionPool(host='localhost', port=8888): Max retries exceeded with url: /api/auth/login (Caused by NewConnectionError('<urllib3.connection.HTTPConnection object at 0x00000277D02EF570>: Failed to establish a new connection: [WinError 10061] No connection could be made because the target machine actively refused it'))
[2026-06-20 08:37:46] [ERROR] [mt5_watchdog] MT5 reconnect error: Failed to login to QuantDinger
[2026-06-20 08:37:53] [INFO] [main] ==================================================
[2026-06-20 08:37:53] [INFO] [main] Cycle 3 at 08:37:53
[2026-06-20 08:37:57] [WARNING] [main] MT5 disconnected, reconnecting...
[2026-06-20 08:38:01] [ERROR] [qd_client] MT5 connect attempt 1: HTTPConnectionPool(host='localhost', port=8888): Max retries exceeded with url: /api/mt5/connect (Caused by NewConnectionError('<urllib3.connection.HTTPConnection object at 0x00000277D02EE8B0>: Failed to establish a new connection: [WinError 10061] No connection could be made because the target machine actively refused it'))
[2026-06-20 08:38:10] [ERROR] [qd_client] MT5 connect attempt 2: HTTPConnectionPool(host='localhost', port=8888): Max retries exceeded with url: /api/mt5/connect (Caused by NewConnectionError('<urllib3.connection.HTTPConnection object at 0x00000277D02EE580>: Failed to establish a new connection: [WinError 10061] No connection could be made because the target machine actively refused it'))
[2026-06-20 08:38:13] [ERROR] [qd_client] Get positions error: HTTPConnectionPool(host='localhost', port=8888): Max retries exceeded with url: /api/mt5/positions (Caused by NewConnectionError('<urllib3.connection.HTTPConnection object at 0x00000277D02EE470>: Failed to establish a new connection: [WinError 10061] No connection could be made because the target machine actively refused it'))
[2026-06-20 08:38:19] [ERROR] [qd_client] MT5 connect attempt 3: HTTPConnectionPool(host='localhost', port=8888): Max retries exceeded with url: /api/mt5/connect (Caused by NewConnectionError('<urllib3.connection.HTTPConnection object at 0x00000277D02EDBF0>: Failed to establish a new connection: [WinError 10061] No connection could be made because the target machine actively refused it'))
[2026-06-20 08:38:24] [WARNING] [main] MT5 still disconnected
[2026-06-20 08:38:24] [INFO] [main] Sleeping 1800s...
[2026-06-20 08:39:17] [ERROR] [qd_client] Get positions error: HTTPConnectionPool(host='localhost', port=8888): Max retries exceeded with url: /api/mt5/positions (Caused by NewConnectionError('<urllib3.connection.HTTPConnection object at 0x00000277D02EDAE0>: Failed to establish a new connection: [WinError 10061] No connection could be made because the target machine actively refused it'))
[2026-06-20 08:39:52] [ERROR] [mt5_watchdog] MT5 check error: HTTPConnectionPool(host='localhost', port=8888): Max retries exceeded with url: /api/mt5/status (Caused by NewConnectionError('<urllib3.connection.HTTPConnection object at 0x00000277D02ED6A0>: Failed to establish a new connection: [WinError 10061] No connection could be made because the target machine actively refused it'))
[2026-06-20 08:39:52] [WARNING] [mt5_watchdog] MT5 disconnected! Attempt 27/3
[2026-06-20 08:39:56] [ERROR] [qd_client] Login attempt 1 failed: HTTPConnectionPool(host='localhost', port=8888): Max retries exceeded with url: /api/auth/login (Caused by NewConnectionError('<urllib3.connection.HTTPConnection object at 0x00000277D02ED9D0>: Failed to establish a new connection: [WinError 10061] No connection could be made because the target machine actively refused it'))
[2026-06-20 08:40:05] [ERROR] [qd_client] Login attempt 2 failed: HTTPConnectionPool(host='localhost', port=8888): Max retries exceeded with url: /api/auth/login (Caused by NewConnectionError('<urllib3.connection.HTTPConnection object at 0x00000277D02EF8A0>: Failed to establish a new connection: [WinError 10061] No connection could be made because the target machine actively refused it'))
[2026-06-20 08:40:14] [ERROR] [qd_client] Login attempt 3 failed: HTTPConnectionPool(host='localhost', port=8888): Max retries exceeded with url: /api/auth/login (Caused by NewConnectionError('<urllib3.connection.HTTPConnection object at 0x00000277D0580160>: Failed to establish a new connection: [WinError 10061] No connection could be made because the target machine actively refused it'))
[2026-06-20 08:40:19] [ERROR] [mt5_watchdog] MT5 reconnect error: Failed to login to QuantDinger
[2026-06-20 08:40:22] [ERROR] [qd_client] Get positions error: HTTPConnectionPool(host='localhost', port=8888): Max retries exceeded with url: /api/mt5/positions (Caused by NewConnectionError('<urllib3.connection.HTTPConnection object at 0x00000277D0580490>: Failed to establish a new connection: [WinError 10061] No connection could be made because the target machine actively refused it'))
[2026-06-20 08:41:26] [ERROR] [qd_client] Get positions error: HTTPConnectionPool(host='localhost', port=8888): Max retries exceeded with url: /api/mt5/positions (Caused by NewConnectionError('<urllib3.connection.HTTPConnection object at 0x00000277D02ED8C0>: Failed to establish a new connection: [WinError 10061] No connection could be made because the target machine actively refused it'))
[2026-06-20 08:42:25] [ERROR] [mt5_watchdog] MT5 check error: HTTPConnectionPool(host='localhost', port=8888): Max retries exceeded with url: /api/mt5/status (Caused by NewConnectionError('<urllib3.connection.HTTPConnection object at 0x00000277D02ED260>: Failed to establish a new connection: [WinError 10061] No connection could be made because the target machine actively refused it'))
[2026-06-20 08:42:25] [WARNING] [mt5_watchdog] MT5 disconnected! Attempt 28/3
[2026-06-20 08:42:29] [ERROR] [qd_client] Login attempt 1 failed: HTTPConnectionPool(host='localhost', port=8888): Max retries exceeded with url: /api/auth/login (Caused by NewConnectionError('<urllib3.connection.HTTPConnection object at 0x00000277D02EDAE0>: Failed to establish a new connection: [WinError 10061] No connection could be made because the target machine actively refused it'))
[2026-06-20 08:42:30] [ERROR] [qd_client] Get positions error: HTTPConnectionPool(host='localhost', port=8888): Max retries exceeded with url: /api/mt5/positions (Caused by NewConnectionError('<urllib3.connection.HTTPConnection object at 0x00000277D02EC9E0>: Failed to establish a new connection: [WinError 10061] No connection could be made because the target machine actively refused it'))
[2026-06-20 08:42:38] [ERROR] [qd_client] Login attempt 2 failed: HTTPConnectionPool(host='localhost', port=8888): Max retries exceeded with url: /api/auth/login (Caused by NewConnectionError('<urllib3.connection.HTTPConnection object at 0x00000277D02ED370>: Failed to establish a new connection: [WinError 10061] No connection could be made because the target machine actively refused it'))
[2026-06-20 08:42:47] [ERROR] [qd_client] Login attempt 3 failed: HTTPConnectionPool(host='localhost', port=8888): Max retries exceeded with url: /api/auth/login (Caused by NewConnectionError('<urllib3.connection.HTTPConnection object at 0x00000277D02EE470>: Failed to establish a new connection: [WinError 10061] No connection could be made because the target machine actively refused it'))
[2026-06-20 08:42:52] [ERROR] [mt5_watchdog] MT5 reconnect error: Failed to login to QuantDinger
[2026-06-20 08:43:34] [ERROR] [qd_client] Get positions error: HTTPConnectionPool(host='localhost', port=8888): Max retries exceeded with url: /api/mt5/positions (Caused by NewConnectionError('<urllib3.connection.HTTPConnection object at 0x00000277D02EE360>: Failed to establish a new connection: [WinError 10061] No connection could be made because the target machine actively refused it'))
[2026-06-20 08:44:38] [ERROR] [qd_client] Get positions error: HTTPConnectionPool(host='localhost', port=8888): Max retries exceeded with url: /api/mt5/positions (Caused by NewConnectionError('<urllib3.connection.HTTPConnection object at 0x00000277D02EE250>: Failed to establish a new connection: [WinError 10061] No connection could be made because the target machine actively refused it'))
[2026-06-20 08:44:58] [ERROR] [mt5_watchdog] MT5 check error: HTTPConnectionPool(host='localhost', port=8888): Max retries exceeded with url: /api/mt5/status (Caused by NewConnectionError('<urllib3.connection.HTTPConnection object at 0x00000277D02EE7A0>: Failed to establish a new connection: [WinError 10061] No connection could be made because the target machine actively refused it'))
[2026-06-20 08:44:58] [WARNING] [mt5_watchdog] MT5 disconnected! Attempt 29/3
[2026-06-20 08:45:02] [ERROR] [qd_client] Login attempt 1 failed: HTTPConnectionPool(host='localhost', port=8888): Max retries exceeded with url: /api/auth/login (Caused by NewConnectionError('<urllib3.connection.HTTPConnection object at 0x00000277D02EF570>: Failed to establish a new connection: [WinError 10061] No connection could be made because the target machine actively refused it'))
[2026-06-20 08:45:11] [ERROR] [qd_client] Login attempt 2 failed: HTTPConnectionPool(host='localhost', port=8888): Max retries exceeded with url: /api/auth/login (Caused by NewConnectionError('<urllib3.connection.HTTPConnection object at 0x00000277D02EECF0>: Failed to establish a new connection: [WinError 10061] No connection could be made because the target machine actively refused it'))
[2026-06-20 08:45:20] [ERROR] [qd_client] Login attempt 3 failed: HTTPConnectionPool(host='localhost', port=8888): Max retries exceeded with url: /api/auth/login (Caused by NewConnectionError('<urllib3.connection.HTTPConnection object at 0x00000277D02EF240>: Failed to establish a new connection: [WinError 10061] No connection could be made because the target machine actively refused it'))
[2026-06-20 08:45:25] [ERROR] [mt5_watchdog] MT5 reconnect error: Failed to login to QuantDinger
[2026-06-20 08:45:42] [ERROR] [qd_client] Get positions error: HTTPConnectionPool(host='localhost', port=8888): Max retries exceeded with url: /api/mt5/positions (Caused by NewConnectionError('<urllib3.connection.HTTPConnection object at 0x00000277D02EFF00>: Failed to establish a new connection: [WinError 10061] No connection could be made because the target machine actively refused it'))
[2026-06-20 08:46:46] [ERROR] [qd_client] Get positions error: HTTPConnectionPool(host='localhost', port=8888): Max retries exceeded with url: /api/mt5/positions (Caused by NewConnectionError('<urllib3.connection.HTTPConnection object at 0x00000277D02EFDF0>: Failed to establish a new connection: [WinError 10061] No connection could be made because the target machine actively refused it'))
[2026-06-20 08:47:31] [ERROR] [mt5_watchdog] MT5 check error: HTTPConnectionPool(host='localhost', port=8888): Max retries exceeded with url: /api/mt5/status (Caused by NewConnectionError('<urllib3.connection.HTTPConnection object at 0x00000277D0580270>: Failed to establish a new connection: [WinError 10061] No connection could be made because the target machine actively refused it'))
[2026-06-20 08:47:31] [WARNING] [mt5_watchdog] MT5 disconnected! Attempt 30/3
[2026-06-20 08:47:35] [ERROR] [qd_client] Login attempt 1 failed: HTTPConnectionPool(host='localhost', port=8888): Max retries exceeded with url: /api/auth/login (Caused by NewConnectionError('<urllib3.connection.HTTPConnection object at 0x00000277D02EF680>: Failed to establish a new connection: [WinError 10061] No connection could be made because the target machine actively refused it'))
[2026-06-20 08:47:44] [ERROR] [qd_client] Login attempt 2 failed: HTTPConnectionPool(host='localhost', port=8888): Max retries exceeded with url: /api/auth/login (Caused by NewConnectionError('<urllib3.connection.HTTPConnection object at 0x00000277D02EFBD0>: Failed to establish a new connection: [WinError 10061] No connection could be made because the target machine actively refused it'))
[2026-06-20 08:47:50] [ERROR] [qd_client] Get positions error: HTTPConnectionPool(host='localhost', port=8888): Max retries exceeded with url: /api/mt5/positions (Caused by NewConnectionError('<urllib3.connection.HTTPConnection object at 0x00000277D02EF130>: Failed to establish a new connection: [WinError 10061] No connection could be made because the target machine actively refused it'))
[2026-06-20 08:47:53] [ERROR] [qd_client] Login attempt 3 failed: HTTPConnectionPool(host='localhost', port=8888): Max retries exceeded with url: /api/auth/login (Caused by NewConnectionError('<urllib3.connection.HTTPConnection object at 0x00000277D02EF240>: Failed to establish a new connection: [WinError 10061] No connection could be made because the target machine actively refused it'))
[2026-06-20 08:47:58] [ERROR] [mt5_watchdog] MT5 reconnect error: Failed to login to QuantDinger
[2026-06-20 08:48:54] [ERROR] [qd_client] Get positions error: HTTPConnectionPool(host='localhost', port=8888): Max retries exceeded with url: /api/mt5/positions (Caused by NewConnectionError('<urllib3.connection.HTTPConnection object at 0x00000277D02EF460>: Failed to establish a new connection: [WinError 10061] No connection could be made because the target machine actively refused it'))
[2026-06-20 08:49:58] [ERROR] [qd_client] Get positions error: HTTPConnectionPool(host='localhost', port=8888): Max retries exceeded with url: /api/mt5/positions (Caused by NewConnectionError('<urllib3.connection.HTTPConnection object at 0x00000277D02EEBE0>: Failed to establish a new connection: [WinError 10061] No connection could be made because the target machine actively refused it'))
[2026-06-20 08:50:04] [ERROR] [mt5_watchdog] MT5 check error: HTTPConnectionPool(host='localhost', port=8888): Max retries exceeded with url: /api/mt5/status (Caused by NewConnectionError('<urllib3.connection.HTTPConnection object at 0x00000277D02EE9C0>: Failed to establish a new connection: [WinError 10061] No connection could be made because the target machine actively refused it'))
[2026-06-20 08:50:04] [WARNING] [mt5_watchdog] MT5 disconnected! Attempt 31/3
[2026-06-20 08:50:08] [ERROR] [qd_client] Login attempt 1 failed: HTTPConnectionPool(host='localhost', port=8888): Max retries exceeded with url: /api/auth/login (Caused by NewConnectionError('<urllib3.connection.HTTPConnection object at 0x00000277D02EE360>: Failed to establish a new connection: [WinError 10061] No connection could be made because the target machine actively refused it'))
[2026-06-20 08:50:17] [ERROR] [qd_client] Login attempt 2 failed: HTTPConnectionPool(host='localhost', port=8888): Max retries exceeded with url: /api/auth/login (Caused by NewConnectionError('<urllib3.connection.HTTPConnection object at 0x00000277D02EDF20>: Failed to establish a new connection: [WinError 10061] No connection could be made because the target machine actively refused it'))
[2026-06-20 08:50:26] [ERROR] [qd_client] Login attempt 3 failed: HTTPConnectionPool(host='localhost', port=8888): Max retries exceeded with url: /api/auth/login (Caused by NewConnectionError('<urllib3.connection.HTTPConnection object at 0x00000277D02EDD00>: Failed to establish a new connection: [WinError 10061] No connection could be made because the target machine actively refused it'))
[2026-06-20 08:50:31] [ERROR] [mt5_watchdog] MT5 reconnect error: Failed to login to QuantDinger
[2026-06-20 08:51:02] [ERROR] [qd_client] Get positions error: HTTPConnectionPool(host='localhost', port=8888): Max retries exceeded with url: /api/mt5/positions (Caused by NewConnectionError('<urllib3.connection.HTTPConnection object at 0x00000277D02EC9E0>: Failed to establish a new connection: [WinError 10061] No connection could be made because the target machine actively refused it'))
[2026-06-20 08:52:06] [ERROR] [qd_client] Get positions error: HTTPConnectionPool(host='localhost', port=8888): Max retries exceeded with url: /api/mt5/positions (Caused by NewConnectionError('<urllib3.connection.HTTPConnection object at 0x00000277D02EE030>: Failed to establish a new connection: [WinError 10061] No connection could be made because the target machine actively refused it'))
[2026-06-20 08:52:37] [ERROR] [mt5_watchdog] MT5 check error: HTTPConnectionPool(host='localhost', port=8888): Max retries exceeded with url: /api/mt5/status (Caused by NewConnectionError('<urllib3.connection.HTTPConnection object at 0x00000277D02EE140>: Failed to establish a new connection: [WinError 10061] No connection could be made because the target machine actively refused it'))
[2026-06-20 08:52:37] [WARNING] [mt5_watchdog] MT5 disconnected! Attempt 32/3
[2026-06-20 08:52:41] [ERROR] [qd_client] Login attempt 1 failed: HTTPConnectionPool(host='localhost', port=8888): Max retries exceeded with url: /api/auth/login (Caused by NewConnectionError('<urllib3.connection.HTTPConnection object at 0x00000277D02ED8C0>: Failed to establish a new connection: [WinError 10061] No connection could be made because the target machine actively refused it'))
[2026-06-20 08:52:42] [ERROR] [qd_client] Get positions error: HTTPConnectionPool(host='localhost', port=8888): Max retries exceeded with url: /api/mt5/positions (Caused by NewConnectionError('<urllib3.connection.HTTPConnection object at 0x00000277D02EF8A0>: Failed to establish a new connection: [WinError 10061] No connection could be made because the target machine actively refused it'))
[2026-06-20 08:52:50] [ERROR] [qd_client] Login attempt 2 failed: HTTPConnectionPool(host='localhost', port=8888): Max retries exceeded with url: /api/auth/login (Caused by NewConnectionError('<urllib3.connection.HTTPConnection object at 0x00000277D02ED480>: Failed to establish a new connection: [WinError 10061] No connection could be made because the target machine actively refused it'))
[2026-06-20 08:52:59] [ERROR] [qd_client] Login attempt 3 failed: HTTPConnectionPool(host='localhost', port=8888): Max retries exceeded with url: /api/auth/login (Caused by NewConnectionError('<urllib3.connection.HTTPConnection object at 0x00000277D02ED260>: Failed to establish a new connection: [WinError 10061] No connection could be made because the target machine actively refused it'))
[2026-06-20 08:53:04] [ERROR] [mt5_watchdog] MT5 reconnect error: Failed to login to QuantDinger
[2026-06-20 08:53:10] [ERROR] [qd_client] Get positions error: HTTPConnectionPool(host='localhost', port=8888): Max retries exceeded with url: /api/mt5/positions (Caused by NewConnectionError('<urllib3.connection.HTTPConnection object at 0x00000277D02EE030>: Failed to establish a new connection: [WinError 10061] No connection could be made because the target machine actively refused it'))
[2026-06-20 08:54:15] [ERROR] [qd_client] Get positions error: HTTPConnectionPool(host='localhost', port=8888): Max retries exceeded with url: /api/mt5/positions (Caused by NewConnectionError('<urllib3.connection.HTTPConnection object at 0x00000277D02EC9E0>: Failed to establish a new connection: [WinError 10061] No connection could be made because the target machine actively refused it'))
[2026-06-20 08:55:09] [ERROR] [qd_client] Login attempt 1 failed: HTTPConnectionPool(host='localhost', port=8888): Max retries exceeded with url: /api/auth/login (Caused by NewConnectionError('<urllib3.connection.HTTPConnection object at 0x00000277D02EE690>: Failed to establish a new connection: [WinError 10061] No connection could be made because the target machine actively refused it'))
[2026-06-20 08:55:18] [ERROR] [qd_client] Login attempt 2 failed: HTTPConnectionPool(host='localhost', port=8888): Max retries exceeded with url: /api/auth/login (Caused by NewConnectionError('<urllib3.connection.HTTPConnection object at 0x00000277D02ED370>: Failed to establish a new connection: [WinError 10061] No connection could be made because the target machine actively refused it'))
[2026-06-20 08:55:19] [ERROR] [qd_client] Login attempt 1 failed: HTTPConnectionPool(host='localhost', port=8888): Max retries exceeded with url: /api/auth/login (Caused by NewConnectionError('<urllib3.connection.HTTPConnection object at 0x00000277D02EDF20>: Failed to establish a new connection: [WinError 10061] No connection could be made because the target machine actively refused it'))
[2026-06-20 08:55:27] [ERROR] [qd_client] Login attempt 3 failed: HTTPConnectionPool(host='localhost', port=8888): Max retries exceeded with url: /api/auth/login (Caused by NewConnectionError('<urllib3.connection.HTTPConnection object at 0x00000277D02EEAD0>: Failed to establish a new connection: [WinError 10061] No connection could be made because the target machine actively refused it'))
[2026-06-20 08:55:28] [ERROR] [qd_client] Login attempt 2 failed: HTTPConnectionPool(host='localhost', port=8888): Max retries exceeded with url: /api/auth/login (Caused by NewConnectionError('<urllib3.connection.HTTPConnection object at 0x00000277D02EE250>: Failed to establish a new connection: [WinError 10061] No connection could be made because the target machine actively refused it'))
[2026-06-20 08:55:32] [ERROR] [mt5_watchdog] MT5 check error: Failed to login to QuantDinger
[2026-06-20 08:55:32] [WARNING] [mt5_watchdog] MT5 disconnected! Attempt 33/3
[2026-06-20 08:55:36] [ERROR] [qd_client] Login attempt 1 failed: HTTPConnectionPool(host='localhost', port=8888): Max retries exceeded with url: /api/auth/login (Caused by NewConnectionError('<urllib3.connection.HTTPConnection object at 0x00000277D02EE7A0>: Failed to establish a new connection: [WinError 10061] No connection could be made because the target machine actively refused it'))
[2026-06-20 08:55:37] [ERROR] [qd_client] Login attempt 3 failed: HTTPConnectionPool(host='localhost', port=8888): Max retries exceeded with url: /api/auth/login (Caused by NewConnectionError('<urllib3.connection.HTTPConnection object at 0x00000277D02EEBE0>: Failed to establish a new connection: [WinError 10061] No connection could be made because the target machine actively refused it'))
[2026-06-20 08:55:42] [ERROR] [qd_client] Get positions error: Failed to login to QuantDinger
[2026-06-20 08:55:46] [ERROR] [qd_client] Login attempt 2 failed: HTTPConnectionPool(host='localhost', port=8888): Max retries exceeded with url: /api/auth/login (Caused by NewConnectionError('<urllib3.connection.HTTPConnection object at 0x00000277D02EF460>: Failed to establish a new connection: [WinError 10061] No connection could be made because the target machine actively refused it'))
[2026-06-20 08:55:55] [ERROR] [qd_client] Login attempt 3 failed: HTTPConnectionPool(host='localhost', port=8888): Max retries exceeded with url: /api/auth/login (Caused by NewConnectionError('<urllib3.connection.HTTPConnection object at 0x00000277D02EF020>: Failed to establish a new connection: [WinError 10061] No connection could be made because the target machine actively refused it'))
[2026-06-20 08:56:00] [ERROR] [mt5_watchdog] MT5 reconnect error: Failed to login to QuantDinger
[2026-06-20 08:56:46] [ERROR] [qd_client] Login attempt 1 failed: HTTPConnectionPool(host='localhost', port=8888): Max retries exceeded with url: /api/auth/login (Caused by NewConnectionError('<urllib3.connection.HTTPConnection object at 0x00000277D02EF9B0>: Failed to establish a new connection: [WinError 10061] No connection could be made because the target machine actively refused it'))
[2026-06-20 08:56:55] [ERROR] [qd_client] Login attempt 2 failed: HTTPConnectionPool(host='localhost', port=8888): Max retries exceeded with url: /api/auth/login (Caused by NewConnectionError('<urllib3.connection.HTTPConnection object at 0x00000277D02EF350>: Failed to establish a new connection: [WinError 10061] No connection could be made because the target machine actively refused it'))
[2026-06-20 08:57:04] [ERROR] [qd_client] Login attempt 3 failed: HTTPConnectionPool(host='localhost', port=8888): Max retries exceeded with url: /api/auth/login (Caused by NewConnectionError('<urllib3.connection.HTTPConnection object at 0x00000277D02EFF00>: Failed to establish a new connection: [WinError 10061] No connection could be made because the target machine actively refused it'))
[2026-06-20 08:57:09] [ERROR] [qd_client] Get positions error: Failed to login to QuantDinger
[2026-06-20 08:58:05] [ERROR] [qd_client] Login attempt 1 failed: HTTPConnectionPool(host='localhost', port=8888): Max retries exceeded with url: /api/auth/login (Caused by NewConnectionError('<urllib3.connection.HTTPConnection object at 0x00000277D02EF350>: Failed to establish a new connection: [WinError 10061] No connection could be made because the target machine actively refused it'))
[2026-06-20 08:58:13] [ERROR] [qd_client] Login attempt 1 failed: HTTPConnectionPool(host='localhost', port=8888): Max retries exceeded with url: /api/auth/login (Caused by NewConnectionError('<urllib3.connection.HTTPConnection object at 0x00000277D02EF9B0>: Failed to establish a new connection: [WinError 10061] No connection could be made because the target machine actively refused it'))
[2026-06-20 08:58:14] [ERROR] [qd_client] Login attempt 2 failed: HTTPConnectionPool(host='localhost', port=8888): Max retries exceeded with url: /api/auth/login (Caused by NewConnectionError('<urllib3.connection.HTTPConnection object at 0x00000277D02EF130>: Failed to establish a new connection: [WinError 10061] No connection could be made because the target machine actively refused it'))
[2026-06-20 08:58:22] [ERROR] [qd_client] Login attempt 2 failed: HTTPConnectionPool(host='localhost', port=8888): Max retries exceeded with url: /api/auth/login (Caused by NewConnectionError('<urllib3.connection.HTTPConnection object at 0x00000277D02EF240>: Failed to establish a new connection: [WinError 10061] No connection could be made because the target machine actively refused it'))
[2026-06-20 08:58:23] [ERROR] [qd_client] Login attempt 3 failed: HTTPConnectionPool(host='localhost', port=8888): Max retries exceeded with url: /api/auth/login (Caused by NewConnectionError('<urllib3.connection.HTTPConnection object at 0x00000277D02EF460>: Failed to establish a new connection: [WinError 10061] No connection could be made because the target machine actively refused it'))
[2026-06-20 08:58:28] [ERROR] [mt5_watchdog] MT5 check error: Failed to login to QuantDinger
[2026-06-20 08:58:28] [WARNING] [mt5_watchdog] MT5 disconnected! Attempt 34/3
[2026-06-20 08:58:31] [ERROR] [qd_client] Login attempt 3 failed: HTTPConnectionPool(host='localhost', port=8888): Max retries exceeded with url: /api/auth/login (Caused by NewConnectionError('<urllib3.connection.HTTPConnection object at 0x00000277D02EF570>: Failed to establish a new connection: [WinError 10061] No connection could be made because the target machine actively refused it'))
[2026-06-20 08:58:32] [ERROR] [qd_client] Login attempt 1 failed: HTTPConnectionPool(host='localhost', port=8888): Max retries exceeded with url: /api/auth/login (Caused by NewConnectionError('<urllib3.connection.HTTPConnection object at 0x00000277D02EE7A0>: Failed to establish a new connection: [WinError 10061] No connection could be made because the target machine actively refused it'))
[2026-06-20 08:58:36] [ERROR] [qd_client] Get positions error: Failed to login to QuantDinger
[2026-06-20 08:58:42] [ERROR] [qd_client] Login attempt 2 failed: HTTPConnectionPool(host='localhost', port=8888): Max retries exceeded with url: /api/auth/login (Caused by NewConnectionError('<urllib3.connection.HTTPConnection object at 0x00000277D02EE580>: Failed to establish a new connection: [WinError 10061] No connection could be made because the target machine actively refused it'))
[2026-06-20 08:58:51] [ERROR] [qd_client] Login attempt 3 failed: HTTPConnectionPool(host='localhost', port=8888): Max retries exceeded with url: /api/auth/login (Caused by NewConnectionError('<urllib3.connection.HTTPConnection object at 0x00000277D02EE9C0>: Failed to establish a new connection: [WinError 10061] No connection could be made because the target machine actively refused it'))
[2026-06-20 08:58:56] [ERROR] [mt5_watchdog] MT5 reconnect error: Failed to login to QuantDinger
[2026-06-20 08:59:40] [ERROR] [qd_client] Login attempt 1 failed: HTTPConnectionPool(host='localhost', port=8888): Max retries exceeded with url: /api/auth/login (Caused by NewConnectionError('<urllib3.connection.HTTPConnection object at 0x00000277D02ED370>: Failed to establish a new connection: [WinError 10061] No connection could be made because the target machine actively refused it'))
[2026-06-20 08:59:49] [ERROR] [qd_client] Login attempt 2 failed: HTTPConnectionPool(host='localhost', port=8888): Max retries exceeded with url: /api/auth/login (Caused by NewConnectionError('<urllib3.connection.HTTPConnection object at 0x00000277D02EE690>: Failed to establish a new connection: [WinError 10061] No connection could be made because the target machine actively refused it'))
[2026-06-20 08:59:58] [ERROR] [qd_client] Login attempt 3 failed: HTTPConnectionPool(host='localhost', port=8888): Max retries exceeded with url: /api/auth/login (Caused by NewConnectionError('<urllib3.connection.HTTPConnection object at 0x00000277D02EDE10>: Failed to establish a new connection: [WinError 10061] No connection could be made because the target machine actively refused it'))
[2026-06-20 09:00:03] [ERROR] [qd_client] Get positions error: Failed to login to QuantDinger
[2026-06-20 09:01:01] [ERROR] [qd_client] Login attempt 1 failed: HTTPConnectionPool(host='localhost', port=8888): Max retries exceeded with url: /api/auth/login (Caused by NewConnectionError('<urllib3.connection.HTTPConnection object at 0x00000277D02EDBF0>: Failed to establish a new connection: [WinError 10061] No connection could be made because the target machine actively refused it'))
[2026-06-20 09:01:07] [ERROR] [qd_client] Login attempt 1 failed: HTTPConnectionPool(host='localhost', port=8888): Max retries exceeded with url: /api/auth/login (Caused by NewConnectionError('<urllib3.connection.HTTPConnection object at 0x00000277D02EE030>: Failed to establish a new connection: [WinError 10061] No connection could be made because the target machine actively refused it'))
[2026-06-20 09:01:10] [ERROR] [qd_client] Login attempt 2 failed: HTTPConnectionPool(host='localhost', port=8888): Max retries exceeded with url: /api/auth/login (Caused by NewConnectionError('<urllib3.connection.HTTPConnection object at 0x00000277D02ED6A0>: Failed to establish a new connection: [WinError 10061] No connection could be made because the target machine actively refused it'))
[2026-06-20 09:01:17] [ERROR] [qd_client] Login attempt 2 failed: HTTPConnectionPool(host='localhost', port=8888): Max retries exceeded with url: /api/auth/login (Caused by NewConnectionError('<urllib3.connection.HTTPConnection object at 0x00000277D02EDBF0>: Failed to establish a new connection: [WinError 10061] No connection could be made because the target machine actively refused it'))
[2026-06-20 09:01:19] [ERROR] [qd_client] Login attempt 3 failed: HTTPConnectionPool(host='localhost', port=8888): Max retries exceeded with url: /api/auth/login (Caused by NewConnectionError('<urllib3.connection.HTTPConnection object at 0x00000277D02EDAE0>: Failed to establish a new connection: [WinError 10061] No connection could be made because the target machine actively refused it'))
[2026-06-20 09:01:24] [ERROR] [mt5_watchdog] MT5 check error: Failed to login to QuantDinger
[2026-06-20 09:01:24] [WARNING] [mt5_watchdog] MT5 disconnected! Attempt 35/3
[2026-06-20 09:01:26] [ERROR] [qd_client] Login attempt 3 failed: HTTPConnectionPool(host='localhost', port=8888): Max retries exceeded with url: /api/auth/login (Caused by NewConnectionError('<urllib3.connection.HTTPConnection object at 0x00000277D02EE690>: Failed to establish a new connection: [WinError 10061] No connection could be made because the target machine actively refused it'))
[2026-06-20 09:01:28] [ERROR] [qd_client] Login attempt 1 failed: HTTPConnectionPool(host='localhost', port=8888): Max retries exceeded with url: /api/auth/login (Caused by NewConnectionError('<urllib3.connection.HTTPConnection object at 0x00000277D02EDD00>: Failed to establish a new connection: [WinError 10061] No connection could be made because the target machine actively refused it'))
[2026-06-20 09:01:31] [ERROR] [qd_client] Get positions error: Failed to login to QuantDinger
[2026-06-20 09:01:38] [ERROR] [qd_client] Login attempt 2 failed: HTTPConnectionPool(host='localhost', port=8888): Max retries exceeded with url: /api/auth/login (Caused by NewConnectionError('<urllib3.connection.HTTPConnection object at 0x00000277D02EE360>: Failed to establish a new connection: [WinError 10061] No connection could be made because the target machine actively refused it'))
[2026-06-20 09:01:47] [ERROR] [qd_client] Login attempt 3 failed: HTTPConnectionPool(host='localhost', port=8888): Max retries exceeded with url: /api/auth/login (Caused by NewConnectionError('<urllib3.connection.HTTPConnection object at 0x00000277D02EDF20>: Failed to establish a new connection: [WinError 10061] No connection could be made because the target machine actively refused it'))
[2026-06-20 09:01:52] [ERROR] [mt5_watchdog] MT5 reconnect error: Failed to login to QuantDinger
[2026-06-20 09:02:35] [ERROR] [qd_client] Login attempt 1 failed: HTTPConnectionPool(host='localhost', port=8888): Max retries exceeded with url: /api/auth/login (Caused by NewConnectionError('<urllib3.connection.HTTPConnection object at 0x00000277D02EE7A0>: Failed to establish a new connection: [WinError 10061] No connection could be made because the target machine actively refused it'))
[2026-06-20 09:02:44] [ERROR] [qd_client] Login attempt 2 failed: HTTPConnectionPool(host='localhost', port=8888): Max retries exceeded with url: /api/auth/login (Caused by NewConnectionError('<urllib3.connection.HTTPConnection object at 0x00000277D02EF570>: Failed to establish a new connection: [WinError 10061] No connection could be made because the target machine actively refused it'))
[2026-06-20 09:02:53] [ERROR] [qd_client] Login attempt 3 failed: HTTPConnectionPool(host='localhost', port=8888): Max retries exceeded with url: /api/auth/login (Caused by NewConnectionError('<urllib3.connection.HTTPConnection object at 0x00000277D02EF460>: Failed to establish a new connection: [WinError 10061] No connection could be made because the target machine actively refused it'))
[2026-06-20 09:02:58] [ERROR] [qd_client] Get positions error: Failed to login to QuantDinger
[2026-06-20 09:03:57] [ERROR] [qd_client] Login attempt 1 failed: HTTPConnectionPool(host='localhost', port=8888): Max retries exceeded with url: /api/auth/login (Caused by NewConnectionError('<urllib3.connection.HTTPConnection object at 0x00000277D02EF240>: Failed to establish a new connection: [WinError 10061] No connection could be made because the target machine actively refused it'))
[2026-06-20 09:04:02] [ERROR] [qd_client] Login attempt 1 failed: HTTPConnectionPool(host='localhost', port=8888): Max retries exceeded with url: /api/auth/login (Caused by NewConnectionError('<urllib3.connection.HTTPConnection object at 0x00000277D02EF130>: Failed to establish a new connection: [WinError 10061] No connection could be made because the target machine actively refused it'))
[2026-06-20 09:04:06] [ERROR] [qd_client] Login attempt 2 failed: HTTPConnectionPool(host='localhost', port=8888): Max retries exceeded with url: /api/auth/login (Caused by NewConnectionError('<urllib3.connection.HTTPConnection object at 0x00000277D02EF9B0>: Failed to establish a new connection: [WinError 10061] No connection could be made because the target machine actively refused it'))
[2026-06-20 09:04:11] [ERROR] [qd_client] Login attempt 2 failed: HTTPConnectionPool(host='localhost', port=8888): Max retries exceeded with url: /api/auth/login (Caused by NewConnectionError('<urllib3.connection.HTTPConnection object at 0x00000277D02EF350>: Failed to establish a new connection: [WinError 10061] No connection could be made because the target machine actively refused it'))
[2026-06-20 09:04:15] [ERROR] [qd_client] Login attempt 3 failed: HTTPConnectionPool(host='localhost', port=8888): Max retries exceeded with url: /api/auth/login (Caused by NewConnectionError('<urllib3.connection.HTTPConnection object at 0x00000277D02ED480>: Failed to establish a new connection: [WinError 10061] No connection could be made because the target machine actively refused it'))
[2026-06-20 09:04:20] [ERROR] [qd_client] Login attempt 3 failed: HTTPConnectionPool(host='localhost', port=8888): Max retries exceeded with url: /api/auth/login (Caused by NewConnectionError('<urllib3.connection.HTTPConnection object at 0x00000277D02EFDF0>: Failed to establish a new connection: [WinError 10061] No connection could be made because the target machine actively refused it'))
[2026-06-20 09:04:20] [ERROR] [mt5_watchdog] MT5 check error: Failed to login to QuantDinger
[2026-06-20 09:04:20] [WARNING] [mt5_watchdog] MT5 disconnected! Attempt 36/3
[2026-06-20 09:04:24] [ERROR] [qd_client] Login attempt 1 failed: HTTPConnectionPool(host='localhost', port=8888): Max retries exceeded with url: /api/auth/login (Caused by NewConnectionError('<urllib3.connection.HTTPConnection object at 0x00000277D02ED480>: Failed to establish a new connection: [WinError 10061] No connection could be made because the target machine actively refused it'))
[2026-06-20 09:04:25] [ERROR] [qd_client] Get positions error: Failed to login to QuantDinger
[2026-06-20 09:04:34] [ERROR] [qd_client] Login attempt 2 failed: HTTPConnectionPool(host='localhost', port=8888): Max retries exceeded with url: /api/auth/login (Caused by NewConnectionError('<urllib3.connection.HTTPConnection object at 0x00000277D02EF350>: Failed to establish a new connection: [WinError 10061] No connection could be made because the target machine actively refused it'))
[2026-06-20 09:04:43] [ERROR] [qd_client] Login attempt 3 failed: HTTPConnectionPool(host='localhost', port=8888): Max retries exceeded with url: /api/auth/login (Caused by NewConnectionError('<urllib3.connection.HTTPConnection object at 0x00000277D02EF9B0>: Failed to establish a new connection: [WinError 10061] No connection could be made because the target machine actively refused it'))
[2026-06-20 09:04:48] [ERROR] [mt5_watchdog] MT5 reconnect error: Failed to login to QuantDinger
[2026-06-20 09:05:29] [ERROR] [qd_client] Login attempt 1 failed: HTTPConnectionPool(host='localhost', port=8888): Max retries exceeded with url: /api/auth/login (Caused by NewConnectionError('<urllib3.connection.HTTPConnection object at 0x00000277D02EF020>: Failed to establish a new connection: [WinError 10061] No connection could be made because the target machine actively refused it'))
[2026-06-20 09:05:38] [ERROR] [qd_client] Login attempt 2 failed: HTTPConnectionPool(host='localhost', port=8888): Max retries exceeded with url: /api/auth/login (Caused by NewConnectionError('<urllib3.connection.HTTPConnection object at 0x00000277D02EEF10>: Failed to establish a new connection: [WinError 10061] No connection could be made because the target machine actively refused it'))
[2026-06-20 09:05:47] [ERROR] [qd_client] Login attempt 3 failed: HTTPConnectionPool(host='localhost', port=8888): Max retries exceeded with url: /api/auth/login (Caused by NewConnectionError('<urllib3.connection.HTTPConnection object at 0x00000277D02EEBE0>: Failed to establish a new connection: [WinError 10061] No connection could be made because the target machine actively refused it'))
[2026-06-20 09:05:52] [ERROR] [qd_client] Get positions error: Failed to login to QuantDinger
[2026-06-20 09:06:53] [ERROR] [qd_client] Login attempt 1 failed: HTTPConnectionPool(host='localhost', port=8888): Max retries exceeded with url: /api/auth/login (Caused by NewConnectionError('<urllib3.connection.HTTPConnection object at 0x00000277D02EE8B0>: Failed to establish a new connection: [WinError 10061] No connection could be made because the target machine actively refused it'))
[2026-06-20 09:06:56] [ERROR] [qd_client] Login attempt 1 failed: HTTPConnectionPool(host='localhost', port=8888): Max retries exceeded with url: /api/auth/login (Caused by NewConnectionError('<urllib3.connection.HTTPConnection object at 0x00000277D02EE7A0>: Failed to establish a new connection: [WinError 10061] No connection could be made because the target machine actively refused it'))
[2026-06-20 09:07:02] [ERROR] [qd_client] Login attempt 2 failed: HTTPConnectionPool(host='localhost', port=8888): Max retries exceeded with url: /api/auth/login (Caused by NewConnectionError('<urllib3.connection.HTTPConnection object at 0x00000277D02EDF20>: Failed to establish a new connection: [WinError 10061] No connection could be made because the target machine actively refused it'))
[2026-06-20 09:07:05] [ERROR] [qd_client] Login attempt 2 failed: HTTPConnectionPool(host='localhost', port=8888): Max retries exceeded with url: /api/auth/login (Caused by NewConnectionError('<urllib3.connection.HTTPConnection object at 0x00000277D02EE580>: Failed to establish a new connection: [WinError 10061] No connection could be made because the target machine actively refused it'))
[2026-06-20 09:07:11] [ERROR] [qd_client] Login attempt 3 failed: HTTPConnectionPool(host='localhost', port=8888): Max retries exceeded with url: /api/auth/login (Caused by NewConnectionError('<urllib3.connection.HTTPConnection object at 0x00000277D02EDD00>: Failed to establish a new connection: [WinError 10061] No connection could be made because the target machine actively refused it'))
[2026-06-20 09:07:15] [ERROR] [qd_client] Login attempt 3 failed: HTTPConnectionPool(host='localhost', port=8888): Max retries exceeded with url: /api/auth/login (Caused by NewConnectionError('<urllib3.connection.HTTPConnection object at 0x00000277D02EE470>: Failed to establish a new connection: [WinError 10061] No connection could be made because the target machine actively refused it'))
[2026-06-20 09:07:16] [ERROR] [mt5_watchdog] MT5 check error: Failed to login to QuantDinger
[2026-06-20 09:07:16] [WARNING] [mt5_watchdog] MT5 disconnected! Attempt 37/3
[2026-06-20 09:07:20] [ERROR] [qd_client] Get positions error: Failed to login to QuantDinger
[2026-06-20 09:07:20] [ERROR] [qd_client] Login attempt 1 failed: HTTPConnectionPool(host='localhost', port=8888): Max retries exceeded with url: /api/auth/login (Caused by NewConnectionError('<urllib3.connection.HTTPConnection object at 0x00000277D02EDAE0>: Failed to establish a new connection: [WinError 10061] No connection could be made because the target machine actively refused it'))
[2026-06-20 09:07:30] [ERROR] [qd_client] Login attempt 2 failed: HTTPConnectionPool(host='localhost', port=8888): Max retries exceeded with url: /api/auth/login (Caused by NewConnectionError('<urllib3.connection.HTTPConnection object at 0x00000277D02EDBF0>: Failed to establish a new connection: [WinError 10061] No connection could be made because the target machine actively refused it'))
[2026-06-20 09:07:39] [ERROR] [qd_client] Login attempt 3 failed: HTTPConnectionPool(host='localhost', port=8888): Max retries exceeded with url: /api/auth/login (Caused by NewConnectionError('<urllib3.connection.HTTPConnection object at 0x00000277D0580490>: Failed to establish a new connection: [WinError 10061] No connection could be made because the target machine actively refused it'))
[2026-06-20 09:07:44] [ERROR] [mt5_watchdog] MT5 reconnect error: Failed to login to QuantDinger
[2026-06-20 09:07:48] [ERROR] [qd_client] Login attempt 1 failed: HTTPConnectionPool(host='localhost', port=8888): Max retries exceeded with url: /api/auth/login (Caused by NewConnectionError('<urllib3.connection.HTTPConnection object at 0x00000277D05808D0>: Failed to establish a new connection: [WinError 10061] No connection could be made because the target machine actively refused it'))
[2026-06-20 09:07:57] [ERROR] [qd_client] Login attempt 2 failed: HTTPConnectionPool(host='localhost', port=8888): Max retries exceeded with url: /api/auth/login (Caused by NewConnectionError('<urllib3.connection.HTTPConnection object at 0x00000277D02EDE10>: Failed to establish a new connection: [WinError 10061] No connection could be made because the target machine actively refused it'))
[2026-06-20 09:08:06] [ERROR] [qd_client] Login attempt 3 failed: HTTPConnectionPool(host='localhost', port=8888): Max retries exceeded with url: /api/auth/login (Caused by NewConnectionError('<urllib3.connection.HTTPConnection object at 0x00000277D02EC9E0>: Failed to establish a new connection: [WinError 10061] No connection could be made because the target machine actively refused it'))
[2026-06-20 09:08:11] [ERROR] [qd_client] Get positions error: Failed to login to QuantDinger
[2026-06-20 09:08:24] [ERROR] [qd_client] Login attempt 1 failed: HTTPConnectionPool(host='localhost', port=8888): Max retries exceeded with url: /api/auth/login (Caused by NewConnectionError('<urllib3.connection.HTTPConnection object at 0x00000277D02ED370>: Failed to establish a new connection: [WinError 10061] No connection could be made because the target machine actively refused it'))
[2026-06-20 09:08:24] [INFO] [main] ==================================================
[2026-06-20 09:08:24] [INFO] [main] Cycle 4 at 09:08:24
[2026-06-20 09:08:28] [ERROR] [qd_client] Login attempt 1 failed: HTTPConnectionPool(host='localhost', port=8888): Max retries exceeded with url: /api/auth/login (Caused by NewConnectionError('<urllib3.connection.HTTPConnection object at 0x00000277D02EE690>: Failed to establish a new connection: [WinError 10061] No connection could be made because the target machine actively refused it'))
[2026-06-20 09:08:33] [ERROR] [qd_client] Login attempt 2 failed: HTTPConnectionPool(host='localhost', port=8888): Max retries exceeded with url: /api/auth/login (Caused by NewConnectionError('<urllib3.connection.HTTPConnection object at 0x00000277D02EE9C0>: Failed to establish a new connection: [WinError 10061] No connection could be made because the target machine actively refused it'))
[2026-06-20 09:08:38] [ERROR] [qd_client] Login attempt 2 failed: HTTPConnectionPool(host='localhost', port=8888): Max retries exceeded with url: /api/auth/login (Caused by NewConnectionError('<urllib3.connection.HTTPConnection object at 0x00000277D02EE360>: Failed to establish a new connection: [WinError 10061] No connection could be made because the target machine actively refused it'))
[2026-06-20 09:08:42] [ERROR] [qd_client] Login attempt 3 failed: HTTPConnectionPool(host='localhost', port=8888): Max retries exceeded with url: /api/auth/login (Caused by NewConnectionError('<urllib3.connection.HTTPConnection object at 0x00000277D02EEAD0>: Failed to establish a new connection: [WinError 10061] No connection could be made because the target machine actively refused it'))
[2026-06-20 09:08:47] [ERROR] [qd_client] Login attempt 3 failed: HTTPConnectionPool(host='localhost', port=8888): Max retries exceeded with url: /api/auth/login (Caused by NewConnectionError('<urllib3.connection.HTTPConnection object at 0x00000277D02EE250>: Failed to establish a new connection: [WinError 10061] No connection could be made because the target machine actively refused it'))
[2026-06-20 09:08:47] [ERROR] [qd_client] Get positions error: Failed to login to QuantDinger
[2026-06-20 09:08:52] [WARNING] [main] MT5 disconnected, reconnecting...
[2026-06-20 09:08:56] [ERROR] [qd_client] Login attempt 1 failed: HTTPConnectionPool(host='localhost', port=8888): Max retries exceeded with url: /api/auth/login (Caused by NewConnectionError('<urllib3.connection.HTTPConnection object at 0x00000277D02EF570>: Failed to establish a new connection: [WinError 10061] No connection could be made because the target machine actively refused it'))
[2026-06-20 09:09:05] [ERROR] [qd_client] Login attempt 2 failed: HTTPConnectionPool(host='localhost', port=8888): Max retries exceeded with url: /api/auth/login (Caused by NewConnectionError('<urllib3.connection.HTTPConnection object at 0x00000277D02EF460>: Failed to establish a new connection: [WinError 10061] No connection could be made because the target machine actively refused it'))
[2026-06-20 09:09:14] [ERROR] [qd_client] Login attempt 3 failed: HTTPConnectionPool(host='localhost', port=8888): Max retries exceeded with url: /api/auth/login (Caused by NewConnectionError('<urllib3.connection.HTTPConnection object at 0x00000277D02EF240>: Failed to establish a new connection: [WinError 10061] No connection could be made because the target machine actively refused it'))
[2026-06-20 09:09:19] [ERROR] [qd_client] MT5 connect attempt 1: Failed to login to QuantDinger
[2026-06-20 09:09:28] [ERROR] [qd_client] Login attempt 1 failed: HTTPConnectionPool(host='localhost', port=8888): Max retries exceeded with url: /api/auth/login (Caused by NewConnectionError('<urllib3.connection.HTTPConnection object at 0x00000277D02EECF0>: Failed to establish a new connection: [WinError 10061] No connection could be made because the target machine actively refused it'))
[2026-06-20 09:09:37] [ERROR] [qd_client] Login attempt 2 failed: HTTPConnectionPool(host='localhost', port=8888): Max retries exceeded with url: /api/auth/login (Caused by NewConnectionError('<urllib3.connection.HTTPConnection object at 0x00000277D02EFBD0>: Failed to establish a new connection: [WinError 10061] No connection could be made because the target machine actively refused it'))
[2026-06-20 09:09:46] [ERROR] [qd_client] Login attempt 3 failed: HTTPConnectionPool(host='localhost', port=8888): Max retries exceeded with url: /api/auth/login (Caused by NewConnectionError('<urllib3.connection.HTTPConnection object at 0x00000277D02EF8A0>: Failed to establish a new connection: [WinError 10061] No connection could be made because the target machine actively refused it'))
[2026-06-20 09:09:49] [ERROR] [qd_client] Login attempt 1 failed: HTTPConnectionPool(host='localhost', port=8888): Max retries exceeded with url: /api/auth/login (Caused by NewConnectionError('<urllib3.connection.HTTPConnection object at 0x00000277D05807C0>: Failed to establish a new connection: [WinError 10061] No connection could be made because the target machine actively refused it'))
[2026-06-20 09:09:51] [ERROR] [qd_client] Login attempt 1 failed: HTTPConnectionPool(host='localhost', port=8888): Max retries exceeded with url: /api/auth/login (Caused by NewConnectionError('<urllib3.connection.HTTPConnection object at 0x00000277D05806B0>: Failed to establish a new connection: [WinError 10061] No connection could be made because the target machine actively refused it'))
[2026-06-20 09:09:51] [ERROR] [qd_client] MT5 connect attempt 2: Failed to login to QuantDinger
[2026-06-20 09:09:58] [ERROR] [qd_client] Login attempt 2 failed: HTTPConnectionPool(host='localhost', port=8888): Max retries exceeded with url: /api/auth/login (Caused by NewConnectionError('<urllib3.connection.HTTPConnection object at 0x00000277D02ED480>: Failed to establish a new connection: [WinError 10061] No connection could be made because the target machine actively refused it'))
[2026-06-20 09:10:00] [ERROR] [qd_client] Login attempt 2 failed: HTTPConnectionPool(host='localhost', port=8888): Max retries exceeded with url: /api/auth/login (Caused by NewConnectionError('<urllib3.connection.HTTPConnection object at 0x00000277D02EECF0>: Failed to establish a new connection: [WinError 10061] No connection could be made because the target machine actively refused it'))
[2026-06-20 09:10:00] [ERROR] [qd_client] Login attempt 1 failed: HTTPConnectionPool(host='localhost', port=8888): Max retries exceeded with url: /api/auth/login (Caused by NewConnectionError('<urllib3.connection.HTTPConnection object at 0x00000277D02EF350>: Failed to establish a new connection: [WinError 10061] No connection could be made because the target machine actively refused it'))
[2026-06-20 09:10:07] [ERROR] [qd_client] Login attempt 3 failed: HTTPConnectionPool(host='localhost', port=8888): Max retries exceeded with url: /api/auth/login (Caused by NewConnectionError('<urllib3.connection.HTTPConnection object at 0x00000277D02EF020>: Failed to establish a new connection: [WinError 10061] No connection could be made because the target machine actively refused it'))
[2026-06-20 09:10:09] [ERROR] [qd_client] Login attempt 3 failed: HTTPConnectionPool(host='localhost', port=8888): Max retries exceeded with url: /api/auth/login (Caused by NewConnectionError('<urllib3.connection.HTTPConnection object at 0x00000277D02EF570>: Failed to establish a new connection: [WinError 10061] No connection could be made because the target machine actively refused it'))
[2026-06-20 09:10:09] [ERROR] [qd_client] Login attempt 2 failed: HTTPConnectionPool(host='localhost', port=8888): Max retries exceeded with url: /api/auth/login (Caused by NewConnectionError('<urllib3.connection.HTTPConnection object at 0x00000277D02EEF10>: Failed to establish a new connection: [WinError 10061] No connection could be made because the target machine actively refused it'))
[2026-06-20 09:10:12] [ERROR] [mt5_watchdog] MT5 check error: Failed to login to QuantDinger
[2026-06-20 09:10:12] [WARNING] [mt5_watchdog] MT5 disconnected! Attempt 38/3
[2026-06-20 09:10:14] [ERROR] [qd_client] Get positions error: Failed to login to QuantDinger
[2026-06-20 09:10:16] [ERROR] [qd_client] Login attempt 1 failed: HTTPConnectionPool(host='localhost', port=8888): Max retries exceeded with url: /api/auth/login (Caused by NewConnectionError('<urllib3.connection.HTTPConnection object at 0x00000277D02EE8B0>: Failed to establish a new connection: [WinError 10061] No connection could be made because the target machine actively refused it'))
[2026-06-20 09:10:18] [ERROR] [qd_client] Login attempt 3 failed: HTTPConnectionPool(host='localhost', port=8888): Max retries exceeded with url: /api/auth/login (Caused by NewConnectionError('<urllib3.connection.HTTPConnection object at 0x00000277D02EE360>: Failed to establish a new connection: [WinError 10061] No connection could be made because the target machine actively refused it'))
[2026-06-20 09:10:23] [ERROR] [qd_client] MT5 connect attempt 3: Failed to login to QuantDinger
[2026-06-20 09:10:25] [ERROR] [qd_client] Login attempt 2 failed: HTTPConnectionPool(host='localhost', port=8888): Max retries exceeded with url: /api/auth/login (Caused by NewConnectionError('<urllib3.connection.HTTPConnection object at 0x00000277D02EDF20>: Failed to establish a new connection: [WinError 10061] No connection could be made because the target machine actively refused it'))
[2026-06-20 09:10:28] [WARNING] [main] MT5 still disconnected
[2026-06-20 09:10:28] [INFO] [main] Sleeping 1800s...
[2026-06-20 09:10:35] [ERROR] [qd_client] Login attempt 3 failed: HTTPConnectionPool(host='localhost', port=8888): Max retries exceeded with url: /api/auth/login (Caused by NewConnectionError('<urllib3.connection.HTTPConnection object at 0x00000277D02EE580>: Failed to establish a new connection: [WinError 10061] No connection could be made because the target machine actively refused it'))
[2026-06-20 09:10:40] [ERROR] [mt5_watchdog] MT5 reconnect error: Failed to login to QuantDinger
[2026-06-20 09:11:18] [ERROR] [qd_client] Login attempt 1 failed: HTTPConnectionPool(host='localhost', port=8888): Max retries exceeded with url: /api/auth/login (Caused by NewConnectionError('<urllib3.connection.HTTPConnection object at 0x00000277D02EC9E0>: Failed to establish a new connection: [WinError 10061] No connection could be made because the target machine actively refused it'))
[2026-06-20 09:11:27] [ERROR] [qd_client] Login attempt 2 failed: HTTPConnectionPool(host='localhost', port=8888): Max retries exceeded with url: /api/auth/login (Caused by NewConnectionError('<urllib3.connection.HTTPConnection object at 0x00000277D02EDE10>: Failed to establish a new connection: [WinError 10061] No connection could be made because the target machine actively refused it'))
[2026-06-20 09:11:36] [ERROR] [qd_client] Login attempt 3 failed: HTTPConnectionPool(host='localhost', port=8888): Max retries exceeded with url: /api/auth/login (Caused by NewConnectionError('<urllib3.connection.HTTPConnection object at 0x00000277D02EDBF0>: Failed to establish a new connection: [WinError 10061] No connection could be made because the target machine actively refused it'))
[2026-06-20 09:11:41] [ERROR] [qd_client] Get positions error: Failed to login to QuantDinger
[2026-06-20 09:12:45] [ERROR] [qd_client] Login attempt 1 failed: HTTPConnectionPool(host='localhost', port=8888): Max retries exceeded with url: /api/auth/login (Caused by NewConnectionError('<urllib3.connection.HTTPConnection object at 0x00000277D0580AF0>: Failed to establish a new connection: [WinError 10061] No connection could be made because the target machine actively refused it'))
[2026-06-20 09:12:45] [ERROR] [qd_client] Login attempt 1 failed: HTTPConnectionPool(host='localhost', port=8888): Max retries exceeded with url: /api/auth/login (Caused by NewConnectionError('<urllib3.connection.HTTPConnection object at 0x00000277D0580C00>: Failed to establish a new connection: [WinError 10061] No connection could be made because the target machine actively refused it'))
[2026-06-20 09:12:54] [ERROR] [qd_client] Login attempt 2 failed: HTTPConnectionPool(host='localhost', port=8888): Max retries exceeded with url: /api/auth/login (Caused by NewConnectionError('<urllib3.connection.HTTPConnection object at 0x00000277D0580F30>: Failed to establish a new connection: [WinError 10061] No connection could be made because the target machine actively refused it'))
[2026-06-20 09:12:54] [ERROR] [qd_client] Login attempt 2 failed: HTTPConnectionPool(host='localhost', port=8888): Max retries exceeded with url: /api/auth/login (Caused by NewConnectionError('<urllib3.connection.HTTPConnection object at 0x00000277D02EDBF0>: Failed to establish a new connection: [WinError 10061] No connection could be made because the target machine actively refused it'))
[2026-06-20 09:13:03] [ERROR] [qd_client] Login attempt 3 failed: HTTPConnectionPool(host='localhost', port=8888): Max retries exceeded with url: /api/auth/login (Caused by NewConnectionError('<urllib3.connection.HTTPConnection object at 0x00000277D02EC9E0>: Failed to establish a new connection: [WinError 10061] No connection could be made because the target machine actively refused it'))
[2026-06-20 09:13:04] [ERROR] [qd_client] Login attempt 3 failed: HTTPConnectionPool(host='localhost', port=8888): Max retries exceeded with url: /api/auth/login (Caused by NewConnectionError('<urllib3.connection.HTTPConnection object at 0x00000277D02EE470>: Failed to establish a new connection: [WinError 10061] No connection could be made because the target machine actively refused it'))
[2026-06-20 09:13:08] [ERROR] [mt5_watchdog] MT5 check error: Failed to login to QuantDinger
[2026-06-20 09:13:08] [WARNING] [mt5_watchdog] MT5 disconnected! Attempt 39/3
[2026-06-20 09:13:09] [ERROR] [qd_client] Get positions error: Failed to login to QuantDinger
[2026-06-20 09:13:12] [ERROR] [qd_client] Login attempt 1 failed: HTTPConnectionPool(host='localhost', port=8888): Max retries exceeded with url: /api/auth/login (Caused by NewConnectionError('<urllib3.connection.HTTPConnection object at 0x00000277D02ED370>: Failed to establish a new connection: [WinError 10061] No connection could be made because the target machine actively refused it'))
[2026-06-20 09:13:21] [ERROR] [qd_client] Login attempt 2 failed: HTTPConnectionPool(host='localhost', port=8888): Max retries exceeded with url: /api/auth/login (Caused by NewConnectionError('<urllib3.connection.HTTPConnection object at 0x00000277D02EE690>: Failed to establish a new connection: [WinError 10061] No connection could be made because the target machine actively refused it'))
[2026-06-20 09:13:30] [ERROR] [qd_client] Login attempt 3 failed: HTTPConnectionPool(host='localhost', port=8888): Max retries exceeded with url: /api/auth/login (Caused by NewConnectionError('<urllib3.connection.HTTPConnection object at 0x00000277D02EE360>: Failed to establish a new connection: [WinError 10061] No connection could be made because the target machine actively refused it'))
[2026-06-20 09:13:35] [ERROR] [mt5_watchdog] MT5 reconnect error: Failed to login to QuantDinger
[2026-06-20 09:14:13] [ERROR] [qd_client] Login attempt 1 failed: HTTPConnectionPool(host='localhost', port=8888): Max retries exceeded with url: /api/auth/login (Caused by NewConnectionError('<urllib3.connection.HTTPConnection object at 0x00000277D02EE7A0>: Failed to establish a new connection: [WinError 10061] No connection could be made because the target machine actively refused it'))
[2026-06-20 09:14:22] [ERROR] [qd_client] Login attempt 2 failed: HTTPConnectionPool(host='localhost', port=8888): Max retries exceeded with url: /api/auth/login (Caused by NewConnectionError('<urllib3.connection.HTTPConnection object at 0x00000277D02EEAD0>: Failed to establish a new connection: [WinError 10061] No connection could be made because the target machine actively refused it'))
[2026-06-20 09:14:31] [ERROR] [qd_client] Login attempt 3 failed: HTTPConnectionPool(host='localhost', port=8888): Max retries exceeded with url: /api/auth/login (Caused by NewConnectionError('<urllib3.connection.HTTPConnection object at 0x00000277D02EEBE0>: Failed to establish a new connection: [WinError 10061] No connection could be made because the target machine actively refused it'))
[2026-06-20 09:14:36] [ERROR] [qd_client] Get positions error: Failed to login to QuantDinger
[2026-06-20 09:15:40] [ERROR] [qd_client] Login attempt 1 failed: HTTPConnectionPool(host='localhost', port=8888): Max retries exceeded with url: /api/auth/login (Caused by NewConnectionError('<urllib3.connection.HTTPConnection object at 0x00000277D02EE250>: Failed to establish a new connection: [WinError 10061] No connection could be made because the target machine actively refused it'))
[2026-06-20 09:15:41] [ERROR] [qd_client] Login attempt 1 failed: HTTPConnectionPool(host='localhost', port=8888): Max retries exceeded with url: /api/auth/login (Caused by NewConnectionError('<urllib3.connection.HTTPConnection object at 0x00000277D02EF350>: Failed to establish a new connection: [WinError 10061] No connection could be made because the target machine actively refused it'))
[2026-06-20 09:15:49] [ERROR] [qd_client] Login attempt 2 failed: HTTPConnectionPool(host='localhost', port=8888): Max retries exceeded with url: /api/auth/login (Caused by NewConnectionError('<urllib3.connection.HTTPConnection object at 0x00000277D02EF130>: Failed to establish a new connection: [WinError 10061] No connection could be made because the target machine actively refused it'))
[2026-06-20 09:15:50] [ERROR] [qd_client] Login attempt 2 failed: HTTPConnectionPool(host='localhost', port=8888): Max retries exceeded with url: /api/auth/login (Caused by NewConnectionError('<urllib3.connection.HTTPConnection object at 0x00000277D02ED480>: Failed to establish a new connection: [WinError 10061] No connection could be made because the target machine actively refused it'))
[2026-06-20 09:15:58] [ERROR] [qd_client] Login attempt 3 failed: HTTPConnectionPool(host='localhost', port=8888): Max retries exceeded with url: /api/auth/login (Caused by NewConnectionError('<urllib3.connection.HTTPConnection object at 0x00000277D02EF8A0>: Failed to establish a new connection: [WinError 10061] No connection could be made because the target machine actively refused it'))
[2026-06-20 09:15:59] [ERROR] [qd_client] Login attempt 3 failed: HTTPConnectionPool(host='localhost', port=8888): Max retries exceeded with url: /api/auth/login (Caused by NewConnectionError('<urllib3.connection.HTTPConnection object at 0x00000277D02EFDF0>: Failed to establish a new connection: [WinError 10061] No connection could be made because the target machine actively refused it'))
[2026-06-20 09:16:03] [ERROR] [qd_client] Get positions error: Failed to login to QuantDinger
[2026-06-20 09:16:04] [ERROR] [mt5_watchdog] MT5 check error: Failed to login to QuantDinger
[2026-06-20 09:16:04] [WARNING] [mt5_watchdog] MT5 disconnected! Attempt 40/3
[2026-06-20 09:16:08] [ERROR] [qd_client] Login attempt 1 failed: HTTPConnectionPool(host='localhost', port=8888): Max retries exceeded with url: /api/auth/login (Caused by NewConnectionError('<urllib3.connection.HTTPConnection object at 0x00000277D02EE140>: Failed to establish a new connection: [WinError 10061] No connection could be made because the target machine actively refused it'))
[2026-06-20 09:16:17] [ERROR] [qd_client] Login attempt 2 failed: HTTPConnectionPool(host='localhost', port=8888): Max retries exceeded with url: /api/auth/login (Caused by NewConnectionError('<urllib3.connection.HTTPConnection object at 0x00000277D02EFDF0>: Failed to establish a new connection: [WinError 10061] No connection could be made because the target machine actively refused it'))
[2026-06-20 09:16:27] [ERROR] [qd_client] Login attempt 3 failed: HTTPConnectionPool(host='localhost', port=8888): Max retries exceeded with url: /api/auth/login (Caused by NewConnectionError('<urllib3.connection.HTTPConnection object at 0x00000277D02EF8A0>: Failed to establish a new connection: [WinError 10061] No connection could be made because the target machine actively refused it'))
[2026-06-20 09:16:32] [ERROR] [mt5_watchdog] MT5 reconnect error: Failed to login to QuantDinger
[2026-06-20 09:17:07] [ERROR] [qd_client] Login attempt 1 failed: HTTPConnectionPool(host='localhost', port=8888): Max retries exceeded with url: /api/auth/login (Caused by NewConnectionError('<urllib3.connection.HTTPConnection object at 0x00000277D02EFBD0>: Failed to establish a new connection: [WinError 10061] No connection could be made because the target machine actively refused it'))
[2026-06-20 09:17:16] [ERROR] [qd_client] Login attempt 2 failed: HTTPConnectionPool(host='localhost', port=8888): Max retries exceeded with url: /api/auth/login (Caused by NewConnectionError('<urllib3.connection.HTTPConnection object at 0x00000277D02EF240>: Failed to establish a new connection: [WinError 10061] No connection could be made because the target machine actively refused it'))
[2026-06-20 09:17:25] [ERROR] [qd_client] Login attempt 3 failed: HTTPConnectionPool(host='localhost', port=8888): Max retries exceeded with url: /api/auth/login (Caused by NewConnectionError('<urllib3.connection.HTTPConnection object at 0x00000277D02EECF0>: Failed to establish a new connection: [WinError 10061] No connection could be made because the target machine actively refused it'))
[2026-06-20 09:17:30] [ERROR] [qd_client] Get positions error: Failed to login to QuantDinger
[2026-06-20 09:18:34] [ERROR] [qd_client] Login attempt 1 failed: HTTPConnectionPool(host='localhost', port=8888): Max retries exceeded with url: /api/auth/login (Caused by NewConnectionError('<urllib3.connection.HTTPConnection object at 0x00000277D02EF460>: Failed to establish a new connection: [WinError 10061] No connection could be made because the target machine actively refused it'))
[2026-06-20 09:18:37] [ERROR] [qd_client] Login attempt 1 failed: HTTPConnectionPool(host='localhost', port=8888): Max retries exceeded with url: /api/auth/login (Caused by NewConnectionError('<urllib3.connection.HTTPConnection object at 0x00000277D02EEBE0>: Failed to establish a new connection: [WinError 10061] No connection could be made because the target machine actively refused it'))
[2026-06-20 09:18:43] [ERROR] [qd_client] Login attempt 2 failed: HTTPConnectionPool(host='localhost', port=8888): Max retries exceeded with url: /api/auth/login (Caused by NewConnectionError('<urllib3.connection.HTTPConnection object at 0x00000277D02EF570>: Failed to establish a new connection: [WinError 10061] No connection could be made because the target machine actively refused it'))
[2026-06-20 09:18:46] [ERROR] [qd_client] Login attempt 2 failed: HTTPConnectionPool(host='localhost', port=8888): Max retries exceeded with url: /api/auth/login (Caused by NewConnectionError('<urllib3.connection.HTTPConnection object at 0x00000277D02EE7A0>: Failed to establish a new connection: [WinError 10061] No connection could be made because the target machine actively refused it'))
[2026-06-20 09:18:52] [ERROR] [qd_client] Login attempt 3 failed: HTTPConnectionPool(host='localhost', port=8888): Max retries exceeded with url: /api/auth/login (Caused by NewConnectionError('<urllib3.connection.HTTPConnection object at 0x00000277D02EE360>: Failed to establish a new connection: [WinError 10061] No connection could be made because the target machine actively refused it'))
[2026-06-20 09:18:55] [ERROR] [qd_client] Login attempt 3 failed: HTTPConnectionPool(host='localhost', port=8888): Max retries exceeded with url: /api/auth/login (Caused by NewConnectionError('<urllib3.connection.HTTPConnection object at 0x00000277D02EE9C0>: Failed to establish a new connection: [WinError 10061] No connection could be made because the target machine actively refused it'))
[2026-06-20 09:18:57] [ERROR] [qd_client] Get positions error: Failed to login to QuantDinger
[2026-06-20 09:19:00] [ERROR] [mt5_watchdog] MT5 check error: Failed to login to QuantDinger
[2026-06-20 09:19:00] [WARNING] [mt5_watchdog] MT5 disconnected! Attempt 41/3
[2026-06-20 09:19:04] [ERROR] [qd_client] Login attempt 1 failed: HTTPConnectionPool(host='localhost', port=8888): Max retries exceeded with url: /api/auth/login (Caused by NewConnectionError('<urllib3.connection.HTTPConnection object at 0x00000277D02ED370>: Failed to establish a new connection: [WinError 10061] No connection could be made because the target machine actively refused it'))
[2026-06-20 09:19:13] [ERROR] [qd_client] Login attempt 2 failed: HTTPConnectionPool(host='localhost', port=8888): Max retries exceeded with url: /api/auth/login (Caused by NewConnectionError('<urllib3.connection.HTTPConnection object at 0x00000277D02ED370>: Failed to establish a new connection: [WinError 10061] No connection could be made because the target machine actively refused it'))
[2026-06-20 09:19:22] [ERROR] [qd_client] Login attempt 3 failed: HTTPConnectionPool(host='localhost', port=8888): Max retries exceeded with url: /api/auth/login (Caused by NewConnectionError('<urllib3.connection.HTTPConnection object at 0x00000277D02EE9C0>: Failed to establish a new connection: [WinError 10061] No connection could be made because the target machine actively refused it'))
[2026-06-20 09:19:27] [ERROR] [mt5_watchdog] MT5 reconnect error: Failed to login to QuantDinger
[2026-06-20 09:20:02] [ERROR] [qd_client] Login attempt 1 failed: HTTPConnectionPool(host='localhost', port=8888): Max retries exceeded with url: /api/auth/login (Caused by NewConnectionError('<urllib3.connection.HTTPConnection object at 0x00000277D02EE690>: Failed to establish a new connection: [WinError 10061] No connection could be made because the target machine actively refused it'))
[2026-06-20 09:20:11] [ERROR] [qd_client] Login attempt 2 failed: HTTPConnectionPool(host='localhost', port=8888): Max retries exceeded with url: /api/auth/login (Caused by NewConnectionError('<urllib3.connection.HTTPConnection object at 0x00000277D02EE8B0>: Failed to establish a new connection: [WinError 10061] No connection could be made because the target machine actively refused it'))
[2026-06-20 09:20:20] [ERROR] [qd_client] Login attempt 3 failed: HTTPConnectionPool(host='localhost', port=8888): Max retries exceeded with url: /api/auth/login (Caused by NewConnectionError('<urllib3.connection.HTTPConnection object at 0x00000277D02EEF10>: Failed to establish a new connection: [WinError 10061] No connection could be made because the target machine actively refused it'))
[2026-06-20 09:20:25] [ERROR] [qd_client] Get positions error: Failed to login to QuantDinger
[2026-06-20 09:21:29] [ERROR] [qd_client] Login attempt 1 failed: HTTPConnectionPool(host='localhost', port=8888): Max retries exceeded with url: /api/auth/login (Caused by NewConnectionError('<urllib3.connection.HTTPConnection object at 0x00000277D02EEAD0>: Failed to establish a new connection: [WinError 10061] No connection could be made because the target machine actively refused it'))
[2026-06-20 09:21:33] [ERROR] [qd_client] Login attempt 1 failed: HTTPConnectionPool(host='localhost', port=8888): Max retries exceeded with url: /api/auth/login (Caused by NewConnectionError('<urllib3.connection.HTTPConnection object at 0x00000277D02EF020>: Failed to establish a new connection: [WinError 10061] No connection could be made because the target machine actively refused it'))
[2026-06-20 09:21:38] [ERROR] [qd_client] Login attempt 2 failed: HTTPConnectionPool(host='localhost', port=8888): Max retries exceeded with url: /api/auth/login (Caused by NewConnectionError('<urllib3.connection.HTTPConnection object at 0x00000277D02EE250>: Failed to establish a new connection: [WinError 10061] No connection could be made because the target machine actively refused it'))
[2026-06-20 09:21:42] [ERROR] [qd_client] Login attempt 2 failed: HTTPConnectionPool(host='localhost', port=8888): Max retries exceeded with url: /api/auth/login (Caused by NewConnectionError('<urllib3.connection.HTTPConnection object at 0x00000277D02EF350>: Failed to establish a new connection: [WinError 10061] No connection could be made because the target machine actively refused it'))
[2026-06-20 09:21:47] [ERROR] [qd_client] Login attempt 3 failed: HTTPConnectionPool(host='localhost', port=8888): Max retries exceeded with url: /api/auth/login (Caused by NewConnectionError('<urllib3.connection.HTTPConnection object at 0x00000277D02EF130>: Failed to establish a new connection: [WinError 10061] No connection could be made because the target machine actively refused it'))
[2026-06-20 09:21:51] [ERROR] [qd_client] Login attempt 3 failed: HTTPConnectionPool(host='localhost', port=8888): Max retries exceeded with url: /api/auth/login (Caused by NewConnectionError('<urllib3.connection.HTTPConnection object at 0x00000277D02ED260>: Failed to establish a new connection: [WinError 10061] No connection could be made because the target machine actively refused it'))
[2026-06-20 09:21:52] [ERROR] [qd_client] Get positions error: Failed to login to QuantDinger
[2026-06-20 09:21:56] [ERROR] [mt5_watchdog] MT5 check error: Failed to login to QuantDinger
[2026-06-20 09:21:56] [WARNING] [mt5_watchdog] MT5 disconnected! Attempt 42/3
[2026-06-20 09:22:00] [ERROR] [qd_client] Login attempt 1 failed: HTTPConnectionPool(host='localhost', port=8888): Max retries exceeded with url: /api/auth/login (Caused by NewConnectionError('<urllib3.connection.HTTPConnection object at 0x00000277D02EE030>: Failed to establish a new connection: [WinError 10061] No connection could be made because the target machine actively refused it'))
[2026-06-20 09:22:09] [ERROR] [qd_client] Login attempt 2 failed: HTTPConnectionPool(host='localhost', port=8888): Max retries exceeded with url: /api/auth/login (Caused by NewConnectionError('<urllib3.connection.HTTPConnection object at 0x00000277D02EE580>: Failed to establish a new connection: [WinError 10061] No connection could be made because the target machine actively refused it'))
[2026-06-20 09:22:19] [ERROR] [qd_client] Login attempt 3 failed: HTTPConnectionPool(host='localhost', port=8888): Max retries exceeded with url: /api/auth/login (Caused by NewConnectionError('<urllib3.connection.HTTPConnection object at 0x00000277D02EDD00>: Failed to establish a new connection: [WinError 10061] No connection could be made because the target machine actively refused it'))
[2026-06-20 09:22:24] [ERROR] [mt5_watchdog] MT5 reconnect error: Failed to login to QuantDinger
[2026-06-20 09:22:56] [ERROR] [qd_client] Login attempt 1 failed: HTTPConnectionPool(host='localhost', port=8888): Max retries exceeded with url: /api/auth/login (Caused by NewConnectionError('<urllib3.connection.HTTPConnection object at 0x00000277D02EDE10>: Failed to establish a new connection: [WinError 10061] No connection could be made because the target machine actively refused it'))
[2026-06-20 09:23:05] [ERROR] [qd_client] Login attempt 2 failed: HTTPConnectionPool(host='localhost', port=8888): Max retries exceeded with url: /api/auth/login (Caused by NewConnectionError('<urllib3.connection.HTTPConnection object at 0x00000277D02EFF00>: Failed to establish a new connection: [WinError 10061] No connection could be made because the target machine actively refused it'))
[2026-06-20 09:23:14] [ERROR] [qd_client] Login attempt 3 failed: HTTPConnectionPool(host='localhost', port=8888): Max retries exceeded with url: /api/auth/login (Caused by NewConnectionError('<urllib3.connection.HTTPConnection object at 0x00000277D02EDE10>: Failed to establish a new connection: [WinError 10061] No connection could be made because the target machine actively refused it'))
[2026-06-20 09:23:17] [ERROR] [qd_client] Login attempt 1 failed: HTTPConnectionPool(host='localhost', port=8888): Max retries exceeded with url: /api/auth/login (Caused by NewConnectionError('<urllib3.connection.HTTPConnection object at 0x00000277D02EF680>: Failed to establish a new connection: [WinError 10061] No connection could be made because the target machine actively refused it'))
[2026-06-20 09:23:19] [ERROR] [qd_client] Get positions error: Failed to login to QuantDinger
[2026-06-20 09:23:26] [ERROR] [qd_client] Login attempt 2 failed: HTTPConnectionPool(host='localhost', port=8888): Max retries exceeded with url: /api/auth/login (Caused by NewConnectionError('<urllib3.connection.HTTPConnection object at 0x00000277D02EDBF0>: Failed to establish a new connection: [WinError 10061] No connection could be made because the target machine actively refused it'))
[2026-06-20 09:23:35] [ERROR] [qd_client] Login attempt 3 failed: HTTPConnectionPool(host='localhost', port=8888): Max retries exceeded with url: /api/auth/login (Caused by NewConnectionError('<urllib3.connection.HTTPConnection object at 0x00000277D02EC9E0>: Failed to establish a new connection: [WinError 10061] No connection could be made because the target machine actively refused it'))
[2026-06-20 09:23:40] [ERROR] [qd_client] Get positions error: Failed to login to QuantDinger
[2026-06-20 09:24:23] [ERROR] [qd_client] Login attempt 1 failed: HTTPConnectionPool(host='localhost', port=8888): Max retries exceeded with url: /api/auth/login (Caused by NewConnectionError('<urllib3.connection.HTTPConnection object at 0x00000277D02EE470>: Failed to establish a new connection: [WinError 10061] No connection could be made because the target machine actively refused it'))
[2026-06-20 09:24:29] [ERROR] [qd_client] Login attempt 1 failed: HTTPConnectionPool(host='localhost', port=8888): Max retries exceeded with url: /api/auth/login (Caused by NewConnectionError('<urllib3.connection.HTTPConnection object at 0x00000277D02EFDF0>: Failed to establish a new connection: [WinError 10061] No connection could be made because the target machine actively refused it'))
[2026-06-20 09:24:32] [ERROR] [qd_client] Login attempt 2 failed: HTTPConnectionPool(host='localhost', port=8888): Max retries exceeded with url: /api/auth/login (Caused by NewConnectionError('<urllib3.connection.HTTPConnection object at 0x00000277D02EF130>: Failed to establish a new connection: [WinError 10061] No connection could be made because the target machine actively refused it'))
[2026-06-20 09:24:38] [ERROR] [qd_client] Login attempt 2 failed: HTTPConnectionPool(host='localhost', port=8888): Max retries exceeded with url: /api/auth/login (Caused by NewConnectionError('<urllib3.connection.HTTPConnection object at 0x00000277D02EFBD0>: Failed to establish a new connection: [WinError 10061] No connection could be made because the target machine actively refused it'))
[2026-06-20 09:24:41] [ERROR] [qd_client] Login attempt 3 failed: HTTPConnectionPool(host='localhost', port=8888): Max retries exceeded with url: /api/auth/login (Caused by NewConnectionError('<urllib3.connection.HTTPConnection object at 0x00000277D02EE250>: Failed to establish a new connection: [WinError 10061] No connection could be made because the target machine actively refused it'))
[2026-06-20 09:24:46] [ERROR] [qd_client] Get positions error: Failed to login to QuantDinger
[2026-06-20 09:24:48] [ERROR] [qd_client] Login attempt 3 failed: HTTPConnectionPool(host='localhost', port=8888): Max retries exceeded with url: /api/auth/login (Caused by NewConnectionError('<urllib3.connection.HTTPConnection object at 0x00000277D02EECF0>: Failed to establish a new connection: [WinError 10061] No connection could be made because the target machine actively refused it'))
[2026-06-20 09:24:53] [ERROR] [mt5_watchdog] MT5 check error: Failed to login to QuantDinger
[2026-06-20 09:24:53] [WARNING] [mt5_watchdog] MT5 disconnected! Attempt 43/3
[2026-06-20 09:24:57] [ERROR] [qd_client] Login attempt 1 failed: HTTPConnectionPool(host='localhost', port=8888): Max retries exceeded with url: /api/auth/login (Caused by NewConnectionError('<urllib3.connection.HTTPConnection object at 0x00000277D02EF460>: Failed to establish a new connection: [WinError 10061] No connection could be made because the target machine actively refused it'))
[2026-06-20 09:25:06] [ERROR] [qd_client] Login attempt 2 failed: HTTPConnectionPool(host='localhost', port=8888): Max retries exceeded with url: /api/auth/login (Caused by NewConnectionError('<urllib3.connection.HTTPConnection object at 0x00000277D02EEBE0>: Failed to establish a new connection: [WinError 10061] No connection could be made because the target machine actively refused it'))
[2026-06-20 09:25:15] [ERROR] [qd_client] Login attempt 3 failed: HTTPConnectionPool(host='localhost', port=8888): Max retries exceeded with url: /api/auth/login (Caused by NewConnectionError('<urllib3.connection.HTTPConnection object at 0x00000277D02EF570>: Failed to establish a new connection: [WinError 10061] No connection could be made because the target machine actively refused it'))
[2026-06-20 09:25:20] [ERROR] [mt5_watchdog] MT5 reconnect error: Failed to login to QuantDinger
[2026-06-20 09:25:51] [ERROR] [qd_client] Login attempt 1 failed: HTTPConnectionPool(host='localhost', port=8888): Max retries exceeded with url: /api/auth/login (Caused by NewConnectionError('<urllib3.connection.HTTPConnection object at 0x00000277D02EE360>: Failed to establish a new connection: [WinError 10061] No connection could be made because the target machine actively refused it'))
[2026-06-20 09:26:00] [ERROR] [qd_client] Login attempt 2 failed: HTTPConnectionPool(host='localhost', port=8888): Max retries exceeded with url: /api/auth/login (Caused by NewConnectionError('<urllib3.connection.HTTPConnection object at 0x00000277D02EF9B0>: Failed to establish a new connection: [WinError 10061] No connection could be made because the target machine actively refused it'))
[2026-06-20 09:26:09] [ERROR] [qd_client] Login attempt 3 failed: HTTPConnectionPool(host='localhost', port=8888): Max retries exceeded with url: /api/auth/login (Caused by NewConnectionError('<urllib3.connection.HTTPConnection object at 0x00000277D02EF9B0>: Failed to establish a new connection: [WinError 10061] No connection could be made because the target machine actively refused it'))
[2026-06-20 09:26:14] [ERROR] [qd_client] Get positions error: Failed to login to QuantDinger
[2026-06-20 09:27:18] [ERROR] [qd_client] Login attempt 1 failed: HTTPConnectionPool(host='localhost', port=8888): Max retries exceeded with url: /api/auth/login (Caused by NewConnectionError('<urllib3.connection.HTTPConnection object at 0x00000277D02EE360>: Failed to establish a new connection: [WinError 10061] No connection could be made because the target machine actively refused it'))
[2026-06-20 09:27:25] [ERROR] [qd_client] Login attempt 1 failed: HTTPConnectionPool(host='localhost', port=8888): Max retries exceeded with url: /api/auth/login (Caused by NewConnectionError('<urllib3.connection.HTTPConnection object at 0x00000277D02EE7A0>: Failed to establish a new connection: [WinError 10061] No connection could be made because the target machine actively refused it'))
[2026-06-20 09:27:27] [ERROR] [qd_client] Login attempt 2 failed: HTTPConnectionPool(host='localhost', port=8888): Max retries exceeded with url: /api/auth/login (Caused by NewConnectionError('<urllib3.connection.HTTPConnection object at 0x00000277D02EF570>: Failed to establish a new connection: [WinError 10061] No connection could be made because the target machine actively refused it'))
[2026-06-20 09:27:34] [ERROR] [qd_client] Login attempt 2 failed: HTTPConnectionPool(host='localhost', port=8888): Max retries exceeded with url: /api/auth/login (Caused by NewConnectionError('<urllib3.connection.HTTPConnection object at 0x00000277D02EE8B0>: Failed to establish a new connection: [WinError 10061] No connection could be made because the target machine actively refused it'))
[2026-06-20 09:27:36] [ERROR] [qd_client] Login attempt 3 failed: HTTPConnectionPool(host='localhost', port=8888): Max retries exceeded with url: /api/auth/login (Caused by NewConnectionError('<urllib3.connection.HTTPConnection object at 0x00000277D02EF460>: Failed to establish a new connection: [WinError 10061] No connection could be made because the target machine actively refused it'))
[2026-06-20 09:27:41] [ERROR] [qd_client] Get positions error: Failed to login to QuantDinger
[2026-06-20 09:27:44] [ERROR] [qd_client] Login attempt 3 failed: HTTPConnectionPool(host='localhost', port=8888): Max retries exceeded with url: /api/auth/login (Caused by NewConnectionError('<urllib3.connection.HTTPConnection object at 0x00000277D02EEAD0>: Failed to establish a new connection: [WinError 10061] No connection could be made because the target machine actively refused it'))
[2026-06-20 09:27:49] [ERROR] [mt5_watchdog] MT5 check error: Failed to login to QuantDinger
[2026-06-20 09:27:49] [WARNING] [mt5_watchdog] MT5 disconnected! Attempt 44/3
[2026-06-20 09:27:53] [ERROR] [qd_client] Login attempt 1 failed: HTTPConnectionPool(host='localhost', port=8888): Max retries exceeded with url: /api/auth/login (Caused by NewConnectionError('<urllib3.connection.HTTPConnection object at 0x00000277D02EF020>: Failed to establish a new connection: [WinError 10061] No connection could be made because the target machine actively refused it'))
[2026-06-20 09:28:02] [ERROR] [qd_client] Login attempt 2 failed: HTTPConnectionPool(host='localhost', port=8888): Max retries exceeded with url: /api/auth/login (Caused by NewConnectionError('<urllib3.connection.HTTPConnection object at 0x00000277D02EF240>: Failed to establish a new connection: [WinError 10061] No connection could be made because the target machine actively refused it'))
[2026-06-20 09:28:11] [ERROR] [qd_client] Login attempt 3 failed: HTTPConnectionPool(host='localhost', port=8888): Max retries exceeded with url: /api/auth/login (Caused by NewConnectionError('<urllib3.connection.HTTPConnection object at 0x00000277D02EF350>: Failed to establish a new connection: [WinError 10061] No connection could be made because the target machine actively refused it'))
[2026-06-20 09:28:16] [ERROR] [mt5_watchdog] MT5 reconnect error: Failed to login to QuantDinger
[2026-06-20 09:28:45] [ERROR] [qd_client] Login attempt 1 failed: HTTPConnectionPool(host='localhost', port=8888): Max retries exceeded with url: /api/auth/login (Caused by NewConnectionError('<urllib3.connection.HTTPConnection object at 0x00000277D02EE470>: Failed to establish a new connection: [WinError 10061] No connection could be made because the target machine actively refused it'))
[2026-06-20 09:28:54] [ERROR] [qd_client] Login attempt 2 failed: HTTPConnectionPool(host='localhost', port=8888): Max retries exceeded with url: /api/auth/login (Caused by NewConnectionError('<urllib3.connection.HTTPConnection object at 0x00000277D02EC9E0>: Failed to establish a new connection: [WinError 10061] No connection could be made because the target machine actively refused it'))
[2026-06-20 09:29:03] [ERROR] [qd_client] Login attempt 3 failed: HTTPConnectionPool(host='localhost', port=8888): Max retries exceeded with url: /api/auth/login (Caused by NewConnectionError('<urllib3.connection.HTTPConnection object at 0x00000277D02EDBF0>: Failed to establish a new connection: [WinError 10061] No connection could be made because the target machine actively refused it'))
[2026-06-20 09:29:08] [ERROR] [qd_client] Get positions error: Failed to login to QuantDinger
[2026-06-20 09:30:12] [ERROR] [qd_client] Login attempt 1 failed: HTTPConnectionPool(host='localhost', port=8888): Max retries exceeded with url: /api/auth/login (Caused by NewConnectionError('<urllib3.connection.HTTPConnection object at 0x00000277D02EF680>: Failed to establish a new connection: [WinError 10061] No connection could be made because the target machine actively refused it'))
[2026-06-20 09:30:21] [ERROR] [qd_client] Login attempt 2 failed: HTTPConnectionPool(host='localhost', port=8888): Max retries exceeded with url: /api/auth/login (Caused by NewConnectionError('<urllib3.connection.HTTPConnection object at 0x00000277D02EDE10>: Failed to establish a new connection: [WinError 10061] No connection could be made because the target machine actively refused it'))
[2026-06-20 09:30:21] [ERROR] [qd_client] Login attempt 1 failed: HTTPConnectionPool(host='localhost', port=8888): Max retries exceeded with url: /api/auth/login (Caused by NewConnectionError('<urllib3.connection.HTTPConnection object at 0x00000277D02EDAE0>: Failed to establish a new connection: [WinError 10061] No connection could be made because the target machine actively refused it'))
[2026-06-20 09:30:30] [ERROR] [qd_client] Login attempt 3 failed: HTTPConnectionPool(host='localhost', port=8888): Max retries exceeded with url: /api/auth/login (Caused by NewConnectionError('<urllib3.connection.HTTPConnection object at 0x00000277D02EDD00>: Failed to establish a new connection: [WinError 10061] No connection could be made because the target machine actively refused it'))
[2026-06-20 09:30:30] [ERROR] [qd_client] Login attempt 2 failed: HTTPConnectionPool(host='localhost', port=8888): Max retries exceeded with url: /api/auth/login (Caused by NewConnectionError('<urllib3.connection.HTTPConnection object at 0x00000277D02EDBF0>: Failed to establish a new connection: [WinError 10061] No connection could be made because the target machine actively refused it'))
[2026-06-20 09:30:35] [ERROR] [qd_client] Get positions error: Failed to login to QuantDinger
[2026-06-20 09:30:40] [ERROR] [qd_client] Login attempt 3 failed: HTTPConnectionPool(host='localhost', port=8888): Max retries exceeded with url: /api/auth/login (Caused by NewConnectionError('<urllib3.connection.HTTPConnection object at 0x00000277D02EE030>: Failed to establish a new connection: [WinError 10061] No connection could be made because the target machine actively refused it'))
[2026-06-20 09:30:45] [ERROR] [mt5_watchdog] MT5 check error: Failed to login to QuantDinger
[2026-06-20 09:30:45] [WARNING] [mt5_watchdog] MT5 disconnected! Attempt 45/3
[2026-06-20 09:30:49] [ERROR] [qd_client] Login attempt 1 failed: HTTPConnectionPool(host='localhost', port=8888): Max retries exceeded with url: /api/auth/login (Caused by NewConnectionError('<urllib3.connection.HTTPConnection object at 0x00000277D02ED260>: Failed to establish a new connection: [WinError 10061] No connection could be made because the target machine actively refused it'))
[2026-06-20 09:30:58] [ERROR] [qd_client] Login attempt 2 failed: HTTPConnectionPool(host='localhost', port=8888): Max retries exceeded with url: /api/auth/login (Caused by NewConnectionError('<urllib3.connection.HTTPConnection object at 0x00000277D02EF350>: Failed to establish a new connection: [WinError 10061] No connection could be made because the target machine actively refused it'))
[2026-06-20 09:31:07] [ERROR] [qd_client] Login attempt 3 failed: HTTPConnectionPool(host='localhost', port=8888): Max retries exceeded with url: /api/auth/login (Caused by NewConnectionError('<urllib3.connection.HTTPConnection object at 0x00000277D02EF240>: Failed to establish a new connection: [WinError 10061] No connection could be made because the target machine actively refused it'))
[2026-06-20 09:31:12] [ERROR] [mt5_watchdog] MT5 reconnect error: Failed to login to QuantDinger
[2026-06-20 09:31:39] [ERROR] [qd_client] Login attempt 1 failed: HTTPConnectionPool(host='localhost', port=8888): Max retries exceeded with url: /api/auth/login (Caused by NewConnectionError('<urllib3.connection.HTTPConnection object at 0x00000277D02EFBD0>: Failed to establish a new connection: [WinError 10061] No connection could be made because the target machine actively refused it'))
[2026-06-20 09:31:48] [ERROR] [qd_client] Login attempt 2 failed: HTTPConnectionPool(host='localhost', port=8888): Max retries exceeded with url: /api/auth/login (Caused by NewConnectionError('<urllib3.connection.HTTPConnection object at 0x00000277D02EE250>: Failed to establish a new connection: [WinError 10061] No connection could be made because the target machine actively refused it'))
[2026-06-20 09:31:58] [ERROR] [qd_client] Login attempt 3 failed: HTTPConnectionPool(host='localhost', port=8888): Max retries exceeded with url: /api/auth/login (Caused by NewConnectionError('<urllib3.connection.HTTPConnection object at 0x00000277D02EECF0>: Failed to establish a new connection: [WinError 10061] No connection could be made because the target machine actively refused it'))
[2026-06-20 09:32:03] [ERROR] [qd_client] Get positions error: Failed to login to QuantDinger
[2026-06-20 09:33:07] [ERROR] [qd_client] Login attempt 1 failed: HTTPConnectionPool(host='localhost', port=8888): Max retries exceeded with url: /api/auth/login (Caused by NewConnectionError('<urllib3.connection.HTTPConnection object at 0x00000277D02EEF10>: Failed to establish a new connection: [WinError 10061] No connection could be made because the target machine actively refused it'))
[2026-06-20 09:33:16] [ERROR] [qd_client] Login attempt 2 failed: HTTPConnectionPool(host='localhost', port=8888): Max retries exceeded with url: /api/auth/login (Caused by NewConnectionError('<urllib3.connection.HTTPConnection object at 0x00000277D02EEBE0>: Failed to establish a new connection: [WinError 10061] No connection could be made because the target machine actively refused it'))
[2026-06-20 09:33:17] [ERROR] [qd_client] Login attempt 1 failed: HTTPConnectionPool(host='localhost', port=8888): Max retries exceeded with url: /api/auth/login (Caused by NewConnectionError('<urllib3.connection.HTTPConnection object at 0x00000277D02EE7A0>: Failed to establish a new connection: [WinError 10061] No connection could be made because the target machine actively refused it'))
[2026-06-20 09:33:25] [ERROR] [qd_client] Login attempt 3 failed: HTTPConnectionPool(host='localhost', port=8888): Max retries exceeded with url: /api/auth/login (Caused by NewConnectionError('<urllib3.connection.HTTPConnection object at 0x00000277D02EE9C0>: Failed to establish a new connection: [WinError 10061] No connection could be made because the target machine actively refused it'))
[2026-06-20 09:33:26] [ERROR] [qd_client] Login attempt 2 failed: HTTPConnectionPool(host='localhost', port=8888): Max retries exceeded with url: /api/auth/login (Caused by NewConnectionError('<urllib3.connection.HTTPConnection object at 0x00000277D02EF9B0>: Failed to establish a new connection: [WinError 10061] No connection could be made because the target machine actively refused it'))
[2026-06-20 09:33:30] [ERROR] [qd_client] Get positions error: Failed to login to QuantDinger
[2026-06-20 09:33:35] [ERROR] [qd_client] Login attempt 3 failed: HTTPConnectionPool(host='localhost', port=8888): Max retries exceeded with url: /api/auth/login (Caused by NewConnectionError('<urllib3.connection.HTTPConnection object at 0x00000277D02ED150>: Failed to establish a new connection: [WinError 10061] No connection could be made because the target machine actively refused it'))
[2026-06-20 09:33:40] [ERROR] [mt5_watchdog] MT5 check error: Failed to login to QuantDinger
[2026-06-20 09:33:40] [WARNING] [mt5_watchdog] MT5 disconnected! Attempt 46/3
[2026-06-20 09:33:44] [ERROR] [qd_client] Login attempt 1 failed: HTTPConnectionPool(host='localhost', port=8888): Max retries exceeded with url: /api/auth/login (Caused by NewConnectionError('<urllib3.connection.HTTPConnection object at 0x00000277D02ECAF0>: Failed to establish a new connection: [WinError 10061] No connection could be made because the target machine actively refused it'))
[2026-06-20 09:33:54] [ERROR] [qd_client] Login attempt 2 failed: HTTPConnectionPool(host='localhost', port=8888): Max retries exceeded with url: /api/auth/login (Caused by NewConnectionError('<urllib3.connection.HTTPConnection object at 0x00000277D02EC7C0>: Failed to establish a new connection: [WinError 10061] No connection could be made because the target machine actively refused it'))
[2026-06-20 09:34:03] [ERROR] [qd_client] Login attempt 3 failed: HTTPConnectionPool(host='localhost', port=8888): Max retries exceeded with url: /api/auth/login (Caused by NewConnectionError('<urllib3.connection.HTTPConnection object at 0x00000277D02ED8C0>: Failed to establish a new connection: [WinError 10061] No connection could be made because the target machine actively refused it'))
[2026-06-20 09:34:08] [ERROR] [mt5_watchdog] MT5 reconnect error: Failed to login to QuantDinger
[2026-06-20 09:34:34] [ERROR] [qd_client] Login attempt 1 failed: HTTPConnectionPool(host='localhost', port=8888): Max retries exceeded with url: /api/auth/login (Caused by NewConnectionError('<urllib3.connection.HTTPConnection object at 0x00000277D02EE7A0>: Failed to establish a new connection: [WinError 10061] No connection could be made because the target machine actively refused it'))
[2026-06-20 09:34:43] [ERROR] [qd_client] Login attempt 2 failed: HTTPConnectionPool(host='localhost', port=8888): Max retries exceeded with url: /api/auth/login (Caused by NewConnectionError('<urllib3.connection.HTTPConnection object at 0x00000277D02EEBE0>: Failed to establish a new connection: [WinError 10061] No connection could be made because the target machine actively refused it'))
[2026-06-20 09:34:52] [ERROR] [qd_client] Login attempt 3 failed: HTTPConnectionPool(host='localhost', port=8888): Max retries exceeded with url: /api/auth/login (Caused by NewConnectionError('<urllib3.connection.HTTPConnection object at 0x00000277D02EEF10>: Failed to establish a new connection: [WinError 10061] No connection could be made because the target machine actively refused it'))
[2026-06-20 09:34:57] [ERROR] [qd_client] Get positions error: Failed to login to QuantDinger
[2026-06-20 09:35:50] [INFO] [qd_client] Logged in to QuantDinger
[2026-06-20 09:35:50] [INFO] [qd_client] MT5 connected
[2026-06-20 09:35:50] [DEBUG] [qd_client] Opening trade payload: GBPUSD BUY volume=0.01
[2026-06-20 09:35:50] [ERROR] [qd_client] Trade failed: {'success': False, 'error': 'Order rejected: Unsupported filling mode'}
[2026-06-20 09:35:50] [DEBUG] [qd_client] Opening trade payload: GBPUSD BUY volume=0.01
[2026-06-20 09:35:50] [ERROR] [qd_client] Trade failed: {'success': False, 'error': 'Order rejected: Unsupported filling mode'}
[2026-06-20 09:35:50] [DEBUG] [qd_client] Opening trade payload: GBPUSD BUY volume=0.01
[2026-06-20 09:35:50] [ERROR] [qd_client] Trade failed: {'success': False, 'error': 'Order rejected: Unsupported filling mode'}
[2026-06-20 09:36:01] [ERROR] [qd_client] Login attempt 1 failed: HTTPConnectionPool(host='localhost', port=8888): Max retries exceeded with url: /api/auth/login (Caused by NewConnectionError('<urllib3.connection.HTTPConnection object at 0x00000277D02EECF0>: Failed to establish a new connection: [WinError 10061] No connection could be made because the target machine actively refused it'))
[2026-06-20 09:36:10] [ERROR] [qd_client] Login attempt 2 failed: HTTPConnectionPool(host='localhost', port=8888): Max retries exceeded with url: /api/auth/login (Caused by NewConnectionError('<urllib3.connection.HTTPConnection object at 0x00000277D02EE250>: Failed to establish a new connection: [WinError 10061] No connection could be made because the target machine actively refused it'))
[2026-06-20 09:36:13] [ERROR] [qd_client] Login attempt 1 failed: HTTPConnectionPool(host='localhost', port=8888): Max retries exceeded with url: /api/auth/login (Caused by NewConnectionError('<urllib3.connection.HTTPConnection object at 0x00000277D02EF460>: Failed to establish a new connection: [WinError 10061] No connection could be made because the target machine actively refused it'))
[2026-06-20 09:36:19] [ERROR] [qd_client] Login attempt 3 failed: HTTPConnectionPool(host='localhost', port=8888): Max retries exceeded with url: /api/auth/login (Caused by NewConnectionError('<urllib3.connection.HTTPConnection object at 0x00000277D02EF020>: Failed to establish a new connection: [WinError 10061] No connection could be made because the target machine actively refused it'))
[2026-06-20 09:36:23] [ERROR] [qd_client] Login attempt 2 failed: HTTPConnectionPool(host='localhost', port=8888): Max retries exceeded with url: /api/auth/login (Caused by NewConnectionError('<urllib3.connection.HTTPConnection object at 0x00000277D02EF240>: Failed to establish a new connection: [WinError 10061] No connection could be made because the target machine actively refused it'))
[2026-06-20 09:36:24] [ERROR] [qd_client] Get positions error: Failed to login to QuantDinger
[2026-06-20 09:36:32] [ERROR] [qd_client] Login attempt 3 failed: HTTPConnectionPool(host='localhost', port=8888): Max retries exceeded with url: /api/auth/login (Caused by NewConnectionError('<urllib3.connection.HTTPConnection object at 0x00000277D02EFDF0>: Failed to establish a new connection: [WinError 10061] No connection could be made because the target machine actively refused it'))
[2026-06-20 09:36:37] [ERROR] [mt5_watchdog] MT5 check error: Failed to login to QuantDinger
[2026-06-20 09:36:37] [WARNING] [mt5_watchdog] MT5 disconnected! Attempt 47/3
[2026-06-20 09:36:41] [ERROR] [qd_client] Login attempt 1 failed: HTTPConnectionPool(host='localhost', port=8888): Max retries exceeded with url: /api/auth/login (Caused by NewConnectionError('<urllib3.connection.HTTPConnection object at 0x00000277D02EF8A0>: Failed to establish a new connection: [WinError 10061] No connection could be made because the target machine actively refused it'))
[2026-06-20 09:36:50] [ERROR] [qd_client] Login attempt 2 failed: HTTPConnectionPool(host='localhost', port=8888): Max retries exceeded with url: /api/auth/login (Caused by NewConnectionError('<urllib3.connection.HTTPConnection object at 0x00000277D02EE470>: Failed to establish a new connection: [WinError 10061] No connection could be made because the target machine actively refused it'))
[2026-06-20 09:36:59] [ERROR] [qd_client] Login attempt 3 failed: HTTPConnectionPool(host='localhost', port=8888): Max retries exceeded with url: /api/auth/login (Caused by NewConnectionError('<urllib3.connection.HTTPConnection object at 0x00000277D02EC9E0>: Failed to establish a new connection: [WinError 10061] No connection could be made because the target machine actively refused it'))
[2026-06-20 09:37:04] [ERROR] [mt5_watchdog] MT5 reconnect error: Failed to login to QuantDinger
[2026-06-20 09:37:28] [ERROR] [qd_client] Login attempt 1 failed: HTTPConnectionPool(host='localhost', port=8888): Max retries exceeded with url: /api/auth/login (Caused by NewConnectionError('<urllib3.connection.HTTPConnection object at 0x00000277D02EDAE0>: Failed to establish a new connection: [WinError 10061] No connection could be made because the target machine actively refused it'))
[2026-06-20 09:37:37] [ERROR] [qd_client] Login attempt 2 failed: HTTPConnectionPool(host='localhost', port=8888): Max retries exceeded with url: /api/auth/login (Caused by NewConnectionError('<urllib3.connection.HTTPConnection object at 0x00000277D02EFCE0>: Failed to establish a new connection: [WinError 10061] No connection could be made because the target machine actively refused it'))
[2026-06-20 09:37:46] [ERROR] [qd_client] Login attempt 3 failed: HTTPConnectionPool(host='localhost', port=8888): Max retries exceeded with url: /api/auth/login (Caused by NewConnectionError('<urllib3.connection.HTTPConnection object at 0x00000277D02EDAE0>: Failed to establish a new connection: [WinError 10061] No connection could be made because the target machine actively refused it'))
[2026-06-20 09:37:51] [ERROR] [qd_client] Get positions error: Failed to login to QuantDinger
[2026-06-20 09:38:46] [ERROR] [qd_client] Login attempt 1 failed: HTTPConnectionPool(host='localhost', port=8888): Max retries exceeded with url: /api/auth/login (Caused by NewConnectionError('<urllib3.connection.HTTPConnection object at 0x00000277D02EE580>: Failed to establish a new connection: [WinError 10061] No connection could be made because the target machine actively refused it'))
[2026-06-20 09:38:55] [ERROR] [qd_client] Login attempt 2 failed: HTTPConnectionPool(host='localhost', port=8888): Max retries exceeded with url: /api/auth/login (Caused by NewConnectionError('<urllib3.connection.HTTPConnection object at 0x00000277D02EDD00>: Failed to establish a new connection: [WinError 10061] No connection could be made because the target machine actively refused it'))
[2026-06-20 09:38:55] [ERROR] [qd_client] Login attempt 1 failed: HTTPConnectionPool(host='localhost', port=8888): Max retries exceeded with url: /api/auth/login (Caused by NewConnectionError('<urllib3.connection.HTTPConnection object at 0x00000277D02EE470>: Failed to establish a new connection: [WinError 10061] No connection could be made because the target machine actively refused it'))
[2026-06-20 09:39:04] [ERROR] [qd_client] Login attempt 3 failed: HTTPConnectionPool(host='localhost', port=8888): Max retries exceeded with url: /api/auth/login (Caused by NewConnectionError('<urllib3.connection.HTTPConnection object at 0x00000277D02EE030>: Failed to establish a new connection: [WinError 10061] No connection could be made because the target machine actively refused it'))
[2026-06-20 09:39:05] [ERROR] [qd_client] Login attempt 2 failed: HTTPConnectionPool(host='localhost', port=8888): Max retries exceeded with url: /api/auth/login (Caused by NewConnectionError('<urllib3.connection.HTTPConnection object at 0x00000277D02EFDF0>: Failed to establish a new connection: [WinError 10061] No connection could be made because the target machine actively refused it'))
[2026-06-20 09:39:09] [ERROR] [qd_client] Get positions error: Failed to login to QuantDinger
[2026-06-20 09:39:09] [ERROR] [qd_client] Login attempt 1 failed: HTTPConnectionPool(host='localhost', port=8888): Max retries exceeded with url: /api/auth/login (Caused by NewConnectionError('<urllib3.connection.HTTPConnection object at 0x00000277D02EF350>: Failed to establish a new connection: [WinError 10061] No connection could be made because the target machine actively refused it'))
[2026-06-20 09:39:14] [ERROR] [qd_client] Login attempt 3 failed: HTTPConnectionPool(host='localhost', port=8888): Max retries exceeded with url: /api/auth/login (Caused by NewConnectionError('<urllib3.connection.HTTPConnection object at 0x00000277D02EF130>: Failed to establish a new connection: [WinError 10061] No connection could be made because the target machine actively refused it'))
[2026-06-20 09:39:18] [ERROR] [qd_client] Login attempt 2 failed: HTTPConnectionPool(host='localhost', port=8888): Max retries exceeded with url: /api/auth/login (Caused by NewConnectionError('<urllib3.connection.HTTPConnection object at 0x00000277D02EEAD0>: Failed to establish a new connection: [WinError 10061] No connection could be made because the target machine actively refused it'))
[2026-06-20 09:39:19] [ERROR] [qd_client] Get positions error: Failed to login to QuantDinger
[2026-06-20 09:39:27] [ERROR] [qd_client] Login attempt 3 failed: HTTPConnectionPool(host='localhost', port=8888): Max retries exceeded with url: /api/auth/login (Caused by NewConnectionError('<urllib3.connection.HTTPConnection object at 0x00000277D02EFBD0>: Failed to establish a new connection: [WinError 10061] No connection could be made because the target machine actively refused it'))
[2026-06-20 09:39:32] [ERROR] [mt5_watchdog] MT5 check error: Failed to login to QuantDinger
[2026-06-20 09:39:32] [WARNING] [mt5_watchdog] MT5 disconnected! Attempt 48/3
[2026-06-20 09:39:36] [ERROR] [qd_client] Login attempt 1 failed: HTTPConnectionPool(host='localhost', port=8888): Max retries exceeded with url: /api/auth/login (Caused by NewConnectionError('<urllib3.connection.HTTPConnection object at 0x00000277D02EE8B0>: Failed to establish a new connection: [WinError 10061] No connection could be made because the target machine actively refused it'))
[2026-06-20 09:39:46] [ERROR] [qd_client] Login attempt 2 failed: HTTPConnectionPool(host='localhost', port=8888): Max retries exceeded with url: /api/auth/login (Caused by NewConnectionError('<urllib3.connection.HTTPConnection object at 0x00000277D02EF570>: Failed to establish a new connection: [WinError 10061] No connection could be made because the target machine actively refused it'))
[2026-06-20 09:39:54] [INFO] [qd_client] Logged in to QuantDinger
[2026-06-20 09:39:54] [INFO] [qd_client] MT5 connected
[2026-06-20 09:39:54] [DEBUG] [qd_client] Opening trade payload: GBPUSD BUY volume=0.01
[2026-06-20 09:39:54] [ERROR] [qd_client] Trade failed: {'success': False, 'error': 'Order rejected: Unsupported filling mode'}
[2026-06-20 09:39:54] [DEBUG] [qd_client] Opening trade payload: GBPUSD BUY volume=0.01
[2026-06-20 09:39:54] [ERROR] [qd_client] Trade failed: {'success': False, 'error': 'Order rejected: Unsupported filling mode'}
[2026-06-20 09:39:54] [DEBUG] [qd_client] Opening trade payload: GBPUSD BUY volume=0.01
[2026-06-20 09:39:54] [ERROR] [qd_client] Trade failed: {'success': False, 'error': 'Order rejected: Unsupported filling mode'}
[2026-06-20 09:39:55] [ERROR] [qd_client] Login attempt 3 failed: HTTPConnectionPool(host='localhost', port=8888): Max retries exceeded with url: /api/auth/login (Caused by NewConnectionError('<urllib3.connection.HTTPConnection object at 0x00000277D02EE690>: Failed to establish a new connection: [WinError 10061] No connection could be made because the target machine actively refused it'))
[2026-06-20 09:40:00] [ERROR] [mt5_watchdog] MT5 reconnect error: Failed to login to QuantDinger
[2026-06-20 09:40:23] [ERROR] [qd_client] Login attempt 1 failed: HTTPConnectionPool(host='localhost', port=8888): Max retries exceeded with url: /api/auth/login (Caused by NewConnectionError('<urllib3.connection.HTTPConnection object at 0x00000277D02ED370>: Failed to establish a new connection: [WinError 10061] No connection could be made because the target machine actively refused it'))
[2026-06-20 09:40:28] [INFO] [main] ==================================================
[2026-06-20 09:40:28] [INFO] [main] Cycle 5 at 09:40:28
[2026-06-20 09:40:32] [ERROR] [qd_client] Login attempt 2 failed: HTTPConnectionPool(host='localhost', port=8888): Max retries exceeded with url: /api/auth/login (Caused by NewConnectionError('<urllib3.connection.HTTPConnection object at 0x00000277D02EE9C0>: Failed to establish a new connection: [WinError 10061] No connection could be made because the target machine actively refused it'))
[2026-06-20 09:40:32] [ERROR] [qd_client] Login attempt 1 failed: HTTPConnectionPool(host='localhost', port=8888): Max retries exceeded with url: /api/auth/login (Caused by NewConnectionError('<urllib3.connection.HTTPConnection object at 0x00000277D02EC7C0>: Failed to establish a new connection: [WinError 10061] No connection could be made because the target machine actively refused it'))
[2026-06-20 09:40:41] [ERROR] [qd_client] Login attempt 3 failed: HTTPConnectionPool(host='localhost', port=8888): Max retries exceeded with url: /api/auth/login (Caused by NewConnectionError('<urllib3.connection.HTTPConnection object at 0x00000277D02ED370>: Failed to establish a new connection: [WinError 10061] No connection could be made because the target machine actively refused it'))
[2026-06-20 09:40:41] [ERROR] [qd_client] Login attempt 2 failed: HTTPConnectionPool(host='localhost', port=8888): Max retries exceeded with url: /api/auth/login (Caused by NewConnectionError('<urllib3.connection.HTTPConnection object at 0x00000277D02ED8C0>: Failed to establish a new connection: [WinError 10061] No connection could be made because the target machine actively refused it'))
[2026-06-20 09:40:46] [ERROR] [qd_client] Get positions error: Failed to login to QuantDinger
[2026-06-20 09:40:50] [ERROR] [qd_client] Login attempt 3 failed: HTTPConnectionPool(host='localhost', port=8888): Max retries exceeded with url: /api/auth/login (Caused by NewConnectionError('<urllib3.connection.HTTPConnection object at 0x00000277D02EE7A0>: Failed to establish a new connection: [WinError 10061] No connection could be made because the target machine actively refused it'))
[2026-06-20 09:40:55] [WARNING] [main] MT5 disconnected, reconnecting...
[2026-06-20 09:40:59] [ERROR] [qd_client] Login attempt 1 failed: HTTPConnectionPool(host='localhost', port=8888): Max retries exceeded with url: /api/auth/login (Caused by NewConnectionError('<urllib3.connection.HTTPConnection object at 0x00000277D02EEBE0>: Failed to establish a new connection: [WinError 10061] No connection could be made because the target machine actively refused it'))
[2026-06-20 09:41:09] [ERROR] [qd_client] Login attempt 2 failed: HTTPConnectionPool(host='localhost', port=8888): Max retries exceeded with url: /api/auth/login (Caused by NewConnectionError('<urllib3.connection.HTTPConnection object at 0x00000277D02EEF10>: Failed to establish a new connection: [WinError 10061] No connection could be made because the target machine actively refused it'))
[2026-06-20 09:41:18] [ERROR] [qd_client] Login attempt 3 failed: HTTPConnectionPool(host='localhost', port=8888): Max retries exceeded with url: /api/auth/login (Caused by NewConnectionError('<urllib3.connection.HTTPConnection object at 0x00000277D02EECF0>: Failed to establish a new connection: [WinError 10061] No connection could be made because the target machine actively refused it'))
[2026-06-20 09:41:23] [ERROR] [qd_client] MT5 connect attempt 1: Failed to login to QuantDinger
[2026-06-20 09:41:32] [ERROR] [qd_client] Login attempt 1 failed: HTTPConnectionPool(host='localhost', port=8888): Max retries exceeded with url: /api/auth/login (Caused by NewConnectionError('<urllib3.connection.HTTPConnection object at 0x00000277D02EF130>: Failed to establish a new connection: [WinError 10061] No connection could be made because the target machine actively refused it'))
[2026-06-20 09:41:41] [ERROR] [qd_client] Login attempt 2 failed: HTTPConnectionPool(host='localhost', port=8888): Max retries exceeded with url: /api/auth/login (Caused by NewConnectionError('<urllib3.connection.HTTPConnection object at 0x00000277D02EF350>: Failed to establish a new connection: [WinError 10061] No connection could be made because the target machine actively refused it'))
[2026-06-20 09:41:50] [ERROR] [qd_client] Login attempt 1 failed: HTTPConnectionPool(host='localhost', port=8888): Max retries exceeded with url: /api/auth/login (Caused by NewConnectionError('<urllib3.connection.HTTPConnection object at 0x00000277D02EFDF0>: Failed to establish a new connection: [WinError 10061] No connection could be made because the target machine actively refused it'))
[2026-06-20 09:41:50] [ERROR] [qd_client] Login attempt 3 failed: HTTPConnectionPool(host='localhost', port=8888): Max retries exceeded with url: /api/auth/login (Caused by NewConnectionError('<urllib3.connection.HTTPConnection object at 0x00000277D02EF240>: Failed to establish a new connection: [WinError 10061] No connection could be made because the target machine actively refused it'))
[2026-06-20 09:41:55] [ERROR] [qd_client] MT5 connect attempt 2: Failed to login to QuantDinger
[2026-06-20 09:41:59] [ERROR] [qd_client] Login attempt 2 failed: HTTPConnectionPool(host='localhost', port=8888): Max retries exceeded with url: /api/auth/login (Caused by NewConnectionError('<urllib3.connection.HTTPConnection object at 0x00000277D02EE470>: Failed to establish a new connection: [WinError 10061] No connection could be made because the target machine actively refused it'))
[2026-06-20 09:42:04] [ERROR] [qd_client] Login attempt 1 failed: HTTPConnectionPool(host='localhost', port=8888): Max retries exceeded with url: /api/auth/login (Caused by NewConnectionError('<urllib3.connection.HTTPConnection object at 0x00000277D02EDD00>: Failed to establish a new connection: [WinError 10061] No connection could be made because the target machine actively refused it'))
[2026-06-20 09:42:05] [ERROR] [qd_client] Login attempt 1 failed: HTTPConnectionPool(host='localhost', port=8888): Max retries exceeded with url: /api/auth/login (Caused by NewConnectionError('<urllib3.connection.HTTPConnection object at 0x00000277D02EDBF0>: Failed to establish a new connection: [WinError 10061] No connection could be made because the target machine actively refused it'))
[2026-06-20 09:42:08] [ERROR] [qd_client] Login attempt 3 failed: HTTPConnectionPool(host='localhost', port=8888): Max retries exceeded with url: /api/auth/login (Caused by NewConnectionError('<urllib3.connection.HTTPConnection object at 0x00000277D02EE580>: Failed to establish a new connection: [WinError 10061] No connection could be made because the target machine actively refused it'))
[2026-06-20 09:42:13] [ERROR] [qd_client] Login attempt 2 failed: HTTPConnectionPool(host='localhost', port=8888): Max retries exceeded with url: /api/auth/login (Caused by NewConnectionError('<urllib3.connection.HTTPConnection object at 0x00000277D02ED150>: Failed to establish a new connection: [WinError 10061] No connection could be made because the target machine actively refused it'))
[2026-06-20 09:42:13] [ERROR] [qd_client] Get positions error: Failed to login to QuantDinger
[2026-06-20 09:42:14] [ERROR] [qd_client] Login attempt 2 failed: HTTPConnectionPool(host='localhost', port=8888): Max retries exceeded with url: /api/auth/login (Caused by NewConnectionError('<urllib3.connection.HTTPConnection object at 0x00000277D02ED590>: Failed to establish a new connection: [WinError 10061] No connection could be made because the target machine actively refused it'))
[2026-06-20 09:42:22] [ERROR] [qd_client] Login attempt 3 failed: HTTPConnectionPool(host='localhost', port=8888): Max retries exceeded with url: /api/auth/login (Caused by NewConnectionError('<urllib3.connection.HTTPConnection object at 0x00000277D02EDBF0>: Failed to establish a new connection: [WinError 10061] No connection could be made because the target machine actively refused it'))
[2026-06-20 09:42:23] [ERROR] [qd_client] Login attempt 3 failed: HTTPConnectionPool(host='localhost', port=8888): Max retries exceeded with url: /api/auth/login (Caused by NewConnectionError('<urllib3.connection.HTTPConnection object at 0x00000277D02EDD00>: Failed to establish a new connection: [WinError 10061] No connection could be made because the target machine actively refused it'))
[2026-06-20 09:42:27] [ERROR] [qd_client] MT5 connect attempt 3: Failed to login to QuantDinger
[2026-06-20 09:42:28] [ERROR] [mt5_watchdog] MT5 check error: Failed to login to QuantDinger
[2026-06-20 09:42:28] [WARNING] [mt5_watchdog] MT5 disconnected! Attempt 49/3
[2026-06-20 09:42:32] [WARNING] [main] MT5 still disconnected
[2026-06-20 09:42:32] [INFO] [main] Sleeping 1800s...
[2026-06-20 09:42:32] [ERROR] [qd_client] Login attempt 1 failed: HTTPConnectionPool(host='localhost', port=8888): Max retries exceeded with url: /api/auth/login (Caused by NewConnectionError('<urllib3.connection.HTTPConnection object at 0x00000277D02EF8A0>: Failed to establish a new connection: [WinError 10061] No connection could be made because the target machine actively refused it'))
[2026-06-20 09:42:41] [ERROR] [qd_client] Login attempt 2 failed: HTTPConnectionPool(host='localhost', port=8888): Max retries exceeded with url: /api/auth/login (Caused by NewConnectionError('<urllib3.connection.HTTPConnection object at 0x00000277D02ED260>: Failed to establish a new connection: [WinError 10061] No connection could be made because the target machine actively refused it'))
[2026-06-20 09:42:51] [ERROR] [qd_client] Login attempt 3 failed: HTTPConnectionPool(host='localhost', port=8888): Max retries exceeded with url: /api/auth/login (Caused by NewConnectionError('<urllib3.connection.HTTPConnection object at 0x00000277D02EE030>: Failed to establish a new connection: [WinError 10061] No connection could be made because the target machine actively refused it'))
[2026-06-20 09:42:56] [ERROR] [mt5_watchdog] MT5 reconnect error: Failed to login to QuantDinger
[2026-06-20 09:43:17] [ERROR] [qd_client] Login attempt 1 failed: HTTPConnectionPool(host='localhost', port=8888): Max retries exceeded with url: /api/auth/login (Caused by NewConnectionError('<urllib3.connection.HTTPConnection object at 0x00000277D02EF130>: Failed to establish a new connection: [WinError 10061] No connection could be made because the target machine actively refused it'))
[2026-06-20 09:43:26] [ERROR] [qd_client] Login attempt 2 failed: HTTPConnectionPool(host='localhost', port=8888): Max retries exceeded with url: /api/auth/login (Caused by NewConnectionError('<urllib3.connection.HTTPConnection object at 0x00000277D02EECF0>: Failed to establish a new connection: [WinError 10061] No connection could be made because the target machine actively refused it'))
[2026-06-20 09:43:35] [ERROR] [qd_client] Login attempt 3 failed: HTTPConnectionPool(host='localhost', port=8888): Max retries exceeded with url: /api/auth/login (Caused by NewConnectionError('<urllib3.connection.HTTPConnection object at 0x00000277D02EEF10>: Failed to establish a new connection: [WinError 10061] No connection could be made because the target machine actively refused it'))
[2026-06-20 09:43:40] [ERROR] [qd_client] Get positions error: Failed to login to QuantDinger
[2026-06-20 09:43:54] [INFO] [qd_client] Logged in to QuantDinger
[2026-06-20 09:43:54] [INFO] [qd_client] MT5 connected
[2026-06-20 09:43:54] [DEBUG] [qd_client] Opening trade payload: GBPUSD BUY volume=0.01
[2026-06-20 09:43:54] [ERROR] [qd_client] Trade failed: {'success': False, 'error': 'Order rejected: Unsupported filling mode'}
[2026-06-20 09:43:54] [DEBUG] [qd_client] Opening trade payload: GBPUSD BUY volume=0.01
[2026-06-20 09:43:54] [ERROR] [qd_client] Trade failed: {'success': False, 'error': 'Order rejected: Unsupported filling mode'}
[2026-06-20 09:43:54] [DEBUG] [qd_client] Opening trade payload: GBPUSD BUY volume=0.01
[2026-06-20 09:43:54] [ERROR] [qd_client] Trade failed: {'success': False, 'error': 'Order rejected: Unsupported filling mode'}
[2026-06-20 09:44:07] [INFO] [qd_client] Logged in to QuantDinger
[2026-06-20 09:44:07] [INFO] [qd_client] MT5 connected
[2026-06-20 09:44:07] [DEBUG] [qd_client] Opening trade payload: GBPUSD BUY volume=0.01
[2026-06-20 09:44:07] [ERROR] [qd_client] Trade failed: {'success': False, 'error': 'Order rejected: Unsupported filling mode'}
[2026-06-20 09:44:07] [DEBUG] [qd_client] Opening trade payload: GBPUSD BUY volume=0.01
[2026-06-20 09:44:07] [ERROR] [qd_client] Trade failed: {'success': False, 'error': 'Order rejected: Unsupported filling mode'}
[2026-06-20 09:44:07] [DEBUG] [qd_client] Opening trade payload: GBPUSD BUY volume=0.01
[2026-06-20 09:44:07] [ERROR] [qd_client] Trade failed: {'success': False, 'error': 'Order rejected: Unsupported filling mode'}
[2026-06-20 09:44:44] [ERROR] [qd_client] Login attempt 1 failed: HTTPConnectionPool(host='localhost', port=8888): Max retries exceeded with url: /api/auth/login (Caused by NewConnectionError('<urllib3.connection.HTTPConnection object at 0x00000277D02EEBE0>: Failed to establish a new connection: [WinError 10061] No connection could be made because the target machine actively refused it'))
[2026-06-20 09:44:53] [ERROR] [qd_client] Login attempt 2 failed: HTTPConnectionPool(host='localhost', port=8888): Max retries exceeded with url: /api/auth/login (Caused by NewConnectionError('<urllib3.connection.HTTPConnection object at 0x00000277D02EE7A0>: Failed to establish a new connection: [WinError 10061] No connection could be made because the target machine actively refused it'))
[2026-06-20 09:45:01] [ERROR] [qd_client] Login attempt 1 failed: HTTPConnectionPool(host='localhost', port=8888): Max retries exceeded with url: /api/auth/login (Caused by NewConnectionError('<urllib3.connection.HTTPConnection object at 0x00000277D02ED8C0>: Failed to establish a new connection: [WinError 10061] No connection could be made because the target machine actively refused it'))
[2026-06-20 09:45:02] [ERROR] [qd_client] Login attempt 3 failed: HTTPConnectionPool(host='localhost', port=8888): Max retries exceeded with url: /api/auth/login (Caused by NewConnectionError('<urllib3.connection.HTTPConnection object at 0x00000277D02EE690>: Failed to establish a new connection: [WinError 10061] No connection could be made because the target machine actively refused it'))
[2026-06-20 09:45:07] [ERROR] [qd_client] Get positions error: Failed to login to QuantDinger
[2026-06-20 09:45:10] [ERROR] [qd_client] Login attempt 2 failed: HTTPConnectionPool(host='localhost', port=8888): Max retries exceeded with url: /api/auth/login (Caused by NewConnectionError('<urllib3.connection.HTTPConnection object at 0x00000277D02EFAC0>: Failed to establish a new connection: [WinError 10061] No connection could be made because the target machine actively refused it'))
[2026-06-20 09:45:19] [ERROR] [qd_client] Login attempt 3 failed: HTTPConnectionPool(host='localhost', port=8888): Max retries exceeded with url: /api/auth/login (Caused by NewConnectionError('<urllib3.connection.HTTPConnection object at 0x00000277D05C4050>: Failed to establish a new connection: [WinError 10061] No connection could be made because the target machine actively refused it'))
[2026-06-20 09:45:24] [ERROR] [mt5_watchdog] MT5 check error: Failed to login to QuantDinger
[2026-06-20 09:45:24] [WARNING] [mt5_watchdog] MT5 disconnected! Attempt 50/3
[2026-06-20 09:45:28] [ERROR] [qd_client] Login attempt 1 failed: HTTPConnectionPool(host='localhost', port=8888): Max retries exceeded with url: /api/auth/login (Caused by NewConnectionError('<urllib3.connection.HTTPConnection object at 0x00000277D05C4270>: Failed to establish a new connection: [WinError 10061] No connection could be made because the target machine actively refused it'))
[2026-06-20 09:45:37] [ERROR] [qd_client] Login attempt 2 failed: HTTPConnectionPool(host='localhost', port=8888): Max retries exceeded with url: /api/auth/login (Caused by NewConnectionError('<urllib3.connection.HTTPConnection object at 0x00000277D02EFAC0>: Failed to establish a new connection: [WinError 10061] No connection could be made because the target machine actively refused it'))
[2026-06-20 09:45:46] [ERROR] [qd_client] Login attempt 3 failed: HTTPConnectionPool(host='localhost', port=8888): Max retries exceeded with url: /api/auth/login (Caused by NewConnectionError('<urllib3.connection.HTTPConnection object at 0x00000277D02EE690>: Failed to establish a new connection: [WinError 10061] No connection could be made because the target machine actively refused it'))
[2026-06-20 09:45:51] [ERROR] [mt5_watchdog] MT5 reconnect error: Failed to login to QuantDinger
[2026-06-20 09:46:11] [ERROR] [qd_client] Login attempt 1 failed: HTTPConnectionPool(host='localhost', port=8888): Max retries exceeded with url: /api/auth/login (Caused by NewConnectionError('<urllib3.connection.HTTPConnection object at 0x00000277D02ED370>: Failed to establish a new connection: [WinError 10061] No connection could be made because the target machine actively refused it'))
[2026-06-20 09:46:20] [ERROR] [qd_client] Login attempt 2 failed: HTTPConnectionPool(host='localhost', port=8888): Max retries exceeded with url: /api/auth/login (Caused by NewConnectionError('<urllib3.connection.HTTPConnection object at 0x00000277D02EF570>: Failed to establish a new connection: [WinError 10061] No connection could be made because the target machine actively refused it'))
[2026-06-20 09:46:29] [ERROR] [qd_client] Login attempt 3 failed: HTTPConnectionPool(host='localhost', port=8888): Max retries exceeded with url: /api/auth/login (Caused by NewConnectionError('<urllib3.connection.HTTPConnection object at 0x00000277D02EE8B0>: Failed to establish a new connection: [WinError 10061] No connection could be made because the target machine actively refused it'))
[2026-06-20 09:46:34] [ERROR] [qd_client] Get positions error: Failed to login to QuantDinger
[2026-06-20 09:47:39] [ERROR] [qd_client] Login attempt 1 failed: HTTPConnectionPool(host='localhost', port=8888): Max retries exceeded with url: /api/auth/login (Caused by NewConnectionError('<urllib3.connection.HTTPConnection object at 0x00000277D02EFBD0>: Failed to establish a new connection: [WinError 10061] No connection could be made because the target machine actively refused it'))
[2026-06-20 09:47:48] [ERROR] [qd_client] Login attempt 2 failed: HTTPConnectionPool(host='localhost', port=8888): Max retries exceeded with url: /api/auth/login (Caused by NewConnectionError('<urllib3.connection.HTTPConnection object at 0x00000277D02EEAD0>: Failed to establish a new connection: [WinError 10061] No connection could be made because the target machine actively refused it'))
[2026-06-20 09:47:57] [ERROR] [qd_client] Login attempt 3 failed: HTTPConnectionPool(host='localhost', port=8888): Max retries exceeded with url: /api/auth/login (Caused by NewConnectionError('<urllib3.connection.HTTPConnection object at 0x00000277D02EF460>: Failed to establish a new connection: [WinError 10061] No connection could be made because the target machine actively refused it'))
[2026-06-20 09:47:57] [ERROR] [qd_client] Login attempt 1 failed: HTTPConnectionPool(host='localhost', port=8888): Max retries exceeded with url: /api/auth/login (Caused by NewConnectionError('<urllib3.connection.HTTPConnection object at 0x00000277D02EF020>: Failed to establish a new connection: [WinError 10061] No connection could be made because the target machine actively refused it'))
[2026-06-20 09:48:02] [ERROR] [qd_client] Get positions error: Failed to login to QuantDinger
[2026-06-20 09:48:06] [ERROR] [qd_client] Login attempt 2 failed: HTTPConnectionPool(host='localhost', port=8888): Max retries exceeded with url: /api/auth/login (Caused by NewConnectionError('<urllib3.connection.HTTPConnection object at 0x00000277D02ED260>: Failed to establish a new connection: [WinError 10061] No connection could be made because the target machine actively refused it'))
[2026-06-20 09:48:15] [ERROR] [qd_client] Login attempt 3 failed: HTTPConnectionPool(host='localhost', port=8888): Max retries exceeded with url: /api/auth/login (Caused by NewConnectionError('<urllib3.connection.HTTPConnection object at 0x00000277D02EF8A0>: Failed to establish a new connection: [WinError 10061] No connection could be made because the target machine actively refused it'))
[2026-06-20 09:48:20] [ERROR] [mt5_watchdog] MT5 check error: Failed to login to QuantDinger
[2026-06-20 09:48:20] [WARNING] [mt5_watchdog] MT5 disconnected! Attempt 51/3
[2026-06-20 09:48:24] [ERROR] [qd_client] Login attempt 1 failed: HTTPConnectionPool(host='localhost', port=8888): Max retries exceeded with url: /api/auth/login (Caused by NewConnectionError('<urllib3.connection.HTTPConnection object at 0x00000277D02EDD00>: Failed to establish a new connection: [WinError 10061] No connection could be made because the target machine actively refused it'))
[2026-06-20 09:48:33] [ERROR] [qd_client] Login attempt 2 failed: HTTPConnectionPool(host='localhost', port=8888): Max retries exceeded with url: /api/auth/login (Caused by NewConnectionError('<urllib3.connection.HTTPConnection object at 0x00000277D02EDBF0>: Failed to establish a new connection: [WinError 10061] No connection could be made because the target machine actively refused it'))
[2026-06-20 09:48:42] [ERROR] [qd_client] Login attempt 3 failed: HTTPConnectionPool(host='localhost', port=8888): Max retries exceeded with url: /api/auth/login (Caused by NewConnectionError('<urllib3.connection.HTTPConnection object at 0x00000277D02ED590>: Failed to establish a new connection: [WinError 10061] No connection could be made because the target machine actively refused it'))
[2026-06-20 09:48:47] [ERROR] [mt5_watchdog] MT5 reconnect error: Failed to login to QuantDinger
[2026-06-20 09:49:06] [ERROR] [qd_client] Login attempt 1 failed: HTTPConnectionPool(host='localhost', port=8888): Max retries exceeded with url: /api/auth/login (Caused by NewConnectionError('<urllib3.connection.HTTPConnection object at 0x00000277D05C4380>: Failed to establish a new connection: [WinError 10061] No connection could be made because the target machine actively refused it'))
[2026-06-20 09:49:15] [ERROR] [qd_client] Login attempt 2 failed: HTTPConnectionPool(host='localhost', port=8888): Max retries exceeded with url: /api/auth/login (Caused by NewConnectionError('<urllib3.connection.HTTPConnection object at 0x00000277D05C4160>: Failed to establish a new connection: [WinError 10061] No connection could be made because the target machine actively refused it'))
[2026-06-20 09:49:24] [ERROR] [qd_client] Login attempt 3 failed: HTTPConnectionPool(host='localhost', port=8888): Max retries exceeded with url: /api/auth/login (Caused by NewConnectionError('<urllib3.connection.HTTPConnection object at 0x00000277D02ED590>: Failed to establish a new connection: [WinError 10061] No connection could be made because the target machine actively refused it'))
[2026-06-20 09:49:29] [ERROR] [qd_client] Get positions error: Failed to login to QuantDinger
[2026-06-20 09:50:33] [ERROR] [qd_client] Login attempt 1 failed: HTTPConnectionPool(host='localhost', port=8888): Max retries exceeded with url: /api/auth/login (Caused by NewConnectionError('<urllib3.connection.HTTPConnection object at 0x00000277D02EDBF0>: Failed to establish a new connection: [WinError 10061] No connection could be made because the target machine actively refused it'))
[2026-06-20 09:50:42] [ERROR] [qd_client] Login attempt 2 failed: HTTPConnectionPool(host='localhost', port=8888): Max retries exceeded with url: /api/auth/login (Caused by NewConnectionError('<urllib3.connection.HTTPConnection object at 0x00000277D02EDD00>: Failed to establish a new connection: [WinError 10061] No connection could be made because the target machine actively refused it'))
[2026-06-20 09:50:51] [ERROR] [qd_client] Login attempt 3 failed: HTTPConnectionPool(host='localhost', port=8888): Max retries exceeded with url: /api/auth/login (Caused by NewConnectionError('<urllib3.connection.HTTPConnection object at 0x00000277D02EF8A0>: Failed to establish a new connection: [WinError 10061] No connection could be made because the target machine actively refused it'))
[2026-06-20 09:50:53] [ERROR] [qd_client] Login attempt 1 failed: HTTPConnectionPool(host='localhost', port=8888): Max retries exceeded with url: /api/auth/login (Caused by NewConnectionError('<urllib3.connection.HTTPConnection object at 0x00000277D02EF240>: Failed to establish a new connection: [WinError 10061] No connection could be made because the target machine actively refused it'))
[2026-06-20 09:50:56] [ERROR] [qd_client] Get positions error: Failed to login to QuantDinger
[2026-06-20 09:51:02] [ERROR] [qd_client] Login attempt 2 failed: HTTPConnectionPool(host='localhost', port=8888): Max retries exceeded with url: /api/auth/login (Caused by NewConnectionError('<urllib3.connection.HTTPConnection object at 0x00000277D02EF020>: Failed to establish a new connection: [WinError 10061] No connection could be made because the target machine actively refused it'))
[2026-06-20 09:51:11] [ERROR] [qd_client] Login attempt 3 failed: HTTPConnectionPool(host='localhost', port=8888): Max retries exceeded with url: /api/auth/login (Caused by NewConnectionError('<urllib3.connection.HTTPConnection object at 0x00000277D02EF460>: Failed to establish a new connection: [WinError 10061] No connection could be made because the target machine actively refused it'))
[2026-06-20 09:51:16] [ERROR] [mt5_watchdog] MT5 check error: Failed to login to QuantDinger
[2026-06-20 09:51:16] [WARNING] [mt5_watchdog] MT5 disconnected! Attempt 52/3
[2026-06-20 09:51:20] [ERROR] [qd_client] Login attempt 1 failed: HTTPConnectionPool(host='localhost', port=8888): Max retries exceeded with url: /api/auth/login (Caused by NewConnectionError('<urllib3.connection.HTTPConnection object at 0x00000277D02EEAD0>: Failed to establish a new connection: [WinError 10061] No connection could be made because the target machine actively refused it'))
[2026-06-20 09:51:29] [ERROR] [qd_client] Login attempt 2 failed: HTTPConnectionPool(host='localhost', port=8888): Max retries exceeded with url: /api/auth/login (Caused by NewConnectionError('<urllib3.connection.HTTPConnection object at 0x00000277D02EFBD0>: Failed to establish a new connection: [WinError 10061] No connection could be made because the target machine actively refused it'))
[2026-06-20 09:51:38] [ERROR] [qd_client] Login attempt 3 failed: HTTPConnectionPool(host='localhost', port=8888): Max retries exceeded with url: /api/auth/login (Caused by NewConnectionError('<urllib3.connection.HTTPConnection object at 0x00000277D02EE8B0>: Failed to establish a new connection: [WinError 10061] No connection could be made because the target machine actively refused it'))
[2026-06-20 09:51:43] [ERROR] [mt5_watchdog] MT5 reconnect error: Failed to login to QuantDinger
[2026-06-20 09:52:00] [ERROR] [qd_client] Login attempt 1 failed: HTTPConnectionPool(host='localhost', port=8888): Max retries exceeded with url: /api/auth/login (Caused by NewConnectionError('<urllib3.connection.HTTPConnection object at 0x00000277D02EEBE0>: Failed to establish a new connection: [WinError 10061] No connection could be made because the target machine actively refused it'))
[2026-06-20 09:52:09] [ERROR] [qd_client] Login attempt 2 failed: HTTPConnectionPool(host='localhost', port=8888): Max retries exceeded with url: /api/auth/login (Caused by NewConnectionError('<urllib3.connection.HTTPConnection object at 0x00000277D02EE7A0>: Failed to establish a new connection: [WinError 10061] No connection could be made because the target machine actively refused it'))
[2026-06-20 09:52:19] [ERROR] [qd_client] Login attempt 3 failed: HTTPConnectionPool(host='localhost', port=8888): Max retries exceeded with url: /api/auth/login (Caused by NewConnectionError('<urllib3.connection.HTTPConnection object at 0x00000277D02EE690>: Failed to establish a new connection: [WinError 10061] No connection could be made because the target machine actively refused it'))
[2026-06-20 09:52:24] [ERROR] [qd_client] Get positions error: Failed to login to QuantDinger
[2026-06-20 09:53:28] [ERROR] [qd_client] Login attempt 1 failed: HTTPConnectionPool(host='localhost', port=8888): Max retries exceeded with url: /api/auth/login (Caused by NewConnectionError('<urllib3.connection.HTTPConnection object at 0x00000277D02EFAC0>: Failed to establish a new connection: [WinError 10061] No connection could be made because the target machine actively refused it'))
[2026-06-20 09:53:37] [ERROR] [qd_client] Login attempt 2 failed: HTTPConnectionPool(host='localhost', port=8888): Max retries exceeded with url: /api/auth/login (Caused by NewConnectionError('<urllib3.connection.HTTPConnection object at 0x00000277D05C4160>: Failed to establish a new connection: [WinError 10061] No connection could be made because the target machine actively refused it'))
[2026-06-20 09:53:46] [ERROR] [qd_client] Login attempt 3 failed: HTTPConnectionPool(host='localhost', port=8888): Max retries exceeded with url: /api/auth/login (Caused by NewConnectionError('<urllib3.connection.HTTPConnection object at 0x00000277D05C4380>: Failed to establish a new connection: [WinError 10061] No connection could be made because the target machine actively refused it'))
[2026-06-20 09:53:49] [ERROR] [qd_client] Login attempt 1 failed: HTTPConnectionPool(host='localhost', port=8888): Max retries exceeded with url: /api/auth/login (Caused by NewConnectionError('<urllib3.connection.HTTPConnection object at 0x00000277D02EFAC0>: Failed to establish a new connection: [WinError 10061] No connection could be made because the target machine actively refused it'))
[2026-06-20 09:53:51] [ERROR] [qd_client] Get positions error: Failed to login to QuantDinger
[2026-06-20 09:53:58] [ERROR] [qd_client] Login attempt 2 failed: HTTPConnectionPool(host='localhost', port=8888): Max retries exceeded with url: /api/auth/login (Caused by NewConnectionError('<urllib3.connection.HTTPConnection object at 0x00000277D02EE360>: Failed to establish a new connection: [WinError 10061] No connection could be made because the target machine actively refused it'))
[2026-06-20 09:54:07] [ERROR] [qd_client] Login attempt 3 failed: HTTPConnectionPool(host='localhost', port=8888): Max retries exceeded with url: /api/auth/login (Caused by NewConnectionError('<urllib3.connection.HTTPConnection object at 0x00000277D02ED8C0>: Failed to establish a new connection: [WinError 10061] No connection could be made because the target machine actively refused it'))
[2026-06-20 09:54:12] [ERROR] [mt5_watchdog] MT5 check error: Failed to login to QuantDinger
[2026-06-20 09:54:12] [WARNING] [mt5_watchdog] MT5 disconnected! Attempt 53/3
[2026-06-20 09:54:14] [ERROR] [qd_client] Login attempt 1 failed: HTTPConnectionPool(host='localhost', port=8888): Max retries exceeded with url: /api/auth/login (Caused by NewConnectionError('<urllib3.connection.HTTPConnection object at 0x00000277D02ED370>: Failed to establish a new connection: [WinError 10061] No connection could be made because the target machine actively refused it'))
[2026-06-20 09:54:16] [ERROR] [qd_client] Login attempt 1 failed: HTTPConnectionPool(host='localhost', port=8888): Max retries exceeded with url: /api/auth/login (Caused by NewConnectionError('<urllib3.connection.HTTPConnection object at 0x00000277D02EF570>: Failed to establish a new connection: [WinError 10061] No connection could be made because the target machine actively refused it'))
[2026-06-20 09:54:23] [ERROR] [qd_client] Login attempt 2 failed: HTTPConnectionPool(host='localhost', port=8888): Max retries exceeded with url: /api/auth/login (Caused by NewConnectionError('<urllib3.connection.HTTPConnection object at 0x00000277D02EFBD0>: Failed to establish a new connection: [WinError 10061] No connection could be made because the target machine actively refused it'))
[2026-06-20 09:54:25] [ERROR] [qd_client] Login attempt 2 failed: HTTPConnectionPool(host='localhost', port=8888): Max retries exceeded with url: /api/auth/login (Caused by NewConnectionError('<urllib3.connection.HTTPConnection object at 0x00000277D02EECF0>: Failed to establish a new connection: [WinError 10061] No connection could be made because the target machine actively refused it'))
[2026-06-20 09:54:32] [ERROR] [qd_client] Login attempt 3 failed: HTTPConnectionPool(host='localhost', port=8888): Max retries exceeded with url: /api/auth/login (Caused by NewConnectionError('<urllib3.connection.HTTPConnection object at 0x00000277D02EF460>: Failed to establish a new connection: [WinError 10061] No connection could be made because the target machine actively refused it'))
[2026-06-20 09:54:34] [ERROR] [qd_client] Login attempt 3 failed: HTTPConnectionPool(host='localhost', port=8888): Max retries exceeded with url: /api/auth/login (Caused by NewConnectionError('<urllib3.connection.HTTPConnection object at 0x00000277D02EE030>: Failed to establish a new connection: [WinError 10061] No connection could be made because the target machine actively refused it'))
[2026-06-20 09:54:37] [ERROR] [qd_client] Get positions error: Failed to login to QuantDinger
[2026-06-20 09:54:39] [ERROR] [mt5_watchdog] MT5 reconnect error: Failed to login to QuantDinger
[2026-06-20 09:54:55] [ERROR] [qd_client] Login attempt 1 failed: HTTPConnectionPool(host='localhost', port=8888): Max retries exceeded with url: /api/auth/login (Caused by NewConnectionError('<urllib3.connection.HTTPConnection object at 0x00000277D02EFDF0>: Failed to establish a new connection: [WinError 10061] No connection could be made because the target machine actively refused it'))
[2026-06-20 09:55:04] [ERROR] [qd_client] Login attempt 2 failed: HTTPConnectionPool(host='localhost', port=8888): Max retries exceeded with url: /api/auth/login (Caused by NewConnectionError('<urllib3.connection.HTTPConnection object at 0x00000277D02ED260>: Failed to establish a new connection: [WinError 10061] No connection could be made because the target machine actively refused it'))
[2026-06-20 09:55:13] [ERROR] [qd_client] Login attempt 3 failed: HTTPConnectionPool(host='localhost', port=8888): Max retries exceeded with url: /api/auth/login (Caused by NewConnectionError('<urllib3.connection.HTTPConnection object at 0x00000277D02EE470>: Failed to establish a new connection: [WinError 10061] No connection could be made because the target machine actively refused it'))
[2026-06-20 09:55:18] [ERROR] [qd_client] Get positions error: Failed to login to QuantDinger
[2026-06-20 09:56:22] [ERROR] [qd_client] Login attempt 1 failed: HTTPConnectionPool(host='localhost', port=8888): Max retries exceeded with url: /api/auth/login (Caused by NewConnectionError('<urllib3.connection.HTTPConnection object at 0x00000277D02EC9E0>: Failed to establish a new connection: [WinError 10061] No connection could be made because the target machine actively refused it'))
[2026-06-20 09:56:31] [ERROR] [qd_client] Login attempt 2 failed: HTTPConnectionPool(host='localhost', port=8888): Max retries exceeded with url: /api/auth/login (Caused by NewConnectionError('<urllib3.connection.HTTPConnection object at 0x00000277D02EDAE0>: Failed to establish a new connection: [WinError 10061] No connection could be made because the target machine actively refused it'))
[2026-06-20 09:56:40] [ERROR] [qd_client] Login attempt 3 failed: HTTPConnectionPool(host='localhost', port=8888): Max retries exceeded with url: /api/auth/login (Caused by NewConnectionError('<urllib3.connection.HTTPConnection object at 0x00000277D05C4490>: Failed to establish a new connection: [WinError 10061] No connection could be made because the target machine actively refused it'))
[2026-06-20 09:56:45] [ERROR] [qd_client] Login attempt 1 failed: HTTPConnectionPool(host='localhost', port=8888): Max retries exceeded with url: /api/auth/login (Caused by NewConnectionError('<urllib3.connection.HTTPConnection object at 0x00000277D05C4270>: Failed to establish a new connection: [WinError 10061] No connection could be made because the target machine actively refused it'))
[2026-06-20 09:56:45] [ERROR] [qd_client] Get positions error: Failed to login to QuantDinger
[2026-06-20 09:56:54] [ERROR] [qd_client] Login attempt 2 failed: HTTPConnectionPool(host='localhost', port=8888): Max retries exceeded with url: /api/auth/login (Caused by NewConnectionError('<urllib3.connection.HTTPConnection object at 0x00000277D02EDAE0>: Failed to establish a new connection: [WinError 10061] No connection could be made because the target machine actively refused it'))
[2026-06-20 09:57:03] [ERROR] [qd_client] Login attempt 3 failed: HTTPConnectionPool(host='localhost', port=8888): Max retries exceeded with url: /api/auth/login (Caused by NewConnectionError('<urllib3.connection.HTTPConnection object at 0x00000277D02ED590>: Failed to establish a new connection: [WinError 10061] No connection could be made because the target machine actively refused it'))
[2026-06-20 09:57:08] [ERROR] [mt5_watchdog] MT5 check error: Failed to login to QuantDinger
[2026-06-20 09:57:08] [WARNING] [mt5_watchdog] MT5 disconnected! Attempt 54/3
[2026-06-20 09:57:12] [ERROR] [qd_client] Login attempt 1 failed: HTTPConnectionPool(host='localhost', port=8888): Max retries exceeded with url: /api/auth/login (Caused by NewConnectionError('<urllib3.connection.HTTPConnection object at 0x00000277D02EDBF0>: Failed to establish a new connection: [WinError 10061] No connection could be made because the target machine actively refused it'))
[2026-06-20 09:57:21] [ERROR] [qd_client] Login attempt 2 failed: HTTPConnectionPool(host='localhost', port=8888): Max retries exceeded with url: /api/auth/login (Caused by NewConnectionError('<urllib3.connection.HTTPConnection object at 0x00000277D02EDD00>: Failed to establish a new connection: [WinError 10061] No connection could be made because the target machine actively refused it'))
[2026-06-20 09:57:30] [ERROR] [qd_client] Login attempt 3 failed: HTTPConnectionPool(host='localhost', port=8888): Max retries exceeded with url: /api/auth/login (Caused by NewConnectionError('<urllib3.connection.HTTPConnection object at 0x00000277D02EF8A0>: Failed to establish a new connection: [WinError 10061] No connection could be made because the target machine actively refused it'))
[2026-06-20 09:57:35] [ERROR] [mt5_watchdog] MT5 reconnect error: Failed to login to QuantDinger
[2026-06-20 09:57:49] [ERROR] [qd_client] Login attempt 1 failed: HTTPConnectionPool(host='localhost', port=8888): Max retries exceeded with url: /api/auth/login (Caused by NewConnectionError('<urllib3.connection.HTTPConnection object at 0x00000277D02EF350>: Failed to establish a new connection: [WinError 10061] No connection could be made because the target machine actively refused it'))
[2026-06-20 09:57:58] [ERROR] [qd_client] Login attempt 2 failed: HTTPConnectionPool(host='localhost', port=8888): Max retries exceeded with url: /api/auth/login (Caused by NewConnectionError('<urllib3.connection.HTTPConnection object at 0x00000277D02EF020>: Failed to establish a new connection: [WinError 10061] No connection could be made because the target machine actively refused it'))
[2026-06-20 09:58:07] [ERROR] [qd_client] Login attempt 3 failed: HTTPConnectionPool(host='localhost', port=8888): Max retries exceeded with url: /api/auth/login (Caused by NewConnectionError('<urllib3.connection.HTTPConnection object at 0x00000277D02EF130>: Failed to establish a new connection: [WinError 10061] No connection could be made because the target machine actively refused it'))
[2026-06-20 09:58:12] [ERROR] [qd_client] Get positions error: Failed to login to QuantDinger
[2026-06-20 09:59:16] [ERROR] [qd_client] Login attempt 1 failed: HTTPConnectionPool(host='localhost', port=8888): Max retries exceeded with url: /api/auth/login (Caused by NewConnectionError('<urllib3.connection.HTTPConnection object at 0x00000277D02EEAD0>: Failed to establish a new connection: [WinError 10061] No connection could be made because the target machine actively refused it'))
[2026-06-20 09:59:26] [ERROR] [qd_client] Login attempt 2 failed: HTTPConnectionPool(host='localhost', port=8888): Max retries exceeded with url: /api/auth/login (Caused by NewConnectionError('<urllib3.connection.HTTPConnection object at 0x00000277D02EEF10>: Failed to establish a new connection: [WinError 10061] No connection could be made because the target machine actively refused it'))
[2026-06-20 09:59:35] [ERROR] [qd_client] Login attempt 3 failed: HTTPConnectionPool(host='localhost', port=8888): Max retries exceeded with url: /api/auth/login (Caused by NewConnectionError('<urllib3.connection.HTTPConnection object at 0x00000277D02EE8B0>: Failed to establish a new connection: [WinError 10061] No connection could be made because the target machine actively refused it'))
[2026-06-20 09:59:40] [ERROR] [qd_client] Get positions error: Failed to login to QuantDinger
[2026-06-20 09:59:41] [ERROR] [qd_client] Login attempt 1 failed: HTTPConnectionPool(host='localhost', port=8888): Max retries exceeded with url: /api/auth/login (Caused by NewConnectionError('<urllib3.connection.HTTPConnection object at 0x00000277D02EEBE0>: Failed to establish a new connection: [WinError 10061] No connection could be made because the target machine actively refused it'))
[2026-06-20 09:59:50] [ERROR] [qd_client] Login attempt 2 failed: HTTPConnectionPool(host='localhost', port=8888): Max retries exceeded with url: /api/auth/login (Caused by NewConnectionError('<urllib3.connection.HTTPConnection object at 0x00000277D02EE7A0>: Failed to establish a new connection: [WinError 10061] No connection could be made because the target machine actively refused it'))
[2026-06-20 09:59:59] [ERROR] [qd_client] Login attempt 3 failed: HTTPConnectionPool(host='localhost', port=8888): Max retries exceeded with url: /api/auth/login (Caused by NewConnectionError('<urllib3.connection.HTTPConnection object at 0x00000277D02EE690>: Failed to establish a new connection: [WinError 10061] No connection could be made because the target machine actively refused it'))
[2026-06-20 10:00:04] [ERROR] [mt5_watchdog] MT5 check error: Failed to login to QuantDinger
[2026-06-20 10:00:04] [WARNING] [mt5_watchdog] MT5 disconnected! Attempt 55/3
[2026-06-20 10:00:08] [ERROR] [qd_client] Login attempt 1 failed: HTTPConnectionPool(host='localhost', port=8888): Max retries exceeded with url: /api/auth/login (Caused by NewConnectionError('<urllib3.connection.HTTPConnection object at 0x00000277D02EF680>: Failed to establish a new connection: [WinError 10061] No connection could be made because the target machine actively refused it'))
[2026-06-20 10:00:17] [ERROR] [qd_client] Login attempt 2 failed: HTTPConnectionPool(host='localhost', port=8888): Max retries exceeded with url: /api/auth/login (Caused by NewConnectionError('<urllib3.connection.HTTPConnection object at 0x00000277D02EEE00>: Failed to establish a new connection: [WinError 10061] No connection could be made because the target machine actively refused it'))
[2026-06-20 10:00:26] [ERROR] [qd_client] Login attempt 3 failed: HTTPConnectionPool(host='localhost', port=8888): Max retries exceeded with url: /api/auth/login (Caused by NewConnectionError('<urllib3.connection.HTTPConnection object at 0x00000277D02EEE00>: Failed to establish a new connection: [WinError 10061] No connection could be made because the target machine actively refused it'))
[2026-06-20 10:00:31] [ERROR] [mt5_watchdog] MT5 reconnect error: Failed to login to QuantDinger
[2026-06-20 10:00:44] [ERROR] [qd_client] Login attempt 1 failed: HTTPConnectionPool(host='localhost', port=8888): Max retries exceeded with url: /api/auth/login (Caused by NewConnectionError('<urllib3.connection.HTTPConnection object at 0x00000277D02EE580>: Failed to establish a new connection: [WinError 10061] No connection could be made because the target machine actively refused it'))
[2026-06-20 10:00:53] [ERROR] [qd_client] Login attempt 2 failed: HTTPConnectionPool(host='localhost', port=8888): Max retries exceeded with url: /api/auth/login (Caused by NewConnectionError('<urllib3.connection.HTTPConnection object at 0x00000277D02EF790>: Failed to establish a new connection: [WinError 10061] No connection could be made because the target machine actively refused it'))
[2026-06-20 10:01:02] [ERROR] [qd_client] Login attempt 3 failed: HTTPConnectionPool(host='localhost', port=8888): Max retries exceeded with url: /api/auth/login (Caused by NewConnectionError('<urllib3.connection.HTTPConnection object at 0x00000277D02EFAC0>: Failed to establish a new connection: [WinError 10061] No connection could be made because the target machine actively refused it'))
[2026-06-20 10:01:07] [ERROR] [qd_client] Get positions error: Failed to login to QuantDinger
[2026-06-20 10:02:11] [ERROR] [qd_client] Login attempt 1 failed: HTTPConnectionPool(host='localhost', port=8888): Max retries exceeded with url: /api/auth/login (Caused by NewConnectionError('<urllib3.connection.HTTPConnection object at 0x00000277D02EE360>: Failed to establish a new connection: [WinError 10061] No connection could be made because the target machine actively refused it'))
[2026-06-20 10:02:20] [ERROR] [qd_client] Login attempt 2 failed: HTTPConnectionPool(host='localhost', port=8888): Max retries exceeded with url: /api/auth/login (Caused by NewConnectionError('<urllib3.connection.HTTPConnection object at 0x00000277D02ED8C0>: Failed to establish a new connection: [WinError 10061] No connection could be made because the target machine actively refused it'))
[2026-06-20 10:02:29] [ERROR] [qd_client] Login attempt 3 failed: HTTPConnectionPool(host='localhost', port=8888): Max retries exceeded with url: /api/auth/login (Caused by NewConnectionError('<urllib3.connection.HTTPConnection object at 0x00000277D02ED370>: Failed to establish a new connection: [WinError 10061] No connection could be made because the target machine actively refused it'))
[2026-06-20 10:02:34] [ERROR] [qd_client] Get positions error: Failed to login to QuantDinger
[2026-06-20 10:02:37] [ERROR] [qd_client] Login attempt 1 failed: HTTPConnectionPool(host='localhost', port=8888): Max retries exceeded with url: /api/auth/login (Caused by NewConnectionError('<urllib3.connection.HTTPConnection object at 0x00000277D02EF570>: Failed to establish a new connection: [WinError 10061] No connection could be made because the target machine actively refused it'))
[2026-06-20 10:02:46] [ERROR] [qd_client] Login attempt 2 failed: HTTPConnectionPool(host='localhost', port=8888): Max retries exceeded with url: /api/auth/login (Caused by NewConnectionError('<urllib3.connection.HTTPConnection object at 0x00000277D02EFBD0>: Failed to establish a new connection: [WinError 10061] No connection could be made because the target machine actively refused it'))
[2026-06-20 10:02:55] [ERROR] [qd_client] Login attempt 3 failed: HTTPConnectionPool(host='localhost', port=8888): Max retries exceeded with url: /api/auth/login (Caused by NewConnectionError('<urllib3.connection.HTTPConnection object at 0x00000277D02EECF0>: Failed to establish a new connection: [WinError 10061] No connection could be made because the target machine actively refused it'))
[2026-06-20 10:03:00] [ERROR] [mt5_watchdog] MT5 check error: Failed to login to QuantDinger
[2026-06-20 10:03:00] [WARNING] [mt5_watchdog] MT5 disconnected! Attempt 56/3
[2026-06-20 10:03:04] [ERROR] [qd_client] Login attempt 1 failed: HTTPConnectionPool(host='localhost', port=8888): Max retries exceeded with url: /api/auth/login (Caused by NewConnectionError('<urllib3.connection.HTTPConnection object at 0x00000277D02EF460>: Failed to establish a new connection: [WinError 10061] No connection could be made because the target machine actively refused it'))
[2026-06-20 10:03:13] [ERROR] [qd_client] Login attempt 2 failed: HTTPConnectionPool(host='localhost', port=8888): Max retries exceeded with url: /api/auth/login (Caused by NewConnectionError('<urllib3.connection.HTTPConnection object at 0x00000277D02EF8A0>: Failed to establish a new connection: [WinError 10061] No connection could be made because the target machine actively refused it'))
[2026-06-20 10:03:22] [ERROR] [qd_client] Login attempt 3 failed: HTTPConnectionPool(host='localhost', port=8888): Max retries exceeded with url: /api/auth/login (Caused by NewConnectionError('<urllib3.connection.HTTPConnection object at 0x00000277D02EDD00>: Failed to establish a new connection: [WinError 10061] No connection could be made because the target machine actively refused it'))
[2026-06-20 10:03:27] [ERROR] [mt5_watchdog] MT5 reconnect error: Failed to login to QuantDinger
[2026-06-20 10:03:38] [ERROR] [qd_client] Login attempt 1 failed: HTTPConnectionPool(host='localhost', port=8888): Max retries exceeded with url: /api/auth/login (Caused by NewConnectionError('<urllib3.connection.HTTPConnection object at 0x00000277D02ED260>: Failed to establish a new connection: [WinError 10061] No connection could be made because the target machine actively refused it'))
[2026-06-20 10:03:47] [ERROR] [qd_client] Login attempt 2 failed: HTTPConnectionPool(host='localhost', port=8888): Max retries exceeded with url: /api/auth/login (Caused by NewConnectionError('<urllib3.connection.HTTPConnection object at 0x00000277D02EE470>: Failed to establish a new connection: [WinError 10061] No connection could be made because the target machine actively refused it'))
[2026-06-20 10:03:56] [ERROR] [qd_client] Login attempt 3 failed: HTTPConnectionPool(host='localhost', port=8888): Max retries exceeded with url: /api/auth/login (Caused by NewConnectionError('<urllib3.connection.HTTPConnection object at 0x00000277D02EC9E0>: Failed to establish a new connection: [WinError 10061] No connection could be made because the target machine actively refused it'))
[2026-06-20 10:04:01] [ERROR] [qd_client] Get positions error: Failed to login to QuantDinger
[2026-06-20 10:05:02] [INFO] [qd_client] Logged in to QuantDinger
[2026-06-20 10:05:26] [INFO] [main] Trading Bot V3 starting...
[2026-06-20 10:05:26] [INFO] [database] V3 Database initialized with all tables
[2026-06-20 10:05:29] [WARNING] [mt5_watchdog] MT5 disconnected! Attempt 57/3
[2026-06-20 10:05:29] [INFO] [qd_client] Logged in to QuantDinger
[2026-06-20 10:05:30] [ERROR] [qd_client] Login attempt 1 failed: HTTPConnectionPool(host='localhost', port=5000): Max retries exceeded with url: /api/auth/login (Caused by NewConnectionError('<urllib3.connection.HTTPConnection object at 0x000001D236171400>: Failed to establish a new connection: [WinError 10061] No connection could be made because the target machine actively refused it'))
[2026-06-20 10:05:30] [INFO] [mt5_watchdog] MT5 reconnected! Balance: 73516.0
[2026-06-20 10:05:30] [INFO] [mt5_watchdog] MT5 reconnected successfully!
[2026-06-20 10:05:35] [INFO] [qd_client] Logged in to QuantDinger
[2026-06-20 10:05:35] [INFO] [qd_client] MT5 connected
[2026-06-20 10:05:35] [INFO] [main] MT5 connected
[2026-06-20 10:05:35] [INFO] [telegram_bot] Telegram polling started
[2026-06-20 10:05:35] [INFO] [telegram_bot] Telegram bot V3 started
[2026-06-20 10:05:35] [INFO] [mt5_watchdog] MT5 watchdog started (V1 reconnect logic)
[2026-06-20 10:05:35] [INFO] [reconciliation] Reconciliation loop started (every 60s)
[2026-06-20 10:05:35] [INFO] [reconciliation] Reconciliation thread started
[2026-06-20 10:05:36] [INFO] [main] ==================================================
[2026-06-20 10:05:36] [INFO] [main] Cycle 1 at 10:05:36
[2026-06-20 10:05:47] [INFO] [news_fetcher] Fetched 0 relevant news items
[2026-06-20 10:05:47] [WARNING] [main] No news fetched
[2026-06-20 10:05:47] [INFO] [main] Sleeping 1800s...
[2026-06-20 10:06:02] [INFO] [qd_client] Logged in to QuantDinger
[2026-06-20 10:06:35] [WARNING] [mt5_watchdog] MT5 disconnected! Attempt 1/3
[2026-06-20 10:06:36] [INFO] [qd_client] Logged in to QuantDinger
[2026-06-20 10:06:37] [INFO] [qd_client] Logged in to QuantDinger
[2026-06-20 10:06:37] [INFO] [mt5_watchdog] MT5 already connected
[2026-06-20 10:06:37] [INFO] [mt5_watchdog] MT5 reconnected successfully!
[2026-06-20 10:07:03] [INFO] [qd_client] Logged in to QuantDinger
[2026-06-20 10:07:36] [INFO] [qd_client] Logged in to QuantDinger
[2026-06-20 10:08:03] [INFO] [qd_client] Logged in to QuantDinger
[2026-06-20 10:08:37] [INFO] [qd_client] Logged in to QuantDinger
[2026-06-20 10:09:04] [INFO] [qd_client] Logged in to QuantDinger
[2026-06-20 10:09:37] [INFO] [qd_client] Logged in to QuantDinger
[2026-06-20 10:09:39] [INFO] [qd_client] Logged in to QuantDinger
[2026-06-20 10:10:30] [INFO] [qd_client] Logged in to QuantDinger
[2026-06-20 10:10:47] [INFO] [news_fetcher] Fetched 0 relevant news items
[2026-06-20 10:10:48] [INFO] [news_fetcher] Fetched 0 relevant news items
[2026-06-20 10:10:49] [INFO] [deepseek] AI analysis EURUSD: bias=neutral score=0 conf=0.00
[2026-06-20 10:10:49] [DEBUG] [hybrid_market_client] Fetching indicators for EURUSD (method: QuantDinger)
[2026-06-20 10:10:49] [DEBUG] [market_client] Candles EURUSD 4H: 100 bars ✓
[2026-06-20 10:10:49] [DEBUG] [hybrid_market_client] ✓ Got real data from QuantDinger for EURUSD
[2026-06-20 10:10:49] [DEBUG] [hybrid_market_client] Fetching indicators for EURUSD (method: QuantDinger)
[2026-06-20 10:10:49] [DEBUG] [market_client] Using cached candles for EURUSD H4 (age: 0s)
[2026-06-20 10:10:49] [DEBUG] [hybrid_market_client] ✓ Got real data from QuantDinger for EURUSD
[2026-06-20 10:10:49] [DEBUG] [hybrid_market_client] Fetching indicators for EURUSD (method: QuantDinger)
[2026-06-20 10:10:49] [DEBUG] [market_client] Candles EURUSD 4H: 100 bars ✓
[2026-06-20 10:10:49] [DEBUG] [hybrid_market_client] ✓ Got real data from QuantDinger for EURUSD
[2026-06-20 10:10:50] [INFO] [deepseek] AI analysis EURUSD: bias=neutral score=0 conf=0.00
[2026-06-20 10:10:50] [DEBUG] [hybrid_market_client] Fetching indicators for EURUSD (method: QuantDinger)
[2026-06-20 10:10:50] [DEBUG] [market_client] Candles EURUSD 4H: 100 bars ✓
[2026-06-20 10:10:50] [DEBUG] [hybrid_market_client] ✓ Got real data from QuantDinger for EURUSD
[2026-06-20 10:10:50] [DEBUG] [hybrid_market_client] Fetching indicators for EURUSD (method: QuantDinger)
[2026-06-20 10:10:50] [DEBUG] [market_client] Using cached candles for EURUSD H4 (age: 0s)
[2026-06-20 10:10:50] [DEBUG] [hybrid_market_client] ✓ Got real data from QuantDinger for EURUSD
[2026-06-20 10:10:50] [DEBUG] [hybrid_market_client] Fetching indicators for EURUSD (method: QuantDinger)
[2026-06-20 10:10:51] [DEBUG] [market_client] Candles EURUSD 4H: 100 bars ✓
[2026-06-20 10:10:51] [DEBUG] [hybrid_market_client] ✓ Got real data from QuantDinger for EURUSD
[2026-06-20 10:10:51] [INFO] [deepseek] AI analysis XAUUSD: bias=neutral score=0 conf=0.00
[2026-06-20 10:10:51] [DEBUG] [hybrid_market_client] Fetching indicators for XAUUSD (method: QuantDinger)
[2026-06-20 10:10:52] [DEBUG] [market_client] Candles XAUUSD 4H: 100 bars ✓
[2026-06-20 10:10:52] [DEBUG] [hybrid_market_client] ✓ Got real data from QuantDinger for XAUUSD
[2026-06-20 10:10:52] [DEBUG] [hybrid_market_client] Fetching indicators for XAUUSD (method: QuantDinger)
[2026-06-20 10:10:52] [DEBUG] [market_client] Using cached candles for XAUUSD H4 (age: 0s)
[2026-06-20 10:10:52] [DEBUG] [hybrid_market_client] ✓ Got real data from QuantDinger for XAUUSD
[2026-06-20 10:10:52] [DEBUG] [hybrid_market_client] Fetching indicators for XAUUSD (method: QuantDinger)
[2026-06-20 10:10:52] [DEBUG] [market_client] Candles XAUUSD 4H: 100 bars ✓
[2026-06-20 10:10:52] [DEBUG] [hybrid_market_client] ✓ Got real data from QuantDinger for XAUUSD
[2026-06-20 10:10:54] [INFO] [deepseek] AI analysis XAUUSD: bias=neutral score=0 conf=0.00
[2026-06-20 10:10:54] [DEBUG] [hybrid_market_client] Fetching indicators for XAUUSD (method: QuantDinger)
[2026-06-20 10:10:54] [DEBUG] [market_client] Candles XAUUSD 4H: 100 bars ✓
[2026-06-20 10:10:54] [DEBUG] [hybrid_market_client] ✓ Got real data from QuantDinger for XAUUSD
[2026-06-20 10:10:54] [DEBUG] [hybrid_market_client] Fetching indicators for XAUUSD (method: QuantDinger)
[2026-06-20 10:10:54] [DEBUG] [market_client] Using cached candles for XAUUSD H4 (age: 0s)
[2026-06-20 10:10:54] [DEBUG] [hybrid_market_client] ✓ Got real data from QuantDinger for XAUUSD
[2026-06-20 10:10:54] [DEBUG] [hybrid_market_client] Fetching indicators for XAUUSD (method: QuantDinger)
[2026-06-20 10:10:54] [DEBUG] [market_client] Candles XAUUSD 4H: 100 bars ✓
[2026-06-20 10:10:54] [DEBUG] [hybrid_market_client] ✓ Got real data from QuantDinger for XAUUSD
[2026-06-20 10:10:55] [INFO] [deepseek] AI analysis GBPUSD: bias=neutral score=30.0 conf=0.40
[2026-06-20 10:10:55] [DEBUG] [hybrid_market_client] Fetching indicators for GBPUSD (method: QuantDinger)
[2026-06-20 10:10:55] [DEBUG] [market_client] Candles GBPUSD 4H: 100 bars ✓
[2026-06-20 10:10:55] [DEBUG] [hybrid_market_client] ✓ Got real data from QuantDinger for GBPUSD
[2026-06-20 10:10:55] [DEBUG] [hybrid_market_client] Fetching indicators for GBPUSD (method: QuantDinger)
[2026-06-20 10:10:55] [DEBUG] [market_client] Using cached candles for GBPUSD H4 (age: 0s)
[2026-06-20 10:10:55] [DEBUG] [hybrid_market_client] ✓ Got real data from QuantDinger for GBPUSD
[2026-06-20 10:10:55] [DEBUG] [hybrid_market_client] Fetching indicators for GBPUSD (method: QuantDinger)
[2026-06-20 10:10:55] [DEBUG] [market_client] Candles GBPUSD 4H: 100 bars ✓
[2026-06-20 10:10:55] [DEBUG] [hybrid_market_client] ✓ Got real data from QuantDinger for GBPUSD
[2026-06-20 10:10:57] [INFO] [deepseek] AI analysis GBPUSD: bias=neutral score=0 conf=0.00
[2026-06-20 10:10:57] [DEBUG] [hybrid_market_client] Fetching indicators for GBPUSD (method: QuantDinger)
[2026-06-20 10:10:57] [DEBUG] [market_client] Candles GBPUSD 4H: 100 bars ✓
[2026-06-20 10:10:57] [DEBUG] [hybrid_market_client] ✓ Got real data from QuantDinger for GBPUSD
[2026-06-20 10:10:57] [DEBUG] [hybrid_market_client] Fetching indicators for GBPUSD (method: QuantDinger)
[2026-06-20 10:10:57] [DEBUG] [market_client] Using cached candles for GBPUSD H4 (age: 0s)
[2026-06-20 10:10:57] [DEBUG] [hybrid_market_client] ✓ Got real data from QuantDinger for GBPUSD
[2026-06-20 10:10:57] [DEBUG] [hybrid_market_client] Fetching indicators for GBPUSD (method: QuantDinger)
[2026-06-20 10:10:57] [DEBUG] [market_client] Candles GBPUSD 4H: 100 bars ✓
[2026-06-20 10:10:57] [DEBUG] [hybrid_market_client] ✓ Got real data from QuantDinger for GBPUSD
[2026-06-20 10:11:04] [INFO] [qd_client] Logged in to QuantDinger
[2026-06-20 10:11:32] [ERROR] [mt5_watchdog] MT5 check error: Expecting value: line 1 column 1 (char 0)
[2026-06-20 10:11:32] [WARNING] [mt5_watchdog] MT5 disconnected! Attempt 1/3
[2026-06-20 10:11:33] [ERROR] [qd_client] Login attempt 1 failed: Expecting value: line 1 column 1 (char 0)
[2026-06-20 10:11:38] [ERROR] [qd_client] Login attempt 2 failed: Expecting value: line 1 column 1 (char 0)
[2026-06-20 10:11:43] [ERROR] [qd_client] Login attempt 3 failed: Expecting value: line 1 column 1 (char 0)
[2026-06-20 23:11:36] [INFO] [qd_client] Logged in to QuantDinger
[2026-06-20 23:11:36] [INFO] [qd_client] MT5 connected
[2026-06-20 23:11:36] [DEBUG] [qd_client] Opening trade payload: GBPUSD BUY volume=0.01
[2026-06-20 23:11:36] [ERROR] [qd_client] Trade failed: {'success': False, 'error': 'Order rejected: AutoTrading disabled by client'}
[2026-06-20 23:11:36] [DEBUG] [qd_client] Opening trade payload: GBPUSD BUY volume=0.01
[2026-06-20 23:11:36] [ERROR] [qd_client] Trade failed: {'success': False, 'error': 'Order rejected: AutoTrading disabled by client'}
[2026-06-20 23:11:36] [DEBUG] [qd_client] Opening trade payload: GBPUSD BUY volume=0.01
[2026-06-20 23:11:36] [ERROR] [qd_client] Trade failed: {'success': False, 'error': 'Order rejected: AutoTrading disabled by client'}
[2026-06-20 23:20:13] [INFO] [qd_client] Logged in to QuantDinger
[2026-06-20 23:20:13] [INFO] [qd_client] MT5 connected
[2026-06-20 23:20:13] [DEBUG] [qd_client] Opening trade payload: GBPUSD BUY volume=0.01
[2026-06-20 23:20:13] [ERROR] [qd_client] Trade failed: {'success': False, 'error': 'Order rejected: Unsupported filling mode'}
[2026-06-20 23:20:13] [DEBUG] [qd_client] Opening trade payload: GBPUSD BUY volume=0.01
[2026-06-20 23:20:13] [ERROR] [qd_client] Trade failed: {'success': False, 'error': 'Order rejected: Unsupported filling mode'}
[2026-06-20 23:20:13] [DEBUG] [qd_client] Opening trade payload: GBPUSD BUY volume=0.01
[2026-06-20 23:20:13] [ERROR] [qd_client] Trade failed: {'success': False, 'error': 'Order rejected: Unsupported filling mode'}
[2026-06-20 23:23:50] [INFO] [qd_client] Logged in to QuantDinger
[2026-06-20 23:23:50] [INFO] [qd_client] MT5 connected
[2026-06-20 23:23:50] [DEBUG] [qd_client] Opening trade payload: GBPUSD BUY volume=0.01
[2026-06-20 23:23:50] [ERROR] [qd_client] Trade failed: {'success': False, 'error': 'Order rejected: Unsupported filling mode'}
[2026-06-20 23:23:50] [DEBUG] [qd_client] Opening trade payload: GBPUSD BUY volume=0.01
[2026-06-20 23:23:50] [ERROR] [qd_client] Trade failed: {'success': False, 'error': 'Order rejected: Unsupported filling mode'}
[2026-06-20 23:23:50] [DEBUG] [qd_client] Opening trade payload: GBPUSD BUY volume=0.01
[2026-06-20 23:23:50] [ERROR] [qd_client] Trade failed: {'success': False, 'error': 'Order rejected: Unsupported filling mode'}
[2026-06-20 23:30:20] [INFO] [qd_client] Logged in to QuantDinger
[2026-06-20 23:30:20] [INFO] [qd_client] MT5 connected
[2026-06-20 23:30:20] [DEBUG] [qd_client] Opening trade payload: XAU/USD BUY volume=0.01
[2026-06-20 23:30:20] [ERROR] [qd_client] Trade failed: {'success': False, 'error': 'Order rejected: Market closed'}
[2026-06-20 23:30:20] [DEBUG] [qd_client] Opening trade payload: XAU/USD BUY volume=0.01
[2026-06-20 23:30:20] [ERROR] [qd_client] Trade failed: {'success': False, 'error': 'Order rejected: Market closed'}
[2026-06-20 23:30:20] [DEBUG] [qd_client] Opening trade payload: XAU/USD BUY volume=0.01
[2026-06-20 23:30:20] [ERROR] [qd_client] Trade failed: {'success': False, 'error': 'Order rejected: Market closed'}
[2026-06-20 23:31:21] [INFO] [qd_client] Logged in to QuantDinger
[2026-06-20 23:31:21] [INFO] [qd_client] MT5 connected
[2026-06-20 23:31:21] [DEBUG] [qd_client] Opening trade payload: GBPUSD BUY volume=0.01
[2026-06-20 23:31:21] [ERROR] [qd_client] Trade failed: {'success': False, 'error': 'Order rejected: Unsupported filling mode'}
[2026-06-20 23:31:21] [DEBUG] [qd_client] Opening trade payload: GBPUSD BUY volume=0.01
[2026-06-20 23:31:21] [ERROR] [qd_client] Trade failed: {'success': False, 'error': 'Order rejected: Unsupported filling mode'}
[2026-06-20 23:31:21] [DEBUG] [qd_client] Opening trade payload: GBPUSD BUY volume=0.01
[2026-06-20 23:31:21] [ERROR] [qd_client] Trade failed: {'success': False, 'error': 'Order rejected: Unsupported filling mode'}
