[2026-07-10 14:49:36] [INFO] [main] Trading Bot V3 starting...
[2026-07-10 14:49:36] [INFO] [database] V3 Database initialized with all tables
[2026-07-10 14:49:36] [INFO] [qd_client] Logged in to QuantDinger
[2026-07-10 14:49:36] [INFO] [qd_client] MT5 connected
[2026-07-10 14:49:36] [INFO] [main] MT5 connected
[2026-07-10 14:49:36] [INFO] [main] [STARTUP_SAFETY] Starting startup safety check (run-once)
[2026-07-10 14:49:36] [WARNING] [main] [STARTUP_SAFETY] mt5.positions_get None diagnostic last_error=(1, 'Success')
[2026-07-10 14:49:36] [INFO] [main] [STARTUP_SAFETY] MT5 open positions count=0
[2026-07-10 14:49:36] [INFO] [main] [STARTUP_SAFETY] DB open trades count=1
[2026-07-10 14:49:36] [INFO] [main] [STARTUP_SAFETY] missing_in_db(MT5-only)=0 missing_in_mt5(DB-only)=1
[2026-07-10 14:49:36] [WARNING] [main] [STARTUP_SAFETY] DB-only orphan possible (not imported into MT5): order_id=9495162770 symbol=EURUSD direction=BUY (No deletion performed in startup safety check.)
[2026-07-10 14:49:36] [INFO] [main] [STARTUP_SAFETY] Synced open positions count=0
[2026-07-10 14:49:36] [INFO] [main] [STARTUP_SAFETY] Completed startup safety check successfully
[2026-07-10 14:49:36] [INFO] [telegram_bot] Telegram polling started
[2026-07-10 14:49:36] [INFO] [telegram_bot] Telegram bot V3 started
[2026-07-10 14:49:36] [INFO] [mt5_watchdog] MT5 watchdog started (V1 reconnect logic)
[2026-07-10 14:49:36] [INFO] [reconciliation] Reconciliation loop started (every 60s)
[2026-07-10 14:49:36] [INFO] [reconciliation] Reconciliation thread started (safety only)
[2026-07-10 14:49:36] [INFO] [post_entry_manager] PostEntryManager started
[2026-07-10 14:49:36] [WARNING] [reconciliation] Orphan trade in DB (no longer in QD): trade_id=78 order_id=9495162770
[2026-07-10 14:49:36] [INFO] [reconciliation] Ignoring orphan during bot warmup window: order_id=9495162770
[2026-07-10 14:49:37] [INFO] [main] ==================================================
[2026-07-10 14:49:37] [INFO] [main] Cycle 1 at 14:49:37
[2026-07-10 14:49:37] [INFO] [main] [GUARD] Found 1 open trade(s) in database.
[2026-07-10 14:49:37] [INFO] [main] [GUARD] Open positions detected. Skipping all trading this cycle.
[2026-07-10 14:49:37] [INFO] [main] Sleeping 1800s...
[2026-07-10 14:50:36] [WARNING] [reconciliation] Orphan trade in DB (no longer in QD): trade_id=78 order_id=9495162770
[2026-07-10 14:50:36] [INFO] [reconciliation] Ignoring orphan during bot warmup window: order_id=9495162770
[2026-07-10 14:51:36] [WARNING] [reconciliation] Orphan trade in DB (no longer in QD): trade_id=78 order_id=9495162770
[2026-07-10 14:51:36] [WARNING] [reconciliation] Orphan trade pending confirmation cycle 1/3: order_id=9495162770
[2026-07-10 14:51:36] [INFO] [reconciliation] Reconciliation: {'db_count': 1, 'qd_count': 0, 'fixes': 0, 'mismatches': ['DB orphan pending: trade_id 78 order_id 9495162770 cycle 1/3']}
[2026-07-10 14:52:36] [WARNING] [reconciliation] Orphan trade in DB (no longer in QD): trade_id=78 order_id=9495162770
[2026-07-10 14:52:36] [WARNING] [reconciliation] Orphan trade pending confirmation cycle 2/3: order_id=9495162770
[2026-07-10 14:52:36] [INFO] [reconciliation] Reconciliation: {'db_count': 1, 'qd_count': 0, 'fixes': 0, 'mismatches': ['DB orphan pending: trade_id 78 order_id 9495162770 cycle 2/3']}
[2026-07-10 14:53:36] [WARNING] [reconciliation] Orphan trade in DB (no longer in QD): trade_id=78 order_id=9495162770
[2026-07-10 14:53:36] [WARNING] [reconciliation] [RECONCILE] Orphan confirmed after 3 cycles; closing DB: order_id=9495162770
[2026-07-10 14:53:37] [INFO] [reconciliation] Reconciliation: {'db_count': 1, 'qd_count': 0, 'fixes': 1, 'mismatches': ['DB orphan closed after confirmation: trade_id 78 order_id 9495162770']}
[2026-07-10 15:19:37] [INFO] [main] ==================================================
[2026-07-10 15:19:37] [INFO] [main] Cycle 2 at 15:19:37
[2026-07-10 15:19:47] [INFO] [news_fetcher] Fetched 25 relevant news items
[2026-07-10 15:19:47] [INFO] [main] Equity: 74410.87$ | News: 25
[2026-07-10 15:19:47] [DEBUG] [hybrid_market_client] Fetching indicators for EURUSD (QuantDinger only)
[2026-07-10 15:19:52] [DEBUG] [market_client] Candles EURUSD 4H: 100 bars ✓
[2026-07-10 15:19:52] [DEBUG] [hybrid_market_client] ✓ Got live data from QuantDinger for EURUSD
[2026-07-10 15:19:52] [DEBUG] [hybrid_market_client] Fetching indicators for EURUSD (QuantDinger only)
[2026-07-10 15:19:52] [DEBUG] [market_client] Candles EURUSD 4H: 100 bars ✓
[2026-07-10 15:19:52] [DEBUG] [hybrid_market_client] ✓ Got live data from QuantDinger for EURUSD
[2026-07-10 15:19:52] [DEBUG] [hybrid_market_client] Fetching indicators for EURUSD (QuantDinger only)
[2026-07-10 15:19:52] [DEBUG] [market_client] Candles EURUSD 4H: 100 bars ✓
[2026-07-10 15:19:52] [DEBUG] [hybrid_market_client] ✓ Got live data from QuantDinger for EURUSD
[2026-07-10 15:19:52] [INFO] [market_snapshot_builder] [SNAPSHOT_BUILT] symbol=EURUSD tfs=H4,H1,M15
[2026-07-10 15:19:52] [DEBUG] [hybrid_market_client] Fetching indicators for XAUUSD (QuantDinger only)
[2026-07-10 15:19:52] [DEBUG] [market_client] Candles XAUUSD 4H: 100 bars ✓
[2026-07-10 15:19:52] [DEBUG] [hybrid_market_client] ✓ Got live data from QuantDinger for XAUUSD
[2026-07-10 15:19:52] [DEBUG] [hybrid_market_client] Fetching indicators for XAUUSD (QuantDinger only)
[2026-07-10 15:19:52] [DEBUG] [market_client] Candles XAUUSD 4H: 100 bars ✓
[2026-07-10 15:19:52] [DEBUG] [hybrid_market_client] ✓ Got live data from QuantDinger for XAUUSD
[2026-07-10 15:19:52] [DEBUG] [hybrid_market_client] Fetching indicators for XAUUSD (QuantDinger only)
[2026-07-10 15:19:52] [DEBUG] [market_client] Candles XAUUSD 4H: 100 bars ✓
[2026-07-10 15:19:52] [DEBUG] [hybrid_market_client] ✓ Got live data from QuantDinger for XAUUSD
[2026-07-10 15:19:52] [INFO] [market_snapshot_builder] [SNAPSHOT_BUILT] symbol=XAUUSD tfs=H4,H1,M15
[2026-07-10 15:19:52] [DEBUG] [hybrid_market_client] Fetching indicators for GBPUSD (QuantDinger only)
[2026-07-10 15:19:52] [DEBUG] [market_client] Candles GBPUSD 4H: 100 bars ✓
[2026-07-10 15:19:52] [DEBUG] [hybrid_market_client] ✓ Got live data from QuantDinger for GBPUSD
[2026-07-10 15:19:52] [DEBUG] [hybrid_market_client] Fetching indicators for GBPUSD (QuantDinger only)
[2026-07-10 15:19:52] [DEBUG] [market_client] Candles GBPUSD 4H: 100 bars ✓
[2026-07-10 15:19:52] [DEBUG] [hybrid_market_client] ✓ Got live data from QuantDinger for GBPUSD
[2026-07-10 15:19:52] [DEBUG] [hybrid_market_client] Fetching indicators for GBPUSD (QuantDinger only)
[2026-07-10 15:19:52] [DEBUG] [market_client] Candles GBPUSD 4H: 100 bars ✓
[2026-07-10 15:19:52] [DEBUG] [hybrid_market_client] ✓ Got live data from QuantDinger for GBPUSD
[2026-07-10 15:19:52] [INFO] [market_snapshot_builder] [SNAPSHOT_BUILT] symbol=GBPUSD tfs=H4,H1,M15
[2026-07-10 15:19:52] [INFO] [main] --- EURUSD ---
[2026-07-10 15:19:56] [INFO] [deepseek] DEEPSEEK OK: {
  "impact_score": 65,
  "bias": "bullish",
  "confidence": 0.75,
  "reason": "الاتجاه الصاعد القوي...
[2026-07-10 15:19:56] [INFO] [deepseek] AI EURUSD: bias=bullish impact=65.0 conf=0.75
[2026-07-10 15:19:56] [INFO] [signal_engine] [VERIFY] SIGNAL_INPUT bias=bullish score=65.0 confidence=0.75
[2026-07-10 15:19:56] [INFO] [signal_engine] [VERIFY] SIGNAL_RULE rule=confidence>=0.60 actual=0.75 result=True
[2026-07-10 15:19:56] [INFO] [signal_engine] [VERIFY] SIGNAL_RULE rule=score>=55 actual=65.0 result=True
[2026-07-10 15:19:56] [INFO] [signal_engine] [VERIFY] SIGNAL_RULE rule=bias in [bullish,bearish] actual=bullish result=True
[2026-07-10 15:19:56] [INFO] [signal_engine] [VERIFY] SIGNAL_FINAL direction=BUY score=65.0 confidence=0.75 valid=True
[2026-07-10 15:19:56] [DEBUG] [signal_engine] Signal: BUY score=65.0 conf=0.75 strength=متوسط valid=True
[2026-07-10 15:19:56] [INFO] [sentiment] Sentiment EURUSD: neutral score=50 bull=4 bear=5
[2026-07-10 15:19:56] [DEBUG] [mtf] MTF (snapshot) EURUSD: H4=bullish H1=neutral M15=neutral aligned=False (weak)
[2026-07-10 15:19:56] [INFO] [main] [VERIFY][DATA_TRUTH] symbol=EURUSD timeframe=H4/H1/M15 news_fetched=True indicators_fetched=True live_data=True cached=False
[2026-07-10 15:19:56] [INFO] [voting_engine] EURUSD: MTF weakly misaligned, reducing score 10%
[2026-07-10 15:19:56] [DEBUG] [hybrid_market_client] Fetching indicators for EURUSD (QuantDinger only)
[2026-07-10 15:19:56] [DEBUG] [market_client] Candles EURUSD 4H: 100 bars ✓
[2026-07-10 15:19:56] [DEBUG] [hybrid_market_client] ✓ Got live data from QuantDinger for EURUSD
[2026-07-10 15:19:56] [DEBUG] [hybrid_market_client] Fetching indicators for EURUSD (QuantDinger only)
[2026-07-10 15:19:56] [DEBUG] [market_client] Using cached candles for EURUSD 4H (age: 0s)
[2026-07-10 15:19:56] [DEBUG] [hybrid_market_client] ✓ Got live data from QuantDinger for EURUSD
[2026-07-10 15:19:56] [INFO] [sltp] SL/TP EURUSD: entry=1.1437721252441406 atr=0.00205 sl=1.14069 tp=1.1489
[2026-07-10 15:19:56] [INFO] [position_sizing] Position size: 0.5 (equity=74411, risk=0.000, sl_dist=0.00308, score=66, cons_loss=1)
[2026-07-10 15:19:56] [INFO] [xgboost_v2] [VERIFY] XGBOOST MODEL LOADED path=models/xgb_model.json available=True
[2026-07-10 15:19:56] [INFO] [xgboost_v2] XGBoost v2 model loaded successfully
[2026-07-10 15:19:56] [DEBUG] [xgboost_v2] V2 predict: rsi=54.5 atr=0.00205 regime=TRENDING session=london dir=BUY -> p_win=0.704
[2026-07-10 15:19:56] [INFO] [xgboost_v2] [VERIFY] XGBOOST PREDICTION p_win=0.704 available=True
[2026-07-10 15:19:56] [INFO] [main] [VERIFY][DECISION_TRUTH] bias=bullish score=65.7 confidence=0.664 vote=BUY risk_passed=True sl_tp_calculated=True position_size=0.5 xgboost_p_win=0.7039356231689453 final_decision_valid=True reject_reason=OK
[2026-07-10 15:19:56] [INFO] [mt5_direct] [MT5_DIRECT] open_trade symbol=EURUSD direction=BUY volume=0.5 sl=1.14069 tp=1.1489
[2026-07-10 15:19:56] [INFO] [mt5_direct] [MT5_DIRECT] terminal_info: TerminalInfo(community_account=True, community_connection=True, connected=True, dlls_allowed=False, trade_allowed=True, tradeapi_disabled=False, email_enabled=False, ftp_enabled=False, notifications_enabled=False, mqid=True, build=5984, maxbars=100000, codepage=0, ping_last=73778, community_balance=0.0, retransmission=0.10205028295760274, company='MetaQuotes Ltd.', name='MetaTrader 5', language='English', path='C:\\Program Files\\MetaTrader 5', data_path='C:\\Users\\ACER\\AppData\\Roaming\\MetaQuotes\\Terminal\\D0E8209F77C8CF37AD8BF550E51FF075', commondata_path='C:\\Users\\ACER\\AppData\\Roaming\\MetaQuotes\\Terminal\\Common')
[2026-07-10 15:19:56] [INFO] [mt5_direct] [MT5_DIRECT] account_info: AccountInfo(login=108132137, trade_mode=0, leverage=100, limit_orders=200, margin_so_mode=0, trade_allowed=True, trade_expert=True, margin_mode=2, currency_digits=2, fifo_close=False, balance=74410.87, credit=0.0, profit=0.0, equity=74410.87, margin=0.0, margin_free=74410.87, margin_level=0.0, margin_so_call=50.0, margin_so_so=30.0, margin_initial=0.0, margin_maintenance=0.0, assets=0.0, liabilities=0.0, commission_blocked=0.0, name='Ali Nabil', server='MetaQuotes-Demo', currency='USD', company='MetaQuotes Ltd.')
[2026-07-10 15:19:56] [DEBUG] [mt5_direct] [MT5_DIRECT] order_send request={'action': 1, 'symbol': 'EURUSD', 'volume': 0.5, 'type': 0, 'price': 1.14335, 'sl': 1.14069, 'tp': 1.1489, 'deviation': 20, 'magic': 0, 'comment': 'Bot V3', 'type_filling': 1}
[2026-07-10 15:19:56] [ERROR] [mt5_direct] [MT5_DIRECT] order_send failed result=OrderSendResult(retcode=10030, deal=0, order=0, volume=0.0, price=0.0, bid=0.0, ask=0.0, comment='Unsupported filling mode', request_id=0, retcode_external=0, request=TradeRequest(action=1, magic=0, order=0, symbol='EURUSD', volume=0.5, price=1.14335, stoplimit=0.0, sl=1.14069, tp=1.1489, deviation=20, type=0, type_filling=1, type_time=0, expiration=0, comment='Bot V3', position=0, position_by=0)) comment=Unsupported filling mode retcode=10030
[2026-07-10 15:19:56] [INFO] [mt5_direct] [MT5_DIRECT] Retry order_send without type_filling
[2026-07-10 15:19:56] [INFO] [main] [VERIFY][EXECUTION_RESULT] symbol=EURUSD open_trade_result={'status': 'success', 'order_id': '9515254962', 'price': 1.14335, 'symbol': 'EURUSD', 'direction': 'BUY', 'volume': 0.5, 'timestamp': 1783685996.5896611, 'raw_response': {'retcode': 10009, 'deal': 9193320662, 'order': 9515254962, 'volume': 0.5, 'price': 1.14335, 'bid': 0.0, 'ask': 0.0, 'comment': 'Request executed', 'request_id': 152404771, 'retcode_external': 0, 'request': TradeRequest(action=1, magic=0, order=0, symbol='EURUSD', volume=0.5, price=1.14335, stoplimit=0.0, sl=1.14069, tp=1.1489, deviation=20, type=0, type_filling=0, type_time=0, expiration=0, comment='Bot V3', position=0, position_by=0)}}
[2026-07-10 15:19:56] [INFO] [sltp] SL/TP EURUSD: entry=1.14335 atr=0.00205 sl=1.14027 tp=1.14848
[2026-07-10 15:19:56] [INFO] [post_entry_trade_monitor] [MONITOR_ID_DIAG] ts=1783685996 symbol=EURUSD d_ticket=9515254962 d_position_id=None d_id=None chosen_ticket=9515254962
[2026-07-10 15:19:56] [INFO] [post_entry_manager] [POST_ENTRY] New position detected ticket=9515254962 symbol=EURUSD
[2026-07-10 15:19:56] [INFO] [post_entry_manager] [POST_ENTRY] Monitoring ticket=9515254962
[2026-07-10 15:19:56] [DEBUG] [market_client] Using cached candles for EURUSD H4 (age: 9s)
[2026-07-10 15:19:56] [INFO] [stop_loss_breach_rule] [SL_CHECK] ticket=9515254962 direction=buy current=1.14335 sl=1.14069 breached=False
[2026-07-10 15:19:56] [INFO] [red_flag_detector] ========== RED FLAG REPORT ==========
[2026-07-10 15:19:56] [INFO] [red_flag_detector] ProfitDecay : NO
[2026-07-10 15:19:56] [INFO] [red_flag_detector] TradeHealth : NO
[2026-07-10 15:19:56] [INFO] [red_flag_detector] ATRSpike : NO
[2026-07-10 15:19:56] [INFO] [red_flag_detector] BadRegime : YES
[2026-07-10 15:19:56] [INFO] [red_flag_detector] FlagCount : 1
[2026-07-10 15:19:56] [INFO] [red_flag_detector] Score : 1.000
[2026-07-10 15:19:56] [INFO] [red_flag_detector] Severity : 1
[2026-07-10 15:19:56] [INFO] [red_flag_detector] ======================================
[2026-07-10 15:19:56] [DEBUG] [hybrid_market_client] Fetching indicators for EURUSD (QuantDinger only)
[2026-07-10 15:19:56] [DEBUG] [market_client] Using cached candles for EURUSD H4 (age: 9s)
[2026-07-10 15:19:56] [DEBUG] [hybrid_market_client] ✓ Got live data from QuantDinger for EURUSD
[2026-07-10 15:19:56] [DEBUG] [hybrid_market_client] Fetching indicators for EURUSD (QuantDinger only)
[2026-07-10 15:19:56] [DEBUG] [market_client] Using cached candles for EURUSD H1 (age: 4s)
[2026-07-10 15:19:56] [DEBUG] [hybrid_market_client] ✓ Got live data from QuantDinger for EURUSD
[2026-07-10 15:19:56] [DEBUG] [market_client] Using cached candles for EURUSD H4 (age: 9s)
[2026-07-10 15:19:56] [INFO] [xgboost_exit_adapter] [EXIT_MODEL][DEBUG_FEATURES] symbol=EURUSD features={'mfe': 0.0, 'mae': 0.0, 'entry_atr': 0.002053, 'entry_rsi': 54.54, 'entry_adx': 15.83135811463415, 'market_regime': 'Ranging', 'trade_duration': 0.0, 'spread': 15.0, 'volume': 0.5, 'session': '0.55', 'trend_h1': 0.0, 'trend_h4': 0.0, 'profit_decay_pct': 0.0, 'trade_health': 50.0, 'news_impact': 0.65}
[2026-07-10 15:19:56] [INFO] [xgboost_exit_model] Loaded Exit Model from F:\files (2)\google\botdd\trading_bot_v3\models\xgboost_exit_model.json
[2026-07-10 15:19:56] [INFO] [xgboost_exit_model] [EXIT_MODEL] XGBoost prediction: probability=98.6%
[2026-07-10 15:19:56] [INFO] [xgboost_exit_adapter] [EXIT_MODEL] symbol=EURUSD prediction_exit_probability=0.9864 decision_signal=98.6%
[2026-07-10 15:19:57] [INFO] [main] --- XAUUSD ---
[2026-07-10 15:20:01] [INFO] [deepseek] DEEPSEEK OK: {
  "impact_score": 70,
  "bias": "bearish",
  "confidence": 0.85,
  "reason": "الاتجاه العام هابط ع...
[2026-07-10 15:20:01] [INFO] [deepseek] AI XAUUSD: bias=bearish impact=70.0 conf=0.85
[2026-07-10 15:20:01] [INFO] [signal_engine] [VERIFY] SIGNAL_INPUT bias=bearish score=70.0 confidence=0.85
[2026-07-10 15:20:01] [INFO] [signal_engine] [VERIFY] SIGNAL_RULE rule=confidence>=0.60 actual=0.85 result=True
[2026-07-10 15:20:01] [INFO] [signal_engine] [VERIFY] SIGNAL_RULE rule=score>=55 actual=70.0 result=True
[2026-07-10 15:20:01] [INFO] [signal_engine] [VERIFY] SIGNAL_RULE rule=bias in [bullish,bearish] actual=bearish result=True
[2026-07-10 15:20:01] [INFO] [signal_engine] [VERIFY] SIGNAL_FINAL direction=SELL score=70.0 confidence=0.85 valid=True
[2026-07-10 15:20:01] [DEBUG] [signal_engine] Signal: SELL score=70.0 conf=0.85 strength=قوي valid=True
[2026-07-10 15:20:01] [INFO] [sentiment] Sentiment XAUUSD: bearish score=100 bull=0 bear=5
[2026-07-10 15:20:01] [DEBUG] [mtf] MTF (snapshot) XAUUSD: H4=bearish H1=neutral M15=neutral aligned=False (weak)
[2026-07-10 15:20:01] [INFO] [main] [VERIFY][DATA_TRUTH] symbol=XAUUSD timeframe=H4/H1/M15 news_fetched=True indicators_fetched=True live_data=True cached=False
[2026-07-10 15:20:01] [INFO] [voting_engine] XAUUSD: MTF weakly misaligned, reducing score 10%
[2026-07-10 15:20:01] [DEBUG] [hybrid_market_client] Fetching indicators for XAUUSD (QuantDinger only)
[2026-07-10 15:20:01] [DEBUG] [market_client] Candles XAUUSD 4H: 100 bars ✓
[2026-07-10 15:20:01] [DEBUG] [hybrid_market_client] ✓ Got live data from QuantDinger for XAUUSD
[2026-07-10 15:20:01] [DEBUG] [hybrid_market_client] Fetching indicators for XAUUSD (QuantDinger only)
[2026-07-10 15:20:01] [DEBUG] [market_client] Using cached candles for XAUUSD 4H (age: 0s)
[2026-07-10 15:20:01] [DEBUG] [hybrid_market_client] ✓ Got live data from QuantDinger for XAUUSD
[2026-07-10 15:20:01] [INFO] [sltp] SL/TP XAUUSD: entry=4112.7001953125 atr=32.70717 sl=4122.7002 tp=4030.93227
[2026-07-10 15:20:01] [INFO] [position_sizing] Position size: 0.1 (equity=74411, risk=0.000, sl_dist=10.00000, score=53, cons_loss=1)
[2026-07-10 15:20:01] [DEBUG] [xgboost_v2] V2 predict: rsi=46.0 atr=32.70717 regime=TRENDING session=london dir=SELL -> p_win=0.878
[2026-07-10 15:20:01] [INFO] [xgboost_v2] [VERIFY] XGBOOST PREDICTION p_win=0.878 available=True
[2026-07-10 15:20:01] [INFO] [main] [VERIFY][DECISION_TRUTH] bias=bearish score=53.1 confidence=0.753 vote=SELL risk_passed=True sl_tp_calculated=True position_size=0.1 xgboost_p_win=0.8782385587692261 final_decision_valid=True reject_reason=OK
[2026-07-10 15:20:01] [INFO] [mt5_direct] [MT5_DIRECT] open_trade symbol=XAUUSD direction=SELL volume=0.15 sl=4122.7002 tp=4030.93227
[2026-07-10 15:20:01] [INFO] [mt5_direct] [MT5_DIRECT] terminal_info: TerminalInfo(community_account=True, community_connection=True, connected=True, dlls_allowed=False, trade_allowed=True, tradeapi_disabled=False, email_enabled=False, ftp_enabled=False, notifications_enabled=False, mqid=True, build=5984, maxbars=100000, codepage=0, ping_last=73778, community_balance=0.0, retransmission=0.10205028295760274, company='MetaQuotes Ltd.', name='MetaTrader 5', language='English', path='C:\\Program Files\\MetaTrader 5', data_path='C:\\Users\\ACER\\AppData\\Roaming\\MetaQuotes\\Terminal\\D0E8209F77C8CF37AD8BF550E51FF075', commondata_path='C:\\Users\\ACER\\AppData\\Roaming\\MetaQuotes\\Terminal\\Common')
[2026-07-10 15:20:01] [INFO] [mt5_direct] [MT5_DIRECT] account_info: AccountInfo(login=108132137, trade_mode=0, leverage=100, limit_orders=200, margin_so_mode=0, trade_allowed=True, trade_expert=True, margin_mode=2, currency_digits=2, fifo_close=False, balance=74410.87, credit=0.0, profit=-3.5, equity=74407.37, margin=571.68, margin_free=73835.69, margin_level=13015.562902322978, margin_so_call=50.0, margin_so_so=30.0, margin_initial=0.0, margin_maintenance=0.0, assets=0.0, liabilities=0.0, commission_blocked=0.0, name='Ali Nabil', server='MetaQuotes-Demo', currency='USD', company='MetaQuotes Ltd.')
[2026-07-10 15:20:01] [DEBUG] [mt5_direct] [MT5_DIRECT] order_send request={'action': 1, 'symbol': 'XAUUSD', 'volume': 0.15, 'type': 1, 'price': 4108.92, 'sl': 4122.7002, 'tp': 4030.93227, 'deviation': 20, 'magic': 0, 'comment': 'Bot V3', 'type_filling': 3}
[2026-07-10 15:20:01] [ERROR] [mt5_direct] [MT5_DIRECT] order_send failed result=OrderSendResult(retcode=10030, deal=0, order=0, volume=0.0, price=0.0, bid=0.0, ask=0.0, comment='Unsupported filling mode', request_id=0, retcode_external=0, request=TradeRequest(action=1, magic=0, order=0, symbol='XAUUSD', volume=0.15, price=4108.92, stoplimit=0.0, sl=4122.7002, tp=4030.93227, deviation=20, type=1, type_filling=3, type_time=0, expiration=0, comment='Bot V3', position=0, position_by=0)) comment=Unsupported filling mode retcode=10030
[2026-07-10 15:20:01] [INFO] [mt5_direct] [MT5_DIRECT] Retry order_send without type_filling
[2026-07-10 15:20:02] [INFO] [post_entry_trade_monitor] [MONITOR_ID_DIAG] ts=1783686002 symbol=EURUSD d_ticket=9515254962 d_position_id=None d_id=None chosen_ticket=9515254962
[2026-07-10 15:20:02] [INFO] [main] [VERIFY][EXECUTION_RESULT] symbol=XAUUSD open_trade_result={'status': 'success', 'order_id': '9515256676', 'price': 4108.93, 'symbol': 'XAUUSD', 'direction': 'SELL', 'volume': 0.15, 'timestamp': 1783686002.2874627, 'raw_response': {'retcode': 10009, 'deal': 9193322455, 'order': 9515256676, 'volume': 0.15, 'price': 4108.93, 'bid': 0.0, 'ask': 0.0, 'comment': 'Request executed', 'request_id': 152404772, 'retcode_external': 0, 'request': TradeRequest(action=1, magic=0, order=0, symbol='XAUUSD', volume=0.15, price=4108.92, stoplimit=0.0, sl=4122.7002, tp=4030.93227, deviation=20, type=1, type_filling=0, type_time=0, expiration=0, comment='Bot V3', position=0, position_by=0)}}
[2026-07-10 15:20:02] [INFO] [post_entry_trade_monitor] [MONITOR_ID_DIAG] ts=1783686002 symbol=XAUUSD d_ticket=9515256676 d_position_id=None d_id=None chosen_ticket=9515256676
[2026-07-10 15:20:02] [INFO] [sltp] SL/TP XAUUSD: entry=4108.93 atr=32.70717 sl=4118.93 tp=4027.16207
[2026-07-10 15:20:02] [INFO] [post_entry_manager] [POST_ENTRY] New position detected ticket=9515256676 symbol=XAUUSD
[2026-07-10 15:20:02] [INFO] [post_entry_manager] [POST_ENTRY] Monitoring ticket=9515254962
[2026-07-10 15:20:02] [DEBUG] [market_client] Using cached candles for EURUSD H4 (age: 14s)
[2026-07-10 15:20:02] [INFO] [stop_loss_breach_rule] [SL_CHECK] ticket=9515254962 direction=buy current=1.1433 sl=1.14069 breached=False
[2026-07-10 15:20:02] [INFO] [red_flag_detector] ========== RED FLAG REPORT ==========
[2026-07-10 15:20:02] [INFO] [red_flag_detector] ProfitDecay : NO
[2026-07-10 15:20:02] [INFO] [red_flag_detector] TradeHealth : NO
[2026-07-10 15:20:02] [INFO] [red_flag_detector] ATRSpike : NO
[2026-07-10 15:20:02] [INFO] [red_flag_detector] BadRegime : YES
[2026-07-10 15:20:02] [INFO] [red_flag_detector] FlagCount : 1
[2026-07-10 15:20:02] [INFO] [red_flag_detector] Score : 1.000
[2026-07-10 15:20:02] [INFO] [red_flag_detector] Severity : 1
[2026-07-10 15:20:02] [INFO] [red_flag_detector] ======================================
[2026-07-10 15:20:02] [DEBUG] [hybrid_market_client] Fetching indicators for EURUSD (QuantDinger only)
[2026-07-10 15:20:02] [DEBUG] [market_client] Using cached candles for EURUSD H4 (age: 14s)
[2026-07-10 15:20:02] [DEBUG] [hybrid_market_client] ✓ Got live data from QuantDinger for EURUSD
[2026-07-10 15:20:02] [DEBUG] [hybrid_market_client] Fetching indicators for EURUSD (QuantDinger only)
[2026-07-10 15:20:02] [DEBUG] [market_client] Using cached candles for EURUSD H1 (age: 10s)
[2026-07-10 15:20:02] [DEBUG] [hybrid_market_client] ✓ Got live data from QuantDinger for EURUSD
[2026-07-10 15:20:02] [DEBUG] [market_client] Using cached candles for EURUSD H4 (age: 14s)
[2026-07-10 15:20:02] [INFO] [xgboost_exit_adapter] [EXIT_MODEL][DEBUG_FEATURES] symbol=EURUSD features={'mfe': 0.0, 'mae': -2.5, 'entry_atr': 0.002053, 'entry_rsi': 54.54, 'entry_adx': 15.83135811463415, 'market_regime': 'Ranging', 'trade_duration': 0.0, 'spread': 15.0, 'volume': 0.5, 'session': '0.55', 'trend_h1': 0.0, 'trend_h4': 0.0, 'profit_decay_pct': 0.0, 'trade_health': 50.0, 'news_impact': 0.65}
[2026-07-10 15:20:02] [INFO] [xgboost_exit_model] [EXIT_MODEL] XGBoost prediction: probability=98.6%
[2026-07-10 15:20:02] [INFO] [xgboost_exit_adapter] [EXIT_MODEL] symbol=EURUSD prediction_exit_probability=0.9864 decision_signal=98.6%
[2026-07-10 15:20:02] [INFO] [post_entry_manager] [POST_ENTRY] Monitoring ticket=9515256676
[2026-07-10 15:20:02] [DEBUG] [market_client] Using cached candles for XAUUSD H4 (age: 10s)
[2026-07-10 15:20:02] [INFO] [stop_loss_breach_rule] [SL_CHECK] ticket=9515256676 direction=buy current=4109.42 sl=4122.7 breached=False
[2026-07-10 15:20:02] [INFO] [red_flag_detector] ========== RED FLAG REPORT ==========
[2026-07-10 15:20:02] [INFO] [red_flag_detector] ProfitDecay : NO
[2026-07-10 15:20:02] [INFO] [red_flag_detector] TradeHealth : NO
[2026-07-10 15:20:02] [INFO] [red_flag_detector] ATRSpike : NO
[2026-07-10 15:20:02] [INFO] [red_flag_detector] BadRegime : YES
[2026-07-10 15:20:02] [INFO] [red_flag_detector] FlagCount : 1
[2026-07-10 15:20:02] [INFO] [red_flag_detector] Score : 1.000
[2026-07-10 15:20:02] [INFO] [red_flag_detector] Severity : 1
[2026-07-10 15:20:02] [INFO] [red_flag_detector] ======================================
[2026-07-10 15:20:02] [DEBUG] [hybrid_market_client] Fetching indicators for XAUUSD (QuantDinger only)
[2026-07-10 15:20:02] [DEBUG] [market_client] Using cached candles for XAUUSD H4 (age: 10s)
[2026-07-10 15:20:02] [DEBUG] [hybrid_market_client] ✓ Got live data from QuantDinger for XAUUSD
[2026-07-10 15:20:02] [DEBUG] [hybrid_market_client] Fetching indicators for XAUUSD (QuantDinger only)
[2026-07-10 15:20:02] [DEBUG] [market_client] Using cached candles for XAUUSD H1 (age: 9s)
[2026-07-10 15:20:02] [DEBUG] [hybrid_market_client] ✓ Got live data from QuantDinger for XAUUSD
[2026-07-10 15:20:02] [DEBUG] [market_client] Using cached candles for XAUUSD H4 (age: 10s)
[2026-07-10 15:20:02] [INFO] [xgboost_exit_adapter] [EXIT_MODEL][DEBUG_FEATURES] symbol=XAUUSD features={'mfe': 0.0, 'mae': -7.35, 'entry_atr': 32.707171, 'entry_rsi': 46.04, 'entry_adx': 16.95646515465648, 'market_regime': 'Ranging', 'trade_duration': 0.0, 'spread': 15.0, 'volume': 0.15, 'session': None, 'trend_h1': 0.0, 'trend_h4': 0.0, 'profit_decay_pct': 0.0, 'trade_health': 50.0, 'news_impact': 0.0}
[2026-07-10 15:20:02] [INFO] [xgboost_exit_model] [EXIT_MODEL] XGBoost prediction: probability=98.6%
[2026-07-10 15:20:02] [INFO] [xgboost_exit_adapter] [EXIT_MODEL] symbol=XAUUSD prediction_exit_probability=0.9864 decision_signal=98.6%
[2026-07-10 15:20:02] [INFO] [action_executor] [CLOSE_DIAG] ts=1783686002 ticket_int=9515256676 open_position_tickets=[9515254962, 9515256676]
[2026-07-10 15:20:02] [INFO] [action_executor] [MT5] close_position retcode=10009 comment=Request executed ticket=9515256676
[2026-07-10 15:20:02] [INFO] [post_entry_event_logger] [LOGGER_LISTENER] event_type=TradeClosed ticket=9515256676
[2026-07-10 15:20:02] [INFO] [post_entry_database_listener] [DATABASE_LISTENER] event_type=TradeClosed ticket=9515256676
[2026-07-10 15:20:02] [INFO] [post_entry_telegram_listener] [TELEGRAM_LISTENER] event_type=TradeClosed ticket=9515256676
[2026-07-10 15:20:03] [INFO] [main] --- GBPUSD ---
[2026-07-10 15:20:06] [INFO] [deepseek] DEEPSEEK OK: {"impact_score": 65, "bias": "bullish", "confidence": 0.75, "reason": "اتجاه قوي صاعد على جميع الأطر...
[2026-07-10 15:20:06] [INFO] [deepseek] AI GBPUSD: bias=bullish impact=65.0 conf=0.75
[2026-07-10 15:20:06] [INFO] [signal_engine] [VERIFY] SIGNAL_INPUT bias=bullish score=65.0 confidence=0.75
[2026-07-10 15:20:06] [INFO] [signal_engine] [VERIFY] SIGNAL_RULE rule=confidence>=0.60 actual=0.75 result=True
[2026-07-10 15:20:06] [INFO] [signal_engine] [VERIFY] SIGNAL_RULE rule=score>=55 actual=65.0 result=True
[2026-07-10 15:20:06] [INFO] [signal_engine] [VERIFY] SIGNAL_RULE rule=bias in [bullish,bearish] actual=bullish result=True
[2026-07-10 15:20:06] [INFO] [signal_engine] [VERIFY] SIGNAL_FINAL direction=BUY score=65.0 confidence=0.75 valid=True
[2026-07-10 15:20:06] [DEBUG] [signal_engine] Signal: BUY score=65.0 conf=0.75 strength=متوسط valid=True
[2026-07-10 15:20:06] [INFO] [sentiment] Sentiment GBPUSD: neutral score=50 bull=2 bear=2
[2026-07-10 15:20:06] [DEBUG] [mtf] MTF (snapshot) GBPUSD: H4=bullish H1=bullish M15=bullish aligned=True (strong)
[2026-07-10 15:20:06] [INFO] [main] [VERIFY][DATA_TRUTH] symbol=GBPUSD timeframe=H4/H1/M15 news_fetched=True indicators_fetched=True live_data=True cached=False
[2026-07-10 15:20:06] [INFO] [voting_engine] GBPUSD: MTF strongly aligned, boosting score 10%
[2026-07-10 15:20:06] [INFO] [correlation_protection] [CORRELATION_PROTECTION] Block correlated GBPUSD buy with EURUSD buy action=block
[2026-07-10 15:20:06] [INFO] [risk_engine] Risk: CorrelationProtection blocked (GBPUSD BUY)
[2026-07-10 15:20:06] [DEBUG] [hybrid_market_client] Fetching indicators for GBPUSD (QuantDinger only)
[2026-07-10 15:20:06] [DEBUG] [market_client] Candles GBPUSD 4H: 100 bars ✓
[2026-07-10 15:20:06] [DEBUG] [hybrid_market_client] ✓ Got live data from QuantDinger for GBPUSD
[2026-07-10 15:20:06] [DEBUG] [hybrid_market_client] Fetching indicators for GBPUSD (QuantDinger only)
[2026-07-10 15:20:06] [DEBUG] [market_client] Using cached candles for GBPUSD 4H (age: 0s)
[2026-07-10 15:20:06] [DEBUG] [hybrid_market_client] ✓ Got live data from QuantDinger for GBPUSD
[2026-07-10 15:20:06] [INFO] [sltp] SL/TP GBPUSD: entry=1.342624306678772 atr=0.00316 sl=1.33788 tp=1.35053
[2026-07-10 15:20:06] [INFO] [position_sizing] Position size: 0.5 (equity=74411, risk=0.001, sl_dist=0.00474, score=88, cons_loss=2)
[2026-07-10 15:20:06] [DEBUG] [xgboost_v2] V2 predict: rsi=62.8 atr=0.00316 regime=TRENDING session=london dir=BUY -> p_win=0.153
[2026-07-10 15:20:06] [INFO] [xgboost_v2] [VERIFY] XGBOOST PREDICTION p_win=0.153 available=True
[2026-07-10 15:20:06] [INFO] [main] [VERIFY][DECISION_TRUTH] bias=bullish score=88.2 confidence=1.0 vote=BUY risk_passed=False sl_tp_calculated=True position_size=0.5 xgboost_p_win=0.15327341854572296 final_decision_valid=False reject_reason=p_win<threshold (p_win=0.153 threshold=0.6)
[2026-07-10 15:20:06] [INFO] [adaptive_weights] EURUSD weights updated: {'ai': 0.239, 'trend': 0.239, 'momentum': 0.239, 'sentiment': 0.239, 'volatility': 0.043} | WR=16.0% PF=6.22
[2026-07-10 15:20:06] [INFO] [adaptive_weights] GBPUSD weights updated: {'ai': 0.239, 'trend': 0.239, 'momentum': 0.239, 'sentiment': 0.239, 'volatility': 0.043} | WR=13.0% PF=8.53
[2026-07-10 15:20:06] [INFO] [adaptive_weights] 🏆 أفضل زوج: EURUSD | WR=16.0% | PnL=279.5$
[2026-07-10 15:20:06] [INFO] [adaptive_weights] ⚠️ أسوأ زوج: XAUUSD | WR=0.0% | PnL=-9.15$
[2026-07-10 15:20:06] [INFO] [main] Sleeping 1800s...
[2026-07-10 15:20:08] [INFO] [post_entry_trade_monitor] [MONITOR_ID_DIAG] ts=1783686008 symbol=EURUSD d_ticket=9515254962 d_position_id=None d_id=None chosen_ticket=9515254962
[2026-07-10 15:20:08] [INFO] [post_entry_manager] [POST_ENTRY] Monitoring ticket=9515254962
[2026-07-10 15:20:08] [DEBUG] [market_client] Using cached candles for EURUSD H4 (age: 21s)
[2026-07-10 15:20:08] [INFO] [stop_loss_breach_rule] [SL_CHECK] ticket=9515254962 direction=buy current=1.14324 sl=1.14069 breached=False
[2026-07-10 15:20:08] [INFO] [red_flag_detector] ========== RED FLAG REPORT ==========
[2026-07-10 15:20:08] [INFO] [red_flag_detector] ProfitDecay : NO
[2026-07-10 15:20:08] [INFO] [red_flag_detector] TradeHealth : NO
[2026-07-10 15:20:08] [INFO] [red_flag_detector] ATRSpike : NO
[2026-07-10 15:20:08] [INFO] [red_flag_detector] BadRegime : YES
[2026-07-10 15:20:08] [INFO] [red_flag_detector] FlagCount : 1
[2026-07-10 15:20:08] [INFO] [red_flag_detector] Score : 1.000
[2026-07-10 15:20:08] [INFO] [red_flag_detector] Severity : 1
[2026-07-10 15:20:08] [INFO] [red_flag_detector] ======================================
[2026-07-10 15:20:08] [DEBUG] [hybrid_market_client] Fetching indicators for EURUSD (QuantDinger only)
[2026-07-10 15:20:08] [DEBUG] [market_client] Using cached candles for EURUSD H4 (age: 21s)
[2026-07-10 15:20:08] [DEBUG] [hybrid_market_client] ✓ Got live data from QuantDinger for EURUSD
[2026-07-10 15:20:08] [DEBUG] [hybrid_market_client] Fetching indicators for EURUSD (QuantDinger only)
[2026-07-10 15:20:08] [DEBUG] [market_client] Using cached candles for EURUSD H1 (age: 16s)
[2026-07-10 15:20:08] [DEBUG] [hybrid_market_client] ✓ Got live data from QuantDinger for EURUSD
[2026-07-10 15:20:08] [DEBUG] [market_client] Using cached candles for EURUSD H4 (age: 21s)
[2026-07-10 15:20:08] [INFO] [xgboost_exit_adapter] [EXIT_MODEL][DEBUG_FEATURES] symbol=EURUSD features={'mfe': 0.0, 'mae': -5.5, 'entry_atr': 0.002053, 'entry_rsi': 54.54, 'entry_adx': 15.83135811463415, 'market_regime': 'Ranging', 'trade_duration': 0.0, 'spread': 15.0, 'volume': 0.5, 'session': '0.55', 'trend_h1': 0.0, 'trend_h4': 0.0, 'profit_decay_pct': 0.0, 'trade_health': 50.0, 'news_impact': 0.65}
[2026-07-10 15:20:08] [INFO] [xgboost_exit_model] [EXIT_MODEL] XGBoost prediction: probability=98.6%
[2026-07-10 15:20:08] [INFO] [xgboost_exit_adapter] [EXIT_MODEL] symbol=EURUSD prediction_exit_probability=0.9864 decision_signal=98.6%
[2026-07-10 15:20:13] [INFO] [post_entry_trade_monitor] [MONITOR_ID_DIAG] ts=1783686013 symbol=EURUSD d_ticket=9515254962 d_position_id=None d_id=None chosen_ticket=9515254962
[2026-07-10 15:20:13] [INFO] [post_entry_manager] [POST_ENTRY] Monitoring ticket=9515254962
[2026-07-10 15:20:13] [DEBUG] [market_client] Using cached candles for EURUSD H4 (age: 26s)
[2026-07-10 15:20:13] [INFO] [stop_loss_breach_rule] [SL_CHECK] ticket=9515254962 direction=buy current=1.1432 sl=1.14069 breached=False
[2026-07-10 15:20:13] [INFO] [red_flag_detector] ========== RED FLAG REPORT ==========
[2026-07-10 15:20:13] [INFO] [red_flag_detector] ProfitDecay : NO
[2026-07-10 15:20:13] [INFO] [red_flag_detector] TradeHealth : NO
[2026-07-10 15:20:13] [INFO] [red_flag_detector] ATRSpike : NO
[2026-07-10 15:20:13] [INFO] [red_flag_detector] BadRegime : YES
[2026-07-10 15:20:13] [INFO] [red_flag_detector] FlagCount : 1
[2026-07-10 15:20:13] [INFO] [red_flag_detector] Score : 1.000
[2026-07-10 15:20:13] [INFO] [red_flag_detector] Severity : 1
[2026-07-10 15:20:13] [INFO] [red_flag_detector] ======================================
[2026-07-10 15:20:13] [DEBUG] [hybrid_market_client] Fetching indicators for EURUSD (QuantDinger only)
[2026-07-10 15:20:13] [DEBUG] [market_client] Using cached candles for EURUSD H4 (age: 26s)
[2026-07-10 15:20:13] [DEBUG] [hybrid_market_client] ✓ Got live data from QuantDinger for EURUSD
[2026-07-10 15:20:13] [DEBUG] [hybrid_market_client] Fetching indicators for EURUSD (QuantDinger only)
[2026-07-10 15:20:13] [DEBUG] [market_client] Using cached candles for EURUSD H1 (age: 21s)
[2026-07-10 15:20:13] [DEBUG] [hybrid_market_client] ✓ Got live data from QuantDinger for EURUSD
[2026-07-10 15:20:13] [DEBUG] [market_client] Using cached candles for EURUSD H4 (age: 26s)
[2026-07-10 15:20:13] [INFO] [xgboost_exit_adapter] [EXIT_MODEL][DEBUG_FEATURES] symbol=EURUSD features={'mfe': 0.0, 'mae': -7.5, 'entry_atr': 0.002053, 'entry_rsi': 54.54, 'entry_adx': 15.83135811463415, 'market_regime': 'Ranging', 'trade_duration': 0.0, 'spread': 15.0, 'volume': 0.5, 'session': '0.55', 'trend_h1': 0.0, 'trend_h4': 0.0, 'profit_decay_pct': 0.0, 'trade_health': 50.0, 'news_impact': 0.65}
[2026-07-10 15:20:13] [INFO] [xgboost_exit_model] [EXIT_MODEL] XGBoost prediction: probability=98.6%
[2026-07-10 15:20:13] [INFO] [xgboost_exit_adapter] [EXIT_MODEL] symbol=EURUSD prediction_exit_probability=0.9864 decision_signal=98.6%
[2026-07-10 15:20:18] [INFO] [post_entry_trade_monitor] [MONITOR_ID_DIAG] ts=1783686018 symbol=EURUSD d_ticket=9515254962 d_position_id=None d_id=None chosen_ticket=9515254962
[2026-07-10 15:20:18] [INFO] [post_entry_manager] [POST_ENTRY] Monitoring ticket=9515254962
[2026-07-10 15:20:18] [DEBUG] [market_client] Using cached candles for EURUSD H4 (age: 31s)
[2026-07-10 15:20:18] [INFO] [stop_loss_breach_rule] [SL_CHECK] ticket=9515254962 direction=buy current=1.14317 sl=1.14069 breached=False
[2026-07-10 15:20:18] [INFO] [red_flag_detector] ========== RED FLAG REPORT ==========
[2026-07-10 15:20:18] [INFO] [red_flag_detector] ProfitDecay : NO
[2026-07-10 15:20:18] [INFO] [red_flag_detector] TradeHealth : NO
[2026-07-10 15:20:18] [INFO] [red_flag_detector] ATRSpike : NO
[2026-07-10 15:20:18] [INFO] [red_flag_detector] BadRegime : YES
[2026-07-10 15:20:18] [INFO] [red_flag_detector] FlagCount : 1
[2026-07-10 15:20:18] [INFO] [red_flag_detector] Score : 1.000
[2026-07-10 15:20:18] [INFO] [red_flag_detector] Severity : 1
[2026-07-10 15:20:18] [INFO] [red_flag_detector] ======================================
[2026-07-10 15:20:18] [DEBUG] [hybrid_market_client] Fetching indicators for EURUSD (QuantDinger only)
[2026-07-10 15:20:18] [DEBUG] [market_client] Using cached candles for EURUSD H4 (age: 31s)
[2026-07-10 15:20:18] [DEBUG] [hybrid_market_client] ✓ Got live data from QuantDinger for EURUSD
[2026-07-10 15:20:18] [DEBUG] [hybrid_market_client] Fetching indicators for EURUSD (QuantDinger only)
[2026-07-10 15:20:18] [DEBUG] [market_client] Using cached candles for EURUSD H1 (age: 26s)
[2026-07-10 15:20:18] [DEBUG] [hybrid_market_client] ✓ Got live data from QuantDinger for EURUSD
[2026-07-10 15:20:18] [DEBUG] [market_client] Using cached candles for EURUSD H4 (age: 31s)
[2026-07-10 15:20:18] [INFO] [xgboost_exit_adapter] [EXIT_MODEL][DEBUG_FEATURES] symbol=EURUSD features={'mfe': 0.0, 'mae': -9.0, 'entry_atr': 0.002053, 'entry_rsi': 54.54, 'entry_adx': 15.83135811463415, 'market_regime': 'Ranging', 'trade_duration': 0.0, 'spread': 15.0, 'volume': 0.5, 'session': '0.55', 'trend_h1': 0.0, 'trend_h4': 0.0, 'profit_decay_pct': 0.0, 'trade_health': 50.0, 'news_impact': 0.65}
[2026-07-10 15:20:18] [INFO] [xgboost_exit_model] [EXIT_MODEL] XGBoost prediction: probability=98.6%
[2026-07-10 15:20:18] [INFO] [xgboost_exit_adapter] [EXIT_MODEL] symbol=EURUSD prediction_exit_probability=0.9864 decision_signal=98.6%
[2026-07-10 15:20:23] [INFO] [post_entry_trade_monitor] [MONITOR_ID_DIAG] ts=1783686023 symbol=EURUSD d_ticket=9515254962 d_position_id=None d_id=None chosen_ticket=9515254962
[2026-07-10 15:20:23] [INFO] [post_entry_manager] [POST_ENTRY] Monitoring ticket=9515254962
[2026-07-10 15:20:23] [DEBUG] [market_client] Using cached candles for EURUSD H4 (age: 36s)
[2026-07-10 15:20:23] [INFO] [stop_loss_breach_rule] [SL_CHECK] ticket=9515254962 direction=buy current=1.14313 sl=1.14069 breached=False
[2026-07-10 15:20:23] [INFO] [red_flag_detector] ========== RED FLAG REPORT ==========
[2026-07-10 15:20:23] [INFO] [red_flag_detector] ProfitDecay : NO
[2026-07-10 15:20:23] [INFO] [red_flag_detector] TradeHealth : NO
[2026-07-10 15:20:23] [INFO] [red_flag_detector] ATRSpike : NO
[2026-07-10 15:20:23] [INFO] [red_flag_detector] BadRegime : YES
[2026-07-10 15:20:23] [INFO] [red_flag_detector] FlagCount : 1
[2026-07-10 15:20:23] [INFO] [red_flag_detector] Score : 1.000
[2026-07-10 15:20:23] [INFO] [red_flag_detector] Severity : 1
[2026-07-10 15:20:23] [INFO] [red_flag_detector] ======================================
[2026-07-10 15:20:23] [DEBUG] [hybrid_market_client] Fetching indicators for EURUSD (QuantDinger only)
[2026-07-10 15:20:23] [DEBUG] [market_client] Using cached candles for EURUSD H4 (age: 36s)
[2026-07-10 15:20:23] [DEBUG] [hybrid_market_client] ✓ Got live data from QuantDinger for EURUSD
[2026-07-10 15:20:23] [DEBUG] [hybrid_market_client] Fetching indicators for EURUSD (QuantDinger only)
[2026-07-10 15:20:23] [DEBUG] [market_client] Using cached candles for EURUSD H1 (age: 31s)
[2026-07-10 15:20:23] [DEBUG] [hybrid_market_client] ✓ Got live data from QuantDinger for EURUSD
[2026-07-10 15:20:23] [DEBUG] [market_client] Using cached candles for EURUSD H4 (age: 36s)
[2026-07-10 15:20:23] [INFO] [xgboost_exit_adapter] [EXIT_MODEL][DEBUG_FEATURES] symbol=EURUSD features={'mfe': 0.0, 'mae': -11.0, 'entry_atr': 0.002053, 'entry_rsi': 54.54, 'entry_adx': 15.83135811463415, 'market_regime': 'Ranging', 'trade_duration': 0.0, 'spread': 15.0, 'volume': 0.5, 'session': '0.55', 'trend_h1': 0.0, 'trend_h4': 0.0, 'profit_decay_pct': 0.0, 'trade_health': 50.0, 'news_impact': 0.65}
[2026-07-10 15:20:23] [INFO] [xgboost_exit_model] [EXIT_MODEL] XGBoost prediction: probability=98.6%
[2026-07-10 15:20:23] [INFO] [xgboost_exit_adapter] [EXIT_MODEL] symbol=EURUSD prediction_exit_probability=0.9864 decision_signal=98.6%
[2026-07-10 15:20:28] [INFO] [post_entry_trade_monitor] [MONITOR_ID_DIAG] ts=1783686028 symbol=EURUSD d_ticket=9515254962 d_position_id=None d_id=None chosen_ticket=9515254962
[2026-07-10 15:20:28] [INFO] [post_entry_manager] [POST_ENTRY] Monitoring ticket=9515254962
[2026-07-10 15:20:28] [DEBUG] [market_client] Using cached candles for EURUSD H4 (age: 41s)
[2026-07-10 15:20:28] [INFO] [stop_loss_breach_rule] [SL_CHECK] ticket=9515254962 direction=buy current=1.14314 sl=1.14069 breached=False
[2026-07-10 15:20:28] [INFO] [red_flag_detector] ========== RED FLAG REPORT ==========
[2026-07-10 15:20:28] [INFO] [red_flag_detector] ProfitDecay : NO
[2026-07-10 15:20:28] [INFO] [red_flag_detector] TradeHealth : NO
[2026-07-10 15:20:28] [INFO] [red_flag_detector] ATRSpike : NO
[2026-07-10 15:20:28] [INFO] [red_flag_detector] BadRegime : YES
[2026-07-10 15:20:28] [INFO] [red_flag_detector] FlagCount : 1
[2026-07-10 15:20:28] [INFO] [red_flag_detector] Score : 1.000
[2026-07-10 15:20:28] [INFO] [red_flag_detector] Severity : 1
[2026-07-10 15:20:28] [INFO] [red_flag_detector] ======================================
[2026-07-10 15:20:28] [DEBUG] [hybrid_market_client] Fetching indicators for EURUSD (QuantDinger only)
[2026-07-10 15:20:28] [DEBUG] [market_client] Using cached candles for EURUSD H4 (age: 41s)
[2026-07-10 15:20:28] [DEBUG] [hybrid_market_client] ✓ Got live data from QuantDinger for EURUSD
[2026-07-10 15:20:28] [DEBUG] [hybrid_market_client] Fetching indicators for EURUSD (QuantDinger only)
[2026-07-10 15:20:28] [DEBUG] [market_client] Using cached candles for EURUSD H1 (age: 36s)
[2026-07-10 15:20:28] [DEBUG] [hybrid_market_client] ✓ Got live data from QuantDinger for EURUSD
[2026-07-10 15:20:28] [DEBUG] [market_client] Using cached candles for EURUSD H4 (age: 41s)
[2026-07-10 15:20:28] [INFO] [xgboost_exit_adapter] [EXIT_MODEL][DEBUG_FEATURES] symbol=EURUSD features={'mfe': 0.0, 'mae': -11.0, 'entry_atr': 0.002053, 'entry_rsi': 54.54, 'entry_adx': 15.83135811463415, 'market_regime': 'Ranging', 'trade_duration': 0.0, 'spread': 15.0, 'volume': 0.5, 'session': '0.55', 'trend_h1': 0.0, 'trend_h4': 0.0, 'profit_decay_pct': 0.0, 'trade_health': 50.0, 'news_impact': 0.65}
[2026-07-10 15:20:28] [INFO] [xgboost_exit_model] [EXIT_MODEL] XGBoost prediction: probability=98.6%
[2026-07-10 15:20:28] [INFO] [xgboost_exit_adapter] [EXIT_MODEL] symbol=EURUSD prediction_exit_probability=0.9864 decision_signal=98.6%
[2026-07-10 15:20:33] [INFO] [post_entry_trade_monitor] [MONITOR_ID_DIAG] ts=1783686033 symbol=EURUSD d_ticket=9515254962 d_position_id=None d_id=None chosen_ticket=9515254962
[2026-07-10 15:20:33] [INFO] [post_entry_manager] [POST_ENTRY] Monitoring ticket=9515254962
[2026-07-10 15:20:33] [DEBUG] [market_client] Using cached candles for EURUSD H4 (age: 46s)
[2026-07-10 15:20:33] [INFO] [stop_loss_breach_rule] [SL_CHECK] ticket=9515254962 direction=buy current=1.14314 sl=1.14069 breached=False
[2026-07-10 15:20:33] [INFO] [red_flag_detector] ========== RED FLAG REPORT ==========
[2026-07-10 15:20:33] [INFO] [red_flag_detector] ProfitDecay : NO
[2026-07-10 15:20:33] [INFO] [red_flag_detector] TradeHealth : NO
[2026-07-10 15:20:33] [INFO] [red_flag_detector] ATRSpike : NO
[2026-07-10 15:20:33] [INFO] [red_flag_detector] BadRegime : YES
[2026-07-10 15:20:33] [INFO] [red_flag_detector] FlagCount : 1
[2026-07-10 15:20:33] [INFO] [red_flag_detector] Score : 1.000
[2026-07-10 15:20:33] [INFO] [red_flag_detector] Severity : 1
[2026-07-10 15:20:33] [INFO] [red_flag_detector] ======================================
[2026-07-10 15:20:33] [DEBUG] [hybrid_market_client] Fetching indicators for EURUSD (QuantDinger only)
[2026-07-10 15:20:33] [DEBUG] [market_client] Using cached candles for EURUSD H4 (age: 46s)
[2026-07-10 15:20:33] [DEBUG] [hybrid_market_client] ✓ Got live data from QuantDinger for EURUSD
[2026-07-10 15:20:33] [DEBUG] [hybrid_market_client] Fetching indicators for EURUSD (QuantDinger only)
[2026-07-10 15:20:33] [DEBUG] [market_client] Using cached candles for EURUSD H1 (age: 41s)
[2026-07-10 15:20:33] [DEBUG] [hybrid_market_client] ✓ Got live data from QuantDinger for EURUSD
[2026-07-10 15:20:33] [DEBUG] [market_client] Using cached candles for EURUSD H4 (age: 46s)
[2026-07-10 15:20:33] [INFO] [xgboost_exit_adapter] [EXIT_MODEL][DEBUG_FEATURES] symbol=EURUSD features={'mfe': 0.0, 'mae': -11.0, 'entry_atr': 0.002053, 'entry_rsi': 54.54, 'entry_adx': 15.83135811463415, 'market_regime': 'Ranging', 'trade_duration': 0.0, 'spread': 15.0, 'volume': 0.5, 'session': '0.55', 'trend_h1': 0.0, 'trend_h4': 0.0, 'profit_decay_pct': 0.0, 'trade_health': 50.0, 'news_impact': 0.65}
[2026-07-10 15:20:33] [INFO] [xgboost_exit_model] [EXIT_MODEL] XGBoost prediction: probability=98.6%
[2026-07-10 15:20:33] [INFO] [xgboost_exit_adapter] [EXIT_MODEL] symbol=EURUSD prediction_exit_probability=0.9864 decision_signal=98.6%
[2026-07-10 15:20:38] [INFO] [post_entry_trade_monitor] [MONITOR_ID_DIAG] ts=1783686038 symbol=EURUSD d_ticket=9515254962 d_position_id=None d_id=None chosen_ticket=9515254962
[2026-07-10 15:20:38] [INFO] [post_entry_manager] [POST_ENTRY] Monitoring ticket=9515254962
[2026-07-10 15:20:38] [DEBUG] [market_client] Using cached candles for EURUSD H4 (age: 51s)
[2026-07-10 15:20:38] [INFO] [stop_loss_breach_rule] [SL_CHECK] ticket=9515254962 direction=buy current=1.14313 sl=1.14069 breached=False
[2026-07-10 15:20:38] [INFO] [red_flag_detector] ========== RED FLAG REPORT ==========
[2026-07-10 15:20:38] [INFO] [red_flag_detector] ProfitDecay : NO
[2026-07-10 15:20:38] [INFO] [red_flag_detector] TradeHealth : NO
[2026-07-10 15:20:38] [INFO] [red_flag_detector] ATRSpike : NO
[2026-07-10 15:20:38] [INFO] [red_flag_detector] BadRegime : YES
[2026-07-10 15:20:38] [INFO] [red_flag_detector] FlagCount : 1
[2026-07-10 15:20:38] [INFO] [red_flag_detector] Score : 1.000
[2026-07-10 15:20:38] [INFO] [red_flag_detector] Severity : 1
[2026-07-10 15:20:38] [INFO] [red_flag_detector] ======================================
[2026-07-10 15:20:38] [DEBUG] [hybrid_market_client] Fetching indicators for EURUSD (QuantDinger only)
[2026-07-10 15:20:38] [DEBUG] [market_client] Using cached candles for EURUSD H4 (age: 51s)
[2026-07-10 15:20:38] [DEBUG] [hybrid_market_client] ✓ Got live data from QuantDinger for EURUSD
[2026-07-10 15:20:38] [DEBUG] [hybrid_market_client] Fetching indicators for EURUSD (QuantDinger only)
[2026-07-10 15:20:38] [DEBUG] [market_client] Using cached candles for EURUSD H1 (age: 46s)
[2026-07-10 15:20:38] [DEBUG] [hybrid_market_client] ✓ Got live data from QuantDinger for EURUSD
[2026-07-10 15:20:38] [DEBUG] [market_client] Using cached candles for EURUSD H4 (age: 51s)
[2026-07-10 15:20:38] [INFO] [xgboost_exit_adapter] [EXIT_MODEL][DEBUG_FEATURES] symbol=EURUSD features={'mfe': 0.0, 'mae': -11.0, 'entry_atr': 0.002053, 'entry_rsi': 54.54, 'entry_adx': 15.83135811463415, 'market_regime': 'Ranging', 'trade_duration': 0.0, 'spread': 15.0, 'volume': 0.5, 'session': '0.55', 'trend_h1': 0.0, 'trend_h4': 0.0, 'profit_decay_pct': 0.0, 'trade_health': 50.0, 'news_impact': 0.65}
[2026-07-10 15:20:38] [INFO] [xgboost_exit_model] [EXIT_MODEL] XGBoost prediction: probability=98.6%
[2026-07-10 15:20:38] [INFO] [xgboost_exit_adapter] [EXIT_MODEL] symbol=EURUSD prediction_exit_probability=0.9864 decision_signal=98.6%
[2026-07-10 15:20:43] [INFO] [post_entry_trade_monitor] [MONITOR_ID_DIAG] ts=1783686043 symbol=EURUSD d_ticket=9515254962 d_position_id=None d_id=None chosen_ticket=9515254962
[2026-07-10 15:20:43] [INFO] [post_entry_manager] [POST_ENTRY] Monitoring ticket=9515254962
[2026-07-10 15:20:43] [DEBUG] [market_client] Using cached candles for EURUSD H4 (age: 56s)
[2026-07-10 15:20:43] [INFO] [stop_loss_breach_rule] [SL_CHECK] ticket=9515254962 direction=buy current=1.14318 sl=1.14069 breached=False
[2026-07-10 15:20:43] [INFO] [red_flag_detector] ========== RED FLAG REPORT ==========
[2026-07-10 15:20:43] [INFO] [red_flag_detector] ProfitDecay : NO
[2026-07-10 15:20:43] [INFO] [red_flag_detector] TradeHealth : NO
[2026-07-10 15:20:43] [INFO] [red_flag_detector] ATRSpike : NO
[2026-07-10 15:20:43] [INFO] [red_flag_detector] BadRegime : YES
[2026-07-10 15:20:43] [INFO] [red_flag_detector] FlagCount : 1
[2026-07-10 15:20:43] [INFO] [red_flag_detector] Score : 1.000
[2026-07-10 15:20:43] [INFO] [red_flag_detector] Severity : 1
[2026-07-10 15:20:43] [INFO] [red_flag_detector] ======================================
[2026-07-10 15:20:43] [DEBUG] [hybrid_market_client] Fetching indicators for EURUSD (QuantDinger only)
[2026-07-10 15:20:43] [DEBUG] [market_client] Using cached candles for EURUSD H4 (age: 56s)
[2026-07-10 15:20:43] [DEBUG] [hybrid_market_client] ✓ Got live data from QuantDinger for EURUSD
[2026-07-10 15:20:43] [DEBUG] [hybrid_market_client] Fetching indicators for EURUSD (QuantDinger only)
[2026-07-10 15:20:43] [DEBUG] [market_client] Using cached candles for EURUSD H1 (age: 51s)
[2026-07-10 15:20:43] [DEBUG] [hybrid_market_client] ✓ Got live data from QuantDinger for EURUSD
[2026-07-10 15:20:43] [DEBUG] [market_client] Using cached candles for EURUSD H4 (age: 56s)
[2026-07-10 15:20:43] [INFO] [xgboost_exit_adapter] [EXIT_MODEL][DEBUG_FEATURES] symbol=EURUSD features={'mfe': 0.0, 'mae': -11.0, 'entry_atr': 0.002053, 'entry_rsi': 54.54, 'entry_adx': 15.83135811463415, 'market_regime': 'Ranging', 'trade_duration': 0.0, 'spread': 15.0, 'volume': 0.5, 'session': '0.55', 'trend_h1': 0.0, 'trend_h4': 0.0, 'profit_decay_pct': 0.0, 'trade_health': 50.0, 'news_impact': 0.65}
[2026-07-10 15:20:43] [INFO] [xgboost_exit_model] [EXIT_MODEL] XGBoost prediction: probability=98.6%
[2026-07-10 15:20:43] [INFO] [xgboost_exit_adapter] [EXIT_MODEL] symbol=EURUSD prediction_exit_probability=0.9864 decision_signal=98.6%
[2026-07-10 15:20:48] [INFO] [post_entry_trade_monitor] [MONITOR_ID_DIAG] ts=1783686048 symbol=EURUSD d_ticket=9515254962 d_position_id=None d_id=None chosen_ticket=9515254962
[2026-07-10 15:20:48] [INFO] [post_entry_manager] [POST_ENTRY] Monitoring ticket=9515254962
[2026-07-10 15:20:48] [DEBUG] [market_client] Using cached candles for EURUSD H4 (age: 61s)
[2026-07-10 15:20:48] [INFO] [stop_loss_breach_rule] [SL_CHECK] ticket=9515254962 direction=buy current=1.14314 sl=1.14069 breached=False
[2026-07-10 15:20:48] [INFO] [red_flag_detector] ========== RED FLAG REPORT ==========
[2026-07-10 15:20:48] [INFO] [red_flag_detector] ProfitDecay : NO
[2026-07-10 15:20:48] [INFO] [red_flag_detector] TradeHealth : NO
[2026-07-10 15:20:48] [INFO] [red_flag_detector] ATRSpike : NO
[2026-07-10 15:20:48] [INFO] [red_flag_detector] BadRegime : YES
[2026-07-10 15:20:48] [INFO] [red_flag_detector] FlagCount : 1
[2026-07-10 15:20:48] [INFO] [red_flag_detector] Score : 1.000
[2026-07-10 15:20:48] [INFO] [red_flag_detector] Severity : 1
[2026-07-10 15:20:48] [INFO] [red_flag_detector] ======================================
[2026-07-10 15:20:48] [DEBUG] [hybrid_market_client] Fetching indicators for EURUSD (QuantDinger only)
[2026-07-10 15:20:48] [DEBUG] [market_client] Using cached candles for EURUSD H4 (age: 61s)
[2026-07-10 15:20:48] [DEBUG] [hybrid_market_client] ✓ Got live data from QuantDinger for EURUSD
[2026-07-10 15:20:48] [DEBUG] [hybrid_market_client] Fetching indicators for EURUSD (QuantDinger only)
[2026-07-10 15:20:48] [DEBUG] [market_client] Using cached candles for EURUSD H1 (age: 56s)
[2026-07-10 15:20:48] [DEBUG] [hybrid_market_client] ✓ Got live data from QuantDinger for EURUSD
[2026-07-10 15:20:48] [DEBUG] [market_client] Using cached candles for EURUSD H4 (age: 61s)
[2026-07-10 15:20:48] [INFO] [xgboost_exit_adapter] [EXIT_MODEL][DEBUG_FEATURES] symbol=EURUSD features={'mfe': 0.0, 'mae': -11.0, 'entry_atr': 0.002053, 'entry_rsi': 54.54, 'entry_adx': 15.83135811463415, 'market_regime': 'Ranging', 'trade_duration': 0.0, 'spread': 15.0, 'volume': 0.5, 'session': '0.55', 'trend_h1': 0.0, 'trend_h4': 0.0, 'profit_decay_pct': 0.0, 'trade_health': 50.0, 'news_impact': 0.65}
[2026-07-10 15:20:48] [INFO] [xgboost_exit_model] [EXIT_MODEL] XGBoost prediction: probability=98.6%
[2026-07-10 15:20:48] [INFO] [xgboost_exit_adapter] [EXIT_MODEL] symbol=EURUSD prediction_exit_probability=0.9864 decision_signal=98.6%
[2026-07-10 15:20:53] [INFO] [post_entry_trade_monitor] [MONITOR_ID_DIAG] ts=1783686053 symbol=EURUSD d_ticket=9515254962 d_position_id=None d_id=None chosen_ticket=9515254962
[2026-07-10 15:20:53] [INFO] [post_entry_manager] [POST_ENTRY] Monitoring ticket=9515254962
[2026-07-10 15:20:53] [DEBUG] [market_client] Using cached candles for EURUSD H4 (age: 66s)
[2026-07-10 15:20:53] [INFO] [stop_loss_breach_rule] [SL_CHECK] ticket=9515254962 direction=buy current=1.14314 sl=1.14069 breached=False
[2026-07-10 15:20:53] [INFO] [red_flag_detector] ========== RED FLAG REPORT ==========
[2026-07-10 15:20:53] [INFO] [red_flag_detector] ProfitDecay : NO
[2026-07-10 15:20:53] [INFO] [red_flag_detector] TradeHealth : NO
[2026-07-10 15:20:53] [INFO] [red_flag_detector] ATRSpike : NO
[2026-07-10 15:20:53] [INFO] [red_flag_detector] BadRegime : YES
[2026-07-10 15:20:53] [INFO] [red_flag_detector] FlagCount : 1
[2026-07-10 15:20:53] [INFO] [red_flag_detector] Score : 1.000
[2026-07-10 15:20:53] [INFO] [red_flag_detector] Severity : 1
[2026-07-10 15:20:53] [INFO] [red_flag_detector] ======================================
[2026-07-10 15:20:53] [DEBUG] [hybrid_market_client] Fetching indicators for EURUSD (QuantDinger only)
[2026-07-10 15:20:53] [DEBUG] [market_client] Using cached candles for EURUSD H4 (age: 66s)
[2026-07-10 15:20:53] [DEBUG] [hybrid_market_client] ✓ Got live data from QuantDinger for EURUSD
[2026-07-10 15:20:53] [DEBUG] [hybrid_market_client] Fetching indicators for EURUSD (QuantDinger only)
[2026-07-10 15:20:53] [DEBUG] [market_client] Using cached candles for EURUSD H1 (age: 61s)
[2026-07-10 15:20:53] [DEBUG] [hybrid_market_client] ✓ Got live data from QuantDinger for EURUSD
[2026-07-10 15:20:53] [DEBUG] [market_client] Using cached candles for EURUSD H4 (age: 66s)
[2026-07-10 15:20:53] [INFO] [xgboost_exit_adapter] [EXIT_MODEL][DEBUG_FEATURES] symbol=EURUSD features={'mfe': 0.0, 'mae': -11.0, 'entry_atr': 0.002053, 'entry_rsi': 54.54, 'entry_adx': 15.83135811463415, 'market_regime': 'Ranging', 'trade_duration': 0.0, 'spread': 15.0, 'volume': 0.5, 'session': '0.55', 'trend_h1': 0.0, 'trend_h4': 0.0, 'profit_decay_pct': 0.0, 'trade_health': 50.0, 'news_impact': 0.65}
[2026-07-10 15:20:53] [INFO] [xgboost_exit_model] [EXIT_MODEL] XGBoost prediction: probability=98.6%
[2026-07-10 15:20:53] [INFO] [xgboost_exit_adapter] [EXIT_MODEL] symbol=EURUSD prediction_exit_probability=0.9864 decision_signal=98.6%
[2026-07-10 15:20:58] [INFO] [post_entry_trade_monitor] [MONITOR_ID_DIAG] ts=1783686058 symbol=EURUSD d_ticket=9515254962 d_position_id=None d_id=None chosen_ticket=9515254962
[2026-07-10 15:20:58] [INFO] [post_entry_manager] [POST_ENTRY] Monitoring ticket=9515254962
[2026-07-10 15:20:58] [DEBUG] [market_client] Using cached candles for EURUSD H4 (age: 71s)
[2026-07-10 15:20:58] [INFO] [stop_loss_breach_rule] [SL_CHECK] ticket=9515254962 direction=buy current=1.14316 sl=1.14069 breached=False
[2026-07-10 15:20:58] [INFO] [red_flag_detector] ========== RED FLAG REPORT ==========
[2026-07-10 15:20:58] [INFO] [red_flag_detector] ProfitDecay : NO
[2026-07-10 15:20:58] [INFO] [red_flag_detector] TradeHealth : NO
[2026-07-10 15:20:58] [INFO] [red_flag_detector] ATRSpike : NO
[2026-07-10 15:20:58] [INFO] [red_flag_detector] BadRegime : YES
[2026-07-10 15:20:58] [INFO] [red_flag_detector] FlagCount : 1
[2026-07-10 15:20:58] [INFO] [red_flag_detector] Score : 1.000
[2026-07-10 15:20:58] [INFO] [red_flag_detector] Severity : 1
[2026-07-10 15:20:58] [INFO] [red_flag_detector] ======================================
[2026-07-10 15:20:58] [DEBUG] [hybrid_market_client] Fetching indicators for EURUSD (QuantDinger only)
[2026-07-10 15:20:58] [DEBUG] [market_client] Using cached candles for EURUSD H4 (age: 71s)
[2026-07-10 15:20:58] [DEBUG] [hybrid_market_client] ✓ Got live data from QuantDinger for EURUSD
[2026-07-10 15:20:58] [DEBUG] [hybrid_market_client] Fetching indicators for EURUSD (QuantDinger only)
[2026-07-10 15:20:58] [DEBUG] [market_client] Using cached candles for EURUSD H1 (age: 66s)
[2026-07-10 15:20:58] [DEBUG] [hybrid_market_client] ✓ Got live data from QuantDinger for EURUSD
[2026-07-10 15:20:58] [DEBUG] [market_client] Using cached candles for EURUSD H4 (age: 71s)
[2026-07-10 15:20:58] [INFO] [xgboost_exit_adapter] [EXIT_MODEL][DEBUG_FEATURES] symbol=EURUSD features={'mfe': 0.0, 'mae': -11.0, 'entry_atr': 0.002053, 'entry_rsi': 54.54, 'entry_adx': 15.83135811463415, 'market_regime': 'Ranging', 'trade_duration': 0.0, 'spread': 15.0, 'volume': 0.5, 'session': '0.55', 'trend_h1': 0.0, 'trend_h4': 0.0, 'profit_decay_pct': 0.0, 'trade_health': 50.0, 'news_impact': 0.65}
[2026-07-10 15:20:58] [INFO] [xgboost_exit_model] [EXIT_MODEL] XGBoost prediction: probability=98.6%
[2026-07-10 15:20:58] [INFO] [xgboost_exit_adapter] [EXIT_MODEL] symbol=EURUSD prediction_exit_probability=0.9864 decision_signal=98.6%
[2026-07-10 15:21:03] [INFO] [post_entry_trade_monitor] [MONITOR_ID_DIAG] ts=1783686063 symbol=EURUSD d_ticket=9515254962 d_position_id=None d_id=None chosen_ticket=9515254962
[2026-07-10 15:21:03] [INFO] [post_entry_manager] [POST_ENTRY] Monitoring ticket=9515254962
[2026-07-10 15:21:03] [DEBUG] [market_client] Using cached candles for EURUSD H4 (age: 76s)
[2026-07-10 15:21:03] [INFO] [stop_loss_breach_rule] [SL_CHECK] ticket=9515254962 direction=buy current=1.14317 sl=1.14069 breached=False
[2026-07-10 15:21:03] [INFO] [red_flag_detector] ========== RED FLAG REPORT ==========
[2026-07-10 15:21:03] [INFO] [red_flag_detector] ProfitDecay : NO
[2026-07-10 15:21:03] [INFO] [red_flag_detector] TradeHealth : NO
[2026-07-10 15:21:03] [INFO] [red_flag_detector] ATRSpike : NO
[2026-07-10 15:21:03] [INFO] [red_flag_detector] BadRegime : YES
[2026-07-10 15:21:03] [INFO] [red_flag_detector] FlagCount : 1
[2026-07-10 15:21:03] [INFO] [red_flag_detector] Score : 1.000
[2026-07-10 15:21:03] [INFO] [red_flag_detector] Severity : 1
[2026-07-10 15:21:03] [INFO] [red_flag_detector] ======================================
[2026-07-10 15:21:03] [DEBUG] [hybrid_market_client] Fetching indicators for EURUSD (QuantDinger only)
[2026-07-10 15:21:03] [DEBUG] [market_client] Using cached candles for EURUSD H4 (age: 76s)
[2026-07-10 15:21:03] [DEBUG] [hybrid_market_client] ✓ Got live data from QuantDinger for EURUSD
[2026-07-10 15:21:03] [DEBUG] [hybrid_market_client] Fetching indicators for EURUSD (QuantDinger only)
[2026-07-10 15:21:03] [DEBUG] [market_client] Using cached candles for EURUSD H1 (age: 71s)
[2026-07-10 15:21:03] [DEBUG] [hybrid_market_client] ✓ Got live data from QuantDinger for EURUSD
[2026-07-10 15:21:03] [DEBUG] [market_client] Using cached candles for EURUSD H4 (age: 76s)
[2026-07-10 15:21:03] [INFO] [xgboost_exit_adapter] [EXIT_MODEL][DEBUG_FEATURES] symbol=EURUSD features={'mfe': 0.0, 'mae': -11.0, 'entry_atr': 0.002053, 'entry_rsi': 54.54, 'entry_adx': 15.83135811463415, 'market_regime': 'Ranging', 'trade_duration': 0.0, 'spread': 15.0, 'volume': 0.5, 'session': '0.55', 'trend_h1': 0.0, 'trend_h4': 0.0, 'profit_decay_pct': 0.0, 'trade_health': 50.0, 'news_impact': 0.65}
[2026-07-10 15:21:03] [INFO] [xgboost_exit_model] [EXIT_MODEL] XGBoost prediction: probability=98.6%
[2026-07-10 15:21:03] [INFO] [xgboost_exit_adapter] [EXIT_MODEL] symbol=EURUSD prediction_exit_probability=0.9864 decision_signal=98.6%
[2026-07-10 15:21:08] [INFO] [post_entry_trade_monitor] [MONITOR_ID_DIAG] ts=1783686068 symbol=EURUSD d_ticket=9515254962 d_position_id=None d_id=None chosen_ticket=9515254962
[2026-07-10 15:21:08] [INFO] [post_entry_manager] [POST_ENTRY] Monitoring ticket=9515254962
[2026-07-10 15:21:08] [DEBUG] [market_client] Using cached candles for EURUSD H4 (age: 81s)
[2026-07-10 15:21:08] [INFO] [stop_loss_breach_rule] [SL_CHECK] ticket=9515254962 direction=buy current=1.14319 sl=1.14069 breached=False
[2026-07-10 15:21:08] [INFO] [red_flag_detector] ========== RED FLAG REPORT ==========
[2026-07-10 15:21:08] [INFO] [red_flag_detector] ProfitDecay : NO
[2026-07-10 15:21:08] [INFO] [red_flag_detector] TradeHealth : NO
[2026-07-10 15:21:08] [INFO] [red_flag_detector] ATRSpike : NO
[2026-07-10 15:21:08] [INFO] [red_flag_detector] BadRegime : YES
[2026-07-10 15:21:08] [INFO] [red_flag_detector] FlagCount : 1
[2026-07-10 15:21:08] [INFO] [red_flag_detector] Score : 1.000
[2026-07-10 15:21:08] [INFO] [red_flag_detector] Severity : 1
[2026-07-10 15:21:08] [INFO] [red_flag_detector] ======================================
[2026-07-10 15:21:08] [DEBUG] [hybrid_market_client] Fetching indicators for EURUSD (QuantDinger only)
[2026-07-10 15:21:08] [DEBUG] [market_client] Using cached candles for EURUSD H4 (age: 81s)
[2026-07-10 15:21:08] [DEBUG] [hybrid_market_client] ✓ Got live data from QuantDinger for EURUSD
[2026-07-10 15:21:08] [DEBUG] [hybrid_market_client] Fetching indicators for EURUSD (QuantDinger only)
[2026-07-10 15:21:08] [DEBUG] [market_client] Using cached candles for EURUSD H1 (age: 76s)
[2026-07-10 15:21:08] [DEBUG] [hybrid_market_client] ✓ Got live data from QuantDinger for EURUSD
[2026-07-10 15:21:08] [DEBUG] [market_client] Using cached candles for EURUSD H4 (age: 81s)
[2026-07-10 15:21:08] [INFO] [xgboost_exit_adapter] [EXIT_MODEL][DEBUG_FEATURES] symbol=EURUSD features={'mfe': 0.0, 'mae': -11.0, 'entry_atr': 0.002053, 'entry_rsi': 54.54, 'entry_adx': 15.83135811463415, 'market_regime': 'Ranging', 'trade_duration': 0.0, 'spread': 15.0, 'volume': 0.5, 'session': '0.55', 'trend_h1': 0.0, 'trend_h4': 0.0, 'profit_decay_pct': 0.0, 'trade_health': 50.0, 'news_impact': 0.65}
[2026-07-10 15:21:08] [INFO] [xgboost_exit_model] [EXIT_MODEL] XGBoost prediction: probability=98.6%
[2026-07-10 15:21:08] [INFO] [xgboost_exit_adapter] [EXIT_MODEL] symbol=EURUSD prediction_exit_probability=0.9864 decision_signal=98.6%
[2026-07-10 15:21:13] [INFO] [post_entry_trade_monitor] [MONITOR_ID_DIAG] ts=1783686073 symbol=EURUSD d_ticket=9515254962 d_position_id=None d_id=None chosen_ticket=9515254962
[2026-07-10 15:21:13] [INFO] [post_entry_manager] [POST_ENTRY] Monitoring ticket=9515254962
[2026-07-10 15:21:13] [DEBUG] [market_client] Using cached candles for EURUSD H4 (age: 86s)
[2026-07-10 15:21:13] [INFO] [stop_loss_breach_rule] [SL_CHECK] ticket=9515254962 direction=buy current=1.14319 sl=1.14069 breached=False
[2026-07-10 15:21:13] [INFO] [red_flag_detector] ========== RED FLAG REPORT ==========
[2026-07-10 15:21:13] [INFO] [red_flag_detector] ProfitDecay : NO
[2026-07-10 15:21:13] [INFO] [red_flag_detector] TradeHealth : NO
[2026-07-10 15:21:13] [INFO] [red_flag_detector] ATRSpike : NO
[2026-07-10 15:21:13] [INFO] [red_flag_detector] BadRegime : YES
[2026-07-10 15:21:13] [INFO] [red_flag_detector] FlagCount : 1
[2026-07-10 15:21:13] [INFO] [red_flag_detector] Score : 1.000
[2026-07-10 15:21:13] [INFO] [red_flag_detector] Severity : 1
[2026-07-10 15:21:13] [INFO] [red_flag_detector] ======================================
[2026-07-10 15:21:13] [DEBUG] [hybrid_market_client] Fetching indicators for EURUSD (QuantDinger only)
[2026-07-10 15:21:13] [DEBUG] [market_client] Using cached candles for EURUSD H4 (age: 86s)
[2026-07-10 15:21:13] [DEBUG] [hybrid_market_client] ✓ Got live data from QuantDinger for EURUSD
[2026-07-10 15:21:13] [DEBUG] [hybrid_market_client] Fetching indicators for EURUSD (QuantDinger only)
[2026-07-10 15:21:13] [DEBUG] [market_client] Using cached candles for EURUSD H1 (age: 81s)
[2026-07-10 15:21:13] [DEBUG] [hybrid_market_client] ✓ Got live data from QuantDinger for EURUSD
[2026-07-10 15:21:13] [DEBUG] [market_client] Using cached candles for EURUSD H4 (age: 86s)
[2026-07-10 15:21:13] [INFO] [xgboost_exit_adapter] [EXIT_MODEL][DEBUG_FEATURES] symbol=EURUSD features={'mfe': 0.0, 'mae': -11.0, 'entry_atr': 0.002053, 'entry_rsi': 54.54, 'entry_adx': 15.83135811463415, 'market_regime': 'Ranging', 'trade_duration': 0.0, 'spread': 15.0, 'volume': 0.5, 'session': '0.55', 'trend_h1': 0.0, 'trend_h4': 0.0, 'profit_decay_pct': 0.0, 'trade_health': 50.0, 'news_impact': 0.65}
[2026-07-10 15:21:13] [INFO] [xgboost_exit_model] [EXIT_MODEL] XGBoost prediction: probability=98.6%
[2026-07-10 15:21:13] [INFO] [xgboost_exit_adapter] [EXIT_MODEL] symbol=EURUSD prediction_exit_probability=0.9864 decision_signal=98.6%
[2026-07-10 15:21:18] [INFO] [post_entry_trade_monitor] [MONITOR_ID_DIAG] ts=1783686078 symbol=EURUSD d_ticket=9515254962 d_position_id=None d_id=None chosen_ticket=9515254962
[2026-07-10 15:21:18] [INFO] [post_entry_manager] [POST_ENTRY] Monitoring ticket=9515254962
[2026-07-10 15:21:18] [DEBUG] [market_client] Using cached candles for EURUSD H4 (age: 91s)
[2026-07-10 15:21:18] [INFO] [stop_loss_breach_rule] [SL_CHECK] ticket=9515254962 direction=buy current=1.1432 sl=1.14069 breached=False
[2026-07-10 15:21:18] [INFO] [red_flag_detector] ========== RED FLAG REPORT ==========
[2026-07-10 15:21:18] [INFO] [red_flag_detector] ProfitDecay : NO
[2026-07-10 15:21:18] [INFO] [red_flag_detector] TradeHealth : NO
[2026-07-10 15:21:18] [INFO] [red_flag_detector] ATRSpike : NO
[2026-07-10 15:21:18] [INFO] [red_flag_detector] BadRegime : YES
[2026-07-10 15:21:18] [INFO] [red_flag_detector] FlagCount : 1
[2026-07-10 15:21:18] [INFO] [red_flag_detector] Score : 1.000
[2026-07-10 15:21:18] [INFO] [red_flag_detector] Severity : 1
[2026-07-10 15:21:18] [INFO] [red_flag_detector] ======================================
[2026-07-10 15:21:18] [DEBUG] [hybrid_market_client] Fetching indicators for EURUSD (QuantDinger only)
[2026-07-10 15:21:18] [DEBUG] [market_client] Using cached candles for EURUSD H4 (age: 91s)
[2026-07-10 15:21:18] [DEBUG] [hybrid_market_client] ✓ Got live data from QuantDinger for EURUSD
[2026-07-10 15:21:18] [DEBUG] [hybrid_market_client] Fetching indicators for EURUSD (QuantDinger only)
[2026-07-10 15:21:18] [DEBUG] [market_client] Using cached candles for EURUSD H1 (age: 86s)
[2026-07-10 15:21:18] [DEBUG] [hybrid_market_client] ✓ Got live data from QuantDinger for EURUSD
[2026-07-10 15:21:18] [DEBUG] [market_client] Using cached candles for EURUSD H4 (age: 91s)
[2026-07-10 15:21:18] [INFO] [xgboost_exit_adapter] [EXIT_MODEL][DEBUG_FEATURES] symbol=EURUSD features={'mfe': 0.0, 'mae': -11.0, 'entry_atr': 0.002053, 'entry_rsi': 54.54, 'entry_adx': 15.83135811463415, 'market_regime': 'Ranging', 'trade_duration': 0.0, 'spread': 15.0, 'volume': 0.5, 'session': '0.55', 'trend_h1': 0.0, 'trend_h4': 0.0, 'profit_decay_pct': 0.0, 'trade_health': 50.0, 'news_impact': 0.65}
[2026-07-10 15:21:18] [INFO] [xgboost_exit_model] [EXIT_MODEL] XGBoost prediction: probability=98.6%
[2026-07-10 15:21:18] [INFO] [xgboost_exit_adapter] [EXIT_MODEL] symbol=EURUSD prediction_exit_probability=0.9864 decision_signal=98.6%
[2026-07-10 15:21:23] [INFO] [post_entry_trade_monitor] [MONITOR_ID_DIAG] ts=1783686083 symbol=EURUSD d_ticket=9515254962 d_position_id=None d_id=None chosen_ticket=9515254962
[2026-07-10 15:21:23] [INFO] [post_entry_manager] [POST_ENTRY] Monitoring ticket=9515254962
[2026-07-10 15:21:23] [DEBUG] [market_client] Using cached candles for EURUSD H4 (age: 96s)
[2026-07-10 15:21:23] [INFO] [stop_loss_breach_rule] [SL_CHECK] ticket=9515254962 direction=buy current=1.14318 sl=1.14069 breached=False
[2026-07-10 15:21:23] [INFO] [red_flag_detector] ========== RED FLAG REPORT ==========
[2026-07-10 15:21:23] [INFO] [red_flag_detector] ProfitDecay : NO
[2026-07-10 15:21:23] [INFO] [red_flag_detector] TradeHealth : NO
[2026-07-10 15:21:23] [INFO] [red_flag_detector] ATRSpike : NO
[2026-07-10 15:21:23] [INFO] [red_flag_detector] BadRegime : YES
[2026-07-10 15:21:23] [INFO] [red_flag_detector] FlagCount : 1
[2026-07-10 15:21:23] [INFO] [red_flag_detector] Score : 1.000
[2026-07-10 15:21:23] [INFO] [red_flag_detector] Severity : 1
[2026-07-10 15:21:23] [INFO] [red_flag_detector] ======================================
[2026-07-10 15:21:23] [DEBUG] [hybrid_market_client] Fetching indicators for EURUSD (QuantDinger only)
[2026-07-10 15:21:23] [DEBUG] [market_client] Using cached candles for EURUSD H4 (age: 96s)
[2026-07-10 15:21:23] [DEBUG] [hybrid_market_client] ✓ Got live data from QuantDinger for EURUSD
[2026-07-10 15:21:23] [DEBUG] [hybrid_market_client] Fetching indicators for EURUSD (QuantDinger only)
[2026-07-10 15:21:23] [DEBUG] [market_client] Using cached candles for EURUSD H1 (age: 91s)
[2026-07-10 15:21:23] [DEBUG] [hybrid_market_client] ✓ Got live data from QuantDinger for EURUSD
[2026-07-10 15:21:23] [DEBUG] [market_client] Using cached candles for EURUSD H4 (age: 96s)
[2026-07-10 15:21:23] [INFO] [xgboost_exit_adapter] [EXIT_MODEL][DEBUG_FEATURES] symbol=EURUSD features={'mfe': 0.0, 'mae': -11.0, 'entry_atr': 0.002053, 'entry_rsi': 54.54, 'entry_adx': 15.83135811463415, 'market_regime': 'Ranging', 'trade_duration': 0.0, 'spread': 15.0, 'volume': 0.5, 'session': '0.55', 'trend_h1': 0.0, 'trend_h4': 0.0, 'profit_decay_pct': 0.0, 'trade_health': 50.0, 'news_impact': 0.65}
[2026-07-10 15:21:23] [INFO] [xgboost_exit_model] [EXIT_MODEL] XGBoost prediction: probability=98.6%
[2026-07-10 15:21:23] [INFO] [xgboost_exit_adapter] [EXIT_MODEL] symbol=EURUSD prediction_exit_probability=0.9864 decision_signal=98.6%
[2026-07-10 15:21:28] [INFO] [post_entry_trade_monitor] [MONITOR_ID_DIAG] ts=1783686088 symbol=EURUSD d_ticket=9515254962 d_position_id=None d_id=None chosen_ticket=9515254962
[2026-07-10 15:21:28] [INFO] [post_entry_manager] [POST_ENTRY] Monitoring ticket=9515254962
[2026-07-10 15:21:28] [DEBUG] [market_client] Using cached candles for EURUSD H4 (age: 101s)
[2026-07-10 15:21:28] [INFO] [stop_loss_breach_rule] [SL_CHECK] ticket=9515254962 direction=buy current=1.14318 sl=1.14069 breached=False
[2026-07-10 15:21:28] [INFO] [red_flag_detector] ========== RED FLAG REPORT ==========
[2026-07-10 15:21:28] [INFO] [red_flag_detector] ProfitDecay : NO
[2026-07-10 15:21:28] [INFO] [red_flag_detector] TradeHealth : NO
[2026-07-10 15:21:28] [INFO] [red_flag_detector] ATRSpike : NO
[2026-07-10 15:21:28] [INFO] [red_flag_detector] BadRegime : YES
[2026-07-10 15:21:28] [INFO] [red_flag_detector] FlagCount : 1
[2026-07-10 15:21:28] [INFO] [red_flag_detector] Score : 1.000
[2026-07-10 15:21:28] [INFO] [red_flag_detector] Severity : 1
[2026-07-10 15:21:28] [INFO] [red_flag_detector] ======================================
[2026-07-10 15:21:28] [DEBUG] [hybrid_market_client] Fetching indicators for EURUSD (QuantDinger only)
[2026-07-10 15:21:28] [DEBUG] [market_client] Using cached candles for EURUSD H4 (age: 101s)
[2026-07-10 15:21:28] [DEBUG] [hybrid_market_client] ✓ Got live data from QuantDinger for EURUSD
[2026-07-10 15:21:28] [DEBUG] [hybrid_market_client] Fetching indicators for EURUSD (QuantDinger only)
[2026-07-10 15:21:28] [DEBUG] [market_client] Using cached candles for EURUSD H1 (age: 96s)
[2026-07-10 15:21:28] [DEBUG] [hybrid_market_client] ✓ Got live data from QuantDinger for EURUSD
[2026-07-10 15:21:28] [DEBUG] [market_client] Using cached candles for EURUSD H4 (age: 101s)
[2026-07-10 15:21:28] [INFO] [xgboost_exit_adapter] [EXIT_MODEL][DEBUG_FEATURES] symbol=EURUSD features={'mfe': 0.0, 'mae': -11.0, 'entry_atr': 0.002053, 'entry_rsi': 54.54, 'entry_adx': 15.83135811463415, 'market_regime': 'Ranging', 'trade_duration': 0.0, 'spread': 15.0, 'volume': 0.5, 'session': '0.55', 'trend_h1': 0.0, 'trend_h4': 0.0, 'profit_decay_pct': 0.0, 'trade_health': 50.0, 'news_impact': 0.65}
[2026-07-10 15:21:28] [INFO] [xgboost_exit_model] [EXIT_MODEL] XGBoost prediction: probability=98.6%
[2026-07-10 15:21:28] [INFO] [xgboost_exit_adapter] [EXIT_MODEL] symbol=EURUSD prediction_exit_probability=0.9864 decision_signal=98.6%
[2026-07-10 15:21:33] [INFO] [post_entry_trade_monitor] [MONITOR_ID_DIAG] ts=1783686093 symbol=EURUSD d_ticket=9515254962 d_position_id=None d_id=None chosen_ticket=9515254962
[2026-07-10 15:21:33] [INFO] [post_entry_manager] [POST_ENTRY] Monitoring ticket=9515254962
[2026-07-10 15:21:33] [DEBUG] [market_client] Using cached candles for EURUSD H4 (age: 106s)
[2026-07-10 15:21:33] [INFO] [stop_loss_breach_rule] [SL_CHECK] ticket=9515254962 direction=buy current=1.1431499999999999 sl=1.14069 breached=False
[2026-07-10 15:21:33] [INFO] [red_flag_detector] ========== RED FLAG REPORT ==========
[2026-07-10 15:21:33] [INFO] [red_flag_detector] ProfitDecay : NO
[2026-07-10 15:21:33] [INFO] [red_flag_detector] TradeHealth : NO
[2026-07-10 15:21:33] [INFO] [red_flag_detector] ATRSpike : NO
[2026-07-10 15:21:33] [INFO] [red_flag_detector] BadRegime : YES
[2026-07-10 15:21:33] [INFO] [red_flag_detector] FlagCount : 1
[2026-07-10 15:21:33] [INFO] [red_flag_detector] Score : 1.000
[2026-07-10 15:21:33] [INFO] [red_flag_detector] Severity : 1
[2026-07-10 15:21:33] [INFO] [red_flag_detector] ======================================
[2026-07-10 15:21:33] [DEBUG] [hybrid_market_client] Fetching indicators for EURUSD (QuantDinger only)
[2026-07-10 15:21:33] [DEBUG] [market_client] Using cached candles for EURUSD H4 (age: 106s)
[2026-07-10 15:21:33] [DEBUG] [hybrid_market_client] ✓ Got live data from QuantDinger for EURUSD
[2026-07-10 15:21:33] [DEBUG] [hybrid_market_client] Fetching indicators for EURUSD (QuantDinger only)
[2026-07-10 15:21:33] [DEBUG] [market_client] Using cached candles for EURUSD H1 (age: 101s)
[2026-07-10 15:21:33] [DEBUG] [hybrid_market_client] ✓ Got live data from QuantDinger for EURUSD
[2026-07-10 15:21:33] [DEBUG] [market_client] Using cached candles for EURUSD H4 (age: 106s)
[2026-07-10 15:21:33] [INFO] [xgboost_exit_adapter] [EXIT_MODEL][DEBUG_FEATURES] symbol=EURUSD features={'mfe': 0.0, 'mae': -11.0, 'entry_atr': 0.002053, 'entry_rsi': 54.54, 'entry_adx': 15.83135811463415, 'market_regime': 'Ranging', 'trade_duration': 0.0, 'spread': 15.0, 'volume': 0.5, 'session': '0.55', 'trend_h1': 0.0, 'trend_h4': 0.0, 'profit_decay_pct': 0.0, 'trade_health': 50.0, 'news_impact': 0.65}
[2026-07-10 15:21:33] [INFO] [xgboost_exit_model] [EXIT_MODEL] XGBoost prediction: probability=98.6%
[2026-07-10 15:21:33] [INFO] [xgboost_exit_adapter] [EXIT_MODEL] symbol=EURUSD prediction_exit_probability=0.9864 decision_signal=98.6%
[2026-07-10 15:21:38] [INFO] [post_entry_trade_monitor] [MONITOR_ID_DIAG] ts=1783686098 symbol=EURUSD d_ticket=9515254962 d_position_id=None d_id=None chosen_ticket=9515254962
[2026-07-10 15:21:38] [INFO] [post_entry_manager] [POST_ENTRY] Monitoring ticket=9515254962
[2026-07-10 15:21:38] [DEBUG] [market_client] Using cached candles for EURUSD H4 (age: 111s)
[2026-07-10 15:21:38] [INFO] [stop_loss_breach_rule] [SL_CHECK] ticket=9515254962 direction=buy current=1.14314 sl=1.14069 breached=False
[2026-07-10 15:21:38] [INFO] [red_flag_detector] ========== RED FLAG REPORT ==========
[2026-07-10 15:21:38] [INFO] [red_flag_detector] ProfitDecay : NO
[2026-07-10 15:21:38] [INFO] [red_flag_detector] TradeHealth : NO
[2026-07-10 15:21:38] [INFO] [red_flag_detector] ATRSpike : NO
[2026-07-10 15:21:38] [INFO] [red_flag_detector] BadRegime : YES
[2026-07-10 15:21:38] [INFO] [red_flag_detector] FlagCount : 1
[2026-07-10 15:21:38] [INFO] [red_flag_detector] Score : 1.000
[2026-07-10 15:21:38] [INFO] [red_flag_detector] Severity : 1
[2026-07-10 15:21:38] [INFO] [red_flag_detector] ======================================
[2026-07-10 15:21:38] [DEBUG] [hybrid_market_client] Fetching indicators for EURUSD (QuantDinger only)
[2026-07-10 15:21:38] [DEBUG] [market_client] Using cached candles for EURUSD H4 (age: 111s)
[2026-07-10 15:21:38] [DEBUG] [hybrid_market_client] ✓ Got live data from QuantDinger for EURUSD
[2026-07-10 15:21:38] [DEBUG] [hybrid_market_client] Fetching indicators for EURUSD (QuantDinger only)
[2026-07-10 15:21:38] [DEBUG] [market_client] Using cached candles for EURUSD H1 (age: 106s)
[2026-07-10 15:21:38] [DEBUG] [hybrid_market_client] ✓ Got live data from QuantDinger for EURUSD
[2026-07-10 15:21:38] [DEBUG] [market_client] Using cached candles for EURUSD H4 (age: 111s)
[2026-07-10 15:21:38] [INFO] [xgboost_exit_adapter] [EXIT_MODEL][DEBUG_FEATURES] symbol=EURUSD features={'mfe': 0.0, 'mae': -11.0, 'entry_atr': 0.002053, 'entry_rsi': 54.54, 'entry_adx': 15.83135811463415, 'market_regime': 'Ranging', 'trade_duration': 0.0, 'spread': 15.0, 'volume': 0.5, 'session': '0.55', 'trend_h1': 0.0, 'trend_h4': 0.0, 'profit_decay_pct': 0.0, 'trade_health': 50.0, 'news_impact': 0.65}
[2026-07-10 15:21:38] [INFO] [xgboost_exit_model] [EXIT_MODEL] XGBoost prediction: probability=98.6%
[2026-07-10 15:21:38] [INFO] [xgboost_exit_adapter] [EXIT_MODEL] symbol=EURUSD prediction_exit_probability=0.9864 decision_signal=98.6%
[2026-07-10 15:21:43] [INFO] [post_entry_trade_monitor] [MONITOR_ID_DIAG] ts=1783686103 symbol=EURUSD d_ticket=9515254962 d_position_id=None d_id=None chosen_ticket=9515254962
[2026-07-10 15:21:43] [INFO] [post_entry_manager] [POST_ENTRY] Monitoring ticket=9515254962
[2026-07-10 15:21:43] [DEBUG] [market_client] Using cached candles for EURUSD H4 (age: 116s)
[2026-07-10 15:21:43] [INFO] [stop_loss_breach_rule] [SL_CHECK] ticket=9515254962 direction=buy current=1.14314 sl=1.14069 breached=False
[2026-07-10 15:21:43] [INFO] [red_flag_detector] ========== RED FLAG REPORT ==========
[2026-07-10 15:21:43] [INFO] [red_flag_detector] ProfitDecay : NO
[2026-07-10 15:21:43] [INFO] [red_flag_detector] TradeHealth : NO
[2026-07-10 15:21:43] [INFO] [red_flag_detector] ATRSpike : NO
[2026-07-10 15:21:43] [INFO] [red_flag_detector] BadRegime : YES
[2026-07-10 15:21:43] [INFO] [red_flag_detector] FlagCount : 1
[2026-07-10 15:21:43] [INFO] [red_flag_detector] Score : 1.000
[2026-07-10 15:21:43] [INFO] [red_flag_detector] Severity : 1
[2026-07-10 15:21:43] [INFO] [red_flag_detector] ======================================
[2026-07-10 15:21:43] [DEBUG] [hybrid_market_client] Fetching indicators for EURUSD (QuantDinger only)
[2026-07-10 15:21:43] [DEBUG] [market_client] Using cached candles for EURUSD H4 (age: 116s)
[2026-07-10 15:21:43] [DEBUG] [hybrid_market_client] ✓ Got live data from QuantDinger for EURUSD
[2026-07-10 15:21:43] [DEBUG] [hybrid_market_client] Fetching indicators for EURUSD (QuantDinger only)
[2026-07-10 15:21:43] [DEBUG] [market_client] Using cached candles for EURUSD H1 (age: 111s)
[2026-07-10 15:21:43] [DEBUG] [hybrid_market_client] ✓ Got live data from QuantDinger for EURUSD
[2026-07-10 15:21:43] [DEBUG] [market_client] Using cached candles for EURUSD H4 (age: 116s)
[2026-07-10 15:21:43] [INFO] [xgboost_exit_adapter] [EXIT_MODEL][DEBUG_FEATURES] symbol=EURUSD features={'mfe': 0.0, 'mae': -11.0, 'entry_atr': 0.002053, 'entry_rsi': 54.54, 'entry_adx': 15.83135811463415, 'market_regime': 'Ranging', 'trade_duration': 0.0, 'spread': 15.0, 'volume': 0.5, 'session': '0.55', 'trend_h1': 0.0, 'trend_h4': 0.0, 'profit_decay_pct': 0.0, 'trade_health': 50.0, 'news_impact': 0.65}
[2026-07-10 15:21:43] [INFO] [xgboost_exit_model] [EXIT_MODEL] XGBoost prediction: probability=98.6%
[2026-07-10 15:21:43] [INFO] [xgboost_exit_adapter] [EXIT_MODEL] symbol=EURUSD prediction_exit_probability=0.9864 decision_signal=98.6%
[2026-07-10 15:21:48] [INFO] [post_entry_trade_monitor] [MONITOR_ID_DIAG] ts=1783686108 symbol=EURUSD d_ticket=9515254962 d_position_id=None d_id=None chosen_ticket=9515254962
[2026-07-10 15:21:48] [INFO] [post_entry_manager] [POST_ENTRY] Monitoring ticket=9515254962
[2026-07-10 15:21:48] [DEBUG] [market_client] Using cached candles for EURUSD H4 (age: 121s)
[2026-07-10 15:21:48] [INFO] [stop_loss_breach_rule] [SL_CHECK] ticket=9515254962 direction=buy current=1.14313 sl=1.14069 breached=False
[2026-07-10 15:21:48] [INFO] [red_flag_detector] ========== RED FLAG REPORT ==========
[2026-07-10 15:21:48] [INFO] [red_flag_detector] ProfitDecay : NO
[2026-07-10 15:21:48] [INFO] [red_flag_detector] TradeHealth : NO
[2026-07-10 15:21:48] [INFO] [red_flag_detector] ATRSpike : NO
[2026-07-10 15:21:48] [INFO] [red_flag_detector] BadRegime : YES
[2026-07-10 15:21:48] [INFO] [red_flag_detector] FlagCount : 1
[2026-07-10 15:21:48] [INFO] [red_flag_detector] Score : 1.000
[2026-07-10 15:21:48] [INFO] [red_flag_detector] Severity : 1
[2026-07-10 15:21:48] [INFO] [red_flag_detector] ======================================
[2026-07-10 15:21:48] [DEBUG] [hybrid_market_client] Fetching indicators for EURUSD (QuantDinger only)
[2026-07-10 15:21:48] [DEBUG] [market_client] Using cached candles for EURUSD H4 (age: 121s)
[2026-07-10 15:21:48] [DEBUG] [hybrid_market_client] ✓ Got live data from QuantDinger for EURUSD
[2026-07-10 15:21:48] [DEBUG] [hybrid_market_client] Fetching indicators for EURUSD (QuantDinger only)
[2026-07-10 15:21:48] [DEBUG] [market_client] Using cached candles for EURUSD H1 (age: 116s)
[2026-07-10 15:21:48] [DEBUG] [hybrid_market_client] ✓ Got live data from QuantDinger for EURUSD
[2026-07-10 15:21:48] [DEBUG] [market_client] Using cached candles for EURUSD H4 (age: 121s)
[2026-07-10 15:21:48] [INFO] [xgboost_exit_adapter] [EXIT_MODEL][DEBUG_FEATURES] symbol=EURUSD features={'mfe': 0.0, 'mae': -11.0, 'entry_atr': 0.002053, 'entry_rsi': 54.54, 'entry_adx': 15.83135811463415, 'market_regime': 'Ranging', 'trade_duration': 0.0, 'spread': 15.0, 'volume': 0.5, 'session': '0.55', 'trend_h1': 0.0, 'trend_h4': 0.0, 'profit_decay_pct': 0.0, 'trade_health': 50.0, 'news_impact': 0.65}
[2026-07-10 15:21:48] [INFO] [xgboost_exit_model] [EXIT_MODEL] XGBoost prediction: probability=98.6%
[2026-07-10 15:21:48] [INFO] [xgboost_exit_adapter] [EXIT_MODEL] symbol=EURUSD prediction_exit_probability=0.9864 decision_signal=98.6%
[2026-07-10 15:21:53] [INFO] [post_entry_trade_monitor] [MONITOR_ID_DIAG] ts=1783686113 symbol=EURUSD d_ticket=9515254962 d_position_id=None d_id=None chosen_ticket=9515254962
[2026-07-10 15:21:53] [INFO] [post_entry_manager] [POST_ENTRY] Monitoring ticket=9515254962
[2026-07-10 15:21:53] [DEBUG] [market_client] Using cached candles for EURUSD H4 (age: 126s)
[2026-07-10 15:21:53] [INFO] [stop_loss_breach_rule] [SL_CHECK] ticket=9515254962 direction=buy current=1.14319 sl=1.14069 breached=False
[2026-07-10 15:21:53] [INFO] [red_flag_detector] ========== RED FLAG REPORT ==========
[2026-07-10 15:21:53] [INFO] [red_flag_detector] ProfitDecay : NO
[2026-07-10 15:21:53] [INFO] [red_flag_detector] TradeHealth : NO
[2026-07-10 15:21:53] [INFO] [red_flag_detector] ATRSpike : NO
[2026-07-10 15:21:53] [INFO] [red_flag_detector] BadRegime : YES
[2026-07-10 15:21:53] [INFO] [red_flag_detector] FlagCount : 1
[2026-07-10 15:21:53] [INFO] [red_flag_detector] Score : 1.000
[2026-07-10 15:21:53] [INFO] [red_flag_detector] Severity : 1
[2026-07-10 15:21:53] [INFO] [red_flag_detector] ======================================
[2026-07-10 15:21:53] [DEBUG] [hybrid_market_client] Fetching indicators for EURUSD (QuantDinger only)
[2026-07-10 15:21:53] [DEBUG] [market_client] Using cached candles for EURUSD H4 (age: 126s)
[2026-07-10 15:21:53] [DEBUG] [hybrid_market_client] ✓ Got live data from QuantDinger for EURUSD
[2026-07-10 15:21:53] [DEBUG] [hybrid_market_client] Fetching indicators for EURUSD (QuantDinger only)
[2026-07-10 15:21:53] [DEBUG] [market_client] Using cached candles for EURUSD H1 (age: 121s)
[2026-07-10 15:21:53] [DEBUG] [hybrid_market_client] ✓ Got live data from QuantDinger for EURUSD
[2026-07-10 15:21:53] [DEBUG] [market_client] Using cached candles for EURUSD H4 (age: 126s)
[2026-07-10 15:21:53] [INFO] [xgboost_exit_adapter] [EXIT_MODEL][DEBUG_FEATURES] symbol=EURUSD features={'mfe': 0.0, 'mae': -11.0, 'entry_atr': 0.002053, 'entry_rsi': 54.54, 'entry_adx': 15.83135811463415, 'market_regime': 'Ranging', 'trade_duration': 0.0, 'spread': 15.0, 'volume': 0.5, 'session': '0.55', 'trend_h1': 0.0, 'trend_h4': 0.0, 'profit_decay_pct': 0.0, 'trade_health': 50.0, 'news_impact': 0.65}
[2026-07-10 15:21:53] [INFO] [xgboost_exit_model] [EXIT_MODEL] XGBoost prediction: probability=98.6%
[2026-07-10 15:21:53] [INFO] [xgboost_exit_adapter] [EXIT_MODEL] symbol=EURUSD prediction_exit_probability=0.9864 decision_signal=98.6%
[2026-07-10 15:21:58] [INFO] [post_entry_trade_monitor] [MONITOR_ID_DIAG] ts=1783686118 symbol=EURUSD d_ticket=9515254962 d_position_id=None d_id=None chosen_ticket=9515254962
[2026-07-10 15:21:58] [INFO] [post_entry_manager] [POST_ENTRY] Monitoring ticket=9515254962
[2026-07-10 15:21:58] [DEBUG] [market_client] Using cached candles for EURUSD H4 (age: 131s)
[2026-07-10 15:21:58] [INFO] [stop_loss_breach_rule] [SL_CHECK] ticket=9515254962 direction=buy current=1.14312 sl=1.14069 breached=False
[2026-07-10 15:21:58] [INFO] [red_flag_detector] ========== RED FLAG REPORT ==========
[2026-07-10 15:21:58] [INFO] [red_flag_detector] ProfitDecay : NO
[2026-07-10 15:21:58] [INFO] [red_flag_detector] TradeHealth : NO
[2026-07-10 15:21:58] [INFO] [red_flag_detector] ATRSpike : NO
[2026-07-10 15:21:58] [INFO] [red_flag_detector] BadRegime : YES
[2026-07-10 15:21:58] [INFO] [red_flag_detector] FlagCount : 1
[2026-07-10 15:21:58] [INFO] [red_flag_detector] Score : 1.000
[2026-07-10 15:21:58] [INFO] [red_flag_detector] Severity : 1
[2026-07-10 15:21:58] [INFO] [red_flag_detector] ======================================
[2026-07-10 15:21:58] [DEBUG] [hybrid_market_client] Fetching indicators for EURUSD (QuantDinger only)
[2026-07-10 15:21:58] [DEBUG] [market_client] Using cached candles for EURUSD H4 (age: 131s)
[2026-07-10 15:21:58] [DEBUG] [hybrid_market_client] ✓ Got live data from QuantDinger for EURUSD
[2026-07-10 15:21:58] [DEBUG] [hybrid_market_client] Fetching indicators for EURUSD (QuantDinger only)
[2026-07-10 15:21:58] [DEBUG] [market_client] Using cached candles for EURUSD H1 (age: 126s)
[2026-07-10 15:21:58] [DEBUG] [hybrid_market_client] ✓ Got live data from QuantDinger for EURUSD
[2026-07-10 15:21:58] [DEBUG] [market_client] Using cached candles for EURUSD H4 (age: 131s)
[2026-07-10 15:21:58] [INFO] [xgboost_exit_adapter] [EXIT_MODEL][DEBUG_FEATURES] symbol=EURUSD features={'mfe': 0.0, 'mae': -11.5, 'entry_atr': 0.002053, 'entry_rsi': 54.54, 'entry_adx': 15.83135811463415, 'market_regime': 'Ranging', 'trade_duration': 0.0, 'spread': 15.0, 'volume': 0.5, 'session': '0.55', 'trend_h1': 0.0, 'trend_h4': 0.0, 'profit_decay_pct': 0.0, 'trade_health': 50.0, 'news_impact': 0.65}
[2026-07-10 15:21:58] [INFO] [xgboost_exit_model] [EXIT_MODEL] XGBoost prediction: probability=98.6%
[2026-07-10 15:21:58] [INFO] [xgboost_exit_adapter] [EXIT_MODEL] symbol=EURUSD prediction_exit_probability=0.9864 decision_signal=98.6%
[2026-07-10 15:22:03] [INFO] [post_entry_trade_monitor] [MONITOR_ID_DIAG] ts=1783686123 symbol=EURUSD d_ticket=9515254962 d_position_id=None d_id=None chosen_ticket=9515254962
[2026-07-10 15:22:03] [INFO] [post_entry_manager] [POST_ENTRY] Monitoring ticket=9515254962
[2026-07-10 15:22:03] [DEBUG] [market_client] Using cached candles for EURUSD H4 (age: 136s)
[2026-07-10 15:22:03] [INFO] [stop_loss_breach_rule] [SL_CHECK] ticket=9515254962 direction=buy current=1.14313 sl=1.14069 breached=False
[2026-07-10 15:22:03] [INFO] [red_flag_detector] ========== RED FLAG REPORT ==========
[2026-07-10 15:22:03] [INFO] [red_flag_detector] ProfitDecay : NO
[2026-07-10 15:22:03] [INFO] [red_flag_detector] TradeHealth : NO
[2026-07-10 15:22:03] [INFO] [red_flag_detector] ATRSpike : NO
[2026-07-10 15:22:03] [INFO] [red_flag_detector] BadRegime : YES
[2026-07-10 15:22:03] [INFO] [red_flag_detector] FlagCount : 1
[2026-07-10 15:22:03] [INFO] [red_flag_detector] Score : 1.000
[2026-07-10 15:22:03] [INFO] [red_flag_detector] Severity : 1
[2026-07-10 15:22:03] [INFO] [red_flag_detector] ======================================
[2026-07-10 15:22:03] [DEBUG] [hybrid_market_client] Fetching indicators for EURUSD (QuantDinger only)
[2026-07-10 15:22:03] [DEBUG] [market_client] Using cached candles for EURUSD H4 (age: 136s)
[2026-07-10 15:22:03] [DEBUG] [hybrid_market_client] ✓ Got live data from QuantDinger for EURUSD
[2026-07-10 15:22:03] [DEBUG] [hybrid_market_client] Fetching indicators for EURUSD (QuantDinger only)
[2026-07-10 15:22:03] [DEBUG] [market_client] Using cached candles for EURUSD H1 (age: 131s)
[2026-07-10 15:22:03] [DEBUG] [hybrid_market_client] ✓ Got live data from QuantDinger for EURUSD
[2026-07-10 15:22:03] [DEBUG] [market_client] Using cached candles for EURUSD H4 (age: 136s)
[2026-07-10 15:22:03] [INFO] [xgboost_exit_adapter] [EXIT_MODEL][DEBUG_FEATURES] symbol=EURUSD features={'mfe': 0.0, 'mae': -11.5, 'entry_atr': 0.002053, 'entry_rsi': 54.54, 'entry_adx': 15.83135811463415, 'market_regime': 'Ranging', 'trade_duration': 0.0, 'spread': 15.0, 'volume': 0.5, 'session': '0.55', 'trend_h1': 0.0, 'trend_h4': 0.0, 'profit_decay_pct': 0.0, 'trade_health': 50.0, 'news_impact': 0.65}
[2026-07-10 15:22:03] [INFO] [xgboost_exit_model] [EXIT_MODEL] XGBoost prediction: probability=98.6%
[2026-07-10 15:22:03] [INFO] [xgboost_exit_adapter] [EXIT_MODEL] symbol=EURUSD prediction_exit_probability=0.9864 decision_signal=98.6%
[2026-07-10 15:22:08] [INFO] [post_entry_trade_monitor] [MONITOR_ID_DIAG] ts=1783686128 symbol=EURUSD d_ticket=9515254962 d_position_id=None d_id=None chosen_ticket=9515254962
[2026-07-10 15:22:08] [INFO] [post_entry_manager] [POST_ENTRY] Monitoring ticket=9515254962
[2026-07-10 15:22:08] [DEBUG] [market_client] Using cached candles for EURUSD H4 (age: 141s)
[2026-07-10 15:22:08] [INFO] [stop_loss_breach_rule] [SL_CHECK] ticket=9515254962 direction=buy current=1.14312 sl=1.14069 breached=False
[2026-07-10 15:22:08] [INFO] [red_flag_detector] ========== RED FLAG REPORT ==========
[2026-07-10 15:22:08] [INFO] [red_flag_detector] ProfitDecay : NO
[2026-07-10 15:22:08] [INFO] [red_flag_detector] TradeHealth : NO
[2026-07-10 15:22:08] [INFO] [red_flag_detector] ATRSpike : NO
[2026-07-10 15:22:08] [INFO] [red_flag_detector] BadRegime : YES
[2026-07-10 15:22:08] [INFO] [red_flag_detector] FlagCount : 1
[2026-07-10 15:22:08] [INFO] [red_flag_detector] Score : 1.000
[2026-07-10 15:22:08] [INFO] [red_flag_detector] Severity : 1
[2026-07-10 15:22:08] [INFO] [red_flag_detector] ======================================
[2026-07-10 15:22:08] [DEBUG] [hybrid_market_client] Fetching indicators for EURUSD (QuantDinger only)
[2026-07-10 15:22:08] [DEBUG] [market_client] Using cached candles for EURUSD H4 (age: 141s)
[2026-07-10 15:22:08] [DEBUG] [hybrid_market_client] ✓ Got live data from QuantDinger for EURUSD
[2026-07-10 15:22:08] [DEBUG] [hybrid_market_client] Fetching indicators for EURUSD (QuantDinger only)
[2026-07-10 15:22:08] [DEBUG] [market_client] Using cached candles for EURUSD H1 (age: 136s)
[2026-07-10 15:22:08] [DEBUG] [hybrid_market_client] ✓ Got live data from QuantDinger for EURUSD
[2026-07-10 15:22:08] [DEBUG] [market_client] Using cached candles for EURUSD H4 (age: 141s)
[2026-07-10 15:22:08] [INFO] [xgboost_exit_adapter] [EXIT_MODEL][DEBUG_FEATURES] symbol=EURUSD features={'mfe': 0.0, 'mae': -11.5, 'entry_atr': 0.002053, 'entry_rsi': 54.54, 'entry_adx': 15.83135811463415, 'market_regime': 'Ranging', 'trade_duration': 0.0, 'spread': 15.0, 'volume': 0.5, 'session': '0.55', 'trend_h1': 0.0, 'trend_h4': 0.0, 'profit_decay_pct': 0.0, 'trade_health': 50.0, 'news_impact': 0.65}
[2026-07-10 15:22:08] [INFO] [xgboost_exit_model] [EXIT_MODEL] XGBoost prediction: probability=98.6%
[2026-07-10 15:22:08] [INFO] [xgboost_exit_adapter] [EXIT_MODEL] symbol=EURUSD prediction_exit_probability=0.9864 decision_signal=98.6%
[2026-07-10 15:22:10] [DEBUG] [hybrid_market_client] Fetching indicators for EURUSD (QuantDinger only)
[2026-07-10 15:22:10] [INFO] [qd_client] Logged in to QuantDinger
[2026-07-10 15:22:10] [DEBUG] [market_client] Candles EURUSD 4H: 100 bars ✓
[2026-07-10 15:22:10] [DEBUG] [hybrid_market_client] ✓ Got live data from QuantDinger for EURUSD
[2026-07-10 15:22:10] [DEBUG] [hybrid_market_client] Fetching indicators for EURUSD (QuantDinger only)
[2026-07-10 15:22:10] [DEBUG] [market_client] Candles EURUSD 4H: 100 bars ✓
[2026-07-10 15:22:10] [DEBUG] [hybrid_market_client] ✓ Got live data from QuantDinger for EURUSD
[2026-07-10 15:22:10] [DEBUG] [market_client] Using cached candles for EURUSD H4 (age: 0s)
[2026-07-10 15:22:10] [INFO] [xgboost_exit_adapter] [EXIT_MODEL][DEBUG_FEATURES] symbol=EURUSD features={'mfe': 3.0, 'mae': 0.0, 'entry_atr': 0.002053, 'entry_rsi': 54.54, 'entry_adx': 20.0, 'market_regime': 'placeholder_Unknown', 'trade_duration': 1.0057771762212118, 'spread': 15.0, 'volume': 0.6, 'session': 'london', 'trend_h1': 0.0, 'trend_h4': 0.0, 'profit_decay_pct': 100.0, 'trade_health': 50.0, 'news_impact': 0.0}
[2026-07-10 15:22:10] [INFO] [xgboost_exit_model] Loaded Exit Model from F:\files (2)\google\botdd\trading_bot_v3\models\xgboost_exit_model.json
[2026-07-10 15:22:10] [INFO] [xgboost_exit_model] [EXIT_MODEL] XGBoost prediction: probability=7.6%
[2026-07-10 15:22:10] [INFO] [xgboost_exit_adapter] [EXIT_MODEL] symbol=EURUSD prediction_exit_probability=0.0761 decision_signal=7.6%
[2026-07-10 15:22:13] [INFO] [post_entry_trade_monitor] [MONITOR_ID_DIAG] ts=1783686133 symbol=EURUSD d_ticket=9515254962 d_position_id=None d_id=None chosen_ticket=9515254962
[2026-07-10 15:22:14] [CRITICAL] [post_entry_manager] [EMERGENCY_STOP] Closing ticket=9515254962 symbol=EURUSD dir=buy entry=1.14335 current=1.14304 loss_points=-31.000000000003244 threshold=-30
[2026-07-10 15:22:14] [INFO] [action_executor] [CLOSE_DIAG] ts=1783686134 ticket_int=9515254962 open_position_tickets=[9515254962]
[2026-07-10 15:22:14] [INFO] [action_executor] [MT5] close_position retcode=10009 comment=Request executed ticket=9515254962
[2026-07-10 15:22:14] [INFO] [post_entry_event_logger] [LOGGER_LISTENER] event_type=TradeClosed ticket=9515254962
[2026-07-10 15:22:14] [INFO] [post_entry_database_listener] [DATABASE_LISTENER] event_type=TradeClosed ticket=9515254962
[2026-07-10 15:22:14] [INFO] [post_entry_telegram_listener] [TELEGRAM_LISTENER] event_type=TradeClosed ticket=9515254962
[2026-07-10 15:22:37] [WARNING] [mt5_watchdog] MT5 disconnected! Attempt 1/3
[2026-07-10 15:22:37] [INFO] [qd_client] Logged in to QuantDinger
[2026-07-10 15:22:37] [INFO] [mt5_watchdog] MT5 already connected
[2026-07-10 15:22:37] [INFO] [mt5_watchdog] MT5 reconnected successfully!
[2026-07-10 15:23:11] [DEBUG] [hybrid_market_client] Fetching indicators for EURUSD (QuantDinger only)
[2026-07-10 15:23:11] [INFO] [qd_client] Logged in to QuantDinger
[2026-07-10 15:23:11] [DEBUG] [market_client] Candles EURUSD 4H: 100 bars ✓
[2026-07-10 15:23:11] [DEBUG] [hybrid_market_client] ✓ Got live data from QuantDinger for EURUSD
[2026-07-10 15:23:11] [DEBUG] [hybrid_market_client] Fetching indicators for EURUSD (QuantDinger only)
[2026-07-10 15:23:11] [DEBUG] [market_client] Candles EURUSD 4H: 100 bars ✓
[2026-07-10 15:23:11] [DEBUG] [hybrid_market_client] ✓ Got live data from QuantDinger for EURUSD
[2026-07-10 15:23:11] [DEBUG] [market_client] Using cached candles for EURUSD H4 (age: 0s)
[2026-07-10 15:23:11] [INFO] [xgboost_exit_adapter] [EXIT_MODEL][DEBUG_FEATURES] symbol=EURUSD features={'mfe': 3.0, 'mae': 0.0, 'entry_atr': 0.002053, 'entry_rsi': 54.54, 'entry_adx': 20.0, 'market_regime': 'placeholder_Unknown', 'trade_duration': 1.005872937043508, 'spread': 15.0, 'volume': 0.6, 'session': 'london', 'trend_h1': 0.0, 'trend_h4': 0.0, 'profit_decay_pct': 100.0, 'trade_health': 50.0, 'news_impact': 0.0}
[2026-07-10 15:23:11] [INFO] [xgboost_exit_model] Loaded Exit Model from F:\files (2)\google\botdd\trading_bot_v3\models\xgboost_exit_model.json
[2026-07-10 15:23:11] [INFO] [xgboost_exit_model] [EXIT_MODEL] XGBoost prediction: probability=7.6%
[2026-07-10 15:23:11] [INFO] [xgboost_exit_adapter] [EXIT_MODEL] symbol=EURUSD prediction_exit_probability=0.0761 decision_signal=7.6%
[2026-07-10 15:24:05] [DEBUG] [hybrid_market_client] Fetching indicators for EURUSD (QuantDinger only)
[2026-07-10 15:24:05] [INFO] [qd_client] Logged in to QuantDinger
[2026-07-10 15:24:05] [DEBUG] [market_client] Candles EURUSD 4H: 100 bars ✓
[2026-07-10 15:24:05] [DEBUG] [hybrid_market_client] ✓ Got live data from QuantDinger for EURUSD
[2026-07-10 15:24:05] [DEBUG] [hybrid_market_client] Fetching indicators for EURUSD (QuantDinger only)
[2026-07-10 15:24:05] [DEBUG] [market_client] Candles EURUSD 4H: 100 bars ✓
[2026-07-10 15:24:05] [DEBUG] [hybrid_market_client] ✓ Got live data from QuantDinger for EURUSD
[2026-07-10 15:24:05] [DEBUG] [market_client] Using cached candles for EURUSD H4 (age: 0s)
[2026-07-10 15:24:05] [INFO] [xgboost_exit_adapter] [EXIT_MODEL][DEBUG_FEATURES] symbol=EURUSD features={'mfe': 3.0, 'mae': 0.0, 'entry_atr': 0.002053, 'entry_rsi': 54.54, 'entry_adx': 20.0, 'market_regime': 'placeholder_Unknown', 'trade_duration': 1.006099820137024, 'spread': 15.0, 'volume': 0.6, 'session': 'london', 'trend_h1': 0.0, 'trend_h4': 0.0, 'profit_decay_pct': 100.0, 'trade_health': 50.0, 'news_impact': 0.0}
[2026-07-10 15:24:06] [INFO] [xgboost_exit_model] Loaded Exit Model from F:\files (2)\google\botdd\trading_bot_v3\models\xgboost_exit_model.json
[2026-07-10 15:24:06] [INFO] [xgboost_exit_model] [EXIT_MODEL] XGBoost prediction: probability=7.6%
[2026-07-10 15:24:06] [INFO] [xgboost_exit_adapter] [EXIT_MODEL] symbol=EURUSD prediction_exit_probability=0.0761 decision_signal=7.6%
[2026-07-10 15:24:38] [WARNING] [mt5_watchdog] MT5 disconnected! Attempt 1/3
[2026-07-10 15:24:39] [INFO] [qd_client] Logged in to QuantDinger
[2026-07-10 15:24:39] [INFO] [mt5_watchdog] MT5 already connected
[2026-07-10 15:24:39] [INFO] [mt5_watchdog] MT5 reconnected successfully!
[2026-07-10 15:25:27] [DEBUG] [hybrid_market_client] Fetching indicators for EURUSD (QuantDinger only)
[2026-07-10 15:25:27] [INFO] [qd_client] Logged in to QuantDinger
[2026-07-10 15:25:27] [DEBUG] [market_client] Candles EURUSD 4H: 100 bars ✓
[2026-07-10 15:25:27] [DEBUG] [hybrid_market_client] ✓ Got live data from QuantDinger for EURUSD
[2026-07-10 15:25:27] [DEBUG] [hybrid_market_client] Fetching indicators for EURUSD (QuantDinger only)
[2026-07-10 15:25:27] [DEBUG] [market_client] Candles EURUSD 4H: 100 bars ✓
[2026-07-10 15:25:27] [DEBUG] [hybrid_market_client] ✓ Got live data from QuantDinger for EURUSD
[2026-07-10 15:25:27] [DEBUG] [market_client] Using cached candles for EURUSD H4 (age: 0s)
[2026-07-10 15:25:27] [INFO] [xgboost_exit_adapter] [EXIT_MODEL][DEBUG_FEATURES] symbol=EURUSD features={'mfe': 3.0, 'mae': 0.0, 'entry_atr': 0.002053, 'entry_rsi': 53.15, 'entry_adx': 20.0, 'market_regime': 'placeholder_Unknown', 'trade_duration': 1.010788917541504, 'spread': 15.0, 'volume': 0.6, 'session': 'london', 'trend_h1': 0.0, 'trend_h4': 0.0, 'profit_decay_pct': 100.0, 'trade_health': 50.0, 'news_impact': 0.0}
[2026-07-10 15:25:28] [INFO] [xgboost_exit_model] Loaded Exit Model from F:\files (2)\google\botdd\trading_bot_v3\models\xgboost_exit_model.json
[2026-07-10 15:25:28] [INFO] [xgboost_exit_model] [EXIT_MODEL] XGBoost prediction: probability=7.6%
[2026-07-10 15:25:28] [INFO] [xgboost_exit_adapter] [EXIT_MODEL] symbol=EURUSD prediction_exit_probability=0.0761 decision_signal=7.6%
[2026-07-10 15:26:19] [DEBUG] [hybrid_market_client] Fetching indicators for EURUSD (QuantDinger only)
[2026-07-10 15:26:19] [INFO] [qd_client] Logged in to QuantDinger
[2026-07-10 15:26:19] [DEBUG] [market_client] Candles EURUSD 4H: 100 bars ✓
[2026-07-10 15:26:19] [DEBUG] [hybrid_market_client] ✓ Got live data from QuantDinger for EURUSD
[2026-07-10 15:26:19] [DEBUG] [hybrid_market_client] Fetching indicators for EURUSD (QuantDinger only)
[2026-07-10 15:26:19] [DEBUG] [market_client] Candles EURUSD 4H: 100 bars ✓
[2026-07-10 15:26:19] [DEBUG] [hybrid_market_client] ✓ Got live data from QuantDinger for EURUSD
[2026-07-10 15:26:19] [DEBUG] [market_client] Using cached candles for EURUSD H4 (age: 0s)
[2026-07-10 15:26:19] [INFO] [xgboost_exit_adapter] [EXIT_MODEL][DEBUG_FEATURES] symbol=EURUSD features={'mfe': 3.0, 'mae': 0.0, 'entry_atr': 0.002053, 'entry_rsi': 53.15, 'entry_adx': 20.0, 'market_regime': 'placeholder_Unknown', 'trade_duration': 1.0061349312464396, 'spread': 15.0, 'volume': 0.6, 'session': 'london', 'trend_h1': 0.0, 'trend_h4': 0.0, 'profit_decay_pct': 100.0, 'trade_health': 50.0, 'news_impact': 0.0}
[2026-07-10 15:26:20] [INFO] [xgboost_exit_model] Loaded Exit Model from F:\files (2)\google\botdd\trading_bot_v3\models\xgboost_exit_model.json
[2026-07-10 15:26:20] [INFO] [xgboost_exit_model] [EXIT_MODEL] XGBoost prediction: probability=7.6%
[2026-07-10 15:26:20] [INFO] [xgboost_exit_adapter] [EXIT_MODEL] symbol=EURUSD prediction_exit_probability=0.0761 decision_signal=7.6%
[2026-07-10 15:26:39] [WARNING] [mt5_watchdog] MT5 disconnected! Attempt 1/3
[2026-07-10 15:26:40] [INFO] [qd_client] Logged in to QuantDinger
[2026-07-10 15:26:40] [INFO] [mt5_watchdog] MT5 already connected
[2026-07-10 15:26:40] [INFO] [mt5_watchdog] MT5 reconnected successfully!
[2026-07-10 15:26:54] [DEBUG] [hybrid_market_client] Fetching indicators for EURUSD (QuantDinger only)
[2026-07-10 15:26:55] [INFO] [qd_client] Logged in to QuantDinger
[2026-07-10 15:26:55] [DEBUG] [market_client] Candles EURUSD 4H: 100 bars ✓
[2026-07-10 15:26:55] [DEBUG] [hybrid_market_client] ✓ Got live data from QuantDinger for EURUSD
[2026-07-10 15:26:55] [DEBUG] [hybrid_market_client] Fetching indicators for EURUSD (QuantDinger only)
[2026-07-10 15:26:55] [DEBUG] [market_client] Candles EURUSD 4H: 100 bars ✓
[2026-07-10 15:26:55] [DEBUG] [hybrid_market_client] ✓ Got live data from QuantDinger for EURUSD
[2026-07-10 15:26:55] [DEBUG] [market_client] Using cached candles for EURUSD H4 (age: 0s)
[2026-07-10 15:26:55] [INFO] [xgboost_exit_adapter] [EXIT_MODEL][DEBUG_FEATURES] symbol=EURUSD features={'mfe': 3.0, 'mae': 0.0, 'entry_atr': 0.002053, 'entry_rsi': 53.15, 'entry_adx': 20.0, 'market_regime': 'placeholder_Unknown', 'trade_duration': 1.0054871479670207, 'spread': 15.0, 'volume': 0.6, 'session': 'london', 'trend_h1': 0.0, 'trend_h4': 0.0, 'profit_decay_pct': 100.0, 'trade_health': 50.0, 'news_impact': 0.0}
[2026-07-10 15:26:55] [INFO] [xgboost_exit_model] Loaded Exit Model from F:\files (2)\google\botdd\trading_bot_v3\models\xgboost_exit_model.json
[2026-07-10 15:26:55] [INFO] [xgboost_exit_model] [EXIT_MODEL] XGBoost prediction: probability=7.6%
[2026-07-10 15:26:55] [INFO] [xgboost_exit_adapter] [EXIT_MODEL] symbol=EURUSD prediction_exit_probability=0.0761 decision_signal=7.6%
[2026-07-10 15:27:36] [DEBUG] [hybrid_market_client] Fetching indicators for EURUSD (QuantDinger only)
[2026-07-10 15:27:37] [INFO] [qd_client] Logged in to QuantDinger
[2026-07-10 15:27:37] [DEBUG] [market_client] Candles EURUSD 4H: 100 bars ✓
[2026-07-10 15:27:37] [DEBUG] [hybrid_market_client] ✓ Got live data from QuantDinger for EURUSD
[2026-07-10 15:27:37] [DEBUG] [hybrid_market_client] Fetching indicators for EURUSD (QuantDinger only)
[2026-07-10 15:27:37] [DEBUG] [market_client] Candles EURUSD 4H: 100 bars ✓
[2026-07-10 15:27:37] [DEBUG] [hybrid_market_client] ✓ Got live data from QuantDinger for EURUSD
[2026-07-10 15:27:37] [DEBUG] [market_client] Using cached candles for EURUSD H4 (age: 0s)
[2026-07-10 15:27:37] [INFO] [xgboost_exit_adapter] [EXIT_MODEL][DEBUG_FEATURES] symbol=EURUSD features={'mfe': 3.0, 'mae': 0.0, 'entry_atr': 0.002053, 'entry_rsi': 53.15, 'entry_adx': 20.0, 'market_regime': 'placeholder_Unknown', 'trade_duration': 1.005312939484914, 'spread': 15.0, 'volume': 0.6, 'session': 'london', 'trend_h1': 0.0, 'trend_h4': 0.0, 'profit_decay_pct': 100.0, 'trade_health': 50.0, 'news_impact': 0.0}
[2026-07-10 15:27:37] [INFO] [xgboost_exit_model] Loaded Exit Model from F:\files (2)\google\botdd\trading_bot_v3\models\xgboost_exit_model.json
[2026-07-10 15:27:37] [INFO] [xgboost_exit_model] [EXIT_MODEL] XGBoost prediction: probability=7.6%
[2026-07-10 15:27:37] [INFO] [xgboost_exit_adapter] [EXIT_MODEL] symbol=EURUSD prediction_exit_probability=0.0761 decision_signal=7.6%
[2026-07-10 15:28:14] [DEBUG] [hybrid_market_client] Fetching indicators for EURUSD (QuantDinger only)
[2026-07-10 15:28:14] [INFO] [qd_client] Logged in to QuantDinger
[2026-07-10 15:28:14] [DEBUG] [market_client] Candles EURUSD 4H: 100 bars ✓
[2026-07-10 15:28:14] [DEBUG] [hybrid_market_client] ✓ Got live data from QuantDinger for EURUSD
[2026-07-10 15:28:14] [DEBUG] [hybrid_market_client] Fetching indicators for EURUSD (QuantDinger only)
[2026-07-10 15:28:14] [DEBUG] [market_client] Candles EURUSD 4H: 100 bars ✓
[2026-07-10 15:28:14] [DEBUG] [hybrid_market_client] ✓ Got live data from QuantDinger for EURUSD
[2026-07-10 15:28:14] [DEBUG] [market_client] Using cached candles for EURUSD H4 (age: 0s)
[2026-07-10 15:28:14] [INFO] [xgboost_exit_adapter] [EXIT_MODEL][DEBUG_FEATURES] symbol=EURUSD features={'mfe': 3.0, 'mae': 0.0, 'entry_atr': 0.002053, 'entry_rsi': 53.15, 'entry_adx': 20.0, 'market_regime': 'placeholder_Unknown', 'trade_duration': 1.005684212843577, 'spread': 15.0, 'volume': 0.6, 'session': 'london', 'trend_h1': 0.0, 'trend_h4': 0.0, 'profit_decay_pct': 100.0, 'trade_health': 50.0, 'news_impact': 0.0}
[2026-07-10 15:28:14] [INFO] [xgboost_exit_model] Loaded Exit Model from F:\files (2)\google\botdd\trading_bot_v3\models\xgboost_exit_model.json
[2026-07-10 15:28:14] [INFO] [xgboost_exit_model] [EXIT_MODEL] XGBoost prediction: probability=7.6%
[2026-07-10 15:28:14] [INFO] [xgboost_exit_adapter] [EXIT_MODEL] symbol=EURUSD prediction_exit_probability=0.0761 decision_signal=7.6%
[2026-07-10 15:28:41] [WARNING] [mt5_watchdog] MT5 disconnected! Attempt 1/3
[2026-07-10 15:28:42] [INFO] [qd_client] Logged in to QuantDinger
[2026-07-10 15:28:42] [INFO] [mt5_watchdog] MT5 already connected
[2026-07-10 15:28:42] [INFO] [mt5_watchdog] MT5 reconnected successfully!
[2026-07-10 15:28:53] [DEBUG] [hybrid_market_client] Fetching indicators for EURUSD (QuantDinger only)
[2026-07-10 15:28:54] [INFO] [qd_client] Logged in to QuantDinger
[2026-07-10 15:28:54] [DEBUG] [market_client] Candles EURUSD 4H: 100 bars ✓
[2026-07-10 15:28:54] [DEBUG] [hybrid_market_client] ✓ Got live data from QuantDinger for EURUSD
[2026-07-10 15:28:54] [DEBUG] [hybrid_market_client] Fetching indicators for EURUSD (QuantDinger only)
[2026-07-10 15:28:54] [DEBUG] [market_client] Candles EURUSD 4H: 100 bars ✓
[2026-07-10 15:28:54] [DEBUG] [hybrid_market_client] ✓ Got live data from QuantDinger for EURUSD
[2026-07-10 15:28:54] [DEBUG] [market_client] Using cached candles for EURUSD H4 (age: 0s)
[2026-07-10 15:28:54] [INFO] [xgboost_exit_adapter] [EXIT_MODEL][DEBUG_FEATURES] symbol=EURUSD features={'mfe': 3.0, 'mae': 0.0, 'entry_atr': 0.002053, 'entry_rsi': 53.15, 'entry_adx': 20.0, 'market_regime': 'placeholder_Unknown', 'trade_duration': 1.005352747440338, 'spread': 15.0, 'volume': 0.6, 'session': 'london', 'trend_h1': 0.0, 'trend_h4': 0.0, 'profit_decay_pct': 100.0, 'trade_health': 50.0, 'news_impact': 0.0}
[2026-07-10 15:28:54] [INFO] [xgboost_exit_model] Loaded Exit Model from F:\files (2)\google\botdd\trading_bot_v3\models\xgboost_exit_model.json
[2026-07-10 15:28:54] [INFO] [xgboost_exit_model] [EXIT_MODEL] XGBoost prediction: probability=7.6%
[2026-07-10 15:28:54] [INFO] [xgboost_exit_adapter] [EXIT_MODEL] symbol=EURUSD prediction_exit_probability=0.0761 decision_signal=7.6%
[2026-07-10 15:29:38] [DEBUG] [hybrid_market_client] Fetching indicators for EURUSD (QuantDinger only)
[2026-07-10 15:29:38] [INFO] [qd_client] Logged in to QuantDinger
[2026-07-10 15:29:38] [DEBUG] [market_client] Candles EURUSD 4H: 100 bars ✓
[2026-07-10 15:29:38] [DEBUG] [hybrid_market_client] ✓ Got live data from QuantDinger for EURUSD
[2026-07-10 15:29:38] [DEBUG] [hybrid_market_client] Fetching indicators for EURUSD (QuantDinger only)
[2026-07-10 15:29:38] [DEBUG] [market_client] Candles EURUSD 4H: 100 bars ✓
[2026-07-10 15:29:38] [DEBUG] [hybrid_market_client] ✓ Got live data from QuantDinger for EURUSD
[2026-07-10 15:29:38] [DEBUG] [market_client] Using cached candles for EURUSD H4 (age: 0s)
[2026-07-10 15:29:38] [INFO] [xgboost_exit_adapter] [EXIT_MODEL][DEBUG_FEATURES] symbol=EURUSD features={'mfe': 3.0, 'mae': 0.0, 'entry_atr': 0.002053, 'entry_rsi': 53.15, 'entry_adx': 20.0, 'market_regime': 'placeholder_Unknown', 'trade_duration': 1.0054523785909018, 'spread': 15.0, 'volume': 0.6, 'session': 'london', 'trend_h1': 0.0, 'trend_h4': 0.0, 'profit_decay_pct': 100.0, 'trade_health': 50.0, 'news_impact': 0.0}
[2026-07-10 15:29:38] [INFO] [xgboost_exit_model] Loaded Exit Model from F:\files (2)\google\botdd\trading_bot_v3\models\xgboost_exit_model.json
[2026-07-10 15:29:38] [INFO] [xgboost_exit_model] [EXIT_MODEL] XGBoost prediction: probability=7.6%
[2026-07-10 15:29:38] [INFO] [xgboost_exit_adapter] [EXIT_MODEL] symbol=EURUSD prediction_exit_probability=0.0761 decision_signal=7.6%
[2026-07-10 15:30:42] [WARNING] [mt5_watchdog] MT5 disconnected! Attempt 1/3
[2026-07-10 15:30:43] [INFO] [qd_client] Logged in to QuantDinger
[2026-07-10 15:30:43] [INFO] [mt5_watchdog] MT5 already connected
[2026-07-10 15:30:43] [INFO] [mt5_watchdog] MT5 reconnected successfully!
[2026-07-10 15:50:06] [INFO] [main] ==================================================
[2026-07-10 15:50:06] [INFO] [main] Cycle 3 at 15:50:06
[2026-07-10 15:50:15] [INFO] [news_fetcher] Fetched 25 relevant news items
[2026-07-10 15:50:15] [INFO] [main] Equity: 74390.57$ | News: 25
[2026-07-10 15:50:15] [DEBUG] [hybrid_market_client] Fetching indicators for EURUSD (QuantDinger only)
[2026-07-10 15:50:15] [DEBUG] [market_client] Candles EURUSD 4H: 100 bars ✓
[2026-07-10 15:50:15] [DEBUG] [hybrid_market_client] ✓ Got live data from QuantDinger for EURUSD
[2026-07-10 15:50:15] [DEBUG] [hybrid_market_client] Fetching indicators for EURUSD (QuantDinger only)
[2026-07-10 15:50:15] [DEBUG] [market_client] Candles EURUSD 4H: 100 bars ✓
[2026-07-10 15:50:15] [DEBUG] [hybrid_market_client] ✓ Got live data from QuantDinger for EURUSD
[2026-07-10 15:50:15] [DEBUG] [hybrid_market_client] Fetching indicators for EURUSD (QuantDinger only)
[2026-07-10 15:50:15] [DEBUG] [market_client] Candles EURUSD 4H: 100 bars ✓
[2026-07-10 15:50:15] [DEBUG] [hybrid_market_client] ✓ Got live data from QuantDinger for EURUSD
[2026-07-10 15:50:15] [INFO] [market_snapshot_builder] [SNAPSHOT_BUILT] symbol=EURUSD tfs=H4,H1,M15
[2026-07-10 15:50:15] [DEBUG] [hybrid_market_client] Fetching indicators for XAUUSD (QuantDinger only)
[2026-07-10 15:50:15] [DEBUG] [market_client] Candles XAUUSD 4H: 100 bars ✓
[2026-07-10 15:50:15] [DEBUG] [hybrid_market_client] ✓ Got live data from QuantDinger for XAUUSD
[2026-07-10 15:50:15] [DEBUG] [hybrid_market_client] Fetching indicators for XAUUSD (QuantDinger only)
[2026-07-10 15:50:15] [DEBUG] [market_client] Candles XAUUSD 4H: 100 bars ✓
[2026-07-10 15:50:15] [DEBUG] [hybrid_market_client] ✓ Got live data from QuantDinger for XAUUSD
[2026-07-10 15:50:15] [DEBUG] [hybrid_market_client] Fetching indicators for XAUUSD (QuantDinger only)
[2026-07-10 15:50:15] [DEBUG] [market_client] Candles XAUUSD 4H: 100 bars ✓
[2026-07-10 15:50:15] [DEBUG] [hybrid_market_client] ✓ Got live data from QuantDinger for XAUUSD
[2026-07-10 15:50:15] [INFO] [market_snapshot_builder] [SNAPSHOT_BUILT] symbol=XAUUSD tfs=H4,H1,M15
[2026-07-10 15:50:15] [DEBUG] [hybrid_market_client] Fetching indicators for GBPUSD (QuantDinger only)
[2026-07-10 15:50:16] [DEBUG] [market_client] Candles GBPUSD 4H: 100 bars ✓
[2026-07-10 15:50:16] [DEBUG] [hybrid_market_client] ✓ Got live data from QuantDinger for GBPUSD
[2026-07-10 15:50:16] [DEBUG] [hybrid_market_client] Fetching indicators for GBPUSD (QuantDinger only)
[2026-07-10 15:50:16] [DEBUG] [market_client] Candles GBPUSD 4H: 100 bars ✓
[2026-07-10 15:50:16] [DEBUG] [hybrid_market_client] ✓ Got live data from QuantDinger for GBPUSD
[2026-07-10 15:50:16] [DEBUG] [hybrid_market_client] Fetching indicators for GBPUSD (QuantDinger only)
[2026-07-10 15:50:16] [DEBUG] [market_client] Candles GBPUSD 4H: 100 bars ✓
[2026-07-10 15:50:16] [DEBUG] [hybrid_market_client] ✓ Got live data from QuantDinger for GBPUSD
[2026-07-10 15:50:16] [INFO] [market_snapshot_builder] [SNAPSHOT_BUILT] symbol=GBPUSD tfs=H4,H1,M15
[2026-07-10 15:50:16] [INFO] [main] --- EURUSD ---
[2026-07-10 15:50:19] [INFO] [deepseek] DEEPSEEK OK: {"impact_score": 40, "bias": "bearish", "confidence": 0.6, "reason": "الاتجاه العام هبوطي على الأطر ...
[2026-07-10 15:50:19] [INFO] [deepseek] AI EURUSD: bias=bearish impact=40.0 conf=0.60
[2026-07-10 15:50:19] [INFO] [signal_engine] [VERIFY] SIGNAL_INPUT bias=bearish score=40.0 confidence=0.6
[2026-07-10 15:50:19] [INFO] [signal_engine] [VERIFY] SIGNAL_RULE rule=confidence>=0.60 actual=0.6 result=True
[2026-07-10 15:50:19] [INFO] [signal_engine] [VERIFY] SIGNAL_RULE rule=score>=55 actual=40.0 result=False
[2026-07-10 15:50:19] [INFO] [signal_engine] [VERIFY] SIGNAL_RULE rule=bias in [bullish,bearish] actual=bearish result=True
[2026-07-10 15:50:19] [INFO] [signal_engine] [VERIFY] SIGNAL_FINAL direction=SELL score=40.0 confidence=0.6 valid=False
[2026-07-10 15:50:19] [INFO] [signal_engine] [VERIFY] SIGNAL_FAILURE_REASONS
[2026-07-10 15:50:19] [INFO] [signal_engine] * score below threshold
[2026-07-10 15:50:19] [INFO] [signal_engine] [VERIFY] SIGNAL_FAILURE_LOCATION file=F:\files (2)\google\botdd\trading_bot_v3\decision\signal_engine.py function=generate_signal
[2026-07-10 15:50:19] [DEBUG] [signal_engine] Signal: SELL score=40.0 conf=0.60 strength=ضعيف valid=False
[2026-07-10 15:50:19] [INFO] [sentiment] Sentiment EURUSD: bullish score=82 bull=7 bear=4
[2026-07-10 15:50:19] [DEBUG] [mtf] MTF (snapshot) EURUSD: H4=bearish H1=neutral M15=neutral aligned=False (weak)
[2026-07-10 15:50:19] [INFO] [main] [VERIFY][DATA_TRUTH] symbol=EURUSD timeframe=H4/H1/M15 news_fetched=True indicators_fetched=True live_data=True cached=False
[2026-07-10 15:50:19] [INFO] [voting_engine] EURUSD: MTF weakly misaligned, reducing score 10%
[2026-07-10 15:50:19] [INFO] [risk_engine] Risk: Score too low (EURUSD SELL) - Score 42.9 < 45
[2026-07-10 15:50:19] [DEBUG] [hybrid_market_client] Fetching indicators for EURUSD (QuantDinger only)
[2026-07-10 15:50:19] [DEBUG] [market_client] Candles EURUSD 4H: 100 bars ✓
[2026-07-10 15:50:19] [DEBUG] [hybrid_market_client] ✓ Got live data from QuantDinger for EURUSD
[2026-07-10 15:50:19] [DEBUG] [hybrid_market_client] Fetching indicators for EURUSD (QuantDinger only)
[2026-07-10 15:50:19] [DEBUG] [market_client] Using cached candles for EURUSD 4H (age: 0s)
[2026-07-10 15:50:19] [DEBUG] [hybrid_market_client] ✓ Got live data from QuantDinger for EURUSD
[2026-07-10 15:50:19] [INFO] [sltp] SL/TP EURUSD: entry=1.1427265405654907 atr=0.00207 sl=1.14583 tp=1.13755
[2026-07-10 15:50:19] [INFO] [position_sizing] Position size: 0.5 (equity=74391, risk=0.000, sl_dist=0.00310, score=43, cons_loss=3)
[2026-07-10 15:50:19] [DEBUG] [xgboost_v2] V2 predict: rsi=50.9 atr=0.00207 regime=TRENDING session=london dir=SELL -> p_win=0.807
[2026-07-10 15:50:19] [INFO] [xgboost_v2] [VERIFY] XGBOOST PREDICTION p_win=0.807 available=True
[2026-07-10 15:50:19] [INFO] [main] [VERIFY][DECISION_TRUTH] bias=bearish score=42.9 confidence=0.531 vote=SELL risk_passed=False sl_tp_calculated=True position_size=0.5 xgboost_p_win=0.8071579933166504 final_decision_valid=False reject_reason=Score 42.9 < 45
[2026-07-10 15:50:19] [INFO] [main] --- XAUUSD ---
[2026-07-10 15:50:24] [INFO] [deepseek] DEEPSEEK OK: {
  "impact_score": 40,
  "bias": "bearish",
  "confidence": 0.65,
  "reason": "الذهب يواجه ضغوط بيع...
[2026-07-10 15:50:24] [INFO] [deepseek] AI XAUUSD: bias=bearish impact=40.0 conf=0.65
[2026-07-10 15:50:24] [INFO] [signal_engine] [VERIFY] SIGNAL_INPUT bias=bearish score=40.0 confidence=0.65
[2026-07-10 15:50:24] [INFO] [signal_engine] [VERIFY] SIGNAL_RULE rule=confidence>=0.60 actual=0.65 result=True
[2026-07-10 15:50:24] [INFO] [signal_engine] [VERIFY] SIGNAL_RULE rule=score>=55 actual=40.0 result=False
[2026-07-10 15:50:24] [INFO] [signal_engine] [VERIFY] SIGNAL_RULE rule=bias in [bullish,bearish] actual=bearish result=True
[2026-07-10 15:50:24] [INFO] [signal_engine] [VERIFY] SIGNAL_FINAL direction=SELL score=40.0 confidence=0.65 valid=False
[2026-07-10 15:50:24] [INFO] [signal_engine] [VERIFY] SIGNAL_FAILURE_REASONS
[2026-07-10 15:50:24] [INFO] [signal_engine] * score below threshold
[2026-07-10 15:50:24] [INFO] [signal_engine] [VERIFY] SIGNAL_FAILURE_LOCATION file=F:\files (2)\google\botdd\trading_bot_v3\decision\signal_engine.py function=generate_signal
[2026-07-10 15:50:24] [DEBUG] [signal_engine] Signal: SELL score=40.0 conf=0.65 strength=ضعيف valid=False
[2026-07-10 15:50:24] [INFO] [sentiment] Sentiment XAUUSD: bearish score=90 bull=1 bear=4
[2026-07-10 15:50:24] [DEBUG] [mtf] MTF (snapshot) XAUUSD: H4=bearish H1=neutral M15=neutral aligned=False (weak)
[2026-07-10 15:50:24] [INFO] [main] [VERIFY][DATA_TRUTH] symbol=XAUUSD timeframe=H4/H1/M15 news_fetched=True indicators_fetched=True live_data=True cached=False
[2026-07-10 15:50:24] [INFO] [voting_engine] XAUUSD: MTF weakly misaligned, reducing score 10%
[2026-07-10 15:50:24] [INFO] [risk_engine] Risk: Score too low (XAUUSD SELL) - Score 41.6 < 45
[2026-07-10 15:50:24] [DEBUG] [hybrid_market_client] Fetching indicators for XAUUSD (QuantDinger only)
[2026-07-10 15:50:24] [DEBUG] [market_client] Candles XAUUSD 4H: 100 bars ✓
[2026-07-10 15:50:24] [DEBUG] [hybrid_market_client] ✓ Got live data from QuantDinger for XAUUSD
[2026-07-10 15:50:24] [DEBUG] [hybrid_market_client] Fetching indicators for XAUUSD (QuantDinger only)
[2026-07-10 15:50:24] [DEBUG] [market_client] Using cached candles for XAUUSD 4H (age: 0s)
[2026-07-10 15:50:24] [DEBUG] [hybrid_market_client] ✓ Got live data from QuantDinger for XAUUSD
[2026-07-10 15:50:24] [INFO] [sltp] SL/TP XAUUSD: entry=4110.7001953125 atr=33.99289 sl=4120.7002 tp=4025.71798
[2026-07-10 15:50:24] [INFO] [position_sizing] Position size: 0.1 (equity=74391, risk=0.000, sl_dist=10.00000, score=42, cons_loss=3)
[2026-07-10 15:50:24] [DEBUG] [xgboost_v2] V2 predict: rsi=45.6 atr=33.99289 regime=TRENDING session=london dir=SELL -> p_win=0.885
[2026-07-10 15:50:24] [INFO] [xgboost_v2] [VERIFY] XGBOOST PREDICTION p_win=0.885 available=True
[2026-07-10 15:50:24] [INFO] [main] [VERIFY][DECISION_TRUTH] bias=bearish score=41.6 confidence=0.576 vote=SELL risk_passed=False sl_tp_calculated=True position_size=0.1 xgboost_p_win=0.8845750093460083 final_decision_valid=False reject_reason=Score 41.6 < 45
[2026-07-10 15:50:24] [INFO] [main] --- GBPUSD ---
[2026-07-10 15:50:29] [WARNING] [deepseek] DeepSeek empty response: finish_reason=length, raw={"id":"93300443-6133-4e75-89da-4670c179b063","object":"chat.completion","created":1783687824,"model":"deepseek-v4-flash","choices":[{"index":0,"message":{"role":"assistant","content":"","reasoning_content":"We need to parse the instructions. The user provides market context and news headlines. The a
[2026-07-10 15:50:36] [INFO] [deepseek] DEEPSEEK OK: {
  "impact_score": 30,
  "bias": "bullish",
  "confidence": 0.7,
  "reason": "الاتجاه الصاعد قوي مع...
[2026-07-10 15:50:36] [INFO] [deepseek] AI GBPUSD: bias=bullish impact=30.0 conf=0.70
[2026-07-10 15:50:36] [INFO] [signal_engine] [VERIFY] SIGNAL_INPUT bias=bullish score=30.0 confidence=0.7
[2026-07-10 15:50:36] [INFO] [signal_engine] [VERIFY] SIGNAL_RULE rule=confidence>=0.60 actual=0.7 result=True
[2026-07-10 15:50:36] [INFO] [signal_engine] [VERIFY] SIGNAL_RULE rule=score>=55 actual=30.0 result=False
[2026-07-10 15:50:36] [INFO] [signal_engine] [VERIFY] SIGNAL_RULE rule=bias in [bullish,bearish] actual=bullish result=True
[2026-07-10 15:50:36] [INFO] [signal_engine] [VERIFY] SIGNAL_FINAL direction=BUY score=30.0 confidence=0.7 valid=False
[2026-07-10 15:50:36] [INFO] [signal_engine] [VERIFY] SIGNAL_FAILURE_REASONS
[2026-07-10 15:50:36] [INFO] [signal_engine] * score below threshold
[2026-07-10 15:50:36] [INFO] [signal_engine] [VERIFY] SIGNAL_FAILURE_LOCATION file=F:\files (2)\google\botdd\trading_bot_v3\decision\signal_engine.py function=generate_signal
[2026-07-10 15:50:36] [DEBUG] [signal_engine] Signal: BUY score=30.0 conf=0.70 strength=ضعيف valid=False
[2026-07-10 15:50:36] [INFO] [sentiment] Sentiment GBPUSD: bullish score=100 bull=3 bear=0
[2026-07-10 15:50:36] [DEBUG] [mtf] MTF (snapshot) GBPUSD: H4=bullish H1=bullish M15=bullish aligned=True (strong)
[2026-07-10 15:50:36] [INFO] [main] [VERIFY][DATA_TRUTH] symbol=GBPUSD timeframe=H4/H1/M15 news_fetched=True indicators_fetched=True live_data=True cached=False
[2026-07-10 15:50:36] [INFO] [voting_engine] GBPUSD: MTF strongly aligned, boosting score 10%
[2026-07-10 15:50:36] [DEBUG] [hybrid_market_client] Fetching indicators for GBPUSD (QuantDinger only)
[2026-07-10 15:50:36] [DEBUG] [market_client] Candles GBPUSD 4H: 100 bars ✓
[2026-07-10 15:50:36] [DEBUG] [hybrid_market_client] ✓ Got live data from QuantDinger for GBPUSD
[2026-07-10 15:50:36] [DEBUG] [hybrid_market_client] Fetching indicators for GBPUSD (QuantDinger only)
[2026-07-10 15:50:36] [DEBUG] [market_client] Using cached candles for GBPUSD 4H (age: 0s)
[2026-07-10 15:50:36] [DEBUG] [hybrid_market_client] ✓ Got live data from QuantDinger for GBPUSD
[2026-07-10 15:50:36] [INFO] [sltp] SL/TP GBPUSD: entry=1.3417775630950928 atr=0.00317 sl=1.33702 tp=1.34971
[2026-07-10 15:50:36] [INFO] [position_sizing] Position size: 0.5 (equity=74391, risk=0.001, sl_dist=0.00476, score=93, cons_loss=3)
[2026-07-10 15:50:36] [DEBUG] [xgboost_v2] V2 predict: rsi=60.7 atr=0.00317 regime=TRENDING session=london dir=BUY -> p_win=0.143
[2026-07-10 15:50:36] [INFO] [xgboost_v2] [VERIFY] XGBOOST PREDICTION p_win=0.143 available=True
[2026-07-10 15:50:36] [INFO] [main] [VERIFY][DECISION_TRUTH] bias=bullish score=93.4 confidence=1.0 vote=BUY risk_passed=True sl_tp_calculated=True position_size=0.5 xgboost_p_win=0.1432020217180252 final_decision_valid=False reject_reason=p_win<threshold (p_win=0.143 threshold=0.6)
[2026-07-10 15:50:36] [INFO] [adaptive_weights] EURUSD weights updated: {'ai': 0.239, 'trend': 0.239, 'momentum': 0.239, 'sentiment': 0.239, 'volatility': 0.043} | WR=16.0% PF=4.83
[2026-07-10 15:50:36] [INFO] [adaptive_weights] GBPUSD weights updated: {'ai': 0.239, 'trend': 0.239, 'momentum': 0.239, 'sentiment': 0.239, 'volatility': 0.043} | WR=13.0% PF=8.53
[2026-07-10 15:50:36] [INFO] [adaptive_weights] 🏆 أفضل زوج: EURUSD | WR=16.0% | PnL=264.0$
[2026-07-10 15:50:36] [INFO] [adaptive_weights] ⚠️ أسوأ زوج: XAUUSD | WR=0.0% | PnL=-9.15$
[2026-07-10 15:50:36] [INFO] [main] Sleeping 1800s...
[2026-07-10 16:20:36] [INFO] [main] ==================================================
[2026-07-10 16:20:36] [INFO] [main] Cycle 4 at 16:20:36
[2026-07-10 16:20:45] [INFO] [news_fetcher] Fetched 29 relevant news items
[2026-07-10 16:20:45] [INFO] [main] Equity: 74390.57$ | News: 29
[2026-07-10 16:20:45] [DEBUG] [hybrid_market_client] Fetching indicators for EURUSD (QuantDinger only)
[2026-07-10 16:20:45] [DEBUG] [market_client] Candles EURUSD 4H: 100 bars ✓
[2026-07-10 16:20:45] [DEBUG] [hybrid_market_client] ✓ Got live data from QuantDinger for EURUSD
[2026-07-10 16:20:45] [DEBUG] [hybrid_market_client] Fetching indicators for EURUSD (QuantDinger only)
[2026-07-10 16:20:45] [DEBUG] [market_client] Candles EURUSD 4H: 100 bars ✓
[2026-07-10 16:20:45] [DEBUG] [hybrid_market_client] ✓ Got live data from QuantDinger for EURUSD
[2026-07-10 16:20:45] [DEBUG] [hybrid_market_client] Fetching indicators for EURUSD (QuantDinger only)
[2026-07-10 16:20:45] [DEBUG] [market_client] Candles EURUSD 4H: 100 bars ✓
[2026-07-10 16:20:45] [DEBUG] [hybrid_market_client] ✓ Got live data from QuantDinger for EURUSD
[2026-07-10 16:20:45] [INFO] [market_snapshot_builder] [SNAPSHOT_BUILT] symbol=EURUSD tfs=H4,H1,M15
[2026-07-10 16:20:45] [DEBUG] [hybrid_market_client] Fetching indicators for XAUUSD (QuantDinger only)
[2026-07-10 16:20:45] [DEBUG] [market_client] Candles XAUUSD 4H: 100 bars ✓
[2026-07-10 16:20:45] [DEBUG] [hybrid_market_client] ✓ Got live data from QuantDinger for XAUUSD
[2026-07-10 16:20:45] [DEBUG] [hybrid_market_client] Fetching indicators for XAUUSD (QuantDinger only)
[2026-07-10 16:20:45] [DEBUG] [market_client] Candles XAUUSD 4H: 100 bars ✓
[2026-07-10 16:20:45] [DEBUG] [hybrid_market_client] ✓ Got live data from QuantDinger for XAUUSD
[2026-07-10 16:20:45] [DEBUG] [hybrid_market_client] Fetching indicators for XAUUSD (QuantDinger only)
[2026-07-10 16:20:45] [DEBUG] [market_client] Candles XAUUSD 4H: 100 bars ✓
[2026-07-10 16:20:45] [DEBUG] [hybrid_market_client] ✓ Got live data from QuantDinger for XAUUSD
[2026-07-10 16:20:45] [INFO] [market_snapshot_builder] [SNAPSHOT_BUILT] symbol=XAUUSD tfs=H4,H1,M15
[2026-07-10 16:20:45] [DEBUG] [hybrid_market_client] Fetching indicators for GBPUSD (QuantDinger only)
[2026-07-10 16:20:46] [DEBUG] [market_client] Candles GBPUSD 4H: 100 bars ✓
[2026-07-10 16:20:46] [DEBUG] [hybrid_market_client] ✓ Got live data from QuantDinger for GBPUSD
[2026-07-10 16:20:46] [DEBUG] [hybrid_market_client] Fetching indicators for GBPUSD (QuantDinger only)
[2026-07-10 16:20:46] [DEBUG] [market_client] Candles GBPUSD 4H: 100 bars ✓
[2026-07-10 16:20:46] [DEBUG] [hybrid_market_client] ✓ Got live data from QuantDinger for GBPUSD
[2026-07-10 16:20:46] [DEBUG] [hybrid_market_client] Fetching indicators for GBPUSD (QuantDinger only)
[2026-07-10 16:20:46] [DEBUG] [market_client] Candles GBPUSD 4H: 100 bars ✓
[2026-07-10 16:20:46] [DEBUG] [hybrid_market_client] ✓ Got live data from QuantDinger for GBPUSD
[2026-07-10 16:20:46] [INFO] [market_snapshot_builder] [SNAPSHOT_BUILT] symbol=GBPUSD tfs=H4,H1,M15
[2026-07-10 16:20:46] [INFO] [main] --- EURUSD ---
[2026-07-10 16:20:49] [INFO] [deepseek] DEEPSEEK OK: {
  "impact_score": 60,
  "bias": "bearish",
  "confidence": 0.7,
  "reason": "التحليل الفني يظهر ات...
[2026-07-10 16:20:49] [INFO] [deepseek] AI EURUSD: bias=bearish impact=60.0 conf=0.70
[2026-07-10 16:20:49] [INFO] [signal_engine] [VERIFY] SIGNAL_INPUT bias=bearish score=60.0 confidence=0.7
[2026-07-10 16:20:49] [INFO] [signal_engine] [VERIFY] SIGNAL_RULE rule=confidence>=0.60 actual=0.7 result=True
[2026-07-10 16:20:49] [INFO] [signal_engine] [VERIFY] SIGNAL_RULE rule=score>=55 actual=60.0 result=True
[2026-07-10 16:20:49] [INFO] [signal_engine] [VERIFY] SIGNAL_RULE rule=bias in [bullish,bearish] actual=bearish result=True
[2026-07-10 16:20:49] [INFO] [signal_engine] [VERIFY] SIGNAL_FINAL direction=SELL score=60.0 confidence=0.7 valid=True
[2026-07-10 16:20:49] [DEBUG] [signal_engine] Signal: SELL score=60.0 conf=0.70 strength=متوسط valid=True
[2026-07-10 16:20:49] [INFO] [sentiment] Sentiment EURUSD: neutral score=50 bull=5 bear=4
[2026-07-10 16:20:49] [DEBUG] [mtf] MTF (snapshot) EURUSD: H4=bearish H1=neutral M15=neutral aligned=False (weak)
[2026-07-10 16:20:49] [INFO] [main] [VERIFY][DATA_TRUTH] symbol=EURUSD timeframe=H4/H1/M15 news_fetched=True indicators_fetched=True live_data=True cached=False
[2026-07-10 16:20:49] [INFO] [voting_engine] EURUSD: MTF weakly misaligned, reducing score 10%
[2026-07-10 16:20:49] [DEBUG] [hybrid_market_client] Fetching indicators for EURUSD (QuantDinger only)
[2026-07-10 16:20:49] [DEBUG] [market_client] Candles EURUSD 4H: 100 bars ✓
[2026-07-10 16:20:49] [DEBUG] [hybrid_market_client] ✓ Got live data from QuantDinger for EURUSD
[2026-07-10 16:20:49] [DEBUG] [hybrid_market_client] Fetching indicators for EURUSD (QuantDinger only)
[2026-07-10 16:20:49] [DEBUG] [market_client] Using cached candles for EURUSD 4H (age: 0s)
[2026-07-10 16:20:49] [DEBUG] [hybrid_market_client] ✓ Got live data from QuantDinger for EURUSD
[2026-07-10 16:20:49] [INFO] [sltp] SL/TP EURUSD: entry=1.1425960063934326 atr=0.00210 sl=1.14575 tp=1.13735
[2026-07-10 16:20:49] [INFO] [position_sizing] Position size: 0.5 (equity=74391, risk=0.000, sl_dist=0.00315, score=60, cons_loss=3)
[2026-07-10 16:20:49] [DEBUG] [xgboost_v2] V2 predict: rsi=50.4 atr=0.00210 regime=TRENDING session=new_york dir=SELL -> p_win=0.807
[2026-07-10 16:20:49] [INFO] [xgboost_v2] [VERIFY] XGBOOST PREDICTION p_win=0.807 available=True
[2026-07-10 16:20:49] [INFO] [main] [VERIFY][DECISION_TRUTH] bias=bearish score=60.0 confidence=0.62 vote=SELL risk_passed=True sl_tp_calculated=True position_size=0.5 xgboost_p_win=0.8071579933166504 final_decision_valid=True reject_reason=OK
[2026-07-10 16:20:49] [INFO] [mt5_direct] [MT5_DIRECT] open_trade symbol=EURUSD direction=SELL volume=0.6 sl=1.14575 tp=1.13735
[2026-07-10 16:20:49] [INFO] [mt5_direct] [MT5_DIRECT] terminal_info: TerminalInfo(community_account=True, community_connection=True, connected=True, dlls_allowed=False, trade_allowed=True, tradeapi_disabled=False, email_enabled=False, ftp_enabled=False, notifications_enabled=False, mqid=True, build=5984, maxbars=100000, codepage=0, ping_last=73778, community_balance=0.0, retransmission=0.0, company='MetaQuotes Ltd.', name='MetaTrader 5', language='English', path='C:\\Program Files\\MetaTrader 5', data_path='C:\\Users\\ACER\\AppData\\Roaming\\MetaQuotes\\Terminal\\D0E8209F77C8CF37AD8BF550E51FF075', commondata_path='C:\\Users\\ACER\\AppData\\Roaming\\MetaQuotes\\Terminal\\Common')
[2026-07-10 16:20:49] [INFO] [mt5_direct] [MT5_DIRECT] account_info: AccountInfo(login=108132137, trade_mode=0, leverage=100, limit_orders=200, margin_so_mode=0, trade_allowed=True, trade_expert=True, margin_mode=2, currency_digits=2, fifo_close=False, balance=74390.57, credit=0.0, profit=0.0, equity=74390.57, margin=0.0, margin_free=74390.57, margin_level=0.0, margin_so_call=50.0, margin_so_so=30.0, margin_initial=0.0, margin_maintenance=0.0, assets=0.0, liabilities=0.0, commission_blocked=0.0, name='Ali Nabil', server='MetaQuotes-Demo', currency='USD', company='MetaQuotes Ltd.')
[2026-07-10 16:20:49] [DEBUG] [mt5_direct] [MT5_DIRECT] order_send request={'action': 1, 'symbol': 'EURUSD', 'volume': 0.6, 'type': 1, 'price': 1.1423, 'sl': 1.14575, 'tp': 1.13735, 'deviation': 20, 'magic': 0, 'comment': 'Bot V3', 'type_filling': 1}
[2026-07-10 16:20:49] [ERROR] [mt5_direct] [MT5_DIRECT] order_send failed result=OrderSendResult(retcode=10030, deal=0, order=0, volume=0.0, price=0.0, bid=0.0, ask=0.0, comment='Unsupported filling mode', request_id=0, retcode_external=0, request=TradeRequest(action=1, magic=0, order=0, symbol='EURUSD', volume=0.6, price=1.1423, stoplimit=0.0, sl=1.14575, tp=1.13735, deviation=20, type=1, type_filling=1, type_time=0, expiration=0, comment='Bot V3', position=0, position_by=0)) comment=Unsupported filling mode retcode=10030
[2026-07-10 16:20:49] [INFO] [mt5_direct] [MT5_DIRECT] Retry order_send without type_filling
[2026-07-10 16:20:49] [INFO] [main] [VERIFY][EXECUTION_RESULT] symbol=EURUSD open_trade_result={'status': 'success', 'order_id': '9516383634', 'price': 1.1423, 'symbol': 'EURUSD', 'direction': 'SELL', 'volume': 0.6, 'timestamp': 1783689649.9093883, 'raw_response': {'retcode': 10009, 'deal': 9194556100, 'order': 9516383634, 'volume': 0.6, 'price': 1.1423, 'bid': 0.0, 'ask': 0.0, 'comment': 'Request executed', 'request_id': 152404775, 'retcode_external': 0, 'request': TradeRequest(action=1, magic=0, order=0, symbol='EURUSD', volume=0.6, price=1.1423, stoplimit=0.0, sl=1.14575, tp=1.13735, deviation=20, type=1, type_filling=0, type_time=0, expiration=0, comment='Bot V3', position=0, position_by=0)}}
[2026-07-10 16:20:49] [INFO] [sltp] SL/TP EURUSD: entry=1.1423 atr=0.00210 sl=1.14545 tp=1.13705
[2026-07-10 16:20:50] [INFO] [post_entry_trade_monitor] [MONITOR_ID_DIAG] ts=1783689650 symbol=EURUSD d_ticket=9516383634 d_position_id=None d_id=None chosen_ticket=9516383634
[2026-07-10 16:20:50] [INFO] [post_entry_manager] [POST_ENTRY] New position detected ticket=9516383634 symbol=EURUSD
[2026-07-10 16:20:50] [INFO] [post_entry_manager] [POST_ENTRY] Monitoring ticket=9516383634
[2026-07-10 16:20:50] [DEBUG] [market_client] Using cached candles for EURUSD H4 (age: 5s)
[2026-07-10 16:20:50] [INFO] [stop_loss_breach_rule] [SL_CHECK] ticket=9516383634 direction=buy current=1.1423 sl=1.14575 breached=False
[2026-07-10 16:20:50] [INFO] [red_flag_detector] ========== RED FLAG REPORT ==========
[2026-07-10 16:20:50] [INFO] [red_flag_detector] ProfitDecay : NO
[2026-07-10 16:20:50] [INFO] [main] --- XAUUSD ---
[2026-07-10 16:20:50] [INFO] [red_flag_detector] TradeHealth : NO
[2026-07-10 16:20:50] [INFO] [red_flag_detector] ATRSpike : NO
[2026-07-10 16:20:50] [INFO] [red_flag_detector] BadRegime : YES
[2026-07-10 16:20:50] [INFO] [red_flag_detector] FlagCount : 1
[2026-07-10 16:20:50] [INFO] [red_flag_detector] Score : 1.000
[2026-07-10 16:20:50] [INFO] [red_flag_detector] Severity : 1
[2026-07-10 16:20:50] [INFO] [red_flag_detector] ======================================
[2026-07-10 16:20:50] [DEBUG] [hybrid_market_client] Fetching indicators for EURUSD (QuantDinger only)
[2026-07-10 16:20:50] [DEBUG] [market_client] Using cached candles for EURUSD H4 (age: 5s)
[2026-07-10 16:20:50] [DEBUG] [hybrid_market_client] ✓ Got live data from QuantDinger for EURUSD
[2026-07-10 16:20:50] [DEBUG] [hybrid_market_client] Fetching indicators for EURUSD (QuantDinger only)
[2026-07-10 16:20:50] [DEBUG] [market_client] Using cached candles for EURUSD H1 (age: 5s)
[2026-07-10 16:20:50] [DEBUG] [hybrid_market_client] ✓ Got live data from QuantDinger for EURUSD
[2026-07-10 16:20:50] [DEBUG] [market_client] Using cached candles for EURUSD H4 (age: 5s)
[2026-07-10 16:20:50] [INFO] [xgboost_exit_adapter] [EXIT_MODEL][DEBUG_FEATURES] symbol=EURUSD features={'mfe': 0.0, 'mae': 0.0, 'entry_atr': 0.0021, 'entry_rsi': 50.43, 'entry_adx': 15.32808836722036, 'market_regime': 'Ranging', 'trade_duration': 0.0, 'spread': 15.0, 'volume': 0.6, 'session': '0.85', 'trend_h1': 0.0, 'trend_h4': 0.0, 'profit_decay_pct': 0.0, 'trade_health': 50.0, 'news_impact': 0.6}
[2026-07-10 16:20:50] [INFO] [xgboost_exit_model] [EXIT_MODEL] XGBoost prediction: probability=98.6%
[2026-07-10 16:20:50] [INFO] [xgboost_exit_adapter] [EXIT_MODEL] symbol=EURUSD prediction_exit_probability=0.9864 decision_signal=98.6%
[2026-07-10 16:20:50] [INFO] [action_executor] [CLOSE_DIAG] ts=1783689650 ticket_int=9516383634 open_position_tickets=[9516383634]
[2026-07-10 16:20:50] [INFO] [action_executor] [MT5] close_position retcode=10009 comment=Request executed ticket=9516383634
[2026-07-10 16:20:50] [INFO] [post_entry_event_logger] [LOGGER_LISTENER] event_type=TradeClosed ticket=9516383634
[2026-07-10 16:20:50] [INFO] [post_entry_database_listener] [DATABASE_LISTENER] event_type=TradeClosed ticket=9516383634
[2026-07-10 16:20:50] [INFO] [post_entry_telegram_listener] [TELEGRAM_LISTENER] event_type=TradeClosed ticket=9516383634
[2026-07-10 16:20:54] [WARNING] [deepseek] DeepSeek truncated by max_tokens, finish_reason=length, content={

[2026-07-10 16:20:54] [WARNING] [deepseek] Retry 1: JSON incomplete/truncated, raw={

[2026-07-10 16:21:02] [INFO] [deepseek] DEEPSEEK OK: {
  "impact_score": 65,
  "bias": "bearish",
  "confidence": 0.7,
  "reason": "اتجاه هابط على جميع ا...
[2026-07-10 16:21:02] [INFO] [deepseek] AI XAUUSD: bias=bearish impact=65.0 conf=0.70
[2026-07-10 16:21:02] [INFO] [signal_engine] [VERIFY] SIGNAL_INPUT bias=bearish score=65.0 confidence=0.7
[2026-07-10 16:21:02] [INFO] [signal_engine] [VERIFY] SIGNAL_RULE rule=confidence>=0.60 actual=0.7 result=True
[2026-07-10 16:21:02] [INFO] [signal_engine] [VERIFY] SIGNAL_RULE rule=score>=55 actual=65.0 result=True
[2026-07-10 16:21:02] [INFO] [signal_engine] [VERIFY] SIGNAL_RULE rule=bias in [bullish,bearish] actual=bearish result=True
[2026-07-10 16:21:02] [INFO] [signal_engine] [VERIFY] SIGNAL_FINAL direction=SELL score=65.0 confidence=0.7 valid=True
[2026-07-10 16:21:02] [DEBUG] [signal_engine] Signal: SELL score=65.0 conf=0.70 strength=متوسط valid=True
[2026-07-10 16:21:02] [INFO] [sentiment] Sentiment XAUUSD: bearish score=90 bull=1 bear=4
[2026-07-10 16:21:02] [DEBUG] [mtf] MTF (snapshot) XAUUSD: H4=bearish H1=neutral M15=neutral aligned=False (weak)
[2026-07-10 16:21:02] [INFO] [main] [VERIFY][DATA_TRUTH] symbol=XAUUSD timeframe=H4/H1/M15 news_fetched=True indicators_fetched=True live_data=True cached=False
[2026-07-10 16:21:02] [INFO] [voting_engine] XAUUSD: MTF weakly misaligned, reducing score 10%
[2026-07-10 16:21:02] [DEBUG] [hybrid_market_client] Fetching indicators for XAUUSD (QuantDinger only)
[2026-07-10 16:21:02] [DEBUG] [market_client] Candles XAUUSD 4H: 100 bars ✓
[2026-07-10 16:21:02] [DEBUG] [hybrid_market_client] ✓ Got live data from QuantDinger for XAUUSD
[2026-07-10 16:21:02] [DEBUG] [hybrid_market_client] Fetching indicators for XAUUSD (QuantDinger only)
[2026-07-10 16:21:02] [DEBUG] [market_client] Using cached candles for XAUUSD 4H (age: 0s)
[2026-07-10 16:21:02] [DEBUG] [hybrid_market_client] ✓ Got live data from QuantDinger for XAUUSD
[2026-07-10 16:21:02] [INFO] [sltp] SL/TP XAUUSD: entry=4112.39990234375 atr=33.99289 sl=4122.3999 tp=4027.41769
[2026-07-10 16:21:02] [INFO] [position_sizing] Position size: 0.1 (equity=74391, risk=0.000, sl_dist=10.00000, score=48, cons_loss=4)
[2026-07-10 16:21:02] [DEBUG] [xgboost_v2] V2 predict: rsi=46.0 atr=33.99289 regime=TRENDING session=new_york dir=SELL -> p_win=0.885
[2026-07-10 16:21:02] [INFO] [xgboost_v2] [VERIFY] XGBOOST PREDICTION p_win=0.885 available=True
[2026-07-10 16:21:02] [INFO] [main] [VERIFY][DECISION_TRUTH] bias=bearish score=48.3 confidence=0.62 vote=SELL risk_passed=True sl_tp_calculated=True position_size=0.1 xgboost_p_win=0.8845750093460083 final_decision_valid=True reject_reason=OK
[2026-07-10 16:21:02] [INFO] [mt5_direct] [MT5_DIRECT] open_trade symbol=XAUUSD direction=SELL volume=0.15 sl=4122.3999 tp=4027.41769
[2026-07-10 16:21:02] [INFO] [mt5_direct] [MT5_DIRECT] terminal_info: TerminalInfo(community_account=True, community_connection=True, connected=True, dlls_allowed=False, trade_allowed=True, tradeapi_disabled=False, email_enabled=False, ftp_enabled=False, notifications_enabled=False, mqid=True, build=5984, maxbars=100000, codepage=0, ping_last=73778, community_balance=0.0, retransmission=0.0, company='MetaQuotes Ltd.', name='MetaTrader 5', language='English', path='C:\\Program Files\\MetaTrader 5', data_path='C:\\Users\\ACER\\AppData\\Roaming\\MetaQuotes\\Terminal\\D0E8209F77C8CF37AD8BF550E51FF075', commondata_path='C:\\Users\\ACER\\AppData\\Roaming\\MetaQuotes\\Terminal\\Common')
[2026-07-10 16:21:02] [INFO] [mt5_direct] [MT5_DIRECT] account_info: AccountInfo(login=108132137, trade_mode=0, leverage=100, limit_orders=200, margin_so_mode=0, trade_allowed=True, trade_expert=True, margin_mode=2, currency_digits=2, fifo_close=False, balance=74390.57, credit=0.0, profit=0.0, equity=74390.57, margin=0.0, margin_free=74390.57, margin_level=0.0, margin_so_call=50.0, margin_so_so=30.0, margin_initial=0.0, margin_maintenance=0.0, assets=0.0, liabilities=0.0, commission_blocked=0.0, name='Ali Nabil', server='MetaQuotes-Demo', currency='USD', company='MetaQuotes Ltd.')
[2026-07-10 16:21:02] [DEBUG] [mt5_direct] [MT5_DIRECT] order_send request={'action': 1, 'symbol': 'XAUUSD', 'volume': 0.15, 'type': 1, 'price': 4101.84, 'sl': 4122.3999, 'tp': 4027.41769, 'deviation': 20, 'magic': 0, 'comment': 'Bot V3', 'type_filling': 3}
[2026-07-10 16:21:02] [ERROR] [mt5_direct] [MT5_DIRECT] order_send failed result=OrderSendResult(retcode=10030, deal=0, order=0, volume=0.0, price=0.0, bid=0.0, ask=0.0, comment='Unsupported filling mode', request_id=0, retcode_external=0, request=TradeRequest(action=1, magic=0, order=0, symbol='XAUUSD', volume=0.15, price=4101.84, stoplimit=0.0, sl=4122.3999, tp=4027.41769, deviation=20, type=1, type_filling=3, type_time=0, expiration=0, comment='Bot V3', position=0, position_by=0)) comment=Unsupported filling mode retcode=10030
[2026-07-10 16:21:02] [INFO] [mt5_direct] [MT5_DIRECT] Retry order_send without type_filling
[2026-07-10 16:21:02] [INFO] [main] [VERIFY][EXECUTION_RESULT] symbol=XAUUSD open_trade_result={'status': 'success', 'order_id': '9516387042', 'price': 4101.82, 'symbol': 'XAUUSD', 'direction': 'SELL', 'volume': 0.15, 'timestamp': 1783689662.9190197, 'raw_response': {'retcode': 10009, 'deal': 9194559883, 'order': 9516387042, 'volume': 0.15, 'price': 4101.82, 'bid': 0.0, 'ask': 0.0, 'comment': 'Request executed', 'request_id': 152404777, 'retcode_external': 0, 'request': TradeRequest(action=1, magic=0, order=0, symbol='XAUUSD', volume=0.15, price=4101.84, stoplimit=0.0, sl=4122.3999, tp=4027.41769, deviation=20, type=1, type_filling=0, type_time=0, expiration=0, comment='Bot V3', position=0, position_by=0)}}
[2026-07-10 16:21:02] [INFO] [sltp] SL/TP XAUUSD: entry=4101.82 atr=33.99289 sl=4111.82 tp=4016.83779
[2026-07-10 16:21:03] [INFO] [main] --- GBPUSD ---
[2026-07-10 16:21:06] [INFO] [post_entry_trade_monitor] [MONITOR_ID_DIAG] ts=1783689666 symbol=XAUUSD d_ticket=9516387042 d_position_id=None d_id=None chosen_ticket=9516387042
[2026-07-10 16:21:06] [INFO] [post_entry_manager] [POST_ENTRY] New position detected ticket=9516387042 symbol=XAUUSD
[2026-07-10 16:21:06] [INFO] [post_entry_manager] [POST_ENTRY] Monitoring ticket=9516387042
[2026-07-10 16:21:06] [DEBUG] [market_client] Using cached candles for XAUUSD H4 (age: 21s)
[2026-07-10 16:21:06] [INFO] [stop_loss_breach_rule] [SL_CHECK] ticket=9516387042 direction=buy current=4102.26 sl=4122.4 breached=False
[2026-07-10 16:21:06] [INFO] [red_flag_detector] ========== RED FLAG REPORT ==========
[2026-07-10 16:21:06] [INFO] [red_flag_detector] ProfitDecay : NO
[2026-07-10 16:21:06] [INFO] [red_flag_detector] TradeHealth : NO
[2026-07-10 16:21:06] [INFO] [red_flag_detector] ATRSpike : NO
[2026-07-10 16:21:06] [INFO] [red_flag_detector] BadRegime : YES
[2026-07-10 16:21:06] [INFO] [red_flag_detector] FlagCount : 1
[2026-07-10 16:21:06] [INFO] [red_flag_detector] Score : 1.000
[2026-07-10 16:21:06] [INFO] [red_flag_detector] Severity : 1
[2026-07-10 16:21:06] [INFO] [red_flag_detector] ======================================
[2026-07-10 16:21:06] [DEBUG] [hybrid_market_client] Fetching indicators for XAUUSD (QuantDinger only)
[2026-07-10 16:21:06] [DEBUG] [market_client] Using cached candles for XAUUSD H4 (age: 21s)
[2026-07-10 16:21:06] [DEBUG] [hybrid_market_client] ✓ Got live data from QuantDinger for XAUUSD
[2026-07-10 16:21:06] [DEBUG] [hybrid_market_client] Fetching indicators for XAUUSD (QuantDinger only)
[2026-07-10 16:21:06] [DEBUG] [market_client] Using cached candles for XAUUSD H1 (age: 20s)
[2026-07-10 16:21:06] [DEBUG] [hybrid_market_client] ✓ Got live data from QuantDinger for XAUUSD
[2026-07-10 16:21:06] [DEBUG] [market_client] Using cached candles for XAUUSD H4 (age: 21s)
[2026-07-10 16:21:06] [INFO] [xgboost_exit_adapter] [EXIT_MODEL][DEBUG_FEATURES] symbol=XAUUSD features={'mfe': 0.0, 'mae': -6.6, 'entry_atr': 33.992885, 'entry_rsi': 45.98, 'entry_adx': 16.72513945054366, 'market_regime': 'Ranging', 'trade_duration': 0.0, 'spread': 15.0, 'volume': 0.15, 'session': '0.85', 'trend_h1': 0.0, 'trend_h4': 0.0, 'profit_decay_pct': 0.0, 'trade_health': 50.0, 'news_impact': 0.65}
[2026-07-10 16:21:06] [INFO] [xgboost_exit_model] [EXIT_MODEL] XGBoost prediction: probability=98.6%
[2026-07-10 16:21:06] [INFO] [xgboost_exit_adapter] [EXIT_MODEL] symbol=XAUUSD prediction_exit_probability=0.9864 decision_signal=98.6%
[2026-07-10 16:21:06] [INFO] [action_executor] [CLOSE_DIAG] ts=1783689666 ticket_int=9516387042 open_position_tickets=[9516387042]
[2026-07-10 16:21:06] [INFO] [action_executor] [MT5] close_position retcode=10009 comment=Request executed ticket=9516387042
[2026-07-10 16:21:06] [INFO] [post_entry_event_logger] [LOGGER_LISTENER] event_type=TradeClosed ticket=9516387042
[2026-07-10 16:21:06] [INFO] [post_entry_database_listener] [DATABASE_LISTENER] event_type=TradeClosed ticket=9516387042
[2026-07-10 16:21:06] [INFO] [post_entry_telegram_listener] [TELEGRAM_LISTENER] event_type=TradeClosed ticket=9516387042
[2026-07-10 16:21:07] [WARNING] [deepseek] DeepSeek truncated by max_tokens, finish_reason=length, content={"impact_score": 40,
[2026-07-10 16:21:07] [WARNING] [deepseek] Retry 1: JSON incomplete/truncated, raw={"impact_score": 40,
[2026-07-10 16:21:14] [INFO] [deepseek] DEEPSEEK OK: {
  "impact_score": 70,
  "bias": "bullish",
  "confidence": 0.85,
  "reason": "الأنباء تشير إلى تخف...
[2026-07-10 16:21:14] [INFO] [deepseek] AI GBPUSD: bias=bullish impact=70.0 conf=0.85
[2026-07-10 16:21:14] [INFO] [signal_engine] [VERIFY] SIGNAL_INPUT bias=bullish score=70.0 confidence=0.85
[2026-07-10 16:21:14] [INFO] [signal_engine] [VERIFY] SIGNAL_RULE rule=confidence>=0.60 actual=0.85 result=True
[2026-07-10 16:21:14] [INFO] [signal_engine] [VERIFY] SIGNAL_RULE rule=score>=55 actual=70.0 result=True
[2026-07-10 16:21:14] [INFO] [signal_engine] [VERIFY] SIGNAL_RULE rule=bias in [bullish,bearish] actual=bullish result=True
[2026-07-10 16:21:14] [INFO] [signal_engine] [VERIFY] SIGNAL_FINAL direction=BUY score=70.0 confidence=0.85 valid=True
[2026-07-10 16:21:14] [DEBUG] [signal_engine] Signal: BUY score=70.0 conf=0.85 strength=قوي valid=True
[2026-07-10 16:21:14] [INFO] [sentiment] Sentiment GBPUSD: bullish score=100 bull=3 bear=0
[2026-07-10 16:21:14] [DEBUG] [mtf] MTF (snapshot) GBPUSD: H4=bullish H1=bullish M15=bullish aligned=True (strong)
[2026-07-10 16:21:14] [INFO] [main] [VERIFY][DATA_TRUTH] symbol=GBPUSD timeframe=H4/H1/M15 news_fetched=True indicators_fetched=True live_data=True cached=False
[2026-07-10 16:21:14] [INFO] [voting_engine] GBPUSD: MTF strongly aligned, boosting score 10%
[2026-07-10 16:21:14] [DEBUG] [hybrid_market_client] Fetching indicators for GBPUSD (QuantDinger only)
[2026-07-10 16:21:14] [DEBUG] [market_client] Candles GBPUSD 4H: 100 bars ✓
[2026-07-10 16:21:14] [DEBUG] [hybrid_market_client] ✓ Got live data from QuantDinger for GBPUSD
[2026-07-10 16:21:14] [DEBUG] [hybrid_market_client] Fetching indicators for GBPUSD (QuantDinger only)
[2026-07-10 16:21:14] [DEBUG] [market_client] Using cached candles for GBPUSD 4H (age: 0s)
[2026-07-10 16:21:14] [DEBUG] [hybrid_market_client] ✓ Got live data from QuantDinger for GBPUSD
[2026-07-10 16:21:14] [INFO] [sltp] SL/TP GBPUSD: entry=1.341579556465149 atr=0.00320 sl=1.33677 tp=1.34959
[2026-07-10 16:21:14] [INFO] [position_sizing] Position size: 0.5 (equity=74391, risk=0.001, sl_dist=0.00481, score=100, cons_loss=5)
[2026-07-10 16:21:14] [DEBUG] [xgboost_v2] V2 predict: rsi=60.2 atr=0.00320 regime=TRENDING session=new_york dir=BUY -> p_win=0.143
[2026-07-10 16:21:14] [INFO] [xgboost_v2] [VERIFY] XGBOOST PREDICTION p_win=0.143 available=True
[2026-07-10 16:21:14] [INFO] [main] [VERIFY][DECISION_TRUTH] bias=bullish score=100 confidence=1.0 vote=BUY risk_passed=True sl_tp_calculated=True position_size=0.5 xgboost_p_win=0.1432020217180252 final_decision_valid=False reject_reason=p_win<threshold (p_win=0.143 threshold=0.6)
[2026-07-10 16:21:14] [INFO] [adaptive_weights] EURUSD weights updated: {'ai': 0.239, 'trend': 0.239, 'momentum': 0.239, 'sentiment': 0.239, 'volatility': 0.043} | WR=14.0% PF=4.07
[2026-07-10 16:21:14] [INFO] [adaptive_weights] GBPUSD weights updated: {'ai': 0.239, 'trend': 0.239, 'momentum': 0.239, 'sentiment': 0.239, 'volatility': 0.043} | WR=13.0% PF=8.53
[2026-07-10 16:21:14] [INFO] [adaptive_weights] 🏆 أفضل زوج: EURUSD | WR=14.0% | PnL=211.5$
[2026-07-10 16:21:14] [INFO] [adaptive_weights] ⚠️ أسوأ زوج: XAUUSD | WR=0.0% | PnL=-15.75$
[2026-07-10 16:21:14] [INFO] [main] Sleeping 1800s...
[2026-07-10 16:29:10] [DEBUG] [hybrid_market_client] Fetching indicators for EURUSD (QuantDinger only)
[2026-07-10 16:29:10] [INFO] [qd_client] Logged in to QuantDinger
[2026-07-10 16:29:10] [DEBUG] [market_client] Candles EURUSD 4H: 100 bars ✓
[2026-07-10 16:29:10] [DEBUG] [hybrid_market_client] Fetching indicators for EURUSD (QuantDinger only)
[2026-07-10 16:29:10] [DEBUG] [market_client] Using cached candles for EURUSD H4 (age: 0s)
[2026-07-10 16:29:10] [CRITICAL] [xgboost_exit_adapter] [EXIT_MODEL][CRITICAL] features_incomplete persists: symbol=EURUSD timeframe=H4 consecutive=1 stale_for_sec=inf reason=QuantDinger indicators failed for EURUSD H4: QuantDinger returned empty data for EURUSD - no fallback available
[2026-07-10 16:29:37] [DEBUG] [hybrid_market_client] Fetching indicators for EURUSD (QuantDinger only)
[2026-07-10 16:29:37] [INFO] [qd_client] Logged in to QuantDinger
[2026-07-10 16:29:37] [DEBUG] [market_client] Candles EURUSD 4H: 100 bars ✓
[2026-07-10 16:29:38] [DEBUG] [hybrid_market_client] Fetching indicators for EURUSD (QuantDinger only)
[2026-07-10 16:29:38] [DEBUG] [market_client] Using cached candles for EURUSD H4 (age: 0s)
[2026-07-10 16:29:38] [CRITICAL] [xgboost_exit_adapter] [EXIT_MODEL][CRITICAL] features_incomplete persists: symbol=EURUSD timeframe=H4 consecutive=1 stale_for_sec=inf reason=QuantDinger indicators failed for EURUSD H4: QuantDinger returned empty data for EURUSD - no fallback available
[2026-07-10 16:30:45] [INFO] [qd_client] Logged in to QuantDinger
[2026-07-10 16:39:24] [DEBUG] [hybrid_market_client] Fetching indicators for EURUSD (QuantDinger only)
[2026-07-10 16:39:24] [INFO] [qd_client] Logged in to QuantDinger
[2026-07-10 16:39:25] [DEBUG] [market_client] Candles EURUSD 4H: 100 bars ✓
[2026-07-10 16:39:25] [DEBUG] [hybrid_market_client] Fetching indicators for EURUSD (QuantDinger only)
[2026-07-10 16:39:25] [DEBUG] [market_client] Using cached candles for EURUSD H4 (age: 0s)
[2026-07-10 16:39:25] [CRITICAL] [xgboost_exit_adapter] [EXIT_MODEL][CRITICAL] features_incomplete persists: symbol=EURUSD timeframe=H4 consecutive=1 stale_for_sec=inf reason=QuantDinger indicators failed for EURUSD H4: QuantDinger returned empty data for EURUSD - no fallback available
[2026-07-10 16:39:34] [INFO] [qd_client] Logged in to QuantDinger
[2026-07-10 16:39:34] [DEBUG] [market_client] Candles EURUSD 4H: 100 bars ✓
[2026-07-10 16:39:34] [WARNING] [import_historical_trades] [ADX_TRACE_MARKER] entered calculate_adx
[2026-07-10 16:39:34] [WARNING] [import_historical_trades] [ADX_TRACE_MARKER] symbol=EURUSD type(bars)=<class 'numpy.ndarray'>
[2026-07-10 16:39:34] [WARNING] [import_historical_trades] [ADX_TRACE_MARKER] len(bars)=100
[2026-07-10 16:39:34] [WARNING] [import_historical_trades] [ADX_TRACE_MARKER] logger.level=10
[2026-07-10 16:39:34] [WARNING] [import_historical_trades] [ADX_TRACE_MARKER] logger.isEnabledFor(DEBUG)=True
[2026-07-10 16:39:34] [ERROR] [import_historical_trades] [ADX_TRACE_ERR] ENTER calculate_adx
[2026-07-10 16:39:34] [ERROR] [import_historical_trades] [ADX_TRACE_ERR] symbol=EURUSD type(bars)=<class 'numpy.ndarray'>
[2026-07-10 16:39:34] [ERROR] [import_historical_trades] [ADX_TRACE_ERR] shape=(100, 5) dtype=float64
[2026-07-10 16:39:34] [ERROR] [import_historical_trades] [ADX_TRACE_ERR] len(bars)=100
[2026-07-10 16:39:34] [ERROR] [import_historical_trades] [ADX_TRACE_ERR] first5=[[1.78173720e+09 1.15074801e+00 1.15260482e+00 1.15074801e+00
  1.15220642e+00]
 [1.78175160e+09 1.15220642e+00 1.15313649e+00 1.15141046e+00
  1.15233922e+00]
 [1.78176600e+09 1.15220642e+00 1.15233922e+00 1.14626324e+00
  1.14639461e+00]
 [1.78178040e+09 1.14652598e+00 1.14902914e+00 1.14573789e+00
  1.14889705e+00]
 [1.78179480e+09 1.14902914e+00 1.14902914e+00 1.14626324e+00
  1.14639461e+00]]
[2026-07-10 16:39:34] [ERROR] [import_historical_trades] [ADX_TRACE_ERR] last5=[[1.78362360e+09 1.14377213e+00 1.14377213e+00 1.14246547e+00
  1.14364135e+00]
 [1.78363800e+09 1.14364135e+00 1.14639461e+00 1.14337981e+00
  1.14613175e+00]
 [1.78365240e+09 1.14626324e+00 1.14626324e+00 1.14390302e+00
  1.14455760e+00]
 [1.78366680e+09 1.14442670e+00 1.14455760e+00 1.14298785e+00
  1.14364135e+00]
 [1.78368120e+09 1.14364135e+00 1.14403379e+00 1.14233494e+00
  1.14246547e+00]]
[2026-07-10 16:39:34] [DEBUG] [import_historical_trades] [ADX_TRACE] ===== calculate_adx start =====
[2026-07-10 16:39:34] [DEBUG] [import_historical_trades] [ADX_TRACE] type(bars)=<class 'numpy.ndarray'> shape=(100, 5) dtype=float64
[2026-07-10 16:39:34] [DEBUG] [import_historical_trades] [ADX_TRACE] bars_count=100
[2026-07-10 16:39:34] [DEBUG] [import_historical_trades] [ADX_TRACE] first5 bars=[[1.78173720e+09 1.15074801e+00 1.15260482e+00 1.15074801e+00
  1.15220642e+00]
 [1.78175160e+09 1.15220642e+00 1.15313649e+00 1.15141046e+00
  1.15233922e+00]
 [1.78176600e+09 1.15220642e+00 1.15233922e+00 1.14626324e+00
  1.14639461e+00]
 [1.78178040e+09 1.14652598e+00 1.14902914e+00 1.14573789e+00
  1.14889705e+00]
 [1.78179480e+09 1.14902914e+00 1.14902914e+00 1.14626324e+00
  1.14639461e+00]]
[2026-07-10 16:39:34] [DEBUG] [import_historical_trades] [ADX_TRACE] last5 bars=[[1.78362360e+09 1.14377213e+00 1.14377213e+00 1.14246547e+00
  1.14364135e+00]
 [1.78363800e+09 1.14364135e+00 1.14639461e+00 1.14337981e+00
  1.14613175e+00]
 [1.78365240e+09 1.14626324e+00 1.14626324e+00 1.14390302e+00
  1.14455760e+00]
 [1.78366680e+09 1.14442670e+00 1.14455760e+00 1.14298785e+00
  1.14364135e+00]
 [1.78368120e+09 1.14364135e+00 1.14403379e+00 1.14233494e+00
  1.14246547e+00]]
[2026-07-10 16:39:34] [DEBUG] [import_historical_trades] [ADX_TRACE] highs_first5=[1.15260482 1.15313649 1.15233922 1.14902914 1.14902914] highs_last5=[1.14377213 1.14639461 1.14626324 1.1445576  1.14403379]
[2026-07-10 16:39:34] [DEBUG] [import_historical_trades] [ADX_TRACE] lows_first5=[1.15074801 1.15141046 1.14626324 1.14573789 1.14626324] lows_last5=[1.14246547 1.14337981 1.14390302 1.14298785 1.14233494]
[2026-07-10 16:39:34] [DEBUG] [import_historical_trades] [ADX_TRACE] closes_first5=[1.15220642 1.15233922 1.14639461 1.14889705 1.14639461] closes_last5=[1.14364135 1.14613175 1.1445576  1.14364135 1.14246547]
[2026-07-10 16:39:34] [DEBUG] [import_historical_trades] [ADX_TRACE] Begin computing TR/+DM/-DM ...
[2026-07-10 16:39:34] [DEBUG] [import_historical_trades] [ADX_TRACE][i=1] TR=0.0017260313034057617 +DM=0.0005316734313964844 -DM=0.0
[2026-07-10 16:39:34] [DEBUG] [import_historical_trades] [ADX_TRACE][i=2] TR=0.0060759782791137695 +DM=0.0 -DM=0.005147218704223633
[2026-07-10 16:39:34] [DEBUG] [import_historical_trades] [ADX_TRACE][i=3] TR=0.0032912492752075195 +DM=0.0 -DM=0.000525355339050293
[2026-07-10 16:39:34] [DEBUG] [import_historical_trades] [ADX_TRACE][i=4] TR=0.0027658939361572266 +DM=0.0 -DM=0.0
[2026-07-10 16:39:34] [DEBUG] [import_historical_trades] [ADX_TRACE][i=5] TR=0.0017082691192626953 +DM=0.0 -DM=0.0007878541946411133
[2026-07-10 16:39:34] [DEBUG] [import_historical_trades] [ADX_TRACE][i=6] TR=0.0013136863708496094 +DM=0.0 -DM=0.0
[2026-07-10 16:39:34] [DEBUG] [import_historical_trades] [ADX_TRACE][i=7] TR=0.003533482551574707 +DM=0.0 -DM=0.0032709836959838867
[2026-07-10 16:39:34] [DEBUG] [import_historical_trades] [ADX_TRACE][i=8] TR=0.002362847328186035 +DM=0.00118255615234375 -DM=0.0
[2026-07-10 16:39:34] [DEBUG] [import_historical_trades] [ADX_TRACE][i=9] TR=0.0015785694122314453 +DM=0.0007898807525634766 -DM=0.0
[2026-07-10 16:39:34] [DEBUG] [import_historical_trades] [ADX_TRACE][i=10] TR=0.0019751787185668945 +DM=0.0007908344268798828 -DM=0.0
[2026-07-10 16:39:34] [DEBUG] [import_historical_trades] [ADX_TRACE][i=11] TR=0.0015807151794433594 +DM=0.0 -DM=0.0
[2026-07-10 16:39:34] [DEBUG] [import_historical_trades] [ADX_TRACE][i=12] TR=0.001446843147277832 +DM=0.0 -DM=0.0007886886596679688
[2026-07-10 16:39:34] [DEBUG] [import_historical_trades] [ADX_TRACE][i=13] TR=0.0014454126358032227 +DM=0.0 -DM=0.0005251169204711914
[2026-07-10 16:39:34] [DEBUG] [import_historical_trades] [ADX_TRACE][i=14] TR=0.0020998716354370117 +DM=0.0 -DM=0.001049041748046875
[2026-07-10 16:39:34] [DEBUG] [import_historical_trades] [ADX_TRACE][i=15] TR=0.0036687850952148438 +DM=0.0 -DM=0.0017004013061523438
[2026-07-10 16:39:34] [DEBUG] [import_historical_trades] [ADX_TRACE][i=16] TR=0.002748250961303711 +DM=0.0 -DM=0.0002611875534057617
[2026-07-10 16:39:34] [DEBUG] [import_historical_trades] [ADX_TRACE][i=17] TR=0.001698136329650879 +DM=0.0 -DM=0.0005220174789428711
[2026-07-10 16:39:34] [DEBUG] [import_historical_trades] [ADX_TRACE][i=18] TR=0.0010453462600708008 +DM=0.0 -DM=0.0
[2026-07-10 16:39:34] [DEBUG] [import_historical_trades] [ADX_TRACE][i=19] TR=0.0010448694229125977 +DM=0.0 -DM=0.00026106834411621094
[2026-07-10 16:39:34] [DEBUG] [import_historical_trades] [ADX_TRACE][i=20] TR=0.004173874855041504 +DM=0.0 -DM=0.0023440122604370117
[2026-07-10 16:39:34] [DEBUG] [import_historical_trades] [ADX_TRACE] init sums: tr_sum=0.03484678268432617 plus_dm_sum=0.0027632713317871094 minus_dm_sum=0.013794660568237305
[2026-07-10 16:39:34] [DEBUG] [import_historical_trades] [ADX_TRACE] ATR_like (informational)=0.002350287778036935
[2026-07-10 16:39:34] [DEBUG] [import_historical_trades] [ADX_TRACE] init DI: +DI=7.929774627457957 -DI=39.58661174892924
[2026-07-10 16:39:34] [DEBUG] [import_historical_trades] [ADX_TRACE][dx_step=1] i=15 TR=0.002748250961303711 +DI=7.308996852673287 -DI=37.231594348006624 DX=67.1805126261471
[2026-07-10 16:39:34] [DEBUG] [import_historical_trades] [ADX_TRACE][dx_step=2] i=16 TR=0.001698136329650879 +DI=6.947104033229594 -DI=36.91020409350349 DX=68.3195146717406
[2026-07-10 16:39:34] [DEBUG] [import_historical_trades] [ADX_TRACE][dx_step=3] i=17 TR=0.0010453462600708008 +DI=6.726317857303105 -DI=35.73715950175834 DX=68.3195146717406
[2026-07-10 16:39:34] [DEBUG] [import_historical_trades] [ADX_TRACE][dx_step=4] i=18 TR=0.0010448694229125977 +DI=6.5038213430170115 -DI=35.38151861542391 DX=68.94464101535205
[2026-07-10 16:39:34] [DEBUG] [import_historical_trades] [ADX_TRACE][dx_step=5] i=19 TR=0.004173874855041504 +DI=5.693614395783229 -DI=37.96986983641214 DX=73.9204761328459
[2026-07-10 16:39:34] [DEBUG] [import_historical_trades] [ADX_TRACE][dx_step=6] i=20 TR=0.0024660825729370117 +DI=5.275456519110557 -DI=40.97696379819432 DX=77.18840881009292
[2026-07-10 16:39:34] [DEBUG] [import_historical_trades] [ADX_TRACE][dx_step=7] i=21 TR=0.0009070634841918945 +DI=5.126323772578511 -DI=40.22205296048266 DX=77.39136815081996
[2026-07-10 16:39:34] [DEBUG] [import_historical_trades] [ADX_TRACE][dx_step=8] i=22 TR=0.0007777214050292969 +DI=5.420153901108249 -DI=39.198860199199025 DX=75.70473480689964
[2026-07-10 16:39:34] [DEBUG] [import_historical_trades] [ADX_TRACE][dx_step=9] i=23 TR=0.0015537738800048828 +DI=5.138891842934505 -DI=40.6228896430655 DX=77.54068274415123
[2026-07-10 16:39:34] [DEBUG] [import_historical_trades] [ADX_TRACE][dx_step=10] i=24 TR=0.0015513896942138672 +DI=4.867306696333547 -DI=41.55704095072009 DX=79.03123277751666
[2026-07-10 16:39:34] [DEBUG] [import_historical_trades] [ADX_TRACE][dx_step=11] i=25 TR=0.0021909475326538086 +DI=4.505192425368762 -DI=45.4666439453354 DX=81.96907397219479
[2026-07-10 16:39:34] [DEBUG] [import_historical_trades] [ADX_TRACE][dx_step=12] i=26 TR=0.002572774887084961 +DI=4.1177791714409935 -DI=45.851697711579234 DX=83.51882217586221
[2026-07-10 16:39:34] [DEBUG] [import_historical_trades] [ADX_TRACE][dx_step=13] i=27 TR=0.002579808235168457 +DI=8.870579164160375 -DI=41.955669401141385 DX=65.09449579870756
[2026-07-10 16:39:34] [DEBUG] [import_historical_trades] [ADX_TRACE][dx_step=14] i=28 TR=0.001161336898803711 +DI=8.519631017665946 -DI=40.295770522074534 DX=65.09449579870757
[2026-07-10 16:39:34] [DEBUG] [import_historical_trades] [ADX_TRACE][dx_step=15] i=29 TR=0.001807093620300293 +DI=9.768354754714403 -DI=37.790358808519215 DX=58.92086213927343
[2026-07-10 16:39:34] [DEBUG] [import_historical_trades] [ADX_TRACE][dx_step=16] i=30 TR=0.0018082857131958008 +DI=10.502007353465865 -DI=35.41731193254078 DX=54.25887179182892
[2026-07-10 16:39:34] [DEBUG] [import_historical_trades] [ADX_TRACE][dx_step=17] i=31 TR=0.0028395652770996094 +DI=9.493831460641188 -DI=35.06652535841118 DX=57.388889414898145
[2026-07-10 16:39:34] [DEBUG] [import_historical_trades] [ADX_TRACE][dx_step=18] i=32 TR=0.0047751665115356445 +DI=8.087742902184688 -DI=33.06491866640517 DX=60.693949825312245
[2026-07-10 16:39:34] [DEBUG] [import_historical_trades] [ADX_TRACE][dx_step=19] i=33 TR=0.0016841888427734375 +DI=9.70735062773835 -DI=31.303928430925122 DX=52.66009326920658
[2026-07-10 16:39:34] [DEBUG] [import_historical_trades] [ADX_TRACE][dx_step=20] i=34 TR=0.0015524625778198242 +DI=9.219899889710547 -DI=32.24100907616568 DX=55.52485403878219
[2026-07-10 16:39:34] [DEBUG] [import_historical_trades] [ADX_TRACE] dx_list_len=84
[2026-07-10 16:39:34] [DEBUG] [import_historical_trades] [ADX_TRACE] final ADX=15.32808836722036
[2026-07-10 16:44:24] [DEBUG] [hybrid_market_client] Fetching indicators for EURUSD (QuantDinger only)
[2026-07-10 16:44:24] [INFO] [qd_client] Logged in to QuantDinger
[2026-07-10 16:44:24] [DEBUG] [market_client] Candles EURUSD 4H: 100 bars ✓
[2026-07-10 16:44:24] [DEBUG] [hybrid_market_client] Fetching indicators for EURUSD (QuantDinger only)
[2026-07-10 16:44:24] [DEBUG] [market_client] Using cached candles for EURUSD H4 (age: 0s)
[2026-07-10 16:44:24] [CRITICAL] [xgboost_exit_adapter] [EXIT_MODEL][CRITICAL] features_incomplete persists: symbol=EURUSD timeframe=H4 consecutive=1 stale_for_sec=inf reason=QuantDinger indicators failed for EURUSD H4: QuantDinger returned empty data for EURUSD - no fallback available
[2026-07-10 16:44:41] [DEBUG] [hybrid_market_client] Fetching indicators for EURUSD (QuantDinger only)
[2026-07-10 16:44:42] [INFO] [qd_client] Logged in to QuantDinger
[2026-07-10 16:44:42] [DEBUG] [market_client] Candles EURUSD 4H: 100 bars ✓
[2026-07-10 16:44:42] [DEBUG] [hybrid_market_client] ✓ Got live data from QuantDinger for EURUSD
[2026-07-10 16:44:42] [DEBUG] [hybrid_market_client] Fetching indicators for EURUSD (QuantDinger only)
[2026-07-10 16:44:42] [DEBUG] [market_client] Candles EURUSD 4H: 100 bars ✓
[2026-07-10 16:44:42] [DEBUG] [hybrid_market_client] ✓ Got live data from QuantDinger for EURUSD
[2026-07-10 16:44:42] [DEBUG] [market_client] Using cached candles for EURUSD H4 (age: 0s)
[2026-07-10 16:44:42] [WARNING] [xgboost_exit_adapter] [EXIT_MODEL][WARN] trend_h1 missing for symbol=EURUSD -> using 0.0
[2026-07-10 16:44:42] [WARNING] [xgboost_exit_adapter] [EXIT_MODEL][WARN] trend_h4 missing for symbol=EURUSD -> using 0.0
[2026-07-10 16:44:42] [WARNING] [xgboost_exit_adapter] [EXIT_MODEL][WARN] mae is 0 for symbol=EURUSD (possible state not updating?)
[2026-07-10 16:44:42] [INFO] [xgboost_exit_adapter] [EXIT_MODEL][DEBUG_FEATURES] symbol=EURUSD features={'mfe': 3.0, 'mae': 0.0, 'entry_atr': 0.0021, 'entry_rsi': 51.75, 'entry_adx': 20.0, 'market_regime': 'placeholder_Unknown', 'trade_duration': 1.0110220233599345, 'spread': 15.0, 'volume': 0.6, 'session': 'london', 'trend_h1': 0.0, 'trend_h4': 0.0, 'profit_decay_pct': 100.0, 'trade_health': 50.0, 'news_impact': 0.0}
[2026-07-10 16:44:42] [INFO] [xgboost_exit_model] Loaded Exit Model from F:\files (2)\google\botdd\trading_bot_v3\models\xgboost_exit_model.json
[2026-07-10 16:44:42] [INFO] [xgboost_exit_model] [EXIT_MODEL] XGBoost prediction: probability=7.6%
[2026-07-10 16:44:42] [INFO] [xgboost_exit_adapter] [EXIT_MODEL] symbol=EURUSD prediction_exit_probability=0.0761 decision_signal=7.6%
[2026-07-10 16:50:38] [DEBUG] [hybrid_market_client] Fetching indicators for EURUSD (QuantDinger only)
[2026-07-10 16:50:38] [INFO] [qd_client] Logged in to QuantDinger
[2026-07-10 16:50:39] [DEBUG] [market_client] Candles EURUSD 4H: 100 bars ✓
[2026-07-10 16:50:39] [DEBUG] [hybrid_market_client] Fetching indicators for EURUSD (QuantDinger only)
[2026-07-10 16:50:39] [DEBUG] [market_client] Using cached candles for EURUSD H4 (age: 0s)
[2026-07-10 16:50:39] [CRITICAL] [xgboost_exit_adapter] [EXIT_MODEL][CRITICAL] features_incomplete persists: symbol=EURUSD timeframe=H4 consecutive=1 stale_for_sec=inf reason=QuantDinger indicators failed for EURUSD H4: QuantDinger returned empty data for EURUSD - no fallback available
[2026-07-10 16:57:30] [DEBUG] [hybrid_market_client] Fetching indicators for EURUSD (QuantDinger only)
[2026-07-10 16:57:31] [INFO] [qd_client] Logged in to QuantDinger
[2026-07-10 16:57:31] [DEBUG] [market_client] Candles EURUSD 4H: 100 bars ✓
[2026-07-10 16:57:31] [DEBUG] [hybrid_market_client] Fetching indicators for EURUSD (QuantDinger only)
[2026-07-10 16:57:31] [DEBUG] [market_client] Using cached candles for EURUSD H4 (age: 0s)
[2026-07-10 16:57:31] [WARNING] [xgboost_exit_adapter] [EXIT_MODEL][WARN] ATR(H4) fetch failed for EURUSD: QuantDinger indicators failed for EURUSD H4: QuantDinger returned empty data for EURUSD - no fallback available -> retrying once...
[2026-07-10 16:57:31] [DEBUG] [hybrid_market_client] Fetching indicators for EURUSD (QuantDinger only)
[2026-07-10 16:57:31] [DEBUG] [market_client] Using cached candles for EURUSD H4 (age: 0s)
[2026-07-10 16:57:31] [DEBUG] [hybrid_market_client] Fetching indicators for EURUSD (QuantDinger only)
[2026-07-10 16:57:31] [DEBUG] [market_client] Using cached candles for EURUSD H4 (age: 1s)
[2026-07-10 16:57:31] [WARNING] [xgboost_exit_adapter] [EXIT_MODEL][WARN] Using DEFAULT ATR(H4) for EURUSD: atr=0.001 (no cache; QuantDinger failed: QuantDinger indicators failed for EURUSD H4: QuantDinger returned empty data for EURUSD - no fallback available)
[2026-07-10 16:57:31] [DEBUG] [hybrid_market_client] Fetching indicators for EURUSD (QuantDinger only)
[2026-07-10 16:57:31] [DEBUG] [market_client] Candles EURUSD 4H: 100 bars ✓
[2026-07-10 16:57:32] [DEBUG] [hybrid_market_client] Fetching indicators for EURUSD (QuantDinger only)
[2026-07-10 16:57:32] [DEBUG] [market_client] Using cached candles for EURUSD H1 (age: 0s)
[2026-07-10 16:57:32] [CRITICAL] [xgboost_exit_adapter] [EXIT_MODEL][CRITICAL] features_incomplete persists: symbol=EURUSD timeframe=H4 consecutive=1 stale_for_sec=inf reason=QuantDinger indicators failed for EURUSD H1: QuantDinger returned empty data for EURUSD - no fallback available
[2026-07-10 16:59:31] [DEBUG] [hybrid_market_client] Fetching indicators for EURUSD (QuantDinger only)
[2026-07-10 16:59:31] [INFO] [qd_client] Logged in to QuantDinger
[2026-07-10 16:59:31] [DEBUG] [market_client] Candles EURUSD 4H: 100 bars ✓
[2026-07-10 16:59:31] [DEBUG] [hybrid_market_client] Fetching indicators for EURUSD (QuantDinger only)
[2026-07-10 16:59:31] [DEBUG] [market_client] Using cached candles for EURUSD H4 (age: 0s)
[2026-07-10 16:59:31] [WARNING] [xgboost_exit_adapter] [EXIT_MODEL][WARN] ATR(H4) fetch failed for EURUSD: QuantDinger indicators failed for EURUSD H4: QuantDinger returned empty data for EURUSD - no fallback available -> retrying once...
[2026-07-10 16:59:31] [DEBUG] [hybrid_market_client] Fetching indicators for EURUSD (QuantDinger only)
[2026-07-10 16:59:31] [DEBUG] [market_client] Using cached candles for EURUSD H4 (age: 0s)
[2026-07-10 16:59:32] [DEBUG] [hybrid_market_client] Fetching indicators for EURUSD (QuantDinger only)
[2026-07-10 16:59:32] [DEBUG] [market_client] Using cached candles for EURUSD H4 (age: 0s)
[2026-07-10 16:59:32] [WARNING] [xgboost_exit_adapter] [EXIT_MODEL][WARN] Using DEFAULT ATR(H4) for EURUSD: atr=0.001 (no cache; QuantDinger failed: QuantDinger indicators failed for EURUSD H4: QuantDinger returned empty data for EURUSD - no fallback available)
[2026-07-10 16:59:32] [DEBUG] [hybrid_market_client] Fetching indicators for EURUSD (QuantDinger only)
[2026-07-10 16:59:32] [DEBUG] [market_client] Candles EURUSD 4H: 100 bars ✓
[2026-07-10 16:59:32] [DEBUG] [hybrid_market_client] Fetching indicators for EURUSD (QuantDinger only)
[2026-07-10 16:59:32] [DEBUG] [market_client] Using cached candles for EURUSD H1 (age: 0s)
[2026-07-10 16:59:32] [WARNING] [xgboost_exit_adapter] [EXIT_MODEL][WARN] RSI(H1) fetch failed for EURUSD: QuantDinger indicators failed for EURUSD H1: QuantDinger returned empty data for EURUSD - no fallback available -> retrying once...
[2026-07-10 16:59:32] [DEBUG] [hybrid_market_client] Fetching indicators for EURUSD (QuantDinger only)
[2026-07-10 16:59:32] [DEBUG] [market_client] Using cached candles for EURUSD H1 (age: 0s)
[2026-07-10 16:59:32] [DEBUG] [hybrid_market_client] Fetching indicators for EURUSD (QuantDinger only)
[2026-07-10 16:59:32] [DEBUG] [market_client] Using cached candles for EURUSD H1 (age: 0s)
[2026-07-10 16:59:32] [WARNING] [xgboost_exit_adapter] [EXIT_MODEL][WARN] Using DEFAULT RSI(H1)=50.0 for EURUSD (QuantDinger failed: QuantDinger indicators failed for EURUSD H1: QuantDinger returned empty data for EURUSD - no fallback available)
[2026-07-10 16:59:32] [DEBUG] [market_client] Using cached candles for EURUSD H4 (age: 1s)
[2026-07-10 16:59:32] [WARNING] [xgboost_exit_adapter] [EXIT_MODEL][WARN] mae was 0.0 -> computed mae=min(0.0, current_profit) mae=0.0 current_profit=0.0
[2026-07-10 16:59:32] [WARNING] [xgboost_exit_adapter] [EXIT_MODEL][WARN] mfe was 0.0 -> computed mfe=max(0.0, current_profit) mfe=0.0 current_profit=0.0
[2026-07-10 16:59:32] [DEBUG] [hybrid_market_client] Fetching indicators for EURUSD (QuantDinger only)
[2026-07-10 16:59:32] [DEBUG] [market_client] Using cached candles for EURUSD H1 (age: 0s)
[2026-07-10 16:59:32] [DEBUG] [hybrid_market_client] Fetching indicators for EURUSD (QuantDinger only)
[2026-07-10 16:59:32] [DEBUG] [market_client] Using cached candles for EURUSD H1 (age: 0s)
[2026-07-10 16:59:32] [WARNING] [xgboost_exit_adapter] [EXIT_MODEL][WARN] failed fetching trend from QuantDinger for symbol=EURUSD: QuantDinger indicators failed for EURUSD H1: QuantDinger returned empty data for EURUSD - no fallback available
[2026-07-10 16:59:32] [WARNING] [xgboost_exit_adapter] [EXIT_MODEL][WARN] trend_h1 missing for symbol=EURUSD -> using 50.0 (neutral placeholder)
[2026-07-10 16:59:32] [WARNING] [xgboost_exit_adapter] [EXIT_MODEL][WARN] trend_h4 missing for symbol=EURUSD -> using 50.0 (neutral placeholder)
[2026-07-10 16:59:32] [WARNING] [xgboost_exit_adapter] [EXIT_MODEL][WARN] mfe is 0 for symbol=EURUSD (possible state not updating?)
[2026-07-10 16:59:32] [WARNING] [xgboost_exit_adapter] [EXIT_MODEL][WARN] mae is 0 for symbol=EURUSD (possible state not updating?)
[2026-07-10 16:59:32] [WARNING] [xgboost_exit_adapter] [EXIT_MODEL][WARN] market_regime placeholder_Unknown for symbol=EURUSD -> using safe default 'ranging'
[2026-07-10 16:59:32] [INFO] [xgboost_exit_adapter] [EXIT_MODEL][DEBUG_FEATURE_VECTOR] symbol=EURUSD FEATURE_ORDER_VALUES=
[2026-07-10 16:59:32] [INFO] [xgboost_exit_adapter] [EXIT_MODEL][DEBUG_FEATURE] mfe=0.0
[2026-07-10 16:59:32] [INFO] [xgboost_exit_adapter] [EXIT_MODEL][DEBUG_FEATURE] mae=0.0
[2026-07-10 16:59:32] [INFO] [xgboost_exit_adapter] [EXIT_MODEL][DEBUG_FEATURE] entry_atr=0.001
[2026-07-10 16:59:32] [INFO] [xgboost_exit_adapter] [EXIT_MODEL][DEBUG_FEATURE] entry_rsi=50.0
[2026-07-10 16:59:32] [INFO] [xgboost_exit_adapter] [EXIT_MODEL][DEBUG_FEATURE] entry_adx=20.0
[2026-07-10 16:59:32] [INFO] [xgboost_exit_adapter] [EXIT_MODEL][DEBUG_FEATURE] market_regime=2.0
[2026-07-10 16:59:32] [INFO] [xgboost_exit_adapter] [EXIT_MODEL][DEBUG_FEATURE] trade_duration=1.0194923003514609
[2026-07-10 16:59:32] [INFO] [xgboost_exit_adapter] [EXIT_MODEL][DEBUG_FEATURE] spread=15.0
[2026-07-10 16:59:32] [INFO] [xgboost_exit_adapter] [EXIT_MODEL][DEBUG_FEATURE] volume=0.6
[2026-07-10 16:59:32] [INFO] [xgboost_exit_adapter] [EXIT_MODEL][DEBUG_FEATURE] session=1.0
[2026-07-10 16:59:32] [INFO] [xgboost_exit_adapter] [EXIT_MODEL][DEBUG_FEATURE] trend_h1=50.0
[2026-07-10 16:59:32] [INFO] [xgboost_exit_adapter] [EXIT_MODEL][DEBUG_FEATURE] trend_h4=50.0
[2026-07-10 16:59:32] [INFO] [xgboost_exit_model] Loaded Exit Model from F:\files (2)\google\botdd\trading_bot_v3\models\xgboost_exit_model.json
[2026-07-10 16:59:32] [INFO] [xgboost_exit_model] [EXIT_MODEL] XGBoost prediction: probability=98.6%
[2026-07-10 16:59:32] [INFO] [xgboost_exit_adapter] [EXIT_MODEL] symbol=EURUSD prediction_exit_probability=0.9864 decision_signal=98.6%
[2026-07-10 17:05:15] [DEBUG] [hybrid_market_client] Fetching indicators for EURUSD (QuantDinger only)
[2026-07-10 17:05:15] [INFO] [qd_client] Logged in to QuantDinger
[2026-07-10 17:05:16] [DEBUG] [market_client] Candles EURUSD 4H: 100 bars ✓
[2026-07-10 17:05:16] [DEBUG] [hybrid_market_client] ✓ Got live data from QuantDinger for EURUSD
[2026-07-10 17:05:16] [DEBUG] [hybrid_market_client] Fetching indicators for EURUSD (QuantDinger only)
[2026-07-10 17:05:16] [DEBUG] [market_client] Candles EURUSD 4H: 100 bars ✓
[2026-07-10 17:05:16] [DEBUG] [hybrid_market_client] ✓ Got live data from QuantDinger for EURUSD
[2026-07-10 17:05:16] [DEBUG] [market_client] Using cached candles for EURUSD H4 (age: 0s)
[2026-07-10 17:05:16] [WARNING] [xgboost_exit_adapter] [EXIT_MODEL][WARN] mae was 0.0 -> computed mae=min(0.0, current_profit) mae=0.0 current_profit=0.0
[2026-07-10 17:05:16] [WARNING] [xgboost_exit_adapter] [EXIT_MODEL][WARN] mfe was 0.0 -> computed mfe=max(0.0, current_profit) mfe=0.0 current_profit=0.0
[2026-07-10 17:05:16] [WARNING] [xgboost_exit_adapter] [EXIT_MODEL][WARN] trend_h1 missing for symbol=EURUSD -> using 50.0 (neutral placeholder)
[2026-07-10 17:05:16] [WARNING] [xgboost_exit_adapter] [EXIT_MODEL][WARN] trend_h4 missing for symbol=EURUSD -> using 50.0 (neutral placeholder)
[2026-07-10 17:05:16] [WARNING] [xgboost_exit_adapter] [EXIT_MODEL][WARN] mfe is 0 for symbol=EURUSD (possible state not updating?)
[2026-07-10 17:05:16] [WARNING] [xgboost_exit_adapter] [EXIT_MODEL][WARN] mae is 0 for symbol=EURUSD (possible state not updating?)
[2026-07-10 17:05:16] [WARNING] [xgboost_exit_adapter] [EXIT_MODEL][WARN] market_regime placeholder_Unknown for symbol=EURUSD -> using safe default 'ranging'
[2026-07-10 17:05:16] [INFO] [xgboost_exit_adapter] [EXIT_MODEL][DEBUG_FEATURE_VECTOR] symbol=EURUSD FEATURE_ORDER_VALUES=
[2026-07-10 17:05:16] [INFO] [xgboost_exit_adapter] [EXIT_MODEL][DEBUG_FEATURE] mfe=0.0
[2026-07-10 17:05:16] [INFO] [xgboost_exit_adapter] [EXIT_MODEL][DEBUG_FEATURE] mae=0.0
[2026-07-10 17:05:16] [INFO] [xgboost_exit_adapter] [EXIT_MODEL][DEBUG_FEATURE] entry_atr=0.002119
[2026-07-10 17:05:16] [INFO] [xgboost_exit_adapter] [EXIT_MODEL][DEBUG_FEATURE] entry_rsi=49.17
[2026-07-10 17:05:16] [INFO] [xgboost_exit_adapter] [EXIT_MODEL][DEBUG_FEATURE] entry_adx=20.0
[2026-07-10 17:05:16] [INFO] [xgboost_exit_adapter] [EXIT_MODEL][DEBUG_FEATURE] market_regime=2.0
[2026-07-10 17:05:16] [INFO] [xgboost_exit_adapter] [EXIT_MODEL][DEBUG_FEATURE] trade_duration=1.01344233751297
[2026-07-10 17:05:16] [INFO] [xgboost_exit_adapter] [EXIT_MODEL][DEBUG_FEATURE] spread=15.0
[2026-07-10 17:05:16] [INFO] [xgboost_exit_adapter] [EXIT_MODEL][DEBUG_FEATURE] volume=0.6
[2026-07-10 17:05:16] [INFO] [xgboost_exit_adapter] [EXIT_MODEL][DEBUG_FEATURE] session=1.0
[2026-07-10 17:05:16] [INFO] [xgboost_exit_adapter] [EXIT_MODEL][DEBUG_FEATURE] trend_h1=50.0
[2026-07-10 17:05:16] [INFO] [xgboost_exit_adapter] [EXIT_MODEL][DEBUG_FEATURE] trend_h4=50.0
[2026-07-10 17:05:16] [INFO] [xgboost_exit_model] Loaded Exit Model from F:\files (2)\google\botdd\trading_bot_v3\models\xgboost_exit_model.json
[2026-07-10 17:05:16] [INFO] [xgboost_exit_model] [EXIT_MODEL] XGBoost prediction: probability=97.7%
[2026-07-10 17:05:16] [INFO] [xgboost_exit_adapter] [EXIT_MODEL] symbol=EURUSD prediction_exit_probability=0.9766 decision_signal=97.7%
[2026-07-10 17:06:23] [DEBUG] [hybrid_market_client] Fetching indicators for EURUSD (QuantDinger only)
[2026-07-10 17:06:23] [INFO] [qd_client] Logged in to QuantDinger
[2026-07-10 17:06:23] [DEBUG] [market_client] Candles EURUSD 4H: 100 bars ✓
[2026-07-10 17:06:23] [DEBUG] [hybrid_market_client] ✓ Got live data from QuantDinger for EURUSD
[2026-07-10 17:06:23] [DEBUG] [hybrid_market_client] Fetching indicators for EURUSD (QuantDinger only)
[2026-07-10 17:06:23] [DEBUG] [market_client] Candles EURUSD 4H: 100 bars ✓
[2026-07-10 17:06:23] [DEBUG] [hybrid_market_client] ✓ Got live data from QuantDinger for EURUSD
[2026-07-10 17:06:23] [DEBUG] [market_client] Using cached candles for EURUSD H4 (age: 0s)
[2026-07-10 17:06:23] [WARNING] [xgboost_exit_adapter] [EXIT_MODEL][WARN] mae was 0.0 -> computed mae=min(0.0, current_profit) mae=0.0 current_profit=0.0
[2026-07-10 17:06:23] [WARNING] [xgboost_exit_adapter] [EXIT_MODEL][WARN] mfe was 0.0 -> computed mfe=max(0.0, current_profit) mfe=0.0 current_profit=0.0
[2026-07-10 17:06:23] [WARNING] [xgboost_exit_adapter] [EXIT_MODEL][WARN] mfe is 0 for symbol=EURUSD (possible state not updating?)
[2026-07-10 17:06:23] [WARNING] [xgboost_exit_adapter] [EXIT_MODEL][WARN] mae is 0 for symbol=EURUSD (possible state not updating?)
[2026-07-10 17:06:23] [INFO] [xgboost_exit_adapter] [EXIT_MODEL][DEBUG_FEATURE_VECTOR] symbol=EURUSD FEATURE_ORDER_VALUES=
[2026-07-10 17:06:23] [INFO] [xgboost_exit_adapter] [EXIT_MODEL][DEBUG_FEATURE] mfe=0.0
[2026-07-10 17:06:23] [INFO] [xgboost_exit_adapter] [EXIT_MODEL][DEBUG_FEATURE] mae=0.0
[2026-07-10 17:06:23] [INFO] [xgboost_exit_adapter] [EXIT_MODEL][DEBUG_FEATURE] entry_atr=0.002119
[2026-07-10 17:06:23] [INFO] [xgboost_exit_adapter] [EXIT_MODEL][DEBUG_FEATURE] entry_rsi=49.17
[2026-07-10 17:06:23] [INFO] [xgboost_exit_adapter] [EXIT_MODEL][DEBUG_FEATURE] entry_adx=15.143379155303085
[2026-07-10 17:06:23] [INFO] [xgboost_exit_adapter] [EXIT_MODEL][DEBUG_FEATURE] market_regime=0.0
[2026-07-10 17:06:23] [INFO] [xgboost_exit_adapter] [EXIT_MODEL][DEBUG_FEATURE] trade_duration=1.005829401810964
[2026-07-10 17:06:23] [INFO] [xgboost_exit_adapter] [EXIT_MODEL][DEBUG_FEATURE] spread=15.0
[2026-07-10 17:06:23] [INFO] [xgboost_exit_adapter] [EXIT_MODEL][DEBUG_FEATURE] volume=0.6
[2026-07-10 17:06:23] [INFO] [xgboost_exit_adapter] [EXIT_MODEL][DEBUG_FEATURE] session=1.0
[2026-07-10 17:06:23] [INFO] [xgboost_exit_adapter] [EXIT_MODEL][DEBUG_FEATURE] trend_h1=50.0
[2026-07-10 17:06:23] [INFO] [xgboost_exit_adapter] [EXIT_MODEL][DEBUG_FEATURE] trend_h4=50.0
[2026-07-10 17:06:23] [INFO] [xgboost_exit_model] Loaded Exit Model from F:\files (2)\google\botdd\trading_bot_v3\models\xgboost_exit_model.json
[2026-07-10 17:06:23] [INFO] [xgboost_exit_model] [EXIT_MODEL] XGBoost prediction: probability=97.7%
[2026-07-10 17:06:23] [INFO] [xgboost_exit_adapter] [EXIT_MODEL] symbol=EURUSD prediction_exit_probability=0.9766 decision_signal=97.7%
[2026-07-10 17:06:23] [WARNING] [xgboost_exit_adapter] [EXIT_MODEL][WARN] mae was 0.0 -> computed mae=min(0.0, current_profit) mae=0.0 current_profit=0.0
[2026-07-10 17:06:23] [WARNING] [xgboost_exit_adapter] [EXIT_MODEL][WARN] mfe was 0.0 -> computed mfe=max(0.0, current_profit) mfe=0.0 current_profit=0.0
[2026-07-10 17:06:23] [WARNING] [xgboost_exit_adapter] [EXIT_MODEL][WARN] mfe is 0 for symbol=EURUSD (possible state not updating?)
[2026-07-10 17:06:23] [WARNING] [xgboost_exit_adapter] [EXIT_MODEL][WARN] mae is 0 for symbol=EURUSD (possible state not updating?)
[2026-07-10 17:06:23] [INFO] [xgboost_exit_adapter] [EXIT_MODEL][DEBUG_FEATURE_VECTOR] symbol=EURUSD FEATURE_ORDER_VALUES=
[2026-07-10 17:06:23] [INFO] [xgboost_exit_adapter] [EXIT_MODEL][DEBUG_FEATURE] mfe=0.0
[2026-07-10 17:06:23] [INFO] [xgboost_exit_adapter] [EXIT_MODEL][DEBUG_FEATURE] mae=0.0
[2026-07-10 17:06:23] [INFO] [xgboost_exit_adapter] [EXIT_MODEL][DEBUG_FEATURE] entry_atr=0.002119
[2026-07-10 17:06:23] [INFO] [xgboost_exit_adapter] [EXIT_MODEL][DEBUG_FEATURE] entry_rsi=49.17
[2026-07-10 17:06:23] [INFO] [xgboost_exit_adapter] [EXIT_MODEL][DEBUG_FEATURE] entry_adx=15.143379155303085
[2026-07-10 17:06:23] [INFO] [xgboost_exit_adapter] [EXIT_MODEL][DEBUG_FEATURE] market_regime=0.0
[2026-07-10 17:06:23] [INFO] [xgboost_exit_adapter] [EXIT_MODEL][DEBUG_FEATURE] trade_duration=1.0080361803372702
[2026-07-10 17:06:23] [INFO] [xgboost_exit_adapter] [EXIT_MODEL][DEBUG_FEATURE] spread=15.0
[2026-07-10 17:06:23] [INFO] [xgboost_exit_adapter] [EXIT_MODEL][DEBUG_FEATURE] volume=0.6
[2026-07-10 17:06:23] [INFO] [xgboost_exit_adapter] [EXIT_MODEL][DEBUG_FEATURE] session=1.0
[2026-07-10 17:06:23] [INFO] [xgboost_exit_adapter] [EXIT_MODEL][DEBUG_FEATURE] trend_h1=50.0
[2026-07-10 17:06:23] [INFO] [xgboost_exit_adapter] [EXIT_MODEL][DEBUG_FEATURE] trend_h4=50.0
[2026-07-10 17:06:23] [INFO] [xgboost_exit_model] [EXIT_MODEL] XGBoost prediction: probability=97.7%
[2026-07-10 17:06:23] [INFO] [xgboost_exit_adapter] [EXIT_MODEL] symbol=EURUSD prediction_exit_probability=0.9766 decision_signal=97.7%
[2026-07-10 17:10:34] [DEBUG] [hybrid_market_client] Fetching indicators for EURUSD (QuantDinger only)
[2026-07-10 17:10:35] [INFO] [qd_client] Logged in to QuantDinger
[2026-07-10 17:10:35] [DEBUG] [market_client] Candles EURUSD 4H: 100 bars ✓
[2026-07-10 17:10:35] [DEBUG] [hybrid_market_client] Fetching indicators for EURUSD (QuantDinger only)
[2026-07-10 17:10:35] [DEBUG] [market_client] Using cached candles for EURUSD H4 (age: 0s)
[2026-07-10 17:10:35] [WARNING] [xgboost_exit_adapter] [EXIT_MODEL][WARN] ATR(H4) fetch failed for EURUSD: QuantDinger indicators failed for EURUSD H4: QuantDinger returned empty data for EURUSD - no fallback available -> retrying once...
[2026-07-10 17:10:35] [DEBUG] [hybrid_market_client] Fetching indicators for EURUSD (QuantDinger only)
[2026-07-10 17:10:35] [DEBUG] [market_client] Using cached candles for EURUSD H4 (age: 0s)
[2026-07-10 17:10:35] [DEBUG] [hybrid_market_client] Fetching indicators for EURUSD (QuantDinger only)
[2026-07-10 17:10:35] [DEBUG] [market_client] Using cached candles for EURUSD H4 (age: 1s)
[2026-07-10 17:10:35] [WARNING] [xgboost_exit_adapter] [EXIT_MODEL][WARN] Using DEFAULT ATR(H4) for EURUSD: atr=0.001 (no cache; QuantDinger failed: QuantDinger indicators failed for EURUSD H4: QuantDinger returned empty data for EURUSD - no fallback available)
[2026-07-10 17:10:35] [DEBUG] [hybrid_market_client] Fetching indicators for EURUSD (QuantDinger only)
[2026-07-10 17:10:35] [DEBUG] [market_client] Candles EURUSD 4H: 100 bars ✓
[2026-07-10 17:10:36] [DEBUG] [hybrid_market_client] Fetching indicators for EURUSD (QuantDinger only)
[2026-07-10 17:10:36] [DEBUG] [market_client] Using cached candles for EURUSD H1 (age: 0s)
[2026-07-10 17:10:36] [WARNING] [xgboost_exit_adapter] [EXIT_MODEL][WARN] RSI(H1) fetch failed for EURUSD: QuantDinger indicators failed for EURUSD H1: QuantDinger returned empty data for EURUSD - no fallback available -> retrying once...
[2026-07-10 17:10:36] [DEBUG] [hybrid_market_client] Fetching indicators for EURUSD (QuantDinger only)
[2026-07-10 17:10:36] [DEBUG] [market_client] Using cached candles for EURUSD H1 (age: 0s)
[2026-07-10 17:10:36] [DEBUG] [hybrid_market_client] Fetching indicators for EURUSD (QuantDinger only)
[2026-07-10 17:10:36] [DEBUG] [market_client] Using cached candles for EURUSD H1 (age: 0s)
[2026-07-10 17:10:36] [WARNING] [xgboost_exit_adapter] [EXIT_MODEL][WARN] Using DEFAULT RSI(H1)=50.0 for EURUSD (QuantDinger failed: QuantDinger indicators failed for EURUSD H1: QuantDinger returned empty data for EURUSD - no fallback available)
[2026-07-10 17:10:36] [DEBUG] [market_client] Using cached candles for EURUSD H4 (age: 1s)
[2026-07-10 17:10:36] [WARNING] [xgboost_exit_adapter] [EXIT_MODEL][WARN] mae was 0.0 -> computed mae=min(0.0, current_profit) mae=0.0 current_profit=50.0
[2026-07-10 17:10:36] [WARNING] [xgboost_exit_adapter] [EXIT_MODEL][WARN] mae is 0 for symbol=EURUSD (possible state not updating?)
[2026-07-10 17:10:36] [INFO] [xgboost_exit_adapter] [EXIT_MODEL][DEBUG_FEATURE_VECTOR] symbol=EURUSD FEATURE_ORDER_VALUES=
[2026-07-10 17:10:36] [INFO] [xgboost_exit_adapter] [EXIT_MODEL][DEBUG_FEATURE] mfe=50.0
[2026-07-10 17:10:36] [INFO] [xgboost_exit_adapter] [EXIT_MODEL][DEBUG_FEATURE] mae=0.0
[2026-07-10 17:10:36] [INFO] [xgboost_exit_adapter] [EXIT_MODEL][DEBUG_FEATURE] entry_atr=0.001
[2026-07-10 17:10:36] [INFO] [xgboost_exit_adapter] [EXIT_MODEL][DEBUG_FEATURE] entry_rsi=50.0
[2026-07-10 17:10:36] [INFO] [xgboost_exit_adapter] [EXIT_MODEL][DEBUG_FEATURE] entry_adx=15.143379155303085
[2026-07-10 17:10:36] [INFO] [xgboost_exit_adapter] [EXIT_MODEL][DEBUG_FEATURE] market_regime=0.0
[2026-07-10 17:10:36] [INFO] [xgboost_exit_adapter] [EXIT_MODEL][DEBUG_FEATURE] trade_duration=1.024892274538676
[2026-07-10 17:10:36] [INFO] [xgboost_exit_adapter] [EXIT_MODEL][DEBUG_FEATURE] spread=15.0
[2026-07-10 17:10:36] [INFO] [xgboost_exit_adapter] [EXIT_MODEL][DEBUG_FEATURE] volume=0.6
[2026-07-10 17:10:36] [INFO] [xgboost_exit_adapter] [EXIT_MODEL][DEBUG_FEATURE] session=1.0
[2026-07-10 17:10:36] [INFO] [xgboost_exit_adapter] [EXIT_MODEL][DEBUG_FEATURE] trend_h1=50.0
[2026-07-10 17:10:36] [INFO] [xgboost_exit_adapter] [EXIT_MODEL][DEBUG_FEATURE] trend_h4=50.0
[2026-07-10 17:10:36] [INFO] [xgboost_exit_model] Loaded Exit Model from F:\files (2)\google\botdd\trading_bot_v3\models\xgboost_exit_model.json
[2026-07-10 17:10:36] [INFO] [xgboost_exit_model] [EXIT_MODEL] XGBoost prediction: probability=4.0%
[2026-07-10 17:10:36] [INFO] [xgboost_exit_adapter] [EXIT_MODEL] symbol=EURUSD prediction_exit_probability=0.0399 decision_signal=4.0%
[2026-07-10 17:10:36] [DEBUG] [hybrid_market_client] Fetching indicators for EURUSD (QuantDinger only)
[2026-07-10 17:10:36] [DEBUG] [market_client] Using cached candles for EURUSD H4 (age: 1s)
[2026-07-10 17:10:36] [DEBUG] [hybrid_market_client] Fetching indicators for EURUSD (QuantDinger only)
[2026-07-10 17:10:36] [DEBUG] [market_client] Using cached candles for EURUSD H4 (age: 1s)
[2026-07-10 17:10:36] [WARNING] [xgboost_exit_adapter] [EXIT_MODEL][WARN] ATR(H4) fetch failed for EURUSD: QuantDinger indicators failed for EURUSD H4: QuantDinger returned empty data for EURUSD - no fallback available -> retrying once...
[2026-07-10 17:10:36] [DEBUG] [hybrid_market_client] Fetching indicators for EURUSD (QuantDinger only)
[2026-07-10 17:10:36] [DEBUG] [market_client] Using cached candles for EURUSD H4 (age: 1s)
[2026-07-10 17:10:36] [DEBUG] [hybrid_market_client] Fetching indicators for EURUSD (QuantDinger only)
[2026-07-10 17:10:36] [DEBUG] [market_client] Using cached candles for EURUSD H4 (age: 2s)
[2026-07-10 17:10:36] [WARNING] [xgboost_exit_adapter] [EXIT_MODEL][WARN] Using cached ATR(H4) for EURUSD: atr=0.001 (QuantDinger failed: QuantDinger indicators failed for EURUSD H4: QuantDinger returned empty data for EURUSD - no fallback available)
[2026-07-10 17:10:36] [DEBUG] [hybrid_market_client] Fetching indicators for EURUSD (QuantDinger only)
[2026-07-10 17:10:36] [DEBUG] [market_client] Using cached candles for EURUSD H1 (age: 1s)
[2026-07-10 17:10:37] [DEBUG] [hybrid_market_client] Fetching indicators for EURUSD (QuantDinger only)
[2026-07-10 17:10:37] [DEBUG] [market_client] Using cached candles for EURUSD H1 (age: 1s)
[2026-07-10 17:10:37] [WARNING] [xgboost_exit_adapter] [EXIT_MODEL][WARN] RSI(H1) fetch failed for EURUSD: QuantDinger indicators failed for EURUSD H1: QuantDinger returned empty data for EURUSD - no fallback available -> retrying once...
[2026-07-10 17:10:37] [DEBUG] [hybrid_market_client] Fetching indicators for EURUSD (QuantDinger only)
[2026-07-10 17:10:37] [DEBUG] [market_client] Using cached candles for EURUSD H1 (age: 1s)
[2026-07-10 17:10:37] [DEBUG] [hybrid_market_client] Fetching indicators for EURUSD (QuantDinger only)
[2026-07-10 17:10:37] [DEBUG] [market_client] Using cached candles for EURUSD H1 (age: 1s)
[2026-07-10 17:10:37] [WARNING] [xgboost_exit_adapter] [EXIT_MODEL][WARN] Using DEFAULT RSI(H1)=50.0 for EURUSD (QuantDinger failed: QuantDinger indicators failed for EURUSD H1: QuantDinger returned empty data for EURUSD - no fallback available)
[2026-07-10 17:10:37] [WARNING] [xgboost_exit_adapter] [EXIT_MODEL][WARN] mfe was 0.0 -> computed mfe=max(0.0, current_profit) mfe=0.0 current_profit=-30.0
[2026-07-10 17:10:37] [WARNING] [xgboost_exit_adapter] [EXIT_MODEL][WARN] mfe is 0 for symbol=EURUSD (possible state not updating?)
[2026-07-10 17:10:37] [INFO] [xgboost_exit_adapter] [EXIT_MODEL][DEBUG_FEATURE_VECTOR] symbol=EURUSD FEATURE_ORDER_VALUES=
[2026-07-10 17:10:37] [INFO] [xgboost_exit_adapter] [EXIT_MODEL][DEBUG_FEATURE] mfe=0.0
[2026-07-10 17:10:37] [INFO] [xgboost_exit_adapter] [EXIT_MODEL][DEBUG_FEATURE] mae=-30.0
[2026-07-10 17:10:37] [INFO] [xgboost_exit_adapter] [EXIT_MODEL][DEBUG_FEATURE] entry_atr=0.001
[2026-07-10 17:10:37] [INFO] [xgboost_exit_adapter] [EXIT_MODEL][DEBUG_FEATURE] entry_rsi=50.0
[2026-07-10 17:10:37] [INFO] [xgboost_exit_adapter] [EXIT_MODEL][DEBUG_FEATURE] entry_adx=15.143379155303085
[2026-07-10 17:10:37] [INFO] [xgboost_exit_adapter] [EXIT_MODEL][DEBUG_FEATURE] market_regime=0.0
[2026-07-10 17:10:37] [INFO] [xgboost_exit_adapter] [EXIT_MODEL][DEBUG_FEATURE] trade_duration=1.0135876655578613
[2026-07-10 17:10:37] [INFO] [xgboost_exit_adapter] [EXIT_MODEL][DEBUG_FEATURE] spread=15.0
[2026-07-10 17:10:37] [INFO] [xgboost_exit_adapter] [EXIT_MODEL][DEBUG_FEATURE] volume=0.6
[2026-07-10 17:10:37] [INFO] [xgboost_exit_adapter] [EXIT_MODEL][DEBUG_FEATURE] session=1.0
[2026-07-10 17:10:37] [INFO] [xgboost_exit_adapter] [EXIT_MODEL][DEBUG_FEATURE] trend_h1=50.0
[2026-07-10 17:10:37] [INFO] [xgboost_exit_adapter] [EXIT_MODEL][DEBUG_FEATURE] trend_h4=50.0
[2026-07-10 17:10:37] [INFO] [xgboost_exit_model] [EXIT_MODEL] XGBoost prediction: probability=97.7%
[2026-07-10 17:10:37] [INFO] [xgboost_exit_adapter] [EXIT_MODEL] symbol=EURUSD prediction_exit_probability=0.9766 decision_signal=97.7%
[2026-07-10 17:15:30] [INFO] [main] Trading Bot V3 starting...
[2026-07-10 17:15:30] [INFO] [database] V3 Database initialized with all tables
[2026-07-10 17:15:31] [INFO] [qd_client] Logged in to QuantDinger
[2026-07-10 17:15:31] [INFO] [qd_client] MT5 connected
[2026-07-10 17:15:31] [INFO] [main] MT5 connected
[2026-07-10 17:15:31] [INFO] [main] [STARTUP_SAFETY] Starting startup safety check (run-once)
[2026-07-10 17:15:31] [WARNING] [main] [STARTUP_SAFETY] mt5.positions_get None diagnostic last_error=(1, 'Success')
[2026-07-10 17:15:31] [INFO] [main] [STARTUP_SAFETY] MT5 open positions count=0
[2026-07-10 17:15:31] [INFO] [main] [STARTUP_SAFETY] DB open trades count=0
[2026-07-10 17:15:31] [INFO] [main] [STARTUP_SAFETY] missing_in_db(MT5-only)=0 missing_in_mt5(DB-only)=0
[2026-07-10 17:15:31] [INFO] [main] [STARTUP_SAFETY] Synced open positions count=0
[2026-07-10 17:15:31] [INFO] [main] [STARTUP_SAFETY] Completed startup safety check successfully
[2026-07-10 17:15:31] [INFO] [telegram_bot] Telegram polling started
[2026-07-10 17:15:31] [INFO] [telegram_bot] Telegram bot V3 started
[2026-07-10 17:15:31] [INFO] [mt5_watchdog] MT5 watchdog started (V1 reconnect logic)
[2026-07-10 17:15:31] [INFO] [reconciliation] Reconciliation loop started (every 60s)
[2026-07-10 17:15:31] [INFO] [reconciliation] Reconciliation thread started (safety only)
[2026-07-10 17:15:31] [INFO] [post_entry_manager] PostEntryManager started
[2026-07-10 17:15:31] [INFO] [main] ==================================================
[2026-07-10 17:15:31] [INFO] [main] Cycle 1 at 17:15:31
[2026-07-10 17:15:40] [INFO] [news_fetcher] Fetched 24 relevant news items
[2026-07-10 17:15:40] [INFO] [main] Equity: 74383.97$ | News: 24
[2026-07-10 17:15:40] [DEBUG] [hybrid_market_client] Fetching indicators for EURUSD (QuantDinger only)
[2026-07-10 17:15:40] [DEBUG] [market_client] Candles EURUSD 4H: 100 bars ✓
[2026-07-10 17:15:40] [DEBUG] [hybrid_market_client] ✓ Got live data from QuantDinger for EURUSD
[2026-07-10 17:15:40] [DEBUG] [hybrid_market_client] Fetching indicators for EURUSD (QuantDinger only)
[2026-07-10 17:15:40] [DEBUG] [market_client] Candles EURUSD 4H: 100 bars ✓
[2026-07-10 17:15:40] [DEBUG] [hybrid_market_client] ✓ Got live data from QuantDinger for EURUSD
[2026-07-10 17:15:40] [DEBUG] [hybrid_market_client] Fetching indicators for EURUSD (QuantDinger only)
[2026-07-10 17:15:40] [DEBUG] [market_client] Candles EURUSD 4H: 100 bars ✓
[2026-07-10 17:15:40] [DEBUG] [hybrid_market_client] ✓ Got live data from QuantDinger for EURUSD
[2026-07-10 17:15:40] [INFO] [market_snapshot_builder] [SNAPSHOT_BUILT] symbol=EURUSD tfs=H4,H1,M15
[2026-07-10 17:15:40] [DEBUG] [hybrid_market_client] Fetching indicators for XAUUSD (QuantDinger only)
[2026-07-10 17:15:41] [DEBUG] [market_client] Candles XAUUSD 4H: 100 bars ✓
[2026-07-10 17:15:41] [DEBUG] [hybrid_market_client] ✓ Got live data from QuantDinger for XAUUSD
[2026-07-10 17:15:41] [DEBUG] [hybrid_market_client] Fetching indicators for XAUUSD (QuantDinger only)
[2026-07-10 17:15:41] [DEBUG] [market_client] Candles XAUUSD 4H: 100 bars ✓
[2026-07-10 17:15:41] [DEBUG] [hybrid_market_client] ✓ Got live data from QuantDinger for XAUUSD
[2026-07-10 17:15:41] [DEBUG] [hybrid_market_client] Fetching indicators for XAUUSD (QuantDinger only)
[2026-07-10 17:15:41] [DEBUG] [market_client] Candles XAUUSD 4H: 100 bars ✓
[2026-07-10 17:15:41] [DEBUG] [hybrid_market_client] ✓ Got live data from QuantDinger for XAUUSD
[2026-07-10 17:15:41] [INFO] [market_snapshot_builder] [SNAPSHOT_BUILT] symbol=XAUUSD tfs=H4,H1,M15
[2026-07-10 17:15:41] [DEBUG] [hybrid_market_client] Fetching indicators for GBPUSD (QuantDinger only)
[2026-07-10 17:15:41] [DEBUG] [market_client] Candles GBPUSD 4H: 100 bars ✓
[2026-07-10 17:15:41] [DEBUG] [hybrid_market_client] ✓ Got live data from QuantDinger for GBPUSD
[2026-07-10 17:15:41] [DEBUG] [hybrid_market_client] Fetching indicators for GBPUSD (QuantDinger only)
[2026-07-10 17:15:41] [DEBUG] [market_client] Candles GBPUSD 4H: 100 bars ✓
[2026-07-10 17:15:41] [DEBUG] [hybrid_market_client] ✓ Got live data from QuantDinger for GBPUSD
[2026-07-10 17:15:41] [DEBUG] [hybrid_market_client] Fetching indicators for GBPUSD (QuantDinger only)
[2026-07-10 17:15:41] [DEBUG] [market_client] Candles GBPUSD 4H: 100 bars ✓
[2026-07-10 17:15:41] [DEBUG] [hybrid_market_client] ✓ Got live data from QuantDinger for GBPUSD
[2026-07-10 17:15:41] [INFO] [market_snapshot_builder] [SNAPSHOT_BUILT] symbol=GBPUSD tfs=H4,H1,M15
[2026-07-10 17:15:41] [INFO] [main] --- EURUSD ---
[2026-07-10 17:15:45] [INFO] [deepseek] DEEPSEEK OK: {
  "impact_score": 60,
  "bias": "bearish",
  "confidence": 0.65,
  "reason": "الاتجاه العام هبوطي ...
[2026-07-10 17:15:45] [INFO] [deepseek] AI EURUSD: bias=bearish impact=60.0 conf=0.65
[2026-07-10 17:15:45] [INFO] [signal_engine] [VERIFY] SIGNAL_INPUT bias=bearish score=60.0 confidence=0.65
[2026-07-10 17:15:45] [INFO] [signal_engine] [VERIFY] SIGNAL_RULE rule=confidence>=0.60 actual=0.65 result=True
[2026-07-10 17:15:45] [INFO] [signal_engine] [VERIFY] SIGNAL_RULE rule=score>=55 actual=60.0 result=True
[2026-07-10 17:15:45] [INFO] [signal_engine] [VERIFY] SIGNAL_RULE rule=bias in [bullish,bearish] actual=bearish result=True
[2026-07-10 17:15:45] [INFO] [signal_engine] [VERIFY] SIGNAL_FINAL direction=SELL score=60.0 confidence=0.65 valid=True
[2026-07-10 17:15:45] [DEBUG] [signal_engine] Signal: SELL score=60.0 conf=0.65 strength=متوسط valid=True
[2026-07-10 17:15:45] [INFO] [sentiment] Sentiment EURUSD: neutral score=50 bull=2 bear=2
[2026-07-10 17:15:45] [DEBUG] [mtf] MTF (snapshot) EURUSD: H4=bearish H1=neutral M15=neutral aligned=False (weak)
[2026-07-10 17:15:45] [INFO] [main] [VERIFY][DATA_TRUTH] symbol=EURUSD timeframe=H4/H1/M15 news_fetched=True indicators_fetched=True live_data=True cached=False
[2026-07-10 17:15:45] [INFO] [voting_engine] EURUSD: MTF weakly misaligned, reducing score 10%
[2026-07-10 17:15:45] [DEBUG] [hybrid_market_client] Fetching indicators for EURUSD (QuantDinger only)
[2026-07-10 17:15:45] [DEBUG] [market_client] Candles EURUSD 4H: 100 bars ✓
[2026-07-10 17:15:45] [DEBUG] [hybrid_market_client] ✓ Got live data from QuantDinger for EURUSD
[2026-07-10 17:15:45] [DEBUG] [hybrid_market_client] Fetching indicators for EURUSD (QuantDinger only)
[2026-07-10 17:15:45] [DEBUG] [market_client] Using cached candles for EURUSD 4H (age: 0s)
[2026-07-10 17:15:45] [DEBUG] [hybrid_market_client] ✓ Got live data from QuantDinger for EURUSD
[2026-07-10 17:15:45] [INFO] [sltp] SL/TP EURUSD: entry=1.1425960063934326 atr=0.00212 sl=1.14577 tp=1.1373
[2026-07-10 17:15:45] [INFO] [position_sizing] Position size: 0.5 (equity=74384, risk=0.000, sl_dist=0.00317, score=60, cons_loss=5)
[2026-07-10 17:15:45] [INFO] [xgboost_v2] [VERIFY] XGBOOST MODEL LOADED path=models/xgb_model.json available=True
[2026-07-10 17:15:45] [INFO] [xgboost_v2] XGBoost v2 model loaded successfully
[2026-07-10 17:15:45] [DEBUG] [xgboost_v2] V2 predict: rsi=50.4 atr=0.00212 regime=TRENDING session=new_york dir=SELL -> p_win=0.807
[2026-07-10 17:15:45] [INFO] [xgboost_v2] [VERIFY] XGBOOST PREDICTION p_win=0.807 available=True
[2026-07-10 17:15:45] [INFO] [main] [VERIFY][DECISION_TRUTH] bias=bearish score=59.8 confidence=0.576 vote=SELL risk_passed=True sl_tp_calculated=True position_size=0.5 xgboost_p_win=0.8071579933166504 final_decision_valid=True reject_reason=OK
[2026-07-10 17:15:45] [INFO] [mt5_direct] [MT5_DIRECT] open_trade symbol=EURUSD direction=SELL volume=0.6 sl=1.14577 tp=1.1373
[2026-07-10 17:15:45] [INFO] [mt5_direct] [MT5_DIRECT] terminal_info: TerminalInfo(community_account=True, community_connection=True, connected=True, dlls_allowed=False, trade_allowed=True, tradeapi_disabled=False, email_enabled=False, ftp_enabled=False, notifications_enabled=False, mqid=True, build=5984, maxbars=100000, codepage=0, ping_last=73778, community_balance=0.0, retransmission=0.4472042331385247, company='MetaQuotes Ltd.', name='MetaTrader 5', language='English', path='C:\\Program Files\\MetaTrader 5', data_path='C:\\Users\\ACER\\AppData\\Roaming\\MetaQuotes\\Terminal\\D0E8209F77C8CF37AD8BF550E51FF075', commondata_path='C:\\Users\\ACER\\AppData\\Roaming\\MetaQuotes\\Terminal\\Common')
[2026-07-10 17:15:45] [INFO] [mt5_direct] [MT5_DIRECT] account_info: AccountInfo(login=108132137, trade_mode=0, leverage=100, limit_orders=200, margin_so_mode=0, trade_allowed=True, trade_expert=True, margin_mode=2, currency_digits=2, fifo_close=False, balance=74383.97, credit=0.0, profit=0.0, equity=74383.97, margin=0.0, margin_free=74383.97, margin_level=0.0, margin_so_call=50.0, margin_so_so=30.0, margin_initial=0.0, margin_maintenance=0.0, assets=0.0, liabilities=0.0, commission_blocked=0.0, name='Ali Nabil', server='MetaQuotes-Demo', currency='USD', company='MetaQuotes Ltd.')
[2026-07-10 17:15:45] [DEBUG] [mt5_direct] [MT5_DIRECT] order_send request={'action': 1, 'symbol': 'EURUSD', 'volume': 0.6, 'type': 1, 'price': 1.14218, 'sl': 1.14577, 'tp': 1.1373, 'deviation': 20, 'magic': 0, 'comment': 'Bot V3', 'type_filling': 1}
[2026-07-10 17:15:45] [ERROR] [mt5_direct] [MT5_DIRECT] order_send failed result=OrderSendResult(retcode=10030, deal=0, order=0, volume=0.0, price=0.0, bid=0.0, ask=0.0, comment='Unsupported filling mode', request_id=0, retcode_external=0, request=TradeRequest(action=1, magic=0, order=0, symbol='EURUSD', volume=0.6, price=1.14218, stoplimit=0.0, sl=1.14577, tp=1.1373, deviation=20, type=1, type_filling=1, type_time=0, expiration=0, comment='Bot V3', position=0, position_by=0)) comment=Unsupported filling mode retcode=10030
[2026-07-10 17:15:45] [INFO] [mt5_direct] [MT5_DIRECT] Retry order_send without type_filling
[2026-07-10 17:15:46] [INFO] [post_entry_trade_monitor] [MONITOR_ID_DIAG] ts=1783692946 symbol=EURUSD d_ticket=9517616411 d_position_id=None d_id=None chosen_ticket=9517616411
[2026-07-10 17:15:46] [INFO] [main] [VERIFY][EXECUTION_RESULT] symbol=EURUSD open_trade_result={'status': 'success', 'order_id': '9517616411', 'price': 1.14219, 'symbol': 'EURUSD', 'direction': 'SELL', 'volume': 0.6, 'timestamp': 1783692946.9263625, 'raw_response': {'retcode': 10009, 'deal': 9195901104, 'order': 9517616411, 'volume': 0.6, 'price': 1.14219, 'bid': 0.0, 'ask': 0.0, 'comment': 'Request executed', 'request_id': 152404779, 'retcode_external': 0, 'request': TradeRequest(action=1, magic=0, order=0, symbol='EURUSD', volume=0.6, price=1.14218, stoplimit=0.0, sl=1.14577, tp=1.1373, deviation=20, type=1, type_filling=0, type_time=0, expiration=0, comment='Bot V3', position=0, position_by=0)}}
[2026-07-10 17:15:46] [INFO] [sltp] SL/TP EURUSD: entry=1.14219 atr=0.00212 sl=1.14537 tp=1.13689
[2026-07-10 17:15:46] [INFO] [post_entry_manager] [POST_ENTRY] New position detected ticket=9517616411 symbol=EURUSD
[2026-07-10 17:15:46] [INFO] [post_entry_manager] [POST_ENTRY] Monitoring ticket=9517616411
[2026-07-10 17:15:46] [DEBUG] [market_client] Using cached candles for EURUSD H4 (age: 6s)
[2026-07-10 17:15:46] [INFO] [stop_loss_breach_rule] [SL_CHECK] ticket=9517616411 direction=buy current=1.14219 sl=1.14577 breached=False
[2026-07-10 17:15:46] [INFO] [red_flag_detector] ========== RED FLAG REPORT ==========
[2026-07-10 17:15:46] [INFO] [red_flag_detector] ProfitDecay : NO
[2026-07-10 17:15:46] [INFO] [red_flag_detector] TradeHealth : NO
[2026-07-10 17:15:46] [INFO] [red_flag_detector] ATRSpike : NO
[2026-07-10 17:15:46] [INFO] [red_flag_detector] BadRegime : YES
[2026-07-10 17:15:46] [INFO] [red_flag_detector] FlagCount : 1
[2026-07-10 17:15:46] [INFO] [red_flag_detector] Score : 1.000
[2026-07-10 17:15:46] [INFO] [red_flag_detector] Severity : 1
[2026-07-10 17:15:46] [INFO] [red_flag_detector] ======================================
[2026-07-10 17:15:46] [DEBUG] [hybrid_market_client] Fetching indicators for EURUSD (QuantDinger only)
[2026-07-10 17:15:46] [DEBUG] [market_client] Using cached candles for EURUSD H4 (age: 6s)
[2026-07-10 17:15:46] [DEBUG] [hybrid_market_client] ✓ Got live data from QuantDinger for EURUSD
[2026-07-10 17:15:46] [DEBUG] [hybrid_market_client] Fetching indicators for EURUSD (QuantDinger only)
[2026-07-10 17:15:46] [DEBUG] [market_client] Using cached candles for EURUSD H1 (age: 6s)
[2026-07-10 17:15:46] [DEBUG] [hybrid_market_client] ✓ Got live data from QuantDinger for EURUSD
[2026-07-10 17:15:46] [DEBUG] [market_client] Using cached candles for EURUSD H4 (age: 6s)
[2026-07-10 17:15:46] [WARNING] [xgboost_exit_adapter] [EXIT_MODEL][WARN] spread not available for symbol=EURUSD -> using 15.0 (spread_source=expected_row.spread)
[2026-07-10 17:15:46] [WARNING] [xgboost_exit_adapter] [EXIT_MODEL][WARN] mae was 0.0 -> computed mae=min(0.0, current_profit) mae=0.0 current_profit=0.0
[2026-07-10 17:15:46] [WARNING] [xgboost_exit_adapter] [EXIT_MODEL][WARN] mfe was 0.0 -> computed mfe=max(0.0, current_profit) mfe=0.0 current_profit=0.0
[2026-07-10 17:15:46] [WARNING] [xgboost_exit_adapter] [EXIT_MODEL][WARN] trend_h1 missing for symbol=EURUSD -> using 50.0 (neutral placeholder)
[2026-07-10 17:15:46] [WARNING] [xgboost_exit_adapter] [EXIT_MODEL][WARN] trend_h4 missing for symbol=EURUSD -> using 50.0 (neutral placeholder)
[2026-07-10 17:15:46] [WARNING] [xgboost_exit_adapter] [EXIT_MODEL][WARN] mfe is 0 for symbol=EURUSD (possible state not updating?)
[2026-07-10 17:15:46] [WARNING] [xgboost_exit_adapter] [EXIT_MODEL][WARN] mae is 0 for symbol=EURUSD (possible state not updating?)
[2026-07-10 17:15:46] [INFO] [xgboost_exit_adapter] [EXIT_MODEL][DEBUG_FEATURE_VECTOR] symbol=EURUSD FEATURE_ORDER_VALUES=
[2026-07-10 17:15:46] [INFO] [xgboost_exit_adapter] [EXIT_MODEL][DEBUG_FEATURE] mfe=0.0
[2026-07-10 17:15:46] [INFO] [xgboost_exit_adapter] [EXIT_MODEL][DEBUG_FEATURE] mae=0.0
[2026-07-10 17:15:46] [INFO] [xgboost_exit_adapter] [EXIT_MODEL][DEBUG_FEATURE] entry_atr=0.002119
[2026-07-10 17:15:46] [INFO] [xgboost_exit_adapter] [EXIT_MODEL][DEBUG_FEATURE] entry_rsi=50.43
[2026-07-10 17:15:46] [INFO] [xgboost_exit_adapter] [EXIT_MODEL][DEBUG_FEATURE] entry_adx=15.143379155303085
[2026-07-10 17:15:46] [INFO] [xgboost_exit_adapter] [EXIT_MODEL][DEBUG_FEATURE] market_regime=2.0
[2026-07-10 17:15:46] [INFO] [xgboost_exit_adapter] [EXIT_MODEL][DEBUG_FEATURE] trade_duration=0.0
[2026-07-10 17:15:46] [INFO] [xgboost_exit_adapter] [EXIT_MODEL][DEBUG_FEATURE] spread=15.0
[2026-07-10 17:15:46] [INFO] [xgboost_exit_adapter] [EXIT_MODEL][DEBUG_FEATURE] volume=0.6
[2026-07-10 17:15:46] [INFO] [xgboost_exit_adapter] [EXIT_MODEL][DEBUG_FEATURE] session=3.0
[2026-07-10 17:15:46] [INFO] [xgboost_exit_adapter] [EXIT_MODEL][DEBUG_FEATURE] trend_h1=50.0
[2026-07-10 17:15:46] [INFO] [xgboost_exit_adapter] [EXIT_MODEL][DEBUG_FEATURE] trend_h4=50.0
[2026-07-10 17:15:46] [INFO] [xgboost_exit_model] Loaded Exit Model from F:\files (2)\google\botdd\trading_bot_v3\models\xgboost_exit_model.json
[2026-07-10 17:15:46] [INFO] [xgboost_exit_model] [EXIT_MODEL] XGBoost prediction: probability=97.7%
[2026-07-10 17:15:46] [INFO] [xgboost_exit_adapter] [EXIT_MODEL] symbol=EURUSD prediction_exit_probability=0.9766 decision_signal=97.7%
[2026-07-10 17:15:46] [INFO] [action_executor] [CLOSE_DIAG] ts=1783692946 ticket_int=9517616411 open_position_tickets=[]
[2026-07-10 17:15:47] [INFO] [main] --- XAUUSD ---
[2026-07-10 17:15:48] [WARNING] [action_executor] [MT5] close_position IPC unstable after retries; best-effort reconnect ticket=9517616411
[2026-07-10 17:15:50] [INFO] [action_executor] [MT5] close_position retcode=10009 comment=Request executed ticket=9517616411
[2026-07-10 17:15:50] [INFO] [post_entry_event_logger] [LOGGER_LISTENER] event_type=TradeClosed ticket=9517616411
[2026-07-10 17:15:50] [INFO] [post_entry_database_listener] [DATABASE_LISTENER] event_type=TradeClosed ticket=9517616411
[2026-07-10 17:15:50] [INFO] [post_entry_telegram_listener] [TELEGRAM_LISTENER] event_type=TradeClosed ticket=9517616411
[2026-07-10 17:15:51] [WARNING] [deepseek] DeepSeek truncated by max_tokens, finish_reason=length, content={
  "impact_score": 65,
  "bias": "bearish",
  "confidence": 0.75,
  "reason": "التحليل الفني يشير إلى اتجاه هابط على جميع الأ
[2026-07-10 17:15:51] [WARNING] [deepseek] Retry 1: JSON incomplete/truncated, raw={
  "impact_score": 65,
  "bias": "bearish",
  "confidence": 0.75,
  "reason": "التحليل الفني يشير إلى اتجاه هابط على جميع الأ
[2026-07-10 17:16:00] [INFO] [deepseek] DEEPSEEK OK: {
  "impact_score": 30,
  "bias": "bearish",
  "confidence": 0.65,
  "reason": "الاتجاه هابط على جمي...
[2026-07-10 17:16:00] [INFO] [deepseek] AI XAUUSD: bias=bearish impact=30.0 conf=0.65
[2026-07-10 17:16:00] [INFO] [signal_engine] [VERIFY] SIGNAL_INPUT bias=bearish score=30.0 confidence=0.65
[2026-07-10 17:16:00] [INFO] [signal_engine] [VERIFY] SIGNAL_RULE rule=confidence>=0.60 actual=0.65 result=True
[2026-07-10 17:16:00] [INFO] [signal_engine] [VERIFY] SIGNAL_RULE rule=score>=55 actual=30.0 result=False
[2026-07-10 17:16:00] [INFO] [signal_engine] [VERIFY] SIGNAL_RULE rule=bias in [bullish,bearish] actual=bearish result=True
[2026-07-10 17:16:00] [INFO] [signal_engine] [VERIFY] SIGNAL_FINAL direction=SELL score=30.0 confidence=0.65 valid=False
[2026-07-10 17:16:00] [INFO] [signal_engine] [VERIFY] SIGNAL_FAILURE_REASONS
[2026-07-10 17:16:00] [INFO] [signal_engine] * score below threshold
[2026-07-10 17:16:00] [INFO] [signal_engine] [VERIFY] SIGNAL_FAILURE_LOCATION file=F:\files (2)\google\botdd\trading_bot_v3\decision\signal_engine.py function=generate_signal
[2026-07-10 17:16:00] [DEBUG] [signal_engine] Signal: SELL score=30.0 conf=0.65 strength=ضعيف valid=False
[2026-07-10 17:16:00] [INFO] [sentiment] Sentiment XAUUSD: bearish score=100 bull=0 bear=2
[2026-07-10 17:16:00] [DEBUG] [mtf] MTF (snapshot) XAUUSD: H4=bearish H1=neutral M15=neutral aligned=False (weak)
[2026-07-10 17:16:00] [INFO] [main] [VERIFY][DATA_TRUTH] symbol=XAUUSD timeframe=H4/H1/M15 news_fetched=True indicators_fetched=True live_data=True cached=False
[2026-07-10 17:16:00] [INFO] [voting_engine] XAUUSD: MTF weakly misaligned, reducing score 10%
[2026-07-10 17:16:00] [INFO] [risk_engine] Risk: Score too low (XAUUSD SELL) - Score 39.8 < 45
[2026-07-10 17:16:00] [DEBUG] [hybrid_market_client] Fetching indicators for XAUUSD (QuantDinger only)
[2026-07-10 17:16:00] [DEBUG] [market_client] Candles XAUUSD 4H: 100 bars ✓
[2026-07-10 17:16:00] [DEBUG] [hybrid_market_client] ✓ Got live data from QuantDinger for XAUUSD
[2026-07-10 17:16:00] [DEBUG] [hybrid_market_client] Fetching indicators for XAUUSD (QuantDinger only)
[2026-07-10 17:16:00] [DEBUG] [market_client] Using cached candles for XAUUSD 4H (age: 0s)
[2026-07-10 17:16:00] [DEBUG] [hybrid_market_client] ✓ Got live data from QuantDinger for XAUUSD
[2026-07-10 17:16:00] [INFO] [sltp] SL/TP XAUUSD: entry=4111.39990234375 atr=34.87146 sl=4121.3999 tp=4024.22125
[2026-07-10 17:16:00] [INFO] [position_sizing] Position size: 0.1 (equity=74384, risk=0.000, sl_dist=10.00000, score=40, cons_loss=6)
[2026-07-10 17:16:00] [DEBUG] [xgboost_v2] V2 predict: rsi=45.8 atr=34.87146 regime=TRENDING session=new_york dir=SELL -> p_win=0.885
[2026-07-10 17:16:00] [INFO] [xgboost_v2] [VERIFY] XGBOOST PREDICTION p_win=0.885 available=True
[2026-07-10 17:16:00] [INFO] [main] [VERIFY][DECISION_TRUTH] bias=bearish score=39.8 confidence=0.576 vote=SELL risk_passed=False sl_tp_calculated=True position_size=0.1 xgboost_p_win=0.8845750093460083 final_decision_valid=False reject_reason=Score 39.8 < 45
[2026-07-10 17:16:00] [INFO] [main] --- GBPUSD ---
[2026-07-10 17:16:03] [INFO] [deepseek] DEEPSEEK OK: {
  "impact_score": 70,
  "bias": "bullish",
  "confidence": 0.85,
  "reason": "البيانات التقنية وال...
[2026-07-10 17:16:03] [INFO] [deepseek] AI GBPUSD: bias=bullish impact=70.0 conf=0.85
[2026-07-10 17:16:03] [INFO] [signal_engine] [VERIFY] SIGNAL_INPUT bias=bullish score=70.0 confidence=0.85
[2026-07-10 17:16:03] [INFO] [signal_engine] [VERIFY] SIGNAL_RULE rule=confidence>=0.60 actual=0.85 result=True
[2026-07-10 17:16:03] [INFO] [signal_engine] [VERIFY] SIGNAL_RULE rule=score>=55 actual=70.0 result=True
[2026-07-10 17:16:03] [INFO] [signal_engine] [VERIFY] SIGNAL_RULE rule=bias in [bullish,bearish] actual=bullish result=True
[2026-07-10 17:16:03] [INFO] [signal_engine] [VERIFY] SIGNAL_FINAL direction=BUY score=70.0 confidence=0.85 valid=True
[2026-07-10 17:16:03] [DEBUG] [signal_engine] Signal: BUY score=70.0 conf=0.85 strength=قوي valid=True
[2026-07-10 17:16:03] [INFO] [sentiment] Sentiment GBPUSD: bullish score=100 bull=1 bear=0
[2026-07-10 17:16:03] [DEBUG] [mtf] MTF (snapshot) GBPUSD: H4=bullish H1=bullish M15=bullish aligned=True (strong)
[2026-07-10 17:16:03] [INFO] [main] [VERIFY][DATA_TRUTH] symbol=GBPUSD timeframe=H4/H1/M15 news_fetched=True indicators_fetched=True live_data=True cached=False
[2026-07-10 17:16:03] [INFO] [voting_engine] GBPUSD: MTF strongly aligned, boosting score 10%
[2026-07-10 17:16:03] [DEBUG] [hybrid_market_client] Fetching indicators for GBPUSD (QuantDinger only)
[2026-07-10 17:16:03] [DEBUG] [market_client] Candles GBPUSD 4H: 100 bars ✓
[2026-07-10 17:16:03] [DEBUG] [hybrid_market_client] ✓ Got live data from QuantDinger for GBPUSD
[2026-07-10 17:16:03] [DEBUG] [hybrid_market_client] Fetching indicators for GBPUSD (QuantDinger only)
[2026-07-10 17:16:03] [DEBUG] [market_client] Using cached candles for GBPUSD 4H (age: 0s)
[2026-07-10 17:16:03] [DEBUG] [hybrid_market_client] ✓ Got live data from QuantDinger for GBPUSD
[2026-07-10 17:16:03] [INFO] [sltp] SL/TP GBPUSD: entry=1.3405364751815796 atr=0.00328 sl=1.33562 tp=1.34873
[2026-07-10 17:16:03] [INFO] [position_sizing] Position size: 0.5 (equity=74384, risk=0.001, sl_dist=0.00492, score=100, cons_loss=6)
[2026-07-10 17:16:03] [DEBUG] [xgboost_v2] V2 predict: rsi=57.8 atr=0.00328 regime=TRENDING session=new_york dir=BUY -> p_win=0.141
[2026-07-10 17:16:03] [INFO] [xgboost_v2] [VERIFY] XGBOOST PREDICTION p_win=0.141 available=True
[2026-07-10 17:16:03] [INFO] [main] [VERIFY][DECISION_TRUTH] bias=bullish score=100 confidence=1.0 vote=BUY risk_passed=True sl_tp_calculated=True position_size=0.5 xgboost_p_win=0.14103493094444275 final_decision_valid=False reject_reason=p_win<threshold (p_win=0.141 threshold=0.6)
[2026-07-10 17:16:03] [INFO] [adaptive_weights] EURUSD weights updated: {'ai': 0.239, 'trend': 0.239, 'momentum': 0.239, 'sentiment': 0.239, 'volatility': 0.043} | WR=12.0% PF=3.2
[2026-07-10 17:16:03] [INFO] [adaptive_weights] GBPUSD weights updated: {'ai': 0.239, 'trend': 0.239, 'momentum': 0.239, 'sentiment': 0.239, 'volatility': 0.043} | WR=13.0% PF=8.53
[2026-07-10 17:16:03] [INFO] [adaptive_weights] 🏆 أفضل زوج: EURUSD | WR=12.0% | PnL=152.0$
[2026-07-10 17:16:03] [INFO] [adaptive_weights] ⚠️ أسوأ زوج: XAUUSD | WR=0.0% | PnL=-15.75$
[2026-07-10 17:16:03] [INFO] [main] Sleeping 1800s...
[2026-07-10 17:20:23] [DEBUG] [hybrid_market_client] Fetching indicators for EURUSD (QuantDinger only)
[2026-07-10 17:20:24] [INFO] [qd_client] Logged in to QuantDinger
[2026-07-10 17:20:24] [DEBUG] [market_client] Candles EURUSD 4H: 100 bars ✓
[2026-07-10 17:20:24] [DEBUG] [hybrid_market_client] ✓ Got live data from QuantDinger for EURUSD
[2026-07-10 17:20:24] [DEBUG] [hybrid_market_client] Fetching indicators for EURUSD (QuantDinger only)
[2026-07-10 17:20:24] [DEBUG] [market_client] Candles EURUSD 4H: 100 bars ✓
[2026-07-10 17:20:24] [DEBUG] [hybrid_market_client] ✓ Got live data from QuantDinger for EURUSD
[2026-07-10 17:20:24] [DEBUG] [market_client] Using cached candles for EURUSD H4 (age: 0s)
[2026-07-10 17:20:24] [WARNING] [xgboost_exit_adapter] [EXIT_MODEL][WARN] mae was 0.0 -> computed mae=min(0.0, current_profit) mae=0.0 current_profit=0.0
[2026-07-10 17:20:24] [WARNING] [xgboost_exit_adapter] [EXIT_MODEL][WARN] mfe was 0.0 -> computed mfe=max(0.0, current_profit) mfe=0.0 current_profit=0.0
[2026-07-10 17:20:24] [WARNING] [xgboost_exit_adapter] [EXIT_MODEL][WARN] trend_h1 missing for symbol=EURUSD -> using 50.0 (neutral placeholder)
[2026-07-10 17:20:24] [WARNING] [xgboost_exit_adapter] [EXIT_MODEL][WARN] trend_h4 missing for symbol=EURUSD -> using 50.0 (neutral placeholder)
[2026-07-10 17:20:24] [WARNING] [xgboost_exit_adapter] [EXIT_MODEL][WARN] mfe is 0 for symbol=EURUSD (possible state not updating?)
[2026-07-10 17:20:24] [WARNING] [xgboost_exit_adapter] [EXIT_MODEL][WARN] mae is 0 for symbol=EURUSD (possible state not updating?)
[2026-07-10 17:20:24] [WARNING] [xgboost_exit_adapter] [EXIT_MODEL][WARN] market_regime placeholder_Unknown for symbol=EURUSD -> using safe default 'ranging'
[2026-07-10 17:20:24] [INFO] [xgboost_exit_adapter] [EXIT_MODEL][DEBUG_FEATURE_VECTOR] symbol=EURUSD FEATURE_ORDER_VALUES=
[2026-07-10 17:20:24] [INFO] [xgboost_exit_adapter] [EXIT_MODEL][DEBUG_FEATURE] mfe=0.0
[2026-07-10 17:20:24] [INFO] [xgboost_exit_adapter] [EXIT_MODEL][DEBUG_FEATURE] mae=0.0
[2026-07-10 17:20:24] [INFO] [xgboost_exit_adapter] [EXIT_MODEL][DEBUG_FEATURE] entry_atr=0.002119
[2026-07-10 17:20:24] [INFO] [xgboost_exit_adapter] [EXIT_MODEL][DEBUG_FEATURE] entry_rsi=50.43
[2026-07-10 17:20:24] [INFO] [xgboost_exit_adapter] [EXIT_MODEL][DEBUG_FEATURE] entry_adx=20.0
[2026-07-10 17:20:24] [INFO] [xgboost_exit_adapter] [EXIT_MODEL][DEBUG_FEATURE] market_regime=2.0
[2026-07-10 17:20:24] [INFO] [xgboost_exit_adapter] [EXIT_MODEL][DEBUG_FEATURE] trade_duration=1.0058515906333922
[2026-07-10 17:20:24] [INFO] [xgboost_exit_adapter] [EXIT_MODEL][DEBUG_FEATURE] spread=15.0
[2026-07-10 17:20:24] [INFO] [xgboost_exit_adapter] [EXIT_MODEL][DEBUG_FEATURE] volume=0.6
[2026-07-10 17:20:24] [INFO] [xgboost_exit_adapter] [EXIT_MODEL][DEBUG_FEATURE] session=1.0
[2026-07-10 17:20:24] [INFO] [xgboost_exit_adapter] [EXIT_MODEL][DEBUG_FEATURE] trend_h1=50.0
[2026-07-10 17:20:24] [INFO] [xgboost_exit_adapter] [EXIT_MODEL][DEBUG_FEATURE] trend_h4=50.0
[2026-07-10 17:20:24] [INFO] [xgboost_exit_model] Loaded Exit Model from F:\files (2)\google\botdd\trading_bot_v3\models\xgboost_exit_model.json
[2026-07-10 17:20:24] [INFO] [xgboost_exit_model] [EXIT_MODEL] XGBoost prediction: probability=97.7%
[2026-07-10 17:20:24] [INFO] [xgboost_exit_adapter] [EXIT_MODEL] symbol=EURUSD prediction_exit_probability=0.9766 decision_signal=97.7%
[2026-07-10 17:20:31] [WARNING] [mt5_watchdog] MT5 disconnected! Attempt 1/3
[2026-07-10 17:20:31] [INFO] [qd_client] Logged in to QuantDinger
[2026-07-10 17:20:32] [INFO] [mt5_watchdog] MT5 already connected
[2026-07-10 17:20:32] [INFO] [mt5_watchdog] MT5 reconnected successfully!
[2026-07-10 17:21:20] [DEBUG] [hybrid_market_client] Fetching indicators for EURUSD (QuantDinger only)
[2026-07-10 17:21:20] [INFO] [qd_client] Logged in to QuantDinger
[2026-07-10 17:21:20] [DEBUG] [market_client] Candles EURUSD 4H: 100 bars ✓
[2026-07-10 17:21:20] [DEBUG] [hybrid_market_client] ✓ Got live data from QuantDinger for EURUSD
[2026-07-10 17:21:20] [DEBUG] [hybrid_market_client] Fetching indicators for EURUSD (QuantDinger only)
[2026-07-10 17:21:20] [DEBUG] [market_client] Candles EURUSD 4H: 100 bars ✓
[2026-07-10 17:21:20] [DEBUG] [hybrid_market_client] ✓ Got live data from QuantDinger for EURUSD
[2026-07-10 17:21:20] [DEBUG] [market_client] Using cached candles for EURUSD H4 (age: 0s)
[2026-07-10 17:21:20] [WARNING] [xgboost_exit_adapter] [EXIT_MODEL][WARN] mae was 0.0 -> computed mae=min(0.0, current_profit) mae=0.0 current_profit=0.0
[2026-07-10 17:21:20] [WARNING] [xgboost_exit_adapter] [EXIT_MODEL][WARN] mfe was 0.0 -> computed mfe=max(0.0, current_profit) mfe=0.0 current_profit=0.0
[2026-07-10 17:21:20] [WARNING] [xgboost_exit_adapter] [EXIT_MODEL][WARN] trend_h1 missing for symbol=EURUSD -> using 50.0 (neutral placeholder)
[2026-07-10 17:21:20] [WARNING] [xgboost_exit_adapter] [EXIT_MODEL][WARN] trend_h4 missing for symbol=EURUSD -> using 50.0 (neutral placeholder)
[2026-07-10 17:21:20] [WARNING] [xgboost_exit_adapter] [EXIT_MODEL][WARN] mfe is 0 for symbol=EURUSD (possible state not updating?)
[2026-07-10 17:21:20] [WARNING] [xgboost_exit_adapter] [EXIT_MODEL][WARN] mae is 0 for symbol=EURUSD (possible state not updating?)
[2026-07-10 17:21:20] [WARNING] [xgboost_exit_adapter] [EXIT_MODEL][WARN] market_regime placeholder_Unknown for symbol=EURUSD -> using safe default 'ranging'
[2026-07-10 17:21:20] [INFO] [xgboost_exit_adapter] [EXIT_MODEL][DEBUG_FEATURE_VECTOR] symbol=EURUSD FEATURE_ORDER_VALUES=
[2026-07-10 17:21:20] [INFO] [xgboost_exit_adapter] [EXIT_MODEL][DEBUG_FEATURE] mfe=0.0
[2026-07-10 17:21:20] [INFO] [xgboost_exit_adapter] [EXIT_MODEL][DEBUG_FEATURE] mae=0.0
[2026-07-10 17:21:20] [INFO] [xgboost_exit_adapter] [EXIT_MODEL][DEBUG_FEATURE] entry_atr=0.002119
[2026-07-10 17:21:20] [INFO] [xgboost_exit_adapter] [EXIT_MODEL][DEBUG_FEATURE] entry_rsi=50.43
[2026-07-10 17:21:20] [INFO] [xgboost_exit_adapter] [EXIT_MODEL][DEBUG_FEATURE] entry_adx=20.0
[2026-07-10 17:21:20] [INFO] [xgboost_exit_adapter] [EXIT_MODEL][DEBUG_FEATURE] market_regime=2.0
[2026-07-10 17:21:20] [INFO] [xgboost_exit_adapter] [EXIT_MODEL][DEBUG_FEATURE] trade_duration=1.0105219205220541
[2026-07-10 17:21:20] [INFO] [xgboost_exit_adapter] [EXIT_MODEL][DEBUG_FEATURE] spread=15.0
[2026-07-10 17:21:20] [INFO] [xgboost_exit_adapter] [EXIT_MODEL][DEBUG_FEATURE] volume=0.6
[2026-07-10 17:21:20] [INFO] [xgboost_exit_adapter] [EXIT_MODEL][DEBUG_FEATURE] session=1.0
[2026-07-10 17:21:20] [INFO] [xgboost_exit_adapter] [EXIT_MODEL][DEBUG_FEATURE] trend_h1=50.0
[2026-07-10 17:21:20] [INFO] [xgboost_exit_adapter] [EXIT_MODEL][DEBUG_FEATURE] trend_h4=50.0
[2026-07-10 17:21:21] [INFO] [xgboost_exit_model] Loaded Exit Model from F:\files (2)\google\botdd\trading_bot_v3\models\xgboost_exit_model.json
[2026-07-10 17:21:21] [INFO] [xgboost_exit_model] [EXIT_MODEL] XGBoost prediction: probability=97.7%
[2026-07-10 17:21:21] [WARNING] [xgboost_exit_adapter] [EXIT_MODEL][GUARD] Early-window override: time_open_minutes=1.01 < 3.0 current_profit=0.0 exit_prob=0.9766 -> forcing exit_prob=0.0
[2026-07-10 17:21:21] [INFO] [xgboost_exit_adapter] [EXIT_MODEL] symbol=EURUSD prediction_exit_probability=0.0000 decision_signal=0.0%
[2026-07-10 17:22:08] [DEBUG] [hybrid_market_client] Fetching indicators for EURUSD (QuantDinger only)
[2026-07-10 17:22:08] [INFO] [qd_client] Logged in to QuantDinger
[2026-07-10 17:22:08] [DEBUG] [market_client] Candles EURUSD 4H: 100 bars ✓
[2026-07-10 17:22:08] [DEBUG] [hybrid_market_client] ✓ Got live data from QuantDinger for EURUSD
[2026-07-10 17:22:08] [DEBUG] [hybrid_market_client] Fetching indicators for EURUSD (QuantDinger only)
[2026-07-10 17:22:08] [DEBUG] [market_client] Candles EURUSD 4H: 100 bars ✓
[2026-07-10 17:22:08] [DEBUG] [hybrid_market_client] ✓ Got live data from QuantDinger for EURUSD
[2026-07-10 17:22:08] [DEBUG] [market_client] Using cached candles for EURUSD H4 (age: 0s)
[2026-07-10 17:22:08] [WARNING] [xgboost_exit_adapter] [EXIT_MODEL][WARN] mae was 0.0 -> computed mae=min(0.0, current_profit) mae=0.0 current_profit=50.0
[2026-07-10 17:22:08] [WARNING] [xgboost_exit_adapter] [EXIT_MODEL][WARN] mae is 0 for symbol=EURUSD (possible state not updating?)
[2026-07-10 17:22:08] [INFO] [xgboost_exit_adapter] [EXIT_MODEL][DEBUG_FEATURE_VECTOR] symbol=EURUSD FEATURE_ORDER_VALUES=
[2026-07-10 17:22:08] [INFO] [xgboost_exit_adapter] [EXIT_MODEL][DEBUG_FEATURE] mfe=50.0
[2026-07-10 17:22:08] [INFO] [xgboost_exit_adapter] [EXIT_MODEL][DEBUG_FEATURE] mae=0.0
[2026-07-10 17:22:08] [INFO] [xgboost_exit_adapter] [EXIT_MODEL][DEBUG_FEATURE] entry_atr=0.002119
[2026-07-10 17:22:08] [INFO] [xgboost_exit_adapter] [EXIT_MODEL][DEBUG_FEATURE] entry_rsi=50.43
[2026-07-10 17:22:08] [INFO] [xgboost_exit_adapter] [EXIT_MODEL][DEBUG_FEATURE] entry_adx=15.143379155303085
[2026-07-10 17:22:08] [INFO] [xgboost_exit_adapter] [EXIT_MODEL][DEBUG_FEATURE] market_regime=0.0
[2026-07-10 17:22:08] [INFO] [xgboost_exit_adapter] [EXIT_MODEL][DEBUG_FEATURE] trade_duration=1.005324113368988
[2026-07-10 17:22:08] [INFO] [xgboost_exit_adapter] [EXIT_MODEL][DEBUG_FEATURE] spread=15.0
[2026-07-10 17:22:08] [INFO] [xgboost_exit_adapter] [EXIT_MODEL][DEBUG_FEATURE] volume=0.6
[2026-07-10 17:22:08] [INFO] [xgboost_exit_adapter] [EXIT_MODEL][DEBUG_FEATURE] session=1.0
[2026-07-10 17:22:08] [INFO] [xgboost_exit_adapter] [EXIT_MODEL][DEBUG_FEATURE] trend_h1=50.0
[2026-07-10 17:22:08] [INFO] [xgboost_exit_adapter] [EXIT_MODEL][DEBUG_FEATURE] trend_h4=50.0
[2026-07-10 17:22:08] [INFO] [xgboost_exit_model] Loaded Exit Model from F:\files (2)\google\botdd\trading_bot_v3\models\xgboost_exit_model.json
[2026-07-10 17:22:08] [INFO] [xgboost_exit_model] [EXIT_MODEL] XGBoost prediction: probability=4.0%
[2026-07-10 17:22:08] [INFO] [xgboost_exit_adapter] [EXIT_MODEL][GUARD] Early-window: time_open_minutes=1.01 < 3.0 keeping model exit_prob=0.0399
[2026-07-10 17:22:08] [INFO] [xgboost_exit_adapter] [EXIT_MODEL] symbol=EURUSD prediction_exit_probability=0.0399 decision_signal=4.0%
[2026-07-10 17:22:08] [WARNING] [xgboost_exit_adapter] [EXIT_MODEL][WARN] mfe was 0.0 -> computed mfe=max(0.0, current_profit) mfe=0.0 current_profit=-30.0
[2026-07-10 17:22:08] [WARNING] [xgboost_exit_adapter] [EXIT_MODEL][WARN] mfe is 0 for symbol=EURUSD (possible state not updating?)
[2026-07-10 17:22:08] [INFO] [xgboost_exit_adapter] [EXIT_MODEL][DEBUG_FEATURE_VECTOR] symbol=EURUSD FEATURE_ORDER_VALUES=
[2026-07-10 17:22:08] [INFO] [xgboost_exit_adapter] [EXIT_MODEL][DEBUG_FEATURE] mfe=0.0
[2026-07-10 17:22:08] [INFO] [xgboost_exit_adapter] [EXIT_MODEL][DEBUG_FEATURE] mae=-30.0
[2026-07-10 17:22:08] [INFO] [xgboost_exit_adapter] [EXIT_MODEL][DEBUG_FEATURE] entry_atr=0.002119
[2026-07-10 17:22:08] [INFO] [xgboost_exit_adapter] [EXIT_MODEL][DEBUG_FEATURE] entry_rsi=50.43
[2026-07-10 17:22:08] [INFO] [xgboost_exit_adapter] [EXIT_MODEL][DEBUG_FEATURE] entry_adx=15.143379155303085
[2026-07-10 17:22:08] [INFO] [xgboost_exit_adapter] [EXIT_MODEL][DEBUG_FEATURE] market_regime=0.0
[2026-07-10 17:22:08] [INFO] [xgboost_exit_adapter] [EXIT_MODEL][DEBUG_FEATURE] trade_duration=1.000001080830892
[2026-07-10 17:22:08] [INFO] [xgboost_exit_adapter] [EXIT_MODEL][DEBUG_FEATURE] spread=15.0
[2026-07-10 17:22:08] [INFO] [xgboost_exit_adapter] [EXIT_MODEL][DEBUG_FEATURE] volume=0.6
[2026-07-10 17:22:08] [INFO] [xgboost_exit_adapter] [EXIT_MODEL][DEBUG_FEATURE] session=1.0
[2026-07-10 17:22:08] [INFO] [xgboost_exit_adapter] [EXIT_MODEL][DEBUG_FEATURE] trend_h1=50.0
[2026-07-10 17:22:08] [INFO] [xgboost_exit_adapter] [EXIT_MODEL][DEBUG_FEATURE] trend_h4=50.0
[2026-07-10 17:22:08] [INFO] [xgboost_exit_model] [EXIT_MODEL] XGBoost prediction: probability=97.7%
[2026-07-10 17:22:08] [INFO] [xgboost_exit_adapter] [EXIT_MODEL][GUARD] Early-window: time_open_minutes=1.00 < 3.0 keeping model exit_prob=0.9766
[2026-07-10 17:22:08] [INFO] [xgboost_exit_adapter] [EXIT_MODEL] symbol=EURUSD prediction_exit_probability=0.9766 decision_signal=97.7%
[2026-07-10 17:22:32] [WARNING] [mt5_watchdog] MT5 disconnected! Attempt 1/3
[2026-07-10 17:22:33] [INFO] [qd_client] Logged in to QuantDinger
[2026-07-10 17:22:33] [INFO] [mt5_watchdog] MT5 already connected
[2026-07-10 17:22:33] [INFO] [mt5_watchdog] MT5 reconnected successfully!
[2026-07-10 17:24:35] [INFO] [main] Trading Bot V3 starting...
[2026-07-10 17:24:35] [INFO] [database] V3 Database initialized with all tables
[2026-07-10 17:24:35] [INFO] [qd_client] Logged in to QuantDinger
[2026-07-10 17:24:35] [INFO] [qd_client] MT5 connected
[2026-07-10 17:24:35] [INFO] [main] MT5 connected
[2026-07-10 17:24:35] [INFO] [main] [STARTUP_SAFETY] Starting startup safety check (run-once)
[2026-07-10 17:24:35] [WARNING] [main] [STARTUP_SAFETY] mt5.positions_get None diagnostic last_error=(1, 'Success')
[2026-07-10 17:24:35] [INFO] [main] [STARTUP_SAFETY] MT5 open positions count=0
[2026-07-10 17:24:35] [INFO] [main] [STARTUP_SAFETY] DB open trades count=0
[2026-07-10 17:24:35] [INFO] [main] [STARTUP_SAFETY] missing_in_db(MT5-only)=0 missing_in_mt5(DB-only)=0
[2026-07-10 17:24:35] [INFO] [main] [STARTUP_SAFETY] Synced open positions count=0
[2026-07-10 17:24:35] [INFO] [main] [STARTUP_SAFETY] Completed startup safety check successfully
[2026-07-10 17:24:35] [INFO] [telegram_bot] Telegram polling started
[2026-07-10 17:24:35] [INFO] [telegram_bot] Telegram bot V3 started
[2026-07-10 17:24:35] [INFO] [mt5_watchdog] MT5 watchdog started (V1 reconnect logic)
[2026-07-10 17:24:35] [INFO] [reconciliation] Reconciliation loop started (every 60s)
[2026-07-10 17:24:35] [INFO] [reconciliation] Reconciliation thread started (safety only)
[2026-07-10 17:24:35] [INFO] [post_entry_manager] PostEntryManager started
[2026-07-10 17:24:36] [INFO] [main] ==================================================
[2026-07-10 17:24:36] [INFO] [main] Cycle 1 at 17:24:36
[2026-07-10 17:24:44] [INFO] [news_fetcher] Fetched 23 relevant news items
[2026-07-10 17:24:44] [INFO] [main] Equity: 74385.17$ | News: 23
[2026-07-10 17:24:44] [DEBUG] [hybrid_market_client] Fetching indicators for EURUSD (QuantDinger only)
[2026-07-10 17:24:44] [DEBUG] [market_client] Candles EURUSD 4H: 100 bars ✓
[2026-07-10 17:24:44] [DEBUG] [hybrid_market_client] ✓ Got live data from QuantDinger for EURUSD
[2026-07-10 17:24:44] [DEBUG] [hybrid_market_client] Fetching indicators for EURUSD (QuantDinger only)
[2026-07-10 17:24:44] [DEBUG] [market_client] Candles EURUSD 4H: 100 bars ✓
[2026-07-10 17:24:44] [DEBUG] [hybrid_market_client] ✓ Got live data from QuantDinger for EURUSD
[2026-07-10 17:24:44] [DEBUG] [hybrid_market_client] Fetching indicators for EURUSD (QuantDinger only)
[2026-07-10 17:24:44] [DEBUG] [market_client] Candles EURUSD 4H: 100 bars ✓
[2026-07-10 17:24:44] [DEBUG] [hybrid_market_client] ✓ Got live data from QuantDinger for EURUSD
[2026-07-10 17:24:44] [INFO] [market_snapshot_builder] [SNAPSHOT_BUILT] symbol=EURUSD tfs=H4,H1,M15
[2026-07-10 17:24:44] [DEBUG] [hybrid_market_client] Fetching indicators for XAUUSD (QuantDinger only)
[2026-07-10 17:24:44] [DEBUG] [market_client] Candles XAUUSD 4H: 100 bars ✓
[2026-07-10 17:24:44] [DEBUG] [hybrid_market_client] ✓ Got live data from QuantDinger for XAUUSD
[2026-07-10 17:24:44] [DEBUG] [hybrid_market_client] Fetching indicators for XAUUSD (QuantDinger only)
[2026-07-10 17:24:44] [DEBUG] [market_client] Candles XAUUSD 4H: 100 bars ✓
[2026-07-10 17:24:44] [DEBUG] [hybrid_market_client] ✓ Got live data from QuantDinger for XAUUSD
[2026-07-10 17:24:44] [DEBUG] [hybrid_market_client] Fetching indicators for XAUUSD (QuantDinger only)
[2026-07-10 17:24:44] [DEBUG] [market_client] Candles XAUUSD 4H: 100 bars ✓
[2026-07-10 17:24:44] [DEBUG] [hybrid_market_client] ✓ Got live data from QuantDinger for XAUUSD
[2026-07-10 17:24:44] [INFO] [market_snapshot_builder] [SNAPSHOT_BUILT] symbol=XAUUSD tfs=H4,H1,M15
[2026-07-10 17:24:44] [DEBUG] [hybrid_market_client] Fetching indicators for GBPUSD (QuantDinger only)
[2026-07-10 17:24:44] [DEBUG] [market_client] Candles GBPUSD 4H: 100 bars ✓
[2026-07-10 17:24:44] [DEBUG] [hybrid_market_client] ✓ Got live data from QuantDinger for GBPUSD
[2026-07-10 17:24:44] [DEBUG] [hybrid_market_client] Fetching indicators for GBPUSD (QuantDinger only)
[2026-07-10 17:24:44] [DEBUG] [market_client] Candles GBPUSD 4H: 100 bars ✓
[2026-07-10 17:24:44] [DEBUG] [hybrid_market_client] ✓ Got live data from QuantDinger for GBPUSD
[2026-07-10 17:24:44] [DEBUG] [hybrid_market_client] Fetching indicators for GBPUSD (QuantDinger only)
[2026-07-10 17:24:44] [DEBUG] [market_client] Candles GBPUSD 4H: 100 bars ✓
[2026-07-10 17:24:44] [DEBUG] [hybrid_market_client] ✓ Got live data from QuantDinger for GBPUSD
[2026-07-10 17:24:44] [INFO] [market_snapshot_builder] [SNAPSHOT_BUILT] symbol=GBPUSD tfs=H4,H1,M15
[2026-07-10 17:24:44] [INFO] [main] --- EURUSD ---
[2026-07-10 17:24:47] [INFO] [deepseek] DEEPSEEK OK: {
  "impact_score": 65,
  "bias": "bearish",
  "confidence": 0.7,
  "reason": "الاتجاه الهادف على جم...
[2026-07-10 17:24:47] [INFO] [deepseek] AI EURUSD: bias=bearish impact=65.0 conf=0.70
[2026-07-10 17:24:47] [INFO] [signal_engine] [VERIFY] SIGNAL_INPUT bias=bearish score=65.0 confidence=0.7
[2026-07-10 17:24:47] [INFO] [signal_engine] [VERIFY] SIGNAL_RULE rule=confidence>=0.60 actual=0.7 result=True
[2026-07-10 17:24:47] [INFO] [signal_engine] [VERIFY] SIGNAL_RULE rule=score>=55 actual=65.0 result=True
[2026-07-10 17:24:47] [INFO] [signal_engine] [VERIFY] SIGNAL_RULE rule=bias in [bullish,bearish] actual=bearish result=True
[2026-07-10 17:24:47] [INFO] [signal_engine] [VERIFY] SIGNAL_FINAL direction=SELL score=65.0 confidence=0.7 valid=True
[2026-07-10 17:24:47] [DEBUG] [signal_engine] Signal: SELL score=65.0 conf=0.70 strength=متوسط valid=True
[2026-07-10 17:24:47] [INFO] [sentiment] Sentiment EURUSD: bullish score=83 bull=2 bear=1
[2026-07-10 17:24:47] [DEBUG] [mtf] MTF (snapshot) EURUSD: H4=bearish H1=neutral M15=neutral aligned=False (weak)
[2026-07-10 17:24:47] [INFO] [main] [VERIFY][DATA_TRUTH] symbol=EURUSD timeframe=H4/H1/M15 news_fetched=True indicators_fetched=True live_data=True cached=False
[2026-07-10 17:24:47] [INFO] [voting_engine] EURUSD: MTF weakly misaligned, reducing score 10%
[2026-07-10 17:24:47] [DEBUG] [hybrid_market_client] Fetching indicators for EURUSD (QuantDinger only)
[2026-07-10 17:24:47] [DEBUG] [market_client] Candles EURUSD 4H: 100 bars ✓
[2026-07-10 17:24:47] [DEBUG] [hybrid_market_client] ✓ Got live data from QuantDinger for EURUSD
[2026-07-10 17:24:47] [DEBUG] [hybrid_market_client] Fetching indicators for EURUSD (QuantDinger only)
[2026-07-10 17:24:47] [DEBUG] [market_client] Using cached candles for EURUSD 4H (age: 0s)
[2026-07-10 17:24:47] [DEBUG] [hybrid_market_client] ✓ Got live data from QuantDinger for EURUSD
[2026-07-10 17:24:47] [INFO] [sltp] SL/TP EURUSD: entry=1.1425960063934326 atr=0.00212 sl=1.14577 tp=1.1373
[2026-07-10 17:24:47] [INFO] [position_sizing] Position size: 0.5 (equity=74385, risk=0.000, sl_dist=0.00317, score=48, cons_loss=6)
[2026-07-10 17:24:47] [INFO] [xgboost_v2] [VERIFY] XGBOOST MODEL LOADED path=models/xgb_model.json available=True
[2026-07-10 17:24:47] [INFO] [xgboost_v2] XGBoost v2 model loaded successfully
[2026-07-10 17:24:47] [DEBUG] [xgboost_v2] V2 predict: rsi=50.4 atr=0.00212 regime=TRENDING session=new_york dir=SELL -> p_win=0.807
[2026-07-10 17:24:47] [INFO] [xgboost_v2] [VERIFY] XGBOOST PREDICTION p_win=0.807 available=True
[2026-07-10 17:24:47] [INFO] [main] [VERIFY][DECISION_TRUTH] bias=bearish score=48.4 confidence=0.62 vote=SELL risk_passed=True sl_tp_calculated=True position_size=0.5 xgboost_p_win=0.8071579933166504 final_decision_valid=True reject_reason=OK
[2026-07-10 17:24:47] [INFO] [mt5_direct] [MT5_DIRECT] open_trade symbol=EURUSD direction=SELL volume=0.6 sl=1.14577 tp=1.1373
[2026-07-10 17:24:47] [INFO] [mt5_direct] [MT5_DIRECT] terminal_info: TerminalInfo(community_account=True, community_connection=True, connected=True, dlls_allowed=False, trade_allowed=True, tradeapi_disabled=False, email_enabled=False, ftp_enabled=False, notifications_enabled=False, mqid=True, build=5984, maxbars=100000, codepage=0, ping_last=73778, community_balance=0.0, retransmission=0.012141447867658217, company='MetaQuotes Ltd.', name='MetaTrader 5', language='English', path='C:\\Program Files\\MetaTrader 5', data_path='C:\\Users\\ACER\\AppData\\Roaming\\MetaQuotes\\Terminal\\D0E8209F77C8CF37AD8BF550E51FF075', commondata_path='C:\\Users\\ACER\\AppData\\Roaming\\MetaQuotes\\Terminal\\Common')
[2026-07-10 17:24:47] [INFO] [mt5_direct] [MT5_DIRECT] account_info: AccountInfo(login=108132137, trade_mode=0, leverage=100, limit_orders=200, margin_so_mode=0, trade_allowed=True, trade_expert=True, margin_mode=2, currency_digits=2, fifo_close=False, balance=74385.17, credit=0.0, profit=0.0, equity=74385.17, margin=0.0, margin_free=74385.17, margin_level=0.0, margin_so_call=50.0, margin_so_so=30.0, margin_initial=0.0, margin_maintenance=0.0, assets=0.0, liabilities=0.0, commission_blocked=0.0, name='Ali Nabil', server='MetaQuotes-Demo', currency='USD', company='MetaQuotes Ltd.')
[2026-07-10 17:24:47] [DEBUG] [mt5_direct] [MT5_DIRECT] order_send request={'action': 1, 'symbol': 'EURUSD', 'volume': 0.6, 'type': 1, 'price': 1.14246, 'sl': 1.14577, 'tp': 1.1373, 'deviation': 20, 'magic': 0, 'comment': 'Bot V3', 'type_filling': 1}
[2026-07-10 17:24:47] [ERROR] [mt5_direct] [MT5_DIRECT] order_send failed result=OrderSendResult(retcode=10030, deal=0, order=0, volume=0.0, price=0.0, bid=0.0, ask=0.0, comment='Unsupported filling mode', request_id=0, retcode_external=0, request=TradeRequest(action=1, magic=0, order=0, symbol='EURUSD', volume=0.6, price=1.14246, stoplimit=0.0, sl=1.14577, tp=1.1373, deviation=20, type=1, type_filling=1, type_time=0, expiration=0, comment='Bot V3', position=0, position_by=0)) comment=Unsupported filling mode retcode=10030
[2026-07-10 17:24:47] [INFO] [mt5_direct] [MT5_DIRECT] Retry order_send without type_filling
[2026-07-10 17:24:49] [INFO] [main] [VERIFY][EXECUTION_RESULT] symbol=EURUSD open_trade_result={'status': 'success', 'order_id': '9517810747', 'price': 1.14246, 'symbol': 'EURUSD', 'direction': 'SELL', 'volume': 0.6, 'timestamp': 1783693489.0606122, 'raw_response': {'retcode': 10009, 'deal': 9196115107, 'order': 9517810747, 'volume': 0.6, 'price': 1.14246, 'bid': 0.0, 'ask': 0.0, 'comment': 'Request executed', 'request_id': 152404781, 'retcode_external': 0, 'request': TradeRequest(action=1, magic=0, order=0, symbol='EURUSD', volume=0.6, price=1.14246, stoplimit=0.0, sl=1.14577, tp=1.1373, deviation=20, type=1, type_filling=0, type_time=0, expiration=0, comment='Bot V3', position=0, position_by=0)}}
[2026-07-10 17:24:49] [INFO] [sltp] SL/TP EURUSD: entry=1.14246 atr=0.00212 sl=1.14564 tp=1.13716
[2026-07-10 17:24:49] [INFO] [main] --- XAUUSD ---
[2026-07-10 17:24:50] [INFO] [post_entry_trade_monitor] [MONITOR_ID_DIAG] ts=1783693490 symbol=EURUSD d_ticket=9517810747 d_position_id=None d_id=None chosen_ticket=9517810747
[2026-07-10 17:24:50] [INFO] [post_entry_manager] [POST_ENTRY] New position detected ticket=9517810747 symbol=EURUSD
[2026-07-10 17:24:50] [INFO] [post_entry_manager] [POST_ENTRY] Monitoring ticket=9517810747
[2026-07-10 17:24:50] [DEBUG] [market_client] Using cached candles for EURUSD H4 (age: 6s)
[2026-07-10 17:24:50] [INFO] [stop_loss_breach_rule] [SL_CHECK] ticket=9517810747 direction=buy current=1.14246 sl=1.14577 breached=False
[2026-07-10 17:24:50] [INFO] [red_flag_detector] ========== RED FLAG REPORT ==========
[2026-07-10 17:24:50] [INFO] [red_flag_detector] ProfitDecay : NO
[2026-07-10 17:24:50] [INFO] [red_flag_detector] TradeHealth : NO
[2026-07-10 17:24:50] [INFO] [red_flag_detector] ATRSpike : NO
[2026-07-10 17:24:50] [INFO] [red_flag_detector] BadRegime : YES
[2026-07-10 17:24:50] [INFO] [red_flag_detector] FlagCount : 1
[2026-07-10 17:24:50] [INFO] [red_flag_detector] Score : 1.000
[2026-07-10 17:24:50] [INFO] [red_flag_detector] Severity : 1
[2026-07-10 17:24:50] [INFO] [red_flag_detector] ======================================
[2026-07-10 17:24:50] [DEBUG] [hybrid_market_client] Fetching indicators for EURUSD (QuantDinger only)
[2026-07-10 17:24:50] [DEBUG] [market_client] Using cached candles for EURUSD H4 (age: 6s)
[2026-07-10 17:24:50] [DEBUG] [hybrid_market_client] ✓ Got live data from QuantDinger for EURUSD
[2026-07-10 17:24:50] [DEBUG] [hybrid_market_client] Fetching indicators for EURUSD (QuantDinger only)
[2026-07-10 17:24:50] [DEBUG] [market_client] Using cached candles for EURUSD H1 (age: 6s)
[2026-07-10 17:24:50] [DEBUG] [hybrid_market_client] ✓ Got live data from QuantDinger for EURUSD
[2026-07-10 17:24:50] [DEBUG] [market_client] Using cached candles for EURUSD H4 (age: 6s)
[2026-07-10 17:24:50] [WARNING] [xgboost_exit_adapter] [EXIT_MODEL][WARN] spread not available for symbol=EURUSD -> using 15.0 (spread_source=expected_row.spread)
[2026-07-10 17:24:50] [WARNING] [xgboost_exit_adapter] [EXIT_MODEL][WARN] mae was 0.0 -> computed mae=min(0.0, current_profit) mae=0.0 current_profit=0.0
[2026-07-10 17:24:50] [WARNING] [xgboost_exit_adapter] [EXIT_MODEL][WARN] mfe was 0.0 -> computed mfe=max(0.0, current_profit) mfe=0.0 current_profit=0.0
[2026-07-10 17:24:50] [WARNING] [xgboost_exit_adapter] [EXIT_MODEL][WARN] trend_h1 missing for symbol=EURUSD -> using 50.0 (neutral placeholder)
[2026-07-10 17:24:50] [WARNING] [xgboost_exit_adapter] [EXIT_MODEL][WARN] trend_h4 missing for symbol=EURUSD -> using 50.0 (neutral placeholder)
[2026-07-10 17:24:50] [WARNING] [xgboost_exit_adapter] [EXIT_MODEL][WARN] mfe is 0 for symbol=EURUSD (possible state not updating?)
[2026-07-10 17:24:50] [WARNING] [xgboost_exit_adapter] [EXIT_MODEL][WARN] mae is 0 for symbol=EURUSD (possible state not updating?)
[2026-07-10 17:24:50] [INFO] [xgboost_exit_adapter] [EXIT_MODEL][DEBUG_FEATURE_VECTOR] symbol=EURUSD FEATURE_ORDER_VALUES=
[2026-07-10 17:24:50] [INFO] [xgboost_exit_adapter] [EXIT_MODEL][DEBUG_FEATURE] mfe=0.0
[2026-07-10 17:24:50] [INFO] [xgboost_exit_adapter] [EXIT_MODEL][DEBUG_FEATURE] mae=0.0
[2026-07-10 17:24:50] [INFO] [xgboost_exit_adapter] [EXIT_MODEL][DEBUG_FEATURE] entry_atr=0.002119
[2026-07-10 17:24:50] [INFO] [xgboost_exit_adapter] [EXIT_MODEL][DEBUG_FEATURE] entry_rsi=50.43
[2026-07-10 17:24:50] [INFO] [xgboost_exit_adapter] [EXIT_MODEL][DEBUG_FEATURE] entry_adx=15.143379155303085
[2026-07-10 17:24:50] [INFO] [xgboost_exit_adapter] [EXIT_MODEL][DEBUG_FEATURE] market_regime=2.0
[2026-07-10 17:24:50] [INFO] [xgboost_exit_adapter] [EXIT_MODEL][DEBUG_FEATURE] trade_duration=0.0
[2026-07-10 17:24:50] [INFO] [xgboost_exit_adapter] [EXIT_MODEL][DEBUG_FEATURE] spread=15.0
[2026-07-10 17:24:50] [INFO] [xgboost_exit_adapter] [EXIT_MODEL][DEBUG_FEATURE] volume=0.6
[2026-07-10 17:24:50] [INFO] [xgboost_exit_adapter] [EXIT_MODEL][DEBUG_FEATURE] session=3.0
[2026-07-10 17:24:50] [INFO] [xgboost_exit_adapter] [EXIT_MODEL][DEBUG_FEATURE] trend_h1=50.0
[2026-07-10 17:24:50] [INFO] [xgboost_exit_adapter] [EXIT_MODEL][DEBUG_FEATURE] trend_h4=50.0
[2026-07-10 17:24:50] [INFO] [xgboost_exit_model] Loaded Exit Model from F:\files (2)\google\botdd\trading_bot_v3\models\xgboost_exit_model.json
[2026-07-10 17:24:50] [INFO] [xgboost_exit_model] [EXIT_MODEL] XGBoost prediction: probability=97.7%
[2026-07-10 17:24:50] [WARNING] [xgboost_exit_adapter] [EXIT_MODEL][GUARD] Early-window override: time_open_minutes=0.00 < 3.0 current_profit=0.0 exit_prob=0.9766 -> forcing exit_prob=0.0
[2026-07-10 17:24:50] [INFO] [xgboost_exit_adapter] [EXIT_MODEL] symbol=EURUSD prediction_exit_probability=0.0000 decision_signal=0.0%
[2026-07-10 17:24:50] [INFO] [action_executor] [CLOSE_DIAG] ts=1783693490 ticket_int=9517810747 open_position_tickets=[]
[2026-07-10 17:24:52] [WARNING] [action_executor] [MT5] close_position IPC unstable after retries; best-effort reconnect ticket=9517810747
[2026-07-10 17:24:53] [INFO] [action_executor] [MT5] close_position retcode=10009 comment=Request executed ticket=9517810747
[2026-07-10 17:24:53] [INFO] [post_entry_event_logger] [LOGGER_LISTENER] event_type=TradeClosed ticket=9517810747
[2026-07-10 17:24:53] [INFO] [post_entry_database_listener] [DATABASE_LISTENER] event_type=TradeClosed ticket=9517810747
[2026-07-10 17:24:53] [INFO] [post_entry_telegram_listener] [TELEGRAM_LISTENER] event_type=TradeClosed ticket=9517810747
[2026-07-10 17:24:53] [WARNING] [deepseek] DeepSeek empty response: finish_reason=length, raw={"id":"8ec1b8ed-c7bd-4cc1-b832-3ad705b813cf","object":"chat.completion","created":1783693490,"model":"deepseek-v4-flash","choices":[{"index":0,"message":{"role":"assistant","content":"","reasoning_content":"We need to analyze the given data. Market context: XAUUSD at 4108.60, RSI 45.22 (slightly bea
[2026-07-10 17:24:58] [INFO] [deepseek] DEEPSEEK OK: {"impact_score": 65, "bias": "bearish", "confidence": 0.85, "reason": "الاتجاه هابط على جميع الأطر ا...
[2026-07-10 17:24:58] [INFO] [deepseek] AI XAUUSD: bias=bearish impact=65.0 conf=0.85
[2026-07-10 17:24:58] [INFO] [signal_engine] [VERIFY] SIGNAL_INPUT bias=bearish score=65.0 confidence=0.85
[2026-07-10 17:24:58] [INFO] [signal_engine] [VERIFY] SIGNAL_RULE rule=confidence>=0.60 actual=0.85 result=True
[2026-07-10 17:24:58] [INFO] [signal_engine] [VERIFY] SIGNAL_RULE rule=score>=55 actual=65.0 result=True
[2026-07-10 17:24:58] [INFO] [signal_engine] [VERIFY] SIGNAL_RULE rule=bias in [bullish,bearish] actual=bearish result=True
[2026-07-10 17:24:58] [INFO] [signal_engine] [VERIFY] SIGNAL_FINAL direction=SELL score=65.0 confidence=0.85 valid=True
[2026-07-10 17:24:58] [DEBUG] [signal_engine] Signal: SELL score=65.0 conf=0.85 strength=متوسط valid=True
[2026-07-10 17:24:58] [INFO] [sentiment] Sentiment XAUUSD: bearish score=100 bull=0 bear=2
[2026-07-10 17:24:58] [DEBUG] [mtf] MTF (snapshot) XAUUSD: H4=bearish H1=neutral M15=neutral aligned=False (weak)
[2026-07-10 17:24:58] [INFO] [main] [VERIFY][DATA_TRUTH] symbol=XAUUSD timeframe=H4/H1/M15 news_fetched=True indicators_fetched=True live_data=True cached=False
[2026-07-10 17:24:58] [INFO] [voting_engine] XAUUSD: MTF weakly misaligned, reducing score 10%
[2026-07-10 17:24:58] [DEBUG] [hybrid_market_client] Fetching indicators for XAUUSD (QuantDinger only)
[2026-07-10 17:24:58] [DEBUG] [market_client] Candles XAUUSD 4H: 100 bars ✓
[2026-07-10 17:24:58] [DEBUG] [hybrid_market_client] ✓ Got live data from QuantDinger for XAUUSD
[2026-07-10 17:24:58] [DEBUG] [hybrid_market_client] Fetching indicators for XAUUSD (QuantDinger only)
[2026-07-10 17:24:58] [DEBUG] [market_client] Using cached candles for XAUUSD 4H (age: 0s)
[2026-07-10 17:24:58] [DEBUG] [hybrid_market_client] ✓ Got live data from QuantDinger for XAUUSD
[2026-07-10 17:24:58] [INFO] [sltp] SL/TP XAUUSD: entry=4108.60009765625 atr=34.87146 sl=4118.6001 tp=4021.42145
[2026-07-10 17:24:58] [INFO] [position_sizing] Position size: 0.1 (equity=74385, risk=0.000, sl_dist=10.00000, score=52, cons_loss=7)
[2026-07-10 17:24:58] [DEBUG] [xgboost_v2] V2 predict: rsi=45.2 atr=34.87146 regime=TRENDING session=new_york dir=SELL -> p_win=0.885
[2026-07-10 17:24:58] [INFO] [xgboost_v2] [VERIFY] XGBOOST PREDICTION p_win=0.885 available=True
[2026-07-10 17:24:58] [INFO] [main] [VERIFY][DECISION_TRUTH] bias=bearish score=51.7 confidence=0.753 vote=SELL risk_passed=True sl_tp_calculated=True position_size=0.1 xgboost_p_win=0.8845750093460083 final_decision_valid=True reject_reason=OK
[2026-07-10 17:24:58] [INFO] [mt5_direct] [MT5_DIRECT] open_trade symbol=XAUUSD direction=SELL volume=0.15 sl=4118.6001 tp=4021.42145
[2026-07-10 17:24:58] [INFO] [mt5_direct] [MT5_DIRECT] terminal_info: TerminalInfo(community_account=True, community_connection=True, connected=True, dlls_allowed=False, trade_allowed=True, tradeapi_disabled=False, email_enabled=False, ftp_enabled=False, notifications_enabled=False, mqid=True, build=5984, maxbars=100000, codepage=0, ping_last=73778, community_balance=0.0, retransmission=0.012141447867658217, company='MetaQuotes Ltd.', name='MetaTrader 5', language='English', path='C:\\Program Files\\MetaTrader 5', data_path='C:\\Users\\ACER\\AppData\\Roaming\\MetaQuotes\\Terminal\\D0E8209F77C8CF37AD8BF550E51FF075', commondata_path='C:\\Users\\ACER\\AppData\\Roaming\\MetaQuotes\\Terminal\\Common')
[2026-07-10 17:24:58] [INFO] [mt5_direct] [MT5_DIRECT] account_info: AccountInfo(login=108132137, trade_mode=0, leverage=100, limit_orders=200, margin_so_mode=0, trade_allowed=True, trade_expert=True, margin_mode=2, currency_digits=2, fifo_close=False, balance=74385.77, credit=0.0, profit=0.0, equity=74385.77, margin=0.0, margin_free=74385.77, margin_level=0.0, margin_so_call=50.0, margin_so_so=30.0, margin_initial=0.0, margin_maintenance=0.0, assets=0.0, liabilities=0.0, commission_blocked=0.0, name='Ali Nabil', server='MetaQuotes-Demo', currency='USD', company='MetaQuotes Ltd.')
[2026-07-10 17:24:58] [DEBUG] [mt5_direct] [MT5_DIRECT] order_send request={'action': 1, 'symbol': 'XAUUSD', 'volume': 0.15, 'type': 1, 'price': 4102.91, 'sl': 4118.6001, 'tp': 4021.42145, 'deviation': 20, 'magic': 0, 'comment': 'Bot V3', 'type_filling': 3}
[2026-07-10 17:24:58] [ERROR] [mt5_direct] [MT5_DIRECT] order_send failed result=OrderSendResult(retcode=10030, deal=0, order=0, volume=0.0, price=0.0, bid=0.0, ask=0.0, comment='Unsupported filling mode', request_id=0, retcode_external=0, request=TradeRequest(action=1, magic=0, order=0, symbol='XAUUSD', volume=0.15, price=4102.91, stoplimit=0.0, sl=4118.6001, tp=4021.42145, deviation=20, type=1, type_filling=3, type_time=0, expiration=0, comment='Bot V3', position=0, position_by=0)) comment=Unsupported filling mode retcode=10030
[2026-07-10 17:24:58] [INFO] [mt5_direct] [MT5_DIRECT] Retry order_send without type_filling
[2026-07-10 17:24:59] [INFO] [main] [VERIFY][EXECUTION_RESULT] symbol=XAUUSD open_trade_result={'status': 'success', 'order_id': '9517814757', 'price': 4102.74, 'symbol': 'XAUUSD', 'direction': 'SELL', 'volume': 0.15, 'timestamp': 1783693499.7186487, 'raw_response': {'retcode': 10009, 'deal': 9196119274, 'order': 9517814757, 'volume': 0.15, 'price': 4102.74, 'bid': 0.0, 'ask': 0.0, 'comment': 'Request executed', 'request_id': 152404783, 'retcode_external': 0, 'request': TradeRequest(action=1, magic=0, order=0, symbol='XAUUSD', volume=0.15, price=4102.91, stoplimit=0.0, sl=4118.6001, tp=4021.42145, deviation=20, type=1, type_filling=0, type_time=0, expiration=0, comment='Bot V3', position=0, position_by=0)}}
[2026-07-10 17:24:59] [INFO] [sltp] SL/TP XAUUSD: entry=4102.74 atr=34.87146 sl=4112.74 tp=4015.56135
[2026-07-10 17:25:00] [INFO] [main] --- GBPUSD ---
[2026-07-10 17:25:03] [INFO] [deepseek] DEEPSEEK OK: {
  "impact_score": 75,
  "bias": "bullish",
  "confidence": 0.85,
  "reason": "الاتجاه القوي صاعد و...
[2026-07-10 17:25:03] [INFO] [deepseek] AI GBPUSD: bias=bullish impact=75.0 conf=0.85
[2026-07-10 17:25:03] [INFO] [signal_engine] [VERIFY] SIGNAL_INPUT bias=bullish score=75.0 confidence=0.85
[2026-07-10 17:25:03] [INFO] [signal_engine] [VERIFY] SIGNAL_RULE rule=confidence>=0.60 actual=0.85 result=True
[2026-07-10 17:25:03] [INFO] [signal_engine] [VERIFY] SIGNAL_RULE rule=score>=55 actual=75.0 result=True
[2026-07-10 17:25:03] [INFO] [signal_engine] [VERIFY] SIGNAL_RULE rule=bias in [bullish,bearish] actual=bullish result=True
[2026-07-10 17:25:03] [INFO] [signal_engine] [VERIFY] SIGNAL_FINAL direction=BUY score=75.0 confidence=0.85 valid=True
[2026-07-10 17:25:03] [DEBUG] [signal_engine] Signal: BUY score=75.0 conf=0.85 strength=قوي valid=True
[2026-07-10 17:25:03] [INFO] [sentiment] Sentiment GBPUSD: bullish score=100 bull=1 bear=0
[2026-07-10 17:25:03] [DEBUG] [mtf] MTF (snapshot) GBPUSD: H4=bullish H1=bullish M15=bullish aligned=True (strong)
[2026-07-10 17:25:03] [INFO] [main] [VERIFY][DATA_TRUTH] symbol=GBPUSD timeframe=H4/H1/M15 news_fetched=True indicators_fetched=True live_data=True cached=False
[2026-07-10 17:25:03] [INFO] [voting_engine] GBPUSD: MTF strongly aligned, boosting score 10%
[2026-07-10 17:25:03] [DEBUG] [hybrid_market_client] Fetching indicators for GBPUSD (QuantDinger only)
[2026-07-10 17:25:03] [DEBUG] [market_client] Candles GBPUSD 4H: 100 bars ✓
[2026-07-10 17:25:03] [DEBUG] [hybrid_market_client] ✓ Got live data from QuantDinger for GBPUSD
[2026-07-10 17:25:03] [DEBUG] [hybrid_market_client] Fetching indicators for GBPUSD (QuantDinger only)
[2026-07-10 17:25:03] [DEBUG] [market_client] Using cached candles for GBPUSD 4H (age: 0s)
[2026-07-10 17:25:03] [DEBUG] [hybrid_market_client] ✓ Got live data from QuantDinger for GBPUSD
[2026-07-10 17:25:03] [INFO] [sltp] SL/TP GBPUSD: entry=1.3410218954086304 atr=0.00328 sl=1.33611 tp=1.34921
[2026-07-10 17:25:03] [INFO] [position_sizing] Position size: 0.5 (equity=74385, risk=0.001, sl_dist=0.00491, score=100, cons_loss=7)
[2026-07-10 17:25:03] [DEBUG] [xgboost_v2] V2 predict: rsi=58.9 atr=0.00328 regime=TRENDING session=new_york dir=BUY -> p_win=0.143
[2026-07-10 17:25:03] [INFO] [xgboost_v2] [VERIFY] XGBOOST PREDICTION p_win=0.143 available=True
[2026-07-10 17:25:03] [INFO] [main] [VERIFY][DECISION_TRUTH] bias=bullish score=100 confidence=1.0 vote=BUY risk_passed=True sl_tp_calculated=True position_size=0.5 xgboost_p_win=0.1432020217180252 final_decision_valid=False reject_reason=p_win<threshold (p_win=0.143 threshold=0.6)
[2026-07-10 17:25:03] [INFO] [adaptive_weights] EURUSD weights updated: {'ai': 0.239, 'trend': 0.239, 'momentum': 0.239, 'sentiment': 0.239, 'volatility': 0.043} | WR=12.0% PF=3.2
[2026-07-10 17:25:03] [INFO] [adaptive_weights] GBPUSD weights updated: {'ai': 0.239, 'trend': 0.239, 'momentum': 0.239, 'sentiment': 0.239, 'volatility': 0.043} | WR=13.0% PF=8.53
[2026-07-10 17:25:03] [INFO] [adaptive_weights] 🏆 أفضل زوج: EURUSD | WR=12.0% | PnL=152.0$
[2026-07-10 17:25:03] [INFO] [adaptive_weights] ⚠️ أسوأ زوج: XAUUSD | WR=0.0% | PnL=-15.75$
[2026-07-10 17:25:03] [INFO] [main] Sleeping 1800s...
[2026-07-10 17:25:03] [INFO] [post_entry_trade_monitor] [MONITOR_ID_DIAG] ts=1783693503 symbol=XAUUSD d_ticket=9517814757 d_position_id=None d_id=None chosen_ticket=9517814757
[2026-07-10 17:25:03] [INFO] [post_entry_manager] [POST_ENTRY] New position detected ticket=9517814757 symbol=XAUUSD
[2026-07-10 17:25:03] [INFO] [post_entry_manager] [POST_ENTRY] Monitoring ticket=9517814757
[2026-07-10 17:25:03] [DEBUG] [market_client] Using cached candles for XAUUSD H4 (age: 19s)
[2026-07-10 17:25:03] [INFO] [stop_loss_breach_rule] [SL_CHECK] ticket=9517814757 direction=buy current=4102.81 sl=4118.6 breached=False
[2026-07-10 17:25:03] [INFO] [red_flag_detector] ========== RED FLAG REPORT ==========
[2026-07-10 17:25:03] [INFO] [red_flag_detector] ProfitDecay : NO
[2026-07-10 17:25:03] [INFO] [red_flag_detector] TradeHealth : NO
[2026-07-10 17:25:03] [INFO] [red_flag_detector] ATRSpike : NO
[2026-07-10 17:25:03] [INFO] [red_flag_detector] BadRegime : YES
[2026-07-10 17:25:03] [INFO] [red_flag_detector] FlagCount : 1
[2026-07-10 17:25:03] [INFO] [red_flag_detector] Score : 1.000
[2026-07-10 17:25:03] [INFO] [red_flag_detector] Severity : 1
[2026-07-10 17:25:03] [INFO] [red_flag_detector] ======================================
[2026-07-10 17:25:03] [DEBUG] [hybrid_market_client] Fetching indicators for XAUUSD (QuantDinger only)
[2026-07-10 17:25:03] [DEBUG] [market_client] Using cached candles for XAUUSD H4 (age: 19s)
[2026-07-10 17:25:03] [DEBUG] [hybrid_market_client] ✓ Got live data from QuantDinger for XAUUSD
[2026-07-10 17:25:03] [DEBUG] [hybrid_market_client] Fetching indicators for XAUUSD (QuantDinger only)
[2026-07-10 17:25:03] [DEBUG] [market_client] Using cached candles for XAUUSD H1 (age: 19s)
[2026-07-10 17:25:03] [DEBUG] [hybrid_market_client] ✓ Got live data from QuantDinger for XAUUSD
[2026-07-10 17:25:03] [DEBUG] [market_client] Using cached candles for XAUUSD H4 (age: 19s)
[2026-07-10 17:25:03] [WARNING] [xgboost_exit_adapter] [EXIT_MODEL][WARN] spread not available for symbol=XAUUSD -> using 15.0 (spread_source=expected_row.spread)
[2026-07-10 17:25:03] [WARNING] [xgboost_exit_adapter] [EXIT_MODEL][WARN] mfe was 0.0 -> computed mfe=max(0.0, current_profit) mfe=0.0 current_profit=-1.05
[2026-07-10 17:25:03] [WARNING] [xgboost_exit_adapter] [EXIT_MODEL][WARN] trend_h1 missing for symbol=XAUUSD -> using 50.0 (neutral placeholder)
[2026-07-10 17:25:03] [WARNING] [xgboost_exit_adapter] [EXIT_MODEL][WARN] trend_h4 missing for symbol=XAUUSD -> using 50.0 (neutral placeholder)
[2026-07-10 17:25:03] [WARNING] [xgboost_exit_adapter] [EXIT_MODEL][WARN] mfe is 0 for symbol=XAUUSD (possible state not updating?)
[2026-07-10 17:25:03] [INFO] [xgboost_exit_adapter] [EXIT_MODEL][DEBUG_FEATURE_VECTOR] symbol=XAUUSD FEATURE_ORDER_VALUES=
[2026-07-10 17:25:03] [INFO] [xgboost_exit_adapter] [EXIT_MODEL][DEBUG_FEATURE] mfe=0.0
[2026-07-10 17:25:03] [INFO] [xgboost_exit_adapter] [EXIT_MODEL][DEBUG_FEATURE] mae=-1.05
[2026-07-10 17:25:03] [INFO] [xgboost_exit_adapter] [EXIT_MODEL][DEBUG_FEATURE] entry_atr=34.87146
[2026-07-10 17:25:03] [INFO] [xgboost_exit_adapter] [EXIT_MODEL][DEBUG_FEATURE] entry_rsi=45.22
[2026-07-10 17:25:03] [INFO] [xgboost_exit_adapter] [EXIT_MODEL][DEBUG_FEATURE] entry_adx=17.249947237867506
[2026-07-10 17:25:03] [INFO] [xgboost_exit_adapter] [EXIT_MODEL][DEBUG_FEATURE] market_regime=2.0
[2026-07-10 17:25:03] [INFO] [xgboost_exit_adapter] [EXIT_MODEL][DEBUG_FEATURE] trade_duration=0.0
[2026-07-10 17:25:03] [INFO] [xgboost_exit_adapter] [EXIT_MODEL][DEBUG_FEATURE] spread=15.0
[2026-07-10 17:25:03] [INFO] [xgboost_exit_adapter] [EXIT_MODEL][DEBUG_FEATURE] volume=0.15
[2026-07-10 17:25:03] [INFO] [xgboost_exit_adapter] [EXIT_MODEL][DEBUG_FEATURE] session=3.0
[2026-07-10 17:25:03] [INFO] [xgboost_exit_adapter] [EXIT_MODEL][DEBUG_FEATURE] trend_h1=50.0
[2026-07-10 17:25:03] [INFO] [xgboost_exit_adapter] [EXIT_MODEL][DEBUG_FEATURE] trend_h4=50.0
[2026-07-10 17:25:03] [INFO] [xgboost_exit_model] [EXIT_MODEL] XGBoost prediction: probability=97.7%
[2026-07-10 17:25:03] [INFO] [xgboost_exit_adapter] [EXIT_MODEL][GUARD] Early-window: time_open_minutes=0.00 < 3.0 keeping model exit_prob=0.9766
[2026-07-10 17:25:03] [INFO] [xgboost_exit_adapter] [EXIT_MODEL] symbol=XAUUSD prediction_exit_probability=0.9766 decision_signal=97.7%
[2026-07-10 17:25:03] [INFO] [action_executor] [CLOSE_DIAG] ts=1783693503 ticket_int=9517814757 open_position_tickets=[]
[2026-07-10 17:25:05] [WARNING] [action_executor] [MT5] close_position IPC unstable after retries; best-effort reconnect ticket=9517814757
[2026-07-10 17:25:08] [INFO] [action_executor] [MT5] close_position retcode=10009 comment=Request executed ticket=9517814757
[2026-07-10 17:25:08] [INFO] [post_entry_event_logger] [LOGGER_LISTENER] event_type=TradeClosed ticket=9517814757
[2026-07-10 17:25:08] [INFO] [post_entry_database_listener] [DATABASE_LISTENER] event_type=TradeClosed ticket=9517814757
[2026-07-10 17:25:08] [INFO] [post_entry_telegram_listener] [TELEGRAM_LISTENER] event_type=TradeClosed ticket=9517814757
[2026-07-10 17:30:12] [DEBUG] [hybrid_market_client] Fetching indicators for EURUSD (QuantDinger only)
[2026-07-10 17:30:12] [INFO] [qd_client] Logged in to QuantDinger
[2026-07-10 17:30:12] [DEBUG] [market_client] Candles EURUSD 4H: 100 bars ✓
[2026-07-10 17:30:12] [DEBUG] [hybrid_market_client] ✓ Got live data from QuantDinger for EURUSD
[2026-07-10 17:30:12] [DEBUG] [hybrid_market_client] Fetching indicators for EURUSD (QuantDinger only)
[2026-07-10 17:30:12] [DEBUG] [market_client] Candles EURUSD 4H: 100 bars ✓
[2026-07-10 17:30:12] [DEBUG] [hybrid_market_client] ✓ Got live data from QuantDinger for EURUSD
[2026-07-10 17:30:12] [DEBUG] [market_client] Using cached candles for EURUSD H4 (age: 0s)
[2026-07-10 17:30:12] [WARNING] [xgboost_exit_adapter] [EXIT_MODEL][WARN] mae was 0.0 -> computed mae=min(0.0, current_profit) mae=0.0 current_profit=0.0
[2026-07-10 17:30:12] [WARNING] [xgboost_exit_adapter] [EXIT_MODEL][WARN] mfe was 0.0 -> computed mfe=max(0.0, current_profit) mfe=0.0 current_profit=0.0
[2026-07-10 17:30:12] [WARNING] [xgboost_exit_adapter] [EXIT_MODEL][WARN] trend_h1 missing for symbol=EURUSD -> using 50.0 (neutral placeholder)
[2026-07-10 17:30:12] [WARNING] [xgboost_exit_adapter] [EXIT_MODEL][WARN] trend_h4 missing for symbol=EURUSD -> using 50.0 (neutral placeholder)
[2026-07-10 17:30:12] [WARNING] [xgboost_exit_adapter] [EXIT_MODEL][WARN] mfe is 0 for symbol=EURUSD (possible state not updating?)
[2026-07-10 17:30:12] [WARNING] [xgboost_exit_adapter] [EXIT_MODEL][WARN] mae is 0 for symbol=EURUSD (possible state not updating?)
[2026-07-10 17:30:12] [WARNING] [xgboost_exit_adapter] [EXIT_MODEL][WARN] market_regime placeholder_Unknown for symbol=EURUSD -> using safe default 'ranging'
[2026-07-10 17:30:12] [INFO] [xgboost_exit_adapter] [EXIT_MODEL][DEBUG_FEATURE_VECTOR] symbol=EURUSD FEATURE_ORDER_VALUES=
[2026-07-10 17:30:12] [INFO] [xgboost_exit_adapter] [EXIT_MODEL][DEBUG_FEATURE] mfe=0.0
[2026-07-10 17:30:12] [INFO] [xgboost_exit_adapter] [EXIT_MODEL][DEBUG_FEATURE] mae=0.0
[2026-07-10 17:30:12] [INFO] [xgboost_exit_adapter] [EXIT_MODEL][DEBUG_FEATURE] entry_atr=0.002119
[2026-07-10 17:30:12] [INFO] [xgboost_exit_adapter] [EXIT_MODEL][DEBUG_FEATURE] entry_rsi=51.3
[2026-07-10 17:30:12] [INFO] [xgboost_exit_adapter] [EXIT_MODEL][DEBUG_FEATURE] entry_adx=20.0
[2026-07-10 17:30:12] [INFO] [xgboost_exit_adapter] [EXIT_MODEL][DEBUG_FEATURE] market_regime=2.0
[2026-07-10 17:30:12] [INFO] [xgboost_exit_adapter] [EXIT_MODEL][DEBUG_FEATURE] trade_duration=1.010974109172821
[2026-07-10 17:30:12] [INFO] [xgboost_exit_adapter] [EXIT_MODEL][DEBUG_FEATURE] spread=15.0
[2026-07-10 17:30:12] [INFO] [xgboost_exit_adapter] [EXIT_MODEL][DEBUG_FEATURE] volume=0.6
[2026-07-10 17:30:12] [INFO] [xgboost_exit_adapter] [EXIT_MODEL][DEBUG_FEATURE] session=1.0
[2026-07-10 17:30:12] [INFO] [xgboost_exit_adapter] [EXIT_MODEL][DEBUG_FEATURE] trend_h1=50.0
[2026-07-10 17:30:12] [INFO] [xgboost_exit_adapter] [EXIT_MODEL][DEBUG_FEATURE] trend_h4=50.0
[2026-07-10 17:30:13] [INFO] [xgboost_exit_model] Loaded Exit Model from F:\files (2)\google\botdd\trading_bot_v3\models\xgboost_exit_model.json
[2026-07-10 17:30:13] [INFO] [xgboost_exit_model] [EXIT_MODEL] XGBoost prediction: probability=97.7%
[2026-07-10 17:30:13] [WARNING] [xgboost_exit_adapter] [EXIT_MODEL][GUARD] Early-window override: time_open_minutes=1.01 < 3.0 current_profit=0.0 exit_prob=0.9766 -> forcing exit_prob=0.0
[2026-07-10 17:30:13] [INFO] [xgboost_exit_adapter] [EXIT_MODEL] symbol=EURUSD prediction_exit_probability=0.0000 decision_signal=0.0%
[2026-07-10 17:30:34] [DEBUG] [hybrid_market_client] Fetching indicators for EURUSD (QuantDinger only)
[2026-07-10 17:30:34] [INFO] [qd_client] Logged in to QuantDinger
[2026-07-10 17:30:34] [DEBUG] [market_client] Candles EURUSD 4H: 100 bars ✓
[2026-07-10 17:30:34] [DEBUG] [hybrid_market_client] ✓ Got live data from QuantDinger for EURUSD
[2026-07-10 17:30:34] [DEBUG] [hybrid_market_client] Fetching indicators for EURUSD (QuantDinger only)
[2026-07-10 17:30:34] [DEBUG] [market_client] Candles EURUSD 4H: 100 bars ✓
[2026-07-10 17:30:34] [DEBUG] [hybrid_market_client] ✓ Got live data from QuantDinger for EURUSD
[2026-07-10 17:30:34] [DEBUG] [market_client] Using cached candles for EURUSD H4 (age: 0s)
[2026-07-10 17:30:34] [WARNING] [xgboost_exit_adapter] [EXIT_MODEL][WARN] mae was 0.0 -> computed mae=min(0.0, current_profit) mae=0.0 current_profit=50.0
[2026-07-10 17:30:34] [WARNING] [xgboost_exit_adapter] [EXIT_MODEL][WARN] mae is 0 for symbol=EURUSD (possible state not updating?)
[2026-07-10 17:30:34] [INFO] [xgboost_exit_adapter] [EXIT_MODEL][DEBUG_FEATURE_VECTOR] symbol=EURUSD FEATURE_ORDER_VALUES=
[2026-07-10 17:30:34] [INFO] [xgboost_exit_adapter] [EXIT_MODEL][DEBUG_FEATURE] mfe=50.0
[2026-07-10 17:30:34] [INFO] [xgboost_exit_adapter] [EXIT_MODEL][DEBUG_FEATURE] mae=0.0
[2026-07-10 17:30:34] [INFO] [xgboost_exit_adapter] [EXIT_MODEL][DEBUG_FEATURE] entry_atr=0.002119
[2026-07-10 17:30:34] [INFO] [xgboost_exit_adapter] [EXIT_MODEL][DEBUG_FEATURE] entry_rsi=51.3
[2026-07-10 17:30:34] [INFO] [xgboost_exit_adapter] [EXIT_MODEL][DEBUG_FEATURE] entry_adx=15.143379155303085
[2026-07-10 17:30:34] [INFO] [xgboost_exit_adapter] [EXIT_MODEL][DEBUG_FEATURE] market_regime=0.0
[2026-07-10 17:30:34] [INFO] [xgboost_exit_adapter] [EXIT_MODEL][DEBUG_FEATURE] trade_duration=1.0059817790985108
[2026-07-10 17:30:34] [INFO] [xgboost_exit_adapter] [EXIT_MODEL][DEBUG_FEATURE] spread=15.0
[2026-07-10 17:30:34] [INFO] [xgboost_exit_adapter] [EXIT_MODEL][DEBUG_FEATURE] volume=0.6
[2026-07-10 17:30:34] [INFO] [xgboost_exit_adapter] [EXIT_MODEL][DEBUG_FEATURE] session=1.0
[2026-07-10 17:30:34] [INFO] [xgboost_exit_adapter] [EXIT_MODEL][DEBUG_FEATURE] trend_h1=50.0
[2026-07-10 17:30:34] [INFO] [xgboost_exit_adapter] [EXIT_MODEL][DEBUG_FEATURE] trend_h4=50.0
[2026-07-10 17:30:34] [INFO] [xgboost_exit_model] Loaded Exit Model from F:\files (2)\google\botdd\trading_bot_v3\models\xgboost_exit_model.json
[2026-07-10 17:30:34] [INFO] [xgboost_exit_model] [EXIT_MODEL] XGBoost prediction: probability=4.0%
[2026-07-10 17:30:34] [INFO] [xgboost_exit_adapter] [EXIT_MODEL][GUARD] Early-window: time_open_minutes=1.01 < 3.0 keeping model exit_prob=0.0399
[2026-07-10 17:30:34] [INFO] [xgboost_exit_adapter] [EXIT_MODEL] symbol=EURUSD prediction_exit_probability=0.0399 decision_signal=4.0%
[2026-07-10 17:30:34] [WARNING] [xgboost_exit_adapter] [EXIT_MODEL][WARN] mfe was 0.0 -> computed mfe=max(0.0, current_profit) mfe=0.0 current_profit=-30.0
[2026-07-10 17:30:34] [WARNING] [xgboost_exit_adapter] [EXIT_MODEL][WARN] mfe is 0 for symbol=EURUSD (possible state not updating?)
[2026-07-10 17:30:34] [INFO] [xgboost_exit_adapter] [EXIT_MODEL][DEBUG_FEATURE_VECTOR] symbol=EURUSD FEATURE_ORDER_VALUES=
[2026-07-10 17:30:34] [INFO] [xgboost_exit_adapter] [EXIT_MODEL][DEBUG_FEATURE] mfe=0.0
[2026-07-10 17:30:34] [INFO] [xgboost_exit_adapter] [EXIT_MODEL][DEBUG_FEATURE] mae=-30.0
[2026-07-10 17:30:34] [INFO] [xgboost_exit_adapter] [EXIT_MODEL][DEBUG_FEATURE] entry_atr=0.002119
[2026-07-10 17:30:34] [INFO] [xgboost_exit_adapter] [EXIT_MODEL][DEBUG_FEATURE] entry_rsi=51.3
[2026-07-10 17:30:34] [INFO] [xgboost_exit_adapter] [EXIT_MODEL][DEBUG_FEATURE] entry_adx=15.143379155303085
[2026-07-10 17:30:34] [INFO] [xgboost_exit_adapter] [EXIT_MODEL][DEBUG_FEATURE] market_regime=0.0
[2026-07-10 17:30:34] [INFO] [xgboost_exit_adapter] [EXIT_MODEL][DEBUG_FEATURE] trade_duration=1.0000014305114746
[2026-07-10 17:30:34] [INFO] [xgboost_exit_adapter] [EXIT_MODEL][DEBUG_FEATURE] spread=15.0
[2026-07-10 17:30:34] [INFO] [xgboost_exit_adapter] [EXIT_MODEL][DEBUG_FEATURE] volume=0.6
[2026-07-10 17:30:34] [INFO] [xgboost_exit_adapter] [EXIT_MODEL][DEBUG_FEATURE] session=1.0
[2026-07-10 17:30:34] [INFO] [xgboost_exit_adapter] [EXIT_MODEL][DEBUG_FEATURE] trend_h1=50.0
[2026-07-10 17:30:34] [INFO] [xgboost_exit_adapter] [EXIT_MODEL][DEBUG_FEATURE] trend_h4=50.0
[2026-07-10 17:30:34] [INFO] [xgboost_exit_model] [EXIT_MODEL] XGBoost prediction: probability=97.7%
[2026-07-10 17:30:34] [INFO] [xgboost_exit_adapter] [EXIT_MODEL][GUARD] Early-window: time_open_minutes=1.00 < 3.0 keeping model exit_prob=0.9766
[2026-07-10 17:30:34] [INFO] [xgboost_exit_adapter] [EXIT_MODEL] symbol=EURUSD prediction_exit_probability=0.9766 decision_signal=97.7%
[2026-07-10 17:31:35] [WARNING] [mt5_watchdog] MT5 disconnected! Attempt 1/3
[2026-07-10 17:31:36] [INFO] [qd_client] Logged in to QuantDinger
[2026-07-10 17:31:36] [INFO] [mt5_watchdog] MT5 already connected
[2026-07-10 17:31:36] [INFO] [mt5_watchdog] MT5 reconnected successfully!
[2026-07-10 17:56:02] [INFO] [database] V3 Database initialized with all tables
[2026-07-10 17:57:54] [INFO] [database] V3 Database initialized with all tables
[2026-07-10 17:59:06] [INFO] [database] V3 Database initialized with all tables
[2026-07-10 18:00:49] [INFO] [database] V3 Database initialized with all tables
[2026-07-10 18:02:11] [INFO] [database] V3 Database initialized with all tables
[2026-07-10 18:03:15] [INFO] [database] V3 Database initialized with all tables
[2026-07-10 18:03:42] [INFO] [database] V3 Database initialized with all tables
[2026-07-10 18:04:26] [INFO] [train_pipeline] DATASET SCAN started
[2026-07-10 18:04:26] [INFO] [train_pipeline] DATASET CLEAN
[2026-07-10 18:04:26] [INFO] [train_pipeline] dataset_stats={'total_rows': 415, 'accepted_rows': 415, 'rejected_rows': 0, 'rejection_examples': []}
[2026-07-10 18:04:26] [INFO] [train_pipeline] TRAINING STARTED
[2026-07-10 18:04:26] [INFO] [xgboost_trainer] XGBoost training started (FORCE_TRAIN=True, min_rows=50)
[2026-07-10 18:04:26] [INFO] [ml_dataset_builder] ML dataset build: accepted=415 rejected=0 clean_ratio=100.00% total=415 strict_mode=True
[2026-07-10 18:04:29] [INFO] [xgboost_trainer] Saved model version: models/xgb_model_v1783695868.json
[2026-07-10 18:04:29] [INFO] [xgboost_trainer] XGBoost training completed: total=415 train=312 test=103 task=classification metrics={'task': 'classification', 'accuracy': 0.9514563106796117, 'precision': 1.0, 'recall': 0.7222222222222222, 'win_rate_pred_positive': 1.0}
[2026-07-10 18:04:29] [INFO] [xgboost_trainer] Saved latest model pointer: models/xgb_model.json
[2026-07-10 18:04:29] [INFO] [train_pipeline] MODEL SAVED
[2026-07-10 18:04:29] [INFO] [train_pipeline] train_result={'ok': True, 'total': 415, 'train_size': 312, 'test_size': 103, 'task': 'classification', 'metrics': {'task': 'classification', 'accuracy': 0.9514563106796117, 'precision': 1.0, 'recall': 0.7222222222222222, 'win_rate_pred_positive': 1.0}, 'model_path': 'models/xgb_model.json', 'version_path': 'models/xgb_model_v1783695868.json', 'feature_importance_path': 'models/feature_importance.json'}
[2026-07-10 18:04:43] [DEBUG] [hybrid_market_client] Fetching indicators for EURUSD (QuantDinger only)
[2026-07-10 18:04:43] [INFO] [qd_client] Logged in to QuantDinger
[2026-07-10 18:04:44] [DEBUG] [market_client] Candles EURUSD 4H: 100 bars ✓
[2026-07-10 18:04:44] [DEBUG] [hybrid_market_client] ✓ Got live data from QuantDinger for EURUSD
[2026-07-10 18:04:44] [DEBUG] [hybrid_market_client] Fetching indicators for EURUSD (QuantDinger only)
[2026-07-10 18:04:44] [DEBUG] [market_client] Candles EURUSD 4H: 100 bars ✓
[2026-07-10 18:04:44] [DEBUG] [hybrid_market_client] ✓ Got live data from QuantDinger for EURUSD
[2026-07-10 18:04:44] [DEBUG] [market_client] Using cached candles for EURUSD H4 (age: 0s)
[2026-07-10 18:04:44] [WARNING] [xgboost_exit_adapter] [EXIT_MODEL][WARN] mae was 0.0 -> computed mae=min(0.0, current_profit) mae=0.0 current_profit=0.0
[2026-07-10 18:04:44] [WARNING] [xgboost_exit_adapter] [EXIT_MODEL][WARN] mfe was 0.0 -> computed mfe=max(0.0, current_profit) mfe=0.0 current_profit=0.0
[2026-07-10 18:04:44] [WARNING] [xgboost_exit_adapter] [EXIT_MODEL][WARN] trend_h1 missing for symbol=EURUSD -> using 50.0 (neutral placeholder)
[2026-07-10 18:04:44] [WARNING] [xgboost_exit_adapter] [EXIT_MODEL][WARN] trend_h4 missing for symbol=EURUSD -> using 50.0 (neutral placeholder)
[2026-07-10 18:04:44] [WARNING] [xgboost_exit_adapter] [EXIT_MODEL][WARN] mfe is 0 for symbol=EURUSD (possible state not updating?)
[2026-07-10 18:04:44] [WARNING] [xgboost_exit_adapter] [EXIT_MODEL][WARN] mae is 0 for symbol=EURUSD (possible state not updating?)
[2026-07-10 18:04:44] [WARNING] [xgboost_exit_adapter] [EXIT_MODEL][WARN] market_regime placeholder_Unknown for symbol=EURUSD -> using safe default 'ranging'
[2026-07-10 18:04:44] [INFO] [xgboost_exit_adapter] [EXIT_MODEL][DEBUG_FEATURE_VECTOR] symbol=EURUSD FEATURE_ORDER_VALUES=
[2026-07-10 18:04:44] [INFO] [xgboost_exit_adapter] [EXIT_MODEL][DEBUG_FEATURE] mfe=0.0
[2026-07-10 18:04:44] [INFO] [xgboost_exit_adapter] [EXIT_MODEL][DEBUG_FEATURE] mae=0.0
[2026-07-10 18:04:44] [INFO] [xgboost_exit_adapter] [EXIT_MODEL][DEBUG_FEATURE] entry_atr=0.001923
[2026-07-10 18:04:44] [INFO] [xgboost_exit_adapter] [EXIT_MODEL][DEBUG_FEATURE] entry_rsi=55.54
[2026-07-10 18:04:44] [INFO] [xgboost_exit_adapter] [EXIT_MODEL][DEBUG_FEATURE] entry_adx=20.0
[2026-07-10 18:04:44] [INFO] [xgboost_exit_adapter] [EXIT_MODEL][DEBUG_FEATURE] market_regime=2.0
[2026-07-10 18:04:44] [INFO] [xgboost_exit_adapter] [EXIT_MODEL][DEBUG_FEATURE] trade_duration=1.0111911654472352
[2026-07-10 18:04:44] [INFO] [xgboost_exit_adapter] [EXIT_MODEL][DEBUG_FEATURE] spread=15.0
[2026-07-10 18:04:44] [INFO] [xgboost_exit_adapter] [EXIT_MODEL][DEBUG_FEATURE] volume=0.6
[2026-07-10 18:04:44] [INFO] [xgboost_exit_adapter] [EXIT_MODEL][DEBUG_FEATURE] session=1.0
[2026-07-10 18:04:44] [INFO] [xgboost_exit_adapter] [EXIT_MODEL][DEBUG_FEATURE] trend_h1=50.0
[2026-07-10 18:04:44] [INFO] [xgboost_exit_adapter] [EXIT_MODEL][DEBUG_FEATURE] trend_h4=50.0
[2026-07-10 18:04:44] [INFO] [xgboost_exit_model] Loaded Exit Model from F:\files (2)\google\botdd\trading_bot_v3\models\xgboost_exit_model.json
[2026-07-10 18:04:44] [INFO] [xgboost_exit_model] [EXIT_MODEL] XGBoost prediction: probability=97.7%
[2026-07-10 18:04:44] [WARNING] [xgboost_exit_adapter] [EXIT_MODEL][GUARD] Early-window override: time_open_minutes=1.01 < 3.0 current_profit=0.0 exit_prob=0.9766 -> forcing exit_prob=0.0
[2026-07-10 18:04:44] [INFO] [xgboost_exit_adapter] [EXIT_MODEL] symbol=EURUSD prediction_exit_probability=0.0000 decision_signal=0.0%
[2026-07-10 18:05:00] [DEBUG] [hybrid_market_client] Fetching indicators for EURUSD (QuantDinger only)
[2026-07-10 18:05:01] [INFO] [qd_client] Logged in to QuantDinger
[2026-07-10 18:05:01] [DEBUG] [market_client] Candles EURUSD 4H: 100 bars ✓
[2026-07-10 18:05:01] [DEBUG] [hybrid_market_client] ✓ Got live data from QuantDinger for EURUSD
[2026-07-10 18:05:01] [DEBUG] [hybrid_market_client] Fetching indicators for EURUSD (QuantDinger only)
[2026-07-10 18:05:01] [DEBUG] [market_client] Candles EURUSD 4H: 100 bars ✓
[2026-07-10 18:05:01] [DEBUG] [hybrid_market_client] ✓ Got live data from QuantDinger for EURUSD
[2026-07-10 18:05:01] [DEBUG] [market_client] Using cached candles for EURUSD H4 (age: 0s)
[2026-07-10 18:05:01] [WARNING] [xgboost_exit_adapter] [EXIT_MODEL][WARN] mae was 0.0 -> computed mae=min(0.0, current_profit) mae=0.0 current_profit=50.0
[2026-07-10 18:05:01] [WARNING] [xgboost_exit_adapter] [EXIT_MODEL][WARN] mae is 0 for symbol=EURUSD (possible state not updating?)
[2026-07-10 18:05:01] [INFO] [xgboost_exit_adapter] [EXIT_MODEL][DEBUG_FEATURE_VECTOR] symbol=EURUSD FEATURE_ORDER_VALUES=
[2026-07-10 18:05:01] [INFO] [xgboost_exit_adapter] [EXIT_MODEL][DEBUG_FEATURE] mfe=50.0
[2026-07-10 18:05:01] [INFO] [xgboost_exit_adapter] [EXIT_MODEL][DEBUG_FEATURE] mae=0.0
[2026-07-10 18:05:01] [INFO] [xgboost_exit_adapter] [EXIT_MODEL][DEBUG_FEATURE] entry_atr=0.001923
[2026-07-10 18:05:01] [INFO] [xgboost_exit_adapter] [EXIT_MODEL][DEBUG_FEATURE] entry_rsi=55.54
[2026-07-10 18:05:01] [INFO] [xgboost_exit_adapter] [EXIT_MODEL][DEBUG_FEATURE] entry_adx=14.43679436446144
[2026-07-10 18:05:01] [INFO] [xgboost_exit_adapter] [EXIT_MODEL][DEBUG_FEATURE] market_regime=0.0
[2026-07-10 18:05:01] [INFO] [xgboost_exit_adapter] [EXIT_MODEL][DEBUG_FEATURE] trade_duration=1.0062110980351766
[2026-07-10 18:05:01] [INFO] [xgboost_exit_adapter] [EXIT_MODEL][DEBUG_FEATURE] spread=15.0
[2026-07-10 18:05:01] [INFO] [xgboost_exit_adapter] [EXIT_MODEL][DEBUG_FEATURE] volume=0.6
[2026-07-10 18:05:01] [INFO] [xgboost_exit_adapter] [EXIT_MODEL][DEBUG_FEATURE] session=1.0
[2026-07-10 18:05:01] [INFO] [xgboost_exit_adapter] [EXIT_MODEL][DEBUG_FEATURE] trend_h1=50.0
[2026-07-10 18:05:01] [INFO] [xgboost_exit_adapter] [EXIT_MODEL][DEBUG_FEATURE] trend_h4=50.0
[2026-07-10 18:05:01] [INFO] [xgboost_exit_model] Loaded Exit Model from F:\files (2)\google\botdd\trading_bot_v3\models\xgboost_exit_model.json
[2026-07-10 18:05:01] [INFO] [xgboost_exit_model] [EXIT_MODEL] XGBoost prediction: probability=4.0%
[2026-07-10 18:05:01] [INFO] [xgboost_exit_adapter] [EXIT_MODEL][GUARD] Early-window: time_open_minutes=1.01 < 3.0 keeping model exit_prob=0.0399
[2026-07-10 18:05:01] [INFO] [xgboost_exit_adapter] [EXIT_MODEL] symbol=EURUSD prediction_exit_probability=0.0399 decision_signal=4.0%
[2026-07-10 18:05:01] [WARNING] [xgboost_exit_adapter] [EXIT_MODEL][WARN] mfe was 0.0 -> computed mfe=max(0.0, current_profit) mfe=0.0 current_profit=-30.0
[2026-07-10 18:05:01] [WARNING] [xgboost_exit_adapter] [EXIT_MODEL][WARN] mfe is 0 for symbol=EURUSD (possible state not updating?)
[2026-07-10 18:05:01] [INFO] [xgboost_exit_adapter] [EXIT_MODEL][DEBUG_FEATURE_VECTOR] symbol=EURUSD FEATURE_ORDER_VALUES=
[2026-07-10 18:05:01] [INFO] [xgboost_exit_adapter] [EXIT_MODEL][DEBUG_FEATURE] mfe=0.0
[2026-07-10 18:05:01] [INFO] [xgboost_exit_adapter] [EXIT_MODEL][DEBUG_FEATURE] mae=-30.0
[2026-07-10 18:05:01] [INFO] [xgboost_exit_adapter] [EXIT_MODEL][DEBUG_FEATURE] entry_atr=0.001923
[2026-07-10 18:05:01] [INFO] [xgboost_exit_adapter] [EXIT_MODEL][DEBUG_FEATURE] entry_rsi=55.54
[2026-07-10 18:05:01] [INFO] [xgboost_exit_adapter] [EXIT_MODEL][DEBUG_FEATURE] entry_adx=14.43679436446144
[2026-07-10 18:05:01] [INFO] [xgboost_exit_adapter] [EXIT_MODEL][DEBUG_FEATURE] market_regime=0.0
[2026-07-10 18:05:01] [INFO] [xgboost_exit_adapter] [EXIT_MODEL][DEBUG_FEATURE] trade_duration=1.0000022172927856
[2026-07-10 18:05:01] [INFO] [xgboost_exit_adapter] [EXIT_MODEL][DEBUG_FEATURE] spread=15.0
[2026-07-10 18:05:01] [INFO] [xgboost_exit_adapter] [EXIT_MODEL][DEBUG_FEATURE] volume=0.6
[2026-07-10 18:05:01] [INFO] [xgboost_exit_adapter] [EXIT_MODEL][DEBUG_FEATURE] session=1.0
[2026-07-10 18:05:01] [INFO] [xgboost_exit_adapter] [EXIT_MODEL][DEBUG_FEATURE] trend_h1=50.0
[2026-07-10 18:05:01] [INFO] [xgboost_exit_adapter] [EXIT_MODEL][DEBUG_FEATURE] trend_h4=50.0
[2026-07-10 18:05:01] [INFO] [xgboost_exit_model] [EXIT_MODEL] XGBoost prediction: probability=97.7%
[2026-07-10 18:05:01] [INFO] [xgboost_exit_adapter] [EXIT_MODEL][GUARD] Early-window: time_open_minutes=1.00 < 3.0 keeping model exit_prob=0.9766
[2026-07-10 18:05:01] [INFO] [xgboost_exit_adapter] [EXIT_MODEL] symbol=EURUSD prediction_exit_probability=0.9766 decision_signal=97.7%
[2026-07-10 18:08:12] [DEBUG] [hybrid_market_client] Fetching indicators for EURUSD (QuantDinger only)
[2026-07-10 18:08:12] [INFO] [qd_client] Logged in to QuantDinger
[2026-07-10 18:08:12] [DEBUG] [market_client] Candles EURUSD 4H: 100 bars ✓
[2026-07-10 18:08:12] [DEBUG] [hybrid_market_client] ✓ Got live data from QuantDinger for EURUSD
[2026-07-10 18:08:12] [DEBUG] [hybrid_market_client] Fetching indicators for EURUSD (QuantDinger only)
[2026-07-10 18:08:12] [DEBUG] [market_client] Candles EURUSD 4H: 100 bars ✓
[2026-07-10 18:08:12] [DEBUG] [hybrid_market_client] ✓ Got live data from QuantDinger for EURUSD
[2026-07-10 18:08:12] [DEBUG] [market_client] Using cached candles for EURUSD H4 (age: 0s)
[2026-07-10 18:08:12] [WARNING] [xgboost_exit_adapter] [EXIT_MODEL][WARN] mae was 0.0 -> computed mae=min(0.0, current_profit) mae=0.0 current_profit=50.0
[2026-07-10 18:08:12] [WARNING] [xgboost_exit_adapter] [EXIT_MODEL][WARN] mae is 0 for symbol=EURUSD (possible state not updating?)
[2026-07-10 18:08:12] [INFO] [xgboost_exit_adapter] [EXIT_MODEL][DEBUG_FEATURE_VECTOR] symbol=EURUSD FEATURE_ORDER_VALUES=
[2026-07-10 18:08:12] [INFO] [xgboost_exit_adapter] [EXIT_MODEL][DEBUG_FEATURE] mfe=50.0
[2026-07-10 18:08:12] [INFO] [xgboost_exit_adapter] [EXIT_MODEL][DEBUG_FEATURE] mae=0.0
[2026-07-10 18:08:12] [INFO] [xgboost_exit_adapter] [EXIT_MODEL][DEBUG_FEATURE] entry_atr=0.001923
[2026-07-10 18:08:12] [INFO] [xgboost_exit_adapter] [EXIT_MODEL][DEBUG_FEATURE] entry_rsi=55.54
[2026-07-10 18:08:12] [INFO] [xgboost_exit_adapter] [EXIT_MODEL][DEBUG_FEATURE] entry_adx=14.43679436446144
[2026-07-10 18:08:12] [INFO] [xgboost_exit_adapter] [EXIT_MODEL][DEBUG_FEATURE] market_regime=0.0
[2026-07-10 18:08:12] [INFO] [xgboost_exit_adapter] [EXIT_MODEL][DEBUG_FEATURE] trade_duration=1.0050506194432576
[2026-07-10 18:08:12] [INFO] [xgboost_exit_adapter] [EXIT_MODEL][DEBUG_FEATURE] spread=15.0
[2026-07-10 18:08:12] [INFO] [xgboost_exit_adapter] [EXIT_MODEL][DEBUG_FEATURE] volume=0.6
[2026-07-10 18:08:12] [INFO] [xgboost_exit_adapter] [EXIT_MODEL][DEBUG_FEATURE] session=1.0
[2026-07-10 18:08:12] [INFO] [xgboost_exit_adapter] [EXIT_MODEL][DEBUG_FEATURE] trend_h1=50.0
[2026-07-10 18:08:12] [INFO] [xgboost_exit_adapter] [EXIT_MODEL][DEBUG_FEATURE] trend_h4=50.0
[2026-07-10 18:08:12] [INFO] [xgboost_exit_model] Loaded Exit Model from F:\files (2)\google\botdd\trading_bot_v3\models\xgboost_exit_model.json
[2026-07-10 18:08:12] [INFO] [xgboost_exit_model] [EXIT_MODEL] XGBoost prediction: probability=4.0%
[2026-07-10 18:08:12] [INFO] [xgboost_exit_adapter] [EXIT_MODEL] symbol=EURUSD prediction_exit_probability=0.0399 decision_signal=4.0%
[2026-07-10 18:08:12] [WARNING] [xgboost_exit_adapter] [EXIT_MODEL][WARN] mfe was 0.0 -> computed mfe=max(0.0, current_profit) mfe=0.0 current_profit=-30.0
[2026-07-10 18:08:12] [WARNING] [xgboost_exit_adapter] [EXIT_MODEL][WARN] mfe is 0 for symbol=EURUSD (possible state not updating?)
[2026-07-10 18:08:12] [INFO] [xgboost_exit_adapter] [EXIT_MODEL][DEBUG_FEATURE_VECTOR] symbol=EURUSD FEATURE_ORDER_VALUES=
[2026-07-10 18:08:12] [INFO] [xgboost_exit_adapter] [EXIT_MODEL][DEBUG_FEATURE] mfe=0.0
[2026-07-10 18:08:12] [INFO] [xgboost_exit_adapter] [EXIT_MODEL][DEBUG_FEATURE] mae=-30.0
[2026-07-10 18:08:12] [INFO] [xgboost_exit_adapter] [EXIT_MODEL][DEBUG_FEATURE] entry_atr=0.001923
[2026-07-10 18:08:12] [INFO] [xgboost_exit_adapter] [EXIT_MODEL][DEBUG_FEATURE] entry_rsi=55.54
[2026-07-10 18:08:12] [INFO] [xgboost_exit_adapter] [EXIT_MODEL][DEBUG_FEATURE] entry_adx=14.43679436446144
[2026-07-10 18:08:12] [INFO] [xgboost_exit_adapter] [EXIT_MODEL][DEBUG_FEATURE] market_regime=0.0
[2026-07-10 18:08:12] [INFO] [xgboost_exit_adapter] [EXIT_MODEL][DEBUG_FEATURE] trade_duration=1.0000010013580323
[2026-07-10 18:08:12] [INFO] [xgboost_exit_adapter] [EXIT_MODEL][DEBUG_FEATURE] spread=15.0
[2026-07-10 18:08:12] [INFO] [xgboost_exit_adapter] [EXIT_MODEL][DEBUG_FEATURE] volume=0.6
[2026-07-10 18:08:12] [INFO] [xgboost_exit_adapter] [EXIT_MODEL][DEBUG_FEATURE] session=1.0
[2026-07-10 18:08:12] [INFO] [xgboost_exit_adapter] [EXIT_MODEL][DEBUG_FEATURE] trend_h1=50.0
[2026-07-10 18:08:12] [INFO] [xgboost_exit_adapter] [EXIT_MODEL][DEBUG_FEATURE] trend_h4=50.0
[2026-07-10 18:08:12] [INFO] [xgboost_exit_model] [EXIT_MODEL] XGBoost prediction: probability=97.7%
[2026-07-10 18:08:12] [INFO] [xgboost_exit_adapter] [EXIT_MODEL] symbol=EURUSD prediction_exit_probability=0.9766 decision_signal=97.7%
[2026-07-10 18:11:21] [INFO] [main] Trading Bot V3 starting...
[2026-07-10 18:11:21] [INFO] [database] V3 Database initialized with all tables
[2026-07-10 18:11:22] [INFO] [qd_client] Logged in to QuantDinger
[2026-07-10 18:11:22] [INFO] [qd_client] MT5 connected
[2026-07-10 18:11:22] [INFO] [main] MT5 connected
[2026-07-10 18:11:22] [INFO] [main] [STARTUP_SAFETY] Starting startup safety check (run-once)
[2026-07-10 18:11:22] [WARNING] [main] [STARTUP_SAFETY] mt5.positions_get None diagnostic last_error=(1, 'Success')
[2026-07-10 18:11:22] [INFO] [main] [STARTUP_SAFETY] MT5 open positions count=0
[2026-07-10 18:11:22] [INFO] [main] [STARTUP_SAFETY] DB open trades count=0
[2026-07-10 18:11:22] [INFO] [main] [STARTUP_SAFETY] missing_in_db(MT5-only)=0 missing_in_mt5(DB-only)=0
[2026-07-10 18:11:22] [INFO] [main] [STARTUP_SAFETY] Synced open positions count=0
[2026-07-10 18:11:22] [INFO] [main] [STARTUP_SAFETY] Completed startup safety check successfully
[2026-07-10 18:11:22] [INFO] [telegram_bot] Telegram polling started
[2026-07-10 18:11:22] [INFO] [telegram_bot] Telegram bot V3 started
[2026-07-10 18:11:22] [INFO] [mt5_watchdog] MT5 watchdog started (V1 reconnect logic)
[2026-07-10 18:11:22] [INFO] [reconciliation] Reconciliation loop started (every 60s)
[2026-07-10 18:11:22] [INFO] [reconciliation] Reconciliation thread started (safety only)
[2026-07-10 18:11:22] [INFO] [post_entry_manager] PostEntryManager started
[2026-07-10 18:11:22] [INFO] [main] ==================================================
[2026-07-10 18:11:22] [INFO] [main] Cycle 1 at 18:11:22
[2026-07-10 18:11:31] [INFO] [news_fetcher] Fetched 16 relevant news items
[2026-07-10 18:11:31] [INFO] [main] Equity: 74401.52$ | News: 16
[2026-07-10 18:11:31] [DEBUG] [hybrid_market_client] Fetching indicators for EURUSD (QuantDinger only)
[2026-07-10 18:11:32] [DEBUG] [market_client] Candles EURUSD 4H: 100 bars ✓
[2026-07-10 18:11:32] [DEBUG] [hybrid_market_client] ✓ Got live data from QuantDinger for EURUSD
[2026-07-10 18:11:32] [DEBUG] [hybrid_market_client] Fetching indicators for EURUSD (QuantDinger only)
[2026-07-10 18:11:32] [DEBUG] [market_client] Candles EURUSD 4H: 100 bars ✓
[2026-07-10 18:11:32] [DEBUG] [hybrid_market_client] ✓ Got live data from QuantDinger for EURUSD
[2026-07-10 18:11:32] [DEBUG] [hybrid_market_client] Fetching indicators for EURUSD (QuantDinger only)
[2026-07-10 18:11:32] [DEBUG] [market_client] Candles EURUSD 4H: 100 bars ✓
[2026-07-10 18:11:32] [DEBUG] [hybrid_market_client] ✓ Got live data from QuantDinger for EURUSD
[2026-07-10 18:11:32] [INFO] [market_snapshot_builder] [SNAPSHOT_BUILT] symbol=EURUSD tfs=H4,H1,M15
[2026-07-10 18:11:32] [DEBUG] [hybrid_market_client] Fetching indicators for XAUUSD (QuantDinger only)
[2026-07-10 18:11:32] [DEBUG] [market_client] Candles XAUUSD 4H: 100 bars ✓
[2026-07-10 18:11:32] [DEBUG] [hybrid_market_client] ✓ Got live data from QuantDinger for XAUUSD
[2026-07-10 18:11:32] [DEBUG] [hybrid_market_client] Fetching indicators for XAUUSD (QuantDinger only)
[2026-07-10 18:11:32] [DEBUG] [market_client] Candles XAUUSD 4H: 100 bars ✓
[2026-07-10 18:11:32] [DEBUG] [hybrid_market_client] ✓ Got live data from QuantDinger for XAUUSD
[2026-07-10 18:11:32] [DEBUG] [hybrid_market_client] Fetching indicators for XAUUSD (QuantDinger only)
[2026-07-10 18:11:32] [DEBUG] [market_client] Candles XAUUSD 4H: 100 bars ✓
[2026-07-10 18:11:32] [DEBUG] [hybrid_market_client] ✓ Got live data from QuantDinger for XAUUSD
[2026-07-10 18:11:32] [INFO] [market_snapshot_builder] [SNAPSHOT_BUILT] symbol=XAUUSD tfs=H4,H1,M15
[2026-07-10 18:11:32] [DEBUG] [hybrid_market_client] Fetching indicators for GBPUSD (QuantDinger only)
[2026-07-10 18:11:32] [DEBUG] [market_client] Candles GBPUSD 4H: 100 bars ✓
[2026-07-10 18:11:32] [DEBUG] [hybrid_market_client] ✓ Got live data from QuantDinger for GBPUSD
[2026-07-10 18:11:32] [DEBUG] [hybrid_market_client] Fetching indicators for GBPUSD (QuantDinger only)
[2026-07-10 18:11:32] [DEBUG] [market_client] Candles GBPUSD 4H: 100 bars ✓
[2026-07-10 18:11:32] [DEBUG] [hybrid_market_client] ✓ Got live data from QuantDinger for GBPUSD
[2026-07-10 18:11:32] [DEBUG] [hybrid_market_client] Fetching indicators for GBPUSD (QuantDinger only)
[2026-07-10 18:11:32] [DEBUG] [market_client] Candles GBPUSD 4H: 100 bars ✓
[2026-07-10 18:11:32] [DEBUG] [hybrid_market_client] ✓ Got live data from QuantDinger for GBPUSD
[2026-07-10 18:11:32] [INFO] [market_snapshot_builder] [SNAPSHOT_BUILT] symbol=GBPUSD tfs=H4,H1,M15
[2026-07-10 18:11:32] [INFO] [main] --- EURUSD ---
[2026-07-10 18:11:36] [INFO] [deepseek] DEEPSEEK OK: {"impact_score": 65, "bias": "bullish", "confidence": 0.7, "reason": "الاتجاه الصاعد قوي مع إشارات إ...
[2026-07-10 18:11:36] [INFO] [deepseek] AI EURUSD: bias=bullish impact=65.0 conf=0.70
[2026-07-10 18:11:36] [INFO] [signal_engine] [VERIFY] SIGNAL_INPUT bias=bullish score=65.0 confidence=0.7
[2026-07-10 18:11:36] [INFO] [signal_engine] [VERIFY] SIGNAL_RULE rule=confidence>=0.60 actual=0.7 result=True
[2026-07-10 18:11:36] [INFO] [signal_engine] [VERIFY] SIGNAL_RULE rule=score>=55 actual=65.0 result=True
[2026-07-10 18:11:36] [INFO] [signal_engine] [VERIFY] SIGNAL_RULE rule=bias in [bullish,bearish] actual=bullish result=True
[2026-07-10 18:11:36] [INFO] [signal_engine] [VERIFY] SIGNAL_FINAL direction=BUY score=65.0 confidence=0.7 valid=True
[2026-07-10 18:11:36] [DEBUG] [signal_engine] Signal: BUY score=65.0 conf=0.70 strength=متوسط valid=True
[2026-07-10 18:11:36] [INFO] [sentiment] Sentiment EURUSD: bullish score=83 bull=2 bear=1
[2026-07-10 18:11:36] [DEBUG] [mtf] MTF (snapshot) EURUSD: H4=bullish H1=bullish M15=bullish aligned=True (strong)
[2026-07-10 18:11:36] [INFO] [main] [VERIFY][DATA_TRUTH] symbol=EURUSD timeframe=H4/H1/M15 news_fetched=True indicators_fetched=True live_data=True cached=False
[2026-07-10 18:11:36] [INFO] [voting_engine] EURUSD: MTF strongly aligned, boosting score 10%
[2026-07-10 18:11:36] [DEBUG] [hybrid_market_client] Fetching indicators for EURUSD (QuantDinger only)
[2026-07-10 18:11:36] [DEBUG] [market_client] Candles EURUSD 4H: 100 bars ✓
[2026-07-10 18:11:36] [DEBUG] [hybrid_market_client] ✓ Got live data from QuantDinger for EURUSD
[2026-07-10 18:11:36] [DEBUG] [hybrid_market_client] Fetching indicators for EURUSD (QuantDinger only)
[2026-07-10 18:11:36] [DEBUG] [market_client] Using cached candles for EURUSD 4H (age: 0s)
[2026-07-10 18:11:36] [DEBUG] [hybrid_market_client] ✓ Got live data from QuantDinger for EURUSD
[2026-07-10 18:11:36] [INFO] [sltp] SL/TP EURUSD: entry=1.1431183815002441 atr=0.00194 sl=1.14021 tp=1.14797
[2026-07-10 18:11:36] [INFO] [position_sizing] Position size: 0.5 (equity=74402, risk=0.001, sl_dist=0.00291, score=100, cons_loss=8)
[2026-07-10 18:11:36] [INFO] [xgboost_v2] [VERIFY] XGBOOST MODEL LOADED path=models/xgb_model.json available=True
[2026-07-10 18:11:36] [INFO] [xgboost_v2] XGBoost v2 model loaded successfully
[2026-07-10 18:11:36] [DEBUG] [xgboost_v2] V2 predict: rsi=56.7 atr=0.00194 regime=TRENDING session=new_york dir=BUY -> p_win=0.012
[2026-07-10 18:11:36] [INFO] [xgboost_v2] [VERIFY] XGBOOST PREDICTION p_win=0.012 available=True
[2026-07-10 18:11:36] [INFO] [main] [VERIFY][DECISION_TRUTH] bias=bullish score=100 confidence=1.0 vote=BUY risk_passed=True sl_tp_calculated=True position_size=0.5 xgboost_p_win=0.011619766242802143 final_decision_valid=False reject_reason=p_win<threshold (p_win=0.012 threshold=0.6)
[2026-07-10 18:11:36] [INFO] [main] --- XAUUSD ---
[2026-07-10 18:11:40] [WARNING] [deepseek] DeepSeek truncated by max_tokens, finish_reason=length, content={
  "impact_score": 80,
  "bias": "bearish",
  "confidence": 
[2026-07-10 18:11:40] [WARNING] [deepseek] Retry 1: JSON incomplete/truncated, raw={
  "impact_score": 80,
  "bias": "bearish",
  "confidence": 
[2026-07-10 18:11:46] [INFO] [deepseek] DEEPSEEK OK: {
  "impact_score": 75,
  "bias": "bearish",
  "confidence": 0.85,
  "reason": "الذهب تحت ضغط من مخا...
[2026-07-10 18:11:46] [INFO] [deepseek] AI XAUUSD: bias=bearish impact=75.0 conf=0.85
[2026-07-10 18:11:46] [INFO] [signal_engine] [VERIFY] SIGNAL_INPUT bias=bearish score=75.0 confidence=0.85
[2026-07-10 18:11:46] [INFO] [signal_engine] [VERIFY] SIGNAL_RULE rule=confidence>=0.60 actual=0.85 result=True
[2026-07-10 18:11:46] [INFO] [signal_engine] [VERIFY] SIGNAL_RULE rule=score>=55 actual=75.0 result=True
[2026-07-10 18:11:46] [INFO] [signal_engine] [VERIFY] SIGNAL_RULE rule=bias in [bullish,bearish] actual=bearish result=True
[2026-07-10 18:11:46] [INFO] [signal_engine] [VERIFY] SIGNAL_FINAL direction=SELL score=75.0 confidence=0.85 valid=True
[2026-07-10 18:11:46] [DEBUG] [signal_engine] Signal: SELL score=75.0 conf=0.85 strength=قوي valid=True
[2026-07-10 18:11:46] [INFO] [sentiment] Sentiment XAUUSD: bearish score=88 bull=1 bear=3
[2026-07-10 18:11:46] [DEBUG] [mtf] MTF (snapshot) XAUUSD: H4=bearish H1=bearish M15=bearish aligned=True (strong)
[2026-07-10 18:11:46] [INFO] [main] [VERIFY][DATA_TRUTH] symbol=XAUUSD timeframe=H4/H1/M15 news_fetched=True indicators_fetched=True live_data=True cached=False
[2026-07-10 18:11:46] [INFO] [voting_engine] XAUUSD: MTF strongly aligned, boosting score 10%
[2026-07-10 18:11:46] [DEBUG] [hybrid_market_client] Fetching indicators for XAUUSD (QuantDinger only)
[2026-07-10 18:11:46] [DEBUG] [market_client] Candles XAUUSD 4H: 100 bars ✓
[2026-07-10 18:11:46] [DEBUG] [hybrid_market_client] ✓ Got live data from QuantDinger for XAUUSD
[2026-07-10 18:11:46] [DEBUG] [hybrid_market_client] Fetching indicators for XAUUSD (QuantDinger only)
[2026-07-10 18:11:46] [DEBUG] [market_client] Using cached candles for XAUUSD 4H (age: 0s)
[2026-07-10 18:11:46] [DEBUG] [hybrid_market_client] ✓ Got live data from QuantDinger for XAUUSD
[2026-07-10 18:11:46] [INFO] [sltp] SL/TP XAUUSD: entry=4105.7998046875 atr=35.72860 sl=4115.7998 tp=4016.4783
[2026-07-10 18:11:46] [INFO] [position_sizing] Position size: 0.1 (equity=74402, risk=0.000, sl_dist=10.00000, score=88, cons_loss=8)
[2026-07-10 18:11:46] [DEBUG] [xgboost_v2] V2 predict: rsi=44.7 atr=35.72860 regime=TRENDING session=new_york dir=SELL -> p_win=0.012
[2026-07-10 18:11:46] [INFO] [xgboost_v2] [VERIFY] XGBOOST PREDICTION p_win=0.012 available=True
[2026-07-10 18:11:46] [INFO] [main] [VERIFY][DECISION_TRUTH] bias=bearish score=87.6 confidence=1.0 vote=SELL risk_passed=True sl_tp_calculated=True position_size=0.1 xgboost_p_win=0.012474164366722107 final_decision_valid=False reject_reason=p_win<threshold (p_win=0.012 threshold=0.6)
[2026-07-10 18:11:46] [INFO] [main] --- GBPUSD ---
[2026-07-10 18:11:50] [INFO] [deepseek] DEEPSEEK OK: {
  "impact_score": 60,
  "bias": "bullish",
  "confidence": 0.65,
  "reason": "الاتجاه الصاعد قوي ع...
[2026-07-10 18:11:50] [INFO] [deepseek] AI GBPUSD: bias=bullish impact=60.0 conf=0.65
[2026-07-10 18:11:50] [INFO] [signal_engine] [VERIFY] SIGNAL_INPUT bias=bullish score=60.0 confidence=0.65
[2026-07-10 18:11:50] [INFO] [signal_engine] [VERIFY] SIGNAL_RULE rule=confidence>=0.60 actual=0.65 result=True
[2026-07-10 18:11:50] [INFO] [signal_engine] [VERIFY] SIGNAL_RULE rule=score>=55 actual=60.0 result=True
[2026-07-10 18:11:50] [INFO] [signal_engine] [VERIFY] SIGNAL_RULE rule=bias in [bullish,bearish] actual=bullish result=True
[2026-07-10 18:11:50] [INFO] [signal_engine] [VERIFY] SIGNAL_FINAL direction=BUY score=60.0 confidence=0.65 valid=True
[2026-07-10 18:11:50] [DEBUG] [signal_engine] Signal: BUY score=60.0 conf=0.65 strength=متوسط valid=True
[2026-07-10 18:11:50] [INFO] [sentiment] Sentiment GBPUSD: bullish score=100 bull=1 bear=0
[2026-07-10 18:11:50] [DEBUG] [mtf] MTF (snapshot) GBPUSD: H4=bullish H1=bullish M15=bullish aligned=True (strong)
[2026-07-10 18:11:50] [INFO] [main] [VERIFY][DATA_TRUTH] symbol=GBPUSD timeframe=H4/H1/M15 news_fetched=True indicators_fetched=True live_data=True cached=False
[2026-07-10 18:11:50] [INFO] [voting_engine] GBPUSD: MTF strongly aligned, boosting score 10%
[2026-07-10 18:11:50] [DEBUG] [hybrid_market_client] Fetching indicators for GBPUSD (QuantDinger only)
[2026-07-10 18:11:50] [DEBUG] [market_client] Candles GBPUSD 4H: 100 bars ✓
[2026-07-10 18:11:50] [DEBUG] [hybrid_market_client] ✓ Got live data from QuantDinger for GBPUSD
[2026-07-10 18:11:50] [DEBUG] [hybrid_market_client] Fetching indicators for GBPUSD (QuantDinger only)
[2026-07-10 18:11:50] [DEBUG] [market_client] Using cached candles for GBPUSD 4H (age: 0s)
[2026-07-10 18:11:50] [DEBUG] [hybrid_market_client] ✓ Got live data from QuantDinger for GBPUSD
[2026-07-10 18:11:50] [INFO] [sltp] SL/TP GBPUSD: entry=1.341309666633606 atr=0.00300 sl=1.33681 tp=1.34881
[2026-07-10 18:11:50] [INFO] [position_sizing] Position size: 0.5 (equity=74402, risk=0.001, sl_dist=0.00450, score=100, cons_loss=8)
[2026-07-10 18:11:50] [DEBUG] [xgboost_v2] V2 predict: rsi=63.3 atr=0.00300 regime=TRENDING session=new_york dir=BUY -> p_win=0.054
[2026-07-10 18:11:50] [INFO] [xgboost_v2] [VERIFY] XGBOOST PREDICTION p_win=0.054 available=True
[2026-07-10 18:11:50] [INFO] [main] [VERIFY][DECISION_TRUTH] bias=bullish score=100 confidence=0.987 vote=BUY risk_passed=True sl_tp_calculated=True position_size=0.5 xgboost_p_win=0.054117195308208466 final_decision_valid=False reject_reason=p_win<threshold (p_win=0.054 threshold=0.6)
[2026-07-10 18:11:50] [INFO] [adaptive_weights] EURUSD weights updated: {'ai': 0.239, 'trend': 0.239, 'momentum': 0.239, 'sentiment': 0.239, 'volatility': 0.043} | WR=12.0% PF=3.2
[2026-07-10 18:11:50] [INFO] [adaptive_weights] GBPUSD weights updated: {'ai': 0.239, 'trend': 0.239, 'momentum': 0.239, 'sentiment': 0.239, 'volatility': 0.043} | WR=13.0% PF=8.53
[2026-07-10 18:11:50] [INFO] [adaptive_weights] 🏆 أفضل زوج: EURUSD | WR=12.0% | PnL=152.0$
[2026-07-10 18:11:50] [INFO] [adaptive_weights] ⚠️ أسوأ زوج: XAUUSD | WR=0.0% | PnL=-16.8$
[2026-07-10 18:11:50] [INFO] [main] Sleeping 1800s...
[2026-07-10 18:16:54] [DEBUG] [hybrid_market_client] Fetching indicators for EURUSD (QuantDinger only)
[2026-07-10 18:16:54] [INFO] [qd_client] Logged in to QuantDinger
[2026-07-10 18:16:55] [DEBUG] [market_client] Candles EURUSD 4H: 100 bars ✓
[2026-07-10 18:16:55] [DEBUG] [hybrid_market_client] ✓ Got live data from QuantDinger for EURUSD
[2026-07-10 18:16:55] [DEBUG] [hybrid_market_client] Fetching indicators for EURUSD (QuantDinger only)
[2026-07-10 18:16:55] [DEBUG] [market_client] Candles EURUSD 4H: 100 bars ✓
[2026-07-10 18:16:55] [DEBUG] [hybrid_market_client] ✓ Got live data from QuantDinger for EURUSD
[2026-07-10 18:16:55] [DEBUG] [market_client] Using cached candles for EURUSD H4 (age: 0s)
[2026-07-10 18:16:55] [WARNING] [xgboost_exit_adapter] [EXIT_MODEL][WARN] mae was 0.0 -> computed mae=min(0.0, current_profit) mae=0.0 current_profit=0.0
[2026-07-10 18:16:55] [WARNING] [xgboost_exit_adapter] [EXIT_MODEL][WARN] mfe was 0.0 -> computed mfe=max(0.0, current_profit) mfe=0.0 current_profit=0.0
[2026-07-10 18:16:55] [WARNING] [xgboost_exit_adapter] [EXIT_MODEL][WARN] trend_h1 missing for symbol=EURUSD -> using 50.0 (neutral placeholder)
[2026-07-10 18:16:55] [WARNING] [xgboost_exit_adapter] [EXIT_MODEL][WARN] trend_h4 missing for symbol=EURUSD -> using 50.0 (neutral placeholder)
[2026-07-10 18:16:55] [WARNING] [xgboost_exit_adapter] [EXIT_MODEL][WARN] mfe is 0 for symbol=EURUSD (possible state not updating?)
[2026-07-10 18:16:55] [WARNING] [xgboost_exit_adapter] [EXIT_MODEL][WARN] mae is 0 for symbol=EURUSD (possible state not updating?)
[2026-07-10 18:16:55] [WARNING] [xgboost_exit_adapter] [EXIT_MODEL][WARN] market_regime placeholder_Unknown for symbol=EURUSD -> using safe default 'ranging'
[2026-07-10 18:16:55] [INFO] [xgboost_exit_adapter] [EXIT_MODEL][DEBUG_FEATURE_VECTOR] symbol=EURUSD FEATURE_ORDER_VALUES=
[2026-07-10 18:16:55] [INFO] [xgboost_exit_adapter] [EXIT_MODEL][DEBUG_FEATURE] mfe=0.0
[2026-07-10 18:16:55] [INFO] [xgboost_exit_adapter] [EXIT_MODEL][DEBUG_FEATURE] mae=0.0
[2026-07-10 18:16:55] [INFO] [xgboost_exit_adapter] [EXIT_MODEL][DEBUG_FEATURE] entry_atr=0.00196
[2026-07-10 18:16:55] [INFO] [xgboost_exit_adapter] [EXIT_MODEL][DEBUG_FEATURE] entry_rsi=57.5
[2026-07-10 18:16:55] [INFO] [xgboost_exit_adapter] [EXIT_MODEL][DEBUG_FEATURE] entry_adx=20.0
[2026-07-10 18:16:55] [INFO] [xgboost_exit_adapter] [EXIT_MODEL][DEBUG_FEATURE] market_regime=2.0
[2026-07-10 18:16:55] [INFO] [xgboost_exit_adapter] [EXIT_MODEL][DEBUG_FEATURE] trade_duration=1.0101341048876444
[2026-07-10 18:16:55] [INFO] [xgboost_exit_adapter] [EXIT_MODEL][DEBUG_FEATURE] spread=15.0
[2026-07-10 18:16:55] [INFO] [xgboost_exit_adapter] [EXIT_MODEL][DEBUG_FEATURE] volume=0.6
[2026-07-10 18:16:55] [INFO] [xgboost_exit_adapter] [EXIT_MODEL][DEBUG_FEATURE] session=1.0
[2026-07-10 18:16:55] [INFO] [xgboost_exit_adapter] [EXIT_MODEL][DEBUG_FEATURE] trend_h1=50.0
[2026-07-10 18:16:55] [INFO] [xgboost_exit_adapter] [EXIT_MODEL][DEBUG_FEATURE] trend_h4=50.0
[2026-07-10 18:16:55] [INFO] [xgboost_exit_model] Loaded Exit Model from F:\files (2)\google\botdd\trading_bot_v3\models\xgboost_exit_model.json
[2026-07-10 18:16:55] [INFO] [xgboost_exit_model] [EXIT_MODEL] XGBoost prediction: probability=97.7%
[2026-07-10 18:16:55] [INFO] [xgboost_exit_adapter] [EXIT_MODEL] symbol=EURUSD prediction_exit_probability=0.9766 decision_signal=97.7%
[2026-07-10 18:17:46] [INFO] [main] Trading Bot V3 starting...
[2026-07-10 18:17:46] [INFO] [database] V3 Database initialized with all tables
[2026-07-10 18:17:46] [INFO] [qd_client] Logged in to QuantDinger
[2026-07-10 18:17:46] [INFO] [qd_client] MT5 connected
[2026-07-10 18:17:46] [INFO] [main] MT5 connected
[2026-07-10 18:17:46] [INFO] [main] [STARTUP_SAFETY] Starting startup safety check (run-once)
[2026-07-10 18:17:46] [WARNING] [main] [STARTUP_SAFETY] mt5.positions_get None diagnostic last_error=(1, 'Success')
[2026-07-10 18:17:46] [INFO] [main] [STARTUP_SAFETY] MT5 open positions count=0
[2026-07-10 18:17:46] [INFO] [main] [STARTUP_SAFETY] DB open trades count=0
[2026-07-10 18:17:46] [INFO] [main] [STARTUP_SAFETY] missing_in_db(MT5-only)=0 missing_in_mt5(DB-only)=0
[2026-07-10 18:17:46] [INFO] [main] [STARTUP_SAFETY] Synced open positions count=0
[2026-07-10 18:17:46] [INFO] [main] [STARTUP_SAFETY] Completed startup safety check successfully
[2026-07-10 18:17:46] [INFO] [telegram_bot] Telegram polling started
[2026-07-10 18:17:46] [INFO] [telegram_bot] Telegram bot V3 started
[2026-07-10 18:17:46] [INFO] [mt5_watchdog] MT5 watchdog started (V1 reconnect logic)
[2026-07-10 18:17:46] [INFO] [reconciliation] Reconciliation loop started (every 60s)
[2026-07-10 18:17:46] [INFO] [reconciliation] Reconciliation thread started (safety only)
[2026-07-10 18:17:46] [INFO] [post_entry_manager] PostEntryManager started
[2026-07-10 18:17:47] [INFO] [main] ==================================================
[2026-07-10 18:17:47] [INFO] [main] Cycle 1 at 18:17:47
[2026-07-10 18:17:55] [INFO] [news_fetcher] Fetched 17 relevant news items
[2026-07-10 18:17:55] [INFO] [main] Equity: 74401.52$ | News: 17
[2026-07-10 18:17:55] [DEBUG] [hybrid_market_client] Fetching indicators for EURUSD (QuantDinger only)
[2026-07-10 18:17:56] [DEBUG] [market_client] Candles EURUSD 4H: 100 bars ✓
[2026-07-10 18:17:56] [DEBUG] [hybrid_market_client] ✓ Got live data from QuantDinger for EURUSD
[2026-07-10 18:17:56] [DEBUG] [hybrid_market_client] Fetching indicators for EURUSD (QuantDinger only)
[2026-07-10 18:17:56] [DEBUG] [market_client] Candles EURUSD 4H: 100 bars ✓
[2026-07-10 18:17:56] [DEBUG] [hybrid_market_client] ✓ Got live data from QuantDinger for EURUSD
[2026-07-10 18:17:56] [DEBUG] [hybrid_market_client] Fetching indicators for EURUSD (QuantDinger only)
[2026-07-10 18:17:56] [DEBUG] [market_client] Candles EURUSD 4H: 100 bars ✓
[2026-07-10 18:17:56] [DEBUG] [hybrid_market_client] ✓ Got live data from QuantDinger for EURUSD
[2026-07-10 18:17:56] [INFO] [market_snapshot_builder] [SNAPSHOT_BUILT] symbol=EURUSD tfs=H4,H1,M15
[2026-07-10 18:17:56] [DEBUG] [hybrid_market_client] Fetching indicators for XAUUSD (QuantDinger only)
[2026-07-10 18:17:56] [DEBUG] [market_client] Candles XAUUSD 4H: 100 bars ✓
[2026-07-10 18:17:56] [DEBUG] [hybrid_market_client] ✓ Got live data from QuantDinger for XAUUSD
[2026-07-10 18:17:56] [DEBUG] [hybrid_market_client] Fetching indicators for XAUUSD (QuantDinger only)
[2026-07-10 18:17:56] [DEBUG] [market_client] Candles XAUUSD 4H: 100 bars ✓
[2026-07-10 18:17:56] [DEBUG] [hybrid_market_client] ✓ Got live data from QuantDinger for XAUUSD
[2026-07-10 18:17:56] [DEBUG] [hybrid_market_client] Fetching indicators for XAUUSD (QuantDinger only)
[2026-07-10 18:17:56] [DEBUG] [market_client] Candles XAUUSD 4H: 100 bars ✓
[2026-07-10 18:17:56] [DEBUG] [hybrid_market_client] ✓ Got live data from QuantDinger for XAUUSD
[2026-07-10 18:17:56] [INFO] [market_snapshot_builder] [SNAPSHOT_BUILT] symbol=XAUUSD tfs=H4,H1,M15
[2026-07-10 18:17:56] [DEBUG] [hybrid_market_client] Fetching indicators for GBPUSD (QuantDinger only)
[2026-07-10 18:17:56] [DEBUG] [market_client] Candles GBPUSD 4H: 100 bars ✓
[2026-07-10 18:17:56] [DEBUG] [hybrid_market_client] ✓ Got live data from QuantDinger for GBPUSD
[2026-07-10 18:17:56] [DEBUG] [hybrid_market_client] Fetching indicators for GBPUSD (QuantDinger only)
[2026-07-10 18:17:56] [DEBUG] [market_client] Candles GBPUSD 4H: 100 bars ✓
[2026-07-10 18:17:56] [DEBUG] [hybrid_market_client] ✓ Got live data from QuantDinger for GBPUSD
[2026-07-10 18:17:56] [DEBUG] [hybrid_market_client] Fetching indicators for GBPUSD (QuantDinger only)
[2026-07-10 18:17:56] [DEBUG] [market_client] Candles GBPUSD 4H: 100 bars ✓
[2026-07-10 18:17:56] [DEBUG] [hybrid_market_client] ✓ Got live data from QuantDinger for GBPUSD
[2026-07-10 18:17:56] [INFO] [market_snapshot_builder] [SNAPSHOT_BUILT] symbol=GBPUSD tfs=H4,H1,M15
[2026-07-10 18:17:56] [INFO] [main] --- EURUSD ---
[2026-07-10 18:18:00] [INFO] [deepseek] DEEPSEEK OK: {
  "impact_score": 60,
  "bias": "bullish",
  "confidence": 0.7,
  "reason": "الاتجاه الصاعد قوي عل...
[2026-07-10 18:18:00] [INFO] [deepseek] AI EURUSD: bias=bullish impact=60.0 conf=0.70
[2026-07-10 18:18:00] [INFO] [signal_engine] [VERIFY] SIGNAL_INPUT bias=bullish score=60.0 confidence=0.7
[2026-07-10 18:18:00] [INFO] [signal_engine] [VERIFY] SIGNAL_RULE rule=confidence>=0.60 actual=0.7 result=True
[2026-07-10 18:18:00] [INFO] [signal_engine] [VERIFY] SIGNAL_RULE rule=score>=55 actual=60.0 result=True
[2026-07-10 18:18:00] [INFO] [signal_engine] [VERIFY] SIGNAL_RULE rule=bias in [bullish,bearish] actual=bullish result=True
[2026-07-10 18:18:00] [INFO] [signal_engine] [VERIFY] SIGNAL_FINAL direction=BUY score=60.0 confidence=0.7 valid=True
[2026-07-10 18:18:00] [DEBUG] [signal_engine] Signal: BUY score=60.0 conf=0.70 strength=متوسط valid=True
[2026-07-10 18:18:00] [INFO] [sentiment] Sentiment EURUSD: bullish score=83 bull=2 bear=1
[2026-07-10 18:18:00] [DEBUG] [mtf] MTF (snapshot) EURUSD: H4=bullish H1=bullish M15=bullish aligned=True (strong)
[2026-07-10 18:18:00] [INFO] [main] [VERIFY][DATA_TRUTH] symbol=EURUSD timeframe=H4/H1/M15 news_fetched=True indicators_fetched=True live_data=True cached=False
[2026-07-10 18:18:00] [INFO] [voting_engine] EURUSD: MTF strongly aligned, boosting score 10%
[2026-07-10 18:18:00] [DEBUG] [hybrid_market_client] Fetching indicators for EURUSD (QuantDinger only)
[2026-07-10 18:18:00] [DEBUG] [market_client] Candles EURUSD 4H: 100 bars ✓
[2026-07-10 18:18:00] [DEBUG] [hybrid_market_client] ✓ Got live data from QuantDinger for EURUSD
[2026-07-10 18:18:00] [DEBUG] [hybrid_market_client] Fetching indicators for EURUSD (QuantDinger only)
[2026-07-10 18:18:00] [DEBUG] [market_client] Using cached candles for EURUSD 4H (age: 0s)
[2026-07-10 18:18:00] [DEBUG] [hybrid_market_client] ✓ Got live data from QuantDinger for EURUSD
[2026-07-10 18:18:00] [INFO] [sltp] SL/TP EURUSD: entry=1.143379807472229 atr=0.00196 sl=1.14044 tp=1.14828
[2026-07-10 18:18:00] [INFO] [position_sizing] Position size: 0.5 (equity=74402, risk=0.001, sl_dist=0.00294, score=100, cons_loss=8)
[2026-07-10 18:18:00] [INFO] [xgboost_v2] [VERIFY] XGBOOST MODEL LOADED path=models/xgb_model.json available=True
[2026-07-10 18:18:00] [INFO] [xgboost_v2] XGBoost v2 model loaded successfully
[2026-07-10 18:18:00] [DEBUG] [xgboost_v2] V2 predict: rsi=57.5 atr=0.00196 regime=TRENDING session=new_york dir=BUY -> p_win=0.012
[2026-07-10 18:18:00] [INFO] [xgboost_v2] [VERIFY] XGBOOST PREDICTION p_win=0.012 available=True
[2026-07-10 18:18:00] [INFO] [main] [VERIFY][DECISION_TRUTH] bias=bullish score=99.5 confidence=1.0 vote=BUY risk_passed=True sl_tp_calculated=True position_size=0.5 xgboost_p_win=0.011619766242802143 final_decision_valid=False reject_reason=p_win<threshold (p_win=0.012 threshold=0.6)
[2026-07-10 18:18:00] [INFO] [main] --- XAUUSD ---
[2026-07-10 18:18:03] [INFO] [deepseek] DEEPSEEK OK: {"impact_score": 75, "bias": "bearish", "confidence": 0.85, "reason": "الاتجاه هابط بفعل مخاوف رفع ا...
[2026-07-10 18:18:03] [INFO] [deepseek] AI XAUUSD: bias=bearish impact=75.0 conf=0.85
[2026-07-10 18:18:03] [INFO] [signal_engine] [VERIFY] SIGNAL_INPUT bias=bearish score=75.0 confidence=0.85
[2026-07-10 18:18:03] [INFO] [signal_engine] [VERIFY] SIGNAL_RULE rule=confidence>=0.60 actual=0.85 result=True
[2026-07-10 18:18:03] [INFO] [signal_engine] [VERIFY] SIGNAL_RULE rule=score>=55 actual=75.0 result=True
[2026-07-10 18:18:03] [INFO] [signal_engine] [VERIFY] SIGNAL_RULE rule=bias in [bullish,bearish] actual=bearish result=True
[2026-07-10 18:18:03] [INFO] [signal_engine] [VERIFY] SIGNAL_FINAL direction=SELL score=75.0 confidence=0.85 valid=True
[2026-07-10 18:18:03] [DEBUG] [signal_engine] Signal: SELL score=75.0 conf=0.85 strength=قوي valid=True
[2026-07-10 18:18:03] [INFO] [sentiment] Sentiment XAUUSD: bearish score=88 bull=1 bear=3
[2026-07-10 18:18:03] [DEBUG] [mtf] MTF (snapshot) XAUUSD: H4=bearish H1=neutral M15=neutral aligned=False (weak)
[2026-07-10 18:18:03] [INFO] [main] [VERIFY][DATA_TRUTH] symbol=XAUUSD timeframe=H4/H1/M15 news_fetched=True indicators_fetched=True live_data=True cached=False
[2026-07-10 18:18:03] [INFO] [voting_engine] XAUUSD: MTF weakly misaligned, reducing score 10%
[2026-07-10 18:18:03] [DEBUG] [hybrid_market_client] Fetching indicators for XAUUSD (QuantDinger only)
[2026-07-10 18:18:03] [DEBUG] [market_client] Candles XAUUSD 4H: 100 bars ✓
[2026-07-10 18:18:03] [DEBUG] [hybrid_market_client] ✓ Got live data from QuantDinger for XAUUSD
[2026-07-10 18:18:03] [DEBUG] [hybrid_market_client] Fetching indicators for XAUUSD (QuantDinger only)
[2026-07-10 18:18:03] [DEBUG] [market_client] Using cached candles for XAUUSD 4H (age: 0s)
[2026-07-10 18:18:03] [DEBUG] [hybrid_market_client] ✓ Got live data from QuantDinger for XAUUSD
[2026-07-10 18:18:03] [INFO] [sltp] SL/TP XAUUSD: entry=4107.7998046875 atr=35.72860 sl=4117.7998 tp=4018.4783
[2026-07-10 18:18:03] [INFO] [position_sizing] Position size: 0.1 (equity=74402, risk=0.000, sl_dist=10.00000, score=54, cons_loss=8)
[2026-07-10 18:18:03] [DEBUG] [xgboost_v2] V2 predict: rsi=45.1 atr=35.72860 regime=TRENDING session=new_york dir=SELL -> p_win=0.012
[2026-07-10 18:18:03] [INFO] [xgboost_v2] [VERIFY] XGBOOST PREDICTION p_win=0.012 available=True
[2026-07-10 18:18:03] [INFO] [main] [VERIFY][DECISION_TRUTH] bias=bearish score=53.7 confidence=0.753 vote=SELL risk_passed=True sl_tp_calculated=True position_size=0.1 xgboost_p_win=0.012474164366722107 final_decision_valid=False reject_reason=p_win<threshold (p_win=0.012 threshold=0.6)
[2026-07-10 18:18:03] [INFO] [main] --- GBPUSD ---
[2026-07-10 18:18:07] [INFO] [deepseek] DEEPSEEK OK: {
  "impact_score": 45,
  "bias": "bullish",
  "confidence": 0.65,
  "reason": "الاتجاه الصاعد قوي د...
[2026-07-10 18:18:07] [INFO] [deepseek] AI GBPUSD: bias=bullish impact=45.0 conf=0.65
[2026-07-10 18:18:07] [INFO] [signal_engine] [VERIFY] SIGNAL_INPUT bias=bullish score=45.0 confidence=0.65
[2026-07-10 18:18:07] [INFO] [signal_engine] [VERIFY] SIGNAL_RULE rule=confidence>=0.60 actual=0.65 result=True
[2026-07-10 18:18:07] [INFO] [signal_engine] [VERIFY] SIGNAL_RULE rule=score>=55 actual=45.0 result=False
[2026-07-10 18:18:07] [INFO] [signal_engine] [VERIFY] SIGNAL_RULE rule=bias in [bullish,bearish] actual=bullish result=True
[2026-07-10 18:18:07] [INFO] [signal_engine] [VERIFY] SIGNAL_FINAL direction=BUY score=45.0 confidence=0.65 valid=False
[2026-07-10 18:18:07] [INFO] [signal_engine] [VERIFY] SIGNAL_FAILURE_REASONS
[2026-07-10 18:18:07] [INFO] [signal_engine] * score below threshold
[2026-07-10 18:18:07] [INFO] [signal_engine] [VERIFY] SIGNAL_FAILURE_LOCATION file=F:\files (2)\google\botdd\trading_bot_v3\decision\signal_engine.py function=generate_signal
[2026-07-10 18:18:07] [DEBUG] [signal_engine] Signal: BUY score=45.0 conf=0.65 strength=ضعيف valid=False
[2026-07-10 18:18:07] [INFO] [sentiment] Sentiment GBPUSD: bullish score=100 bull=1 bear=0
[2026-07-10 18:18:07] [DEBUG] [mtf] MTF (snapshot) GBPUSD: H4=bullish H1=bullish M15=bullish aligned=True (strong)
[2026-07-10 18:18:07] [INFO] [main] [VERIFY][DATA_TRUTH] symbol=GBPUSD timeframe=H4/H1/M15 news_fetched=True indicators_fetched=True live_data=True cached=False
[2026-07-10 18:18:07] [INFO] [voting_engine] GBPUSD: MTF strongly aligned, boosting score 10%
[2026-07-10 18:18:07] [DEBUG] [hybrid_market_client] Fetching indicators for GBPUSD (QuantDinger only)
[2026-07-10 18:18:07] [DEBUG] [market_client] Candles GBPUSD 4H: 100 bars ✓
[2026-07-10 18:18:07] [DEBUG] [hybrid_market_client] ✓ Got live data from QuantDinger for GBPUSD
[2026-07-10 18:18:07] [DEBUG] [hybrid_market_client] Fetching indicators for GBPUSD (QuantDinger only)
[2026-07-10 18:18:07] [DEBUG] [market_client] Using cached candles for GBPUSD 4H (age: 0s)
[2026-07-10 18:18:07] [DEBUG] [hybrid_market_client] ✓ Got live data from QuantDinger for GBPUSD
[2026-07-10 18:18:07] [INFO] [sltp] SL/TP GBPUSD: entry=1.3417595624923706 atr=0.00304 sl=1.33721 tp=1.34935
[2026-07-10 18:18:07] [INFO] [position_sizing] Position size: 0.5 (equity=74402, risk=0.001, sl_dist=0.00455, score=99, cons_loss=8)
[2026-07-10 18:18:07] [DEBUG] [xgboost_v2] V2 predict: rsi=64.0 atr=0.00304 regime=TRENDING session=new_york dir=BUY -> p_win=0.054
[2026-07-10 18:18:07] [INFO] [xgboost_v2] [VERIFY] XGBOOST PREDICTION p_win=0.054 available=True
[2026-07-10 18:18:07] [INFO] [main] [VERIFY][DECISION_TRUTH] bias=bullish score=99.0 confidence=0.987 vote=BUY risk_passed=True sl_tp_calculated=True position_size=0.5 xgboost_p_win=0.054117195308208466 final_decision_valid=False reject_reason=p_win<threshold (p_win=0.054 threshold=0.6)
[2026-07-10 18:18:07] [INFO] [adaptive_weights] EURUSD weights updated: {'ai': 0.239, 'trend': 0.239, 'momentum': 0.239, 'sentiment': 0.239, 'volatility': 0.043} | WR=12.0% PF=3.2
[2026-07-10 18:18:07] [INFO] [adaptive_weights] GBPUSD weights updated: {'ai': 0.239, 'trend': 0.239, 'momentum': 0.239, 'sentiment': 0.239, 'volatility': 0.043} | WR=13.0% PF=8.53
[2026-07-10 18:18:07] [INFO] [adaptive_weights] 🏆 أفضل زوج: EURUSD | WR=12.0% | PnL=152.0$
[2026-07-10 18:18:07] [INFO] [adaptive_weights] ⚠️ أسوأ زوج: XAUUSD | WR=0.0% | PnL=-16.8$
[2026-07-10 18:18:07] [INFO] [main] Sleeping 1800s...
[2026-07-10 18:18:11] [INFO] [post_entry_trade_monitor] [MONITOR_ID_DIAG] ts=1783696691 symbol=EURUSD d_ticket=9519062040 d_position_id=None d_id=None chosen_ticket=9519062040
[2026-07-10 18:18:11] [INFO] [post_entry_manager] [POST_ENTRY] New position detected ticket=9519062040 symbol=EURUSD
[2026-07-10 18:18:11] [INFO] [post_entry_manager] [POST_ENTRY] Monitoring ticket=9519062040
[2026-07-10 18:18:11] [DEBUG] [market_client] Using cached candles for EURUSD H4 (age: 15s)
[2026-07-10 18:18:11] [INFO] [stop_loss_breach_rule] [SL_CHECK] ticket=9519062040 direction=buy current=1.14312 sl=0 breached=False
[2026-07-10 18:18:11] [INFO] [red_flag_detector] ========== RED FLAG REPORT ==========
[2026-07-10 18:18:11] [INFO] [red_flag_detector] ProfitDecay : NO
[2026-07-10 18:18:11] [INFO] [red_flag_detector] TradeHealth : NO
[2026-07-10 18:18:11] [INFO] [red_flag_detector] ATRSpike : NO
[2026-07-10 18:18:11] [INFO] [red_flag_detector] BadRegime : NO
[2026-07-10 18:18:11] [INFO] [red_flag_detector] FlagCount : 0
[2026-07-10 18:18:11] [INFO] [red_flag_detector] Score : 0.000
[2026-07-10 18:18:11] [INFO] [red_flag_detector] Severity : 0
[2026-07-10 18:18:11] [INFO] [red_flag_detector] ======================================
[2026-07-10 18:18:11] [DEBUG] [hybrid_market_client] Fetching indicators for EURUSD (QuantDinger only)
[2026-07-10 18:18:11] [DEBUG] [market_client] Using cached candles for EURUSD H4 (age: 15s)
[2026-07-10 18:18:11] [DEBUG] [hybrid_market_client] ✓ Got live data from QuantDinger for EURUSD
[2026-07-10 18:18:11] [DEBUG] [hybrid_market_client] Fetching indicators for EURUSD (QuantDinger only)
[2026-07-10 18:18:11] [DEBUG] [market_client] Using cached candles for EURUSD H1 (age: 15s)
[2026-07-10 18:18:11] [DEBUG] [hybrid_market_client] ✓ Got live data from QuantDinger for EURUSD
[2026-07-10 18:18:11] [DEBUG] [market_client] Using cached candles for EURUSD H4 (age: 15s)
[2026-07-10 18:18:11] [WARNING] [xgboost_exit_adapter] [EXIT_MODEL][WARN] spread not available for symbol=EURUSD -> using 15.0 (spread_source=expected_row.spread)
[2026-07-10 18:18:11] [WARNING] [xgboost_exit_adapter] [EXIT_MODEL][WARN] mfe was 0.0 -> computed mfe=max(0.0, current_profit) mfe=0.0 current_profit=-1.0
[2026-07-10 18:18:11] [WARNING] [xgboost_exit_adapter] [EXIT_MODEL][WARN] trend_h1 missing for symbol=EURUSD -> using 50.0 (neutral placeholder)
[2026-07-10 18:18:11] [WARNING] [xgboost_exit_adapter] [EXIT_MODEL][WARN] trend_h4 missing for symbol=EURUSD -> using 50.0 (neutral placeholder)
[2026-07-10 18:18:11] [WARNING] [xgboost_exit_adapter] [EXIT_MODEL][WARN] mfe is 0 for symbol=EURUSD (possible state not updating?)
[2026-07-10 18:18:11] [INFO] [xgboost_exit_adapter] [EXIT_MODEL][DEBUG_FEATURE_VECTOR] symbol=EURUSD FEATURE_ORDER_VALUES=
[2026-07-10 18:18:11] [INFO] [xgboost_exit_adapter] [EXIT_MODEL][DEBUG_FEATURE] mfe=0.0
[2026-07-10 18:18:11] [INFO] [xgboost_exit_adapter] [EXIT_MODEL][DEBUG_FEATURE] mae=-1.0
[2026-07-10 18:18:11] [INFO] [xgboost_exit_adapter] [EXIT_MODEL][DEBUG_FEATURE] entry_atr=0.00196
[2026-07-10 18:18:11] [INFO] [xgboost_exit_adapter] [EXIT_MODEL][DEBUG_FEATURE] entry_rsi=57.5
[2026-07-10 18:18:11] [INFO] [xgboost_exit_adapter] [EXIT_MODEL][DEBUG_FEATURE] entry_adx=14.43679436446144
[2026-07-10 18:18:11] [INFO] [xgboost_exit_adapter] [EXIT_MODEL][DEBUG_FEATURE] market_regime=2.0
[2026-07-10 18:18:11] [INFO] [xgboost_exit_adapter] [EXIT_MODEL][DEBUG_FEATURE] trade_duration=0.0
[2026-07-10 18:18:11] [INFO] [xgboost_exit_adapter] [EXIT_MODEL][DEBUG_FEATURE] spread=15.0
[2026-07-10 18:18:11] [INFO] [xgboost_exit_adapter] [EXIT_MODEL][DEBUG_FEATURE] volume=1.0
[2026-07-10 18:18:11] [INFO] [xgboost_exit_adapter] [EXIT_MODEL][DEBUG_FEATURE] session=3.0
[2026-07-10 18:18:11] [INFO] [xgboost_exit_adapter] [EXIT_MODEL][DEBUG_FEATURE] trend_h1=50.0
[2026-07-10 18:18:11] [INFO] [xgboost_exit_adapter] [EXIT_MODEL][DEBUG_FEATURE] trend_h4=50.0
[2026-07-10 18:18:11] [INFO] [xgboost_exit_model] Loaded Exit Model from F:\files (2)\google\botdd\trading_bot_v3\models\xgboost_exit_model.json
[2026-07-10 18:18:11] [INFO] [xgboost_exit_model] [EXIT_MODEL] XGBoost prediction: probability=97.7%
[2026-07-10 18:18:11] [INFO] [xgboost_exit_adapter] [EXIT_MODEL] symbol=EURUSD prediction_exit_probability=0.9766 decision_signal=97.7%
[2026-07-10 18:18:21] [INFO] [post_entry_trade_monitor] [MONITOR_ID_DIAG] ts=1783696701 symbol=EURUSD d_ticket=9519062040 d_position_id=None d_id=None chosen_ticket=9519062040
[2026-07-10 18:18:21] [INFO] [post_entry_manager] [POST_ENTRY] Monitoring ticket=9519062040
[2026-07-10 18:18:21] [DEBUG] [market_client] Using cached candles for EURUSD H4 (age: 25s)
[2026-07-10 18:18:21] [INFO] [stop_loss_breach_rule] [SL_CHECK] ticket=9519062040 direction=buy current=1.14318 sl=0 breached=False
[2026-07-10 18:18:21] [INFO] [red_flag_detector] ========== RED FLAG REPORT ==========
[2026-07-10 18:18:21] [INFO] [red_flag_detector] ProfitDecay : NO
[2026-07-10 18:18:21] [INFO] [red_flag_detector] TradeHealth : NO
[2026-07-10 18:18:21] [INFO] [red_flag_detector] ATRSpike : NO
[2026-07-10 18:18:21] [INFO] [red_flag_detector] BadRegime : NO
[2026-07-10 18:18:21] [INFO] [red_flag_detector] FlagCount : 0
[2026-07-10 18:18:21] [INFO] [red_flag_detector] Score : 0.000
[2026-07-10 18:18:21] [INFO] [red_flag_detector] Severity : 0
[2026-07-10 18:18:21] [INFO] [red_flag_detector] ======================================
[2026-07-10 18:18:21] [DEBUG] [hybrid_market_client] Fetching indicators for EURUSD (QuantDinger only)
[2026-07-10 18:18:21] [DEBUG] [market_client] Using cached candles for EURUSD H4 (age: 25s)
[2026-07-10 18:18:21] [DEBUG] [hybrid_market_client] ✓ Got live data from QuantDinger for EURUSD
[2026-07-10 18:18:21] [DEBUG] [hybrid_market_client] Fetching indicators for EURUSD (QuantDinger only)
[2026-07-10 18:18:21] [DEBUG] [market_client] Using cached candles for EURUSD H1 (age: 25s)
[2026-07-10 18:18:21] [DEBUG] [hybrid_market_client] ✓ Got live data from QuantDinger for EURUSD
[2026-07-10 18:18:21] [DEBUG] [market_client] Using cached candles for EURUSD H4 (age: 25s)
[2026-07-10 18:18:21] [WARNING] [xgboost_exit_adapter] [EXIT_MODEL][WARN] spread not available for symbol=EURUSD -> using 15.0 (spread_source=expected_row.spread)
[2026-07-10 18:18:21] [WARNING] [xgboost_exit_adapter] [EXIT_MODEL][WARN] mfe was 0.0 -> computed mfe=max(0.0, current_profit) mfe=0.0 current_profit=-7.0
[2026-07-10 18:18:21] [WARNING] [xgboost_exit_adapter] [EXIT_MODEL][WARN] trend_h1 missing for symbol=EURUSD -> using 50.0 (neutral placeholder)
[2026-07-10 18:18:21] [WARNING] [xgboost_exit_adapter] [EXIT_MODEL][WARN] trend_h4 missing for symbol=EURUSD -> using 50.0 (neutral placeholder)
[2026-07-10 18:18:21] [WARNING] [xgboost_exit_adapter] [EXIT_MODEL][WARN] mfe is 0 for symbol=EURUSD (possible state not updating?)
[2026-07-10 18:18:21] [INFO] [xgboost_exit_adapter] [EXIT_MODEL][DEBUG_FEATURE_VECTOR] symbol=EURUSD FEATURE_ORDER_VALUES=
[2026-07-10 18:18:21] [INFO] [xgboost_exit_adapter] [EXIT_MODEL][DEBUG_FEATURE] mfe=0.0
[2026-07-10 18:18:21] [INFO] [xgboost_exit_adapter] [EXIT_MODEL][DEBUG_FEATURE] mae=-7.0
[2026-07-10 18:18:21] [INFO] [xgboost_exit_adapter] [EXIT_MODEL][DEBUG_FEATURE] entry_atr=0.00196
[2026-07-10 18:18:21] [INFO] [xgboost_exit_adapter] [EXIT_MODEL][DEBUG_FEATURE] entry_rsi=57.5
[2026-07-10 18:18:21] [INFO] [xgboost_exit_adapter] [EXIT_MODEL][DEBUG_FEATURE] entry_adx=14.43679436446144
[2026-07-10 18:18:21] [INFO] [xgboost_exit_adapter] [EXIT_MODEL][DEBUG_FEATURE] market_regime=2.0
[2026-07-10 18:18:21] [INFO] [xgboost_exit_adapter] [EXIT_MODEL][DEBUG_FEATURE] trade_duration=0.0
[2026-07-10 18:18:21] [INFO] [xgboost_exit_adapter] [EXIT_MODEL][DEBUG_FEATURE] spread=15.0
[2026-07-10 18:18:21] [INFO] [xgboost_exit_adapter] [EXIT_MODEL][DEBUG_FEATURE] volume=1.0
[2026-07-10 18:18:21] [INFO] [xgboost_exit_adapter] [EXIT_MODEL][DEBUG_FEATURE] session=3.0
[2026-07-10 18:18:21] [INFO] [xgboost_exit_adapter] [EXIT_MODEL][DEBUG_FEATURE] trend_h1=50.0
[2026-07-10 18:18:21] [INFO] [xgboost_exit_adapter] [EXIT_MODEL][DEBUG_FEATURE] trend_h4=50.0
[2026-07-10 18:18:21] [INFO] [xgboost_exit_model] [EXIT_MODEL] XGBoost prediction: probability=97.7%
[2026-07-10 18:18:21] [INFO] [xgboost_exit_adapter] [EXIT_MODEL] symbol=EURUSD prediction_exit_probability=0.9766 decision_signal=97.7%
[2026-07-10 18:18:46] [WARNING] [reconciliation] [RECONCILE] positions_get returned None attempt=1/3 last_error=(-10004, 'No IPC connection')
[2026-07-10 18:18:46] [WARNING] [reconciliation] [RECONCILE] IPC still failing (-10004). shutdown+initialize before next retry...
[2026-07-10 18:18:49] [WARNING] [reconciliation] Unknown position in QD: 9519062040 EURUSD
[2026-07-10 18:18:49] [INFO] [reconciliation] Reconciliation: {'db_count': 0, 'qd_count': 1, 'fixes': 0, 'mismatches': ['QD orphan: 9519062040']}
[2026-07-10 18:18:51] [INFO] [post_entry_trade_monitor] [MONITOR_ID_DIAG] ts=1783696731 symbol=EURUSD d_ticket=9519062040 d_position_id=None d_id=None chosen_ticket=9519062040
[2026-07-10 18:18:51] [INFO] [post_entry_manager] [POST_ENTRY] Monitoring ticket=9519062040
[2026-07-10 18:18:51] [DEBUG] [market_client] Using cached candles for EURUSD H4 (age: 55s)
[2026-07-10 18:18:51] [INFO] [stop_loss_breach_rule] [SL_CHECK] ticket=9519062040 direction=buy current=1.1432 sl=0 breached=False
[2026-07-10 18:18:51] [INFO] [red_flag_detector] ========== RED FLAG REPORT ==========
[2026-07-10 18:18:51] [INFO] [red_flag_detector] ProfitDecay : NO
[2026-07-10 18:18:51] [INFO] [red_flag_detector] TradeHealth : NO
[2026-07-10 18:18:51] [INFO] [red_flag_detector] ATRSpike : NO
[2026-07-10 18:18:51] [INFO] [red_flag_detector] BadRegime : NO
[2026-07-10 18:18:51] [INFO] [red_flag_detector] FlagCount : 0
[2026-07-10 18:18:51] [INFO] [red_flag_detector] Score : 0.000
[2026-07-10 18:18:51] [INFO] [red_flag_detector] Severity : 0
[2026-07-10 18:18:51] [INFO] [red_flag_detector] ======================================
[2026-07-10 18:18:51] [DEBUG] [hybrid_market_client] Fetching indicators for EURUSD (QuantDinger only)
[2026-07-10 18:18:51] [DEBUG] [market_client] Using cached candles for EURUSD H4 (age: 55s)
[2026-07-10 18:18:51] [DEBUG] [hybrid_market_client] ✓ Got live data from QuantDinger for EURUSD
[2026-07-10 18:18:51] [DEBUG] [hybrid_market_client] Fetching indicators for EURUSD (QuantDinger only)
[2026-07-10 18:18:51] [DEBUG] [market_client] Using cached candles for EURUSD H1 (age: 55s)
[2026-07-10 18:18:51] [DEBUG] [hybrid_market_client] ✓ Got live data from QuantDinger for EURUSD
[2026-07-10 18:18:51] [DEBUG] [market_client] Using cached candles for EURUSD H4 (age: 55s)
[2026-07-10 18:18:51] [WARNING] [xgboost_exit_adapter] [EXIT_MODEL][WARN] spread not available for symbol=EURUSD -> using 15.0 (spread_source=expected_row.spread)
[2026-07-10 18:18:51] [WARNING] [xgboost_exit_adapter] [EXIT_MODEL][WARN] mfe was 0.0 -> computed mfe=max(0.0, current_profit) mfe=0.0 current_profit=-9.0
[2026-07-10 18:18:51] [WARNING] [xgboost_exit_adapter] [EXIT_MODEL][WARN] trend_h1 missing for symbol=EURUSD -> using 50.0 (neutral placeholder)
[2026-07-10 18:18:51] [WARNING] [xgboost_exit_adapter] [EXIT_MODEL][WARN] trend_h4 missing for symbol=EURUSD -> using 50.0 (neutral placeholder)
[2026-07-10 18:18:51] [WARNING] [xgboost_exit_adapter] [EXIT_MODEL][WARN] mfe is 0 for symbol=EURUSD (possible state not updating?)
[2026-07-10 18:18:51] [INFO] [xgboost_exit_adapter] [EXIT_MODEL][DEBUG_FEATURE_VECTOR] symbol=EURUSD FEATURE_ORDER_VALUES=
[2026-07-10 18:18:51] [INFO] [xgboost_exit_adapter] [EXIT_MODEL][DEBUG_FEATURE] mfe=0.0
[2026-07-10 18:18:51] [INFO] [xgboost_exit_adapter] [EXIT_MODEL][DEBUG_FEATURE] mae=-9.0
[2026-07-10 18:18:51] [INFO] [xgboost_exit_adapter] [EXIT_MODEL][DEBUG_FEATURE] entry_atr=0.00196
[2026-07-10 18:18:51] [INFO] [xgboost_exit_adapter] [EXIT_MODEL][DEBUG_FEATURE] entry_rsi=57.5
[2026-07-10 18:18:51] [INFO] [xgboost_exit_adapter] [EXIT_MODEL][DEBUG_FEATURE] entry_adx=14.43679436446144
[2026-07-10 18:18:51] [INFO] [xgboost_exit_adapter] [EXIT_MODEL][DEBUG_FEATURE] market_regime=2.0
[2026-07-10 18:18:51] [INFO] [xgboost_exit_adapter] [EXIT_MODEL][DEBUG_FEATURE] trade_duration=0.0
[2026-07-10 18:18:51] [INFO] [xgboost_exit_adapter] [EXIT_MODEL][DEBUG_FEATURE] spread=15.0
[2026-07-10 18:18:51] [INFO] [xgboost_exit_adapter] [EXIT_MODEL][DEBUG_FEATURE] volume=1.0
[2026-07-10 18:18:51] [INFO] [xgboost_exit_adapter] [EXIT_MODEL][DEBUG_FEATURE] session=3.0
[2026-07-10 18:18:51] [INFO] [xgboost_exit_adapter] [EXIT_MODEL][DEBUG_FEATURE] trend_h1=50.0
[2026-07-10 18:18:51] [INFO] [xgboost_exit_adapter] [EXIT_MODEL][DEBUG_FEATURE] trend_h4=50.0
[2026-07-10 18:18:51] [INFO] [xgboost_exit_model] [EXIT_MODEL] XGBoost prediction: probability=97.7%
[2026-07-10 18:18:51] [INFO] [xgboost_exit_adapter] [EXIT_MODEL] symbol=EURUSD prediction_exit_probability=0.9766 decision_signal=97.7%
[2026-07-10 18:20:55] [INFO] [train_pipeline] DATASET SCAN started
[2026-07-10 18:20:55] [INFO] [train_pipeline] DATASET CLEAN
[2026-07-10 18:20:55] [INFO] [train_pipeline] dataset_stats={'total_rows': 415, 'accepted_rows': 415, 'rejected_rows': 0, 'rejection_examples': []}
[2026-07-10 18:20:55] [INFO] [train_pipeline] TRAINING STARTED
[2026-07-10 18:20:55] [INFO] [xgboost_trainer] XGBoost training started (FORCE_TRAIN=True, min_rows=50)
[2026-07-10 18:20:55] [INFO] [ml_dataset_builder] ML dataset build: accepted=415 rejected=0 clean_ratio=100.00% total=415 strict_mode=True
[2026-07-10 18:20:57] [INFO] [xgboost_trainer] Saved model version: models/xgb_model_v1783696857.json
[2026-07-10 18:20:57] [INFO] [xgboost_trainer] XGBoost training completed: total=415 train=312 test=103 task=classification metrics={'task': 'classification', 'accuracy': 0.9805825242718447, 'precision': 1.0, 'recall': 0.8181818181818182, 'win_rate_pred_positive': 1.0}
[2026-07-10 18:20:57] [INFO] [xgboost_trainer] Saved latest model pointer: models/xgb_model.json
[2026-07-10 18:20:57] [INFO] [train_pipeline] MODEL SAVED
[2026-07-10 18:20:57] [INFO] [train_pipeline] train_result={'ok': True, 'total': 415, 'train_size': 312, 'test_size': 103, 'task': 'classification', 'metrics': {'task': 'classification', 'accuracy': 0.9805825242718447, 'precision': 1.0, 'recall': 0.8181818181818182, 'win_rate_pred_positive': 1.0}, 'model_path': 'models/xgb_model.json', 'version_path': 'models/xgb_model_v1783696857.json', 'feature_importance_path': 'models/feature_importance.json'}
[2026-07-10 18:21:10] [DEBUG] [hybrid_market_client] Fetching indicators for EURUSD (QuantDinger only)
[2026-07-10 18:21:11] [INFO] [qd_client] Logged in to QuantDinger
[2026-07-10 18:21:11] [DEBUG] [market_client] Candles EURUSD 4H: 100 bars ✓
[2026-07-10 18:21:11] [DEBUG] [hybrid_market_client] ✓ Got live data from QuantDinger for EURUSD
[2026-07-10 18:21:11] [DEBUG] [hybrid_market_client] Fetching indicators for EURUSD (QuantDinger only)
[2026-07-10 18:21:11] [DEBUG] [market_client] Candles EURUSD 4H: 100 bars ✓
[2026-07-10 18:21:11] [DEBUG] [hybrid_market_client] ✓ Got live data from QuantDinger for EURUSD
[2026-07-10 18:21:11] [DEBUG] [market_client] Using cached candles for EURUSD H4 (age: 0s)
[2026-07-10 18:21:11] [WARNING] [xgboost_exit_adapter] [EXIT_MODEL][WARN] mae was 0.0 -> computed mae=min(0.0, current_profit) mae=0.0 current_profit=0.0
[2026-07-10 18:21:11] [WARNING] [xgboost_exit_adapter] [EXIT_MODEL][WARN] mfe was 0.0 -> computed mfe=max(0.0, current_profit) mfe=0.0 current_profit=0.0
[2026-07-10 18:21:11] [WARNING] [xgboost_exit_adapter] [EXIT_MODEL][WARN] trend_h1 missing for symbol=EURUSD -> using 50.0 (neutral placeholder)
[2026-07-10 18:21:11] [WARNING] [xgboost_exit_adapter] [EXIT_MODEL][WARN] trend_h4 missing for symbol=EURUSD -> using 50.0 (neutral placeholder)
[2026-07-10 18:21:11] [WARNING] [xgboost_exit_adapter] [EXIT_MODEL][WARN] mfe is 0 for symbol=EURUSD (possible state not updating?)
[2026-07-10 18:21:11] [WARNING] [xgboost_exit_adapter] [EXIT_MODEL][WARN] mae is 0 for symbol=EURUSD (possible state not updating?)
[2026-07-10 18:21:11] [WARNING] [xgboost_exit_adapter] [EXIT_MODEL][WARN] market_regime placeholder_Unknown for symbol=EURUSD -> using safe default 'ranging'
[2026-07-10 18:21:11] [INFO] [xgboost_exit_adapter] [EXIT_MODEL][DEBUG_FEATURE_VECTOR] symbol=EURUSD FEATURE_ORDER_VALUES=
[2026-07-10 18:21:11] [INFO] [xgboost_exit_adapter] [EXIT_MODEL][DEBUG_FEATURE] mfe=0.0
[2026-07-10 18:21:11] [INFO] [xgboost_exit_adapter] [EXIT_MODEL][DEBUG_FEATURE] mae=0.0
[2026-07-10 18:21:11] [INFO] [xgboost_exit_adapter] [EXIT_MODEL][DEBUG_FEATURE] entry_atr=0.00196
[2026-07-10 18:21:11] [INFO] [xgboost_exit_adapter] [EXIT_MODEL][DEBUG_FEATURE] entry_rsi=57.5
[2026-07-10 18:21:11] [INFO] [xgboost_exit_adapter] [EXIT_MODEL][DEBUG_FEATURE] entry_adx=20.0
[2026-07-10 18:21:11] [INFO] [xgboost_exit_adapter] [EXIT_MODEL][DEBUG_FEATURE] market_regime=2.0
[2026-07-10 18:21:11] [INFO] [xgboost_exit_adapter] [EXIT_MODEL][DEBUG_FEATURE] trade_duration=1.0054076194763184
[2026-07-10 18:21:11] [INFO] [xgboost_exit_adapter] [EXIT_MODEL][DEBUG_FEATURE] spread=15.0
[2026-07-10 18:21:11] [INFO] [xgboost_exit_adapter] [EXIT_MODEL][DEBUG_FEATURE] volume=0.6
[2026-07-10 18:21:11] [INFO] [xgboost_exit_adapter] [EXIT_MODEL][DEBUG_FEATURE] session=1.0
[2026-07-10 18:21:11] [INFO] [xgboost_exit_adapter] [EXIT_MODEL][DEBUG_FEATURE] trend_h1=50.0
[2026-07-10 18:21:11] [INFO] [xgboost_exit_adapter] [EXIT_MODEL][DEBUG_FEATURE] trend_h4=50.0
[2026-07-10 18:21:11] [INFO] [xgboost_exit_model] Loaded Exit Model from F:\files (2)\google\botdd\trading_bot_v3\models\xgboost_exit_model.json
[2026-07-10 18:21:11] [INFO] [xgboost_exit_model] [EXIT_MODEL] XGBoost prediction: probability=97.7%
[2026-07-10 18:21:11] [INFO] [xgboost_exit_adapter] [EXIT_MODEL] symbol=EURUSD prediction_exit_probability=0.9766 decision_signal=97.7%
[2026-07-10 18:26:23] [INFO] [database] V3 Database initialized with all tables
[2026-07-10 18:26:30] [INFO] [train_pipeline] DATASET SCAN started
[2026-07-10 18:26:30] [INFO] [train_pipeline] DATASET CLEAN
[2026-07-10 18:26:30] [INFO] [train_pipeline] dataset_stats={'total_rows': 498, 'accepted_rows': 498, 'rejected_rows': 0, 'rejection_examples': []}
[2026-07-10 18:26:30] [INFO] [train_pipeline] TRAINING STARTED
[2026-07-10 18:26:30] [INFO] [xgboost_trainer] XGBoost training started (FORCE_TRAIN=True, min_rows=50)
[2026-07-10 18:26:30] [INFO] [ml_dataset_builder] ML dataset build: accepted=498 rejected=0 clean_ratio=100.00% total=498 strict_mode=True
[2026-07-10 18:26:32] [INFO] [xgboost_trainer] Saved model version: models/xgb_model_v1783697192.json
[2026-07-10 18:26:32] [INFO] [xgboost_trainer] XGBoost training completed: total=498 train=374 test=124 task=classification metrics={'task': 'classification', 'accuracy': 0.9758064516129032, 'precision': 1.0, 'recall': 0.8235294117647058, 'win_rate_pred_positive': 1.0}
[2026-07-10 18:26:32] [INFO] [xgboost_trainer] Saved latest model pointer: models/xgb_model.json
[2026-07-10 18:26:32] [INFO] [train_pipeline] MODEL SAVED
[2026-07-10 18:26:32] [INFO] [train_pipeline] train_result={'ok': True, 'total': 498, 'train_size': 374, 'test_size': 124, 'task': 'classification', 'metrics': {'task': 'classification', 'accuracy': 0.9758064516129032, 'precision': 1.0, 'recall': 0.8235294117647058, 'win_rate_pred_positive': 1.0}, 'model_path': 'models/xgb_model.json', 'version_path': 'models/xgb_model_v1783697192.json', 'feature_importance_path': 'models/feature_importance.json'}
[2026-07-10 18:26:43] [DEBUG] [hybrid_market_client] Fetching indicators for EURUSD (QuantDinger only)
[2026-07-10 18:26:43] [INFO] [qd_client] Logged in to QuantDinger
[2026-07-10 18:26:43] [DEBUG] [market_client] Candles EURUSD 4H: 100 bars ✓
[2026-07-10 18:26:43] [DEBUG] [hybrid_market_client] ✓ Got live data from QuantDinger for EURUSD
[2026-07-10 18:26:44] [DEBUG] [hybrid_market_client] Fetching indicators for EURUSD (QuantDinger only)
[2026-07-10 18:26:44] [DEBUG] [market_client] Candles EURUSD 4H: 100 bars ✓
[2026-07-10 18:26:44] [DEBUG] [hybrid_market_client] ✓ Got live data from QuantDinger for EURUSD
[2026-07-10 18:26:44] [DEBUG] [market_client] Using cached candles for EURUSD H4 (age: 0s)
[2026-07-10 18:26:44] [WARNING] [xgboost_exit_adapter] [EXIT_MODEL][WARN] mae was 0.0 -> computed mae=min(0.0, current_profit) mae=0.0 current_profit=0.0
[2026-07-10 18:26:44] [WARNING] [xgboost_exit_adapter] [EXIT_MODEL][WARN] mfe was 0.0 -> computed mfe=max(0.0, current_profit) mfe=0.0 current_profit=0.0
[2026-07-10 18:26:44] [WARNING] [xgboost_exit_adapter] [EXIT_MODEL][WARN] trend_h1 missing for symbol=EURUSD -> using 50.0 (neutral placeholder)
[2026-07-10 18:26:44] [WARNING] [xgboost_exit_adapter] [EXIT_MODEL][WARN] trend_h4 missing for symbol=EURUSD -> using 50.0 (neutral placeholder)
[2026-07-10 18:26:44] [WARNING] [xgboost_exit_adapter] [EXIT_MODEL][WARN] mfe is 0 for symbol=EURUSD (possible state not updating?)
[2026-07-10 18:26:44] [WARNING] [xgboost_exit_adapter] [EXIT_MODEL][WARN] mae is 0 for symbol=EURUSD (possible state not updating?)
[2026-07-10 18:26:44] [WARNING] [xgboost_exit_adapter] [EXIT_MODEL][WARN] market_regime placeholder_Unknown for symbol=EURUSD -> using safe default 'ranging'
[2026-07-10 18:26:44] [INFO] [xgboost_exit_adapter] [EXIT_MODEL][DEBUG_FEATURE_VECTOR] symbol=EURUSD FEATURE_ORDER_VALUES=
[2026-07-10 18:26:44] [INFO] [xgboost_exit_adapter] [EXIT_MODEL][DEBUG_FEATURE] mfe=0.0
[2026-07-10 18:26:44] [INFO] [xgboost_exit_adapter] [EXIT_MODEL][DEBUG_FEATURE] mae=0.0
[2026-07-10 18:26:44] [INFO] [xgboost_exit_adapter] [EXIT_MODEL][DEBUG_FEATURE] entry_atr=0.001988
[2026-07-10 18:26:44] [INFO] [xgboost_exit_adapter] [EXIT_MODEL][DEBUG_FEATURE] entry_rsi=58.6
[2026-07-10 18:26:44] [INFO] [xgboost_exit_adapter] [EXIT_MODEL][DEBUG_FEATURE] entry_adx=20.0
[2026-07-10 18:26:44] [INFO] [xgboost_exit_adapter] [EXIT_MODEL][DEBUG_FEATURE] market_regime=2.0
[2026-07-10 18:26:44] [INFO] [xgboost_exit_adapter] [EXIT_MODEL][DEBUG_FEATURE] trade_duration=1.0110350926717122
[2026-07-10 18:26:44] [INFO] [xgboost_exit_adapter] [EXIT_MODEL][DEBUG_FEATURE] spread=15.0
[2026-07-10 18:26:44] [INFO] [xgboost_exit_adapter] [EXIT_MODEL][DEBUG_FEATURE] volume=0.6
[2026-07-10 18:26:44] [INFO] [xgboost_exit_adapter] [EXIT_MODEL][DEBUG_FEATURE] session=1.0
[2026-07-10 18:26:44] [INFO] [xgboost_exit_adapter] [EXIT_MODEL][DEBUG_FEATURE] trend_h1=50.0
[2026-07-10 18:26:44] [INFO] [xgboost_exit_adapter] [EXIT_MODEL][DEBUG_FEATURE] trend_h4=50.0
[2026-07-10 18:26:44] [INFO] [xgboost_exit_model] Loaded Exit Model from F:\files (2)\google\botdd\trading_bot_v3\models\xgboost_exit_model.json
[2026-07-10 18:26:44] [INFO] [xgboost_exit_model] [EXIT_MODEL] XGBoost prediction: probability=97.7%
[2026-07-10 18:26:44] [INFO] [xgboost_exit_adapter] [EXIT_MODEL] symbol=EURUSD prediction_exit_probability=0.9766 decision_signal=97.7%
[2026-07-10 18:26:57] [DEBUG] [hybrid_market_client] Fetching indicators for EURUSD (QuantDinger only)
[2026-07-10 18:26:57] [INFO] [qd_client] Logged in to QuantDinger
[2026-07-10 18:26:57] [DEBUG] [market_client] Candles EURUSD 4H: 100 bars ✓
[2026-07-10 18:26:57] [DEBUG] [hybrid_market_client] ✓ Got live data from QuantDinger for EURUSD
[2026-07-10 18:26:57] [DEBUG] [hybrid_market_client] Fetching indicators for EURUSD (QuantDinger only)
[2026-07-10 18:26:57] [DEBUG] [market_client] Candles EURUSD 4H: 100 bars ✓
[2026-07-10 18:26:57] [DEBUG] [hybrid_market_client] ✓ Got live data from QuantDinger for EURUSD
[2026-07-10 18:26:57] [DEBUG] [market_client] Using cached candles for EURUSD H4 (age: 0s)
[2026-07-10 18:26:57] [WARNING] [xgboost_exit_adapter] [EXIT_MODEL][WARN] mae was 0.0 -> computed mae=min(0.0, current_profit) mae=0.0 current_profit=50.0
[2026-07-10 18:26:57] [WARNING] [xgboost_exit_adapter] [EXIT_MODEL][WARN] mae is 0 for symbol=EURUSD (possible state not updating?)
[2026-07-10 18:26:57] [INFO] [xgboost_exit_adapter] [EXIT_MODEL][DEBUG_FEATURE_VECTOR] symbol=EURUSD FEATURE_ORDER_VALUES=
[2026-07-10 18:26:57] [INFO] [xgboost_exit_adapter] [EXIT_MODEL][DEBUG_FEATURE] mfe=50.0
[2026-07-10 18:26:57] [INFO] [xgboost_exit_adapter] [EXIT_MODEL][DEBUG_FEATURE] mae=0.0
[2026-07-10 18:26:57] [INFO] [xgboost_exit_adapter] [EXIT_MODEL][DEBUG_FEATURE] entry_atr=0.001988
[2026-07-10 18:26:57] [INFO] [xgboost_exit_adapter] [EXIT_MODEL][DEBUG_FEATURE] entry_rsi=58.6
[2026-07-10 18:26:57] [INFO] [xgboost_exit_adapter] [EXIT_MODEL][DEBUG_FEATURE] entry_adx=14.436794364461438
[2026-07-10 18:26:57] [INFO] [xgboost_exit_adapter] [EXIT_MODEL][DEBUG_FEATURE] market_regime=0.0
[2026-07-10 18:26:57] [INFO] [xgboost_exit_adapter] [EXIT_MODEL][DEBUG_FEATURE] trade_duration=1.005380101998647
[2026-07-10 18:26:57] [INFO] [xgboost_exit_adapter] [EXIT_MODEL][DEBUG_FEATURE] spread=15.0
[2026-07-10 18:26:57] [INFO] [xgboost_exit_adapter] [EXIT_MODEL][DEBUG_FEATURE] volume=0.6
[2026-07-10 18:26:57] [INFO] [xgboost_exit_adapter] [EXIT_MODEL][DEBUG_FEATURE] session=1.0
[2026-07-10 18:26:57] [INFO] [xgboost_exit_adapter] [EXIT_MODEL][DEBUG_FEATURE] trend_h1=50.0
[2026-07-10 18:26:57] [INFO] [xgboost_exit_adapter] [EXIT_MODEL][DEBUG_FEATURE] trend_h4=50.0
[2026-07-10 18:26:57] [INFO] [xgboost_exit_model] Loaded Exit Model from F:\files (2)\google\botdd\trading_bot_v3\models\xgboost_exit_model.json
[2026-07-10 18:26:57] [INFO] [xgboost_exit_model] [EXIT_MODEL] XGBoost prediction: probability=4.0%
[2026-07-10 18:26:57] [INFO] [xgboost_exit_adapter] [EXIT_MODEL] symbol=EURUSD prediction_exit_probability=0.0399 decision_signal=4.0%
[2026-07-10 18:26:57] [WARNING] [xgboost_exit_adapter] [EXIT_MODEL][WARN] mfe was 0.0 -> computed mfe=max(0.0, current_profit) mfe=0.0 current_profit=-30.0
[2026-07-10 18:26:57] [WARNING] [xgboost_exit_adapter] [EXIT_MODEL][WARN] mfe is 0 for symbol=EURUSD (possible state not updating?)
[2026-07-10 18:26:57] [INFO] [xgboost_exit_adapter] [EXIT_MODEL][DEBUG_FEATURE_VECTOR] symbol=EURUSD FEATURE_ORDER_VALUES=
[2026-07-10 18:26:57] [INFO] [xgboost_exit_adapter] [EXIT_MODEL][DEBUG_FEATURE] mfe=0.0
[2026-07-10 18:26:57] [INFO] [xgboost_exit_adapter] [EXIT_MODEL][DEBUG_FEATURE] mae=-30.0
[2026-07-10 18:26:58] [INFO] [xgboost_exit_adapter] [EXIT_MODEL][DEBUG_FEATURE] entry_atr=0.001988
[2026-07-10 18:26:58] [INFO] [xgboost_exit_adapter] [EXIT_MODEL][DEBUG_FEATURE] entry_rsi=58.6
[2026-07-10 18:26:58] [INFO] [xgboost_exit_adapter] [EXIT_MODEL][DEBUG_FEATURE] entry_adx=14.436794364461438
[2026-07-10 18:26:58] [INFO] [xgboost_exit_adapter] [EXIT_MODEL][DEBUG_FEATURE] market_regime=0.0
[2026-07-10 18:26:58] [INFO] [xgboost_exit_adapter] [EXIT_MODEL][DEBUG_FEATURE] trade_duration=1.0000010887781778
[2026-07-10 18:26:58] [INFO] [xgboost_exit_adapter] [EXIT_MODEL][DEBUG_FEATURE] spread=15.0
[2026-07-10 18:26:58] [INFO] [xgboost_exit_adapter] [EXIT_MODEL][DEBUG_FEATURE] volume=0.6
[2026-07-10 18:26:58] [INFO] [xgboost_exit_adapter] [EXIT_MODEL][DEBUG_FEATURE] session=1.0
[2026-07-10 18:26:58] [INFO] [xgboost_exit_adapter] [EXIT_MODEL][DEBUG_FEATURE] trend_h1=50.0
[2026-07-10 18:26:58] [INFO] [xgboost_exit_adapter] [EXIT_MODEL][DEBUG_FEATURE] trend_h4=50.0
[2026-07-10 18:26:58] [INFO] [xgboost_exit_model] [EXIT_MODEL] XGBoost prediction: probability=97.7%
[2026-07-10 18:26:58] [INFO] [xgboost_exit_adapter] [EXIT_MODEL] symbol=EURUSD prediction_exit_probability=0.9766 decision_signal=97.7%
[2026-07-10 18:28:38] [INFO] [database] V3 Database initialized with all tables
[2026-07-10 18:28:45] [INFO] [train_pipeline] DATASET SCAN started
[2026-07-10 18:28:45] [INFO] [train_pipeline] DATASET CLEAN
[2026-07-10 18:28:45] [INFO] [train_pipeline] dataset_stats={'total_rows': 498, 'accepted_rows': 498, 'rejected_rows': 0, 'rejection_examples': []}
[2026-07-10 18:28:45] [INFO] [train_pipeline] TRAINING STARTED
[2026-07-10 18:28:45] [INFO] [xgboost_trainer] XGBoost training started (FORCE_TRAIN=True, min_rows=50)
[2026-07-10 18:28:45] [INFO] [ml_dataset_builder] ML dataset build: accepted=498 rejected=0 clean_ratio=100.00% total=498 strict_mode=True
[2026-07-10 18:28:47] [INFO] [xgboost_trainer] Saved model version: models/xgb_model_v1783697327.json
[2026-07-10 18:28:47] [INFO] [xgboost_trainer] XGBoost training completed: total=498 train=374 test=124 task=classification metrics={'task': 'classification', 'accuracy': 0.9838709677419355, 'precision': 1.0, 'recall': 0.7777777777777778, 'win_rate_pred_positive': 1.0}
[2026-07-10 18:28:47] [INFO] [xgboost_trainer] Saved latest model pointer: models/xgb_model.json
[2026-07-10 18:28:47] [INFO] [train_pipeline] MODEL SAVED
[2026-07-10 18:28:47] [INFO] [train_pipeline] train_result={'ok': True, 'total': 498, 'train_size': 374, 'test_size': 124, 'task': 'classification', 'metrics': {'task': 'classification', 'accuracy': 0.9838709677419355, 'precision': 1.0, 'recall': 0.7777777777777778, 'win_rate_pred_positive': 1.0}, 'model_path': 'models/xgb_model.json', 'version_path': 'models/xgb_model_v1783697327.json', 'feature_importance_path': 'models/feature_importance.json'}
[2026-07-10 18:28:57] [DEBUG] [hybrid_market_client] Fetching indicators for EURUSD (QuantDinger only)
[2026-07-10 18:28:57] [INFO] [qd_client] Logged in to QuantDinger
[2026-07-10 18:28:57] [DEBUG] [market_client] Candles EURUSD 4H: 100 bars ✓
[2026-07-10 18:28:57] [DEBUG] [hybrid_market_client] ✓ Got live data from QuantDinger for EURUSD
[2026-07-10 18:28:57] [DEBUG] [hybrid_market_client] Fetching indicators for EURUSD (QuantDinger only)
[2026-07-10 18:28:57] [DEBUG] [market_client] Candles EURUSD 4H: 100 bars ✓
[2026-07-10 18:28:57] [DEBUG] [hybrid_market_client] ✓ Got live data from QuantDinger for EURUSD
[2026-07-10 18:28:57] [DEBUG] [market_client] Using cached candles for EURUSD H4 (age: 0s)
[2026-07-10 18:28:57] [WARNING] [xgboost_exit_adapter] [EXIT_MODEL][WARN] mae was 0.0 -> computed mae=min(0.0, current_profit) mae=0.0 current_profit=0.0
[2026-07-10 18:28:57] [WARNING] [xgboost_exit_adapter] [EXIT_MODEL][WARN] mfe was 0.0 -> computed mfe=max(0.0, current_profit) mfe=0.0 current_profit=0.0
[2026-07-10 18:28:57] [WARNING] [xgboost_exit_adapter] [EXIT_MODEL][WARN] trend_h1 missing for symbol=EURUSD -> using 50.0 (neutral placeholder)
[2026-07-10 18:28:57] [WARNING] [xgboost_exit_adapter] [EXIT_MODEL][WARN] trend_h4 missing for symbol=EURUSD -> using 50.0 (neutral placeholder)
[2026-07-10 18:28:57] [WARNING] [xgboost_exit_adapter] [EXIT_MODEL][WARN] mfe is 0 for symbol=EURUSD (possible state not updating?)
[2026-07-10 18:28:57] [WARNING] [xgboost_exit_adapter] [EXIT_MODEL][WARN] mae is 0 for symbol=EURUSD (possible state not updating?)
[2026-07-10 18:28:57] [WARNING] [xgboost_exit_adapter] [EXIT_MODEL][WARN] market_regime placeholder_Unknown for symbol=EURUSD -> using safe default 'ranging'
[2026-07-10 18:28:57] [INFO] [xgboost_exit_adapter] [EXIT_MODEL][DEBUG_FEATURE_VECTOR] symbol=EURUSD FEATURE_ORDER_VALUES=
[2026-07-10 18:28:57] [INFO] [xgboost_exit_adapter] [EXIT_MODEL][DEBUG_FEATURE] mfe=0.0
[2026-07-10 18:28:57] [INFO] [xgboost_exit_adapter] [EXIT_MODEL][DEBUG_FEATURE] mae=0.0
[2026-07-10 18:28:57] [INFO] [xgboost_exit_adapter] [EXIT_MODEL][DEBUG_FEATURE] entry_atr=0.001988
[2026-07-10 18:28:57] [INFO] [xgboost_exit_adapter] [EXIT_MODEL][DEBUG_FEATURE] entry_rsi=58.6
[2026-07-10 18:28:57] [INFO] [xgboost_exit_adapter] [EXIT_MODEL][DEBUG_FEATURE] entry_adx=20.0
[2026-07-10 18:28:57] [INFO] [xgboost_exit_adapter] [EXIT_MODEL][DEBUG_FEATURE] market_regime=2.0
[2026-07-10 18:28:57] [INFO] [xgboost_exit_adapter] [EXIT_MODEL][DEBUG_FEATURE] trade_duration=1.0056769847869873
[2026-07-10 18:28:57] [INFO] [xgboost_exit_adapter] [EXIT_MODEL][DEBUG_FEATURE] spread=15.0
[2026-07-10 18:28:57] [INFO] [xgboost_exit_adapter] [EXIT_MODEL][DEBUG_FEATURE] volume=0.6
[2026-07-10 18:28:57] [INFO] [xgboost_exit_adapter] [EXIT_MODEL][DEBUG_FEATURE] session=1.0
[2026-07-10 18:28:57] [INFO] [xgboost_exit_adapter] [EXIT_MODEL][DEBUG_FEATURE] trend_h1=50.0
[2026-07-10 18:28:57] [INFO] [xgboost_exit_adapter] [EXIT_MODEL][DEBUG_FEATURE] trend_h4=50.0
[2026-07-10 18:28:58] [INFO] [xgboost_exit_model] Loaded Exit Model from F:\files (2)\google\botdd\trading_bot_v3\models\xgboost_exit_model.json
[2026-07-10 18:28:58] [INFO] [xgboost_exit_model] [EXIT_MODEL] XGBoost prediction: probability=97.7%
[2026-07-10 18:28:58] [INFO] [xgboost_exit_adapter] [EXIT_MODEL] symbol=EURUSD prediction_exit_probability=0.9766 decision_signal=97.7%
[2026-07-10 18:34:21] [INFO] [main] Trading Bot V3 starting...
[2026-07-10 18:34:21] [INFO] [database] V3 Database initialized with all tables
[2026-07-10 18:34:21] [INFO] [qd_client] Logged in to QuantDinger
[2026-07-10 18:34:21] [INFO] [qd_client] MT5 connected
[2026-07-10 18:34:21] [INFO] [main] MT5 connected
[2026-07-10 18:34:21] [INFO] [main] [STARTUP_SAFETY] Starting startup safety check (run-once)
[2026-07-10 18:34:21] [WARNING] [main] [STARTUP_SAFETY] mt5.positions_get None diagnostic last_error=(1, 'Success')
[2026-07-10 18:34:21] [INFO] [main] [STARTUP_SAFETY] MT5 open positions count=1
[2026-07-10 18:34:21] [INFO] [main] [STARTUP_SAFETY][MT5] ticket=9519062040 symbol=EURUSD volume=1.0 open_time=1783707490
[2026-07-10 18:34:21] [INFO] [main] [STARTUP_SAFETY] DB open trades count=0
[2026-07-10 18:34:21] [INFO] [main] [STARTUP_SAFETY] missing_in_db(MT5-only)=1 missing_in_mt5(DB-only)=0
[2026-07-10 18:34:21] [INFO] [main] [STARTUP_SAFETY] Imported MT5-only position into DB ticket=9519062040 symbol=EURUSD direction=sell
[2026-07-10 18:34:21] [INFO] [main] [STARTUP_SAFETY] Synced open positions count=0
[2026-07-10 18:34:21] [INFO] [main] [STARTUP_SAFETY] Completed startup safety check successfully
[2026-07-10 18:34:21] [INFO] [telegram_bot] Telegram polling started
[2026-07-10 18:34:21] [INFO] [telegram_bot] Telegram bot V3 started
[2026-07-10 18:34:21] [INFO] [mt5_watchdog] MT5 watchdog started (V1 reconnect logic)
[2026-07-10 18:34:21] [INFO] [reconciliation] Reconciliation loop started (every 60s)
[2026-07-10 18:34:21] [INFO] [reconciliation] Reconciliation thread started (safety only)
[2026-07-10 18:34:21] [INFO] [post_entry_manager] PostEntryManager started
[2026-07-10 18:34:21] [INFO] [post_entry_trade_monitor] [MONITOR_ID_DIAG] ts=1783697661 symbol=EURUSD d_ticket=9519062040 d_position_id=None d_id=None chosen_ticket=9519062040
[2026-07-10 18:34:21] [INFO] [post_entry_manager] [POST_ENTRY] New position detected ticket=9519062040 symbol=EURUSD
[2026-07-10 18:34:21] [INFO] [post_entry_manager] [POST_ENTRY] Monitoring ticket=9519062040
[2026-07-10 18:34:22] [DEBUG] [market_client] Candles EURUSD 4H: 120 bars ✓
[2026-07-10 18:34:22] [INFO] [stop_loss_breach_rule] [SL_CHECK] ticket=9519062040 direction=buy current=1.14326 sl=0 breached=False
[2026-07-10 18:34:22] [INFO] [main] ==================================================
[2026-07-10 18:34:22] [INFO] [main] Cycle 1 at 18:34:22
[2026-07-10 18:34:22] [INFO] [main] [GUARD] Found 1 open position(s) on MT5.
[2026-07-10 18:34:22] [INFO] [main] [GUARD] Found 1 open trade(s) in database.
[2026-07-10 18:34:22] [INFO] [main] [GUARD] Open positions detected. Skipping all trading this cycle.
[2026-07-10 18:34:22] [INFO] [main] Sleeping 1800s...
[2026-07-10 18:34:30] [INFO] [news_fetcher] Fetched 19 relevant news items
[2026-07-10 18:34:30] [INFO] [red_flag_detector] ========== RED FLAG REPORT ==========
[2026-07-10 18:34:30] [INFO] [red_flag_detector] ProfitDecay : NO
[2026-07-10 18:34:30] [INFO] [red_flag_detector] TradeHealth : NO
[2026-07-10 18:34:30] [INFO] [red_flag_detector] ATRSpike : NO
[2026-07-10 18:34:30] [INFO] [red_flag_detector] BadRegime : NO
[2026-07-10 18:34:30] [INFO] [red_flag_detector] FlagCount : 0
[2026-07-10 18:34:30] [INFO] [red_flag_detector] Score : 0.000
[2026-07-10 18:34:30] [INFO] [red_flag_detector] Severity : 0
[2026-07-10 18:34:30] [INFO] [red_flag_detector] ======================================
[2026-07-10 18:34:30] [DEBUG] [hybrid_market_client] Fetching indicators for EURUSD (QuantDinger only)
[2026-07-10 18:34:30] [DEBUG] [market_client] Using cached candles for EURUSD H4 (age: 8s)
[2026-07-10 18:34:30] [DEBUG] [hybrid_market_client] ✓ Got live data from QuantDinger for EURUSD
[2026-07-10 18:34:30] [DEBUG] [hybrid_market_client] Fetching indicators for EURUSD (QuantDinger only)
[2026-07-10 18:34:30] [DEBUG] [market_client] Candles EURUSD 4H: 100 bars ✓
[2026-07-10 18:34:30] [DEBUG] [hybrid_market_client] ✓ Got live data from QuantDinger for EURUSD
[2026-07-10 18:34:30] [DEBUG] [market_client] Using cached candles for EURUSD H4 (age: 9s)
[2026-07-10 18:34:30] [WARNING] [xgboost_exit_adapter] [EXIT_MODEL][WARN] spread not available for symbol=EURUSD -> using 15.0 (spread_source=expected_row.spread)
[2026-07-10 18:34:30] [WARNING] [xgboost_exit_adapter] [EXIT_MODEL][WARN] mfe was 0.0 -> computed mfe=max(0.0, current_profit) mfe=0.0 current_profit=-15.0
[2026-07-10 18:34:30] [WARNING] [xgboost_exit_adapter] [EXIT_MODEL][WARN] trend_h1 missing for symbol=EURUSD -> using 50.0 (neutral placeholder)
[2026-07-10 18:34:30] [WARNING] [xgboost_exit_adapter] [EXIT_MODEL][WARN] trend_h4 missing for symbol=EURUSD -> using 50.0 (neutral placeholder)
[2026-07-10 18:34:30] [WARNING] [xgboost_exit_adapter] [EXIT_MODEL][WARN] mfe is 0 for symbol=EURUSD (possible state not updating?)
[2026-07-10 18:34:30] [INFO] [xgboost_exit_adapter] [EXIT_MODEL][DEBUG_FEATURE_VECTOR] symbol=EURUSD FEATURE_ORDER_VALUES=
[2026-07-10 18:34:30] [INFO] [xgboost_exit_adapter] [EXIT_MODEL][DEBUG_FEATURE] mfe=0.0
[2026-07-10 18:34:30] [INFO] [xgboost_exit_adapter] [EXIT_MODEL][DEBUG_FEATURE] mae=-15.0
[2026-07-10 18:34:30] [INFO] [xgboost_exit_adapter] [EXIT_MODEL][DEBUG_FEATURE] entry_atr=0.001988
[2026-07-10 18:34:30] [INFO] [xgboost_exit_adapter] [EXIT_MODEL][DEBUG_FEATURE] entry_rsi=57.88
[2026-07-10 18:34:30] [INFO] [xgboost_exit_adapter] [EXIT_MODEL][DEBUG_FEATURE] entry_adx=14.308629392324878
[2026-07-10 18:34:30] [INFO] [xgboost_exit_adapter] [EXIT_MODEL][DEBUG_FEATURE] market_regime=2.0
[2026-07-10 18:34:30] [INFO] [xgboost_exit_adapter] [EXIT_MODEL][DEBUG_FEATURE] trade_duration=0.0
[2026-07-10 18:34:30] [INFO] [xgboost_exit_adapter] [EXIT_MODEL][DEBUG_FEATURE] spread=15.0
[2026-07-10 18:34:30] [INFO] [xgboost_exit_adapter] [EXIT_MODEL][DEBUG_FEATURE] volume=1.0
[2026-07-10 18:34:30] [INFO] [xgboost_exit_adapter] [EXIT_MODEL][DEBUG_FEATURE] session=3.0
[2026-07-10 18:34:30] [INFO] [xgboost_exit_adapter] [EXIT_MODEL][DEBUG_FEATURE] trend_h1=50.0
[2026-07-10 18:34:30] [INFO] [xgboost_exit_adapter] [EXIT_MODEL][DEBUG_FEATURE] trend_h4=50.0
[2026-07-10 18:34:30] [INFO] [xgboost_exit_model] Loaded Exit Model from F:\files (2)\google\botdd\trading_bot_v3\models\xgboost_exit_model.json
[2026-07-10 18:34:30] [INFO] [xgboost_exit_model] [EXIT_MODEL] XGBoost prediction: probability=97.7%
[2026-07-10 18:34:30] [INFO] [xgboost_exit_adapter] [EXIT_MODEL] symbol=EURUSD prediction_exit_probability=0.9766 decision_signal=97.7%
[2026-07-10 18:35:21] [WARNING] [reconciliation] [RECONCILE] positions_get returned None attempt=1/3 last_error=(-10004, 'No IPC connection')
[2026-07-10 18:35:21] [WARNING] [reconciliation] [RECONCILE] IPC still failing (-10004). shutdown+initialize before next retry...
[2026-07-10 18:35:25] [INFO] [post_entry_trade_monitor] [MONITOR_ID_DIAG] ts=1783697725 symbol=EURUSD d_ticket=9519062040 d_position_id=None d_id=None chosen_ticket=9519062040
[2026-07-10 18:35:25] [INFO] [post_entry_manager] [POST_ENTRY] Monitoring ticket=9519062040
[2026-07-10 18:35:25] [DEBUG] [market_client] Using cached candles for EURUSD H4 (age: 64s)
[2026-07-10 18:35:25] [INFO] [stop_loss_breach_rule] [SL_CHECK] ticket=9519062040 direction=buy current=1.14335 sl=0 breached=False
[2026-07-10 18:35:25] [INFO] [red_flag_detector] ========== RED FLAG REPORT ==========
[2026-07-10 18:35:25] [INFO] [red_flag_detector] ProfitDecay : NO
[2026-07-10 18:35:25] [INFO] [red_flag_detector] TradeHealth : NO
[2026-07-10 18:35:25] [INFO] [red_flag_detector] ATRSpike : NO
[2026-07-10 18:35:25] [INFO] [red_flag_detector] BadRegime : NO
[2026-07-10 18:35:25] [INFO] [red_flag_detector] FlagCount : 0
[2026-07-10 18:35:25] [INFO] [red_flag_detector] Score : 0.000
[2026-07-10 18:35:25] [INFO] [red_flag_detector] Severity : 0
[2026-07-10 18:35:25] [INFO] [red_flag_detector] ======================================
[2026-07-10 18:35:25] [DEBUG] [hybrid_market_client] Fetching indicators for EURUSD (QuantDinger only)
[2026-07-10 18:35:25] [DEBUG] [market_client] Using cached candles for EURUSD H4 (age: 64s)
[2026-07-10 18:35:25] [DEBUG] [hybrid_market_client] ✓ Got live data from QuantDinger for EURUSD
[2026-07-10 18:35:25] [DEBUG] [hybrid_market_client] Fetching indicators for EURUSD (QuantDinger only)
[2026-07-10 18:35:25] [DEBUG] [market_client] Using cached candles for EURUSD H1 (age: 55s)
[2026-07-10 18:35:25] [DEBUG] [hybrid_market_client] ✓ Got live data from QuantDinger for EURUSD
[2026-07-10 18:35:25] [DEBUG] [market_client] Using cached candles for EURUSD H4 (age: 64s)
[2026-07-10 18:35:25] [WARNING] [xgboost_exit_adapter] [EXIT_MODEL][WARN] spread not available for symbol=EURUSD -> using 15.0 (spread_source=expected_row.spread)
[2026-07-10 18:35:25] [WARNING] [xgboost_exit_adapter] [EXIT_MODEL][WARN] mfe was 0.0 -> computed mfe=max(0.0, current_profit) mfe=0.0 current_profit=-24.0
[2026-07-10 18:35:25] [WARNING] [xgboost_exit_adapter] [EXIT_MODEL][WARN] trend_h1 missing for symbol=EURUSD -> using 50.0 (neutral placeholder)
[2026-07-10 18:35:25] [WARNING] [xgboost_exit_adapter] [EXIT_MODEL][WARN] trend_h4 missing for symbol=EURUSD -> using 50.0 (neutral placeholder)
[2026-07-10 18:35:25] [WARNING] [xgboost_exit_adapter] [EXIT_MODEL][WARN] mfe is 0 for symbol=EURUSD (possible state not updating?)
[2026-07-10 18:35:25] [INFO] [xgboost_exit_adapter] [EXIT_MODEL][DEBUG_FEATURE_VECTOR] symbol=EURUSD FEATURE_ORDER_VALUES=
[2026-07-10 18:35:25] [INFO] [xgboost_exit_adapter] [EXIT_MODEL][DEBUG_FEATURE] mfe=0.0
[2026-07-10 18:35:25] [INFO] [xgboost_exit_adapter] [EXIT_MODEL][DEBUG_FEATURE] mae=-24.0
[2026-07-10 18:35:25] [INFO] [xgboost_exit_adapter] [EXIT_MODEL][DEBUG_FEATURE] entry_atr=0.001988
[2026-07-10 18:35:25] [INFO] [xgboost_exit_adapter] [EXIT_MODEL][DEBUG_FEATURE] entry_rsi=57.88
[2026-07-10 18:35:25] [INFO] [xgboost_exit_adapter] [EXIT_MODEL][DEBUG_FEATURE] entry_adx=14.308629392324878
[2026-07-10 18:35:25] [INFO] [xgboost_exit_adapter] [EXIT_MODEL][DEBUG_FEATURE] market_regime=2.0
[2026-07-10 18:35:25] [INFO] [xgboost_exit_adapter] [EXIT_MODEL][DEBUG_FEATURE] trade_duration=0.0
[2026-07-10 18:35:25] [INFO] [xgboost_exit_adapter] [EXIT_MODEL][DEBUG_FEATURE] spread=15.0
[2026-07-10 18:35:25] [INFO] [xgboost_exit_adapter] [EXIT_MODEL][DEBUG_FEATURE] volume=1.0
[2026-07-10 18:35:25] [INFO] [xgboost_exit_adapter] [EXIT_MODEL][DEBUG_FEATURE] session=3.0
[2026-07-10 18:35:25] [INFO] [xgboost_exit_adapter] [EXIT_MODEL][DEBUG_FEATURE] trend_h1=50.0
[2026-07-10 18:35:25] [INFO] [xgboost_exit_adapter] [EXIT_MODEL][DEBUG_FEATURE] trend_h4=50.0
[2026-07-10 18:35:25] [INFO] [xgboost_exit_model] [EXIT_MODEL] XGBoost prediction: probability=97.7%
[2026-07-10 18:35:25] [INFO] [xgboost_exit_adapter] [EXIT_MODEL] symbol=EURUSD prediction_exit_probability=0.9766 decision_signal=97.7%
[2026-07-10 18:36:24] [WARNING] [reconciliation] [RECONCILE] positions_get returned None attempt=1/3 last_error=(-10004, 'No IPC connection')
[2026-07-10 18:36:24] [WARNING] [reconciliation] [RECONCILE] IPC still failing (-10004). shutdown+initialize before next retry...
[2026-07-10 18:36:25] [INFO] [post_entry_trade_monitor] [MONITOR_ID_DIAG] ts=1783697785 symbol=EURUSD d_ticket=9519062040 d_position_id=None d_id=None chosen_ticket=9519062040
[2026-07-10 18:36:25] [INFO] [post_entry_manager] [POST_ENTRY] Monitoring ticket=9519062040
[2026-07-10 18:36:25] [DEBUG] [market_client] Using cached candles for EURUSD H4 (age: 124s)
[2026-07-10 18:36:25] [INFO] [stop_loss_breach_rule] [SL_CHECK] ticket=9519062040 direction=buy current=1.14322 sl=0 breached=False
[2026-07-10 18:36:25] [INFO] [red_flag_detector] ========== RED FLAG REPORT ==========
[2026-07-10 18:36:25] [INFO] [red_flag_detector] ProfitDecay : NO
[2026-07-10 18:36:25] [INFO] [red_flag_detector] TradeHealth : NO
[2026-07-10 18:36:25] [INFO] [red_flag_detector] ATRSpike : NO
[2026-07-10 18:36:25] [INFO] [red_flag_detector] BadRegime : NO
[2026-07-10 18:36:25] [INFO] [red_flag_detector] FlagCount : 0
[2026-07-10 18:36:25] [INFO] [red_flag_detector] Score : 0.000
[2026-07-10 18:36:25] [INFO] [red_flag_detector] Severity : 0
[2026-07-10 18:36:25] [INFO] [red_flag_detector] ======================================
[2026-07-10 18:36:25] [DEBUG] [hybrid_market_client] Fetching indicators for EURUSD (QuantDinger only)
[2026-07-10 18:36:25] [DEBUG] [market_client] Using cached candles for EURUSD H4 (age: 124s)
[2026-07-10 18:36:25] [DEBUG] [hybrid_market_client] ✓ Got live data from QuantDinger for EURUSD
[2026-07-10 18:36:25] [DEBUG] [hybrid_market_client] Fetching indicators for EURUSD (QuantDinger only)
[2026-07-10 18:36:25] [DEBUG] [market_client] Using cached candles for EURUSD H1 (age: 115s)
[2026-07-10 18:36:25] [DEBUG] [hybrid_market_client] ✓ Got live data from QuantDinger for EURUSD
[2026-07-10 18:36:25] [DEBUG] [market_client] Using cached candles for EURUSD H4 (age: 124s)
[2026-07-10 18:36:25] [WARNING] [xgboost_exit_adapter] [EXIT_MODEL][WARN] spread not available for symbol=EURUSD -> using 15.0 (spread_source=expected_row.spread)
[2026-07-10 18:36:25] [WARNING] [xgboost_exit_adapter] [EXIT_MODEL][WARN] mfe was 0.0 -> computed mfe=max(0.0, current_profit) mfe=0.0 current_profit=-11.0
[2026-07-10 18:36:25] [WARNING] [xgboost_exit_adapter] [EXIT_MODEL][WARN] trend_h1 missing for symbol=EURUSD -> using 50.0 (neutral placeholder)
[2026-07-10 18:36:25] [WARNING] [xgboost_exit_adapter] [EXIT_MODEL][WARN] trend_h4 missing for symbol=EURUSD -> using 50.0 (neutral placeholder)
[2026-07-10 18:36:25] [WARNING] [xgboost_exit_adapter] [EXIT_MODEL][WARN] mfe is 0 for symbol=EURUSD (possible state not updating?)
[2026-07-10 18:36:25] [INFO] [xgboost_exit_adapter] [EXIT_MODEL][DEBUG_FEATURE_VECTOR] symbol=EURUSD FEATURE_ORDER_VALUES=
[2026-07-10 18:36:25] [INFO] [xgboost_exit_adapter] [EXIT_MODEL][DEBUG_FEATURE] mfe=0.0
[2026-07-10 18:36:25] [INFO] [xgboost_exit_adapter] [EXIT_MODEL][DEBUG_FEATURE] mae=-24.0
[2026-07-10 18:36:25] [INFO] [xgboost_exit_adapter] [EXIT_MODEL][DEBUG_FEATURE] entry_atr=0.001988
[2026-07-10 18:36:25] [INFO] [xgboost_exit_adapter] [EXIT_MODEL][DEBUG_FEATURE] entry_rsi=57.88
[2026-07-10 18:36:25] [INFO] [xgboost_exit_adapter] [EXIT_MODEL][DEBUG_FEATURE] entry_adx=14.308629392324878
[2026-07-10 18:36:25] [INFO] [xgboost_exit_adapter] [EXIT_MODEL][DEBUG_FEATURE] market_regime=2.0
[2026-07-10 18:36:25] [INFO] [xgboost_exit_adapter] [EXIT_MODEL][DEBUG_FEATURE] trade_duration=0.0
[2026-07-10 18:36:25] [INFO] [xgboost_exit_adapter] [EXIT_MODEL][DEBUG_FEATURE] spread=15.0
[2026-07-10 18:36:25] [INFO] [xgboost_exit_adapter] [EXIT_MODEL][DEBUG_FEATURE] volume=1.0
[2026-07-10 18:36:25] [INFO] [xgboost_exit_adapter] [EXIT_MODEL][DEBUG_FEATURE] session=3.0
[2026-07-10 18:36:25] [INFO] [xgboost_exit_adapter] [EXIT_MODEL][DEBUG_FEATURE] trend_h1=50.0
[2026-07-10 18:36:25] [INFO] [xgboost_exit_adapter] [EXIT_MODEL][DEBUG_FEATURE] trend_h4=50.0
[2026-07-10 18:36:25] [INFO] [xgboost_exit_model] [EXIT_MODEL] XGBoost prediction: probability=97.7%
[2026-07-10 18:36:25] [INFO] [xgboost_exit_adapter] [EXIT_MODEL] symbol=EURUSD prediction_exit_probability=0.9766 decision_signal=97.7%
[2026-07-10 18:36:27] [WARNING] [reconciliation] [RECONCILE] positions_get returned None attempt=2/3 last_error=(-10004, 'No IPC connection')
[2026-07-10 18:36:27] [WARNING] [reconciliation] [RECONCILE] IPC still failing (-10004). shutdown+initialize before next retry...
[2026-07-10 18:36:30] [INFO] [post_entry_trade_monitor] [MONITOR_ID_DIAG] ts=1783697790 symbol=EURUSD d_ticket=9519062040 d_position_id=None d_id=None chosen_ticket=9519062040
[2026-07-10 18:36:30] [INFO] [post_entry_manager] [POST_ENTRY] Monitoring ticket=9519062040
[2026-07-10 18:36:30] [DEBUG] [market_client] Using cached candles for EURUSD H4 (age: 129s)
[2026-07-10 18:36:30] [INFO] [stop_loss_breach_rule] [SL_CHECK] ticket=9519062040 direction=buy current=1.1432 sl=0 breached=False
[2026-07-10 18:36:30] [INFO] [red_flag_detector] ========== RED FLAG REPORT ==========
[2026-07-10 18:36:30] [INFO] [red_flag_detector] ProfitDecay : NO
[2026-07-10 18:36:30] [INFO] [red_flag_detector] TradeHealth : NO
[2026-07-10 18:36:30] [INFO] [red_flag_detector] ATRSpike : NO
[2026-07-10 18:36:30] [INFO] [red_flag_detector] BadRegime : NO
[2026-07-10 18:36:30] [INFO] [red_flag_detector] FlagCount : 0
[2026-07-10 18:36:30] [INFO] [red_flag_detector] Score : 0.000
[2026-07-10 18:36:30] [INFO] [red_flag_detector] Severity : 0
[2026-07-10 18:36:30] [INFO] [red_flag_detector] ======================================
[2026-07-10 18:36:30] [DEBUG] [hybrid_market_client] Fetching indicators for EURUSD (QuantDinger only)
[2026-07-10 18:36:30] [DEBUG] [market_client] Using cached candles for EURUSD H4 (age: 129s)
[2026-07-10 18:36:30] [DEBUG] [hybrid_market_client] ✓ Got live data from QuantDinger for EURUSD
[2026-07-10 18:36:30] [DEBUG] [hybrid_market_client] Fetching indicators for EURUSD (QuantDinger only)
[2026-07-10 18:36:30] [DEBUG] [market_client] Using cached candles for EURUSD H1 (age: 120s)
[2026-07-10 18:36:30] [DEBUG] [hybrid_market_client] ✓ Got live data from QuantDinger for EURUSD
[2026-07-10 18:36:30] [DEBUG] [market_client] Using cached candles for EURUSD H4 (age: 129s)
[2026-07-10 18:36:30] [WARNING] [xgboost_exit_adapter] [EXIT_MODEL][WARN] spread not available for symbol=EURUSD -> using 15.0 (spread_source=expected_row.spread)
[2026-07-10 18:36:30] [WARNING] [xgboost_exit_adapter] [EXIT_MODEL][WARN] mfe was 0.0 -> computed mfe=max(0.0, current_profit) mfe=0.0 current_profit=-9.0
[2026-07-10 18:36:30] [WARNING] [xgboost_exit_adapter] [EXIT_MODEL][WARN] trend_h1 missing for symbol=EURUSD -> using 50.0 (neutral placeholder)
[2026-07-10 18:36:30] [WARNING] [xgboost_exit_adapter] [EXIT_MODEL][WARN] trend_h4 missing for symbol=EURUSD -> using 50.0 (neutral placeholder)
[2026-07-10 18:36:30] [WARNING] [xgboost_exit_adapter] [EXIT_MODEL][WARN] mfe is 0 for symbol=EURUSD (possible state not updating?)
[2026-07-10 18:36:30] [INFO] [xgboost_exit_adapter] [EXIT_MODEL][DEBUG_FEATURE_VECTOR] symbol=EURUSD FEATURE_ORDER_VALUES=
[2026-07-10 18:36:30] [INFO] [xgboost_exit_adapter] [EXIT_MODEL][DEBUG_FEATURE] mfe=0.0
[2026-07-10 18:36:30] [INFO] [xgboost_exit_adapter] [EXIT_MODEL][DEBUG_FEATURE] mae=-24.0
[2026-07-10 18:36:30] [INFO] [xgboost_exit_adapter] [EXIT_MODEL][DEBUG_FEATURE] entry_atr=0.001988
[2026-07-10 18:36:30] [INFO] [xgboost_exit_adapter] [EXIT_MODEL][DEBUG_FEATURE] entry_rsi=57.88
[2026-07-10 18:36:30] [INFO] [xgboost_exit_adapter] [EXIT_MODEL][DEBUG_FEATURE] entry_adx=14.308629392324878
[2026-07-10 18:36:30] [INFO] [xgboost_exit_adapter] [EXIT_MODEL][DEBUG_FEATURE] market_regime=2.0
[2026-07-10 18:36:30] [INFO] [xgboost_exit_adapter] [EXIT_MODEL][DEBUG_FEATURE] trade_duration=0.0
[2026-07-10 18:36:30] [INFO] [xgboost_exit_adapter] [EXIT_MODEL][DEBUG_FEATURE] spread=15.0
[2026-07-10 18:36:30] [INFO] [xgboost_exit_adapter] [EXIT_MODEL][DEBUG_FEATURE] volume=1.0
[2026-07-10 18:36:30] [INFO] [xgboost_exit_adapter] [EXIT_MODEL][DEBUG_FEATURE] session=3.0
[2026-07-10 18:36:30] [INFO] [xgboost_exit_adapter] [EXIT_MODEL][DEBUG_FEATURE] trend_h1=50.0
[2026-07-10 18:36:30] [INFO] [xgboost_exit_adapter] [EXIT_MODEL][DEBUG_FEATURE] trend_h4=50.0
[2026-07-10 18:36:30] [INFO] [xgboost_exit_model] [EXIT_MODEL] XGBoost prediction: probability=97.7%
[2026-07-10 18:36:30] [INFO] [xgboost_exit_adapter] [EXIT_MODEL] symbol=EURUSD prediction_exit_probability=0.9766 decision_signal=97.7%
[2026-07-10 18:37:27] [INFO] [main] Trading Bot V3 starting...
[2026-07-10 18:37:27] [INFO] [database] V3 Database initialized with all tables
[2026-07-10 18:37:27] [INFO] [qd_client] Logged in to QuantDinger
[2026-07-10 18:37:27] [INFO] [qd_client] MT5 connected
[2026-07-10 18:37:27] [INFO] [main] MT5 connected
[2026-07-10 18:37:27] [INFO] [main] [STARTUP_SAFETY] Starting startup safety check (run-once)
[2026-07-10 18:37:27] [WARNING] [main] [STARTUP_SAFETY] mt5.positions_get None diagnostic last_error=(1, 'Success')
[2026-07-10 18:37:27] [INFO] [main] [STARTUP_SAFETY] MT5 open positions count=0
[2026-07-10 18:37:27] [INFO] [main] [STARTUP_SAFETY] DB open trades count=1
[2026-07-10 18:37:27] [INFO] [main] [STARTUP_SAFETY] missing_in_db(MT5-only)=0 missing_in_mt5(DB-only)=1
[2026-07-10 18:37:27] [WARNING] [main] [STARTUP_SAFETY] DB-only orphan possible (not imported into MT5): order_id=9519062040 symbol=EURUSD direction=sell (No deletion performed in startup safety check.)
[2026-07-10 18:37:27] [INFO] [main] [STARTUP_SAFETY] Synced open positions count=0
[2026-07-10 18:37:27] [INFO] [main] [STARTUP_SAFETY] Completed startup safety check successfully
[2026-07-10 18:37:27] [INFO] [telegram_bot] Telegram polling started
[2026-07-10 18:37:27] [INFO] [telegram_bot] Telegram bot V3 started
[2026-07-10 18:37:27] [INFO] [mt5_watchdog] MT5 watchdog started (V1 reconnect logic)
[2026-07-10 18:37:27] [INFO] [reconciliation] Reconciliation loop started (every 60s)
[2026-07-10 18:37:27] [INFO] [reconciliation] Reconciliation thread started (safety only)
[2026-07-10 18:37:27] [INFO] [post_entry_manager] PostEntryManager started
[2026-07-10 18:37:27] [WARNING] [reconciliation] Orphan trade in DB (no longer in QD): trade_id=87 order_id=9519062040
[2026-07-10 18:37:27] [INFO] [reconciliation] Ignoring orphan during bot warmup window: order_id=9519062040
[2026-07-10 18:37:28] [INFO] [main] ==================================================
[2026-07-10 18:37:28] [INFO] [main] Cycle 1 at 18:37:28
[2026-07-10 18:37:28] [INFO] [main] [GUARD] Found 1 open trade(s) in database.
[2026-07-10 18:37:28] [INFO] [main] [GUARD] Open positions detected. Skipping all trading this cycle.
[2026-07-10 18:37:28] [INFO] [main] Sleeping 1800s...
[2026-07-10 18:38:27] [WARNING] [reconciliation] Orphan trade in DB (no longer in QD): trade_id=87 order_id=9519062040
[2026-07-10 18:38:27] [INFO] [reconciliation] Ignoring orphan during bot warmup window: order_id=9519062040
[2026-07-10 18:39:27] [WARNING] [reconciliation] Orphan trade in DB (no longer in QD): trade_id=87 order_id=9519062040
[2026-07-10 18:39:27] [WARNING] [reconciliation] Orphan trade pending confirmation cycle 1/3: order_id=9519062040
[2026-07-10 18:39:27] [INFO] [reconciliation] Reconciliation: {'db_count': 1, 'qd_count': 0, 'fixes': 0, 'mismatches': ['DB orphan pending: trade_id 87 order_id 9519062040 cycle 1/3']}
[2026-07-10 18:40:27] [WARNING] [reconciliation] Orphan trade in DB (no longer in QD): trade_id=87 order_id=9519062040
[2026-07-10 18:40:27] [WARNING] [reconciliation] Orphan trade pending confirmation cycle 2/3: order_id=9519062040
[2026-07-10 18:40:27] [INFO] [reconciliation] Reconciliation: {'db_count': 1, 'qd_count': 0, 'fixes': 0, 'mismatches': ['DB orphan pending: trade_id 87 order_id 9519062040 cycle 2/3']}
[2026-07-10 18:41:27] [WARNING] [reconciliation] Orphan trade in DB (no longer in QD): trade_id=87 order_id=9519062040
[2026-07-10 18:41:27] [WARNING] [reconciliation] [RECONCILE] Orphan confirmed after 3 cycles; closing DB: order_id=9519062040
[2026-07-10 18:41:28] [INFO] [reconciliation] Reconciliation: {'db_count': 1, 'qd_count': 0, 'fixes': 1, 'mismatches': ['DB orphan closed after confirmation: trade_id 87 order_id 9519062040']}
[2026-07-10 19:00:04] [INFO] [main] Trading Bot V3 starting...
[2026-07-10 19:00:04] [INFO] [database] V3 Database initialized with all tables
[2026-07-10 19:00:04] [INFO] [qd_client] Logged in to QuantDinger
[2026-07-10 19:00:04] [INFO] [qd_client] MT5 connected
[2026-07-10 19:00:04] [INFO] [main] MT5 connected
[2026-07-10 19:00:04] [INFO] [main] [STARTUP_SAFETY] Starting startup safety check (run-once)
[2026-07-10 19:00:04] [WARNING] [main] [STARTUP_SAFETY] mt5.positions_get None diagnostic last_error=(1, 'Success')
[2026-07-10 19:00:04] [INFO] [main] [STARTUP_SAFETY] MT5 open positions count=0
[2026-07-10 19:00:04] [INFO] [main] [STARTUP_SAFETY] DB open trades count=0
[2026-07-10 19:00:04] [INFO] [main] [STARTUP_SAFETY] missing_in_db(MT5-only)=0 missing_in_mt5(DB-only)=0
[2026-07-10 19:00:04] [INFO] [main] [STARTUP_SAFETY] Synced open positions count=0
[2026-07-10 19:00:04] [INFO] [main] [STARTUP_SAFETY] Completed startup safety check successfully
[2026-07-10 19:00:04] [INFO] [telegram_bot] Telegram polling started
[2026-07-10 19:00:04] [INFO] [telegram_bot] Telegram bot V3 started
[2026-07-10 19:00:04] [INFO] [mt5_watchdog] MT5 watchdog started (V1 reconnect logic)
[2026-07-10 19:00:04] [INFO] [reconciliation] Reconciliation loop started (every 60s)
[2026-07-10 19:00:04] [INFO] [reconciliation] Reconciliation thread started (safety only)
[2026-07-10 19:00:04] [INFO] [post_entry_manager] PostEntryManager started
[2026-07-10 19:00:05] [INFO] [main] ==================================================
[2026-07-10 19:00:05] [INFO] [main] Cycle 1 at 19:00:05
[2026-07-10 19:00:14] [INFO] [news_fetcher] Fetched 18 relevant news items
[2026-07-10 19:00:14] [INFO] [main] Equity: 74386.52$ | News: 18
[2026-07-10 19:00:14] [DEBUG] [hybrid_market_client] Fetching indicators for EURUSD (QuantDinger only)
[2026-07-10 19:00:14] [DEBUG] [market_client] Candles EURUSD 4H: 100 bars ✓
[2026-07-10 19:00:14] [DEBUG] [hybrid_market_client] ✓ Got live data from QuantDinger for EURUSD
[2026-07-10 19:00:14] [DEBUG] [hybrid_market_client] Fetching indicators for EURUSD (QuantDinger only)
[2026-07-10 19:00:14] [DEBUG] [market_client] Candles EURUSD 4H: 100 bars ✓
[2026-07-10 19:00:14] [DEBUG] [hybrid_market_client] ✓ Got live data from QuantDinger for EURUSD
[2026-07-10 19:00:14] [DEBUG] [hybrid_market_client] Fetching indicators for EURUSD (QuantDinger only)
[2026-07-10 19:00:14] [DEBUG] [market_client] Candles EURUSD 4H: 100 bars ✓
[2026-07-10 19:00:14] [DEBUG] [hybrid_market_client] ✓ Got live data from QuantDinger for EURUSD
[2026-07-10 19:00:14] [INFO] [market_snapshot_builder] [SNAPSHOT_BUILT] symbol=EURUSD tfs=H4,H1,M15
[2026-07-10 19:00:14] [DEBUG] [hybrid_market_client] Fetching indicators for XAUUSD (QuantDinger only)
[2026-07-10 19:00:14] [DEBUG] [market_client] Candles XAUUSD 4H: 100 bars ✓
[2026-07-10 19:00:14] [DEBUG] [hybrid_market_client] ✓ Got live data from QuantDinger for XAUUSD
[2026-07-10 19:00:14] [DEBUG] [hybrid_market_client] Fetching indicators for XAUUSD (QuantDinger only)
[2026-07-10 19:00:14] [DEBUG] [market_client] Candles XAUUSD 4H: 100 bars ✓
[2026-07-10 19:00:14] [DEBUG] [hybrid_market_client] ✓ Got live data from QuantDinger for XAUUSD
[2026-07-10 19:00:14] [DEBUG] [hybrid_market_client] Fetching indicators for XAUUSD (QuantDinger only)
[2026-07-10 19:00:14] [DEBUG] [market_client] Candles XAUUSD 4H: 100 bars ✓
[2026-07-10 19:00:14] [DEBUG] [hybrid_market_client] ✓ Got live data from QuantDinger for XAUUSD
[2026-07-10 19:00:14] [INFO] [market_snapshot_builder] [SNAPSHOT_BUILT] symbol=XAUUSD tfs=H4,H1,M15
[2026-07-10 19:00:14] [DEBUG] [hybrid_market_client] Fetching indicators for GBPUSD (QuantDinger only)
[2026-07-10 19:00:15] [DEBUG] [market_client] Candles GBPUSD 4H: 100 bars ✓
[2026-07-10 19:00:15] [DEBUG] [hybrid_market_client] ✓ Got live data from QuantDinger for GBPUSD
[2026-07-10 19:00:15] [DEBUG] [hybrid_market_client] Fetching indicators for GBPUSD (QuantDinger only)
[2026-07-10 19:00:15] [DEBUG] [market_client] Candles GBPUSD 4H: 100 bars ✓
[2026-07-10 19:00:15] [DEBUG] [hybrid_market_client] ✓ Got live data from QuantDinger for GBPUSD
[2026-07-10 19:00:15] [DEBUG] [hybrid_market_client] Fetching indicators for GBPUSD (QuantDinger only)
[2026-07-10 19:00:15] [DEBUG] [market_client] Candles GBPUSD 4H: 100 bars ✓
[2026-07-10 19:00:15] [DEBUG] [hybrid_market_client] ✓ Got live data from QuantDinger for GBPUSD
[2026-07-10 19:00:15] [INFO] [market_snapshot_builder] [SNAPSHOT_BUILT] symbol=GBPUSD tfs=H4,H1,M15
[2026-07-10 19:00:15] [INFO] [main] --- EURUSD ---
[2026-07-10 19:00:38] [WARNING] [deepseek] DeepSeek empty response: finish_reason=length, raw={"id":"df7b8136-862a-451e-9b3b-81d5f3e5e2a4","object":"chat.completion","created":1783699215,"model":"deepseek-v4-flash","choices":[{"index":0,"message":{"role":"assistant","content":"","reasoning_content":"We need to analyze the market context and news. Market: EURUSD at 1.14416, RSI 59.65 (slightl
[2026-07-10 19:00:43] [INFO] [deepseek] DEEPSEEK OK: {
  "impact_score": 65,
  "bias": "bullish",
  "confidence": 0.7,
  "reason": "الاتجاه الصاعد قوي وا...
[2026-07-10 19:00:43] [INFO] [deepseek] AI EURUSD: bias=bullish impact=65.0 conf=0.70
[2026-07-10 19:00:43] [INFO] [signal_engine] [VERIFY] SIGNAL_INPUT bias=bullish score=65.0 confidence=0.7
[2026-07-10 19:00:43] [INFO] [signal_engine] [VERIFY] SIGNAL_RULE rule=confidence>=0.60 actual=0.7 result=True
[2026-07-10 19:00:43] [INFO] [signal_engine] [VERIFY] SIGNAL_RULE rule=score>=55 actual=65.0 result=True
[2026-07-10 19:00:43] [INFO] [signal_engine] [VERIFY] SIGNAL_RULE rule=bias in [bullish,bearish] actual=bullish result=True
[2026-07-10 19:00:43] [INFO] [signal_engine] [VERIFY] SIGNAL_FINAL direction=BUY score=65.0 confidence=0.7 valid=True
[2026-07-10 19:00:43] [DEBUG] [signal_engine] Signal: BUY score=65.0 conf=0.70 strength=متوسط valid=True
[2026-07-10 19:00:43] [INFO] [sentiment] Sentiment EURUSD: bullish score=83 bull=2 bear=1
[2026-07-10 19:00:43] [DEBUG] [mtf] MTF (snapshot) EURUSD: H4=bullish H1=bullish M15=bullish aligned=True (strong)
[2026-07-10 19:00:43] [INFO] [main] [VERIFY][DATA_TRUTH] symbol=EURUSD timeframe=H4/H1/M15 news_fetched=True indicators_fetched=True live_data=True cached=False
[2026-07-10 19:00:43] [INFO] [voting_engine] EURUSD: MTF strongly aligned, boosting score 10%
[2026-07-10 19:00:43] [DEBUG] [hybrid_market_client] Fetching indicators for EURUSD (QuantDinger only)
[2026-07-10 19:00:43] [DEBUG] [market_client] Candles EURUSD 4H: 100 bars ✓
[2026-07-10 19:00:43] [DEBUG] [hybrid_market_client] ✓ Got live data from QuantDinger for EURUSD
[2026-07-10 19:00:43] [DEBUG] [hybrid_market_client] Fetching indicators for EURUSD (QuantDinger only)
[2026-07-10 19:00:43] [DEBUG] [market_client] Using cached candles for EURUSD 4H (age: 0s)
[2026-07-10 19:00:43] [DEBUG] [hybrid_market_client] ✓ Got live data from QuantDinger for EURUSD
[2026-07-10 19:00:43] [INFO] [sltp] SL/TP EURUSD: entry=1.144164800643921 atr=0.00202 sl=1.14114 tp=1.1492
[2026-07-10 19:00:43] [INFO] [position_sizing] Position size: 0.5 (equity=74387, risk=0.001, sl_dist=0.00302, score=100, cons_loss=9)
[2026-07-10 19:00:43] [INFO] [xgboost_v2] [VERIFY] XGBOOST MODEL LOADED path=models/xgb_model.json available=True
[2026-07-10 19:00:43] [INFO] [xgboost_v2] XGBoost v2 model loaded successfully
[2026-07-10 19:00:43] [DEBUG] [xgboost_v2] V2 predict: rsi=59.6 atr=0.00202 regime=TRENDING session=new_york dir=BUY -> p_win=0.009
[2026-07-10 19:00:43] [INFO] [xgboost_v2] [VERIFY] XGBOOST PREDICTION p_win=0.009 available=True
[2026-07-10 19:00:43] [INFO] [main] [VERIFY][DECISION_TRUTH] bias=bullish score=100 confidence=1.0 vote=BUY risk_passed=True sl_tp_calculated=True position_size=0.5 xgboost_p_win=0.00860687717795372 final_decision_valid=False reject_reason=p_win<threshold (p_win=0.009 threshold=0.6)
[2026-07-10 19:00:43] [INFO] [main] --- XAUUSD ---
[2026-07-10 19:00:47] [WARNING] [deepseek] DeepSeek truncated by max_tokens, finish_reason=length, content={
  "impact_score": 60,
  "bias": "bearish",
  "confidence": 0.6,
  "reason": "الأخبار تشير إلى خسائر أسبوعية للذهب بسبب مخاوف رفع الفائدة وعدم اليقين
[2026-07-10 19:00:47] [WARNING] [deepseek] Retry 1: JSON incomplete/truncated, raw={
  "impact_score": 60,
  "bias": "bearish",
  "confidence": 0.6,
  "reason": "الأخبار تشير إلى خسائر أسبوعية للذهب بسبب مخاوف رفع الفائدة وعدم اليقين في الشرق الأوسط، بينما الاتجاه
[2026-07-10 19:00:55] [WARNING] [deepseek] DeepSeek truncated by max_tokens, finish_reason=length, content={
  "impact_score": 65,
  "bias": "bearish",
  "confidence": 0.6,
  "reason": "ضغوط على الذهب من مخاوف رفع الفائدة وعدم اليقين الجيوسياسي، رغم الاتجاه
[2026-07-10 19:00:55] [WARNING] [deepseek] Retry 2: JSON incomplete/truncated, raw={
  "impact_score": 65,
  "bias": "bearish",
  "confidence": 0.6,
  "reason": "ضغوط على الذهب من مخاوف رفع الفائدة وعدم اليقين الجيوسياسي، رغم الاتجاه الص
[2026-07-10 19:01:00] [INFO] [deepseek] DEEPSEEK OK: {"impact_score": 70, "bias": "bearish", "confidence": 0.7, "reason": "الذهب يتجه لخسارة أسبوعية وسط ...
[2026-07-10 19:01:00] [INFO] [deepseek] AI XAUUSD: bias=bearish impact=70.0 conf=0.70
[2026-07-10 19:01:00] [INFO] [signal_engine] [VERIFY] SIGNAL_INPUT bias=bearish score=70.0 confidence=0.7
[2026-07-10 19:01:00] [INFO] [signal_engine] [VERIFY] SIGNAL_RULE rule=confidence>=0.60 actual=0.7 result=True
[2026-07-10 19:01:00] [INFO] [signal_engine] [VERIFY] SIGNAL_RULE rule=score>=55 actual=70.0 result=True
[2026-07-10 19:01:00] [INFO] [signal_engine] [VERIFY] SIGNAL_RULE rule=bias in [bullish,bearish] actual=bearish result=True
[2026-07-10 19:01:00] [INFO] [signal_engine] [VERIFY] SIGNAL_FINAL direction=SELL score=70.0 confidence=0.7 valid=True
[2026-07-10 19:01:00] [DEBUG] [signal_engine] Signal: SELL score=70.0 conf=0.70 strength=قوي valid=True
[2026-07-10 19:01:00] [INFO] [sentiment] Sentiment XAUUSD: bearish score=88 bull=1 bear=3
[2026-07-10 19:01:00] [DEBUG] [mtf] MTF (snapshot) XAUUSD: H4=bullish H1=neutral M15=neutral aligned=False (weak)
[2026-07-10 19:01:00] [INFO] [main] [VERIFY][DATA_TRUTH] symbol=XAUUSD timeframe=H4/H1/M15 news_fetched=True indicators_fetched=True live_data=True cached=False
[2026-07-10 19:01:00] [INFO] [voting_engine] XAUUSD: MTF weakly misaligned, reducing score 10%
[2026-07-10 19:01:00] [INFO] [risk_engine] Risk: Score too low (XAUUSD BUY) - Score 39.5 < 45
[2026-07-10 19:01:00] [DEBUG] [hybrid_market_client] Fetching indicators for XAUUSD (QuantDinger only)
[2026-07-10 19:01:00] [DEBUG] [market_client] Candles XAUUSD 4H: 100 bars ✓
[2026-07-10 19:01:00] [DEBUG] [hybrid_market_client] ✓ Got live data from QuantDinger for XAUUSD
[2026-07-10 19:01:00] [DEBUG] [hybrid_market_client] Fetching indicators for XAUUSD (QuantDinger only)
[2026-07-10 19:01:00] [DEBUG] [market_client] Using cached candles for XAUUSD 4H (age: 0s)
[2026-07-10 19:01:00] [DEBUG] [hybrid_market_client] ✓ Got live data from QuantDinger for XAUUSD
[2026-07-10 19:01:00] [INFO] [sltp] SL/TP XAUUSD: entry=4118.7001953125 atr=35.72860 sl=4108.7002 tp=4208.0217
[2026-07-10 19:01:00] [INFO] [position_sizing] Position size: 0.1 (equity=74387, risk=0.000, sl_dist=10.00000, score=40, cons_loss=9)
[2026-07-10 19:01:00] [DEBUG] [xgboost_v2] V2 predict: rsi=47.3 atr=35.72860 regime=TRENDING session=new_york dir=BUY -> p_win=0.007
[2026-07-10 19:01:00] [INFO] [xgboost_v2] [VERIFY] XGBOOST PREDICTION p_win=0.007 available=True
[2026-07-10 19:01:00] [INFO] [main] [VERIFY][DECISION_TRUTH] bias=bearish score=39.5 confidence=0.323 vote=BUY risk_passed=False sl_tp_calculated=True position_size=0.1 xgboost_p_win=0.007042692508548498 final_decision_valid=False reject_reason=p_win<threshold (p_win=0.007 threshold=0.6)
[2026-07-10 19:01:00] [INFO] [main] --- GBPUSD ---
[2026-07-10 19:01:04] [INFO] [deepseek] DEEPSEEK OK: {
  "impact_score": 65,
  "bias": "bullish",
  "confidence": 0.7,
  "reason": "اتجاه صاعد قوي على جم...
[2026-07-10 19:01:04] [INFO] [deepseek] AI GBPUSD: bias=bullish impact=65.0 conf=0.70
[2026-07-10 19:01:04] [INFO] [signal_engine] [VERIFY] SIGNAL_INPUT bias=bullish score=65.0 confidence=0.7
[2026-07-10 19:01:04] [INFO] [signal_engine] [VERIFY] SIGNAL_RULE rule=confidence>=0.60 actual=0.7 result=True
[2026-07-10 19:01:04] [INFO] [signal_engine] [VERIFY] SIGNAL_RULE rule=score>=55 actual=65.0 result=True
[2026-07-10 19:01:04] [INFO] [signal_engine] [VERIFY] SIGNAL_RULE rule=bias in [bullish,bearish] actual=bullish result=True
[2026-07-10 19:01:04] [INFO] [signal_engine] [VERIFY] SIGNAL_FINAL direction=BUY score=65.0 confidence=0.7 valid=True
[2026-07-10 19:01:04] [DEBUG] [signal_engine] Signal: BUY score=65.0 conf=0.70 strength=متوسط valid=True
[2026-07-10 19:01:04] [INFO] [sentiment] Sentiment GBPUSD: neutral score=50 bull=2 bear=2
[2026-07-10 19:01:04] [DEBUG] [mtf] MTF (snapshot) GBPUSD: H4=bullish H1=bullish M15=bullish aligned=True (strong)
[2026-07-10 19:01:04] [INFO] [main] [VERIFY][DATA_TRUTH] symbol=GBPUSD timeframe=H4/H1/M15 news_fetched=True indicators_fetched=True live_data=True cached=False
[2026-07-10 19:01:04] [INFO] [voting_engine] GBPUSD: MTF strongly aligned, boosting score 10%
[2026-07-10 19:01:04] [DEBUG] [hybrid_market_client] Fetching indicators for GBPUSD (QuantDinger only)
[2026-07-10 19:01:04] [DEBUG] [market_client] Candles GBPUSD 4H: 100 bars ✓
[2026-07-10 19:01:04] [DEBUG] [hybrid_market_client] ✓ Got live data from QuantDinger for GBPUSD
[2026-07-10 19:01:04] [DEBUG] [hybrid_market_client] Fetching indicators for GBPUSD (QuantDinger only)
[2026-07-10 19:01:04] [DEBUG] [market_client] Using cached candles for GBPUSD 4H (age: 0s)
[2026-07-10 19:01:04] [DEBUG] [hybrid_market_client] ✓ Got live data from QuantDinger for GBPUSD
[2026-07-10 19:01:04] [INFO] [sltp] SL/TP GBPUSD: entry=1.3421378135681152 atr=0.00307 sl=1.33754 tp=1.3498
[2026-07-10 19:01:04] [INFO] [position_sizing] Position size: 0.5 (equity=74387, risk=0.000, sl_dist=0.00460, score=88, cons_loss=9)
[2026-07-10 19:01:04] [DEBUG] [xgboost_v2] V2 predict: rsi=64.5 atr=0.00307 regime=TRENDING session=new_york dir=BUY -> p_win=0.040
[2026-07-10 19:01:04] [INFO] [xgboost_v2] [VERIFY] XGBOOST PREDICTION p_win=0.040 available=True
[2026-07-10 19:01:04] [INFO] [main] [VERIFY][DECISION_TRUTH] bias=bullish score=87.9 confidence=1.0 vote=BUY risk_passed=True sl_tp_calculated=True position_size=0.5 xgboost_p_win=0.04012878239154816 final_decision_valid=False reject_reason=p_win<threshold (p_win=0.040 threshold=0.6)
[2026-07-10 19:01:04] [INFO] [adaptive_weights] EURUSD weights updated: {'ai': 0.239, 'trend': 0.239, 'momentum': 0.239, 'sentiment': 0.239, 'volatility': 0.043} | WR=10.0% PF=2.07
[2026-07-10 19:01:04] [INFO] [adaptive_weights] GBPUSD weights updated: {'ai': 0.239, 'trend': 0.239, 'momentum': 0.239, 'sentiment': 0.239, 'volatility': 0.043} | WR=13.0% PF=8.53
[2026-07-10 19:01:04] [INFO] [adaptive_weights] 🏆 أفضل زوج: GBPUSD | WR=13.0% | PnL=144.6$
[2026-07-10 19:01:04] [INFO] [adaptive_weights] ⚠️ أسوأ زوج: XAUUSD | WR=0.0% | PnL=-16.8$
[2026-07-10 19:01:04] [INFO] [main] Sleeping 1800s...
[2026-07-10 19:14:19] [INFO] [database] V3 Database initialized with all tables
[2026-07-10 19:14:19] [INFO] [qd_client] Logged in to QuantDinger
[2026-07-10 19:14:20] [DEBUG] [market_client] Candles EURUSD 4H: 60 bars ✓
[2026-07-10 19:14:20] [DEBUG] [market_client] Candles GBPUSD 4H: 60 bars ✓
[2026-07-10 19:14:20] [DEBUG] [market_client] Using cached candles for EURUSD H1 (age: 1s)
[2026-07-10 19:14:20] [DEBUG] [market_client] Using cached candles for GBPUSD H1 (age: 0s)
[2026-07-10 19:14:20] [DEBUG] [market_client] Using cached candles for EURUSD H1 (age: 1s)
[2026-07-10 19:14:20] [DEBUG] [market_client] Using cached candles for GBPUSD H1 (age: 0s)
[2026-07-10 19:14:20] [DEBUG] [market_client] Using cached candles for EURUSD H1 (age: 1s)
[2026-07-10 19:14:20] [DEBUG] [market_client] Using cached candles for GBPUSD H1 (age: 0s)
[2026-07-10 19:14:20] [DEBUG] [market_client] Using cached candles for GBPUSD H1 (age: 0s)
[2026-07-10 19:14:20] [DEBUG] [market_client] Using cached candles for EURUSD H1 (age: 1s)
[2026-07-10 19:14:20] [DEBUG] [market_client] Using cached candles for GBPUSD H1 (age: 0s)
[2026-07-10 19:14:20] [DEBUG] [market_client] Using cached candles for EURUSD H1 (age: 1s)
[2026-07-10 19:14:20] [DEBUG] [market_client] Using cached candles for EURUSD H1 (age: 1s)
[2026-07-10 19:14:20] [DEBUG] [market_client] Using cached candles for EURUSD H1 (age: 1s)
[2026-07-10 19:14:20] [DEBUG] [market_client] Using cached candles for EURUSD H1 (age: 1s)
[2026-07-10 19:14:20] [DEBUG] [market_client] Using cached candles for EURUSD H1 (age: 1s)
[2026-07-10 19:14:20] [DEBUG] [market_client] Using cached candles for EURUSD H1 (age: 1s)
[2026-07-10 19:14:20] [DEBUG] [market_client] Using cached candles for EURUSD H1 (age: 1s)
[2026-07-10 19:14:20] [DEBUG] [market_client] Using cached candles for EURUSD H1 (age: 1s)
[2026-07-10 19:14:21] [DEBUG] [market_client] Candles XAUUSD 4H: 60 bars ✓
[2026-07-10 19:14:21] [DEBUG] [market_client] Using cached candles for EURUSD H1 (age: 1s)
[2026-07-10 19:14:21] [DEBUG] [market_client] Using cached candles for EURUSD H1 (age: 1s)
[2026-07-10 19:14:21] [DEBUG] [market_client] Using cached candles for EURUSD H1 (age: 1s)
[2026-07-10 19:14:21] [DEBUG] [market_client] Using cached candles for EURUSD H1 (age: 1s)
[2026-07-10 19:14:21] [DEBUG] [market_client] Using cached candles for EURUSD H1 (age: 1s)
[2026-07-10 19:14:21] [DEBUG] [market_client] Using cached candles for EURUSD H1 (age: 1s)
[2026-07-10 19:14:21] [DEBUG] [market_client] Using cached candles for EURUSD H1 (age: 1s)
[2026-07-10 19:14:21] [DEBUG] [market_client] Using cached candles for EURUSD H1 (age: 1s)
[2026-07-10 19:14:21] [DEBUG] [market_client] Using cached candles for GBPUSD H1 (age: 0s)
[2026-07-10 19:14:21] [DEBUG] [market_client] Using cached candles for EURUSD H1 (age: 1s)
[2026-07-10 19:14:21] [DEBUG] [market_client] Using cached candles for GBPUSD H1 (age: 0s)
[2026-07-10 19:14:21] [DEBUG] [market_client] Using cached candles for GBPUSD H1 (age: 0s)
[2026-07-10 19:14:21] [DEBUG] [market_client] Using cached candles for GBPUSD H1 (age: 0s)
[2026-07-10 19:14:21] [DEBUG] [market_client] Using cached candles for GBPUSD H1 (age: 0s)
[2026-07-10 19:14:21] [DEBUG] [market_client] Using cached candles for GBPUSD H1 (age: 0s)
[2026-07-10 19:14:21] [DEBUG] [market_client] Using cached candles for GBPUSD H1 (age: 0s)
[2026-07-10 19:14:21] [DEBUG] [market_client] Using cached candles for GBPUSD H1 (age: 0s)
[2026-07-10 19:14:21] [DEBUG] [market_client] Using cached candles for GBPUSD H1 (age: 0s)
[2026-07-10 19:14:21] [DEBUG] [market_client] Using cached candles for EURUSD H1 (age: 1s)
[2026-07-10 19:14:21] [DEBUG] [market_client] Using cached candles for EURUSD H1 (age: 1s)
[2026-07-10 19:14:21] [DEBUG] [market_client] Using cached candles for EURUSD H1 (age: 1s)
[2026-07-10 19:14:21] [DEBUG] [market_client] Using cached candles for EURUSD H1 (age: 1s)
[2026-07-10 19:14:21] [DEBUG] [market_client] Using cached candles for EURUSD H1 (age: 1s)
[2026-07-10 19:14:21] [DEBUG] [market_client] Using cached candles for EURUSD H1 (age: 1s)
[2026-07-10 19:14:21] [DEBUG] [market_client] Using cached candles for EURUSD H1 (age: 1s)
[2026-07-10 19:14:21] [DEBUG] [market_client] Using cached candles for EURUSD H1 (age: 1s)
[2026-07-10 19:14:21] [DEBUG] [market_client] Using cached candles for EURUSD H1 (age: 1s)
[2026-07-10 19:14:21] [DEBUG] [market_client] Using cached candles for EURUSD H1 (age: 1s)
[2026-07-10 19:14:21] [DEBUG] [market_client] Using cached candles for GBPUSD H1 (age: 0s)
[2026-07-10 19:14:21] [DEBUG] [market_client] Using cached candles for GBPUSD H1 (age: 0s)
[2026-07-10 19:14:21] [DEBUG] [market_client] Using cached candles for GBPUSD H1 (age: 0s)
[2026-07-10 19:14:21] [DEBUG] [market_client] Using cached candles for GBPUSD H1 (age: 0s)
[2026-07-10 19:14:21] [DEBUG] [market_client] Using cached candles for GBPUSD H1 (age: 0s)
[2026-07-10 19:14:21] [DEBUG] [market_client] Using cached candles for GBPUSD H1 (age: 0s)
[2026-07-10 19:14:21] [DEBUG] [market_client] Using cached candles for GBPUSD H1 (age: 0s)
[2026-07-10 19:14:21] [DEBUG] [market_client] Using cached candles for GBPUSD H1 (age: 0s)
[2026-07-10 19:14:21] [DEBUG] [market_client] Using cached candles for EURUSD H1 (age: 1s)
[2026-07-10 19:14:21] [DEBUG] [market_client] Using cached candles for EURUSD H1 (age: 1s)
[2026-07-10 19:14:21] [DEBUG] [market_client] Using cached candles for EURUSD H1 (age: 1s)
[2026-07-10 19:14:21] [DEBUG] [market_client] Using cached candles for EURUSD H1 (age: 1s)
[2026-07-10 19:14:21] [DEBUG] [market_client] Using cached candles for EURUSD H1 (age: 1s)
[2026-07-10 19:14:21] [DEBUG] [market_client] Using cached candles for EURUSD H1 (age: 1s)
[2026-07-10 19:14:21] [DEBUG] [market_client] Using cached candles for EURUSD H1 (age: 1s)
[2026-07-10 19:14:21] [DEBUG] [market_client] Using cached candles for EURUSD H1 (age: 1s)
[2026-07-10 19:14:21] [DEBUG] [market_client] Using cached candles for EURUSD H1 (age: 1s)
[2026-07-10 19:14:21] [DEBUG] [market_client] Using cached candles for EURUSD H1 (age: 1s)
[2026-07-10 19:14:21] [DEBUG] [market_client] Using cached candles for EURUSD H1 (age: 1s)
[2026-07-10 19:14:21] [DEBUG] [market_client] Using cached candles for EURUSD H1 (age: 1s)
[2026-07-10 19:14:21] [DEBUG] [market_client] Using cached candles for EURUSD H1 (age: 1s)
[2026-07-10 19:14:21] [DEBUG] [market_client] Using cached candles for EURUSD H1 (age: 1s)
[2026-07-10 19:14:21] [DEBUG] [market_client] Using cached candles for EURUSD H1 (age: 1s)
[2026-07-10 19:14:21] [DEBUG] [market_client] Using cached candles for EURUSD H1 (age: 1s)
[2026-07-10 19:14:21] [DEBUG] [market_client] Using cached candles for EURUSD H1 (age: 1s)
[2026-07-10 19:14:21] [DEBUG] [market_client] Using cached candles for EURUSD H1 (age: 1s)
[2026-07-10 19:14:21] [DEBUG] [market_client] Using cached candles for EURUSD H1 (age: 1s)
[2026-07-10 19:14:21] [DEBUG] [market_client] Using cached candles for XAUUSD H1 (age: 0s)
[2026-07-10 19:14:21] [DEBUG] [market_client] Using cached candles for EURUSD H1 (age: 1s)
[2026-07-10 19:14:21] [DEBUG] [market_client] Using cached candles for XAUUSD H1 (age: 0s)
[2026-07-10 19:14:21] [DEBUG] [market_client] Using cached candles for EURUSD H1 (age: 1s)
[2026-07-10 19:14:21] [DEBUG] [market_client] Using cached candles for XAUUSD H1 (age: 0s)
[2026-07-10 19:14:21] [DEBUG] [market_client] Using cached candles for EURUSD H1 (age: 1s)
[2026-07-10 19:14:21] [DEBUG] [market_client] Using cached candles for EURUSD H1 (age: 1s)
[2026-07-10 19:14:21] [DEBUG] [market_client] Using cached candles for XAUUSD H1 (age: 0s)
[2026-07-10 19:14:21] [DEBUG] [market_client] Using cached candles for EURUSD H1 (age: 1s)
[2026-07-10 19:14:40] [INFO] [train_pipeline] DATASET SCAN started
[2026-07-10 19:14:40] [INFO] [train_pipeline] DATASET CLEAN
[2026-07-10 19:14:40] [INFO] [train_pipeline] dataset_stats={'total_rows': 504, 'accepted_rows': 504, 'rejected_rows': 0, 'rejection_examples': []}
[2026-07-10 19:14:40] [INFO] [train_pipeline] TRAINING STARTED
[2026-07-10 19:14:40] [INFO] [xgboost_trainer] XGBoost training started (FORCE_TRAIN=True, min_rows=50)
[2026-07-10 19:14:40] [INFO] [ml_dataset_builder] ML dataset build: accepted=504 rejected=0 clean_ratio=100.00% total=504 strict_mode=True
[2026-07-10 19:14:42] [INFO] [xgboost_trainer] Saved model version: models/xgb_model_v1783700082.json
[2026-07-10 19:14:42] [INFO] [xgboost_trainer] XGBoost training completed: total=504 train=378 test=126 task=classification metrics={'task': 'classification', 'accuracy': 0.8492063492063492, 'precision': 0.0, 'recall': 0.0, 'win_rate_pred_positive': 0.0}
[2026-07-10 19:14:42] [INFO] [xgboost_trainer] Saved latest model pointer: models/xgb_model.json
[2026-07-10 19:14:42] [INFO] [train_pipeline] MODEL SAVED
[2026-07-10 19:14:42] [INFO] [train_pipeline] train_result={'ok': True, 'total': 504, 'train_size': 378, 'test_size': 126, 'task': 'classification', 'metrics': {'task': 'classification', 'accuracy': 0.8492063492063492, 'precision': 0.0, 'recall': 0.0, 'win_rate_pred_positive': 0.0}, 'model_path': 'models/xgb_model.json', 'version_path': 'models/xgb_model_v1783700082.json', 'feature_importance_path': 'models/feature_importance.json'}
[2026-07-10 19:14:56] [DEBUG] [hybrid_market_client] Fetching indicators for EURUSD (QuantDinger only)
[2026-07-10 19:14:56] [INFO] [qd_client] Logged in to QuantDinger
[2026-07-10 19:14:57] [DEBUG] [market_client] Candles EURUSD 4H: 100 bars ✓
[2026-07-10 19:14:57] [DEBUG] [hybrid_market_client] ✓ Got live data from QuantDinger for EURUSD
[2026-07-10 19:14:57] [DEBUG] [hybrid_market_client] Fetching indicators for EURUSD (QuantDinger only)
[2026-07-10 19:14:57] [DEBUG] [market_client] Candles EURUSD 4H: 100 bars ✓
[2026-07-10 19:14:57] [DEBUG] [hybrid_market_client] ✓ Got live data from QuantDinger for EURUSD
[2026-07-10 19:14:57] [DEBUG] [market_client] Using cached candles for EURUSD H4 (age: 0s)
[2026-07-10 19:14:57] [WARNING] [xgboost_exit_adapter] [EXIT_MODEL][WARN] mae was 0.0 -> computed mae=min(0.0, current_profit) mae=0.0 current_profit=0.0
[2026-07-10 19:14:57] [WARNING] [xgboost_exit_adapter] [EXIT_MODEL][WARN] mfe was 0.0 -> computed mfe=max(0.0, current_profit) mfe=0.0 current_profit=0.0
[2026-07-10 19:14:57] [WARNING] [xgboost_exit_adapter] [EXIT_MODEL][WARN] trend_h1 missing for symbol=EURUSD -> using 50.0 (neutral placeholder)
[2026-07-10 19:14:57] [WARNING] [xgboost_exit_adapter] [EXIT_MODEL][WARN] trend_h4 missing for symbol=EURUSD -> using 50.0 (neutral placeholder)
[2026-07-10 19:14:57] [WARNING] [xgboost_exit_adapter] [EXIT_MODEL][WARN] mfe is 0 for symbol=EURUSD (possible state not updating?)
[2026-07-10 19:14:57] [WARNING] [xgboost_exit_adapter] [EXIT_MODEL][WARN] mae is 0 for symbol=EURUSD (possible state not updating?)
[2026-07-10 19:14:57] [WARNING] [xgboost_exit_adapter] [EXIT_MODEL][WARN] market_regime placeholder_Unknown for symbol=EURUSD -> using safe default 'ranging'
[2026-07-10 19:14:57] [INFO] [xgboost_exit_adapter] [EXIT_MODEL][DEBUG_FEATURE_VECTOR] symbol=EURUSD FEATURE_ORDER_VALUES=
[2026-07-10 19:14:57] [INFO] [xgboost_exit_adapter] [EXIT_MODEL][DEBUG_FEATURE] mfe=0.0
[2026-07-10 19:14:57] [INFO] [xgboost_exit_adapter] [EXIT_MODEL][DEBUG_FEATURE] mae=0.0
[2026-07-10 19:14:57] [INFO] [xgboost_exit_adapter] [EXIT_MODEL][DEBUG_FEATURE] entry_atr=0.002026
[2026-07-10 19:14:57] [INFO] [xgboost_exit_adapter] [EXIT_MODEL][DEBUG_FEATURE] entry_rsi=59.98
[2026-07-10 19:14:57] [INFO] [xgboost_exit_adapter] [EXIT_MODEL][DEBUG_FEATURE] entry_adx=20.0
[2026-07-10 19:14:57] [INFO] [xgboost_exit_adapter] [EXIT_MODEL][DEBUG_FEATURE] market_regime=2.0
[2026-07-10 19:14:57] [INFO] [xgboost_exit_adapter] [EXIT_MODEL][DEBUG_FEATURE] trade_duration=1.0103214661280313
[2026-07-10 19:14:57] [INFO] [xgboost_exit_adapter] [EXIT_MODEL][DEBUG_FEATURE] spread=15.0
[2026-07-10 19:14:57] [INFO] [xgboost_exit_adapter] [EXIT_MODEL][DEBUG_FEATURE] volume=0.6
[2026-07-10 19:14:57] [INFO] [xgboost_exit_adapter] [EXIT_MODEL][DEBUG_FEATURE] session=1.0
[2026-07-10 19:14:57] [INFO] [xgboost_exit_adapter] [EXIT_MODEL][DEBUG_FEATURE] trend_h1=50.0
[2026-07-10 19:14:57] [INFO] [xgboost_exit_adapter] [EXIT_MODEL][DEBUG_FEATURE] trend_h4=50.0
[2026-07-10 19:14:57] [INFO] [xgboost_exit_model] Loaded Exit Model from F:\files (2)\google\botdd\trading_bot_v3\models\xgboost_exit_model.json
[2026-07-10 19:14:57] [INFO] [xgboost_exit_model] [EXIT_MODEL] XGBoost prediction: probability=97.7%
[2026-07-10 19:14:57] [INFO] [xgboost_exit_adapter] [EXIT_MODEL] symbol=EURUSD prediction_exit_probability=0.9766 decision_signal=97.7%
[2026-07-10 19:43:19] [INFO] [database] V3 Database initialized with all tables
[2026-07-10 19:44:28] [INFO] [database] V3 Database initialized with all tables
[2026-07-10 19:50:19] [INFO] [database] V3 Database initialized with all tables
[2026-07-10 19:50:20] [INFO] [qd_client] Logged in to QuantDinger
[2026-07-10 19:50:20] [DEBUG] [market_client] Candles EURUSD 4H: 60 bars ✓
[2026-07-10 19:50:21] [DEBUG] [market_client] Candles GBPUSD 4H: 60 bars ✓
[2026-07-10 19:50:21] [DEBUG] [market_client] Using cached candles for EURUSD H1 (age: 1s)
[2026-07-10 19:50:21] [DEBUG] [market_client] Using cached candles for GBPUSD H1 (age: 0s)
[2026-07-10 19:50:21] [DEBUG] [market_client] Using cached candles for EURUSD H1 (age: 1s)
[2026-07-10 19:50:21] [DEBUG] [market_client] Using cached candles for GBPUSD H1 (age: 0s)
[2026-07-10 19:50:21] [DEBUG] [market_client] Using cached candles for EURUSD H1 (age: 1s)
[2026-07-10 19:50:21] [DEBUG] [market_client] Using cached candles for GBPUSD H1 (age: 0s)
[2026-07-10 19:50:21] [DEBUG] [market_client] Using cached candles for GBPUSD H1 (age: 0s)
[2026-07-10 19:50:21] [DEBUG] [market_client] Using cached candles for EURUSD H1 (age: 1s)
[2026-07-10 19:50:21] [DEBUG] [market_client] Using cached candles for GBPUSD H1 (age: 0s)
[2026-07-10 19:50:21] [DEBUG] [market_client] Using cached candles for EURUSD H1 (age: 1s)
[2026-07-10 19:50:21] [DEBUG] [market_client] Using cached candles for EURUSD H1 (age: 1s)
[2026-07-10 19:50:21] [DEBUG] [market_client] Using cached candles for EURUSD H1 (age: 1s)
[2026-07-10 19:50:21] [DEBUG] [market_client] Using cached candles for EURUSD H1 (age: 1s)
[2026-07-10 19:50:21] [DEBUG] [market_client] Using cached candles for EURUSD H1 (age: 1s)
[2026-07-10 19:50:21] [DEBUG] [market_client] Using cached candles for EURUSD H1 (age: 1s)
[2026-07-10 19:50:21] [DEBUG] [market_client] Using cached candles for EURUSD H1 (age: 1s)
[2026-07-10 19:50:21] [DEBUG] [market_client] Using cached candles for EURUSD H1 (age: 1s)
[2026-07-10 19:50:21] [DEBUG] [market_client] Candles XAUUSD 4H: 60 bars ✓
[2026-07-10 19:50:21] [DEBUG] [market_client] Using cached candles for EURUSD H1 (age: 1s)
[2026-07-10 19:50:21] [DEBUG] [market_client] Using cached candles for EURUSD H1 (age: 1s)
[2026-07-10 19:50:21] [DEBUG] [market_client] Using cached candles for EURUSD H1 (age: 1s)
[2026-07-10 19:50:21] [DEBUG] [market_client] Using cached candles for EURUSD H1 (age: 1s)
[2026-07-10 19:50:21] [DEBUG] [market_client] Using cached candles for EURUSD H1 (age: 1s)
[2026-07-10 19:50:21] [DEBUG] [market_client] Using cached candles for EURUSD H1 (age: 1s)
[2026-07-10 19:50:21] [DEBUG] [market_client] Using cached candles for EURUSD H1 (age: 1s)
[2026-07-10 19:50:21] [DEBUG] [market_client] Using cached candles for EURUSD H1 (age: 1s)
[2026-07-10 19:50:21] [DEBUG] [market_client] Using cached candles for GBPUSD H1 (age: 0s)
[2026-07-10 19:50:21] [DEBUG] [market_client] Using cached candles for EURUSD H1 (age: 1s)
[2026-07-10 19:50:21] [DEBUG] [market_client] Using cached candles for GBPUSD H1 (age: 0s)
[2026-07-10 19:50:21] [DEBUG] [market_client] Using cached candles for GBPUSD H1 (age: 0s)
[2026-07-10 19:50:21] [DEBUG] [market_client] Using cached candles for GBPUSD H1 (age: 0s)
[2026-07-10 19:50:21] [DEBUG] [market_client] Using cached candles for GBPUSD H1 (age: 0s)
[2026-07-10 19:50:21] [DEBUG] [market_client] Using cached candles for GBPUSD H1 (age: 0s)
[2026-07-10 19:50:21] [DEBUG] [market_client] Using cached candles for GBPUSD H1 (age: 0s)
[2026-07-10 19:50:21] [DEBUG] [market_client] Using cached candles for GBPUSD H1 (age: 0s)
[2026-07-10 19:50:21] [DEBUG] [market_client] Using cached candles for GBPUSD H1 (age: 0s)
[2026-07-10 19:50:21] [DEBUG] [market_client] Using cached candles for EURUSD H1 (age: 1s)
[2026-07-10 19:50:21] [DEBUG] [market_client] Using cached candles for EURUSD H1 (age: 1s)
[2026-07-10 19:50:21] [DEBUG] [market_client] Using cached candles for EURUSD H1 (age: 1s)
[2026-07-10 19:50:21] [DEBUG] [market_client] Using cached candles for EURUSD H1 (age: 1s)
[2026-07-10 19:50:21] [DEBUG] [market_client] Using cached candles for EURUSD H1 (age: 1s)
[2026-07-10 19:50:21] [DEBUG] [market_client] Using cached candles for EURUSD H1 (age: 1s)
[2026-07-10 19:50:21] [DEBUG] [market_client] Using cached candles for EURUSD H1 (age: 1s)
[2026-07-10 19:50:21] [DEBUG] [market_client] Using cached candles for EURUSD H1 (age: 1s)
[2026-07-10 19:50:21] [DEBUG] [market_client] Using cached candles for EURUSD H1 (age: 1s)
[2026-07-10 19:50:21] [DEBUG] [market_client] Using cached candles for EURUSD H1 (age: 1s)
[2026-07-10 19:50:21] [DEBUG] [market_client] Using cached candles for GBPUSD H1 (age: 0s)
[2026-07-10 19:50:21] [DEBUG] [market_client] Using cached candles for GBPUSD H1 (age: 0s)
[2026-07-10 19:50:21] [DEBUG] [market_client] Using cached candles for GBPUSD H1 (age: 0s)
[2026-07-10 19:50:21] [DEBUG] [market_client] Using cached candles for GBPUSD H1 (age: 0s)
[2026-07-10 19:50:21] [DEBUG] [market_client] Using cached candles for GBPUSD H1 (age: 0s)
[2026-07-10 19:50:21] [DEBUG] [market_client] Using cached candles for GBPUSD H1 (age: 0s)
[2026-07-10 19:50:21] [DEBUG] [market_client] Using cached candles for GBPUSD H1 (age: 0s)
[2026-07-10 19:50:21] [DEBUG] [market_client] Using cached candles for GBPUSD H1 (age: 0s)
[2026-07-10 19:50:21] [DEBUG] [market_client] Using cached candles for EURUSD H1 (age: 1s)
[2026-07-10 19:50:21] [DEBUG] [market_client] Using cached candles for EURUSD H1 (age: 1s)
[2026-07-10 19:50:21] [DEBUG] [market_client] Using cached candles for EURUSD H1 (age: 1s)
[2026-07-10 19:50:21] [DEBUG] [market_client] Using cached candles for EURUSD H1 (age: 1s)
[2026-07-10 19:50:21] [DEBUG] [market_client] Using cached candles for EURUSD H1 (age: 1s)
[2026-07-10 19:50:21] [DEBUG] [market_client] Using cached candles for EURUSD H1 (age: 1s)
[2026-07-10 19:50:21] [DEBUG] [market_client] Using cached candles for EURUSD H1 (age: 1s)
[2026-07-10 19:50:21] [DEBUG] [market_client] Using cached candles for EURUSD H1 (age: 1s)
[2026-07-10 19:50:21] [DEBUG] [market_client] Using cached candles for EURUSD H1 (age: 1s)
[2026-07-10 19:50:21] [DEBUG] [market_client] Using cached candles for EURUSD H1 (age: 1s)
[2026-07-10 19:50:21] [DEBUG] [market_client] Using cached candles for EURUSD H1 (age: 1s)
[2026-07-10 19:50:21] [DEBUG] [market_client] Using cached candles for EURUSD H1 (age: 1s)
[2026-07-10 19:50:21] [DEBUG] [market_client] Using cached candles for EURUSD H1 (age: 1s)
[2026-07-10 19:50:21] [DEBUG] [market_client] Using cached candles for EURUSD H1 (age: 1s)
[2026-07-10 19:50:21] [DEBUG] [market_client] Using cached candles for EURUSD H1 (age: 1s)
[2026-07-10 19:50:21] [DEBUG] [market_client] Using cached candles for EURUSD H1 (age: 1s)
[2026-07-10 19:50:21] [DEBUG] [market_client] Using cached candles for EURUSD H1 (age: 1s)
[2026-07-10 19:50:21] [DEBUG] [market_client] Using cached candles for EURUSD H1 (age: 1s)
[2026-07-10 19:50:21] [DEBUG] [market_client] Using cached candles for EURUSD H1 (age: 1s)
[2026-07-10 19:50:21] [DEBUG] [market_client] Using cached candles for XAUUSD H1 (age: 0s)
[2026-07-10 19:50:21] [DEBUG] [market_client] Using cached candles for EURUSD H1 (age: 1s)
[2026-07-10 19:50:21] [DEBUG] [market_client] Using cached candles for XAUUSD H1 (age: 0s)
[2026-07-10 19:50:21] [DEBUG] [market_client] Using cached candles for EURUSD H1 (age: 1s)
[2026-07-10 19:50:21] [DEBUG] [market_client] Using cached candles for XAUUSD H1 (age: 0s)
[2026-07-10 19:50:21] [DEBUG] [market_client] Using cached candles for EURUSD H1 (age: 1s)
[2026-07-10 19:50:21] [DEBUG] [market_client] Using cached candles for EURUSD H1 (age: 1s)
[2026-07-10 19:50:21] [DEBUG] [market_client] Using cached candles for XAUUSD H1 (age: 0s)
[2026-07-10 19:50:21] [DEBUG] [market_client] Using cached candles for EURUSD H1 (age: 1s)
[2026-07-10 20:12:49] [INFO] [database] V3 Database initialized with all tables
[2026-07-10 20:19:14] [INFO] [main] Trading Bot V3 starting...
[2026-07-10 20:19:14] [INFO] [database] V3 Database initialized with all tables
[2026-07-10 20:19:14] [INFO] [qd_client] Logged in to QuantDinger
[2026-07-10 20:19:14] [INFO] [qd_client] MT5 connected
[2026-07-10 20:19:14] [INFO] [main] MT5 connected
[2026-07-10 20:19:14] [INFO] [main] [STARTUP_SAFETY] Starting startup safety check (run-once)
[2026-07-10 20:19:14] [WARNING] [main] [STARTUP_SAFETY] mt5.positions_get None diagnostic last_error=(1, 'Success')
[2026-07-10 20:19:14] [INFO] [main] [STARTUP_SAFETY] MT5 open positions count=0
[2026-07-10 20:19:14] [INFO] [main] [STARTUP_SAFETY] DB open trades count=0
[2026-07-10 20:19:14] [INFO] [main] [STARTUP_SAFETY] missing_in_db(MT5-only)=0 missing_in_mt5(DB-only)=0
[2026-07-10 20:19:14] [INFO] [main] [STARTUP_SAFETY] Synced open positions count=0
[2026-07-10 20:19:14] [INFO] [main] [STARTUP_SAFETY] Completed startup safety check successfully
[2026-07-10 20:19:14] [INFO] [telegram_bot] Telegram polling started
[2026-07-10 20:19:14] [INFO] [telegram_bot] Telegram bot V3 started
[2026-07-10 20:19:14] [INFO] [mt5_watchdog] MT5 watchdog started (V1 reconnect logic)
[2026-07-10 20:19:14] [INFO] [reconciliation] Reconciliation loop started (every 60s)
[2026-07-10 20:19:14] [INFO] [reconciliation] Reconciliation thread started (safety only)
[2026-07-10 20:19:14] [INFO] [post_entry_manager] PostEntryManager started
[2026-07-10 20:19:15] [INFO] [main] ==================================================
[2026-07-10 20:19:15] [INFO] [main] Cycle 1 at 20:19:15
[2026-07-10 20:19:24] [INFO] [news_fetcher] Fetched 21 relevant news items
[2026-07-10 20:19:24] [INFO] [main] Equity: 74386.52$ | News: 21
[2026-07-10 20:19:24] [DEBUG] [hybrid_market_client] Fetching indicators for EURUSD (QuantDinger only)
[2026-07-10 20:19:24] [DEBUG] [market_client] Candles EURUSD 4H: 100 bars ✓
[2026-07-10 20:19:24] [DEBUG] [hybrid_market_client] ✓ Got live data from QuantDinger for EURUSD
[2026-07-10 20:19:24] [DEBUG] [hybrid_market_client] Fetching indicators for EURUSD (QuantDinger only)
[2026-07-10 20:19:24] [DEBUG] [market_client] Candles EURUSD 4H: 100 bars ✓
[2026-07-10 20:19:24] [DEBUG] [hybrid_market_client] ✓ Got live data from QuantDinger for EURUSD
[2026-07-10 20:19:24] [DEBUG] [hybrid_market_client] Fetching indicators for EURUSD (QuantDinger only)
[2026-07-10 20:19:24] [DEBUG] [market_client] Candles EURUSD 4H: 100 bars ✓
[2026-07-10 20:19:24] [DEBUG] [hybrid_market_client] ✓ Got live data from QuantDinger for EURUSD
[2026-07-10 20:19:24] [INFO] [market_snapshot_builder] [SNAPSHOT_BUILT] symbol=EURUSD tfs=H4,H1,M15
[2026-07-10 20:19:24] [DEBUG] [hybrid_market_client] Fetching indicators for XAUUSD (QuantDinger only)
[2026-07-10 20:19:25] [DEBUG] [market_client] Candles XAUUSD 4H: 100 bars ✓
[2026-07-10 20:19:25] [DEBUG] [hybrid_market_client] ✓ Got live data from QuantDinger for XAUUSD
[2026-07-10 20:19:25] [DEBUG] [hybrid_market_client] Fetching indicators for XAUUSD (QuantDinger only)
[2026-07-10 20:19:25] [DEBUG] [market_client] Candles XAUUSD 4H: 100 bars ✓
[2026-07-10 20:19:25] [DEBUG] [hybrid_market_client] ✓ Got live data from QuantDinger for XAUUSD
[2026-07-10 20:19:25] [DEBUG] [hybrid_market_client] Fetching indicators for XAUUSD (QuantDinger only)
[2026-07-10 20:19:25] [DEBUG] [market_client] Candles XAUUSD 4H: 100 bars ✓
[2026-07-10 20:19:25] [DEBUG] [hybrid_market_client] ✓ Got live data from QuantDinger for XAUUSD
[2026-07-10 20:19:25] [INFO] [market_snapshot_builder] [SNAPSHOT_BUILT] symbol=XAUUSD tfs=H4,H1,M15
[2026-07-10 20:19:25] [DEBUG] [hybrid_market_client] Fetching indicators for GBPUSD (QuantDinger only)
[2026-07-10 20:19:25] [DEBUG] [market_client] Candles GBPUSD 4H: 100 bars ✓
[2026-07-10 20:19:25] [DEBUG] [hybrid_market_client] ✓ Got live data from QuantDinger for GBPUSD
[2026-07-10 20:19:25] [DEBUG] [hybrid_market_client] Fetching indicators for GBPUSD (QuantDinger only)
[2026-07-10 20:19:25] [DEBUG] [market_client] Candles GBPUSD 4H: 100 bars ✓
[2026-07-10 20:19:25] [DEBUG] [hybrid_market_client] ✓ Got live data from QuantDinger for GBPUSD
[2026-07-10 20:19:25] [DEBUG] [hybrid_market_client] Fetching indicators for GBPUSD (QuantDinger only)
[2026-07-10 20:19:25] [DEBUG] [market_client] Candles GBPUSD 4H: 100 bars ✓
[2026-07-10 20:19:25] [DEBUG] [hybrid_market_client] ✓ Got live data from QuantDinger for GBPUSD
[2026-07-10 20:19:25] [INFO] [market_snapshot_builder] [SNAPSHOT_BUILT] symbol=GBPUSD tfs=H4,H1,M15
[2026-07-10 20:19:25] [INFO] [main] --- EURUSD ---
[2026-07-10 20:19:29] [INFO] [deepseek] DEEPSEEK OK: {
  "impact_score": 70,
  "bias": "bullish",
  "confidence": 0.7,
  "reason": "الاتجاهات الصاعدة الق...
[2026-07-10 20:19:29] [INFO] [deepseek] AI EURUSD: bias=bullish impact=70.0 conf=0.70
[2026-07-10 20:19:29] [INFO] [signal_engine] [VERIFY] SIGNAL_INPUT bias=bullish score=70.0 confidence=0.7
[2026-07-10 20:19:29] [INFO] [signal_engine] [VERIFY] SIGNAL_RULE rule=confidence>=0.60 actual=0.7 result=True
[2026-07-10 20:19:29] [INFO] [signal_engine] [VERIFY] SIGNAL_RULE rule=score>=55 actual=70.0 result=True
[2026-07-10 20:19:29] [INFO] [signal_engine] [VERIFY] SIGNAL_RULE rule=bias in [bullish,bearish] actual=bullish result=True
[2026-07-10 20:19:29] [INFO] [signal_engine] [VERIFY] SIGNAL_FINAL direction=BUY score=70.0 confidence=0.7 valid=True
[2026-07-10 20:19:29] [DEBUG] [signal_engine] Signal: BUY score=70.0 conf=0.70 strength=قوي valid=True
[2026-07-10 20:19:29] [INFO] [sentiment] Sentiment EURUSD: bullish score=83 bull=4 bear=2
[2026-07-10 20:19:29] [DEBUG] [mtf] MTF (snapshot) EURUSD: H4=bullish H1=bullish M15=bullish aligned=True (strong)
[2026-07-10 20:19:29] [INFO] [main] [VERIFY][DATA_TRUTH] symbol=EURUSD timeframe=H4/H1/M15 news_fetched=True indicators_fetched=True live_data=True cached=False
[2026-07-10 20:19:29] [INFO] [voting_engine] EURUSD: MTF strongly aligned, boosting score 10%
[2026-07-10 20:19:29] [DEBUG] [hybrid_market_client] Fetching indicators for EURUSD (QuantDinger only)
[2026-07-10 20:19:29] [DEBUG] [market_client] Candles EURUSD 4H: 100 bars ✓
[2026-07-10 20:19:29] [DEBUG] [hybrid_market_client] ✓ Got live data from QuantDinger for EURUSD
[2026-07-10 20:19:29] [DEBUG] [hybrid_market_client] Fetching indicators for EURUSD (QuantDinger only)
[2026-07-10 20:19:29] [DEBUG] [market_client] Using cached candles for EURUSD 4H (age: 0s)
[2026-07-10 20:19:29] [DEBUG] [hybrid_market_client] ✓ Got live data from QuantDinger for EURUSD
[2026-07-10 20:19:29] [INFO] [sltp] SL/TP EURUSD: entry=1.142987847328186 atr=0.00203 sl=1.13994 tp=1.14808
[2026-07-10 20:19:29] [INFO] [position_sizing] Position size: 0.5 (equity=74387, risk=0.001, sl_dist=0.00305, score=100, cons_loss=9)
[2026-07-10 20:19:29] [INFO] [xgboost_v2] [VERIFY] XGBOOST MODEL LOADED path=models/entry/entry_model.json available=True
[2026-07-10 20:19:29] [INFO] [xgboost_v2] XGBoost v2 model loaded successfully
[2026-07-10 20:19:29] [DEBUG] [xgboost_v2] V2 predict: rsi=56.4 atr=0.00203 regime=TRENDING session=new_york dir=BUY -> p_win=0.125
[2026-07-10 20:19:29] [INFO] [xgboost_v2] [VERIFY] XGBOOST PREDICTION p_win=0.125 available=True
[2026-07-10 20:19:29] [INFO] [main] [VERIFY][DECISION_TRUTH] bias=bullish score=100 confidence=1.0 vote=BUY risk_passed=True sl_tp_calculated=True position_size=0.5 xgboost_p_win=0.12512187659740448 final_decision_valid=False reject_reason=p_win<threshold (p_win=0.125 threshold=0.6)
[2026-07-10 20:19:29] [INFO] [main] --- XAUUSD ---
[2026-07-10 20:19:33] [WARNING] [deepseek] DeepSeek truncated by max_tokens, finish_reason=length, content={"impact_score": 65, "bias": "bullish", "confidence": 0.65, "reason": "ارتفاع الذهب مدعوم بالاتجاه الص
[2026-07-10 20:19:33] [WARNING] [deepseek] Retry 1: JSON incomplete/truncated, raw={"impact_score": 65, "bias": "bullish", "confidence": 0.65, "reason": "ارتفاع الذهب مدعوم بالاتجاه الص
[2026-07-10 20:19:41] [INFO] [deepseek] DEEPSEEK OK: {
  "impact_score": 65,
  "bias": "bullish",
  "confidence": 0.6,
  "reason": "الاتجاه الصاعد قوي عل...
[2026-07-10 20:19:41] [INFO] [deepseek] AI XAUUSD: bias=bullish impact=65.0 conf=0.60
[2026-07-10 20:19:41] [INFO] [signal_engine] [VERIFY] SIGNAL_INPUT bias=bullish score=65.0 confidence=0.6
[2026-07-10 20:19:41] [INFO] [signal_engine] [VERIFY] SIGNAL_RULE rule=confidence>=0.60 actual=0.6 result=True
[2026-07-10 20:19:41] [INFO] [signal_engine] [VERIFY] SIGNAL_RULE rule=score>=55 actual=65.0 result=True
[2026-07-10 20:19:41] [INFO] [signal_engine] [VERIFY] SIGNAL_RULE rule=bias in [bullish,bearish] actual=bullish result=True
[2026-07-10 20:19:41] [INFO] [signal_engine] [VERIFY] SIGNAL_FINAL direction=BUY score=65.0 confidence=0.6 valid=True
[2026-07-10 20:19:41] [DEBUG] [signal_engine] Signal: BUY score=65.0 conf=0.60 strength=متوسط valid=True
[2026-07-10 20:19:41] [INFO] [sentiment] Sentiment XAUUSD: bearish score=83 bull=1 bear=2
[2026-07-10 20:19:41] [DEBUG] [mtf] MTF (snapshot) XAUUSD: H4=bullish H1=bullish M15=bullish aligned=True (strong)
[2026-07-10 20:19:41] [INFO] [main] [VERIFY][DATA_TRUTH] symbol=XAUUSD timeframe=H4/H1/M15 news_fetched=True indicators_fetched=True live_data=True cached=False
[2026-07-10 20:19:41] [INFO] [voting_engine] XAUUSD: MTF strongly aligned, boosting score 10%
[2026-07-10 20:19:41] [DEBUG] [hybrid_market_client] Fetching indicators for XAUUSD (QuantDinger only)
[2026-07-10 20:19:41] [DEBUG] [market_client] Candles XAUUSD 4H: 100 bars ✓
[2026-07-10 20:19:41] [DEBUG] [hybrid_market_client] ✓ Got live data from QuantDinger for XAUUSD
[2026-07-10 20:19:41] [DEBUG] [hybrid_market_client] Fetching indicators for XAUUSD (QuantDinger only)
[2026-07-10 20:19:41] [DEBUG] [market_client] Using cached candles for XAUUSD 4H (age: 0s)
[2026-07-10 20:19:41] [DEBUG] [hybrid_market_client] ✓ Got live data from QuantDinger for XAUUSD
[2026-07-10 20:19:41] [INFO] [sltp] SL/TP XAUUSD: entry=4113.60009765625 atr=30.80003 sl=4103.6001 tp=4190.60018
[2026-07-10 20:19:41] [INFO] [position_sizing] Position size: 0.1 (equity=74387, risk=0.001, sl_dist=10.00000, score=99, cons_loss=9)
[2026-07-10 20:19:41] [DEBUG] [xgboost_v2] V2 predict: rsi=60.2 atr=30.80003 regime=TRENDING session=new_york dir=BUY -> p_win=0.125
[2026-07-10 20:19:41] [INFO] [xgboost_v2] [VERIFY] XGBOOST PREDICTION p_win=0.125 available=True
[2026-07-10 20:19:41] [INFO] [main] [VERIFY][DECISION_TRUTH] bias=bullish score=99.4 confidence=0.911 vote=BUY risk_passed=True sl_tp_calculated=True position_size=0.1 xgboost_p_win=0.12512187659740448 final_decision_valid=False reject_reason=p_win<threshold (p_win=0.125 threshold=0.6)
[2026-07-10 20:19:41] [INFO] [main] --- GBPUSD ---
[2026-07-10 20:19:45] [INFO] [deepseek] DEEPSEEK OK: {
  "impact_score": 80,
  "bias": "bullish",
  "confidence": 0.9,
  "reason": "الترند الصاعد قوي وال...
[2026-07-10 20:19:45] [INFO] [deepseek] AI GBPUSD: bias=bullish impact=80.0 conf=0.90
[2026-07-10 20:19:45] [INFO] [signal_engine] [VERIFY] SIGNAL_INPUT bias=bullish score=80.0 confidence=0.9
[2026-07-10 20:19:45] [INFO] [signal_engine] [VERIFY] SIGNAL_RULE rule=confidence>=0.60 actual=0.9 result=True
[2026-07-10 20:19:45] [INFO] [signal_engine] [VERIFY] SIGNAL_RULE rule=score>=55 actual=80.0 result=True
[2026-07-10 20:19:45] [INFO] [signal_engine] [VERIFY] SIGNAL_RULE rule=bias in [bullish,bearish] actual=bullish result=True
[2026-07-10 20:19:45] [INFO] [signal_engine] [VERIFY] SIGNAL_FINAL direction=BUY score=80.0 confidence=0.9 valid=True
[2026-07-10 20:19:45] [DEBUG] [signal_engine] Signal: BUY score=80.0 conf=0.90 strength=قوي جداً valid=True
[2026-07-10 20:19:45] [DEBUG] [mtf] MTF (snapshot) GBPUSD: H4=bullish H1=bullish M15=bullish aligned=True (strong)
[2026-07-10 20:19:45] [INFO] [main] [VERIFY][DATA_TRUTH] symbol=GBPUSD timeframe=H4/H1/M15 news_fetched=True indicators_fetched=True live_data=True cached=False
[2026-07-10 20:19:45] [INFO] [voting_engine] GBPUSD: MTF strongly aligned, boosting score 10%
[2026-07-10 20:19:45] [DEBUG] [hybrid_market_client] Fetching indicators for GBPUSD (QuantDinger only)
[2026-07-10 20:19:45] [DEBUG] [market_client] Candles GBPUSD 4H: 100 bars ✓
[2026-07-10 20:19:45] [DEBUG] [hybrid_market_client] ✓ Got live data from QuantDinger for GBPUSD
[2026-07-10 20:19:45] [DEBUG] [hybrid_market_client] Fetching indicators for GBPUSD (QuantDinger only)
[2026-07-10 20:19:45] [DEBUG] [market_client] Using cached candles for GBPUSD 4H (age: 0s)
[2026-07-10 20:19:45] [DEBUG] [hybrid_market_client] ✓ Got live data from QuantDinger for GBPUSD
[2026-07-10 20:19:45] [INFO] [sltp] SL/TP GBPUSD: entry=1.340644359588623 atr=0.00309 sl=1.336 tp=1.34838
[2026-07-10 20:19:45] [INFO] [position_sizing] Position size: 0.5 (equity=74387, risk=0.001, sl_dist=0.00464, score=95, cons_loss=9)
[2026-07-10 20:19:45] [DEBUG] [xgboost_v2] V2 predict: rsi=61.9 atr=0.00309 regime=TRENDING session=new_york dir=BUY -> p_win=0.125
[2026-07-10 20:19:45] [INFO] [xgboost_v2] [VERIFY] XGBOOST PREDICTION p_win=0.125 available=True
[2026-07-10 20:19:45] [INFO] [main] [VERIFY][DECISION_TRUTH] bias=bullish score=95.1 confidence=1.0 vote=BUY risk_passed=True sl_tp_calculated=True position_size=0.5 xgboost_p_win=0.12512187659740448 final_decision_valid=False reject_reason=p_win<threshold (p_win=0.125 threshold=0.6)
[2026-07-10 20:19:45] [INFO] [adaptive_weights] EURUSD weights updated: {'ai': 0.239, 'trend': 0.239, 'momentum': 0.239, 'sentiment': 0.239, 'volatility': 0.043} | WR=10.0% PF=2.07
[2026-07-10 20:19:45] [INFO] [adaptive_weights] GBPUSD weights updated: {'ai': 0.239, 'trend': 0.239, 'momentum': 0.239, 'sentiment': 0.239, 'volatility': 0.043} | WR=13.0% PF=8.53
[2026-07-10 20:19:45] [INFO] [adaptive_weights] 🏆 أفضل زوج: GBPUSD | WR=13.0% | PnL=144.6$
[2026-07-10 20:19:45] [INFO] [adaptive_weights] ⚠️ أسوأ زوج: XAUUSD | WR=0.0% | PnL=-16.8$
[2026-07-10 20:19:45] [INFO] [main] Sleeping 1800s...
