[2026-06-21 03:28:09] [INFO] [main] Trading Bot V3 starting...
[2026-06-21 03:28:09] [INFO] [database] V3 Database initialized with all tables
[2026-06-21 03:28:13] [ERROR] [qd_client] Login attempt 1 failed: HTTPConnectionPool(host='localhost', port=5000): Max retries exceeded with url: /api/auth/login (Caused by NewConnectionError('<urllib3.connection.HTTPConnection object at 0x000001C7D44656A0>: Failed to establish a new connection: [WinError 10061] No connection could be made because the target machine actively refused it'))
[2026-06-21 03:28:18] [INFO] [qd_client] Logged in to QuantDinger
[2026-06-21 03:28:18] [INFO] [qd_client] MT5 connected
[2026-06-21 03:28:18] [INFO] [main] MT5 connected
[2026-06-21 03:28:18] [INFO] [telegram_bot] Telegram polling started
[2026-06-21 03:28:18] [INFO] [telegram_bot] Telegram bot V3 started
[2026-06-21 03:28:18] [INFO] [mt5_watchdog] MT5 watchdog started (V1 reconnect logic)
[2026-06-21 03:28:18] [INFO] [reconciliation] Reconciliation loop started (every 60s)
[2026-06-21 03:28:18] [INFO] [reconciliation] Reconciliation thread started
[2026-06-21 03:28:19] [INFO] [main] ==================================================
[2026-06-21 03:28:19] [INFO] [main] Cycle 1 at 03:28:19
[2026-06-21 03:28:30] [INFO] [news_fetcher] Fetched 0 relevant news items
[2026-06-21 03:28:30] [WARNING] [main] No news fetched
[2026-06-21 03:28:30] [INFO] [main] Sleeping 1800s...
[2026-06-21 03:29:32] [INFO] [news_fetcher] Fetched 0 relevant news items
[2026-06-21 03:30:44] [INFO] [news_fetcher] Fetched 0 relevant news items
[2026-06-21 03:34:13] [INFO] [news_fetcher] Fetched 0 relevant news items
[2026-06-21 03:34:46] [INFO] [news_fetcher] Fetched 0 relevant news items
[2026-06-21 03:35:33] [INFO] [main] Trading Bot V3 starting...
[2026-06-21 03:35:33] [INFO] [database] V3 Database initialized with all tables
[2026-06-21 03:35:34] [INFO] [qd_client] Logged in to QuantDinger
[2026-06-21 03:35:34] [INFO] [qd_client] MT5 connected
[2026-06-21 03:35:34] [INFO] [main] MT5 connected
[2026-06-21 03:35:34] [INFO] [telegram_bot] Telegram polling started
[2026-06-21 03:35:34] [INFO] [telegram_bot] Telegram bot V3 started
[2026-06-21 03:35:34] [INFO] [mt5_watchdog] MT5 watchdog started (V1 reconnect logic)
[2026-06-21 03:35:34] [INFO] [reconciliation] Reconciliation loop started (every 60s)
[2026-06-21 03:35:34] [INFO] [reconciliation] Reconciliation thread started
[2026-06-21 03:35:35] [INFO] [main] ==================================================
[2026-06-21 03:35:35] [INFO] [main] Cycle 1 at 03:35:35
[2026-06-21 03:35:44] [INFO] [news_fetcher] Fetched 0 relevant news items
[2026-06-21 03:35:44] [WARNING] [main] No news fetched
[2026-06-21 03:35:44] [INFO] [main] Sleeping 1800s...
[2026-06-21 03:36:30] [INFO] [news_fetcher] Fetched 0 relevant news items
[2026-06-21 03:39:03] [INFO] [news_fetcher] Fetched 0 relevant news items
[2026-06-21 08:47:07] [INFO] [main] Trading Bot V3 starting...
[2026-06-21 08:47:07] [INFO] [database] V3 Database initialized with all tables
[2026-06-21 08:47:07] [INFO] [qd_client] Logged in to QuantDinger
[2026-06-21 08:47:07] [INFO] [qd_client] MT5 connected
[2026-06-21 08:47:07] [INFO] [main] MT5 connected
[2026-06-21 08:47:07] [INFO] [telegram_bot] Telegram polling started
[2026-06-21 08:47:07] [INFO] [telegram_bot] Telegram bot V3 started
[2026-06-21 08:47:07] [INFO] [mt5_watchdog] MT5 watchdog started (V1 reconnect logic)
[2026-06-21 08:47:07] [INFO] [reconciliation] Reconciliation loop started (every 60s)
[2026-06-21 08:47:07] [INFO] [reconciliation] Reconciliation thread started
[2026-06-21 08:47:08] [INFO] [main] ==================================================
[2026-06-21 08:47:08] [INFO] [main] Cycle 1 at 08:47:08
[2026-06-21 08:47:18] [INFO] [news_fetcher] Fetched 0 relevant news items
[2026-06-21 08:47:18] [WARNING] [main] No news fetched
[2026-06-21 08:47:18] [INFO] [main] Sleeping 1800s...
[2026-06-21 08:49:21] [INFO] [news_fetcher] Fetched 0 relevant news items
[2026-06-21 08:49:23] [INFO] [deepseek] AI analysis EURUSD: bias=neutral score=0 conf=0.00
[2026-06-21 08:49:23] [DEBUG] [hybrid_market_client] Fetching indicators for EURUSD (method: QuantDinger)
[2026-06-21 08:49:24] [DEBUG] [market_client] Candles EURUSD 4H: 100 bars ✓
[2026-06-21 08:49:24] [DEBUG] [hybrid_market_client] ✓ Got real data from QuantDinger for EURUSD
[2026-06-21 08:49:24] [DEBUG] [hybrid_market_client] Fetching indicators for EURUSD (method: QuantDinger)
[2026-06-21 08:49:24] [DEBUG] [market_client] Using cached candles for EURUSD H4 (age: 0s)
[2026-06-21 08:49:24] [DEBUG] [hybrid_market_client] ✓ Got real data from QuantDinger for EURUSD
[2026-06-21 08:49:24] [DEBUG] [hybrid_market_client] Fetching indicators for EURUSD (method: QuantDinger)
[2026-06-21 08:49:24] [DEBUG] [market_client] Candles EURUSD 4H: 100 bars ✓
[2026-06-21 08:49:24] [DEBUG] [hybrid_market_client] ✓ Got real data from QuantDinger for EURUSD
[2026-06-21 08:49:26] [INFO] [deepseek] AI analysis XAUUSD: bias=neutral score=0 conf=0.00
[2026-06-21 08:49:26] [DEBUG] [hybrid_market_client] Fetching indicators for XAUUSD (method: QuantDinger)
[2026-06-21 08:49:26] [DEBUG] [market_client] Candles XAUUSD 4H: 100 bars ✓
[2026-06-21 08:49:26] [DEBUG] [hybrid_market_client] ✓ Got real data from QuantDinger for XAUUSD
[2026-06-21 08:49:26] [DEBUG] [hybrid_market_client] Fetching indicators for XAUUSD (method: QuantDinger)
[2026-06-21 08:49:26] [DEBUG] [market_client] Using cached candles for XAUUSD H4 (age: 0s)
[2026-06-21 08:49:26] [DEBUG] [hybrid_market_client] ✓ Got real data from QuantDinger for XAUUSD
[2026-06-21 08:49:26] [DEBUG] [hybrid_market_client] Fetching indicators for XAUUSD (method: QuantDinger)
[2026-06-21 08:49:27] [DEBUG] [market_client] Candles XAUUSD 4H: 100 bars ✓
[2026-06-21 08:49:27] [DEBUG] [hybrid_market_client] ✓ Got real data from QuantDinger for XAUUSD
[2026-06-21 08:49:29] [INFO] [deepseek] AI analysis GBPUSD: bias=neutral score=30.0 conf=0.40
[2026-06-21 08:49:29] [DEBUG] [hybrid_market_client] Fetching indicators for GBPUSD (method: QuantDinger)
[2026-06-21 08:49:30] [DEBUG] [market_client] Candles GBPUSD 4H: 100 bars ✓
[2026-06-21 08:49:30] [DEBUG] [hybrid_market_client] ✓ Got real data from QuantDinger for GBPUSD
[2026-06-21 08:49:30] [DEBUG] [hybrid_market_client] Fetching indicators for GBPUSD (method: QuantDinger)
[2026-06-21 08:49:30] [DEBUG] [market_client] Using cached candles for GBPUSD H4 (age: 0s)
[2026-06-21 08:49:30] [DEBUG] [hybrid_market_client] ✓ Got real data from QuantDinger for GBPUSD
[2026-06-21 08:49:30] [DEBUG] [hybrid_market_client] Fetching indicators for GBPUSD (method: QuantDinger)
[2026-06-21 08:49:30] [DEBUG] [market_client] Candles GBPUSD 4H: 100 bars ✓
[2026-06-21 08:49:30] [DEBUG] [hybrid_market_client] ✓ Got real data from QuantDinger for GBPUSD
[2026-06-21 09:03:27] [INFO] [news_fetcher] Fetched 1 relevant news items
[2026-06-21 09:04:31] [INFO] [news_fetcher] Fetched 1 relevant news items
[2026-06-21 09:17:18] [INFO] [main] ==================================================
[2026-06-21 09:17:18] [INFO] [main] Cycle 2 at 09:17:18
[2026-06-21 09:17:48] [INFO] [news_fetcher] Fetched 1 relevant news items
[2026-06-21 09:17:48] [INFO] [main] Equity: 73516.00$ | News: 1
[2026-06-21 09:17:48] [INFO] [main] --- EURUSD ---
[2026-06-21 09:17:48] [INFO] [main] EURUSD: no pair-specific news -> skipping DeepSeek analysis
[2026-06-21 09:17:48] [INFO] [main] --- XAUUSD ---
[2026-06-21 09:17:48] [INFO] [main] XAUUSD: no pair-specific news -> skipping DeepSeek analysis
[2026-06-21 09:17:48] [INFO] [main] --- GBPUSD ---
[2026-06-21 09:17:48] [INFO] [main] GBPUSD: no pair-specific news -> skipping DeepSeek analysis
[2026-06-21 09:17:48] [INFO] [main] Sleeping 1800s...
[2026-06-21 09:30:17] [ERROR] [telegram_bot] Updates error: HTTPSConnectionPool(host='api.telegram.org', port=443): Read timed out. (read timeout=35)
[2026-06-21 09:47:09] [INFO] [qd_client] Logged in to QuantDinger
[2026-06-21 09:47:48] [INFO] [main] ==================================================
[2026-06-21 09:47:48] [INFO] [main] Cycle 3 at 09:47:48
[2026-06-21 09:48:00] [INFO] [news_fetcher] Fetched 0 relevant news items
[2026-06-21 09:48:00] [WARNING] [main] No news fetched
[2026-06-21 09:48:00] [INFO] [main] Sleeping 1800s...
[2026-06-21 09:51:11] [INFO] [news_fetcher] Fetched 4 relevant news items
[2026-06-21 09:54:06] [INFO] [main] Trading Bot V3 starting...
[2026-06-21 09:54:06] [INFO] [database] V3 Database initialized with all tables
[2026-06-21 09:54:06] [INFO] [qd_client] Logged in to QuantDinger
[2026-06-21 09:54:06] [INFO] [qd_client] MT5 connected
[2026-06-21 09:54:06] [INFO] [main] MT5 connected
[2026-06-21 09:54:06] [INFO] [telegram_bot] Telegram polling started
[2026-06-21 09:54:06] [INFO] [telegram_bot] Telegram bot V3 started
[2026-06-21 09:54:06] [INFO] [mt5_watchdog] MT5 watchdog started (V1 reconnect logic)
[2026-06-21 09:54:06] [INFO] [reconciliation] Reconciliation loop started (every 60s)
[2026-06-21 09:54:06] [INFO] [reconciliation] Reconciliation thread started
[2026-06-21 09:54:07] [INFO] [main] ==================================================
[2026-06-21 09:54:07] [INFO] [main] Cycle 1 at 09:54:07
[2026-06-21 09:54:08] [WARNING] [mt5_watchdog] MT5 disconnected! Attempt 1/3
[2026-06-21 09:54:10] [INFO] [qd_client] Logged in to QuantDinger
[2026-06-21 09:54:10] [ERROR] [mt5_watchdog] MT5 reconnect failed: {'code': 401, 'msg': 'Token invalid or expired', 'data': None}
[2026-06-21 09:54:10] [INFO] [qd_client] Logged in to QuantDinger
[2026-06-21 09:54:35] [INFO] [news_fetcher] Fetched 4 relevant news items
[2026-06-21 09:54:36] [INFO] [qd_client] Logged in to QuantDinger
[2026-06-21 09:54:36] [INFO] [main] Equity: 73516.00$ | News: 4
[2026-06-21 09:54:36] [INFO] [main] --- EURUSD ---
[2026-06-21 09:54:38] [INFO] [deepseek] AI analysis EURUSD: bias=neutral score=45.0 conf=0.40
[2026-06-21 09:54:38] [DEBUG] [signal_engine] Signal: NEUTRAL score=45.0 conf=0.40 strength=ضعيف valid=False
[2026-06-21 09:54:38] [INFO] [sentiment] Sentiment EURUSD: bullish score=83 bull=2 bear=1
[2026-06-21 09:54:38] [DEBUG] [hybrid_market_client] Fetching indicators for EURUSD (method: QuantDinger)
[2026-06-21 09:54:39] [DEBUG] [market_client] Candles EURUSD 4H: 100 bars ✓
[2026-06-21 09:54:39] [DEBUG] [hybrid_market_client] ✓ Got real data from QuantDinger for EURUSD
[2026-06-21 09:54:39] [DEBUG] [hybrid_market_client] Fetching indicators for EURUSD (method: QuantDinger)
[2026-06-21 09:54:39] [DEBUG] [market_client] Candles EURUSD 4H: 100 bars ✓
[2026-06-21 09:54:39] [DEBUG] [hybrid_market_client] ✓ Got real data from QuantDinger for EURUSD
[2026-06-21 09:54:39] [DEBUG] [hybrid_market_client] Fetching indicators for EURUSD (method: QuantDinger)
[2026-06-21 09:54:39] [DEBUG] [market_client] Candles EURUSD 4H: 100 bars ✓
[2026-06-21 09:54:39] [DEBUG] [hybrid_market_client] ✓ Got real data from QuantDinger for EURUSD
[2026-06-21 09:54:39] [DEBUG] [hybrid_market_client] Fetching indicators for EURUSD (method: QuantDinger)
[2026-06-21 09:54:39] [DEBUG] [market_client] Using cached candles for EURUSD H4 (age: 0s)
[2026-06-21 09:54:39] [DEBUG] [hybrid_market_client] ✓ Got real data from QuantDinger for EURUSD
[2026-06-21 09:54:39] [DEBUG] [hybrid_market_client] Fetching indicators for EURUSD (method: QuantDinger)
[2026-06-21 09:54:39] [DEBUG] [market_client] Using cached candles for EURUSD H1 (age: 0s)
[2026-06-21 09:54:39] [DEBUG] [hybrid_market_client] ✓ Got real data from QuantDinger for EURUSD
[2026-06-21 09:54:39] [DEBUG] [hybrid_market_client] Fetching indicators for EURUSD (method: QuantDinger)
[2026-06-21 09:54:39] [DEBUG] [market_client] Using cached candles for EURUSD M15 (age: 0s)
[2026-06-21 09:54:39] [DEBUG] [hybrid_market_client] ✓ Got real data from QuantDinger for EURUSD
[2026-06-21 09:54:39] [DEBUG] [hybrid_market_client] Fetching indicators for EURUSD (method: QuantDinger)
[2026-06-21 09:54:39] [DEBUG] [market_client] Using cached candles for EURUSD H4 (age: 0s)
[2026-06-21 09:54:39] [DEBUG] [hybrid_market_client] ✓ Got real data from QuantDinger for EURUSD
[2026-06-21 09:54:39] [DEBUG] [hybrid_market_client] Fetching indicators for EURUSD (method: QuantDinger)
[2026-06-21 09:54:39] [DEBUG] [market_client] Using cached candles for EURUSD H1 (age: 0s)
[2026-06-21 09:54:39] [DEBUG] [hybrid_market_client] ✓ Got real data from QuantDinger for EURUSD
[2026-06-21 09:54:39] [DEBUG] [hybrid_market_client] Fetching indicators for EURUSD (method: QuantDinger)
[2026-06-21 09:54:39] [DEBUG] [market_client] Using cached candles for EURUSD M15 (age: 0s)
[2026-06-21 09:54:39] [DEBUG] [hybrid_market_client] ✓ Got real data from QuantDinger for EURUSD
[2026-06-21 09:54:39] [INFO] [mtf] MTF_VERIFY EURUSD: TIMEFRAME=H4 candles=1 last_ts= last_close=1.1469204425811768 RSI=27.64 ATR=0.002983 MACD=-0.006249 | TIMEFRAME=H1 candles=1 last_ts= last_close=1.1469204425811768 RSI=27.64 ATR=0.002983 MACD=-0.006249 | TIMEFRAME=M15 candles=1 last_ts= last_close=1.1469204425811768 RSI=27.64 ATR=0.002983 MACD=-0.006249
[2026-06-21 09:54:39] [INFO] [mtf] MTF EURUSD: H4=bearish H1=bullish M15=bullish aligned=True (weak)
[2026-06-21 09:54:39] [DEBUG] [hybrid_market_client] Fetching indicators for EURUSD (method: QuantDinger)
[2026-06-21 09:54:39] [DEBUG] [market_client] Using cached candles for EURUSD H4 (age: 0s)
[2026-06-21 09:54:39] [DEBUG] [hybrid_market_client] ✓ Got real data from QuantDinger for EURUSD
[2026-06-21 09:54:39] [DEBUG] [hybrid_market_client] Fetching indicators for EURUSD (method: QuantDinger)
[2026-06-21 09:54:39] [DEBUG] [market_client] Using cached candles for EURUSD H1 (age: 0s)
[2026-06-21 09:54:39] [DEBUG] [hybrid_market_client] ✓ Got real data from QuantDinger for EURUSD
[2026-06-21 09:54:39] [DEBUG] [hybrid_market_client] Fetching indicators for EURUSD (method: QuantDinger)
[2026-06-21 09:54:39] [DEBUG] [market_client] Using cached candles for EURUSD H1 (age: 0s)
[2026-06-21 09:54:39] [DEBUG] [hybrid_market_client] ✓ Got real data from QuantDinger for EURUSD
[2026-06-21 09:54:39] [DEBUG] [hybrid_market_client] Fetching indicators for EURUSD (method: QuantDinger)
[2026-06-21 09:54:39] [DEBUG] [market_client] Using cached candles for EURUSD H4 (age: 0s)
[2026-06-21 09:54:39] [DEBUG] [hybrid_market_client] ✓ Got real data from QuantDinger for EURUSD
[2026-06-21 09:54:39] [DEBUG] [hybrid_market_client] Fetching indicators for EURUSD (method: QuantDinger)
[2026-06-21 09:54:39] [DEBUG] [market_client] Using cached candles for EURUSD H1 (age: 0s)
[2026-06-21 09:54:39] [DEBUG] [hybrid_market_client] ✓ Got real data from QuantDinger for EURUSD
[2026-06-21 09:54:39] [INFO] [main] --- XAUUSD ---
[2026-06-21 09:54:39] [INFO] [main] XAUUSD: no pair-specific news -> skipping DeepSeek analysis
[2026-06-21 09:54:39] [INFO] [main] --- GBPUSD ---
[2026-06-21 09:54:39] [INFO] [main] GBPUSD: no pair-specific news -> skipping DeepSeek analysis
[2026-06-21 09:54:39] [INFO] [main] Sleeping 1800s...
[2026-06-21 09:55:10] [INFO] [qd_client] Logged in to QuantDinger
[2026-06-21 09:56:07] [INFO] [qd_client] Logged in to QuantDinger
[2026-06-21 09:56:10] [WARNING] [mt5_watchdog] MT5 disconnected! Attempt 2/3
[2026-06-21 09:56:11] [INFO] [qd_client] Logged in to QuantDinger
[2026-06-21 09:56:11] [INFO] [mt5_watchdog] MT5 already connected
[2026-06-21 09:56:11] [INFO] [mt5_watchdog] MT5 reconnected successfully!
[2026-06-21 09:56:11] [INFO] [qd_client] Logged in to QuantDinger
[2026-06-21 09:57:06] [WARNING] [mt5_watchdog] MT5 disconnected! Attempt 1/3
[2026-06-21 09:57:07] [INFO] [qd_client] Logged in to QuantDinger
[2026-06-21 09:57:07] [ERROR] [reconciliation] Reconciliation error: object of type 'NoneType' has no len()
[2026-06-21 09:57:08] [INFO] [qd_client] Logged in to QuantDinger
[2026-06-21 09:57:08] [INFO] [mt5_watchdog] MT5 already connected
[2026-06-21 09:57:08] [INFO] [mt5_watchdog] MT5 reconnected successfully!
[2026-06-21 09:57:12] [INFO] [qd_client] Logged in to QuantDinger
[2026-06-21 09:58:08] [INFO] [qd_client] Logged in to QuantDinger
[2026-06-21 09:58:12] [WARNING] [mt5_watchdog] MT5 disconnected! Attempt 1/3
[2026-06-21 09:58:12] [INFO] [qd_client] Logged in to QuantDinger
[2026-06-21 09:58:13] [INFO] [qd_client] Logged in to QuantDinger
[2026-06-21 09:58:13] [INFO] [mt5_watchdog] MT5 already connected
[2026-06-21 09:58:13] [INFO] [mt5_watchdog] MT5 reconnected successfully!
[2026-06-21 09:59:08] [WARNING] [mt5_watchdog] MT5 disconnected! Attempt 1/3
[2026-06-21 09:59:09] [INFO] [qd_client] Logged in to QuantDinger
[2026-06-21 09:59:10] [INFO] [qd_client] Logged in to QuantDinger
[2026-06-21 09:59:10] [INFO] [mt5_watchdog] MT5 already connected
[2026-06-21 09:59:10] [INFO] [mt5_watchdog] MT5 reconnected successfully!
[2026-06-21 09:59:13] [INFO] [qd_client] Logged in to QuantDinger
[2026-06-21 10:00:09] [INFO] [qd_client] Logged in to QuantDinger
[2026-06-21 10:00:13] [INFO] [qd_client] Logged in to QuantDinger
[2026-06-21 10:01:10] [INFO] [qd_client] Logged in to QuantDinger
[2026-06-21 10:01:14] [INFO] [qd_client] Logged in to QuantDinger
[2026-06-21 10:02:10] [INFO] [qd_client] Logged in to QuantDinger
[2026-06-21 10:02:13] [INFO] [qd_client] Logged in to QuantDinger
[2026-06-21 10:03:10] [WARNING] [mt5_watchdog] MT5 disconnected! Attempt 1/3
[2026-06-21 10:03:11] [INFO] [qd_client] Logged in to QuantDinger
[2026-06-21 10:03:12] [INFO] [qd_client] Logged in to QuantDinger
[2026-06-21 10:03:12] [INFO] [mt5_watchdog] MT5 already connected
[2026-06-21 10:03:12] [INFO] [mt5_watchdog] MT5 reconnected successfully!
[2026-06-21 10:03:14] [INFO] [qd_client] Logged in to QuantDinger
[2026-06-21 10:04:11] [INFO] [qd_client] Logged in to QuantDinger
[2026-06-21 10:04:14] [WARNING] [mt5_watchdog] MT5 disconnected! Attempt 1/3
[2026-06-21 10:04:15] [INFO] [qd_client] Logged in to QuantDinger
[2026-06-21 10:04:16] [INFO] [qd_client] Logged in to QuantDinger
[2026-06-21 10:04:16] [INFO] [mt5_watchdog] MT5 already connected
[2026-06-21 10:04:16] [INFO] [mt5_watchdog] MT5 reconnected successfully!
[2026-06-21 10:05:12] [INFO] [qd_client] Logged in to QuantDinger
[2026-06-21 10:05:15] [INFO] [qd_client] Logged in to QuantDinger
[2026-06-21 10:06:13] [INFO] [qd_client] Logged in to QuantDinger
[2026-06-21 10:06:16] [INFO] [qd_client] Logged in to QuantDinger
[2026-06-21 10:07:13] [WARNING] [mt5_watchdog] MT5 disconnected! Attempt 1/3
[2026-06-21 10:07:13] [INFO] [qd_client] Logged in to QuantDinger
[2026-06-21 10:07:14] [INFO] [qd_client] Logged in to QuantDinger
[2026-06-21 10:07:14] [INFO] [mt5_watchdog] MT5 already connected
[2026-06-21 10:07:14] [INFO] [mt5_watchdog] MT5 reconnected successfully!
[2026-06-21 10:07:17] [INFO] [qd_client] Logged in to QuantDinger
[2026-06-21 10:08:14] [INFO] [qd_client] Logged in to QuantDinger
[2026-06-21 10:08:17] [INFO] [qd_client] Logged in to QuantDinger
[2026-06-21 10:09:07] [INFO] [qd_client] Logged in to QuantDinger
[2026-06-21 10:09:18] [INFO] [qd_client] Logged in to QuantDinger
[2026-06-21 10:10:14] [INFO] [qd_client] Logged in to QuantDinger
[2026-06-21 10:10:18] [WARNING] [mt5_watchdog] MT5 disconnected! Attempt 1/3
[2026-06-21 10:10:19] [INFO] [qd_client] Logged in to QuantDinger
[2026-06-21 10:10:19] [INFO] [qd_client] Logged in to QuantDinger
[2026-06-21 10:10:19] [INFO] [mt5_watchdog] MT5 already connected
[2026-06-21 10:10:19] [INFO] [mt5_watchdog] MT5 reconnected successfully!
[2026-06-21 10:11:15] [WARNING] [mt5_watchdog] MT5 disconnected! Attempt 1/3
[2026-06-21 10:11:15] [INFO] [qd_client] Logged in to QuantDinger
[2026-06-21 10:11:16] [INFO] [qd_client] Logged in to QuantDinger
[2026-06-21 10:11:16] [INFO] [mt5_watchdog] MT5 already connected
[2026-06-21 10:11:16] [INFO] [mt5_watchdog] MT5 reconnected successfully!
[2026-06-21 10:11:19] [INFO] [qd_client] Logged in to QuantDinger
[2026-06-21 10:12:16] [INFO] [qd_client] Logged in to QuantDinger
[2026-06-21 10:12:20] [INFO] [qd_client] Logged in to QuantDinger
[2026-06-21 10:13:16] [INFO] [qd_client] Logged in to QuantDinger
[2026-06-21 10:13:20] [INFO] [qd_client] Logged in to QuantDinger
[2026-06-21 10:14:17] [INFO] [qd_client] Logged in to QuantDinger
[2026-06-21 10:14:20] [WARNING] [mt5_watchdog] MT5 disconnected! Attempt 1/3
[2026-06-21 10:14:21] [INFO] [qd_client] Logged in to QuantDinger
[2026-06-21 10:14:22] [INFO] [qd_client] Logged in to QuantDinger
[2026-06-21 10:14:22] [INFO] [mt5_watchdog] MT5 already connected
[2026-06-21 10:14:22] [INFO] [mt5_watchdog] MT5 reconnected successfully!
[2026-06-21 10:15:17] [WARNING] [mt5_watchdog] MT5 disconnected! Attempt 1/3
[2026-06-21 10:15:17] [INFO] [qd_client] Logged in to QuantDinger
[2026-06-21 10:15:18] [INFO] [qd_client] Logged in to QuantDinger
[2026-06-21 10:15:18] [INFO] [mt5_watchdog] MT5 already connected
[2026-06-21 10:15:18] [INFO] [mt5_watchdog] MT5 reconnected successfully!
[2026-06-21 10:15:21] [INFO] [qd_client] Logged in to QuantDinger
[2026-06-21 10:16:18] [INFO] [qd_client] Logged in to QuantDinger
[2026-06-21 10:16:22] [INFO] [qd_client] Logged in to QuantDinger
[2026-06-21 10:17:18] [INFO] [qd_client] Logged in to QuantDinger
[2026-06-21 10:17:23] [INFO] [qd_client] Logged in to QuantDinger
[2026-06-21 10:18:00] [INFO] [main] ==================================================
[2026-06-21 10:18:00] [INFO] [main] Cycle 4 at 10:18:00
[2026-06-21 10:18:11] [INFO] [news_fetcher] Fetched 0 relevant news items
[2026-06-21 10:18:11] [WARNING] [main] No news fetched
[2026-06-21 10:18:11] [INFO] [main] Sleeping 1800s...
[2026-06-21 10:18:19] [INFO] [qd_client] Logged in to QuantDinger
[2026-06-21 10:18:23] [INFO] [qd_client] Logged in to QuantDinger
[2026-06-21 10:19:19] [WARNING] [mt5_watchdog] MT5 disconnected! Attempt 1/3
[2026-06-21 10:19:20] [INFO] [qd_client] Logged in to QuantDinger
[2026-06-21 10:19:20] [INFO] [qd_client] Logged in to QuantDinger
[2026-06-21 10:19:20] [INFO] [mt5_watchdog] MT5 already connected
[2026-06-21 10:19:20] [INFO] [mt5_watchdog] MT5 reconnected successfully!
[2026-06-21 10:19:24] [INFO] [qd_client] Logged in to QuantDinger
[2026-06-21 10:20:20] [INFO] [qd_client] Logged in to QuantDinger
[2026-06-21 10:20:23] [WARNING] [mt5_watchdog] MT5 disconnected! Attempt 1/3
[2026-06-21 10:20:24] [INFO] [qd_client] Logged in to QuantDinger
[2026-06-21 10:20:25] [INFO] [qd_client] Logged in to QuantDinger
[2026-06-21 10:20:25] [INFO] [mt5_watchdog] MT5 already connected
[2026-06-21 10:20:25] [INFO] [mt5_watchdog] MT5 reconnected successfully!
[2026-06-21 10:21:21] [WARNING] [mt5_watchdog] MT5 disconnected! Attempt 1/3
[2026-06-21 10:21:21] [INFO] [qd_client] Logged in to QuantDinger
[2026-06-21 10:21:22] [INFO] [qd_client] Logged in to QuantDinger
[2026-06-21 10:21:22] [INFO] [mt5_watchdog] MT5 already connected
[2026-06-21 10:21:22] [INFO] [mt5_watchdog] MT5 reconnected successfully!
[2026-06-21 10:21:25] [INFO] [qd_client] Logged in to QuantDinger
[2026-06-21 10:22:22] [INFO] [qd_client] Logged in to QuantDinger
[2026-06-21 10:22:25] [INFO] [qd_client] Logged in to QuantDinger
[2026-06-21 10:23:22] [INFO] [qd_client] Logged in to QuantDinger
[2026-06-21 10:23:26] [INFO] [qd_client] Logged in to QuantDinger
[2026-06-21 10:24:08] [INFO] [qd_client] Logged in to QuantDinger
[2026-06-21 10:24:26] [WARNING] [mt5_watchdog] MT5 disconnected! Attempt 1/3
[2026-06-21 10:24:27] [INFO] [qd_client] Logged in to QuantDinger
[2026-06-21 10:24:27] [INFO] [qd_client] Logged in to QuantDinger
[2026-06-21 10:24:27] [INFO] [mt5_watchdog] MT5 already connected
[2026-06-21 10:24:27] [INFO] [mt5_watchdog] MT5 reconnected successfully!
[2026-06-21 10:24:39] [INFO] [main] ==================================================
[2026-06-21 10:24:39] [INFO] [main] Cycle 2 at 10:24:39
[2026-06-21 10:24:39] [WARNING] [main] MT5 disconnected, reconnecting...
[2026-06-21 10:24:39] [INFO] [qd_client] Logged in to QuantDinger
[2026-06-21 10:24:39] [INFO] [qd_client] MT5 connected
[2026-06-21 10:24:39] [INFO] [main] MT5 reconnected
[2026-06-21 10:24:48] [INFO] [news_fetcher] Fetched 4 relevant news items
[2026-06-21 10:24:49] [INFO] [main] Equity: 73516.00$ | News: 4
[2026-06-21 10:24:49] [INFO] [main] --- EURUSD ---
[2026-06-21 10:24:52] [INFO] [deepseek] AI analysis EURUSD: bias=neutral score=45.0 conf=0.40
[2026-06-21 10:24:52] [DEBUG] [signal_engine] Signal: NEUTRAL score=45.0 conf=0.40 strength=ضعيف valid=False
[2026-06-21 10:24:52] [INFO] [sentiment] Sentiment EURUSD: bullish score=83 bull=2 bear=1
[2026-06-21 10:24:52] [DEBUG] [hybrid_market_client] Fetching indicators for EURUSD (method: QuantDinger)
[2026-06-21 10:24:52] [DEBUG] [market_client] Candles EURUSD 4H: 100 bars ✓
[2026-06-21 10:24:52] [DEBUG] [hybrid_market_client] ✓ Got real data from QuantDinger for EURUSD
[2026-06-21 10:24:52] [DEBUG] [hybrid_market_client] Fetching indicators for EURUSD (method: QuantDinger)
[2026-06-21 10:24:52] [DEBUG] [market_client] Candles EURUSD 4H: 100 bars ✓
[2026-06-21 10:24:52] [DEBUG] [hybrid_market_client] ✓ Got real data from QuantDinger for EURUSD
[2026-06-21 10:24:52] [DEBUG] [hybrid_market_client] Fetching indicators for EURUSD (method: QuantDinger)
[2026-06-21 10:24:52] [DEBUG] [market_client] Candles EURUSD 4H: 100 bars ✓
[2026-06-21 10:24:52] [DEBUG] [hybrid_market_client] ✓ Got real data from QuantDinger for EURUSD
[2026-06-21 10:24:52] [DEBUG] [hybrid_market_client] Fetching indicators for EURUSD (method: QuantDinger)
[2026-06-21 10:24:52] [DEBUG] [market_client] Using cached candles for EURUSD H4 (age: 0s)
[2026-06-21 10:24:52] [DEBUG] [hybrid_market_client] ✓ Got real data from QuantDinger for EURUSD
[2026-06-21 10:24:52] [DEBUG] [hybrid_market_client] Fetching indicators for EURUSD (method: QuantDinger)
[2026-06-21 10:24:52] [DEBUG] [market_client] Using cached candles for EURUSD H1 (age: 0s)
[2026-06-21 10:24:52] [DEBUG] [hybrid_market_client] ✓ Got real data from QuantDinger for EURUSD
[2026-06-21 10:24:52] [DEBUG] [hybrid_market_client] Fetching indicators for EURUSD (method: QuantDinger)
[2026-06-21 10:24:52] [DEBUG] [market_client] Using cached candles for EURUSD M15 (age: 0s)
[2026-06-21 10:24:52] [DEBUG] [hybrid_market_client] ✓ Got real data from QuantDinger for EURUSD
[2026-06-21 10:24:52] [DEBUG] [hybrid_market_client] Fetching indicators for EURUSD (method: QuantDinger)
[2026-06-21 10:24:52] [DEBUG] [market_client] Using cached candles for EURUSD H4 (age: 0s)
[2026-06-21 10:24:52] [DEBUG] [hybrid_market_client] ✓ Got real data from QuantDinger for EURUSD
[2026-06-21 10:24:52] [DEBUG] [hybrid_market_client] Fetching indicators for EURUSD (method: QuantDinger)
[2026-06-21 10:24:52] [DEBUG] [market_client] Using cached candles for EURUSD H1 (age: 0s)
[2026-06-21 10:24:52] [DEBUG] [hybrid_market_client] ✓ Got real data from QuantDinger for EURUSD
[2026-06-21 10:24:52] [DEBUG] [hybrid_market_client] Fetching indicators for EURUSD (method: QuantDinger)
[2026-06-21 10:24:52] [DEBUG] [market_client] Using cached candles for EURUSD M15 (age: 0s)
[2026-06-21 10:24:52] [DEBUG] [hybrid_market_client] ✓ Got real data from QuantDinger for EURUSD
[2026-06-21 10:24:52] [INFO] [mtf] MTF_VERIFY EURUSD: TIMEFRAME=H4 candles=1 last_ts= last_close=1.1469204425811768 RSI=27.64 ATR=0.002983 MACD=-0.006249 | TIMEFRAME=H1 candles=1 last_ts= last_close=1.1469204425811768 RSI=27.64 ATR=0.002983 MACD=-0.006249 | TIMEFRAME=M15 candles=1 last_ts= last_close=1.1469204425811768 RSI=27.64 ATR=0.002983 MACD=-0.006249
[2026-06-21 10:24:52] [INFO] [mtf] MTF EURUSD: H4=bearish H1=bullish M15=bullish aligned=True (weak)
[2026-06-21 10:24:52] [DEBUG] [hybrid_market_client] Fetching indicators for EURUSD (method: QuantDinger)
[2026-06-21 10:24:52] [DEBUG] [market_client] Using cached candles for EURUSD H4 (age: 0s)
[2026-06-21 10:24:52] [DEBUG] [hybrid_market_client] ✓ Got real data from QuantDinger for EURUSD
[2026-06-21 10:24:52] [DEBUG] [hybrid_market_client] Fetching indicators for EURUSD (method: QuantDinger)
[2026-06-21 10:24:52] [DEBUG] [market_client] Using cached candles for EURUSD H1 (age: 0s)
[2026-06-21 10:24:52] [DEBUG] [hybrid_market_client] ✓ Got real data from QuantDinger for EURUSD
[2026-06-21 10:24:52] [DEBUG] [hybrid_market_client] Fetching indicators for EURUSD (method: QuantDinger)
[2026-06-21 10:24:52] [DEBUG] [market_client] Using cached candles for EURUSD H1 (age: 0s)
[2026-06-21 10:24:52] [DEBUG] [hybrid_market_client] ✓ Got real data from QuantDinger for EURUSD
[2026-06-21 10:24:52] [DEBUG] [hybrid_market_client] Fetching indicators for EURUSD (method: QuantDinger)
[2026-06-21 10:24:52] [DEBUG] [market_client] Using cached candles for EURUSD H4 (age: 0s)
[2026-06-21 10:24:52] [DEBUG] [hybrid_market_client] ✓ Got real data from QuantDinger for EURUSD
[2026-06-21 10:24:52] [DEBUG] [hybrid_market_client] Fetching indicators for EURUSD (method: QuantDinger)
[2026-06-21 10:24:52] [DEBUG] [market_client] Using cached candles for EURUSD H1 (age: 0s)
[2026-06-21 10:24:52] [DEBUG] [hybrid_market_client] ✓ Got real data from QuantDinger for EURUSD
[2026-06-21 10:24:52] [INFO] [main] --- XAUUSD ---
[2026-06-21 10:24:52] [INFO] [main] XAUUSD: no pair-specific news -> skipping DeepSeek analysis
[2026-06-21 10:24:52] [INFO] [main] --- GBPUSD ---
[2026-06-21 10:24:52] [INFO] [main] GBPUSD: no pair-specific news -> skipping DeepSeek analysis
[2026-06-21 10:24:52] [INFO] [main] Sleeping 1800s...
[2026-06-21 10:25:27] [INFO] [qd_client] Logged in to QuantDinger
[2026-06-21 10:26:23] [INFO] [qd_client] Logged in to QuantDinger
[2026-06-21 10:26:28] [INFO] [qd_client] Logged in to QuantDinger
[2026-06-21 10:27:23] [WARNING] [mt5_watchdog] MT5 disconnected! Attempt 1/3
[2026-06-21 10:27:23] [INFO] [qd_client] Logged in to QuantDinger
[2026-06-21 10:27:24] [INFO] [qd_client] Logged in to QuantDinger
[2026-06-21 10:27:24] [INFO] [mt5_watchdog] MT5 already connected
[2026-06-21 10:27:24] [INFO] [mt5_watchdog] MT5 reconnected successfully!
[2026-06-21 10:27:28] [INFO] [qd_client] Logged in to QuantDinger
[2026-06-21 10:28:24] [INFO] [qd_client] Logged in to QuantDinger
[2026-06-21 10:28:29] [INFO] [qd_client] Logged in to QuantDinger
[2026-06-21 10:29:36] [INFO] [main] Trading Bot V3 starting...
[2026-06-21 10:29:36] [INFO] [database] V3 Database initialized with all tables
[2026-06-21 10:29:37] [INFO] [qd_client] Logged in to QuantDinger
[2026-06-21 10:29:37] [INFO] [qd_client] MT5 connected
[2026-06-21 10:29:37] [INFO] [main] MT5 connected
[2026-06-21 10:29:37] [INFO] [telegram_bot] Telegram polling started
[2026-06-21 10:29:37] [INFO] [telegram_bot] Telegram bot V3 started
[2026-06-21 10:29:37] [INFO] [mt5_watchdog] MT5 watchdog started (V1 reconnect logic)
[2026-06-21 10:29:37] [INFO] [reconciliation] Reconciliation loop started (every 60s)
[2026-06-21 10:29:37] [INFO] [reconciliation] Reconciliation thread started
[2026-06-21 10:29:37] [INFO] [main] ==================================================
[2026-06-21 10:29:37] [INFO] [main] Cycle 1 at 10:29:37
[2026-06-21 10:29:46] [INFO] [news_fetcher] Fetched 4 relevant news items
[2026-06-21 10:29:46] [INFO] [main] Equity: 73516.00$ | News: 4
[2026-06-21 10:29:46] [INFO] [main] --- EURUSD ---
[2026-06-21 10:29:50] [INFO] [deepseek] AI analysis EURUSD: bias=neutral score=45.0 conf=0.40
[2026-06-21 10:29:50] [DEBUG] [signal_engine] Signal: NEUTRAL score=45.0 conf=0.40 strength=ضعيف valid=False
[2026-06-21 10:29:50] [INFO] [sentiment] Sentiment EURUSD: bullish score=83 bull=2 bear=1
[2026-06-21 10:29:50] [DEBUG] [hybrid_market_client] Fetching indicators for EURUSD (method: QuantDinger)
[2026-06-21 10:29:50] [DEBUG] [market_client] Candles EURUSD 4H: 100 bars ✓
[2026-06-21 10:29:50] [DEBUG] [hybrid_market_client] ✓ Got real data from QuantDinger for EURUSD
[2026-06-21 10:29:50] [DEBUG] [hybrid_market_client] Fetching indicators for EURUSD (method: QuantDinger)
[2026-06-21 10:29:50] [DEBUG] [market_client] Candles EURUSD 4H: 100 bars ✓
[2026-06-21 10:29:50] [DEBUG] [hybrid_market_client] ✓ Got real data from QuantDinger for EURUSD
[2026-06-21 10:29:50] [DEBUG] [hybrid_market_client] Fetching indicators for EURUSD (method: QuantDinger)
[2026-06-21 10:29:50] [DEBUG] [market_client] Candles EURUSD 4H: 100 bars ✓
[2026-06-21 10:29:50] [DEBUG] [hybrid_market_client] ✓ Got real data from QuantDinger for EURUSD
[2026-06-21 10:29:50] [DEBUG] [hybrid_market_client] Fetching indicators for EURUSD (method: QuantDinger)
[2026-06-21 10:29:50] [DEBUG] [market_client] Using cached candles for EURUSD H4 (age: 0s)
[2026-06-21 10:29:50] [DEBUG] [hybrid_market_client] ✓ Got real data from QuantDinger for EURUSD
[2026-06-21 10:29:50] [DEBUG] [hybrid_market_client] Fetching indicators for EURUSD (method: QuantDinger)
[2026-06-21 10:29:50] [DEBUG] [market_client] Using cached candles for EURUSD H1 (age: 0s)
[2026-06-21 10:29:50] [DEBUG] [hybrid_market_client] ✓ Got real data from QuantDinger for EURUSD
[2026-06-21 10:29:50] [DEBUG] [hybrid_market_client] Fetching indicators for EURUSD (method: QuantDinger)
[2026-06-21 10:29:50] [DEBUG] [market_client] Using cached candles for EURUSD M15 (age: 0s)
[2026-06-21 10:29:50] [DEBUG] [hybrid_market_client] ✓ Got real data from QuantDinger for EURUSD
[2026-06-21 10:29:50] [DEBUG] [hybrid_market_client] Fetching indicators for EURUSD (method: QuantDinger)
[2026-06-21 10:29:50] [DEBUG] [market_client] Using cached candles for EURUSD H4 (age: 0s)
[2026-06-21 10:29:50] [DEBUG] [hybrid_market_client] ✓ Got real data from QuantDinger for EURUSD
[2026-06-21 10:29:50] [DEBUG] [hybrid_market_client] Fetching indicators for EURUSD (method: QuantDinger)
[2026-06-21 10:29:50] [DEBUG] [market_client] Using cached candles for EURUSD H1 (age: 0s)
[2026-06-21 10:29:50] [DEBUG] [hybrid_market_client] ✓ Got real data from QuantDinger for EURUSD
[2026-06-21 10:29:50] [DEBUG] [hybrid_market_client] Fetching indicators for EURUSD (method: QuantDinger)
[2026-06-21 10:29:50] [DEBUG] [market_client] Using cached candles for EURUSD M15 (age: 0s)
[2026-06-21 10:29:50] [DEBUG] [hybrid_market_client] ✓ Got real data from QuantDinger for EURUSD
[2026-06-21 10:29:50] [INFO] [mtf] MTF_VERIFY EURUSD: TIMEFRAME=H4 candles=1 last_ts= last_close=1.1469204425811768 RSI=27.64 ATR=0.002983 MACD=-0.006249 | TIMEFRAME=H1 candles=1 last_ts= last_close=1.1469204425811768 RSI=27.64 ATR=0.002983 MACD=-0.006249 | TIMEFRAME=M15 candles=1 last_ts= last_close=1.1469204425811768 RSI=27.64 ATR=0.002983 MACD=-0.006249
[2026-06-21 10:29:50] [INFO] [mtf] MTF EURUSD: H4=bearish H1=bullish M15=bullish aligned=True (weak)
[2026-06-21 10:29:50] [DEBUG] [hybrid_market_client] Fetching indicators for EURUSD (method: QuantDinger)
[2026-06-21 10:29:50] [DEBUG] [market_client] Using cached candles for EURUSD H4 (age: 0s)
[2026-06-21 10:29:50] [DEBUG] [hybrid_market_client] ✓ Got real data from QuantDinger for EURUSD
[2026-06-21 10:29:50] [DEBUG] [hybrid_market_client] Fetching indicators for EURUSD (method: QuantDinger)
[2026-06-21 10:29:50] [DEBUG] [market_client] Using cached candles for EURUSD H1 (age: 0s)
[2026-06-21 10:29:50] [DEBUG] [hybrid_market_client] ✓ Got real data from QuantDinger for EURUSD
[2026-06-21 10:29:50] [DEBUG] [hybrid_market_client] Fetching indicators for EURUSD (method: QuantDinger)
[2026-06-21 10:29:50] [DEBUG] [market_client] Using cached candles for EURUSD H1 (age: 0s)
[2026-06-21 10:29:50] [DEBUG] [hybrid_market_client] ✓ Got real data from QuantDinger for EURUSD
[2026-06-21 10:29:50] [DEBUG] [hybrid_market_client] Fetching indicators for EURUSD (method: QuantDinger)
[2026-06-21 10:29:50] [DEBUG] [market_client] Using cached candles for EURUSD H4 (age: 0s)
[2026-06-21 10:29:50] [DEBUG] [hybrid_market_client] ✓ Got real data from QuantDinger for EURUSD
[2026-06-21 10:29:50] [DEBUG] [hybrid_market_client] Fetching indicators for EURUSD (method: QuantDinger)
[2026-06-21 10:29:50] [DEBUG] [market_client] Using cached candles for EURUSD H1 (age: 0s)
[2026-06-21 10:29:50] [DEBUG] [hybrid_market_client] ✓ Got real data from QuantDinger for EURUSD
[2026-06-21 10:29:50] [INFO] [main] [VERIFY] SIGNAL_VALIDATION FAILED reason=valid=False file=main.py function=run_cycle
[2026-06-21 10:29:50] [INFO] [main] [VERIFY] PIPELINE_STEP NOT_REACHED STOPPED_AT=SIGNAL_VALIDATION
[2026-06-21 10:29:50] [INFO] [main] --- XAUUSD ---
[2026-06-21 10:29:50] [INFO] [main] XAUUSD: no pair-specific news -> skipping DeepSeek analysis
[2026-06-21 10:29:50] [INFO] [main] --- GBPUSD ---
[2026-06-21 10:29:50] [INFO] [main] GBPUSD: no pair-specific news -> skipping DeepSeek analysis
[2026-06-21 10:29:50] [INFO] [main] Sleeping 1800s...
[2026-06-21 10:30:29] [WARNING] [mt5_watchdog] MT5 disconnected! Attempt 1/3
[2026-06-21 10:30:29] [INFO] [qd_client] Logged in to QuantDinger
[2026-06-21 10:30:30] [INFO] [qd_client] Logged in to QuantDinger
[2026-06-21 10:30:30] [INFO] [mt5_watchdog] MT5 already connected
[2026-06-21 10:30:30] [INFO] [mt5_watchdog] MT5 reconnected successfully!
[2026-06-21 10:30:37] [WARNING] [mt5_watchdog] MT5 disconnected! Attempt 1/3
[2026-06-21 10:30:37] [INFO] [qd_client] Logged in to QuantDinger
[2026-06-21 10:30:39] [INFO] [qd_client] Logged in to QuantDinger
[2026-06-21 10:30:39] [INFO] [mt5_watchdog] MT5 already connected
[2026-06-21 10:30:39] [INFO] [mt5_watchdog] MT5 reconnected successfully!
[2026-06-21 10:31:30] [INFO] [qd_client] Logged in to QuantDinger
[2026-06-21 10:31:38] [INFO] [qd_client] Logged in to QuantDinger
[2026-06-21 10:32:15] [INFO] [qd_client] Logged in to QuantDinger
[2026-06-21 10:32:39] [INFO] [qd_client] Logged in to QuantDinger
[2026-06-21 10:33:31] [INFO] [qd_client] Logged in to QuantDinger
[2026-06-21 10:33:39] [INFO] [qd_client] Logged in to QuantDinger
[2026-06-21 10:34:31] [INFO] [qd_client] Logged in to QuantDinger
[2026-06-21 10:34:40] [INFO] [qd_client] Logged in to QuantDinger
[2026-06-21 10:35:31] [INFO] [qd_client] Logged in to QuantDinger
[2026-06-21 10:35:40] [INFO] [qd_client] Logged in to QuantDinger
[2026-06-21 10:36:32] [WARNING] [mt5_watchdog] MT5 disconnected! Attempt 1/3
[2026-06-21 10:36:32] [INFO] [qd_client] Logged in to QuantDinger
[2026-06-21 10:36:33] [INFO] [qd_client] Logged in to QuantDinger
[2026-06-21 10:36:33] [INFO] [mt5_watchdog] MT5 already connected
[2026-06-21 10:36:33] [INFO] [mt5_watchdog] MT5 reconnected successfully!
[2026-06-21 10:36:40] [WARNING] [mt5_watchdog] MT5 disconnected! Attempt 1/3
[2026-06-21 10:36:41] [INFO] [qd_client] Logged in to QuantDinger
[2026-06-21 10:36:42] [INFO] [qd_client] Logged in to QuantDinger
[2026-06-21 10:36:42] [INFO] [mt5_watchdog] MT5 already connected
[2026-06-21 10:36:42] [INFO] [mt5_watchdog] MT5 reconnected successfully!
[2026-06-21 10:37:33] [INFO] [qd_client] Logged in to QuantDinger
[2026-06-21 10:37:42] [INFO] [qd_client] Logged in to QuantDinger
[2026-06-21 10:38:33] [INFO] [qd_client] Logged in to QuantDinger
[2026-06-21 10:38:42] [INFO] [qd_client] Logged in to QuantDinger
[2026-06-21 10:39:34] [INFO] [qd_client] Logged in to QuantDinger
[2026-06-21 10:39:43] [INFO] [qd_client] Logged in to QuantDinger
[2026-06-21 10:40:34] [INFO] [qd_client] Logged in to QuantDinger
[2026-06-21 10:40:43] [WARNING] [mt5_watchdog] MT5 disconnected! Attempt 1/3
[2026-06-21 10:40:43] [INFO] [qd_client] Logged in to QuantDinger
[2026-06-21 10:40:45] [INFO] [qd_client] Logged in to QuantDinger
[2026-06-21 10:40:45] [INFO] [mt5_watchdog] MT5 already connected
[2026-06-21 10:40:45] [INFO] [mt5_watchdog] MT5 reconnected successfully!
[2026-06-21 10:41:35] [INFO] [qd_client] Logged in to QuantDinger
[2026-06-21 10:41:44] [INFO] [qd_client] Logged in to QuantDinger
[2026-06-21 10:42:35] [WARNING] [mt5_watchdog] MT5 disconnected! Attempt 1/3
[2026-06-21 10:42:35] [INFO] [qd_client] Logged in to QuantDinger
[2026-06-21 10:42:36] [INFO] [qd_client] Logged in to QuantDinger
[2026-06-21 10:42:36] [INFO] [mt5_watchdog] MT5 already connected
[2026-06-21 10:42:36] [INFO] [mt5_watchdog] MT5 reconnected successfully!
[2026-06-21 10:42:44] [INFO] [qd_client] Logged in to QuantDinger
[2026-06-21 10:43:36] [INFO] [qd_client] Logged in to QuantDinger
[2026-06-21 10:43:45] [INFO] [qd_client] Logged in to QuantDinger
[2026-06-21 10:44:36] [INFO] [qd_client] Logged in to QuantDinger
[2026-06-21 10:44:37] [INFO] [qd_client] Logged in to QuantDinger
[2026-06-21 10:45:37] [INFO] [qd_client] Logged in to QuantDinger
[2026-06-21 10:45:45] [INFO] [qd_client] Logged in to QuantDinger
[2026-06-21 10:46:37] [WARNING] [mt5_watchdog] MT5 disconnected! Attempt 1/3
[2026-06-21 10:46:37] [INFO] [qd_client] Logged in to QuantDinger
[2026-06-21 10:46:38] [INFO] [qd_client] Logged in to QuantDinger
[2026-06-21 10:46:38] [INFO] [mt5_watchdog] MT5 already connected
[2026-06-21 10:46:38] [INFO] [mt5_watchdog] MT5 reconnected successfully!
[2026-06-21 10:46:46] [INFO] [qd_client] Logged in to QuantDinger
[2026-06-21 10:47:17] [INFO] [qd_client] Logged in to QuantDinger
[2026-06-21 10:47:47] [INFO] [qd_client] Logged in to QuantDinger
[2026-06-21 10:48:11] [INFO] [main] ==================================================
[2026-06-21 10:48:11] [INFO] [main] Cycle 5 at 10:48:11
[2026-06-21 10:48:11] [WARNING] [main] MT5 disconnected, reconnecting...
[2026-06-21 10:48:11] [INFO] [qd_client] Logged in to QuantDinger
[2026-06-21 10:48:11] [INFO] [qd_client] MT5 connected
[2026-06-21 10:48:11] [INFO] [main] MT5 reconnected
[2026-06-21 10:48:21] [INFO] [news_fetcher] Fetched 0 relevant news items
[2026-06-21 10:48:21] [WARNING] [main] No news fetched
[2026-06-21 10:48:21] [INFO] [main] Sleeping 1800s...
[2026-06-21 10:48:47] [WARNING] [mt5_watchdog] MT5 disconnected! Attempt 1/3
[2026-06-21 10:48:47] [INFO] [qd_client] Logged in to QuantDinger
[2026-06-21 10:48:49] [INFO] [qd_client] Logged in to QuantDinger
[2026-06-21 10:48:49] [INFO] [mt5_watchdog] MT5 already connected
[2026-06-21 10:48:49] [INFO] [mt5_watchdog] MT5 reconnected successfully!
[2026-06-21 10:49:38] [INFO] [qd_client] Logged in to QuantDinger
[2026-06-21 10:49:48] [INFO] [qd_client] Logged in to QuantDinger
[2026-06-21 10:50:39] [WARNING] [mt5_watchdog] MT5 disconnected! Attempt 1/3
[2026-06-21 10:50:39] [INFO] [qd_client] Logged in to QuantDinger
[2026-06-21 10:50:40] [INFO] [qd_client] Logged in to QuantDinger
[2026-06-21 10:50:40] [INFO] [mt5_watchdog] MT5 already connected
[2026-06-21 10:50:40] [INFO] [mt5_watchdog] MT5 reconnected successfully!
[2026-06-21 10:50:49] [INFO] [qd_client] Logged in to QuantDinger
[2026-06-21 10:51:39] [INFO] [qd_client] Logged in to QuantDinger
[2026-06-21 10:51:49] [INFO] [qd_client] Logged in to QuantDinger
[2026-06-21 10:52:40] [INFO] [qd_client] Logged in to QuantDinger
[2026-06-21 10:52:50] [INFO] [qd_client] Logged in to QuantDinger
[2026-06-21 10:53:40] [INFO] [qd_client] Logged in to QuantDinger
[2026-06-21 10:53:50] [INFO] [qd_client] Logged in to QuantDinger
[2026-06-21 10:54:22] [INFO] [main] Trading Bot V3 starting...
[2026-06-21 10:54:22] [INFO] [database] V3 Database initialized with all tables
[2026-06-21 10:54:22] [INFO] [qd_client] Logged in to QuantDinger
[2026-06-21 10:54:22] [INFO] [qd_client] MT5 connected
[2026-06-21 10:54:22] [INFO] [main] MT5 connected
[2026-06-21 10:54:22] [INFO] [telegram_bot] Telegram polling started
[2026-06-21 10:54:22] [INFO] [telegram_bot] Telegram bot V3 started
[2026-06-21 10:54:22] [INFO] [mt5_watchdog] MT5 watchdog started (V1 reconnect logic)
[2026-06-21 10:54:22] [INFO] [reconciliation] Reconciliation loop started (every 60s)
[2026-06-21 10:54:22] [INFO] [reconciliation] Reconciliation thread started
[2026-06-21 10:54:23] [INFO] [main] ==================================================
[2026-06-21 10:54:23] [INFO] [main] Cycle 1 at 10:54:23
[2026-06-21 10:54:33] [INFO] [news_fetcher] Fetched 3 relevant news items
[2026-06-21 10:54:33] [INFO] [main] Equity: 73516.00$ | News: 3
[2026-06-21 10:54:33] [INFO] [main] --- EURUSD ---
[2026-06-21 10:54:37] [INFO] [deepseek] AI analysis EURUSD: bias=neutral score=45.0 conf=0.40
[2026-06-21 10:54:37] [INFO] [signal_engine] [VERIFY] SIGNAL_INPUT bias=neutral score=45.0 confidence=0.4
[2026-06-21 10:54:37] [INFO] [signal_engine] [VERIFY] SIGNAL_RULE rule=confidence>=0.60 actual=0.4 result=False
[2026-06-21 10:54:37] [INFO] [signal_engine] [VERIFY] SIGNAL_RULE rule=score>=55 actual=45.0 result=False
[2026-06-21 10:54:37] [INFO] [signal_engine] [VERIFY] SIGNAL_RULE rule=bias in [bullish,bearish] actual=neutral result=False
[2026-06-21 10:54:37] [INFO] [signal_engine] [VERIFY] SIGNAL_FINAL direction=NEUTRAL score=45.0 confidence=0.4 valid=False
[2026-06-21 10:54:37] [INFO] [signal_engine] [VERIFY] SIGNAL_FAILURE_REASONS
[2026-06-21 10:54:37] [INFO] [signal_engine] * confidence below threshold
[2026-06-21 10:54:37] [INFO] [signal_engine] * score below threshold
[2026-06-21 10:54:37] [INFO] [signal_engine] * neutral bias
[2026-06-21 10:54:37] [INFO] [signal_engine] [VERIFY] SIGNAL_FAILURE_LOCATION file=F:\files (2)\google\botdd\trading_bot_v3\decision\signal_engine.py function=generate_signal
[2026-06-21 10:54:37] [DEBUG] [signal_engine] Signal: NEUTRAL score=45.0 conf=0.40 strength=ضعيف valid=False
[2026-06-21 10:54:37] [INFO] [sentiment] Sentiment EURUSD: bullish score=83 bull=2 bear=1
[2026-06-21 10:54:37] [DEBUG] [hybrid_market_client] Fetching indicators for EURUSD (method: QuantDinger)
[2026-06-21 10:54:38] [DEBUG] [market_client] Candles EURUSD 4H: 100 bars ✓
[2026-06-21 10:54:38] [DEBUG] [hybrid_market_client] ✓ Got real data from QuantDinger for EURUSD
[2026-06-21 10:54:38] [DEBUG] [hybrid_market_client] Fetching indicators for EURUSD (method: QuantDinger)
[2026-06-21 10:54:38] [DEBUG] [market_client] Candles EURUSD 4H: 100 bars ✓
[2026-06-21 10:54:38] [DEBUG] [hybrid_market_client] ✓ Got real data from QuantDinger for EURUSD
[2026-06-21 10:54:38] [DEBUG] [hybrid_market_client] Fetching indicators for EURUSD (method: QuantDinger)
[2026-06-21 10:54:38] [DEBUG] [market_client] Candles EURUSD 4H: 100 bars ✓
[2026-06-21 10:54:38] [DEBUG] [hybrid_market_client] ✓ Got real data from QuantDinger for EURUSD
[2026-06-21 10:54:38] [DEBUG] [hybrid_market_client] Fetching indicators for EURUSD (method: QuantDinger)
[2026-06-21 10:54:38] [DEBUG] [market_client] Using cached candles for EURUSD H4 (age: 0s)
[2026-06-21 10:54:38] [DEBUG] [hybrid_market_client] ✓ Got real data from QuantDinger for EURUSD
[2026-06-21 10:54:38] [DEBUG] [hybrid_market_client] Fetching indicators for EURUSD (method: QuantDinger)
[2026-06-21 10:54:38] [DEBUG] [market_client] Using cached candles for EURUSD H1 (age: 0s)
[2026-06-21 10:54:38] [DEBUG] [hybrid_market_client] ✓ Got real data from QuantDinger for EURUSD
[2026-06-21 10:54:38] [DEBUG] [hybrid_market_client] Fetching indicators for EURUSD (method: QuantDinger)
[2026-06-21 10:54:38] [DEBUG] [market_client] Using cached candles for EURUSD M15 (age: 0s)
[2026-06-21 10:54:38] [DEBUG] [hybrid_market_client] ✓ Got real data from QuantDinger for EURUSD
[2026-06-21 10:54:38] [DEBUG] [hybrid_market_client] Fetching indicators for EURUSD (method: QuantDinger)
[2026-06-21 10:54:38] [DEBUG] [market_client] Using cached candles for EURUSD H4 (age: 0s)
[2026-06-21 10:54:38] [DEBUG] [hybrid_market_client] ✓ Got real data from QuantDinger for EURUSD
[2026-06-21 10:54:38] [DEBUG] [hybrid_market_client] Fetching indicators for EURUSD (method: QuantDinger)
[2026-06-21 10:54:38] [DEBUG] [market_client] Using cached candles for EURUSD H1 (age: 0s)
[2026-06-21 10:54:38] [DEBUG] [hybrid_market_client] ✓ Got real data from QuantDinger for EURUSD
[2026-06-21 10:54:38] [DEBUG] [hybrid_market_client] Fetching indicators for EURUSD (method: QuantDinger)
[2026-06-21 10:54:38] [DEBUG] [market_client] Using cached candles for EURUSD M15 (age: 0s)
[2026-06-21 10:54:38] [DEBUG] [hybrid_market_client] ✓ Got real data from QuantDinger for EURUSD
[2026-06-21 10:54:38] [INFO] [mtf] MTF_VERIFY EURUSD: TIMEFRAME=H4 candles=1 last_ts= last_close=1.1469204425811768 RSI=27.64 ATR=0.002983 MACD=-0.006249 | TIMEFRAME=H1 candles=1 last_ts= last_close=1.1469204425811768 RSI=27.64 ATR=0.002983 MACD=-0.006249 | TIMEFRAME=M15 candles=1 last_ts= last_close=1.1469204425811768 RSI=27.64 ATR=0.002983 MACD=-0.006249
[2026-06-21 10:54:38] [INFO] [mtf] MTF EURUSD: H4=bearish H1=bullish M15=bullish aligned=True (weak)
[2026-06-21 10:54:38] [DEBUG] [hybrid_market_client] Fetching indicators for EURUSD (method: QuantDinger)
[2026-06-21 10:54:38] [DEBUG] [market_client] Using cached candles for EURUSD H4 (age: 0s)
[2026-06-21 10:54:38] [DEBUG] [hybrid_market_client] ✓ Got real data from QuantDinger for EURUSD
[2026-06-21 10:54:38] [DEBUG] [hybrid_market_client] Fetching indicators for EURUSD (method: QuantDinger)
[2026-06-21 10:54:38] [DEBUG] [market_client] Using cached candles for EURUSD H1 (age: 0s)
[2026-06-21 10:54:38] [DEBUG] [hybrid_market_client] ✓ Got real data from QuantDinger for EURUSD
[2026-06-21 10:54:38] [DEBUG] [hybrid_market_client] Fetching indicators for EURUSD (method: QuantDinger)
[2026-06-21 10:54:38] [DEBUG] [market_client] Using cached candles for EURUSD H1 (age: 0s)
[2026-06-21 10:54:38] [DEBUG] [hybrid_market_client] ✓ Got real data from QuantDinger for EURUSD
[2026-06-21 10:54:38] [DEBUG] [hybrid_market_client] Fetching indicators for EURUSD (method: QuantDinger)
[2026-06-21 10:54:38] [DEBUG] [market_client] Using cached candles for EURUSD H4 (age: 0s)
[2026-06-21 10:54:38] [DEBUG] [hybrid_market_client] ✓ Got real data from QuantDinger for EURUSD
[2026-06-21 10:54:38] [DEBUG] [hybrid_market_client] Fetching indicators for EURUSD (method: QuantDinger)
[2026-06-21 10:54:38] [DEBUG] [market_client] Using cached candles for EURUSD H1 (age: 0s)
[2026-06-21 10:54:38] [DEBUG] [hybrid_market_client] ✓ Got real data from QuantDinger for EURUSD
[2026-06-21 10:54:38] [INFO] [main] [VERIFY] SIGNAL_VALIDATION FAILED reason=valid=False file=main.py function=run_cycle
[2026-06-21 10:54:38] [INFO] [main] [VERIFY] PIPELINE_STEP NOT_REACHED STOPPED_AT=SIGNAL_VALIDATION
[2026-06-21 10:54:38] [INFO] [main] --- XAUUSD ---
[2026-06-21 10:54:38] [INFO] [main] XAUUSD: no pair-specific news -> skipping DeepSeek analysis
[2026-06-21 10:54:38] [INFO] [main] --- GBPUSD ---
[2026-06-21 10:54:38] [INFO] [main] GBPUSD: no pair-specific news -> skipping DeepSeek analysis
[2026-06-21 10:54:38] [INFO] [main] Sleeping 1800s...
[2026-06-21 10:54:41] [WARNING] [mt5_watchdog] MT5 disconnected! Attempt 1/3
[2026-06-21 10:54:41] [INFO] [qd_client] Logged in to QuantDinger
[2026-06-21 10:54:42] [INFO] [qd_client] Logged in to QuantDinger
[2026-06-21 10:54:42] [INFO] [mt5_watchdog] MT5 already connected
[2026-06-21 10:54:42] [INFO] [mt5_watchdog] MT5 reconnected successfully!
[2026-06-21 10:54:51] [INFO] [qd_client] Logged in to QuantDinger
[2026-06-21 10:55:22] [WARNING] [mt5_watchdog] MT5 disconnected! Attempt 1/3
[2026-06-21 10:55:23] [INFO] [qd_client] Logged in to QuantDinger
[2026-06-21 10:55:24] [INFO] [qd_client] Logged in to QuantDinger
[2026-06-21 10:55:24] [INFO] [mt5_watchdog] MT5 already connected
[2026-06-21 10:55:24] [INFO] [mt5_watchdog] MT5 reconnected successfully!
[2026-06-21 10:55:42] [INFO] [qd_client] Logged in to QuantDinger
[2026-06-21 10:55:51] [INFO] [qd_client] Logged in to QuantDinger
[2026-06-21 10:56:23] [INFO] [qd_client] Logged in to QuantDinger
[2026-06-21 10:56:42] [INFO] [qd_client] Logged in to QuantDinger
[2026-06-21 10:56:51] [WARNING] [mt5_watchdog] MT5 disconnected! Attempt 1/3
[2026-06-21 10:56:52] [INFO] [qd_client] Logged in to QuantDinger
[2026-06-21 10:56:53] [INFO] [qd_client] Logged in to QuantDinger
[2026-06-21 10:56:53] [INFO] [mt5_watchdog] MT5 already connected
[2026-06-21 10:56:53] [INFO] [mt5_watchdog] MT5 reconnected successfully!
[2026-06-21 10:57:24] [INFO] [qd_client] Logged in to QuantDinger
[2026-06-21 10:57:43] [INFO] [qd_client] Logged in to QuantDinger
[2026-06-21 10:57:52] [INFO] [qd_client] Logged in to QuantDinger
[2026-06-21 10:58:24] [INFO] [qd_client] Logged in to QuantDinger
[2026-06-21 10:58:43] [INFO] [qd_client] Logged in to QuantDinger
[2026-06-21 10:58:53] [INFO] [qd_client] Logged in to QuantDinger
[2026-06-21 10:59:25] [WARNING] [mt5_watchdog] MT5 disconnected! Attempt 1/3
[2026-06-21 10:59:25] [INFO] [qd_client] Logged in to QuantDinger
[2026-06-21 10:59:26] [INFO] [qd_client] Logged in to QuantDinger
[2026-06-21 10:59:26] [INFO] [mt5_watchdog] MT5 already connected
[2026-06-21 10:59:26] [INFO] [mt5_watchdog] MT5 reconnected successfully!
[2026-06-21 10:59:39] [INFO] [qd_client] Logged in to QuantDinger
[2026-06-21 10:59:44] [INFO] [qd_client] Logged in to QuantDinger
[2026-06-21 10:59:50] [INFO] [main] ==================================================
[2026-06-21 10:59:50] [INFO] [main] Cycle 2 at 10:59:50
[2026-06-21 10:59:50] [WARNING] [main] MT5 disconnected, reconnecting...
[2026-06-21 10:59:50] [INFO] [qd_client] Logged in to QuantDinger
[2026-06-21 10:59:50] [INFO] [qd_client] MT5 connected
[2026-06-21 10:59:50] [INFO] [main] MT5 reconnected
[2026-06-21 11:00:03] [INFO] [news_fetcher] Fetched 3 relevant news items
[2026-06-21 11:00:03] [INFO] [main] Equity: 73516.00$ | News: 3
[2026-06-21 11:00:03] [INFO] [main] --- EURUSD ---
[2026-06-21 11:00:08] [INFO] [deepseek] AI analysis EURUSD: bias=neutral score=45.0 conf=0.40
[2026-06-21 11:00:08] [DEBUG] [signal_engine] Signal: NEUTRAL score=45.0 conf=0.40 strength=ضعيف valid=False
[2026-06-21 11:00:08] [INFO] [sentiment] Sentiment EURUSD: bullish score=83 bull=2 bear=1
[2026-06-21 11:00:08] [DEBUG] [hybrid_market_client] Fetching indicators for EURUSD (method: QuantDinger)
[2026-06-21 11:00:08] [DEBUG] [market_client] Candles EURUSD 4H: 100 bars ✓
[2026-06-21 11:00:08] [DEBUG] [hybrid_market_client] ✓ Got real data from QuantDinger for EURUSD
[2026-06-21 11:00:08] [DEBUG] [hybrid_market_client] Fetching indicators for EURUSD (method: QuantDinger)
[2026-06-21 11:00:08] [DEBUG] [market_client] Candles EURUSD 4H: 100 bars ✓
[2026-06-21 11:00:08] [DEBUG] [hybrid_market_client] ✓ Got real data from QuantDinger for EURUSD
[2026-06-21 11:00:08] [DEBUG] [hybrid_market_client] Fetching indicators for EURUSD (method: QuantDinger)
[2026-06-21 11:00:08] [DEBUG] [market_client] Candles EURUSD 4H: 100 bars ✓
[2026-06-21 11:00:08] [DEBUG] [hybrid_market_client] ✓ Got real data from QuantDinger for EURUSD
[2026-06-21 11:00:08] [DEBUG] [hybrid_market_client] Fetching indicators for EURUSD (method: QuantDinger)
[2026-06-21 11:00:08] [DEBUG] [market_client] Using cached candles for EURUSD H4 (age: 0s)
[2026-06-21 11:00:08] [DEBUG] [hybrid_market_client] ✓ Got real data from QuantDinger for EURUSD
[2026-06-21 11:00:08] [DEBUG] [hybrid_market_client] Fetching indicators for EURUSD (method: QuantDinger)
[2026-06-21 11:00:08] [DEBUG] [market_client] Using cached candles for EURUSD H1 (age: 0s)
[2026-06-21 11:00:08] [DEBUG] [hybrid_market_client] ✓ Got real data from QuantDinger for EURUSD
[2026-06-21 11:00:08] [DEBUG] [hybrid_market_client] Fetching indicators for EURUSD (method: QuantDinger)
[2026-06-21 11:00:08] [DEBUG] [market_client] Using cached candles for EURUSD M15 (age: 0s)
[2026-06-21 11:00:08] [DEBUG] [hybrid_market_client] ✓ Got real data from QuantDinger for EURUSD
[2026-06-21 11:00:08] [DEBUG] [hybrid_market_client] Fetching indicators for EURUSD (method: QuantDinger)
[2026-06-21 11:00:08] [DEBUG] [market_client] Using cached candles for EURUSD H4 (age: 0s)
[2026-06-21 11:00:08] [DEBUG] [hybrid_market_client] ✓ Got real data from QuantDinger for EURUSD
[2026-06-21 11:00:08] [DEBUG] [hybrid_market_client] Fetching indicators for EURUSD (method: QuantDinger)
[2026-06-21 11:00:08] [DEBUG] [market_client] Using cached candles for EURUSD H1 (age: 0s)
[2026-06-21 11:00:08] [DEBUG] [hybrid_market_client] ✓ Got real data from QuantDinger for EURUSD
[2026-06-21 11:00:08] [DEBUG] [hybrid_market_client] Fetching indicators for EURUSD (method: QuantDinger)
[2026-06-21 11:00:08] [DEBUG] [market_client] Using cached candles for EURUSD M15 (age: 0s)
[2026-06-21 11:00:08] [DEBUG] [hybrid_market_client] ✓ Got real data from QuantDinger for EURUSD
[2026-06-21 11:00:08] [INFO] [mtf] MTF_VERIFY EURUSD: TIMEFRAME=H4 candles=1 last_ts= last_close=1.1469204425811768 RSI=27.64 ATR=0.002983 MACD=-0.006249 | TIMEFRAME=H1 candles=1 last_ts= last_close=1.1469204425811768 RSI=27.64 ATR=0.002983 MACD=-0.006249 | TIMEFRAME=M15 candles=1 last_ts= last_close=1.1469204425811768 RSI=27.64 ATR=0.002983 MACD=-0.006249
[2026-06-21 11:00:08] [INFO] [mtf] MTF EURUSD: H4=bearish H1=bullish M15=bullish aligned=True (weak)
[2026-06-21 11:00:08] [DEBUG] [hybrid_market_client] Fetching indicators for EURUSD (method: QuantDinger)
[2026-06-21 11:00:08] [DEBUG] [market_client] Using cached candles for EURUSD H4 (age: 0s)
[2026-06-21 11:00:08] [DEBUG] [hybrid_market_client] ✓ Got real data from QuantDinger for EURUSD
[2026-06-21 11:00:08] [DEBUG] [hybrid_market_client] Fetching indicators for EURUSD (method: QuantDinger)
[2026-06-21 11:00:08] [DEBUG] [market_client] Using cached candles for EURUSD H1 (age: 0s)
[2026-06-21 11:00:08] [DEBUG] [hybrid_market_client] ✓ Got real data from QuantDinger for EURUSD
[2026-06-21 11:00:08] [DEBUG] [hybrid_market_client] Fetching indicators for EURUSD (method: QuantDinger)
[2026-06-21 11:00:08] [DEBUG] [market_client] Using cached candles for EURUSD H1 (age: 0s)
[2026-06-21 11:00:08] [DEBUG] [hybrid_market_client] ✓ Got real data from QuantDinger for EURUSD
[2026-06-21 11:00:08] [DEBUG] [hybrid_market_client] Fetching indicators for EURUSD (method: QuantDinger)
[2026-06-21 11:00:08] [DEBUG] [market_client] Using cached candles for EURUSD H4 (age: 0s)
[2026-06-21 11:00:08] [DEBUG] [hybrid_market_client] ✓ Got real data from QuantDinger for EURUSD
[2026-06-21 11:00:08] [DEBUG] [hybrid_market_client] Fetching indicators for EURUSD (method: QuantDinger)
[2026-06-21 11:00:08] [DEBUG] [market_client] Using cached candles for EURUSD H1 (age: 0s)
[2026-06-21 11:00:08] [DEBUG] [hybrid_market_client] ✓ Got real data from QuantDinger for EURUSD
[2026-06-21 11:00:08] [INFO] [main] [VERIFY] SIGNAL_VALIDATION FAILED reason=valid=False file=main.py function=run_cycle
[2026-06-21 11:00:08] [INFO] [main] [VERIFY] PIPELINE_STEP NOT_REACHED STOPPED_AT=SIGNAL_VALIDATION
[2026-06-21 11:00:08] [INFO] [main] --- XAUUSD ---
[2026-06-21 11:00:08] [INFO] [main] XAUUSD: no pair-specific news -> skipping DeepSeek analysis
[2026-06-21 11:00:08] [INFO] [main] --- GBPUSD ---
[2026-06-21 11:00:08] [INFO] [main] GBPUSD: no pair-specific news -> skipping DeepSeek analysis
[2026-06-21 11:00:08] [INFO] [main] Sleeping 1800s...
[2026-06-21 11:00:44] [WARNING] [mt5_watchdog] MT5 disconnected! Attempt 1/3
[2026-06-21 11:00:44] [INFO] [qd_client] Logged in to QuantDinger
[2026-06-21 11:00:45] [INFO] [qd_client] Logged in to QuantDinger
[2026-06-21 11:00:45] [INFO] [mt5_watchdog] MT5 already connected
[2026-06-21 11:00:45] [INFO] [mt5_watchdog] MT5 reconnected successfully!
[2026-06-21 11:00:53] [INFO] [qd_client] Logged in to QuantDinger
[2026-06-21 11:01:45] [INFO] [qd_client] Logged in to QuantDinger
[2026-06-21 11:01:54] [INFO] [qd_client] Logged in to QuantDinger
[2026-06-21 11:02:18] [INFO] [qd_client] Logged in to QuantDinger
[2026-06-21 11:02:55] [INFO] [qd_client] Logged in to QuantDinger
[2026-06-21 11:03:46] [INFO] [qd_client] Logged in to QuantDinger
[2026-06-21 11:03:55] [INFO] [qd_client] Logged in to QuantDinger
[2026-06-21 11:04:46] [WARNING] [mt5_watchdog] MT5 disconnected! Attempt 1/3
[2026-06-21 11:04:46] [INFO] [qd_client] Logged in to QuantDinger
[2026-06-21 11:04:47] [INFO] [qd_client] Logged in to QuantDinger
[2026-06-21 11:04:47] [INFO] [mt5_watchdog] MT5 already connected
[2026-06-21 11:04:47] [INFO] [mt5_watchdog] MT5 reconnected successfully!
[2026-06-21 11:04:55] [WARNING] [mt5_watchdog] MT5 disconnected! Attempt 1/3
[2026-06-21 11:04:56] [INFO] [qd_client] Logged in to QuantDinger
[2026-06-21 11:04:56] [INFO] [qd_client] Logged in to QuantDinger
[2026-06-21 11:04:56] [INFO] [mt5_watchdog] MT5 already connected
[2026-06-21 11:04:56] [INFO] [mt5_watchdog] MT5 reconnected successfully!
[2026-06-21 11:05:47] [INFO] [qd_client] Logged in to QuantDinger
[2026-06-21 11:05:56] [INFO] [qd_client] Logged in to QuantDinger
[2026-06-21 11:06:47] [INFO] [qd_client] Logged in to QuantDinger
[2026-06-21 11:06:57] [INFO] [qd_client] Logged in to QuantDinger
[2026-06-21 11:07:48] [INFO] [qd_client] Logged in to QuantDinger
[2026-06-21 11:07:57] [INFO] [qd_client] Logged in to QuantDinger
[2026-06-21 11:08:48] [WARNING] [mt5_watchdog] MT5 disconnected! Attempt 1/3
[2026-06-21 11:08:48] [INFO] [qd_client] Logged in to QuantDinger
[2026-06-21 11:08:49] [INFO] [qd_client] Logged in to QuantDinger
[2026-06-21 11:08:49] [INFO] [mt5_watchdog] MT5 already connected
[2026-06-21 11:08:49] [INFO] [mt5_watchdog] MT5 reconnected successfully!
[2026-06-21 11:08:58] [INFO] [qd_client] Logged in to QuantDinger
[2026-06-21 11:09:49] [INFO] [qd_client] Logged in to QuantDinger
[2026-06-21 11:09:58] [INFO] [qd_client] Logged in to QuantDinger
[2026-06-21 11:10:49] [INFO] [qd_client] Logged in to QuantDinger
[2026-06-21 11:10:58] [WARNING] [mt5_watchdog] MT5 disconnected! Attempt 1/3
[2026-06-21 11:10:59] [INFO] [qd_client] Logged in to QuantDinger
[2026-06-21 11:11:00] [INFO] [qd_client] Logged in to QuantDinger
[2026-06-21 11:11:00] [INFO] [mt5_watchdog] MT5 already connected
[2026-06-21 11:11:00] [INFO] [mt5_watchdog] MT5 reconnected successfully!
[2026-06-21 11:11:50] [INFO] [qd_client] Logged in to QuantDinger
[2026-06-21 11:11:59] [INFO] [qd_client] Logged in to QuantDinger
[2026-06-21 11:12:50] [WARNING] [mt5_watchdog] MT5 disconnected! Attempt 1/3
[2026-06-21 11:12:50] [INFO] [qd_client] Logged in to QuantDinger
[2026-06-21 11:12:51] [INFO] [qd_client] Logged in to QuantDinger
[2026-06-21 11:12:51] [INFO] [mt5_watchdog] MT5 already connected
[2026-06-21 11:12:51] [INFO] [mt5_watchdog] MT5 reconnected successfully!
[2026-06-21 11:13:00] [INFO] [qd_client] Logged in to QuantDinger
[2026-06-21 11:13:51] [INFO] [qd_client] Logged in to QuantDinger
[2026-06-21 11:14:01] [INFO] [qd_client] Logged in to QuantDinger
[2026-06-21 11:14:52] [INFO] [qd_client] Logged in to QuantDinger
[2026-06-21 11:15:01] [INFO] [qd_client] Logged in to QuantDinger
[2026-06-21 11:15:52] [INFO] [qd_client] Logged in to QuantDinger
[2026-06-21 11:16:02] [INFO] [qd_client] Logged in to QuantDinger
[2026-06-21 11:16:52] [WARNING] [mt5_watchdog] MT5 disconnected! Attempt 1/3
[2026-06-21 11:16:53] [INFO] [qd_client] Logged in to QuantDinger
[2026-06-21 11:16:54] [INFO] [qd_client] Logged in to QuantDinger
[2026-06-21 11:16:54] [INFO] [mt5_watchdog] MT5 already connected
[2026-06-21 11:16:54] [INFO] [mt5_watchdog] MT5 reconnected successfully!
[2026-06-21 11:17:02] [WARNING] [mt5_watchdog] MT5 disconnected! Attempt 1/3
[2026-06-21 11:17:02] [INFO] [qd_client] Logged in to QuantDinger
[2026-06-21 11:17:04] [INFO] [qd_client] Logged in to QuantDinger
[2026-06-21 11:17:04] [INFO] [mt5_watchdog] MT5 already connected
[2026-06-21 11:17:04] [INFO] [mt5_watchdog] MT5 reconnected successfully!
[2026-06-21 11:17:20] [INFO] [qd_client] Logged in to QuantDinger
[2026-06-21 11:18:03] [INFO] [qd_client] Logged in to QuantDinger
[2026-06-21 11:18:21] [INFO] [main] ==================================================
[2026-06-21 11:18:21] [INFO] [main] Cycle 6 at 11:18:21
[2026-06-21 11:18:21] [WARNING] [main] MT5 disconnected, reconnecting...
[2026-06-21 11:18:21] [INFO] [qd_client] Logged in to QuantDinger
[2026-06-21 11:18:21] [INFO] [qd_client] MT5 connected
[2026-06-21 11:18:21] [INFO] [main] MT5 reconnected
[2026-06-21 11:18:33] [INFO] [news_fetcher] Fetched 0 relevant news items
[2026-06-21 11:18:33] [WARNING] [main] No news fetched
[2026-06-21 11:18:33] [INFO] [main] Sleeping 1800s...
[2026-06-21 11:19:03] [INFO] [qd_client] Logged in to QuantDinger
[2026-06-21 11:19:53] [INFO] [qd_client] Logged in to QuantDinger
[2026-06-21 11:20:04] [INFO] [qd_client] Logged in to QuantDinger
[2026-06-21 11:20:54] [INFO] [qd_client] Logged in to QuantDinger
[2026-06-21 11:21:04] [INFO] [qd_client] Logged in to QuantDinger
[2026-06-21 11:21:54] [INFO] [qd_client] Logged in to QuantDinger
[2026-06-21 11:22:05] [INFO] [qd_client] Logged in to QuantDinger
[2026-06-21 11:22:55] [WARNING] [mt5_watchdog] MT5 disconnected! Attempt 1/3
[2026-06-21 11:22:55] [INFO] [qd_client] Logged in to QuantDinger
[2026-06-21 11:22:56] [INFO] [qd_client] Logged in to QuantDinger
[2026-06-21 11:22:56] [INFO] [mt5_watchdog] MT5 already connected
[2026-06-21 11:22:56] [INFO] [mt5_watchdog] MT5 reconnected successfully!
[2026-06-21 11:23:05] [INFO] [qd_client] Logged in to QuantDinger
[2026-06-21 11:23:56] [INFO] [qd_client] Logged in to QuantDinger
[2026-06-21 11:24:06] [INFO] [qd_client] Logged in to QuantDinger
[2026-06-21 11:24:56] [INFO] [qd_client] Logged in to QuantDinger
[2026-06-21 11:25:06] [WARNING] [mt5_watchdog] MT5 disconnected! Attempt 1/3
[2026-06-21 11:25:06] [INFO] [qd_client] Logged in to QuantDinger
[2026-06-21 11:25:07] [INFO] [qd_client] Logged in to QuantDinger
[2026-06-21 11:25:07] [INFO] [mt5_watchdog] MT5 already connected
[2026-06-21 11:25:07] [INFO] [mt5_watchdog] MT5 reconnected successfully!
[2026-06-21 11:25:57] [INFO] [qd_client] Logged in to QuantDinger
[2026-06-21 11:26:07] [INFO] [qd_client] Logged in to QuantDinger
[2026-06-21 11:26:57] [WARNING] [mt5_watchdog] MT5 disconnected! Attempt 1/3
[2026-06-21 11:26:57] [INFO] [qd_client] Logged in to QuantDinger
[2026-06-21 11:26:58] [INFO] [qd_client] Logged in to QuantDinger
[2026-06-21 11:26:58] [INFO] [mt5_watchdog] MT5 already connected
[2026-06-21 11:26:58] [INFO] [mt5_watchdog] MT5 reconnected successfully!
[2026-06-21 11:27:08] [INFO] [qd_client] Logged in to QuantDinger
[2026-06-21 11:27:58] [INFO] [qd_client] Logged in to QuantDinger
[2026-06-21 11:28:08] [INFO] [qd_client] Logged in to QuantDinger
[2026-06-21 11:28:58] [INFO] [qd_client] Logged in to QuantDinger
[2026-06-21 11:29:08] [WARNING] [mt5_watchdog] MT5 disconnected! Attempt 1/3
[2026-06-21 11:29:09] [INFO] [qd_client] Logged in to QuantDinger
[2026-06-21 11:29:10] [INFO] [qd_client] Logged in to QuantDinger
[2026-06-21 11:29:10] [INFO] [mt5_watchdog] MT5 already connected
[2026-06-21 11:29:10] [INFO] [mt5_watchdog] MT5 reconnected successfully!
[2026-06-21 11:29:59] [INFO] [qd_client] Logged in to QuantDinger
[2026-06-21 11:30:08] [INFO] [main] ==================================================
[2026-06-21 11:30:08] [INFO] [main] Cycle 3 at 11:30:08
[2026-06-21 11:30:08] [WARNING] [main] MT5 disconnected, reconnecting...
[2026-06-21 11:30:09] [INFO] [qd_client] Logged in to QuantDinger
[2026-06-21 11:30:09] [INFO] [qd_client] MT5 connected
[2026-06-21 11:30:09] [INFO] [main] MT5 reconnected
[2026-06-21 11:30:09] [INFO] [qd_client] Logged in to QuantDinger
[2026-06-21 11:30:21] [INFO] [news_fetcher] Fetched 3 relevant news items
[2026-06-21 11:30:21] [INFO] [main] Equity: 73516.00$ | News: 3
[2026-06-21 11:30:21] [INFO] [main] --- EURUSD ---
[2026-06-21 11:30:25] [INFO] [deepseek] AI analysis EURUSD: bias=neutral score=45.0 conf=0.40
[2026-06-21 11:30:25] [DEBUG] [signal_engine] Signal: NEUTRAL score=45.0 conf=0.40 strength=ضعيف valid=False
[2026-06-21 11:30:25] [INFO] [sentiment] Sentiment EURUSD: bullish score=83 bull=2 bear=1
[2026-06-21 11:30:25] [DEBUG] [hybrid_market_client] Fetching indicators for EURUSD (method: QuantDinger)
[2026-06-21 11:30:25] [DEBUG] [market_client] Candles EURUSD 4H: 100 bars ✓
[2026-06-21 11:30:25] [DEBUG] [hybrid_market_client] ✓ Got real data from QuantDinger for EURUSD
[2026-06-21 11:30:25] [DEBUG] [hybrid_market_client] Fetching indicators for EURUSD (method: QuantDinger)
[2026-06-21 11:30:25] [DEBUG] [market_client] Candles EURUSD 4H: 100 bars ✓
[2026-06-21 11:30:25] [DEBUG] [hybrid_market_client] ✓ Got real data from QuantDinger for EURUSD
[2026-06-21 11:30:25] [DEBUG] [hybrid_market_client] Fetching indicators for EURUSD (method: QuantDinger)
[2026-06-21 11:30:25] [DEBUG] [market_client] Candles EURUSD 4H: 100 bars ✓
[2026-06-21 11:30:25] [DEBUG] [hybrid_market_client] ✓ Got real data from QuantDinger for EURUSD
[2026-06-21 11:30:25] [DEBUG] [hybrid_market_client] Fetching indicators for EURUSD (method: QuantDinger)
[2026-06-21 11:30:25] [DEBUG] [market_client] Using cached candles for EURUSD H4 (age: 0s)
[2026-06-21 11:30:25] [DEBUG] [hybrid_market_client] ✓ Got real data from QuantDinger for EURUSD
[2026-06-21 11:30:25] [DEBUG] [hybrid_market_client] Fetching indicators for EURUSD (method: QuantDinger)
[2026-06-21 11:30:25] [DEBUG] [market_client] Using cached candles for EURUSD H1 (age: 0s)
[2026-06-21 11:30:25] [DEBUG] [hybrid_market_client] ✓ Got real data from QuantDinger for EURUSD
[2026-06-21 11:30:25] [DEBUG] [hybrid_market_client] Fetching indicators for EURUSD (method: QuantDinger)
[2026-06-21 11:30:25] [DEBUG] [market_client] Using cached candles for EURUSD M15 (age: 0s)
[2026-06-21 11:30:25] [DEBUG] [hybrid_market_client] ✓ Got real data from QuantDinger for EURUSD
[2026-06-21 11:30:25] [DEBUG] [hybrid_market_client] Fetching indicators for EURUSD (method: QuantDinger)
[2026-06-21 11:30:25] [DEBUG] [market_client] Using cached candles for EURUSD H4 (age: 0s)
[2026-06-21 11:30:25] [DEBUG] [hybrid_market_client] ✓ Got real data from QuantDinger for EURUSD
[2026-06-21 11:30:25] [DEBUG] [hybrid_market_client] Fetching indicators for EURUSD (method: QuantDinger)
[2026-06-21 11:30:25] [DEBUG] [market_client] Using cached candles for EURUSD H1 (age: 0s)
[2026-06-21 11:30:25] [DEBUG] [hybrid_market_client] ✓ Got real data from QuantDinger for EURUSD
[2026-06-21 11:30:25] [DEBUG] [hybrid_market_client] Fetching indicators for EURUSD (method: QuantDinger)
[2026-06-21 11:30:25] [DEBUG] [market_client] Using cached candles for EURUSD M15 (age: 0s)
[2026-06-21 11:30:25] [DEBUG] [hybrid_market_client] ✓ Got real data from QuantDinger for EURUSD
[2026-06-21 11:30:25] [INFO] [mtf] MTF_VERIFY EURUSD: TIMEFRAME=H4 candles=1 last_ts= last_close=1.1469204425811768 RSI=27.64 ATR=0.002983 MACD=-0.006249 | TIMEFRAME=H1 candles=1 last_ts= last_close=1.1469204425811768 RSI=27.64 ATR=0.002983 MACD=-0.006249 | TIMEFRAME=M15 candles=1 last_ts= last_close=1.1469204425811768 RSI=27.64 ATR=0.002983 MACD=-0.006249
[2026-06-21 11:30:25] [INFO] [mtf] MTF EURUSD: H4=bearish H1=bullish M15=bullish aligned=True (weak)
[2026-06-21 11:30:25] [DEBUG] [hybrid_market_client] Fetching indicators for EURUSD (method: QuantDinger)
[2026-06-21 11:30:25] [DEBUG] [market_client] Using cached candles for EURUSD H4 (age: 0s)
[2026-06-21 11:30:25] [DEBUG] [hybrid_market_client] ✓ Got real data from QuantDinger for EURUSD
[2026-06-21 11:30:25] [DEBUG] [hybrid_market_client] Fetching indicators for EURUSD (method: QuantDinger)
[2026-06-21 11:30:25] [DEBUG] [market_client] Using cached candles for EURUSD H1 (age: 0s)
[2026-06-21 11:30:25] [DEBUG] [hybrid_market_client] ✓ Got real data from QuantDinger for EURUSD
[2026-06-21 11:30:25] [DEBUG] [hybrid_market_client] Fetching indicators for EURUSD (method: QuantDinger)
[2026-06-21 11:30:25] [DEBUG] [market_client] Using cached candles for EURUSD H1 (age: 0s)
[2026-06-21 11:30:25] [DEBUG] [hybrid_market_client] ✓ Got real data from QuantDinger for EURUSD
[2026-06-21 11:30:25] [DEBUG] [hybrid_market_client] Fetching indicators for EURUSD (method: QuantDinger)
[2026-06-21 11:30:25] [DEBUG] [market_client] Using cached candles for EURUSD H4 (age: 0s)
[2026-06-21 11:30:25] [DEBUG] [hybrid_market_client] ✓ Got real data from QuantDinger for EURUSD
[2026-06-21 11:30:25] [DEBUG] [hybrid_market_client] Fetching indicators for EURUSD (method: QuantDinger)
[2026-06-21 11:30:25] [DEBUG] [market_client] Using cached candles for EURUSD H1 (age: 0s)
[2026-06-21 11:30:25] [DEBUG] [hybrid_market_client] ✓ Got real data from QuantDinger for EURUSD
[2026-06-21 11:30:25] [INFO] [main] [VERIFY] SIGNAL_VALIDATION FAILED reason=valid=False file=main.py function=run_cycle
[2026-06-21 11:30:25] [INFO] [main] [VERIFY] PIPELINE_STEP NOT_REACHED STOPPED_AT=SIGNAL_VALIDATION
[2026-06-21 11:30:25] [INFO] [main] --- XAUUSD ---
[2026-06-21 11:30:25] [INFO] [main] XAUUSD: no pair-specific news -> skipping DeepSeek analysis
[2026-06-21 11:30:25] [INFO] [main] --- GBPUSD ---
[2026-06-21 11:30:25] [INFO] [main] GBPUSD: no pair-specific news -> skipping DeepSeek analysis
[2026-06-21 11:30:25] [INFO] [main] Sleeping 1800s...
[2026-06-21 11:30:59] [WARNING] [mt5_watchdog] MT5 disconnected! Attempt 1/3
[2026-06-21 11:30:59] [INFO] [qd_client] Logged in to QuantDinger
[2026-06-21 11:31:01] [INFO] [qd_client] Logged in to QuantDinger
[2026-06-21 11:31:01] [INFO] [mt5_watchdog] MT5 already connected
[2026-06-21 11:31:01] [INFO] [mt5_watchdog] MT5 reconnected successfully!
[2026-06-21 11:31:10] [INFO] [qd_client] Logged in to QuantDinger
[2026-06-21 11:32:00] [INFO] [qd_client] Logged in to QuantDinger
[2026-06-21 11:32:10] [INFO] [qd_client] Logged in to QuantDinger
[2026-06-21 11:32:22] [INFO] [qd_client] Logged in to QuantDinger
[2026-06-21 11:33:11] [INFO] [qd_client] Logged in to QuantDinger
[2026-06-21 11:34:01] [INFO] [qd_client] Logged in to QuantDinger
[2026-06-21 11:34:12] [INFO] [qd_client] Logged in to QuantDinger
[2026-06-21 11:35:01] [INFO] [qd_client] Logged in to QuantDinger
[2026-06-21 11:35:01] [WARNING] [mt5_watchdog] MT5 disconnected! Attempt 1/3
[2026-06-21 11:35:03] [INFO] [qd_client] Logged in to QuantDinger
[2026-06-21 11:35:03] [INFO] [mt5_watchdog] MT5 already connected
[2026-06-21 11:35:03] [INFO] [mt5_watchdog] MT5 reconnected successfully!
[2026-06-21 11:35:11] [WARNING] [mt5_watchdog] MT5 disconnected! Attempt 1/3
[2026-06-21 11:35:12] [INFO] [qd_client] Logged in to QuantDinger
[2026-06-21 11:35:13] [INFO] [qd_client] Logged in to QuantDinger
[2026-06-21 11:35:13] [INFO] [mt5_watchdog] MT5 already connected
[2026-06-21 11:35:13] [INFO] [mt5_watchdog] MT5 reconnected successfully!
[2026-06-21 11:36:02] [INFO] [qd_client] Logged in to QuantDinger
[2026-06-21 11:36:13] [INFO] [qd_client] Logged in to QuantDinger
[2026-06-21 11:37:02] [INFO] [qd_client] Logged in to QuantDinger
[2026-06-21 11:37:13] [INFO] [qd_client] Logged in to QuantDinger
[2026-06-21 11:38:03] [INFO] [qd_client] Logged in to QuantDinger
[2026-06-21 11:38:14] [INFO] [qd_client] Logged in to QuantDinger
[2026-06-21 11:39:03] [INFO] [qd_client] Logged in to QuantDinger
[2026-06-21 11:39:15] [INFO] [qd_client] Logged in to QuantDinger
[2026-06-21 11:39:33] [INFO] [main] Trading Bot V3 starting...
[2026-06-21 11:39:33] [INFO] [database] V3 Database initialized with all tables
[2026-06-21 11:39:34] [INFO] [qd_client] Logged in to QuantDinger
[2026-06-21 11:39:34] [INFO] [qd_client] MT5 connected
[2026-06-21 11:39:34] [INFO] [main] MT5 connected
[2026-06-21 11:39:34] [INFO] [telegram_bot] Telegram polling started
[2026-06-21 11:39:34] [INFO] [telegram_bot] Telegram bot V3 started
[2026-06-21 11:39:34] [INFO] [mt5_watchdog] MT5 watchdog started (V1 reconnect logic)
[2026-06-21 11:39:34] [INFO] [reconciliation] Reconciliation loop started (every 60s)
[2026-06-21 11:39:34] [INFO] [reconciliation] Reconciliation thread started
[2026-06-21 11:39:34] [INFO] [main] ==================================================
[2026-06-21 11:39:34] [INFO] [main] Cycle 1 at 11:39:34
[2026-06-21 11:39:44] [INFO] [news_fetcher] Fetched 3 relevant news items
[2026-06-21 11:39:44] [INFO] [main] Equity: 73516.00$ | News: 3
[2026-06-21 11:39:44] [INFO] [main] --- EURUSD ---
[2026-06-21 11:39:47] [INFO] [deepseek] AI analysis EURUSD: bias=neutral score=45.0 conf=0.40
[2026-06-21 11:39:47] [INFO] [signal_engine] [VERIFY] SIGNAL_INPUT bias=neutral score=45.0 confidence=0.4
[2026-06-21 11:39:47] [INFO] [signal_engine] [VERIFY] SIGNAL_RULE rule=confidence>=0.60 actual=0.4 result=False
[2026-06-21 11:39:47] [INFO] [signal_engine] [VERIFY] SIGNAL_RULE rule=score>=55 actual=45.0 result=False
[2026-06-21 11:39:47] [INFO] [signal_engine] [VERIFY] SIGNAL_RULE rule=bias in [bullish,bearish] actual=neutral result=False
[2026-06-21 11:39:47] [INFO] [signal_engine] [VERIFY] SIGNAL_FINAL direction=NEUTRAL score=45.0 confidence=0.4 valid=False
[2026-06-21 11:39:47] [INFO] [signal_engine] [VERIFY] SIGNAL_FAILURE_REASONS
[2026-06-21 11:39:47] [INFO] [signal_engine] * confidence below threshold
[2026-06-21 11:39:47] [INFO] [signal_engine] * score below threshold
[2026-06-21 11:39:47] [INFO] [signal_engine] * neutral bias
[2026-06-21 11:39:47] [INFO] [signal_engine] [VERIFY] SIGNAL_FAILURE_LOCATION file=f:\files (2)\google\botdd\trading_bot_v3\decision\signal_engine.py function=generate_signal
[2026-06-21 11:39:47] [DEBUG] [signal_engine] Signal: NEUTRAL score=45.0 conf=0.40 strength=ضعيف valid=False
[2026-06-21 11:39:47] [INFO] [sentiment] Sentiment EURUSD: bullish score=83 bull=2 bear=1
[2026-06-21 11:39:47] [DEBUG] [hybrid_market_client] Fetching indicators for EURUSD (method: QuantDinger)
[2026-06-21 11:39:48] [DEBUG] [market_client] Candles EURUSD 4H: 100 bars ✓
[2026-06-21 11:39:48] [DEBUG] [hybrid_market_client] ✓ Got real data from QuantDinger for EURUSD
[2026-06-21 11:39:48] [DEBUG] [hybrid_market_client] Fetching indicators for EURUSD (method: QuantDinger)
[2026-06-21 11:39:48] [DEBUG] [market_client] Candles EURUSD 4H: 100 bars ✓
[2026-06-21 11:39:48] [DEBUG] [hybrid_market_client] ✓ Got real data from QuantDinger for EURUSD
[2026-06-21 11:39:48] [DEBUG] [hybrid_market_client] Fetching indicators for EURUSD (method: QuantDinger)
[2026-06-21 11:39:48] [DEBUG] [market_client] Candles EURUSD 4H: 100 bars ✓
[2026-06-21 11:39:48] [DEBUG] [hybrid_market_client] ✓ Got real data from QuantDinger for EURUSD
[2026-06-21 11:39:48] [DEBUG] [hybrid_market_client] Fetching indicators for EURUSD (method: QuantDinger)
[2026-06-21 11:39:48] [DEBUG] [market_client] Using cached candles for EURUSD H4 (age: 0s)
[2026-06-21 11:39:48] [DEBUG] [hybrid_market_client] ✓ Got real data from QuantDinger for EURUSD
[2026-06-21 11:39:48] [DEBUG] [hybrid_market_client] Fetching indicators for EURUSD (method: QuantDinger)
[2026-06-21 11:39:48] [DEBUG] [market_client] Using cached candles for EURUSD H1 (age: 0s)
[2026-06-21 11:39:48] [DEBUG] [hybrid_market_client] ✓ Got real data from QuantDinger for EURUSD
[2026-06-21 11:39:48] [DEBUG] [hybrid_market_client] Fetching indicators for EURUSD (method: QuantDinger)
[2026-06-21 11:39:48] [DEBUG] [market_client] Using cached candles for EURUSD M15 (age: 0s)
[2026-06-21 11:39:48] [DEBUG] [hybrid_market_client] ✓ Got real data from QuantDinger for EURUSD
[2026-06-21 11:39:48] [DEBUG] [hybrid_market_client] Fetching indicators for EURUSD (method: QuantDinger)
[2026-06-21 11:39:48] [DEBUG] [market_client] Using cached candles for EURUSD H4 (age: 0s)
[2026-06-21 11:39:48] [DEBUG] [hybrid_market_client] ✓ Got real data from QuantDinger for EURUSD
[2026-06-21 11:39:48] [DEBUG] [hybrid_market_client] Fetching indicators for EURUSD (method: QuantDinger)
[2026-06-21 11:39:48] [DEBUG] [market_client] Using cached candles for EURUSD H1 (age: 0s)
[2026-06-21 11:39:48] [DEBUG] [hybrid_market_client] ✓ Got real data from QuantDinger for EURUSD
[2026-06-21 11:39:48] [DEBUG] [hybrid_market_client] Fetching indicators for EURUSD (method: QuantDinger)
[2026-06-21 11:39:48] [DEBUG] [market_client] Using cached candles for EURUSD M15 (age: 0s)
[2026-06-21 11:39:48] [DEBUG] [hybrid_market_client] ✓ Got real data from QuantDinger for EURUSD
[2026-06-21 11:39:48] [INFO] [mtf] MTF_VERIFY EURUSD: TIMEFRAME=H4 candles=1 last_ts= last_close=1.1469204425811768 RSI=27.64 ATR=0.002983 MACD=-0.006249 | TIMEFRAME=H1 candles=1 last_ts= last_close=1.1469204425811768 RSI=27.64 ATR=0.002983 MACD=-0.006249 | TIMEFRAME=M15 candles=1 last_ts= last_close=1.1469204425811768 RSI=27.64 ATR=0.002983 MACD=-0.006249
[2026-06-21 11:39:48] [INFO] [mtf] MTF EURUSD: H4=bearish H1=bullish M15=bullish aligned=True (weak)
[2026-06-21 11:39:48] [DEBUG] [hybrid_market_client] Fetching indicators for EURUSD (method: QuantDinger)
[2026-06-21 11:39:48] [DEBUG] [market_client] Using cached candles for EURUSD H4 (age: 0s)
[2026-06-21 11:39:48] [DEBUG] [hybrid_market_client] ✓ Got real data from QuantDinger for EURUSD
[2026-06-21 11:39:48] [DEBUG] [hybrid_market_client] Fetching indicators for EURUSD (method: QuantDinger)
[2026-06-21 11:39:48] [DEBUG] [market_client] Using cached candles for EURUSD H1 (age: 0s)
[2026-06-21 11:39:48] [DEBUG] [hybrid_market_client] ✓ Got real data from QuantDinger for EURUSD
[2026-06-21 11:39:48] [DEBUG] [hybrid_market_client] Fetching indicators for EURUSD (method: QuantDinger)
[2026-06-21 11:39:48] [DEBUG] [market_client] Using cached candles for EURUSD H1 (age: 0s)
[2026-06-21 11:39:48] [DEBUG] [hybrid_market_client] ✓ Got real data from QuantDinger for EURUSD
[2026-06-21 11:39:48] [DEBUG] [hybrid_market_client] Fetching indicators for EURUSD (method: QuantDinger)
[2026-06-21 11:39:48] [DEBUG] [market_client] Using cached candles for EURUSD H4 (age: 0s)
[2026-06-21 11:39:48] [DEBUG] [hybrid_market_client] ✓ Got real data from QuantDinger for EURUSD
[2026-06-21 11:39:48] [DEBUG] [hybrid_market_client] Fetching indicators for EURUSD (method: QuantDinger)
[2026-06-21 11:39:48] [DEBUG] [market_client] Using cached candles for EURUSD H1 (age: 0s)
[2026-06-21 11:39:48] [DEBUG] [hybrid_market_client] ✓ Got real data from QuantDinger for EURUSD
[2026-06-21 11:39:48] [INFO] [main] [VERIFY][DATA_TRUTH] symbol=EURUSD timeframe=H4/H1/M15 news_fetched=True indicators_fetched=True live_data=True cached=False
[2026-06-21 11:39:48] [DEBUG] [hybrid_market_client] Fetching indicators for EURUSD (method: QuantDinger)
[2026-06-21 11:39:48] [DEBUG] [market_client] Candles EURUSD 4H: 100 bars ✓
[2026-06-21 11:39:48] [DEBUG] [hybrid_market_client] ✓ Got real data from QuantDinger for EURUSD
[2026-06-21 11:39:48] [DEBUG] [hybrid_market_client] Fetching indicators for EURUSD (method: QuantDinger)
[2026-06-21 11:39:48] [DEBUG] [market_client] Using cached candles for EURUSD 4H (age: 0s)
[2026-06-21 11:39:48] [DEBUG] [hybrid_market_client] ✓ Got real data from QuantDinger for EURUSD
[2026-06-21 11:39:48] [INFO] [sltp] SL/TP EURUSD: entry=1.1469204425811768 atr=0.00298 sl=1.14245 tp=1.15438
[2026-06-21 11:39:48] [INFO] [position_sizing] Position size: 0.5 (equity=73516, risk=0.001, sl_dist=0.00447, score=40, cons_loss=0)
[2026-06-21 11:39:48] [DEBUG] [market_client] Using cached candles for EURUSD 4H (age: 0s)
[2026-06-21 11:39:48] [INFO] [xgboost_v2] [VERIFY] XGBOOST MODEL LOADED path=models/xgb_model.json available=True
[2026-06-21 11:39:48] [INFO] [xgboost_v2] XGBoost v2 model loaded successfully
[2026-06-21 11:39:48] [DEBUG] [xgboost_v2] V2 predict: rsi=27.6 atr=0.00298 regime=TRENDING session=london dir=BUY -> p_win=0.705
[2026-06-21 11:39:48] [INFO] [xgboost_v2] [VERIFY] XGBOOST PREDICTION p_win=0.705 available=True
[2026-06-21 11:39:48] [INFO] [main] [VERIFY][DECISION_TRUTH] bias=neutral score=39.7 confidence=0.317 vote=BUY risk_passed=False sl_tp_calculated=True position_size=0.5 xgboost_p_win=0.7047503590583801 final_decision_valid=False reject_reason=Score 39.7 < 45
[2026-06-21 11:39:48] [INFO] [main] --- XAUUSD ---
[2026-06-21 11:39:48] [INFO] [main] XAUUSD: no pair-specific news -> skipping DeepSeek analysis
[2026-06-21 11:39:48] [INFO] [main] --- GBPUSD ---
[2026-06-21 11:39:48] [INFO] [main] GBPUSD: no pair-specific news -> skipping DeepSeek analysis
[2026-06-21 11:39:48] [INFO] [main] Sleeping 1800s...
[2026-06-21 11:40:04] [INFO] [qd_client] Logged in to QuantDinger
[2026-06-21 11:40:15] [INFO] [qd_client] Logged in to QuantDinger
[2026-06-21 11:40:34] [WARNING] [mt5_watchdog] MT5 disconnected! Attempt 1/3
[2026-06-21 11:40:34] [INFO] [qd_client] Logged in to QuantDinger
[2026-06-21 11:40:35] [INFO] [qd_client] Logged in to QuantDinger
[2026-06-21 11:40:35] [INFO] [mt5_watchdog] MT5 already connected
[2026-06-21 11:40:35] [INFO] [mt5_watchdog] MT5 reconnected successfully!
[2026-06-21 11:41:04] [WARNING] [mt5_watchdog] MT5 disconnected! Attempt 1/3
[2026-06-21 11:41:05] [INFO] [qd_client] Logged in to QuantDinger
[2026-06-21 11:41:05] [INFO] [qd_client] Logged in to QuantDinger
[2026-06-21 11:41:05] [INFO] [mt5_watchdog] MT5 already connected
[2026-06-21 11:41:05] [INFO] [mt5_watchdog] MT5 reconnected successfully!
[2026-06-21 11:41:15] [WARNING] [mt5_watchdog] MT5 disconnected! Attempt 1/3
[2026-06-21 11:41:16] [INFO] [qd_client] Logged in to QuantDinger
[2026-06-21 11:41:17] [INFO] [qd_client] Logged in to QuantDinger
[2026-06-21 11:41:17] [INFO] [mt5_watchdog] MT5 already connected
[2026-06-21 11:41:17] [INFO] [mt5_watchdog] MT5 reconnected successfully!
[2026-06-21 11:41:35] [INFO] [qd_client] Logged in to QuantDinger
[2026-06-21 11:42:05] [INFO] [qd_client] Logged in to QuantDinger
[2026-06-21 11:42:16] [INFO] [qd_client] Logged in to QuantDinger
[2026-06-21 11:42:35] [INFO] [qd_client] Logged in to QuantDinger
[2026-06-21 11:42:40] [INFO] [main] Trading Bot V3 starting...
[2026-06-21 11:42:40] [INFO] [database] V3 Database initialized with all tables
[2026-06-21 11:42:41] [INFO] [qd_client] Logged in to QuantDinger
[2026-06-21 11:42:41] [INFO] [qd_client] MT5 connected
[2026-06-21 11:42:41] [INFO] [main] MT5 connected
[2026-06-21 11:42:41] [INFO] [telegram_bot] Telegram polling started
[2026-06-21 11:42:41] [INFO] [telegram_bot] Telegram bot V3 started
[2026-06-21 11:42:41] [INFO] [mt5_watchdog] MT5 watchdog started (V1 reconnect logic)
[2026-06-21 11:42:41] [INFO] [reconciliation] Reconciliation loop started (every 60s)
[2026-06-21 11:42:41] [INFO] [reconciliation] Reconciliation thread started
[2026-06-21 11:42:42] [INFO] [main] ==================================================
[2026-06-21 11:42:42] [INFO] [main] Cycle 1 at 11:42:42
[2026-06-21 11:42:51] [INFO] [news_fetcher] Fetched 2 relevant news items
[2026-06-21 11:42:51] [INFO] [main] Equity: 73516.00$ | News: 2
[2026-06-21 11:42:51] [INFO] [main] --- EURUSD ---
[2026-06-21 11:42:54] [INFO] [deepseek] AI analysis EURUSD: bias=neutral score=45.0 conf=0.40
[2026-06-21 11:42:54] [INFO] [signal_engine] [VERIFY] SIGNAL_INPUT bias=neutral score=45.0 confidence=0.4
[2026-06-21 11:42:54] [INFO] [signal_engine] [VERIFY] SIGNAL_RULE rule=confidence>=0.60 actual=0.4 result=False
[2026-06-21 11:42:54] [INFO] [signal_engine] [VERIFY] SIGNAL_RULE rule=score>=55 actual=45.0 result=False
[2026-06-21 11:42:54] [INFO] [signal_engine] [VERIFY] SIGNAL_RULE rule=bias in [bullish,bearish] actual=neutral result=False
[2026-06-21 11:42:54] [INFO] [signal_engine] [VERIFY] SIGNAL_FINAL direction=NEUTRAL score=45.0 confidence=0.4 valid=False
[2026-06-21 11:42:54] [INFO] [signal_engine] [VERIFY] SIGNAL_FAILURE_REASONS
[2026-06-21 11:42:54] [INFO] [signal_engine] * confidence below threshold
[2026-06-21 11:42:54] [INFO] [signal_engine] * score below threshold
[2026-06-21 11:42:54] [INFO] [signal_engine] * neutral bias
[2026-06-21 11:42:54] [INFO] [signal_engine] [VERIFY] SIGNAL_FAILURE_LOCATION file=f:\files (2)\google\botdd\trading_bot_v3\decision\signal_engine.py function=generate_signal
[2026-06-21 11:42:54] [DEBUG] [signal_engine] Signal: NEUTRAL score=45.0 conf=0.40 strength=ضعيف valid=False
[2026-06-21 11:42:54] [INFO] [sentiment] Sentiment EURUSD: bullish score=83 bull=2 bear=1
[2026-06-21 11:42:54] [DEBUG] [hybrid_market_client] Fetching indicators for EURUSD (method: QuantDinger)
[2026-06-21 11:42:54] [DEBUG] [market_client] Candles EURUSD 4H: 100 bars ✓
[2026-06-21 11:42:54] [DEBUG] [hybrid_market_client] ✓ Got real data from QuantDinger for EURUSD
[2026-06-21 11:42:54] [DEBUG] [hybrid_market_client] Fetching indicators for EURUSD (method: QuantDinger)
[2026-06-21 11:42:54] [DEBUG] [market_client] Candles EURUSD 4H: 100 bars ✓
[2026-06-21 11:42:54] [DEBUG] [hybrid_market_client] ✓ Got real data from QuantDinger for EURUSD
[2026-06-21 11:42:54] [DEBUG] [hybrid_market_client] Fetching indicators for EURUSD (method: QuantDinger)
[2026-06-21 11:42:54] [DEBUG] [market_client] Candles EURUSD 4H: 100 bars ✓
[2026-06-21 11:42:54] [DEBUG] [hybrid_market_client] ✓ Got real data from QuantDinger for EURUSD
[2026-06-21 11:42:54] [DEBUG] [hybrid_market_client] Fetching indicators for EURUSD (method: QuantDinger)
[2026-06-21 11:42:54] [DEBUG] [market_client] Using cached candles for EURUSD H4 (age: 0s)
[2026-06-21 11:42:54] [DEBUG] [hybrid_market_client] ✓ Got real data from QuantDinger for EURUSD
[2026-06-21 11:42:54] [DEBUG] [hybrid_market_client] Fetching indicators for EURUSD (method: QuantDinger)
[2026-06-21 11:42:54] [DEBUG] [market_client] Using cached candles for EURUSD H1 (age: 0s)
[2026-06-21 11:42:54] [DEBUG] [hybrid_market_client] ✓ Got real data from QuantDinger for EURUSD
[2026-06-21 11:42:54] [DEBUG] [hybrid_market_client] Fetching indicators for EURUSD (method: QuantDinger)
[2026-06-21 11:42:54] [DEBUG] [market_client] Using cached candles for EURUSD M15 (age: 0s)
[2026-06-21 11:42:54] [DEBUG] [hybrid_market_client] ✓ Got real data from QuantDinger for EURUSD
[2026-06-21 11:42:54] [DEBUG] [hybrid_market_client] Fetching indicators for EURUSD (method: QuantDinger)
[2026-06-21 11:42:54] [DEBUG] [market_client] Using cached candles for EURUSD H4 (age: 0s)
[2026-06-21 11:42:54] [DEBUG] [hybrid_market_client] ✓ Got real data from QuantDinger for EURUSD
[2026-06-21 11:42:54] [DEBUG] [hybrid_market_client] Fetching indicators for EURUSD (method: QuantDinger)
[2026-06-21 11:42:54] [DEBUG] [market_client] Using cached candles for EURUSD H1 (age: 0s)
[2026-06-21 11:42:54] [DEBUG] [hybrid_market_client] ✓ Got real data from QuantDinger for EURUSD
[2026-06-21 11:42:54] [DEBUG] [hybrid_market_client] Fetching indicators for EURUSD (method: QuantDinger)
[2026-06-21 11:42:54] [DEBUG] [market_client] Using cached candles for EURUSD M15 (age: 0s)
[2026-06-21 11:42:54] [DEBUG] [hybrid_market_client] ✓ Got real data from QuantDinger for EURUSD
[2026-06-21 11:42:54] [INFO] [mtf] MTF_VERIFY EURUSD: TIMEFRAME=H4 candles=1 last_ts= last_close=1.1469204425811768 RSI=27.64 ATR=0.002983 MACD=-0.006249 | TIMEFRAME=H1 candles=1 last_ts= last_close=1.1469204425811768 RSI=27.64 ATR=0.002983 MACD=-0.006249 | TIMEFRAME=M15 candles=1 last_ts= last_close=1.1469204425811768 RSI=27.64 ATR=0.002983 MACD=-0.006249
[2026-06-21 11:42:54] [INFO] [mtf] MTF EURUSD: H4=bearish H1=bullish M15=bullish aligned=True (weak)
[2026-06-21 11:42:54] [DEBUG] [hybrid_market_client] Fetching indicators for EURUSD (method: QuantDinger)
[2026-06-21 11:42:54] [DEBUG] [market_client] Using cached candles for EURUSD H4 (age: 0s)
[2026-06-21 11:42:54] [DEBUG] [hybrid_market_client] ✓ Got real data from QuantDinger for EURUSD
[2026-06-21 11:42:54] [DEBUG] [hybrid_market_client] Fetching indicators for EURUSD (method: QuantDinger)
[2026-06-21 11:42:54] [DEBUG] [market_client] Using cached candles for EURUSD H1 (age: 0s)
[2026-06-21 11:42:54] [DEBUG] [hybrid_market_client] ✓ Got real data from QuantDinger for EURUSD
[2026-06-21 11:42:54] [DEBUG] [hybrid_market_client] Fetching indicators for EURUSD (method: QuantDinger)
[2026-06-21 11:42:54] [DEBUG] [market_client] Using cached candles for EURUSD H1 (age: 0s)
[2026-06-21 11:42:54] [DEBUG] [hybrid_market_client] ✓ Got real data from QuantDinger for EURUSD
[2026-06-21 11:42:54] [DEBUG] [hybrid_market_client] Fetching indicators for EURUSD (method: QuantDinger)
[2026-06-21 11:42:54] [DEBUG] [market_client] Using cached candles for EURUSD H4 (age: 0s)
[2026-06-21 11:42:54] [DEBUG] [hybrid_market_client] ✓ Got real data from QuantDinger for EURUSD
[2026-06-21 11:42:54] [DEBUG] [hybrid_market_client] Fetching indicators for EURUSD (method: QuantDinger)
[2026-06-21 11:42:54] [DEBUG] [market_client] Using cached candles for EURUSD H1 (age: 0s)
[2026-06-21 11:42:54] [DEBUG] [hybrid_market_client] ✓ Got real data from QuantDinger for EURUSD
[2026-06-21 11:42:54] [INFO] [main] [VERIFY][DATA_TRUTH] symbol=EURUSD timeframe=H4/H1/M15 news_fetched=True indicators_fetched=True live_data=True cached=False
[2026-06-21 11:42:54] [DEBUG] [hybrid_market_client] Fetching indicators for EURUSD (method: QuantDinger)
[2026-06-21 11:42:54] [DEBUG] [market_client] Candles EURUSD 4H: 100 bars ✓
[2026-06-21 11:42:54] [DEBUG] [hybrid_market_client] ✓ Got real data from QuantDinger for EURUSD
[2026-06-21 11:42:54] [DEBUG] [hybrid_market_client] Fetching indicators for EURUSD (method: QuantDinger)
[2026-06-21 11:42:54] [DEBUG] [market_client] Using cached candles for EURUSD 4H (age: 0s)
[2026-06-21 11:42:54] [DEBUG] [hybrid_market_client] ✓ Got real data from QuantDinger for EURUSD
[2026-06-21 11:42:54] [INFO] [sltp] SL/TP EURUSD: entry=1.1469204425811768 atr=0.00298 sl=1.14245 tp=1.15438
[2026-06-21 11:42:54] [INFO] [position_sizing] Position size: 0.5 (equity=73516, risk=0.001, sl_dist=0.00447, score=40, cons_loss=0)
[2026-06-21 11:42:54] [DEBUG] [market_client] Using cached candles for EURUSD 4H (age: 0s)
[2026-06-21 11:42:55] [INFO] [xgboost_v2] [VERIFY] XGBOOST MODEL LOADED path=models/xgb_model.json available=True
[2026-06-21 11:42:55] [INFO] [xgboost_v2] XGBoost v2 model loaded successfully
[2026-06-21 11:42:55] [DEBUG] [xgboost_v2] V2 predict: rsi=27.6 atr=0.00298 regime=TRENDING session=london dir=BUY -> p_win=0.705
[2026-06-21 11:42:55] [INFO] [xgboost_v2] [VERIFY] XGBOOST PREDICTION p_win=0.705 available=True
[2026-06-21 11:42:55] [INFO] [main] [VERIFY][DECISION_TRUTH] bias=neutral score=39.7 confidence=0.317 vote=BUY risk_passed=False sl_tp_calculated=True position_size=0.5 xgboost_p_win=0.7047503590583801 final_decision_valid=False reject_reason=Score 39.7 < 45
[2026-06-21 11:42:55] [INFO] [main] --- XAUUSD ---
[2026-06-21 11:42:55] [INFO] [main] XAUUSD: no pair-specific news -> skipping DeepSeek analysis
[2026-06-21 11:42:55] [INFO] [main] --- GBPUSD ---
[2026-06-21 11:42:55] [INFO] [main] GBPUSD: no pair-specific news -> skipping DeepSeek analysis
[2026-06-21 11:42:55] [INFO] [main] Sleeping 1800s...
[2026-06-21 11:43:06] [INFO] [qd_client] Logged in to QuantDinger
[2026-06-21 11:43:17] [INFO] [qd_client] Logged in to QuantDinger
[2026-06-21 11:43:36] [INFO] [qd_client] Logged in to QuantDinger
[2026-06-21 11:43:41] [WARNING] [mt5_watchdog] MT5 disconnected! Attempt 1/3
[2026-06-21 11:43:41] [INFO] [qd_client] Logged in to QuantDinger
[2026-06-21 11:43:42] [INFO] [qd_client] Logged in to QuantDinger
[2026-06-21 11:43:42] [INFO] [mt5_watchdog] MT5 already connected
[2026-06-21 11:43:42] [INFO] [mt5_watchdog] MT5 reconnected successfully!
[2026-06-21 11:44:06] [INFO] [qd_client] Logged in to QuantDinger
[2026-06-21 11:44:17] [INFO] [qd_client] Logged in to QuantDinger
[2026-06-21 11:44:36] [WARNING] [mt5_watchdog] MT5 disconnected! Attempt 1/3
[2026-06-21 11:44:37] [INFO] [qd_client] Logged in to QuantDinger
[2026-06-21 11:44:37] [INFO] [qd_client] Logged in to QuantDinger
[2026-06-21 11:44:37] [INFO] [mt5_watchdog] MT5 already connected
[2026-06-21 11:44:37] [INFO] [mt5_watchdog] MT5 reconnected successfully!
[2026-06-21 11:44:42] [INFO] [qd_client] Logged in to QuantDinger
[2026-06-21 11:44:44] [INFO] [qd_client] Logged in to QuantDinger
[2026-06-21 11:45:06] [WARNING] [mt5_watchdog] MT5 disconnected! Attempt 1/3
[2026-06-21 11:45:07] [INFO] [qd_client] Logged in to QuantDinger
[2026-06-21 11:45:08] [INFO] [qd_client] Logged in to QuantDinger
[2026-06-21 11:45:08] [INFO] [mt5_watchdog] MT5 already connected
[2026-06-21 11:45:08] [INFO] [mt5_watchdog] MT5 reconnected successfully!
[2026-06-21 11:45:18] [INFO] [qd_client] Logged in to QuantDinger
[2026-06-21 11:45:37] [INFO] [qd_client] Logged in to QuantDinger
[2026-06-21 11:45:42] [INFO] [qd_client] Logged in to QuantDinger
[2026-06-21 11:46:07] [INFO] [qd_client] Logged in to QuantDinger
[2026-06-21 11:46:16] [INFO] [main] Trading Bot V3 starting...
[2026-06-21 11:46:16] [INFO] [database] V3 Database initialized with all tables
[2026-06-21 11:46:16] [INFO] [qd_client] Logged in to QuantDinger
[2026-06-21 11:46:16] [INFO] [qd_client] MT5 connected
[2026-06-21 11:46:16] [INFO] [main] MT5 connected
[2026-06-21 11:46:16] [INFO] [telegram_bot] Telegram polling started
[2026-06-21 11:46:16] [INFO] [telegram_bot] Telegram bot V3 started
[2026-06-21 11:46:16] [INFO] [mt5_watchdog] MT5 watchdog started (V1 reconnect logic)
[2026-06-21 11:46:16] [INFO] [reconciliation] Reconciliation loop started (every 60s)
[2026-06-21 11:46:16] [INFO] [reconciliation] Reconciliation thread started
[2026-06-21 11:46:17] [INFO] [main] ==================================================
[2026-06-21 11:46:17] [INFO] [main] Cycle 1 at 11:46:17
[2026-06-21 11:46:18] [INFO] [qd_client] Logged in to QuantDinger
[2026-06-21 11:46:26] [INFO] [news_fetcher] Fetched 2 relevant news items
[2026-06-21 11:46:27] [INFO] [qd_client] Logged in to QuantDinger
[2026-06-21 11:46:27] [INFO] [main] Equity: 73516.00$ | News: 2
[2026-06-21 11:46:27] [INFO] [main] --- EURUSD ---
[2026-06-21 11:46:30] [INFO] [deepseek] AI analysis EURUSD: bias=bearish score=55.0 conf=0.60
[2026-06-21 11:46:30] [INFO] [signal_engine] [VERIFY] SIGNAL_INPUT bias=bearish score=55.0 confidence=0.6
[2026-06-21 11:46:30] [INFO] [signal_engine] [VERIFY] SIGNAL_RULE rule=confidence>=0.60 actual=0.6 result=True
[2026-06-21 11:46:30] [INFO] [signal_engine] [VERIFY] SIGNAL_RULE rule=score>=55 actual=55.0 result=True
[2026-06-21 11:46:30] [INFO] [signal_engine] [VERIFY] SIGNAL_RULE rule=bias in [bullish,bearish] actual=bearish result=True
[2026-06-21 11:46:30] [INFO] [signal_engine] [VERIFY] SIGNAL_FINAL direction=SELL score=55.0 confidence=0.6 valid=True
[2026-06-21 11:46:30] [DEBUG] [signal_engine] Signal: SELL score=55.0 conf=0.60 strength=متوسط valid=True
[2026-06-21 11:46:30] [INFO] [sentiment] Sentiment EURUSD: bullish score=83 bull=2 bear=1
[2026-06-21 11:46:30] [DEBUG] [hybrid_market_client] Fetching indicators for EURUSD (method: QuantDinger)
[2026-06-21 11:46:31] [DEBUG] [market_client] Candles EURUSD 4H: 100 bars ✓
[2026-06-21 11:46:31] [DEBUG] [hybrid_market_client] ✓ Got real data from QuantDinger for EURUSD
[2026-06-21 11:46:31] [DEBUG] [hybrid_market_client] Fetching indicators for EURUSD (method: QuantDinger)
[2026-06-21 11:46:31] [DEBUG] [market_client] Candles EURUSD 4H: 100 bars ✓
[2026-06-21 11:46:31] [DEBUG] [hybrid_market_client] ✓ Got real data from QuantDinger for EURUSD
[2026-06-21 11:46:31] [DEBUG] [hybrid_market_client] Fetching indicators for EURUSD (method: QuantDinger)
[2026-06-21 11:46:31] [DEBUG] [market_client] Candles EURUSD 4H: 100 bars ✓
[2026-06-21 11:46:31] [DEBUG] [hybrid_market_client] ✓ Got real data from QuantDinger for EURUSD
[2026-06-21 11:46:31] [DEBUG] [hybrid_market_client] Fetching indicators for EURUSD (method: QuantDinger)
[2026-06-21 11:46:31] [DEBUG] [market_client] Using cached candles for EURUSD H4 (age: 0s)
[2026-06-21 11:46:31] [DEBUG] [hybrid_market_client] ✓ Got real data from QuantDinger for EURUSD
[2026-06-21 11:46:31] [DEBUG] [hybrid_market_client] Fetching indicators for EURUSD (method: QuantDinger)
[2026-06-21 11:46:31] [DEBUG] [market_client] Using cached candles for EURUSD H1 (age: 0s)
[2026-06-21 11:46:31] [DEBUG] [hybrid_market_client] ✓ Got real data from QuantDinger for EURUSD
[2026-06-21 11:46:31] [DEBUG] [hybrid_market_client] Fetching indicators for EURUSD (method: QuantDinger)
[2026-06-21 11:46:31] [DEBUG] [market_client] Using cached candles for EURUSD M15 (age: 0s)
[2026-06-21 11:46:31] [DEBUG] [hybrid_market_client] ✓ Got real data from QuantDinger for EURUSD
[2026-06-21 11:46:31] [DEBUG] [hybrid_market_client] Fetching indicators for EURUSD (method: QuantDinger)
[2026-06-21 11:46:31] [DEBUG] [market_client] Using cached candles for EURUSD H4 (age: 0s)
[2026-06-21 11:46:31] [DEBUG] [hybrid_market_client] ✓ Got real data from QuantDinger for EURUSD
[2026-06-21 11:46:31] [DEBUG] [hybrid_market_client] Fetching indicators for EURUSD (method: QuantDinger)
[2026-06-21 11:46:31] [DEBUG] [market_client] Using cached candles for EURUSD H1 (age: 0s)
[2026-06-21 11:46:31] [DEBUG] [hybrid_market_client] ✓ Got real data from QuantDinger for EURUSD
[2026-06-21 11:46:31] [DEBUG] [hybrid_market_client] Fetching indicators for EURUSD (method: QuantDinger)
[2026-06-21 11:46:31] [DEBUG] [market_client] Using cached candles for EURUSD M15 (age: 0s)
[2026-06-21 11:46:31] [DEBUG] [hybrid_market_client] ✓ Got real data from QuantDinger for EURUSD
[2026-06-21 11:46:31] [INFO] [mtf] MTF_VERIFY EURUSD: TIMEFRAME=H4 candles=1 last_ts= last_close=1.1469204425811768 RSI=27.64 ATR=0.002983 MACD=-0.006249 | TIMEFRAME=H1 candles=1 last_ts= last_close=1.1469204425811768 RSI=27.64 ATR=0.002983 MACD=-0.006249 | TIMEFRAME=M15 candles=1 last_ts= last_close=1.1469204425811768 RSI=27.64 ATR=0.002983 MACD=-0.006249
[2026-06-21 11:46:31] [INFO] [mtf] MTF EURUSD: H4=bearish H1=bullish M15=bullish aligned=True (weak)
[2026-06-21 11:46:31] [DEBUG] [hybrid_market_client] Fetching indicators for EURUSD (method: QuantDinger)
[2026-06-21 11:46:31] [DEBUG] [market_client] Using cached candles for EURUSD H4 (age: 0s)
[2026-06-21 11:46:31] [DEBUG] [hybrid_market_client] ✓ Got real data from QuantDinger for EURUSD
[2026-06-21 11:46:31] [DEBUG] [hybrid_market_client] Fetching indicators for EURUSD (method: QuantDinger)
[2026-06-21 11:46:31] [DEBUG] [market_client] Using cached candles for EURUSD H1 (age: 0s)
[2026-06-21 11:46:31] [DEBUG] [hybrid_market_client] ✓ Got real data from QuantDinger for EURUSD
[2026-06-21 11:46:31] [DEBUG] [hybrid_market_client] Fetching indicators for EURUSD (method: QuantDinger)
[2026-06-21 11:46:31] [DEBUG] [market_client] Using cached candles for EURUSD H1 (age: 0s)
[2026-06-21 11:46:31] [DEBUG] [hybrid_market_client] ✓ Got real data from QuantDinger for EURUSD
[2026-06-21 11:46:31] [DEBUG] [hybrid_market_client] Fetching indicators for EURUSD (method: QuantDinger)
[2026-06-21 11:46:31] [DEBUG] [market_client] Using cached candles for EURUSD H4 (age: 0s)
[2026-06-21 11:46:31] [DEBUG] [hybrid_market_client] ✓ Got real data from QuantDinger for EURUSD
[2026-06-21 11:46:31] [DEBUG] [hybrid_market_client] Fetching indicators for EURUSD (method: QuantDinger)
[2026-06-21 11:46:31] [DEBUG] [market_client] Using cached candles for EURUSD H1 (age: 0s)
[2026-06-21 11:46:31] [DEBUG] [hybrid_market_client] ✓ Got real data from QuantDinger for EURUSD
[2026-06-21 11:46:31] [INFO] [main] [VERIFY][DATA_TRUTH] symbol=EURUSD timeframe=H4/H1/M15 news_fetched=True indicators_fetched=True live_data=True cached=False
[2026-06-21 11:46:31] [DEBUG] [hybrid_market_client] Fetching indicators for EURUSD (method: QuantDinger)
[2026-06-21 11:46:31] [DEBUG] [market_client] Candles EURUSD 4H: 100 bars ✓
[2026-06-21 11:46:31] [DEBUG] [hybrid_market_client] ✓ Got real data from QuantDinger for EURUSD
[2026-06-21 11:46:31] [DEBUG] [hybrid_market_client] Fetching indicators for EURUSD (method: QuantDinger)
[2026-06-21 11:46:31] [DEBUG] [market_client] Using cached candles for EURUSD 4H (age: 0s)
[2026-06-21 11:46:31] [DEBUG] [hybrid_market_client] ✓ Got real data from QuantDinger for EURUSD
[2026-06-21 11:46:31] [INFO] [sltp] SL/TP EURUSD: entry=1.1469204425811768 atr=0.00298 sl=1.15139 tp=1.13946
[2026-06-21 11:46:31] [INFO] [position_sizing] Position size: 0.5 (equity=73516, risk=0.001, sl_dist=0.00447, score=47, cons_loss=0)
[2026-06-21 11:46:31] [DEBUG] [market_client] Using cached candles for EURUSD 4H (age: 0s)
[2026-06-21 11:46:31] [INFO] [xgboost_v2] [VERIFY] XGBOOST MODEL LOADED path=models/xgb_model.json available=True
[2026-06-21 11:46:31] [INFO] [xgboost_v2] XGBoost v2 model loaded successfully
[2026-06-21 11:46:31] [DEBUG] [xgboost_v2] V2 predict: rsi=27.6 atr=0.00298 regime=TRENDING session=london dir=SELL -> p_win=0.705
[2026-06-21 11:46:31] [INFO] [xgboost_v2] [VERIFY] XGBOOST PREDICTION p_win=0.705 available=True
[2026-06-21 11:46:31] [INFO] [main] [VERIFY][DECISION_TRUTH] bias=bearish score=46.6 confidence=0.911 vote=SELL risk_passed=True sl_tp_calculated=True position_size=0.5 xgboost_p_win=0.7047503590583801 final_decision_valid=True reject_reason=OK
[2026-06-21 11:46:31] [INFO] [qd_client] [VERIFY][EXECUTION_TRUTH] reached_execution=True order_sent=True response={'success': False, 'error': 'Order rejected: Unsupported filling mode'} error={'success': False, 'error': 'Order rejected: Unsupported filling mode'}
[2026-06-21 11:46:31] [INFO] [main] --- XAUUSD ---
[2026-06-21 11:46:31] [INFO] [main] XAUUSD: no pair-specific news -> skipping DeepSeek analysis
[2026-06-21 11:46:31] [INFO] [main] --- GBPUSD ---
[2026-06-21 11:46:31] [INFO] [main] GBPUSD: no pair-specific news -> skipping DeepSeek analysis
[2026-06-21 11:46:31] [INFO] [main] Sleeping 1800s...
[2026-06-21 11:46:38] [INFO] [qd_client] Logged in to QuantDinger
[2026-06-21 11:46:43] [INFO] [qd_client] Logged in to QuantDinger
[2026-06-21 11:47:08] [INFO] [qd_client] Logged in to QuantDinger
[2026-06-21 11:47:16] [WARNING] [mt5_watchdog] MT5 disconnected! Attempt 1/3
[2026-06-21 11:47:17] [INFO] [qd_client] Logged in to QuantDinger
[2026-06-21 11:47:18] [WARNING] [mt5_watchdog] MT5 disconnected! Attempt 1/3
[2026-06-21 11:47:18] [INFO] [qd_client] Logged in to QuantDinger
[2026-06-21 11:47:18] [INFO] [mt5_watchdog] MT5 already connected
[2026-06-21 11:47:18] [INFO] [mt5_watchdog] MT5 reconnected successfully!
[2026-06-21 11:47:19] [INFO] [qd_client] Logged in to QuantDinger
[2026-06-21 11:47:20] [INFO] [qd_client] Logged in to QuantDinger
[2026-06-21 11:47:20] [INFO] [mt5_watchdog] MT5 already connected
[2026-06-21 11:47:20] [INFO] [mt5_watchdog] MT5 reconnected successfully!
[2026-06-21 11:47:23] [INFO] [qd_client] Logged in to QuantDinger
[2026-06-21 11:47:38] [INFO] [qd_client] Logged in to QuantDinger
[2026-06-21 11:47:43] [WARNING] [mt5_watchdog] MT5 disconnected! Attempt 1/3
[2026-06-21 11:47:44] [INFO] [qd_client] Logged in to QuantDinger
[2026-06-21 11:47:45] [INFO] [qd_client] Logged in to QuantDinger
[2026-06-21 11:47:45] [INFO] [mt5_watchdog] MT5 already connected
[2026-06-21 11:47:45] [INFO] [mt5_watchdog] MT5 reconnected successfully!
[2026-06-21 11:48:08] [INFO] [qd_client] Logged in to QuantDinger
[2026-06-21 11:48:17] [INFO] [qd_client] Logged in to QuantDinger
[2026-06-21 11:48:20] [INFO] [qd_client] Logged in to QuantDinger
[2026-06-21 11:48:33] [INFO] [main] ==================================================
[2026-06-21 11:48:33] [INFO] [main] Cycle 7 at 11:48:33
[2026-06-21 11:48:34] [WARNING] [main] MT5 disconnected, reconnecting...
[2026-06-21 11:48:34] [INFO] [qd_client] Logged in to QuantDinger
[2026-06-21 11:48:34] [INFO] [qd_client] MT5 connected
[2026-06-21 11:48:34] [INFO] [main] MT5 reconnected
[2026-06-21 11:48:38] [WARNING] [mt5_watchdog] MT5 disconnected! Attempt 1/3
[2026-06-21 11:48:39] [INFO] [qd_client] Logged in to QuantDinger
[2026-06-21 11:48:39] [INFO] [qd_client] Logged in to QuantDinger
[2026-06-21 11:48:39] [INFO] [mt5_watchdog] MT5 already connected
[2026-06-21 11:48:39] [INFO] [mt5_watchdog] MT5 reconnected successfully!
[2026-06-21 11:48:44] [INFO] [qd_client] Logged in to QuantDinger
[2026-06-21 11:48:45] [INFO] [news_fetcher] Fetched 0 relevant news items
[2026-06-21 11:48:45] [WARNING] [main] No news fetched
[2026-06-21 11:48:45] [INFO] [main] Sleeping 1800s...
[2026-06-21 11:49:09] [WARNING] [mt5_watchdog] MT5 disconnected! Attempt 1/3
[2026-06-21 11:49:09] [INFO] [qd_client] Logged in to QuantDinger
[2026-06-21 11:49:11] [INFO] [qd_client] Logged in to QuantDinger
[2026-06-21 11:49:11] [INFO] [mt5_watchdog] MT5 already connected
[2026-06-21 11:49:11] [INFO] [mt5_watchdog] MT5 reconnected successfully!
[2026-06-21 11:49:18] [INFO] [qd_client] Logged in to QuantDinger
[2026-06-21 11:49:20] [INFO] [qd_client] Logged in to QuantDinger
[2026-06-21 11:49:39] [INFO] [qd_client] Logged in to QuantDinger
[2026-06-21 11:49:45] [INFO] [qd_client] Logged in to QuantDinger
[2026-06-21 11:50:10] [INFO] [qd_client] Logged in to QuantDinger
[2026-06-21 11:50:19] [INFO] [qd_client] Logged in to QuantDinger
[2026-06-21 11:50:21] [INFO] [qd_client] Logged in to QuantDinger
[2026-06-21 11:50:40] [INFO] [qd_client] Logged in to QuantDinger
[2026-06-21 11:50:46] [INFO] [qd_client] Logged in to QuantDinger
[2026-06-21 11:51:10] [INFO] [qd_client] Logged in to QuantDinger
[2026-06-21 11:51:19] [INFO] [qd_client] Logged in to QuantDinger
[2026-06-21 11:51:21] [INFO] [qd_client] Logged in to QuantDinger
[2026-06-21 11:51:40] [INFO] [qd_client] Logged in to QuantDinger
[2026-06-21 11:51:46] [WARNING] [mt5_watchdog] MT5 disconnected! Attempt 1/3
[2026-06-21 11:51:46] [INFO] [qd_client] Logged in to QuantDinger
[2026-06-21 11:51:47] [INFO] [qd_client] Logged in to QuantDinger
[2026-06-21 11:51:47] [INFO] [mt5_watchdog] MT5 already connected
[2026-06-21 11:51:47] [INFO] [mt5_watchdog] MT5 reconnected successfully!
[2026-06-21 11:52:11] [INFO] [qd_client] Logged in to QuantDinger
[2026-06-21 11:52:20] [INFO] [qd_client] Logged in to QuantDinger
[2026-06-21 11:52:22] [INFO] [qd_client] Logged in to QuantDinger
[2026-06-21 11:52:41] [WARNING] [mt5_watchdog] MT5 disconnected! Attempt 1/3
[2026-06-21 11:52:41] [INFO] [qd_client] Logged in to QuantDinger
[2026-06-21 11:52:42] [INFO] [qd_client] Logged in to QuantDinger
[2026-06-21 11:52:42] [INFO] [mt5_watchdog] MT5 already connected
[2026-06-21 11:52:42] [INFO] [mt5_watchdog] MT5 reconnected successfully!
[2026-06-21 11:52:47] [INFO] [qd_client] Logged in to QuantDinger
[2026-06-21 11:53:11] [INFO] [qd_client] Logged in to QuantDinger
[2026-06-21 11:53:22] [WARNING] [mt5_watchdog] MT5 disconnected! Attempt 1/3
[2026-06-21 11:53:22] [INFO] [qd_client] Logged in to QuantDinger
[2026-06-21 11:53:23] [INFO] [qd_client] Logged in to QuantDinger
[2026-06-21 11:53:23] [INFO] [mt5_watchdog] MT5 already connected
[2026-06-21 11:53:23] [INFO] [mt5_watchdog] MT5 reconnected successfully!
[2026-06-21 11:53:41] [INFO] [qd_client] Logged in to QuantDinger
[2026-06-21 11:53:47] [INFO] [qd_client] Logged in to QuantDinger
[2026-06-21 11:54:12] [INFO] [qd_client] Logged in to QuantDinger
[2026-06-21 11:54:23] [INFO] [qd_client] Logged in to QuantDinger
[2026-06-21 11:54:34] [INFO] [qd_client] Logged in to QuantDinger
[2026-06-21 11:54:48] [INFO] [qd_client] Logged in to QuantDinger
[2026-06-21 11:55:12] [WARNING] [mt5_watchdog] MT5 disconnected! Attempt 1/3
[2026-06-21 11:55:12] [INFO] [qd_client] Logged in to QuantDinger
[2026-06-21 11:55:14] [INFO] [qd_client] Logged in to QuantDinger
[2026-06-21 11:55:14] [INFO] [mt5_watchdog] MT5 already connected
[2026-06-21 11:55:14] [INFO] [mt5_watchdog] MT5 reconnected successfully!
[2026-06-21 11:55:24] [INFO] [qd_client] Logged in to QuantDinger
[2026-06-21 11:55:42] [INFO] [qd_client] Logged in to QuantDinger
[2026-06-21 11:55:49] [INFO] [qd_client] Logged in to QuantDinger
[2026-06-21 11:56:13] [INFO] [qd_client] Logged in to QuantDinger
[2026-06-21 11:56:24] [INFO] [qd_client] Logged in to QuantDinger
[2026-06-21 11:56:42] [INFO] [qd_client] Logged in to QuantDinger
[2026-06-21 11:56:49] [INFO] [qd_client] Logged in to QuantDinger
[2026-06-21 11:57:13] [INFO] [qd_client] Logged in to QuantDinger
[2026-06-21 11:57:25] [WARNING] [mt5_watchdog] MT5 disconnected! Attempt 1/3
[2026-06-21 11:57:25] [INFO] [qd_client] Logged in to QuantDinger
[2026-06-21 11:57:26] [INFO] [qd_client] Logged in to QuantDinger
[2026-06-21 11:57:26] [INFO] [mt5_watchdog] MT5 already connected
[2026-06-21 11:57:26] [INFO] [mt5_watchdog] MT5 reconnected successfully!
[2026-06-21 11:57:42] [INFO] [qd_client] Logged in to QuantDinger
[2026-06-21 11:57:43] [INFO] [qd_client] Logged in to QuantDinger
[2026-06-21 11:57:49] [WARNING] [mt5_watchdog] MT5 disconnected! Attempt 1/3
[2026-06-21 11:57:50] [INFO] [qd_client] Logged in to QuantDinger
[2026-06-21 11:57:50] [INFO] [qd_client] Logged in to QuantDinger
[2026-06-21 11:57:50] [INFO] [mt5_watchdog] MT5 already connected
[2026-06-21 11:57:50] [INFO] [mt5_watchdog] MT5 reconnected successfully!
[2026-06-21 11:58:14] [INFO] [qd_client] Logged in to QuantDinger
[2026-06-21 11:58:25] [INFO] [qd_client] Logged in to QuantDinger
[2026-06-21 11:58:43] [INFO] [qd_client] Logged in to QuantDinger
[2026-06-21 11:59:14] [INFO] [qd_client] Logged in to QuantDinger
[2026-06-21 11:59:26] [INFO] [qd_client] Logged in to QuantDinger
[2026-06-21 11:59:44] [INFO] [qd_client] Logged in to QuantDinger
[2026-06-21 11:59:46] [INFO] [qd_client] Logged in to QuantDinger
[2026-06-21 12:00:15] [INFO] [qd_client] Logged in to QuantDinger
[2026-06-21 12:00:25] [INFO] [main] ==================================================
[2026-06-21 12:00:25] [INFO] [main] Cycle 4 at 12:00:25
[2026-06-21 12:00:25] [WARNING] [main] MT5 disconnected, reconnecting...
[2026-06-21 12:00:26] [INFO] [qd_client] Logged in to QuantDinger
[2026-06-21 12:00:26] [INFO] [qd_client] MT5 connected
[2026-06-21 12:00:26] [INFO] [main] MT5 reconnected
[2026-06-21 12:00:38] [INFO] [news_fetcher] Fetched 2 relevant news items
[2026-06-21 12:00:38] [INFO] [main] Equity: 73516.00$ | News: 2
[2026-06-21 12:00:38] [INFO] [main] --- EURUSD ---
[2026-06-21 12:00:41] [INFO] [deepseek] AI analysis EURUSD: bias=neutral score=45.0 conf=0.40
[2026-06-21 12:00:41] [DEBUG] [signal_engine] Signal: NEUTRAL score=45.0 conf=0.40 strength=ضعيف valid=False
[2026-06-21 12:00:41] [INFO] [sentiment] Sentiment EURUSD: bullish score=83 bull=2 bear=1
[2026-06-21 12:00:41] [DEBUG] [hybrid_market_client] Fetching indicators for EURUSD (method: QuantDinger)
[2026-06-21 12:00:42] [DEBUG] [market_client] Candles EURUSD 4H: 100 bars ✓
[2026-06-21 12:00:42] [DEBUG] [hybrid_market_client] ✓ Got real data from QuantDinger for EURUSD
[2026-06-21 12:00:42] [DEBUG] [hybrid_market_client] Fetching indicators for EURUSD (method: QuantDinger)
[2026-06-21 12:00:42] [DEBUG] [market_client] Candles EURUSD 4H: 100 bars ✓
[2026-06-21 12:00:42] [DEBUG] [hybrid_market_client] ✓ Got real data from QuantDinger for EURUSD
[2026-06-21 12:00:42] [DEBUG] [hybrid_market_client] Fetching indicators for EURUSD (method: QuantDinger)
[2026-06-21 12:00:42] [DEBUG] [market_client] Candles EURUSD 4H: 100 bars ✓
[2026-06-21 12:00:42] [DEBUG] [hybrid_market_client] ✓ Got real data from QuantDinger for EURUSD
[2026-06-21 12:00:42] [DEBUG] [hybrid_market_client] Fetching indicators for EURUSD (method: QuantDinger)
[2026-06-21 12:00:42] [DEBUG] [market_client] Using cached candles for EURUSD H4 (age: 0s)
[2026-06-21 12:00:42] [DEBUG] [hybrid_market_client] ✓ Got real data from QuantDinger for EURUSD
[2026-06-21 12:00:42] [DEBUG] [hybrid_market_client] Fetching indicators for EURUSD (method: QuantDinger)
[2026-06-21 12:00:42] [DEBUG] [market_client] Using cached candles for EURUSD H1 (age: 0s)
[2026-06-21 12:00:42] [DEBUG] [hybrid_market_client] ✓ Got real data from QuantDinger for EURUSD
[2026-06-21 12:00:42] [DEBUG] [hybrid_market_client] Fetching indicators for EURUSD (method: QuantDinger)
[2026-06-21 12:00:42] [DEBUG] [market_client] Using cached candles for EURUSD M15 (age: 0s)
[2026-06-21 12:00:42] [DEBUG] [hybrid_market_client] ✓ Got real data from QuantDinger for EURUSD
[2026-06-21 12:00:42] [DEBUG] [hybrid_market_client] Fetching indicators for EURUSD (method: QuantDinger)
[2026-06-21 12:00:42] [DEBUG] [market_client] Using cached candles for EURUSD H4 (age: 0s)
[2026-06-21 12:00:42] [DEBUG] [hybrid_market_client] ✓ Got real data from QuantDinger for EURUSD
[2026-06-21 12:00:42] [DEBUG] [hybrid_market_client] Fetching indicators for EURUSD (method: QuantDinger)
[2026-06-21 12:00:42] [DEBUG] [market_client] Using cached candles for EURUSD H1 (age: 0s)
[2026-06-21 12:00:42] [DEBUG] [hybrid_market_client] ✓ Got real data from QuantDinger for EURUSD
[2026-06-21 12:00:42] [DEBUG] [hybrid_market_client] Fetching indicators for EURUSD (method: QuantDinger)
[2026-06-21 12:00:42] [DEBUG] [market_client] Using cached candles for EURUSD M15 (age: 0s)
[2026-06-21 12:00:42] [DEBUG] [hybrid_market_client] ✓ Got real data from QuantDinger for EURUSD
[2026-06-21 12:00:42] [INFO] [mtf] MTF_VERIFY EURUSD: TIMEFRAME=H4 candles=1 last_ts= last_close=1.1469204425811768 RSI=27.64 ATR=0.002983 MACD=-0.006249 | TIMEFRAME=H1 candles=1 last_ts= last_close=1.1469204425811768 RSI=27.64 ATR=0.002983 MACD=-0.006249 | TIMEFRAME=M15 candles=1 last_ts= last_close=1.1469204425811768 RSI=27.64 ATR=0.002983 MACD=-0.006249
[2026-06-21 12:00:42] [INFO] [mtf] MTF EURUSD: H4=bearish H1=bullish M15=bullish aligned=True (weak)
[2026-06-21 12:00:42] [DEBUG] [hybrid_market_client] Fetching indicators for EURUSD (method: QuantDinger)
[2026-06-21 12:00:42] [DEBUG] [market_client] Using cached candles for EURUSD H4 (age: 0s)
[2026-06-21 12:00:42] [DEBUG] [hybrid_market_client] ✓ Got real data from QuantDinger for EURUSD
[2026-06-21 12:00:42] [DEBUG] [hybrid_market_client] Fetching indicators for EURUSD (method: QuantDinger)
[2026-06-21 12:00:42] [DEBUG] [market_client] Using cached candles for EURUSD H1 (age: 0s)
[2026-06-21 12:00:42] [DEBUG] [hybrid_market_client] ✓ Got real data from QuantDinger for EURUSD
[2026-06-21 12:00:42] [DEBUG] [hybrid_market_client] Fetching indicators for EURUSD (method: QuantDinger)
[2026-06-21 12:00:42] [DEBUG] [market_client] Using cached candles for EURUSD H1 (age: 0s)
[2026-06-21 12:00:42] [DEBUG] [hybrid_market_client] ✓ Got real data from QuantDinger for EURUSD
[2026-06-21 12:00:42] [DEBUG] [hybrid_market_client] Fetching indicators for EURUSD (method: QuantDinger)
[2026-06-21 12:00:42] [DEBUG] [market_client] Using cached candles for EURUSD H4 (age: 0s)
[2026-06-21 12:00:42] [DEBUG] [hybrid_market_client] ✓ Got real data from QuantDinger for EURUSD
[2026-06-21 12:00:42] [DEBUG] [hybrid_market_client] Fetching indicators for EURUSD (method: QuantDinger)
[2026-06-21 12:00:42] [DEBUG] [market_client] Using cached candles for EURUSD H1 (age: 0s)
[2026-06-21 12:00:42] [DEBUG] [hybrid_market_client] ✓ Got real data from QuantDinger for EURUSD
[2026-06-21 12:00:42] [INFO] [main] [VERIFY] SIGNAL_VALIDATION FAILED reason=valid=False file=main.py function=run_cycle
[2026-06-21 12:00:42] [INFO] [main] [VERIFY] PIPELINE_STEP NOT_REACHED STOPPED_AT=SIGNAL_VALIDATION
[2026-06-21 12:00:42] [INFO] [main] --- XAUUSD ---
[2026-06-21 12:00:42] [INFO] [main] XAUUSD: no pair-specific news -> skipping DeepSeek analysis
[2026-06-21 12:00:42] [INFO] [main] --- GBPUSD ---
[2026-06-21 12:00:42] [INFO] [main] GBPUSD: no pair-specific news -> skipping DeepSeek analysis
[2026-06-21 12:00:42] [INFO] [main] Sleeping 1800s...
[2026-06-21 12:00:44] [WARNING] [mt5_watchdog] MT5 disconnected! Attempt 1/3
[2026-06-21 12:00:45] [INFO] [qd_client] Logged in to QuantDinger
[2026-06-21 12:00:46] [INFO] [qd_client] Logged in to QuantDinger
[2026-06-21 12:00:46] [INFO] [mt5_watchdog] MT5 already connected
[2026-06-21 12:00:46] [INFO] [mt5_watchdog] MT5 reconnected successfully!
[2026-06-21 12:01:15] [INFO] [qd_client] Logged in to QuantDinger
[2026-06-21 12:01:27] [INFO] [qd_client] Logged in to QuantDinger
[2026-06-21 12:01:45] [INFO] [qd_client] Logged in to QuantDinger
[2026-06-21 12:02:16] [INFO] [qd_client] Logged in to QuantDinger
[2026-06-21 12:02:27] [INFO] [qd_client] Logged in to QuantDinger
[2026-06-21 12:02:45] [INFO] [qd_client] Logged in to QuantDinger
[2026-06-21 12:02:55] [INFO] [main] Trading Bot V3 starting...
[2026-06-21 12:02:55] [INFO] [database] V3 Database initialized with all tables
[2026-06-21 12:02:55] [INFO] [qd_client] Logged in to QuantDinger
[2026-06-21 12:02:55] [INFO] [qd_client] MT5 connected
[2026-06-21 12:02:55] [INFO] [main] MT5 connected
[2026-06-21 12:02:55] [INFO] [telegram_bot] Telegram polling started
[2026-06-21 12:02:55] [INFO] [telegram_bot] Telegram bot V3 started
[2026-06-21 12:02:55] [INFO] [mt5_watchdog] MT5 watchdog started (V1 reconnect logic)
[2026-06-21 12:02:55] [INFO] [reconciliation] Reconciliation loop started (every 60s)
[2026-06-21 12:02:55] [INFO] [reconciliation] Reconciliation thread started
[2026-06-21 12:02:56] [INFO] [main] ==================================================
[2026-06-21 12:02:56] [INFO] [main] Cycle 1 at 12:02:56
[2026-06-21 12:03:05] [INFO] [news_fetcher] Fetched 2 relevant news items
[2026-06-21 12:03:05] [INFO] [main] Equity: 73516.00$ | News: 2
[2026-06-21 12:03:05] [INFO] [main] --- EURUSD ---
[2026-06-21 12:03:08] [INFO] [deepseek] AI analysis EURUSD: bias=neutral score=45.0 conf=0.40
[2026-06-21 12:03:08] [INFO] [signal_engine] [VERIFY] SIGNAL_INPUT bias=neutral score=45.0 confidence=0.4
[2026-06-21 12:03:08] [INFO] [signal_engine] [VERIFY] SIGNAL_RULE rule=confidence>=0.60 actual=0.4 result=False
[2026-06-21 12:03:08] [INFO] [signal_engine] [VERIFY] SIGNAL_RULE rule=score>=55 actual=45.0 result=False
[2026-06-21 12:03:08] [INFO] [signal_engine] [VERIFY] SIGNAL_RULE rule=bias in [bullish,bearish] actual=neutral result=False
[2026-06-21 12:03:08] [INFO] [signal_engine] [VERIFY] SIGNAL_FINAL direction=NEUTRAL score=45.0 confidence=0.4 valid=False
[2026-06-21 12:03:08] [INFO] [signal_engine] [VERIFY] SIGNAL_FAILURE_REASONS
[2026-06-21 12:03:08] [INFO] [signal_engine] * confidence below threshold
[2026-06-21 12:03:08] [INFO] [signal_engine] * score below threshold
[2026-06-21 12:03:08] [INFO] [signal_engine] * neutral bias
[2026-06-21 12:03:08] [INFO] [signal_engine] [VERIFY] SIGNAL_FAILURE_LOCATION file=F:\files (2)\google\botdd\trading_bot_v3\decision\signal_engine.py function=generate_signal
[2026-06-21 12:03:08] [DEBUG] [signal_engine] Signal: NEUTRAL score=45.0 conf=0.40 strength=ضعيف valid=False
[2026-06-21 12:03:08] [INFO] [sentiment] Sentiment EURUSD: bullish score=83 bull=2 bear=1
[2026-06-21 12:03:08] [DEBUG] [hybrid_market_client] Fetching indicators for EURUSD (method: QuantDinger)
[2026-06-21 12:03:08] [DEBUG] [market_client] Candles EURUSD 4H: 100 bars ✓
[2026-06-21 12:03:08] [DEBUG] [hybrid_market_client] ✓ Got real data from QuantDinger for EURUSD
[2026-06-21 12:03:08] [DEBUG] [hybrid_market_client] Fetching indicators for EURUSD (method: QuantDinger)
[2026-06-21 12:03:08] [DEBUG] [market_client] Candles EURUSD 4H: 100 bars ✓
[2026-06-21 12:03:08] [DEBUG] [hybrid_market_client] ✓ Got real data from QuantDinger for EURUSD
[2026-06-21 12:03:08] [DEBUG] [hybrid_market_client] Fetching indicators for EURUSD (method: QuantDinger)
[2026-06-21 12:03:09] [DEBUG] [market_client] Candles EURUSD 4H: 100 bars ✓
[2026-06-21 12:03:09] [DEBUG] [hybrid_market_client] ✓ Got real data from QuantDinger for EURUSD
[2026-06-21 12:03:09] [DEBUG] [hybrid_market_client] Fetching indicators for EURUSD (method: QuantDinger)
[2026-06-21 12:03:09] [DEBUG] [market_client] Using cached candles for EURUSD H4 (age: 0s)
[2026-06-21 12:03:09] [DEBUG] [hybrid_market_client] ✓ Got real data from QuantDinger for EURUSD
[2026-06-21 12:03:09] [DEBUG] [hybrid_market_client] Fetching indicators for EURUSD (method: QuantDinger)
[2026-06-21 12:03:09] [DEBUG] [market_client] Using cached candles for EURUSD H1 (age: 0s)
[2026-06-21 12:03:09] [DEBUG] [hybrid_market_client] ✓ Got real data from QuantDinger for EURUSD
[2026-06-21 12:03:09] [DEBUG] [hybrid_market_client] Fetching indicators for EURUSD (method: QuantDinger)
[2026-06-21 12:03:09] [DEBUG] [market_client] Using cached candles for EURUSD M15 (age: 0s)
[2026-06-21 12:03:09] [DEBUG] [hybrid_market_client] ✓ Got real data from QuantDinger for EURUSD
[2026-06-21 12:03:09] [DEBUG] [hybrid_market_client] Fetching indicators for EURUSD (method: QuantDinger)
[2026-06-21 12:03:09] [DEBUG] [market_client] Using cached candles for EURUSD H4 (age: 0s)
[2026-06-21 12:03:09] [DEBUG] [hybrid_market_client] ✓ Got real data from QuantDinger for EURUSD
[2026-06-21 12:03:09] [DEBUG] [hybrid_market_client] Fetching indicators for EURUSD (method: QuantDinger)
[2026-06-21 12:03:09] [DEBUG] [market_client] Using cached candles for EURUSD H1 (age: 0s)
[2026-06-21 12:03:09] [DEBUG] [hybrid_market_client] ✓ Got real data from QuantDinger for EURUSD
[2026-06-21 12:03:09] [DEBUG] [hybrid_market_client] Fetching indicators for EURUSD (method: QuantDinger)
[2026-06-21 12:03:09] [DEBUG] [market_client] Using cached candles for EURUSD M15 (age: 0s)
[2026-06-21 12:03:09] [DEBUG] [hybrid_market_client] ✓ Got real data from QuantDinger for EURUSD
[2026-06-21 12:03:09] [INFO] [mtf] MTF_VERIFY EURUSD: TIMEFRAME=H4 candles=1 last_ts= last_close=1.1469204425811768 RSI=27.64 ATR=0.002983 MACD=-0.006249 | TIMEFRAME=H1 candles=1 last_ts= last_close=1.1469204425811768 RSI=27.64 ATR=0.002983 MACD=-0.006249 | TIMEFRAME=M15 candles=1 last_ts= last_close=1.1469204425811768 RSI=27.64 ATR=0.002983 MACD=-0.006249
[2026-06-21 12:03:09] [INFO] [mtf] MTF EURUSD: H4=bearish H1=bullish M15=bullish aligned=True (weak)
[2026-06-21 12:03:09] [DEBUG] [hybrid_market_client] Fetching indicators for EURUSD (method: QuantDinger)
[2026-06-21 12:03:09] [DEBUG] [market_client] Using cached candles for EURUSD H4 (age: 0s)
[2026-06-21 12:03:09] [DEBUG] [hybrid_market_client] ✓ Got real data from QuantDinger for EURUSD
[2026-06-21 12:03:09] [DEBUG] [hybrid_market_client] Fetching indicators for EURUSD (method: QuantDinger)
[2026-06-21 12:03:09] [DEBUG] [market_client] Using cached candles for EURUSD H1 (age: 0s)
[2026-06-21 12:03:09] [DEBUG] [hybrid_market_client] ✓ Got real data from QuantDinger for EURUSD
[2026-06-21 12:03:09] [DEBUG] [hybrid_market_client] Fetching indicators for EURUSD (method: QuantDinger)
[2026-06-21 12:03:09] [DEBUG] [market_client] Using cached candles for EURUSD H1 (age: 0s)
[2026-06-21 12:03:09] [DEBUG] [hybrid_market_client] ✓ Got real data from QuantDinger for EURUSD
[2026-06-21 12:03:09] [DEBUG] [hybrid_market_client] Fetching indicators for EURUSD (method: QuantDinger)
[2026-06-21 12:03:09] [DEBUG] [market_client] Using cached candles for EURUSD H4 (age: 0s)
[2026-06-21 12:03:09] [DEBUG] [hybrid_market_client] ✓ Got real data from QuantDinger for EURUSD
[2026-06-21 12:03:09] [DEBUG] [hybrid_market_client] Fetching indicators for EURUSD (method: QuantDinger)
[2026-06-21 12:03:09] [DEBUG] [market_client] Using cached candles for EURUSD H1 (age: 0s)
[2026-06-21 12:03:09] [DEBUG] [hybrid_market_client] ✓ Got real data from QuantDinger for EURUSD
[2026-06-21 12:03:09] [INFO] [main] [VERIFY][DATA_TRUTH] symbol=EURUSD timeframe=H4/H1/M15 news_fetched=True indicators_fetched=True live_data=True cached=False
[2026-06-21 12:03:09] [DEBUG] [hybrid_market_client] Fetching indicators for EURUSD (method: QuantDinger)
[2026-06-21 12:03:09] [DEBUG] [market_client] Candles EURUSD 4H: 100 bars ✓
[2026-06-21 12:03:09] [DEBUG] [hybrid_market_client] ✓ Got real data from QuantDinger for EURUSD
[2026-06-21 12:03:09] [DEBUG] [hybrid_market_client] Fetching indicators for EURUSD (method: QuantDinger)
[2026-06-21 12:03:09] [DEBUG] [market_client] Using cached candles for EURUSD 4H (age: 0s)
[2026-06-21 12:03:09] [DEBUG] [hybrid_market_client] ✓ Got real data from QuantDinger for EURUSD
[2026-06-21 12:03:09] [INFO] [sltp] SL/TP EURUSD: entry=1.1469204425811768 atr=0.00298 sl=1.14245 tp=1.15438
[2026-06-21 12:03:09] [INFO] [position_sizing] Position size: 0.5 (equity=73516, risk=0.001, sl_dist=0.00447, score=40, cons_loss=0)
[2026-06-21 12:03:09] [DEBUG] [market_client] Using cached candles for EURUSD 4H (age: 0s)
[2026-06-21 12:03:09] [INFO] [xgboost_v2] [VERIFY] XGBOOST MODEL LOADED path=models/xgb_model.json available=True
[2026-06-21 12:03:09] [INFO] [xgboost_v2] XGBoost v2 model loaded successfully
[2026-06-21 12:03:09] [DEBUG] [xgboost_v2] V2 predict: rsi=27.6 atr=0.00298 regime=TRENDING session=london dir=BUY -> p_win=0.705
[2026-06-21 12:03:09] [INFO] [xgboost_v2] [VERIFY] XGBOOST PREDICTION p_win=0.705 available=True
[2026-06-21 12:03:09] [INFO] [main] [VERIFY][DECISION_TRUTH] bias=neutral score=39.7 confidence=0.317 vote=BUY risk_passed=False sl_tp_calculated=True position_size=0.5 xgboost_p_win=0.7047503590583801 final_decision_valid=False reject_reason=Score 39.7 < 45
[2026-06-21 12:03:09] [INFO] [main] --- XAUUSD ---
[2026-06-21 12:03:09] [INFO] [main] XAUUSD: no pair-specific news -> skipping DeepSeek analysis
[2026-06-21 12:03:09] [INFO] [main] --- GBPUSD ---
[2026-06-21 12:03:09] [INFO] [main] GBPUSD: no pair-specific news -> skipping DeepSeek analysis
[2026-06-21 12:03:09] [INFO] [main] Sleeping 1800s...
[2026-06-21 12:03:16] [WARNING] [mt5_watchdog] MT5 disconnected! Attempt 1/3
[2026-06-21 12:03:17] [INFO] [qd_client] Logged in to QuantDinger
[2026-06-21 12:03:17] [INFO] [qd_client] Logged in to QuantDinger
[2026-06-21 12:03:17] [INFO] [mt5_watchdog] MT5 already connected
[2026-06-21 12:03:17] [INFO] [mt5_watchdog] MT5 reconnected successfully!
[2026-06-21 12:03:28] [INFO] [qd_client] Logged in to QuantDinger
[2026-06-21 12:03:46] [INFO] [qd_client] Logged in to QuantDinger
[2026-06-21 12:03:55] [WARNING] [mt5_watchdog] MT5 disconnected! Attempt 1/3
[2026-06-21 12:03:56] [INFO] [qd_client] Logged in to QuantDinger
[2026-06-21 12:03:57] [INFO] [qd_client] Logged in to QuantDinger
[2026-06-21 12:03:57] [INFO] [mt5_watchdog] MT5 already connected
[2026-06-21 12:03:57] [INFO] [mt5_watchdog] MT5 reconnected successfully!
[2026-06-21 12:04:17] [INFO] [qd_client] Logged in to QuantDinger
[2026-06-21 12:04:28] [INFO] [qd_client] Logged in to QuantDinger
[2026-06-21 12:04:47] [INFO] [qd_client] Logged in to QuantDinger
[2026-06-21 12:04:56] [INFO] [qd_client] Logged in to QuantDinger
[2026-06-21 12:05:18] [INFO] [qd_client] Logged in to QuantDinger
[2026-06-21 12:05:28] [WARNING] [mt5_watchdog] MT5 disconnected! Attempt 1/3
[2026-06-21 12:05:29] [INFO] [qd_client] Logged in to QuantDinger
[2026-06-21 12:05:30] [INFO] [qd_client] Logged in to QuantDinger
[2026-06-21 12:05:30] [INFO] [mt5_watchdog] MT5 already connected
[2026-06-21 12:05:30] [INFO] [mt5_watchdog] MT5 reconnected successfully!
[2026-06-21 12:05:47] [INFO] [qd_client] Logged in to QuantDinger
[2026-06-21 12:05:57] [INFO] [qd_client] Logged in to QuantDinger
[2026-06-21 12:06:18] [INFO] [qd_client] Logged in to QuantDinger
[2026-06-21 12:06:29] [INFO] [qd_client] Logged in to QuantDinger
[2026-06-21 12:06:48] [WARNING] [mt5_watchdog] MT5 disconnected! Attempt 1/3
[2026-06-21 12:06:48] [INFO] [qd_client] Logged in to QuantDinger
[2026-06-21 12:06:50] [INFO] [qd_client] Logged in to QuantDinger
[2026-06-21 12:06:50] [INFO] [mt5_watchdog] MT5 already connected
[2026-06-21 12:06:50] [INFO] [mt5_watchdog] MT5 reconnected successfully!
[2026-06-21 12:06:58] [INFO] [qd_client] Logged in to QuantDinger
[2026-06-21 12:07:19] [WARNING] [mt5_watchdog] MT5 disconnected! Attempt 1/3
[2026-06-21 12:07:19] [INFO] [qd_client] Logged in to QuantDinger
[2026-06-21 12:07:20] [INFO] [qd_client] Logged in to QuantDinger
[2026-06-21 12:07:20] [INFO] [mt5_watchdog] MT5 already connected
[2026-06-21 12:07:20] [INFO] [mt5_watchdog] MT5 reconnected successfully!
[2026-06-21 12:07:30] [INFO] [qd_client] Logged in to QuantDinger
[2026-06-21 12:07:48] [INFO] [qd_client] Logged in to QuantDinger
[2026-06-21 12:07:57] [WARNING] [mt5_watchdog] MT5 disconnected! Attempt 1/3
[2026-06-21 12:07:58] [INFO] [qd_client] Logged in to QuantDinger
[2026-06-21 12:07:59] [INFO] [qd_client] Logged in to QuantDinger
[2026-06-21 12:07:59] [INFO] [mt5_watchdog] MT5 already connected
[2026-06-21 12:07:59] [INFO] [mt5_watchdog] MT5 reconnected successfully!
[2026-06-21 12:08:19] [INFO] [qd_client] Logged in to QuantDinger
[2026-06-21 12:08:31] [INFO] [qd_client] Logged in to QuantDinger
[2026-06-21 12:08:49] [INFO] [qd_client] Logged in to QuantDinger
[2026-06-21 12:08:59] [INFO] [qd_client] Logged in to QuantDinger
[2026-06-21 12:09:20] [INFO] [qd_client] Logged in to QuantDinger
[2026-06-21 12:09:31] [INFO] [qd_client] Logged in to QuantDinger
[2026-06-21 12:09:35] [INFO] [qd_client] Logged in to QuantDinger
[2026-06-21 12:09:48] [INFO] [main] ==================================================
[2026-06-21 12:09:48] [INFO] [main] Cycle 2 at 12:09:48
[2026-06-21 12:09:59] [INFO] [qd_client] Logged in to QuantDinger
[2026-06-21 12:10:00] [INFO] [news_fetcher] Fetched 2 relevant news items
[2026-06-21 12:10:00] [INFO] [qd_client] Logged in to QuantDinger
[2026-06-21 12:10:00] [INFO] [main] Equity: 73516.00$ | News: 2
[2026-06-21 12:10:00] [INFO] [main] --- EURUSD ---
[2026-06-21 12:10:04] [INFO] [deepseek] AI analysis EURUSD: bias=neutral score=45.0 conf=0.40
[2026-06-21 12:10:04] [INFO] [signal_engine] [VERIFY] SIGNAL_INPUT bias=neutral score=45.0 confidence=0.4
[2026-06-21 12:10:04] [INFO] [signal_engine] [VERIFY] SIGNAL_RULE rule=confidence>=0.60 actual=0.4 result=False
[2026-06-21 12:10:04] [INFO] [signal_engine] [VERIFY] SIGNAL_RULE rule=score>=55 actual=45.0 result=False
[2026-06-21 12:10:04] [INFO] [signal_engine] [VERIFY] SIGNAL_RULE rule=bias in [bullish,bearish] actual=neutral result=False
[2026-06-21 12:10:04] [INFO] [signal_engine] [VERIFY] SIGNAL_FINAL direction=NEUTRAL score=45.0 confidence=0.4 valid=False
[2026-06-21 12:10:04] [INFO] [signal_engine] [VERIFY] SIGNAL_FAILURE_REASONS
[2026-06-21 12:10:04] [INFO] [signal_engine] * confidence below threshold
[2026-06-21 12:10:04] [INFO] [signal_engine] * score below threshold
[2026-06-21 12:10:04] [INFO] [signal_engine] * neutral bias
[2026-06-21 12:10:04] [INFO] [signal_engine] [VERIFY] SIGNAL_FAILURE_LOCATION file=f:\files (2)\google\botdd\trading_bot_v3\decision\signal_engine.py function=generate_signal
[2026-06-21 12:10:04] [DEBUG] [signal_engine] Signal: NEUTRAL score=45.0 conf=0.40 strength=ضعيف valid=False
[2026-06-21 12:10:04] [INFO] [sentiment] Sentiment EURUSD: bullish score=83 bull=2 bear=1
[2026-06-21 12:10:04] [DEBUG] [hybrid_market_client] Fetching indicators for EURUSD (method: QuantDinger)
[2026-06-21 12:10:05] [DEBUG] [market_client] Candles EURUSD 4H: 100 bars ✓
[2026-06-21 12:10:05] [DEBUG] [hybrid_market_client] ✓ Got real data from QuantDinger for EURUSD
[2026-06-21 12:10:05] [DEBUG] [hybrid_market_client] Fetching indicators for EURUSD (method: QuantDinger)
[2026-06-21 12:10:05] [DEBUG] [market_client] Candles EURUSD 4H: 100 bars ✓
[2026-06-21 12:10:05] [DEBUG] [hybrid_market_client] ✓ Got real data from QuantDinger for EURUSD
[2026-06-21 12:10:05] [DEBUG] [hybrid_market_client] Fetching indicators for EURUSD (method: QuantDinger)
[2026-06-21 12:10:05] [DEBUG] [market_client] Candles EURUSD 4H: 100 bars ✓
[2026-06-21 12:10:05] [DEBUG] [hybrid_market_client] ✓ Got real data from QuantDinger for EURUSD
[2026-06-21 12:10:05] [DEBUG] [hybrid_market_client] Fetching indicators for EURUSD (method: QuantDinger)
[2026-06-21 12:10:05] [DEBUG] [market_client] Using cached candles for EURUSD H4 (age: 0s)
[2026-06-21 12:10:05] [DEBUG] [hybrid_market_client] ✓ Got real data from QuantDinger for EURUSD
[2026-06-21 12:10:05] [DEBUG] [hybrid_market_client] Fetching indicators for EURUSD (method: QuantDinger)
[2026-06-21 12:10:05] [DEBUG] [market_client] Using cached candles for EURUSD H1 (age: 0s)
[2026-06-21 12:10:05] [DEBUG] [hybrid_market_client] ✓ Got real data from QuantDinger for EURUSD
[2026-06-21 12:10:05] [DEBUG] [hybrid_market_client] Fetching indicators for EURUSD (method: QuantDinger)
[2026-06-21 12:10:05] [DEBUG] [market_client] Using cached candles for EURUSD M15 (age: 0s)
[2026-06-21 12:10:05] [DEBUG] [hybrid_market_client] ✓ Got real data from QuantDinger for EURUSD
[2026-06-21 12:10:05] [DEBUG] [hybrid_market_client] Fetching indicators for EURUSD (method: QuantDinger)
[2026-06-21 12:10:05] [DEBUG] [market_client] Using cached candles for EURUSD H4 (age: 0s)
[2026-06-21 12:10:05] [DEBUG] [hybrid_market_client] ✓ Got real data from QuantDinger for EURUSD
[2026-06-21 12:10:05] [DEBUG] [hybrid_market_client] Fetching indicators for EURUSD (method: QuantDinger)
[2026-06-21 12:10:05] [DEBUG] [market_client] Using cached candles for EURUSD H1 (age: 0s)
[2026-06-21 12:10:05] [DEBUG] [hybrid_market_client] ✓ Got real data from QuantDinger for EURUSD
[2026-06-21 12:10:05] [DEBUG] [hybrid_market_client] Fetching indicators for EURUSD (method: QuantDinger)
[2026-06-21 12:10:05] [DEBUG] [market_client] Using cached candles for EURUSD M15 (age: 0s)
[2026-06-21 12:10:05] [DEBUG] [hybrid_market_client] ✓ Got real data from QuantDinger for EURUSD
[2026-06-21 12:10:05] [INFO] [mtf] MTF_VERIFY EURUSD: TIMEFRAME=H4 candles=1 last_ts= last_close=1.1469204425811768 RSI=27.64 ATR=0.002983 MACD=-0.006249 | TIMEFRAME=H1 candles=1 last_ts= last_close=1.1469204425811768 RSI=27.64 ATR=0.002983 MACD=-0.006249 | TIMEFRAME=M15 candles=1 last_ts= last_close=1.1469204425811768 RSI=27.64 ATR=0.002983 MACD=-0.006249
[2026-06-21 12:10:05] [INFO] [mtf] MTF EURUSD: H4=bearish H1=bullish M15=bullish aligned=True (weak)
[2026-06-21 12:10:05] [DEBUG] [hybrid_market_client] Fetching indicators for EURUSD (method: QuantDinger)
[2026-06-21 12:10:05] [DEBUG] [market_client] Using cached candles for EURUSD H4 (age: 0s)
[2026-06-21 12:10:05] [DEBUG] [hybrid_market_client] ✓ Got real data from QuantDinger for EURUSD
[2026-06-21 12:10:05] [DEBUG] [hybrid_market_client] Fetching indicators for EURUSD (method: QuantDinger)
[2026-06-21 12:10:05] [DEBUG] [market_client] Using cached candles for EURUSD H1 (age: 0s)
[2026-06-21 12:10:05] [DEBUG] [hybrid_market_client] ✓ Got real data from QuantDinger for EURUSD
[2026-06-21 12:10:05] [DEBUG] [hybrid_market_client] Fetching indicators for EURUSD (method: QuantDinger)
[2026-06-21 12:10:05] [DEBUG] [market_client] Using cached candles for EURUSD H1 (age: 0s)
[2026-06-21 12:10:05] [DEBUG] [hybrid_market_client] ✓ Got real data from QuantDinger for EURUSD
[2026-06-21 12:10:05] [DEBUG] [hybrid_market_client] Fetching indicators for EURUSD (method: QuantDinger)
[2026-06-21 12:10:05] [DEBUG] [market_client] Using cached candles for EURUSD H4 (age: 0s)
[2026-06-21 12:10:05] [DEBUG] [hybrid_market_client] ✓ Got real data from QuantDinger for EURUSD
[2026-06-21 12:10:05] [DEBUG] [hybrid_market_client] Fetching indicators for EURUSD (method: QuantDinger)
[2026-06-21 12:10:05] [DEBUG] [market_client] Using cached candles for EURUSD H1 (age: 0s)
[2026-06-21 12:10:05] [DEBUG] [hybrid_market_client] ✓ Got real data from QuantDinger for EURUSD
[2026-06-21 12:10:05] [INFO] [main] [VERIFY][DATA_TRUTH] symbol=EURUSD timeframe=H4/H1/M15 news_fetched=True indicators_fetched=True live_data=True cached=False
[2026-06-21 12:10:05] [DEBUG] [hybrid_market_client] Fetching indicators for EURUSD (method: QuantDinger)
[2026-06-21 12:10:05] [DEBUG] [market_client] Candles EURUSD 4H: 100 bars ✓
[2026-06-21 12:10:05] [DEBUG] [hybrid_market_client] ✓ Got real data from QuantDinger for EURUSD
[2026-06-21 12:10:05] [DEBUG] [hybrid_market_client] Fetching indicators for EURUSD (method: QuantDinger)
[2026-06-21 12:10:05] [DEBUG] [market_client] Using cached candles for EURUSD 4H (age: 0s)
[2026-06-21 12:10:05] [DEBUG] [hybrid_market_client] ✓ Got real data from QuantDinger for EURUSD
[2026-06-21 12:10:05] [INFO] [sltp] SL/TP EURUSD: entry=1.1469204425811768 atr=0.00298 sl=1.14245 tp=1.15438
[2026-06-21 12:10:05] [INFO] [position_sizing] Position size: 0.5 (equity=73516, risk=0.001, sl_dist=0.00447, score=40, cons_loss=0)
[2026-06-21 12:10:05] [DEBUG] [market_client] Using cached candles for EURUSD 4H (age: 0s)
[2026-06-21 12:10:05] [DEBUG] [xgboost_v2] V2 predict: rsi=27.6 atr=0.00298 regime=TRENDING session=london dir=BUY -> p_win=0.705
[2026-06-21 12:10:05] [INFO] [xgboost_v2] [VERIFY] XGBOOST PREDICTION p_win=0.705 available=True
[2026-06-21 12:10:05] [INFO] [main] [VERIFY][DECISION_TRUTH] bias=neutral score=39.7 confidence=0.317 vote=BUY risk_passed=False sl_tp_calculated=True position_size=0.5 xgboost_p_win=0.7047503590583801 final_decision_valid=False reject_reason=Score 39.7 < 45
[2026-06-21 12:10:05] [INFO] [main] --- XAUUSD ---
[2026-06-21 12:10:05] [INFO] [main] XAUUSD: no pair-specific news -> skipping DeepSeek analysis
[2026-06-21 12:10:05] [INFO] [main] --- GBPUSD ---
[2026-06-21 12:10:05] [INFO] [main] GBPUSD: no pair-specific news -> skipping DeepSeek analysis
[2026-06-21 12:10:05] [INFO] [main] Sleeping 1800s...
[2026-06-21 12:10:21] [INFO] [qd_client] Logged in to QuantDinger
[2026-06-21 12:10:32] [INFO] [qd_client] Logged in to QuantDinger
[2026-06-21 12:10:49] [INFO] [qd_client] Logged in to QuantDinger
[2026-06-21 12:11:00] [INFO] [qd_client] Logged in to QuantDinger
[2026-06-21 12:11:21] [WARNING] [mt5_watchdog] MT5 disconnected! Attempt 1/3
[2026-06-21 12:11:21] [INFO] [qd_client] Logged in to QuantDinger
[2026-06-21 12:11:23] [INFO] [qd_client] Logged in to QuantDinger
[2026-06-21 12:11:23] [INFO] [mt5_watchdog] MT5 already connected
[2026-06-21 12:11:23] [INFO] [mt5_watchdog] MT5 reconnected successfully!
[2026-06-21 12:11:32] [WARNING] [mt5_watchdog] MT5 disconnected! Attempt 1/3
[2026-06-21 12:11:32] [INFO] [qd_client] Logged in to QuantDinger
[2026-06-21 12:11:33] [INFO] [qd_client] Logged in to QuantDinger
[2026-06-21 12:11:33] [INFO] [mt5_watchdog] MT5 already connected
[2026-06-21 12:11:33] [INFO] [mt5_watchdog] MT5 reconnected successfully!
[2026-06-21 12:11:50] [INFO] [qd_client] Logged in to QuantDinger
[2026-06-21 12:11:59] [WARNING] [mt5_watchdog] MT5 disconnected! Attempt 1/3
[2026-06-21 12:12:00] [INFO] [qd_client] Logged in to QuantDinger
[2026-06-21 12:12:01] [INFO] [qd_client] Logged in to QuantDinger
[2026-06-21 12:12:01] [INFO] [mt5_watchdog] MT5 already connected
[2026-06-21 12:12:01] [INFO] [mt5_watchdog] MT5 reconnected successfully!
[2026-06-21 12:12:22] [INFO] [qd_client] Logged in to QuantDinger
[2026-06-21 12:12:33] [INFO] [qd_client] Logged in to QuantDinger
[2026-06-21 12:12:51] [INFO] [qd_client] Logged in to QuantDinger
[2026-06-21 12:13:01] [INFO] [qd_client] Logged in to QuantDinger
[2026-06-21 12:13:22] [INFO] [qd_client] Logged in to QuantDinger
[2026-06-21 12:13:33] [INFO] [qd_client] Logged in to QuantDinger
[2026-06-21 12:13:51] [INFO] [qd_client] Logged in to QuantDinger
[2026-06-21 12:14:34] [INFO] [qd_client] Logged in to QuantDinger
[2026-06-21 12:14:52] [WARNING] [mt5_watchdog] MT5 disconnected! Attempt 1/3
[2026-06-21 12:14:52] [INFO] [qd_client] Logged in to QuantDinger
[2026-06-21 12:14:54] [INFO] [qd_client] Logged in to QuantDinger
[2026-06-21 12:14:54] [INFO] [mt5_watchdog] MT5 already connected
[2026-06-21 12:14:54] [INFO] [mt5_watchdog] MT5 reconnected successfully!
[2026-06-21 12:15:34] [INFO] [qd_client] Logged in to QuantDinger
[2026-06-21 12:15:52] [INFO] [qd_client] Logged in to QuantDinger
[2026-06-21 12:16:35] [INFO] [qd_client] Logged in to QuantDinger
[2026-06-21 12:16:53] [INFO] [qd_client] Logged in to QuantDinger
[2026-06-21 12:17:35] [WARNING] [mt5_watchdog] MT5 disconnected! Attempt 1/3
[2026-06-21 12:17:36] [INFO] [qd_client] Logged in to QuantDinger
[2026-06-21 12:17:37] [INFO] [qd_client] Logged in to QuantDinger
[2026-06-21 12:17:37] [INFO] [mt5_watchdog] MT5 already connected
[2026-06-21 12:17:37] [INFO] [mt5_watchdog] MT5 reconnected successfully!
[2026-06-21 12:17:53] [INFO] [qd_client] Logged in to QuantDinger
[2026-06-21 12:18:36] [INFO] [qd_client] Logged in to QuantDinger
[2026-06-21 12:21:50] [INFO] [main] Trading Bot V3 starting...
[2026-06-21 12:21:50] [INFO] [database] V3 Database initialized with all tables
[2026-06-21 12:21:50] [INFO] [qd_client] Logged in to QuantDinger
[2026-06-21 12:21:50] [INFO] [qd_client] MT5 connected
[2026-06-21 12:21:50] [INFO] [main] MT5 connected
[2026-06-21 12:21:50] [INFO] [telegram_bot] Telegram polling started
[2026-06-21 12:21:50] [INFO] [telegram_bot] Telegram bot V3 started
[2026-06-21 12:21:50] [INFO] [mt5_watchdog] MT5 watchdog started (V1 reconnect logic)
[2026-06-21 12:21:50] [INFO] [reconciliation] Reconciliation loop started (every 60s)
[2026-06-21 12:21:50] [INFO] [reconciliation] Reconciliation thread started
[2026-06-21 12:21:51] [INFO] [main] ==================================================
[2026-06-21 12:21:51] [INFO] [main] Cycle 1 at 12:21:51
[2026-06-21 12:22:00] [INFO] [news_fetcher] Fetched 3 relevant news items
[2026-06-21 12:22:00] [INFO] [main] Equity: 73516.00$ | News: 3
[2026-06-21 12:22:00] [INFO] [main] --- EURUSD ---
[2026-06-21 12:22:03] [INFO] [deepseek] AI analysis EURUSD: bias=neutral score=45.0 conf=0.40
[2026-06-21 12:22:03] [INFO] [signal_engine] [VERIFY] SIGNAL_INPUT bias=neutral score=45.0 confidence=0.4
[2026-06-21 12:22:03] [INFO] [signal_engine] [VERIFY] SIGNAL_RULE rule=confidence>=0.60 actual=0.4 result=False
[2026-06-21 12:22:03] [INFO] [signal_engine] [VERIFY] SIGNAL_RULE rule=score>=55 actual=45.0 result=False
[2026-06-21 12:22:03] [INFO] [signal_engine] [VERIFY] SIGNAL_RULE rule=bias in [bullish,bearish] actual=neutral result=False
[2026-06-21 12:22:03] [INFO] [signal_engine] [VERIFY] SIGNAL_FINAL direction=NEUTRAL score=45.0 confidence=0.4 valid=False
[2026-06-21 12:22:03] [INFO] [signal_engine] [VERIFY] SIGNAL_FAILURE_REASONS
[2026-06-21 12:22:03] [INFO] [signal_engine] * confidence below threshold
[2026-06-21 12:22:03] [INFO] [signal_engine] * score below threshold
[2026-06-21 12:22:03] [INFO] [signal_engine] * neutral bias
[2026-06-21 12:22:03] [INFO] [signal_engine] [VERIFY] SIGNAL_FAILURE_LOCATION file=F:\files (2)\google\botdd\trading_bot_v3\decision\signal_engine.py function=generate_signal
[2026-06-21 12:22:03] [DEBUG] [signal_engine] Signal: NEUTRAL score=45.0 conf=0.40 strength=ضعيف valid=False
[2026-06-21 12:22:03] [INFO] [sentiment] Sentiment EURUSD: bullish score=83 bull=2 bear=1
[2026-06-21 12:22:03] [DEBUG] [hybrid_market_client] Fetching indicators for EURUSD (method: QuantDinger)
[2026-06-21 12:22:03] [DEBUG] [market_client] Candles EURUSD 4H: 100 bars ✓
[2026-06-21 12:22:03] [DEBUG] [hybrid_market_client] ✓ Got real data from QuantDinger for EURUSD
[2026-06-21 12:22:03] [DEBUG] [hybrid_market_client] Fetching indicators for EURUSD (method: QuantDinger)
[2026-06-21 12:22:03] [DEBUG] [market_client] Candles EURUSD 4H: 100 bars ✓
[2026-06-21 12:22:03] [DEBUG] [hybrid_market_client] ✓ Got real data from QuantDinger for EURUSD
[2026-06-21 12:22:03] [DEBUG] [hybrid_market_client] Fetching indicators for EURUSD (method: QuantDinger)
[2026-06-21 12:22:04] [DEBUG] [market_client] Candles EURUSD 4H: 100 bars ✓
[2026-06-21 12:22:04] [DEBUG] [hybrid_market_client] ✓ Got real data from QuantDinger for EURUSD
[2026-06-21 12:22:04] [DEBUG] [hybrid_market_client] Fetching indicators for EURUSD (method: QuantDinger)
[2026-06-21 12:22:04] [DEBUG] [market_client] Using cached candles for EURUSD H4 (age: 0s)
[2026-06-21 12:22:04] [DEBUG] [hybrid_market_client] ✓ Got real data from QuantDinger for EURUSD
[2026-06-21 12:22:04] [DEBUG] [hybrid_market_client] Fetching indicators for EURUSD (method: QuantDinger)
[2026-06-21 12:22:04] [DEBUG] [market_client] Using cached candles for EURUSD H1 (age: 0s)
[2026-06-21 12:22:04] [DEBUG] [hybrid_market_client] ✓ Got real data from QuantDinger for EURUSD
[2026-06-21 12:22:04] [DEBUG] [hybrid_market_client] Fetching indicators for EURUSD (method: QuantDinger)
[2026-06-21 12:22:04] [DEBUG] [market_client] Using cached candles for EURUSD M15 (age: 0s)
[2026-06-21 12:22:04] [DEBUG] [hybrid_market_client] ✓ Got real data from QuantDinger for EURUSD
[2026-06-21 12:22:04] [DEBUG] [hybrid_market_client] Fetching indicators for EURUSD (method: QuantDinger)
[2026-06-21 12:22:04] [DEBUG] [market_client] Using cached candles for EURUSD H4 (age: 0s)
[2026-06-21 12:22:04] [DEBUG] [hybrid_market_client] ✓ Got real data from QuantDinger for EURUSD
[2026-06-21 12:22:04] [DEBUG] [hybrid_market_client] Fetching indicators for EURUSD (method: QuantDinger)
[2026-06-21 12:22:04] [DEBUG] [market_client] Using cached candles for EURUSD H1 (age: 0s)
[2026-06-21 12:22:04] [DEBUG] [hybrid_market_client] ✓ Got real data from QuantDinger for EURUSD
[2026-06-21 12:22:04] [DEBUG] [hybrid_market_client] Fetching indicators for EURUSD (method: QuantDinger)
[2026-06-21 12:22:04] [DEBUG] [market_client] Using cached candles for EURUSD M15 (age: 0s)
[2026-06-21 12:22:04] [DEBUG] [hybrid_market_client] ✓ Got real data from QuantDinger for EURUSD
[2026-06-21 12:22:04] [INFO] [mtf] MTF_VERIFY EURUSD: TIMEFRAME=H4 candles=1 last_ts= last_close=1.1469204425811768 RSI=27.64 ATR=0.002983 MACD=-0.006249 | TIMEFRAME=H1 candles=1 last_ts= last_close=1.1469204425811768 RSI=27.64 ATR=0.002983 MACD=-0.006249 | TIMEFRAME=M15 candles=1 last_ts= last_close=1.1469204425811768 RSI=27.64 ATR=0.002983 MACD=-0.006249
[2026-06-21 12:22:04] [INFO] [mtf] MTF EURUSD: H4=bearish H1=bullish M15=bullish aligned=True (weak)
[2026-06-21 12:22:04] [DEBUG] [hybrid_market_client] Fetching indicators for EURUSD (method: QuantDinger)
[2026-06-21 12:22:04] [DEBUG] [market_client] Using cached candles for EURUSD H4 (age: 0s)
[2026-06-21 12:22:04] [DEBUG] [hybrid_market_client] ✓ Got real data from QuantDinger for EURUSD
[2026-06-21 12:22:04] [DEBUG] [hybrid_market_client] Fetching indicators for EURUSD (method: QuantDinger)
[2026-06-21 12:22:04] [DEBUG] [market_client] Using cached candles for EURUSD H1 (age: 0s)
[2026-06-21 12:22:04] [DEBUG] [hybrid_market_client] ✓ Got real data from QuantDinger for EURUSD
[2026-06-21 12:22:04] [DEBUG] [hybrid_market_client] Fetching indicators for EURUSD (method: QuantDinger)
[2026-06-21 12:22:04] [DEBUG] [market_client] Using cached candles for EURUSD H1 (age: 0s)
[2026-06-21 12:22:04] [DEBUG] [hybrid_market_client] ✓ Got real data from QuantDinger for EURUSD
[2026-06-21 12:22:04] [DEBUG] [hybrid_market_client] Fetching indicators for EURUSD (method: QuantDinger)
[2026-06-21 12:22:04] [DEBUG] [market_client] Using cached candles for EURUSD H4 (age: 0s)
[2026-06-21 12:22:04] [DEBUG] [hybrid_market_client] ✓ Got real data from QuantDinger for EURUSD
[2026-06-21 12:22:04] [DEBUG] [hybrid_market_client] Fetching indicators for EURUSD (method: QuantDinger)
[2026-06-21 12:22:04] [DEBUG] [market_client] Using cached candles for EURUSD H1 (age: 0s)
[2026-06-21 12:22:04] [DEBUG] [hybrid_market_client] ✓ Got real data from QuantDinger for EURUSD
[2026-06-21 12:22:04] [INFO] [main] [VERIFY][DATA_TRUTH] symbol=EURUSD timeframe=H4/H1/M15 news_fetched=True indicators_fetched=True live_data=True cached=False
[2026-06-21 12:22:04] [DEBUG] [hybrid_market_client] Fetching indicators for EURUSD (method: QuantDinger)
[2026-06-21 12:22:04] [DEBUG] [market_client] Candles EURUSD 4H: 100 bars ✓
[2026-06-21 12:22:04] [DEBUG] [hybrid_market_client] ✓ Got real data from QuantDinger for EURUSD
[2026-06-21 12:22:04] [DEBUG] [hybrid_market_client] Fetching indicators for EURUSD (method: QuantDinger)
[2026-06-21 12:22:04] [DEBUG] [market_client] Using cached candles for EURUSD 4H (age: 0s)
[2026-06-21 12:22:04] [DEBUG] [hybrid_market_client] ✓ Got real data from QuantDinger for EURUSD
[2026-06-21 12:22:04] [INFO] [sltp] SL/TP EURUSD: entry=1.1469204425811768 atr=0.00298 sl=1.14245 tp=1.15438
[2026-06-21 12:22:04] [INFO] [position_sizing] Position size: 0.5 (equity=73516, risk=0.001, sl_dist=0.00447, score=40, cons_loss=0)
[2026-06-21 12:22:04] [DEBUG] [market_client] Using cached candles for EURUSD 4H (age: 0s)
[2026-06-21 12:22:04] [INFO] [xgboost_v2] [VERIFY] XGBOOST MODEL LOADED path=models/xgb_model.json available=True
[2026-06-21 12:22:04] [INFO] [xgboost_v2] XGBoost v2 model loaded successfully
[2026-06-21 12:22:04] [DEBUG] [xgboost_v2] V2 predict: rsi=27.6 atr=0.00298 regime=TRENDING session=london dir=BUY -> p_win=0.705
[2026-06-21 12:22:04] [INFO] [xgboost_v2] [VERIFY] XGBOOST PREDICTION p_win=0.705 available=True
[2026-06-21 12:22:04] [INFO] [main] [VERIFY][DECISION_TRUTH] bias=neutral score=39.7 confidence=0.317 vote=BUY risk_passed=False sl_tp_calculated=True position_size=0.5 xgboost_p_win=0.7047503590583801 final_decision_valid=False reject_reason=Score 39.7 < 45
[2026-06-21 12:22:04] [INFO] [main] --- XAUUSD ---
[2026-06-21 12:22:04] [INFO] [main] XAUUSD: no pair-specific news -> skipping DeepSeek analysis
[2026-06-21 12:22:04] [INFO] [main] --- GBPUSD ---
[2026-06-21 12:22:04] [INFO] [main] GBPUSD: no pair-specific news -> skipping DeepSeek analysis
[2026-06-21 12:22:04] [INFO] [main] Sleeping 1800s...
[2026-06-21 12:51:07] [INFO] [main] Trading Bot V3 starting...
[2026-06-21 12:51:07] [INFO] [database] V3 Database initialized with all tables
[2026-06-21 12:51:08] [INFO] [qd_client] Logged in to QuantDinger
[2026-06-21 12:51:08] [INFO] [qd_client] MT5 connected
[2026-06-21 12:51:08] [INFO] [main] MT5 connected
[2026-06-21 12:51:08] [INFO] [telegram_bot] Telegram polling started
[2026-06-21 12:51:08] [INFO] [telegram_bot] Telegram bot V3 started
[2026-06-21 12:51:08] [INFO] [mt5_watchdog] MT5 watchdog started (V1 reconnect logic)
[2026-06-21 12:51:08] [INFO] [reconciliation] Reconciliation loop started (every 60s)
[2026-06-21 12:51:08] [INFO] [reconciliation] Reconciliation thread started
[2026-06-21 12:51:09] [INFO] [main] ==================================================
[2026-06-21 12:51:09] [INFO] [main] Cycle 1 at 12:51:09
[2026-06-21 12:51:19] [INFO] [news_fetcher] Fetched 2 relevant news items
[2026-06-21 12:51:19] [INFO] [main] Equity: 73516.00$ | News: 2
[2026-06-21 12:51:19] [DEBUG] [hybrid_market_client] Fetching indicators for EURUSD (method: QuantDinger)
[2026-06-21 12:51:19] [DEBUG] [market_client] Candles EURUSD 4H: 100 bars ✓
[2026-06-21 12:51:19] [DEBUG] [hybrid_market_client] ✓ Got real data from QuantDinger for EURUSD
[2026-06-21 12:51:19] [DEBUG] [hybrid_market_client] Fetching indicators for EURUSD (method: QuantDinger)
[2026-06-21 12:51:19] [DEBUG] [market_client] Candles EURUSD 4H: 100 bars ✓
[2026-06-21 12:51:19] [DEBUG] [hybrid_market_client] ✓ Got real data from QuantDinger for EURUSD
[2026-06-21 12:51:19] [DEBUG] [hybrid_market_client] Fetching indicators for EURUSD (method: QuantDinger)
[2026-06-21 12:51:19] [DEBUG] [market_client] Candles EURUSD 4H: 100 bars ✓
[2026-06-21 12:51:19] [DEBUG] [hybrid_market_client] ✓ Got real data from QuantDinger for EURUSD
[2026-06-21 12:51:19] [INFO] [market_snapshot_builder] [SNAPSHOT_BUILT] symbol=EURUSD tfs=H4,H1,M15
[2026-06-21 12:51:19] [DEBUG] [hybrid_market_client] Fetching indicators for XAUUSD (method: QuantDinger)
[2026-06-21 12:51:20] [DEBUG] [market_client] Candles XAUUSD 4H: 100 bars ✓
[2026-06-21 12:51:20] [DEBUG] [hybrid_market_client] ✓ Got real data from QuantDinger for XAUUSD
[2026-06-21 12:51:20] [DEBUG] [hybrid_market_client] Fetching indicators for XAUUSD (method: QuantDinger)
[2026-06-21 12:51:20] [DEBUG] [market_client] Candles XAUUSD 4H: 100 bars ✓
[2026-06-21 12:51:20] [DEBUG] [hybrid_market_client] ✓ Got real data from QuantDinger for XAUUSD
[2026-06-21 12:51:20] [DEBUG] [hybrid_market_client] Fetching indicators for XAUUSD (method: QuantDinger)
[2026-06-21 12:51:20] [DEBUG] [market_client] Candles XAUUSD 4H: 100 bars ✓
[2026-06-21 12:51:20] [DEBUG] [hybrid_market_client] ✓ Got real data from QuantDinger for XAUUSD
[2026-06-21 12:51:20] [INFO] [market_snapshot_builder] [SNAPSHOT_BUILT] symbol=XAUUSD tfs=H4,H1,M15
[2026-06-21 12:51:20] [DEBUG] [hybrid_market_client] Fetching indicators for GBPUSD (method: QuantDinger)
[2026-06-21 12:51:20] [DEBUG] [market_client] Candles GBPUSD 4H: 100 bars ✓
[2026-06-21 12:51:20] [DEBUG] [hybrid_market_client] ✓ Got real data from QuantDinger for GBPUSD
[2026-06-21 12:51:20] [DEBUG] [hybrid_market_client] Fetching indicators for GBPUSD (method: QuantDinger)
[2026-06-21 12:51:20] [DEBUG] [market_client] Candles GBPUSD 4H: 100 bars ✓
[2026-06-21 12:51:20] [DEBUG] [hybrid_market_client] ✓ Got real data from QuantDinger for GBPUSD
[2026-06-21 12:51:20] [DEBUG] [hybrid_market_client] Fetching indicators for GBPUSD (method: QuantDinger)
[2026-06-21 12:51:20] [DEBUG] [market_client] Candles GBPUSD 4H: 100 bars ✓
[2026-06-21 12:51:20] [DEBUG] [hybrid_market_client] ✓ Got real data from QuantDinger for GBPUSD
[2026-06-21 12:51:20] [INFO] [market_snapshot_builder] [SNAPSHOT_BUILT] symbol=GBPUSD tfs=H4,H1,M15
[2026-06-21 12:51:20] [INFO] [main] --- EURUSD ---
[2026-06-21 12:51:20] [INFO] [main] EURUSD: no pair-specific news -> skipping DeepSeek analysis
[2026-06-21 12:51:20] [INFO] [main] --- XAUUSD ---
[2026-06-21 12:51:20] [INFO] [main] XAUUSD: no pair-specific news -> skipping DeepSeek analysis
[2026-06-21 12:51:20] [INFO] [main] --- GBPUSD ---
[2026-06-21 12:51:20] [INFO] [main] GBPUSD: no pair-specific news -> skipping DeepSeek analysis
[2026-06-21 12:51:20] [INFO] [main] Sleeping 1800s...
[2026-06-21 12:51:51] [INFO] [qd_client] Logged in to QuantDinger
[2026-06-21 12:51:51] [ERROR] [telegram_bot] Heartbeat error: object of type 'NoneType' has no len()
[2026-06-21 12:51:51] [INFO] [qd_client] Logged in to QuantDinger
[2026-06-21 12:52:04] [INFO] [main] ==================================================
[2026-06-21 12:52:04] [INFO] [main] Cycle 2 at 12:52:04
[2026-06-21 12:52:08] [WARNING] [mt5_watchdog] MT5 disconnected! Attempt 1/3
[2026-06-21 12:52:08] [INFO] [qd_client] Logged in to QuantDinger
[2026-06-21 12:52:09] [INFO] [qd_client] Logged in to QuantDinger
[2026-06-21 12:52:09] [INFO] [mt5_watchdog] MT5 already connected
[2026-06-21 12:52:09] [INFO] [mt5_watchdog] MT5 reconnected successfully!
[2026-06-21 12:52:15] [INFO] [news_fetcher] Fetched 2 relevant news items
[2026-06-21 12:52:15] [INFO] [qd_client] Logged in to QuantDinger
[2026-06-21 12:52:15] [INFO] [main] Equity: 73516.00$ | News: 2
[2026-06-21 12:52:15] [INFO] [main] --- EURUSD ---
[2026-06-21 12:52:15] [INFO] [main] EURUSD: no pair-specific news -> skipping DeepSeek analysis
[2026-06-21 12:52:15] [INFO] [main] --- XAUUSD ---
[2026-06-21 12:52:15] [INFO] [main] XAUUSD: no pair-specific news -> skipping DeepSeek analysis
[2026-06-21 12:52:15] [INFO] [main] --- GBPUSD ---
[2026-06-21 12:52:15] [INFO] [main] GBPUSD: no pair-specific news -> skipping DeepSeek analysis
[2026-06-21 12:52:15] [INFO] [main] Sleeping 1800s...
[2026-06-21 12:56:29] [INFO] [main] Trading Bot V3 starting...
[2026-06-21 12:56:29] [INFO] [database] V3 Database initialized with all tables
[2026-06-21 12:56:29] [INFO] [qd_client] Logged in to QuantDinger
[2026-06-21 12:56:29] [INFO] [qd_client] MT5 connected
[2026-06-21 12:56:29] [INFO] [main] MT5 connected
[2026-06-21 12:56:29] [INFO] [telegram_bot] Telegram polling started
[2026-06-21 12:56:29] [INFO] [telegram_bot] Telegram bot V3 started
[2026-06-21 12:56:29] [INFO] [mt5_watchdog] MT5 watchdog started (V1 reconnect logic)
[2026-06-21 12:56:29] [INFO] [reconciliation] Reconciliation loop started (every 60s)
[2026-06-21 12:56:29] [INFO] [reconciliation] Reconciliation thread started
[2026-06-21 12:56:30] [INFO] [main] ==================================================
[2026-06-21 12:56:30] [INFO] [main] Cycle 1 at 12:56:30
[2026-06-21 12:56:39] [INFO] [news_fetcher] Fetched 2 relevant news items
[2026-06-21 12:56:39] [INFO] [main] Equity: 73516.00$ | News: 2
[2026-06-21 12:56:39] [DEBUG] [hybrid_market_client] Fetching indicators for EURUSD (method: QuantDinger)
[2026-06-21 12:56:40] [DEBUG] [market_client] Candles EURUSD 4H: 100 bars ✓
[2026-06-21 12:56:40] [DEBUG] [hybrid_market_client] ✓ Got real data from QuantDinger for EURUSD
[2026-06-21 12:56:40] [DEBUG] [hybrid_market_client] Fetching indicators for EURUSD (method: QuantDinger)
[2026-06-21 12:56:40] [DEBUG] [market_client] Candles EURUSD 4H: 100 bars ✓
[2026-06-21 12:56:40] [DEBUG] [hybrid_market_client] ✓ Got real data from QuantDinger for EURUSD
[2026-06-21 12:56:40] [DEBUG] [hybrid_market_client] Fetching indicators for EURUSD (method: QuantDinger)
[2026-06-21 12:56:40] [DEBUG] [market_client] Candles EURUSD 4H: 100 bars ✓
[2026-06-21 12:56:40] [DEBUG] [hybrid_market_client] ✓ Got real data from QuantDinger for EURUSD
[2026-06-21 12:56:40] [INFO] [market_snapshot_builder] [SNAPSHOT_BUILT] symbol=EURUSD tfs=H4,H1,M15
[2026-06-21 12:56:40] [DEBUG] [hybrid_market_client] Fetching indicators for XAUUSD (method: QuantDinger)
[2026-06-21 12:56:40] [DEBUG] [market_client] Candles XAUUSD 4H: 100 bars ✓
[2026-06-21 12:56:40] [DEBUG] [hybrid_market_client] ✓ Got real data from QuantDinger for XAUUSD
[2026-06-21 12:56:40] [DEBUG] [hybrid_market_client] Fetching indicators for XAUUSD (method: QuantDinger)
[2026-06-21 12:56:40] [DEBUG] [market_client] Candles XAUUSD 4H: 100 bars ✓
[2026-06-21 12:56:40] [DEBUG] [hybrid_market_client] ✓ Got real data from QuantDinger for XAUUSD
[2026-06-21 12:56:40] [DEBUG] [hybrid_market_client] Fetching indicators for XAUUSD (method: QuantDinger)
[2026-06-21 12:56:40] [DEBUG] [market_client] Candles XAUUSD 4H: 100 bars ✓
[2026-06-21 12:56:40] [DEBUG] [hybrid_market_client] ✓ Got real data from QuantDinger for XAUUSD
[2026-06-21 12:56:40] [INFO] [market_snapshot_builder] [SNAPSHOT_BUILT] symbol=XAUUSD tfs=H4,H1,M15
[2026-06-21 12:56:40] [DEBUG] [hybrid_market_client] Fetching indicators for GBPUSD (method: QuantDinger)
[2026-06-21 12:56:41] [DEBUG] [market_client] Candles GBPUSD 4H: 100 bars ✓
[2026-06-21 12:56:41] [DEBUG] [hybrid_market_client] ✓ Got real data from QuantDinger for GBPUSD
[2026-06-21 12:56:41] [DEBUG] [hybrid_market_client] Fetching indicators for GBPUSD (method: QuantDinger)
[2026-06-21 12:56:41] [DEBUG] [market_client] Candles GBPUSD 4H: 100 bars ✓
[2026-06-21 12:56:41] [DEBUG] [hybrid_market_client] ✓ Got real data from QuantDinger for GBPUSD
[2026-06-21 12:56:41] [DEBUG] [hybrid_market_client] Fetching indicators for GBPUSD (method: QuantDinger)
[2026-06-21 12:56:41] [DEBUG] [market_client] Candles GBPUSD 4H: 100 bars ✓
[2026-06-21 12:56:41] [DEBUG] [hybrid_market_client] ✓ Got real data from QuantDinger for GBPUSD
[2026-06-21 12:56:41] [INFO] [market_snapshot_builder] [SNAPSHOT_BUILT] symbol=GBPUSD tfs=H4,H1,M15
[2026-06-21 12:56:41] [INFO] [main] --- EURUSD ---
[2026-06-21 12:56:41] [INFO] [main] EURUSD: no pair-specific news -> skipping DeepSeek analysis
[2026-06-21 12:56:41] [INFO] [main] --- XAUUSD ---
[2026-06-21 12:56:41] [INFO] [main] XAUUSD: no pair-specific news -> skipping DeepSeek analysis
[2026-06-21 12:56:41] [INFO] [main] --- GBPUSD ---
[2026-06-21 12:56:41] [INFO] [main] GBPUSD: no pair-specific news -> skipping DeepSeek analysis
[2026-06-21 12:56:41] [INFO] [main] Sleeping 1800s...
[2026-06-21 13:15:50] [INFO] [main] Trading Bot V3 starting...
[2026-06-21 13:15:50] [INFO] [database] V3 Database initialized with all tables
[2026-06-21 13:15:50] [INFO] [qd_client] Logged in to QuantDinger
[2026-06-21 13:15:51] [INFO] [qd_client] MT5 connected
[2026-06-21 13:15:51] [INFO] [main] MT5 connected
[2026-06-21 13:15:51] [INFO] [telegram_bot] Telegram polling started
[2026-06-21 13:15:51] [INFO] [telegram_bot] Telegram bot V3 started
[2026-06-21 13:15:51] [INFO] [mt5_watchdog] MT5 watchdog started (V1 reconnect logic)
[2026-06-21 13:15:51] [INFO] [reconciliation] Reconciliation loop started (every 60s)
[2026-06-21 13:15:51] [INFO] [reconciliation] Reconciliation thread started
[2026-06-21 13:15:51] [INFO] [main] ==================================================
[2026-06-21 13:15:51] [INFO] [main] Cycle 1 at 13:15:51
[2026-06-21 13:16:01] [INFO] [news_fetcher] Fetched 2 relevant news items
[2026-06-21 13:16:01] [INFO] [main] Equity: 73516.00$ | News: 2
[2026-06-21 13:16:01] [DEBUG] [hybrid_market_client] Fetching indicators for EURUSD (method: QuantDinger)
[2026-06-21 13:16:02] [DEBUG] [market_client] Candles EURUSD 4H: 100 bars ✓
[2026-06-21 13:16:02] [DEBUG] [hybrid_market_client] ✓ Got real data from QuantDinger for EURUSD
[2026-06-21 13:16:02] [DEBUG] [hybrid_market_client] Fetching indicators for EURUSD (method: QuantDinger)
[2026-06-21 13:16:02] [DEBUG] [market_client] Candles EURUSD 4H: 100 bars ✓
[2026-06-21 13:16:02] [DEBUG] [hybrid_market_client] ✓ Got real data from QuantDinger for EURUSD
[2026-06-21 13:16:02] [DEBUG] [hybrid_market_client] Fetching indicators for EURUSD (method: QuantDinger)
[2026-06-21 13:16:02] [DEBUG] [market_client] Candles EURUSD 4H: 100 bars ✓
[2026-06-21 13:16:02] [DEBUG] [hybrid_market_client] ✓ Got real data from QuantDinger for EURUSD
[2026-06-21 13:16:02] [INFO] [market_snapshot_builder] [SNAPSHOT_BUILT] symbol=EURUSD tfs=H4,H1,M15
[2026-06-21 13:16:02] [DEBUG] [hybrid_market_client] Fetching indicators for XAUUSD (method: QuantDinger)
[2026-06-21 13:16:02] [DEBUG] [market_client] Candles XAUUSD 4H: 100 bars ✓
[2026-06-21 13:16:02] [DEBUG] [hybrid_market_client] ✓ Got real data from QuantDinger for XAUUSD
[2026-06-21 13:16:02] [DEBUG] [hybrid_market_client] Fetching indicators for XAUUSD (method: QuantDinger)
[2026-06-21 13:16:02] [DEBUG] [market_client] Candles XAUUSD 4H: 100 bars ✓
[2026-06-21 13:16:02] [DEBUG] [hybrid_market_client] ✓ Got real data from QuantDinger for XAUUSD
[2026-06-21 13:16:02] [DEBUG] [hybrid_market_client] Fetching indicators for XAUUSD (method: QuantDinger)
[2026-06-21 13:16:02] [DEBUG] [market_client] Candles XAUUSD 4H: 100 bars ✓
[2026-06-21 13:16:02] [DEBUG] [hybrid_market_client] ✓ Got real data from QuantDinger for XAUUSD
[2026-06-21 13:16:02] [INFO] [market_snapshot_builder] [SNAPSHOT_BUILT] symbol=XAUUSD tfs=H4,H1,M15
[2026-06-21 13:16:02] [DEBUG] [hybrid_market_client] Fetching indicators for GBPUSD (method: QuantDinger)
[2026-06-21 13:16:03] [DEBUG] [market_client] Candles GBPUSD 4H: 100 bars ✓
[2026-06-21 13:16:03] [DEBUG] [hybrid_market_client] ✓ Got real data from QuantDinger for GBPUSD
[2026-06-21 13:16:03] [DEBUG] [hybrid_market_client] Fetching indicators for GBPUSD (method: QuantDinger)
[2026-06-21 13:16:03] [DEBUG] [market_client] Candles GBPUSD 4H: 100 bars ✓
[2026-06-21 13:16:03] [DEBUG] [hybrid_market_client] ✓ Got real data from QuantDinger for GBPUSD
[2026-06-21 13:16:03] [DEBUG] [hybrid_market_client] Fetching indicators for GBPUSD (method: QuantDinger)
[2026-06-21 13:16:03] [DEBUG] [market_client] Candles GBPUSD 4H: 100 bars ✓
[2026-06-21 13:16:03] [DEBUG] [hybrid_market_client] ✓ Got real data from QuantDinger for GBPUSD
[2026-06-21 13:16:03] [INFO] [market_snapshot_builder] [SNAPSHOT_BUILT] symbol=GBPUSD tfs=H4,H1,M15
[2026-06-21 13:16:03] [INFO] [main] --- EURUSD ---
[2026-06-21 13:16:03] [INFO] [main] EURUSD: no pair-specific news -> skipping DeepSeek analysis
[2026-06-21 13:16:03] [INFO] [main] --- XAUUSD ---
[2026-06-21 13:16:03] [INFO] [main] XAUUSD: no pair-specific news -> skipping DeepSeek analysis
[2026-06-21 13:16:03] [INFO] [main] --- GBPUSD ---
[2026-06-21 13:16:03] [INFO] [main] GBPUSD: no pair-specific news -> skipping DeepSeek analysis
[2026-06-21 13:16:03] [INFO] [main] Sleeping 1800s...
[2026-06-21 13:19:53] [INFO] [main] Trading Bot V3 starting...
[2026-06-21 13:19:53] [INFO] [database] V3 Database initialized with all tables
[2026-06-21 13:19:53] [INFO] [qd_client] Logged in to QuantDinger
[2026-06-21 13:19:53] [INFO] [qd_client] MT5 connected
[2026-06-21 13:19:53] [INFO] [main] MT5 connected
[2026-06-21 13:19:53] [INFO] [telegram_bot] Telegram polling started
[2026-06-21 13:19:53] [INFO] [telegram_bot] Telegram bot V3 started
[2026-06-21 13:19:53] [INFO] [mt5_watchdog] MT5 watchdog started (V1 reconnect logic)
[2026-06-21 13:19:53] [INFO] [reconciliation] Reconciliation loop started (every 60s)
[2026-06-21 13:19:53] [INFO] [reconciliation] Reconciliation thread started
[2026-06-21 13:19:54] [INFO] [main] ==================================================
[2026-06-21 13:19:54] [INFO] [main] Cycle 1 at 13:19:54
[2026-06-21 13:20:04] [INFO] [news_fetcher] Fetched 2 relevant news items
[2026-06-21 13:20:04] [INFO] [main] Equity: 73516.00$ | News: 2
[2026-06-21 13:20:04] [DEBUG] [hybrid_market_client] Fetching indicators for EURUSD (method: QuantDinger)
[2026-06-21 13:20:04] [DEBUG] [market_client] Candles EURUSD 4H: 100 bars ✓
[2026-06-21 13:20:04] [DEBUG] [hybrid_market_client] ✓ Got real data from QuantDinger for EURUSD
[2026-06-21 13:20:04] [DEBUG] [hybrid_market_client] Fetching indicators for EURUSD (method: QuantDinger)
[2026-06-21 13:20:04] [DEBUG] [market_client] Candles EURUSD 4H: 100 bars ✓
[2026-06-21 13:20:04] [DEBUG] [hybrid_market_client] ✓ Got real data from QuantDinger for EURUSD
[2026-06-21 13:20:04] [DEBUG] [hybrid_market_client] Fetching indicators for EURUSD (method: QuantDinger)
[2026-06-21 13:20:04] [DEBUG] [market_client] Candles EURUSD 4H: 100 bars ✓
[2026-06-21 13:20:04] [DEBUG] [hybrid_market_client] ✓ Got real data from QuantDinger for EURUSD
[2026-06-21 13:20:04] [INFO] [market_snapshot_builder] [SNAPSHOT_BUILT] symbol=EURUSD tfs=H4,H1,M15
[2026-06-21 13:20:04] [DEBUG] [hybrid_market_client] Fetching indicators for XAUUSD (method: QuantDinger)
[2026-06-21 13:20:04] [DEBUG] [market_client] Candles XAUUSD 4H: 100 bars ✓
[2026-06-21 13:20:04] [DEBUG] [hybrid_market_client] ✓ Got real data from QuantDinger for XAUUSD
[2026-06-21 13:20:04] [DEBUG] [hybrid_market_client] Fetching indicators for XAUUSD (method: QuantDinger)
[2026-06-21 13:20:04] [DEBUG] [market_client] Candles XAUUSD 4H: 100 bars ✓
[2026-06-21 13:20:04] [DEBUG] [hybrid_market_client] ✓ Got real data from QuantDinger for XAUUSD
[2026-06-21 13:20:04] [DEBUG] [hybrid_market_client] Fetching indicators for XAUUSD (method: QuantDinger)
[2026-06-21 13:20:04] [DEBUG] [market_client] Candles XAUUSD 4H: 100 bars ✓
[2026-06-21 13:20:04] [DEBUG] [hybrid_market_client] ✓ Got real data from QuantDinger for XAUUSD
[2026-06-21 13:20:04] [INFO] [market_snapshot_builder] [SNAPSHOT_BUILT] symbol=XAUUSD tfs=H4,H1,M15
[2026-06-21 13:20:04] [DEBUG] [hybrid_market_client] Fetching indicators for GBPUSD (method: QuantDinger)
[2026-06-21 13:20:04] [DEBUG] [market_client] Candles GBPUSD 4H: 100 bars ✓
[2026-06-21 13:20:04] [DEBUG] [hybrid_market_client] ✓ Got real data from QuantDinger for GBPUSD
[2026-06-21 13:20:04] [DEBUG] [hybrid_market_client] Fetching indicators for GBPUSD (method: QuantDinger)
[2026-06-21 13:20:04] [DEBUG] [market_client] Candles GBPUSD 4H: 100 bars ✓
[2026-06-21 13:20:04] [DEBUG] [hybrid_market_client] ✓ Got real data from QuantDinger for GBPUSD
[2026-06-21 13:20:04] [DEBUG] [hybrid_market_client] Fetching indicators for GBPUSD (method: QuantDinger)
[2026-06-21 13:20:04] [DEBUG] [market_client] Candles GBPUSD 4H: 100 bars ✓
[2026-06-21 13:20:04] [DEBUG] [hybrid_market_client] ✓ Got real data from QuantDinger for GBPUSD
[2026-06-21 13:20:04] [INFO] [market_snapshot_builder] [SNAPSHOT_BUILT] symbol=GBPUSD tfs=H4,H1,M15
[2026-06-21 13:20:04] [INFO] [main] --- EURUSD ---
[2026-06-21 13:20:04] [INFO] [main] EURUSD: no pair-specific news -> skipping DeepSeek analysis
[2026-06-21 13:20:04] [INFO] [main] --- XAUUSD ---
[2026-06-21 13:20:04] [INFO] [main] XAUUSD: no pair-specific news -> skipping DeepSeek analysis
[2026-06-21 13:20:04] [INFO] [main] --- GBPUSD ---
[2026-06-21 13:20:04] [INFO] [main] GBPUSD: no pair-specific news -> skipping DeepSeek analysis
[2026-06-21 13:20:04] [INFO] [main] Sleeping 1800s...
[2026-06-21 13:23:34] [INFO] [main] Trading Bot V3 starting...
[2026-06-21 13:23:35] [INFO] [database] V3 Database initialized with all tables
[2026-06-21 13:23:35] [INFO] [qd_client] Logged in to QuantDinger
[2026-06-21 13:23:35] [INFO] [qd_client] MT5 connected
[2026-06-21 13:23:35] [INFO] [main] MT5 connected
[2026-06-21 13:23:35] [INFO] [telegram_bot] Telegram polling started
[2026-06-21 13:23:35] [INFO] [telegram_bot] Telegram bot V3 started
[2026-06-21 13:23:35] [INFO] [mt5_watchdog] MT5 watchdog started (V1 reconnect logic)
[2026-06-21 13:23:35] [INFO] [reconciliation] Reconciliation loop started (every 60s)
[2026-06-21 13:23:35] [INFO] [reconciliation] Reconciliation thread started
[2026-06-21 13:23:36] [INFO] [main] ==================================================
[2026-06-21 13:23:36] [INFO] [main] Cycle 1 at 13:23:36
[2026-06-21 13:23:44] [INFO] [news_fetcher] Fetched 2 relevant news items
[2026-06-21 13:23:44] [INFO] [main] Equity: 73516.00$ | News: 2
[2026-06-21 13:23:44] [DEBUG] [hybrid_market_client] Fetching indicators for EURUSD (method: QuantDinger)
[2026-06-21 13:23:45] [DEBUG] [market_client] Candles EURUSD 4H: 100 bars ✓
[2026-06-21 13:23:45] [DEBUG] [hybrid_market_client] ✓ Got real data from QuantDinger for EURUSD
[2026-06-21 13:23:45] [DEBUG] [hybrid_market_client] Fetching indicators for EURUSD (method: QuantDinger)
[2026-06-21 13:23:45] [DEBUG] [market_client] Candles EURUSD 4H: 100 bars ✓
[2026-06-21 13:23:45] [DEBUG] [hybrid_market_client] ✓ Got real data from QuantDinger for EURUSD
[2026-06-21 13:23:45] [DEBUG] [hybrid_market_client] Fetching indicators for EURUSD (method: QuantDinger)
[2026-06-21 13:23:45] [DEBUG] [market_client] Candles EURUSD 4H: 100 bars ✓
[2026-06-21 13:23:45] [DEBUG] [hybrid_market_client] ✓ Got real data from QuantDinger for EURUSD
[2026-06-21 13:23:45] [INFO] [market_snapshot_builder] [SNAPSHOT_BUILT] symbol=EURUSD tfs=H4,H1,M15
[2026-06-21 13:23:45] [DEBUG] [hybrid_market_client] Fetching indicators for XAUUSD (method: QuantDinger)
[2026-06-21 13:23:45] [DEBUG] [market_client] Candles XAUUSD 4H: 100 bars ✓
[2026-06-21 13:23:45] [DEBUG] [hybrid_market_client] ✓ Got real data from QuantDinger for XAUUSD
[2026-06-21 13:23:45] [DEBUG] [hybrid_market_client] Fetching indicators for XAUUSD (method: QuantDinger)
[2026-06-21 13:23:45] [DEBUG] [market_client] Candles XAUUSD 4H: 100 bars ✓
[2026-06-21 13:23:45] [DEBUG] [hybrid_market_client] ✓ Got real data from QuantDinger for XAUUSD
[2026-06-21 13:23:45] [DEBUG] [hybrid_market_client] Fetching indicators for XAUUSD (method: QuantDinger)
[2026-06-21 13:23:45] [DEBUG] [market_client] Candles XAUUSD 4H: 100 bars ✓
[2026-06-21 13:23:45] [DEBUG] [hybrid_market_client] ✓ Got real data from QuantDinger for XAUUSD
[2026-06-21 13:23:45] [INFO] [market_snapshot_builder] [SNAPSHOT_BUILT] symbol=XAUUSD tfs=H4,H1,M15
[2026-06-21 13:23:45] [DEBUG] [hybrid_market_client] Fetching indicators for GBPUSD (method: QuantDinger)
[2026-06-21 13:23:46] [DEBUG] [market_client] Candles GBPUSD 4H: 100 bars ✓
[2026-06-21 13:23:46] [DEBUG] [hybrid_market_client] ✓ Got real data from QuantDinger for GBPUSD
[2026-06-21 13:23:46] [DEBUG] [hybrid_market_client] Fetching indicators for GBPUSD (method: QuantDinger)
[2026-06-21 13:23:46] [DEBUG] [market_client] Candles GBPUSD 4H: 100 bars ✓
[2026-06-21 13:23:46] [DEBUG] [hybrid_market_client] ✓ Got real data from QuantDinger for GBPUSD
[2026-06-21 13:23:46] [DEBUG] [hybrid_market_client] Fetching indicators for GBPUSD (method: QuantDinger)
[2026-06-21 13:23:46] [DEBUG] [market_client] Candles GBPUSD 4H: 100 bars ✓
[2026-06-21 13:23:46] [DEBUG] [hybrid_market_client] ✓ Got real data from QuantDinger for GBPUSD
[2026-06-21 13:23:46] [INFO] [market_snapshot_builder] [SNAPSHOT_BUILT] symbol=GBPUSD tfs=H4,H1,M15
[2026-06-21 13:23:46] [INFO] [main] --- EURUSD ---
[2026-06-21 13:23:46] [INFO] [main] EURUSD: no pair-specific news -> skipping DeepSeek analysis
[2026-06-21 13:23:46] [INFO] [main] --- XAUUSD ---
[2026-06-21 13:23:46] [INFO] [main] XAUUSD: no pair-specific news -> skipping DeepSeek analysis
[2026-06-21 13:23:46] [INFO] [main] --- GBPUSD ---
[2026-06-21 13:23:46] [INFO] [main] GBPUSD: no pair-specific news -> skipping DeepSeek analysis
[2026-06-21 13:23:46] [INFO] [main] Sleeping 1800s...
[2026-06-21 13:24:06] [INFO] [news_fetcher] Fetched 2 relevant news items
[2026-06-21 13:24:09] [INFO] [deepseek] AI analysis EURUSD: bias=neutral score=30.0 conf=0.40
[2026-06-21 13:24:12] [INFO] [deepseek] AI analysis XAUUSD: bias=neutral score=0 conf=0.00
[2026-06-21 13:24:14] [INFO] [deepseek] AI analysis GBPUSD: bias=neutral score=0 conf=0.00
[2026-06-21 22:45:12] [INFO] [main] Trading Bot V3 starting...
[2026-06-21 22:45:12] [INFO] [database] V3 Database initialized with all tables
[2026-06-21 22:45:13] [INFO] [qd_client] Logged in to QuantDinger
[2026-06-21 22:45:13] [INFO] [qd_client] MT5 connected
[2026-06-21 22:45:13] [INFO] [main] MT5 connected
[2026-06-21 22:45:13] [INFO] [telegram_bot] Telegram polling started
[2026-06-21 22:45:13] [INFO] [telegram_bot] Telegram bot V3 started
[2026-06-21 22:45:13] [INFO] [mt5_watchdog] MT5 watchdog started (V1 reconnect logic)
[2026-06-21 22:45:13] [INFO] [reconciliation] Reconciliation loop started (every 60s)
[2026-06-21 22:45:13] [INFO] [reconciliation] Reconciliation thread started
[2026-06-21 22:45:14] [INFO] [main] ==================================================
[2026-06-21 22:45:14] [INFO] [main] Cycle 1 at 22:45:14
[2026-06-21 22:45:23] [INFO] [news_fetcher] Fetched 5 relevant news items
[2026-06-21 22:45:23] [INFO] [main] Equity: 73516.00$ | News: 5
[2026-06-21 22:45:23] [DEBUG] [hybrid_market_client] Fetching indicators for EURUSD (method: QuantDinger)
[2026-06-21 22:45:24] [DEBUG] [market_client] Candles EURUSD 4H: 100 bars ✓
[2026-06-21 22:45:24] [DEBUG] [hybrid_market_client] ✓ Got real data from QuantDinger for EURUSD
[2026-06-21 22:45:24] [DEBUG] [hybrid_market_client] Fetching indicators for EURUSD (method: QuantDinger)
[2026-06-21 22:45:24] [DEBUG] [market_client] Candles EURUSD 4H: 100 bars ✓
[2026-06-21 22:45:24] [DEBUG] [hybrid_market_client] ✓ Got real data from QuantDinger for EURUSD
[2026-06-21 22:45:24] [DEBUG] [hybrid_market_client] Fetching indicators for EURUSD (method: QuantDinger)
[2026-06-21 22:45:24] [DEBUG] [market_client] Candles EURUSD 4H: 100 bars ✓
[2026-06-21 22:45:24] [DEBUG] [hybrid_market_client] ✓ Got real data from QuantDinger for EURUSD
[2026-06-21 22:45:24] [INFO] [market_snapshot_builder] [SNAPSHOT_BUILT] symbol=EURUSD tfs=H4,H1,M15
[2026-06-21 22:45:24] [DEBUG] [hybrid_market_client] Fetching indicators for XAUUSD (method: QuantDinger)
[2026-06-21 22:45:24] [DEBUG] [market_client] Candles XAUUSD 4H: 100 bars ✓
[2026-06-21 22:45:24] [DEBUG] [hybrid_market_client] ✓ Got real data from QuantDinger for XAUUSD
[2026-06-21 22:45:24] [DEBUG] [hybrid_market_client] Fetching indicators for XAUUSD (method: QuantDinger)
[2026-06-21 22:45:24] [DEBUG] [market_client] Candles XAUUSD 4H: 100 bars ✓
[2026-06-21 22:45:24] [DEBUG] [hybrid_market_client] ✓ Got real data from QuantDinger for XAUUSD
[2026-06-21 22:45:24] [DEBUG] [hybrid_market_client] Fetching indicators for XAUUSD (method: QuantDinger)
[2026-06-21 22:45:24] [DEBUG] [market_client] Candles XAUUSD 4H: 100 bars ✓
[2026-06-21 22:45:24] [DEBUG] [hybrid_market_client] ✓ Got real data from QuantDinger for XAUUSD
[2026-06-21 22:45:24] [INFO] [market_snapshot_builder] [SNAPSHOT_BUILT] symbol=XAUUSD tfs=H4,H1,M15
[2026-06-21 22:45:24] [DEBUG] [hybrid_market_client] Fetching indicators for GBPUSD (method: QuantDinger)
[2026-06-21 22:45:24] [DEBUG] [market_client] Candles GBPUSD 4H: 100 bars ✓
[2026-06-21 22:45:24] [DEBUG] [hybrid_market_client] ✓ Got real data from QuantDinger for GBPUSD
[2026-06-21 22:45:24] [DEBUG] [hybrid_market_client] Fetching indicators for GBPUSD (method: QuantDinger)
[2026-06-21 22:45:24] [DEBUG] [market_client] Candles GBPUSD 4H: 100 bars ✓
[2026-06-21 22:45:24] [DEBUG] [hybrid_market_client] ✓ Got real data from QuantDinger for GBPUSD
[2026-06-21 22:45:24] [DEBUG] [hybrid_market_client] Fetching indicators for GBPUSD (method: QuantDinger)
[2026-06-21 22:45:24] [DEBUG] [market_client] Candles GBPUSD 4H: 100 bars ✓
[2026-06-21 22:45:24] [DEBUG] [hybrid_market_client] ✓ Got real data from QuantDinger for GBPUSD
[2026-06-21 22:45:24] [INFO] [market_snapshot_builder] [SNAPSHOT_BUILT] symbol=GBPUSD tfs=H4,H1,M15
[2026-06-21 22:45:24] [INFO] [main] --- EURUSD ---
[2026-06-21 22:45:24] [INFO] [main] EURUSD: no pair-specific news -> skipping DeepSeek analysis
[2026-06-21 22:45:24] [INFO] [main] --- XAUUSD ---
[2026-06-21 22:45:28] [INFO] [deepseek] AI analysis XAUUSD: bias=neutral score=25.0 conf=0.30
[2026-06-21 22:45:28] [INFO] [signal_engine] [VERIFY] SIGNAL_INPUT bias=neutral score=25.0 confidence=0.3
[2026-06-21 22:45:28] [INFO] [signal_engine] [VERIFY] SIGNAL_RULE rule=confidence>=0.60 actual=0.3 result=False
[2026-06-21 22:45:28] [INFO] [signal_engine] [VERIFY] SIGNAL_RULE rule=score>=55 actual=25.0 result=False
[2026-06-21 22:45:28] [INFO] [signal_engine] [VERIFY] SIGNAL_RULE rule=bias in [bullish,bearish] actual=neutral result=False
[2026-06-21 22:45:28] [INFO] [signal_engine] [VERIFY] SIGNAL_FINAL direction=NEUTRAL score=25.0 confidence=0.3 valid=False
[2026-06-21 22:45:28] [INFO] [signal_engine] [VERIFY] SIGNAL_FAILURE_REASONS
[2026-06-21 22:45:28] [INFO] [signal_engine] * confidence below threshold
[2026-06-21 22:45:28] [INFO] [signal_engine] * score below threshold
[2026-06-21 22:45:28] [INFO] [signal_engine] * neutral bias
[2026-06-21 22:45:28] [INFO] [signal_engine] [VERIFY] SIGNAL_FAILURE_LOCATION file=F:\files (2)\google\botdd\trading_bot_v3\decision\signal_engine.py function=generate_signal
[2026-06-21 22:45:28] [DEBUG] [signal_engine] Signal: NEUTRAL score=25.0 conf=0.30 strength=ضعيف valid=False
[2026-06-21 22:45:28] [DEBUG] [mtf] MTF (snapshot) XAUUSD: H4=bearish H1=bullish M15=bullish aligned=True (weak)
[2026-06-21 22:45:28] [INFO] [main] [VERIFY][DATA_TRUTH] symbol=XAUUSD timeframe=H4/H1/M15 news_fetched=True indicators_fetched=True live_data=True cached=False
[2026-06-21 22:45:28] [DEBUG] [hybrid_market_client] Fetching indicators for XAUUSD (method: QuantDinger)
[2026-06-21 22:45:28] [DEBUG] [market_client] Candles XAUUSD 4H: 100 bars ✓
[2026-06-21 22:45:28] [DEBUG] [hybrid_market_client] ✓ Got real data from QuantDinger for XAUUSD
[2026-06-21 22:45:28] [DEBUG] [hybrid_market_client] Fetching indicators for XAUUSD (method: QuantDinger)
[2026-06-21 22:45:28] [DEBUG] [market_client] Using cached candles for XAUUSD 4H (age: 0s)
[2026-06-21 22:45:28] [DEBUG] [hybrid_market_client] ✓ Got real data from QuantDinger for XAUUSD
[2026-06-21 22:45:28] [INFO] [sltp] SL/TP XAUUSD: entry=4167.5 atr=46.51427 sl=4177.5 tp=4051.21434
[2026-06-21 22:45:28] [INFO] [position_sizing] Position size: 0.1 (equity=73516, risk=0.001, sl_dist=10.00000, score=32, cons_loss=0)
[2026-06-21 22:45:28] [INFO] [xgboost_v2] [VERIFY] XGBOOST MODEL LOADED path=models/xgb_model.json available=True
[2026-06-21 22:45:28] [INFO] [xgboost_v2] XGBoost v2 model loaded successfully
[2026-06-21 22:45:28] [DEBUG] [xgboost_v2] V2 predict: rsi=28.7 atr=46.51427 regime=TRENDING session=new_york dir=SELL -> p_win=0.327
[2026-06-21 22:45:28] [INFO] [xgboost_v2] [VERIFY] XGBOOST PREDICTION p_win=0.327 available=True
[2026-06-21 22:45:28] [INFO] [main] [VERIFY][DECISION_TRUTH] bias=neutral score=31.8 confidence=0.238 vote=SELL risk_passed=False sl_tp_calculated=True position_size=0.1 xgboost_p_win=0.3266633152961731 final_decision_valid=False reject_reason=p_win<threshold (p_win=0.327 threshold=0.6)
[2026-06-21 22:45:28] [INFO] [main] --- GBPUSD ---
[2026-06-21 22:45:28] [INFO] [main] GBPUSD: no pair-specific news -> skipping DeepSeek analysis
[2026-06-21 22:45:28] [INFO] [main] Sleeping 1800s...
[2026-06-21 23:15:28] [INFO] [main] ==================================================
[2026-06-21 23:15:28] [INFO] [main] Cycle 2 at 23:15:28
[2026-06-21 23:15:39] [INFO] [news_fetcher] Fetched 3 relevant news items
[2026-06-21 23:15:39] [INFO] [main] Equity: 73516.00$ | News: 3
[2026-06-21 23:15:39] [DEBUG] [hybrid_market_client] Fetching indicators for EURUSD (method: QuantDinger)
[2026-06-21 23:15:39] [DEBUG] [market_client] Candles EURUSD 4H: 100 bars ✓
[2026-06-21 23:15:39] [DEBUG] [hybrid_market_client] ✓ Got real data from QuantDinger for EURUSD
[2026-06-21 23:15:39] [DEBUG] [hybrid_market_client] Fetching indicators for EURUSD (method: QuantDinger)
[2026-06-21 23:15:39] [DEBUG] [market_client] Candles EURUSD 4H: 100 bars ✓
[2026-06-21 23:15:39] [DEBUG] [hybrid_market_client] ✓ Got real data from QuantDinger for EURUSD
[2026-06-21 23:15:39] [DEBUG] [hybrid_market_client] Fetching indicators for EURUSD (method: QuantDinger)
[2026-06-21 23:15:39] [DEBUG] [market_client] Candles EURUSD 4H: 100 bars ✓
[2026-06-21 23:15:39] [DEBUG] [hybrid_market_client] ✓ Got real data from QuantDinger for EURUSD
[2026-06-21 23:15:39] [INFO] [market_snapshot_builder] [SNAPSHOT_BUILT] symbol=EURUSD tfs=H4,H1,M15
[2026-06-21 23:15:39] [DEBUG] [hybrid_market_client] Fetching indicators for XAUUSD (method: QuantDinger)
[2026-06-21 23:15:39] [DEBUG] [market_client] Candles XAUUSD 4H: 100 bars ✓
[2026-06-21 23:15:39] [DEBUG] [hybrid_market_client] ✓ Got real data from QuantDinger for XAUUSD
[2026-06-21 23:15:39] [DEBUG] [hybrid_market_client] Fetching indicators for XAUUSD (method: QuantDinger)
[2026-06-21 23:15:39] [DEBUG] [market_client] Candles XAUUSD 4H: 100 bars ✓
[2026-06-21 23:15:39] [DEBUG] [hybrid_market_client] ✓ Got real data from QuantDinger for XAUUSD
[2026-06-21 23:15:39] [DEBUG] [hybrid_market_client] Fetching indicators for XAUUSD (method: QuantDinger)
[2026-06-21 23:15:40] [DEBUG] [market_client] Candles XAUUSD 4H: 100 bars ✓
[2026-06-21 23:15:40] [DEBUG] [hybrid_market_client] ✓ Got real data from QuantDinger for XAUUSD
[2026-06-21 23:15:40] [INFO] [market_snapshot_builder] [SNAPSHOT_BUILT] symbol=XAUUSD tfs=H4,H1,M15
[2026-06-21 23:15:40] [DEBUG] [hybrid_market_client] Fetching indicators for GBPUSD (method: QuantDinger)
[2026-06-21 23:15:40] [DEBUG] [market_client] Candles GBPUSD 4H: 100 bars ✓
[2026-06-21 23:15:40] [DEBUG] [hybrid_market_client] ✓ Got real data from QuantDinger for GBPUSD
[2026-06-21 23:15:40] [DEBUG] [hybrid_market_client] Fetching indicators for GBPUSD (method: QuantDinger)
[2026-06-21 23:15:40] [DEBUG] [market_client] Candles GBPUSD 4H: 100 bars ✓
[2026-06-21 23:15:40] [DEBUG] [hybrid_market_client] ✓ Got real data from QuantDinger for GBPUSD
[2026-06-21 23:15:40] [DEBUG] [hybrid_market_client] Fetching indicators for GBPUSD (method: QuantDinger)
[2026-06-21 23:15:40] [DEBUG] [market_client] Candles GBPUSD 4H: 100 bars ✓
[2026-06-21 23:15:40] [DEBUG] [hybrid_market_client] ✓ Got real data from QuantDinger for GBPUSD
[2026-06-21 23:15:40] [INFO] [market_snapshot_builder] [SNAPSHOT_BUILT] symbol=GBPUSD tfs=H4,H1,M15
[2026-06-21 23:15:40] [INFO] [main] --- EURUSD ---
[2026-06-21 23:15:40] [INFO] [main] EURUSD: no pair-specific news -> skipping DeepSeek analysis
[2026-06-21 23:15:40] [INFO] [main] --- XAUUSD ---
[2026-06-21 23:15:40] [INFO] [main] XAUUSD: no pair-specific news -> skipping DeepSeek analysis
[2026-06-21 23:15:40] [INFO] [main] --- GBPUSD ---
[2026-06-21 23:15:40] [INFO] [main] GBPUSD: no pair-specific news -> skipping DeepSeek analysis
[2026-06-21 23:15:40] [INFO] [main] Sleeping 1800s...
[2026-06-21 23:45:15] [INFO] [qd_client] Logged in to QuantDinger
[2026-06-21 23:45:15] [INFO] [qd_client] Logged in to QuantDinger
[2026-06-21 23:45:40] [INFO] [main] ==================================================
[2026-06-21 23:45:40] [INFO] [main] Cycle 3 at 23:45:40
[2026-06-21 23:45:51] [INFO] [news_fetcher] Fetched 4 relevant news items
[2026-06-21 23:45:51] [INFO] [main] Equity: 73516.00$ | News: 4
[2026-06-21 23:45:51] [DEBUG] [hybrid_market_client] Fetching indicators for EURUSD (method: QuantDinger)
[2026-06-21 23:45:51] [DEBUG] [market_client] Candles EURUSD 4H: 100 bars ✓
[2026-06-21 23:45:51] [DEBUG] [hybrid_market_client] ✓ Got real data from QuantDinger for EURUSD
[2026-06-21 23:45:51] [DEBUG] [hybrid_market_client] Fetching indicators for EURUSD (method: QuantDinger)
[2026-06-21 23:45:51] [DEBUG] [market_client] Candles EURUSD 4H: 100 bars ✓
[2026-06-21 23:45:51] [DEBUG] [hybrid_market_client] ✓ Got real data from QuantDinger for EURUSD
[2026-06-21 23:45:51] [DEBUG] [hybrid_market_client] Fetching indicators for EURUSD (method: QuantDinger)
[2026-06-21 23:45:51] [DEBUG] [market_client] Candles EURUSD 4H: 100 bars ✓
[2026-06-21 23:45:51] [DEBUG] [hybrid_market_client] ✓ Got real data from QuantDinger for EURUSD
[2026-06-21 23:45:51] [INFO] [market_snapshot_builder] [SNAPSHOT_BUILT] symbol=EURUSD tfs=H4,H1,M15
[2026-06-21 23:45:51] [DEBUG] [hybrid_market_client] Fetching indicators for XAUUSD (method: QuantDinger)
[2026-06-21 23:45:52] [DEBUG] [market_client] Candles XAUUSD 4H: 100 bars ✓
[2026-06-21 23:45:52] [DEBUG] [hybrid_market_client] ✓ Got real data from QuantDinger for XAUUSD
[2026-06-21 23:45:52] [DEBUG] [hybrid_market_client] Fetching indicators for XAUUSD (method: QuantDinger)
[2026-06-21 23:45:52] [DEBUG] [market_client] Candles XAUUSD 4H: 100 bars ✓
[2026-06-21 23:45:52] [DEBUG] [hybrid_market_client] ✓ Got real data from QuantDinger for XAUUSD
[2026-06-21 23:45:52] [DEBUG] [hybrid_market_client] Fetching indicators for XAUUSD (method: QuantDinger)
[2026-06-21 23:45:52] [DEBUG] [market_client] Candles XAUUSD 4H: 100 bars ✓
[2026-06-21 23:45:52] [DEBUG] [hybrid_market_client] ✓ Got real data from QuantDinger for XAUUSD
[2026-06-21 23:45:52] [INFO] [market_snapshot_builder] [SNAPSHOT_BUILT] symbol=XAUUSD tfs=H4,H1,M15
[2026-06-21 23:45:52] [DEBUG] [hybrid_market_client] Fetching indicators for GBPUSD (method: QuantDinger)
[2026-06-21 23:45:52] [DEBUG] [market_client] Candles GBPUSD 4H: 100 bars ✓
[2026-06-21 23:45:52] [DEBUG] [hybrid_market_client] ✓ Got real data from QuantDinger for GBPUSD
[2026-06-21 23:45:52] [DEBUG] [hybrid_market_client] Fetching indicators for GBPUSD (method: QuantDinger)
[2026-06-21 23:45:52] [DEBUG] [market_client] Candles GBPUSD 4H: 100 bars ✓
[2026-06-21 23:45:52] [DEBUG] [hybrid_market_client] ✓ Got real data from QuantDinger for GBPUSD
[2026-06-21 23:45:52] [DEBUG] [hybrid_market_client] Fetching indicators for GBPUSD (method: QuantDinger)
[2026-06-21 23:45:52] [DEBUG] [market_client] Candles GBPUSD 4H: 100 bars ✓
[2026-06-21 23:45:52] [DEBUG] [hybrid_market_client] ✓ Got real data from QuantDinger for GBPUSD
[2026-06-21 23:45:52] [INFO] [market_snapshot_builder] [SNAPSHOT_BUILT] symbol=GBPUSD tfs=H4,H1,M15
[2026-06-21 23:45:52] [INFO] [main] --- EURUSD ---
[2026-06-21 23:45:52] [INFO] [main] EURUSD: no pair-specific news -> skipping DeepSeek analysis
[2026-06-21 23:45:52] [INFO] [main] --- XAUUSD ---
[2026-06-21 23:45:52] [INFO] [main] XAUUSD: no pair-specific news -> skipping DeepSeek analysis
[2026-06-21 23:45:52] [INFO] [main] --- GBPUSD ---
[2026-06-21 23:45:52] [INFO] [main] GBPUSD: no pair-specific news -> skipping DeepSeek analysis
[2026-06-21 23:45:52] [INFO] [main] Sleeping 1800s...
[2026-06-22 00:15:52] [INFO] [main] ==================================================
[2026-06-22 00:15:52] [INFO] [main] Cycle 4 at 00:15:52
[2026-06-22 00:16:01] [INFO] [news_fetcher] Fetched 5 relevant news items
[2026-06-22 00:16:01] [INFO] [main] Equity: 73516.00$ | News: 5
[2026-06-22 00:16:01] [DEBUG] [hybrid_market_client] Fetching indicators for EURUSD (method: QuantDinger)
[2026-06-22 00:16:01] [DEBUG] [market_client] Candles EURUSD 4H: 100 bars ✓
[2026-06-22 00:16:01] [DEBUG] [hybrid_market_client] ✓ Got real data from QuantDinger for EURUSD
[2026-06-22 00:16:01] [DEBUG] [hybrid_market_client] Fetching indicators for EURUSD (method: QuantDinger)
[2026-06-22 00:16:01] [DEBUG] [market_client] Candles EURUSD 4H: 100 bars ✓
[2026-06-22 00:16:01] [DEBUG] [hybrid_market_client] ✓ Got real data from QuantDinger for EURUSD
[2026-06-22 00:16:01] [DEBUG] [hybrid_market_client] Fetching indicators for EURUSD (method: QuantDinger)
[2026-06-22 00:16:01] [DEBUG] [market_client] Candles EURUSD 4H: 100 bars ✓
[2026-06-22 00:16:01] [DEBUG] [hybrid_market_client] ✓ Got real data from QuantDinger for EURUSD
[2026-06-22 00:16:01] [INFO] [market_snapshot_builder] [SNAPSHOT_BUILT] symbol=EURUSD tfs=H4,H1,M15
[2026-06-22 00:16:01] [DEBUG] [hybrid_market_client] Fetching indicators for XAUUSD (method: QuantDinger)
[2026-06-22 00:16:02] [DEBUG] [market_client] Candles XAUUSD 4H: 99 bars ✓
[2026-06-22 00:16:02] [DEBUG] [hybrid_market_client] ✓ Got real data from QuantDinger for XAUUSD
[2026-06-22 00:16:02] [DEBUG] [hybrid_market_client] Fetching indicators for XAUUSD (method: QuantDinger)
[2026-06-22 00:16:02] [DEBUG] [market_client] Candles XAUUSD 4H: 99 bars ✓
[2026-06-22 00:16:02] [DEBUG] [hybrid_market_client] ✓ Got real data from QuantDinger for XAUUSD
[2026-06-22 00:16:02] [DEBUG] [hybrid_market_client] Fetching indicators for XAUUSD (method: QuantDinger)
[2026-06-22 00:16:02] [DEBUG] [market_client] Candles XAUUSD 4H: 99 bars ✓
[2026-06-22 00:16:02] [DEBUG] [hybrid_market_client] ✓ Got real data from QuantDinger for XAUUSD
[2026-06-22 00:16:02] [INFO] [market_snapshot_builder] [SNAPSHOT_BUILT] symbol=XAUUSD tfs=H4,H1,M15
[2026-06-22 00:16:02] [DEBUG] [hybrid_market_client] Fetching indicators for GBPUSD (method: QuantDinger)
[2026-06-22 00:16:02] [DEBUG] [market_client] Candles GBPUSD 4H: 100 bars ✓
[2026-06-22 00:16:02] [DEBUG] [hybrid_market_client] ✓ Got real data from QuantDinger for GBPUSD
[2026-06-22 00:16:02] [DEBUG] [hybrid_market_client] Fetching indicators for GBPUSD (method: QuantDinger)
[2026-06-22 00:16:02] [DEBUG] [market_client] Candles GBPUSD 4H: 100 bars ✓
[2026-06-22 00:16:02] [DEBUG] [hybrid_market_client] ✓ Got real data from QuantDinger for GBPUSD
[2026-06-22 00:16:02] [DEBUG] [hybrid_market_client] Fetching indicators for GBPUSD (method: QuantDinger)
[2026-06-22 00:16:02] [DEBUG] [market_client] Candles GBPUSD 4H: 100 bars ✓
[2026-06-22 00:16:02] [DEBUG] [hybrid_market_client] ✓ Got real data from QuantDinger for GBPUSD
[2026-06-22 00:16:02] [INFO] [market_snapshot_builder] [SNAPSHOT_BUILT] symbol=GBPUSD tfs=H4,H1,M15
[2026-06-22 00:16:02] [INFO] [main] --- EURUSD ---
[2026-06-22 00:16:02] [INFO] [main] EURUSD: no pair-specific news -> skipping DeepSeek analysis
[2026-06-22 00:16:02] [INFO] [main] --- XAUUSD ---
[2026-06-22 00:16:02] [INFO] [main] XAUUSD: no pair-specific news -> skipping DeepSeek analysis
[2026-06-22 00:16:02] [INFO] [main] --- GBPUSD ---
[2026-06-22 00:16:02] [INFO] [main] GBPUSD: no pair-specific news -> skipping DeepSeek analysis
[2026-06-22 00:16:02] [INFO] [main] Sleeping 1800s...
