[2026-08-04 12:43:42] [INFO] [main] Trading Bot V3 starting...
[2026-08-04 12:43:42] [INFO] [database] V3 Database initialized with all tables
[2026-08-04 12:43:42] [INFO] [qd_client] Logged in to QuantDinger
[2026-08-04 12:43:47] [WARNING] [main] MT5 connection failed at startup
[2026-08-04 12:43:47] [INFO] [main] [STARTUP_SAFETY] Starting startup safety check (run-once)
[2026-08-04 12:43:47] [WARNING] [main] [STARTUP_SAFETY] mt5.positions_get None diagnostic last_error=(1, 'Success')
[2026-08-04 12:43:47] [INFO] [main] [STARTUP_SAFETY] MT5 open positions count=0
[2026-08-04 12:43:47] [INFO] [main] [STARTUP_SAFETY] DB open trades count=1
[2026-08-04 12:43:47] [INFO] [main] [STARTUP_SAFETY] missing_in_db(MT5-only)=0 missing_in_mt5(DB-only)=1
[2026-08-04 12:43:47] [WARNING] [main] [STARTUP_SAFETY] DB-only orphan possible (not imported into MT5): order_id=9786144342 symbol=EURUSD direction=BUY (No deletion performed in startup safety check.)
[2026-08-04 12:43:47] [INFO] [main] [STARTUP_SAFETY] Synced open positions count=0
[2026-08-04 12:43:47] [INFO] [main] [STARTUP_SAFETY] Completed startup safety check successfully
[2026-08-04 12:43:47] [INFO] [telegram_bot] Telegram polling started
[2026-08-04 12:43:47] [INFO] [telegram_bot] Telegram bot V3 started
[2026-08-04 12:43:47] [INFO] [mt5_watchdog] MT5 watchdog started (V1 reconnect logic)
[2026-08-04 12:43:47] [INFO] [reconciliation] Reconciliation loop started (every 60s)
[2026-08-04 12:43:47] [INFO] [reconciliation] Reconciliation thread started (safety only)
[2026-08-04 12:43:47] [INFO] [post_entry_manager] PostEntryManager started
[2026-08-04 12:43:47] [WARNING] [reconciliation] Orphan trade in DB (no longer in QD): trade_id=88 order_id=9786144342
[2026-08-04 12:43:47] [INFO] [reconciliation] Ignoring orphan during bot warmup window: order_id=9786144342
[2026-08-04 12:43:50] [INFO] [main] ==================================================
[2026-08-04 12:43:50] [INFO] [main] Cycle 1 at 12:43:50
[2026-08-04 12:43:50] [WARNING] [main] MT5 disconnected, reconnecting...
[2026-08-04 12:43:50] [WARNING] [main] MT5 still disconnected
[2026-08-04 12:43:50] [INFO] [main] Sleeping 1800s...
[2026-08-04 12:44:48] [WARNING] [mt5_watchdog] MT5 disconnected! Attempt 1/3
[2026-08-04 12:44:48] [WARNING] [reconciliation] Orphan trade in DB (no longer in QD): trade_id=88 order_id=9786144342
[2026-08-04 12:44:48] [INFO] [reconciliation] Ignoring orphan during bot warmup window: order_id=9786144342
[2026-08-04 12:44:48] [INFO] [qd_client] Logged in to QuantDinger
[2026-08-04 12:44:48] [WARNING] [mt5_watchdog] MT5 reconnect attempt failed: {'success': False, 'error': 'Failed to connect to MT5. Check credentials and ensure terminal is running.'}
[2026-08-04 12:44:51] [INFO] [qd_client] Logged in to QuantDinger
[2026-08-04 12:44:51] [WARNING] [mt5_watchdog] MT5 reconnect attempt failed: {'success': False, 'error': 'Failed to connect to MT5. Check credentials and ensure terminal is running.'}
[2026-08-04 12:44:53] [INFO] [qd_client] Logged in to QuantDinger
[2026-08-04 12:44:53] [WARNING] [mt5_watchdog] MT5 reconnect attempt failed: {'success': False, 'error': 'Failed to connect to MT5. Check credentials and ensure terminal is running.'}
[2026-08-04 12:44:53] [ERROR] [mt5_watchdog] MT5 reconnect failed after 3 attempts (delay=2.0s)
[2026-08-04 12:45:48] [WARNING] [reconciliation] Orphan trade in DB (no longer in QD): trade_id=88 order_id=9786144342
[2026-08-04 12:45:48] [WARNING] [reconciliation] Orphan trade pending confirmation cycle 1/3: order_id=9786144342
[2026-08-04 12:45:48] [INFO] [reconciliation] Reconciliation: {'db_count': 1, 'qd_count': 0, 'fixes': 0, 'mismatches': ['DB orphan pending: trade_id 88 order_id 9786144342 cycle 1/3']}
[2026-08-04 12:47:13] [INFO] [main] Trading Bot V3 starting...
[2026-08-04 12:47:13] [INFO] [database] V3 Database initialized with all tables
[2026-08-04 12:47:17] [ERROR] [qd_client] Login attempt 1 failed: HTTPConnectionPool(host='localhost', port=5000): Max retries exceeded with url: /api/auth/login (Caused by NewConnectionError("HTTPConnection(host='localhost', port=5000): Failed to establish a new connection: [WinError 10061] No connection could be made because the target machine actively refused it"))
[2026-08-04 12:47:23] [INFO] [qd_client] Logged in to QuantDinger
[2026-08-04 12:47:23] [ERROR] [main] [STARTUP_SAFETY] mt5.initialize() failed last_error=(-6, 'Terminal: Authorization failed')
[2026-08-04 12:49:48] [INFO] [main] Trading Bot V3 starting...
[2026-08-04 12:49:48] [INFO] [database] V3 Database initialized with all tables
[2026-08-04 12:49:48] [INFO] [qd_client] Logged in to QuantDinger
[2026-08-04 12:49:50] [WARNING] [main] MT5 connection failed at startup
[2026-08-04 12:49:50] [INFO] [main] [STARTUP_SAFETY] Starting startup safety check (run-once)
[2026-08-04 12:49:50] [WARNING] [main] [STARTUP_SAFETY] mt5.positions_get None diagnostic last_error=(1, 'Success')
[2026-08-04 12:49:50] [INFO] [main] [STARTUP_SAFETY] MT5 open positions count=0
[2026-08-04 12:49:50] [INFO] [main] [STARTUP_SAFETY] DB open trades count=1
[2026-08-04 12:49:50] [INFO] [main] [STARTUP_SAFETY] missing_in_db(MT5-only)=0 missing_in_mt5(DB-only)=1
[2026-08-04 12:49:50] [WARNING] [main] [STARTUP_SAFETY] DB-only orphan possible (not imported into MT5): order_id=9786144342 symbol=EURUSD direction=BUY (No deletion performed in startup safety check.)
[2026-08-04 12:49:50] [INFO] [main] [STARTUP_SAFETY] Synced open positions count=0
[2026-08-04 12:49:50] [INFO] [main] [STARTUP_SAFETY] Completed startup safety check successfully
[2026-08-04 12:49:50] [INFO] [telegram_bot] Telegram polling started
[2026-08-04 12:49:50] [INFO] [telegram_bot] Telegram bot V3 started
[2026-08-04 12:49:50] [INFO] [mt5_watchdog] MT5 watchdog started (V1 reconnect logic)
[2026-08-04 12:49:50] [INFO] [reconciliation] Reconciliation loop started (every 60s)
[2026-08-04 12:49:50] [INFO] [reconciliation] Reconciliation thread started (safety only)
[2026-08-04 12:49:50] [INFO] [post_entry_manager] PostEntryManager started
[2026-08-04 12:49:50] [WARNING] [reconciliation] Orphan trade in DB (no longer in QD): trade_id=88 order_id=9786144342
[2026-08-04 12:49:50] [INFO] [reconciliation] Ignoring orphan during bot warmup window: order_id=9786144342
[2026-08-04 12:49:51] [INFO] [main] ==================================================
[2026-08-04 12:49:51] [INFO] [main] Cycle 1 at 12:49:51
[2026-08-04 12:49:51] [WARNING] [main] MT5 disconnected, reconnecting...
[2026-08-04 12:49:51] [WARNING] [main] MT5 still disconnected
[2026-08-04 12:49:51] [INFO] [main] Sleeping 1800s...
[2026-08-04 12:51:33] [INFO] [main] Trading Bot V3 starting...
[2026-08-04 12:51:33] [INFO] [database] V3 Database initialized with all tables
[2026-08-04 12:51:37] [ERROR] [qd_client] Login attempt 1 failed: HTTPConnectionPool(host='localhost', port=5000): Max retries exceeded with url: /api/auth/login (Caused by NewConnectionError("HTTPConnection(host='localhost', port=5000): Failed to establish a new connection: [WinError 10061] No connection could be made because the target machine actively refused it"))
[2026-08-04 12:51:42] [INFO] [qd_client] Logged in to QuantDinger
[2026-08-04 12:51:43] [ERROR] [main] [STARTUP_SAFETY] mt5.initialize() failed last_error=(-6, 'Terminal: Authorization failed')
[2026-08-04 12:53:22] [INFO] [main] Trading Bot V3 starting...
[2026-08-04 12:53:22] [INFO] [database] V3 Database initialized with all tables
[2026-08-04 12:53:26] [ERROR] [qd_client] Login attempt 1 failed: HTTPConnectionPool(host='localhost', port=5000): Max retries exceeded with url: /api/auth/login (Caused by NewConnectionError("HTTPConnection(host='localhost', port=5000): Failed to establish a new connection: [WinError 10061] No connection could be made because the target machine actively refused it"))
[2026-08-04 12:53:32] [INFO] [qd_client] Logged in to QuantDinger
[2026-08-04 12:53:32] [ERROR] [main] [STARTUP_SAFETY] mt5.initialize() failed last_error=(-6, 'Terminal: Authorization failed')
[2026-08-04 12:54:53] [INFO] [main] Trading Bot V3 starting...
[2026-08-04 12:54:53] [INFO] [database] V3 Database initialized with all tables
[2026-08-04 12:54:53] [INFO] [qd_client] Logged in to QuantDinger
[2026-08-04 12:54:53] [ERROR] [main] [STARTUP_SAFETY] mt5.initialize() failed last_error=(-6, 'Terminal: Authorization failed')
[2026-08-04 12:58:02] [INFO] [main] Trading Bot V3 starting...
[2026-08-04 12:58:02] [INFO] [database] V3 Database initialized with all tables
[2026-08-04 12:58:06] [ERROR] [qd_client] Login attempt 1 failed: HTTPConnectionPool(host='localhost', port=5000): Max retries exceeded with url: /api/auth/login (Caused by NewConnectionError("HTTPConnection(host='localhost', port=5000): Failed to establish a new connection: [WinError 10061] No connection could be made because the target machine actively refused it"))
[2026-08-04 12:58:11] [INFO] [qd_client] Logged in to QuantDinger
[2026-08-04 12:58:11] [ERROR] [main] [STARTUP_SAFETY] mt5.initialize() failed last_error=(-6, 'Terminal: Authorization failed')
[2026-08-04 12:59:07] [INFO] [main] Trading Bot V3 starting...
[2026-08-04 12:59:07] [INFO] [database] V3 Database initialized with all tables
[2026-08-04 12:59:11] [ERROR] [qd_client] Login attempt 1 failed: HTTPConnectionPool(host='localhost', port=5000): Max retries exceeded with url: /api/auth/login (Caused by NewConnectionError("HTTPConnection(host='localhost', port=5000): Failed to establish a new connection: [WinError 10061] No connection could be made because the target machine actively refused it"))
[2026-08-04 12:59:16] [INFO] [qd_client] Logged in to QuantDinger
[2026-08-04 12:59:17] [INFO] [qd_client] MT5 connected
[2026-08-04 12:59:17] [INFO] [main] MT5 connected
[2026-08-04 12:59:17] [INFO] [main] [STARTUP_SAFETY] Starting startup safety check (run-once)
[2026-08-04 12:59:17] [WARNING] [main] [STARTUP_SAFETY] mt5.positions_get None diagnostic last_error=(1, 'Success')
[2026-08-04 12:59:17] [INFO] [main] [STARTUP_SAFETY] MT5 open positions count=0
[2026-08-04 12:59:17] [INFO] [main] [STARTUP_SAFETY] DB open trades count=1
[2026-08-04 12:59:17] [INFO] [main] [STARTUP_SAFETY] missing_in_db(MT5-only)=0 missing_in_mt5(DB-only)=1
[2026-08-04 12:59:17] [WARNING] [main] [STARTUP_SAFETY] DB-only orphan possible (not imported into MT5): order_id=9786144342 symbol=EURUSD direction=BUY (No deletion performed in startup safety check.)
[2026-08-04 12:59:17] [INFO] [main] [STARTUP_SAFETY] Synced open positions count=0
[2026-08-04 12:59:17] [INFO] [main] [STARTUP_SAFETY] Completed startup safety check successfully
[2026-08-04 12:59:17] [INFO] [telegram_bot] Telegram polling started
[2026-08-04 12:59:17] [INFO] [telegram_bot] Telegram bot V3 started
[2026-08-04 12:59:17] [INFO] [mt5_watchdog] MT5 watchdog started (V1 reconnect logic)
[2026-08-04 12:59:17] [INFO] [reconciliation] Reconciliation loop started (every 60s)
[2026-08-04 12:59:17] [INFO] [reconciliation] Reconciliation thread started (safety only)
[2026-08-04 12:59:17] [INFO] [post_entry_manager] PostEntryManager started
[2026-08-04 12:59:17] [WARNING] [reconciliation] Orphan trade in DB (no longer in QD): trade_id=88 order_id=9786144342
[2026-08-04 12:59:17] [INFO] [reconciliation] Ignoring orphan during bot warmup window: order_id=9786144342
[2026-08-04 12:59:17] [INFO] [main] ==================================================
[2026-08-04 12:59:17] [INFO] [main] Cycle 1 at 12:59:17
[2026-08-04 12:59:17] [INFO] [main] [GUARD] Found 1 open trade(s) in database.
[2026-08-04 12:59:17] [INFO] [main] [GUARD] Open positions detected. Skipping all trading this cycle.
[2026-08-04 12:59:17] [INFO] [main] Sleeping 1800s...
[2026-08-04 13:00:17] [WARNING] [reconciliation] Orphan trade in DB (no longer in QD): trade_id=88 order_id=9786144342
[2026-08-04 13:00:17] [INFO] [reconciliation] Ignoring orphan during bot warmup window: order_id=9786144342
[2026-08-04 13:01:17] [WARNING] [reconciliation] Orphan trade in DB (no longer in QD): trade_id=88 order_id=9786144342
[2026-08-04 13:01:17] [WARNING] [reconciliation] Orphan trade pending confirmation cycle 1/3: order_id=9786144342
[2026-08-04 13:01:17] [INFO] [reconciliation] Reconciliation: {'db_count': 1, 'qd_count': 0, 'fixes': 0, 'mismatches': ['DB orphan pending: trade_id 88 order_id 9786144342 cycle 1/3']}
[2026-08-04 13:02:17] [WARNING] [reconciliation] Orphan trade in DB (no longer in QD): trade_id=88 order_id=9786144342
[2026-08-04 13:02:17] [WARNING] [reconciliation] Orphan trade pending confirmation cycle 2/3: order_id=9786144342
[2026-08-04 13:02:17] [INFO] [reconciliation] Reconciliation: {'db_count': 1, 'qd_count': 0, 'fixes': 0, 'mismatches': ['DB orphan pending: trade_id 88 order_id 9786144342 cycle 2/3']}
[2026-08-04 13:03:17] [WARNING] [reconciliation] Orphan trade in DB (no longer in QD): trade_id=88 order_id=9786144342
[2026-08-04 13:03:17] [WARNING] [reconciliation] [RECONCILE] Orphan confirmed after 3 cycles; closing DB: order_id=9786144342
[2026-08-04 13:03:17] [INFO] [reconciliation] Reconciliation: {'db_count': 1, 'qd_count': 0, 'fixes': 1, 'mismatches': ['DB orphan closed after confirmation: trade_id 88 order_id 9786144342']}
[2026-08-04 13:13:05] [INFO] [main] Trading Bot V3 starting...
[2026-08-04 13:13:05] [INFO] [database] V3 Database initialized with all tables
[2026-08-04 13:13:06] [INFO] [qd_client] Logged in to QuantDinger
[2026-08-04 13:13:06] [INFO] [qd_client] MT5 connected
[2026-08-04 13:13:06] [INFO] [main] MT5 connected
[2026-08-04 13:13:06] [INFO] [main] [STARTUP_SAFETY] Starting startup safety check (run-once)
[2026-08-04 13:13:06] [WARNING] [main] [STARTUP_SAFETY] mt5.positions_get None diagnostic last_error=(1, 'Success')
[2026-08-04 13:13:06] [INFO] [main] [STARTUP_SAFETY] MT5 open positions count=0
[2026-08-04 13:13:06] [INFO] [main] [STARTUP_SAFETY] DB open trades count=0
[2026-08-04 13:13:06] [INFO] [main] [STARTUP_SAFETY] missing_in_db(MT5-only)=0 missing_in_mt5(DB-only)=0
[2026-08-04 13:13:06] [INFO] [main] [STARTUP_SAFETY] Synced open positions count=0
[2026-08-04 13:13:06] [INFO] [main] [STARTUP_SAFETY] Completed startup safety check successfully
[2026-08-04 13:13:06] [INFO] [telegram_bot] Telegram polling started
[2026-08-04 13:13:06] [INFO] [telegram_bot] Telegram bot V3 started
[2026-08-04 13:13:06] [INFO] [mt5_watchdog] MT5 watchdog started (V1 reconnect logic)
[2026-08-04 13:13:06] [INFO] [reconciliation] Reconciliation loop started (every 60s)
[2026-08-04 13:13:06] [INFO] [reconciliation] Reconciliation thread started (safety only)
[2026-08-04 13:13:06] [INFO] [post_entry_manager] PostEntryManager started
[2026-08-04 13:13:07] [INFO] [main] ==================================================
[2026-08-04 13:13:07] [INFO] [main] Cycle 1 at 13:13:07
[2026-08-04 13:13:16] [INFO] [news_fetcher] Fetched 21 relevant news items
[2026-08-04 13:13:16] [INFO] [main] Equity: 100.00$ | News: 21
[2026-08-04 13:13:16] [DEBUG] [hybrid_market_client] Fetching indicators for EURUSD (QuantDinger only)
[2026-08-04 13:13:16] [DEBUG] [market_client] DEBUG: Requesting EURUSD H4 as '4H'
[2026-08-04 13:13:20] [DEBUG] [market_client] Candles EURUSD 4H: 100 bars ✓
[2026-08-04 13:13:20] [DEBUG] [hybrid_market_client] ✓ Got live data from QuantDinger for EURUSD
[2026-08-04 13:13:20] [DEBUG] [hybrid_market_client] Fetching indicators for EURUSD (QuantDinger only)
[2026-08-04 13:13:20] [DEBUG] [market_client] DEBUG: Requesting EURUSD H1 as '1H'
[2026-08-04 13:13:20] [DEBUG] [market_client] Candles EURUSD 1H: 100 bars ✓
[2026-08-04 13:13:20] [DEBUG] [hybrid_market_client] ✓ Got live data from QuantDinger for EURUSD
[2026-08-04 13:13:20] [DEBUG] [hybrid_market_client] Fetching indicators for EURUSD (QuantDinger only)
[2026-08-04 13:13:20] [DEBUG] [market_client] DEBUG: Requesting EURUSD M15 as '15m'
[2026-08-04 13:13:20] [DEBUG] [market_client] Candles EURUSD 15m: 100 bars ✓
[2026-08-04 13:13:20] [DEBUG] [hybrid_market_client] ✓ Got live data from QuantDinger for EURUSD
[2026-08-04 13:13:20] [INFO] [market_snapshot_builder] [SNAPSHOT_BUILT] symbol=EURUSD tfs=H4,H1,M15
[2026-08-04 13:13:20] [DEBUG] [hybrid_market_client] Fetching indicators for XAUUSD (QuantDinger only)
[2026-08-04 13:13:20] [DEBUG] [market_client] DEBUG: Requesting XAUUSD H4 as '4H'
[2026-08-04 13:13:21] [DEBUG] [market_client] Candles XAUUSD 4H: 100 bars ✓
[2026-08-04 13:13:21] [DEBUG] [hybrid_market_client] ✓ Got live data from QuantDinger for XAUUSD
[2026-08-04 13:13:21] [DEBUG] [hybrid_market_client] Fetching indicators for XAUUSD (QuantDinger only)
[2026-08-04 13:13:21] [DEBUG] [market_client] DEBUG: Requesting XAUUSD H1 as '1H'
[2026-08-04 13:13:21] [DEBUG] [market_client] Candles XAUUSD 1H: 92 bars ✓
[2026-08-04 13:13:21] [DEBUG] [hybrid_market_client] ✓ Got live data from QuantDinger for XAUUSD
[2026-08-04 13:13:21] [DEBUG] [hybrid_market_client] Fetching indicators for XAUUSD (QuantDinger only)
[2026-08-04 13:13:21] [DEBUG] [market_client] DEBUG: Requesting XAUUSD M15 as '15m'
[2026-08-04 13:13:21] [DEBUG] [market_client] Candles XAUUSD 15m: 100 bars ✓
[2026-08-04 13:13:21] [DEBUG] [hybrid_market_client] ✓ Got live data from QuantDinger for XAUUSD
[2026-08-04 13:13:21] [INFO] [market_snapshot_builder] [SNAPSHOT_BUILT] symbol=XAUUSD tfs=H4,H1,M15
[2026-08-04 13:13:21] [DEBUG] [hybrid_market_client] Fetching indicators for GBPUSD (QuantDinger only)
[2026-08-04 13:13:21] [DEBUG] [market_client] DEBUG: Requesting GBPUSD H4 as '4H'
[2026-08-04 13:13:22] [DEBUG] [market_client] Candles GBPUSD 4H: 100 bars ✓
[2026-08-04 13:13:22] [DEBUG] [hybrid_market_client] ✓ Got live data from QuantDinger for GBPUSD
[2026-08-04 13:13:22] [DEBUG] [hybrid_market_client] Fetching indicators for GBPUSD (QuantDinger only)
[2026-08-04 13:13:22] [DEBUG] [market_client] DEBUG: Requesting GBPUSD H1 as '1H'
[2026-08-04 13:13:22] [DEBUG] [market_client] Candles GBPUSD 1H: 100 bars ✓
[2026-08-04 13:13:22] [DEBUG] [hybrid_market_client] ✓ Got live data from QuantDinger for GBPUSD
[2026-08-04 13:13:22] [DEBUG] [hybrid_market_client] Fetching indicators for GBPUSD (QuantDinger only)
[2026-08-04 13:13:22] [DEBUG] [market_client] DEBUG: Requesting GBPUSD M15 as '15m'
[2026-08-04 13:13:22] [DEBUG] [market_client] Candles GBPUSD 15m: 100 bars ✓
[2026-08-04 13:13:22] [DEBUG] [hybrid_market_client] ✓ Got live data from QuantDinger for GBPUSD
[2026-08-04 13:13:22] [INFO] [market_snapshot_builder] [SNAPSHOT_BUILT] symbol=GBPUSD tfs=H4,H1,M15
[2026-08-04 13:13:22] [INFO] [main] --- EURUSD ---
[2026-08-04 13:13:26] [WARNING] [deepseek] DeepSeek truncated by max_tokens, finish_reason=length, content={"impact_score": 65, "bias": "bullish", "confidence": 0.6, "reason": "الأخبار تشير إلى ضعف الدولار والدعم الفني على الأطر القصيرة يع
[2026-08-04 13:13:26] [WARNING] [deepseek] Retry 1: JSON incomplete/truncated, raw={"impact_score": 65, "bias": "bullish", "confidence": 0.6, "reason": "الأخبار تشير إلى ضعف الدولار والدعم الفني على الأطر القصيرة يع
[2026-08-04 13:13:31] [INFO] [deepseek] DEEPSEEK OK: {"impact_score": 65, "bias": "bullish", "confidence": 0.62, "reason": "الأنباء تشير إلى ضعف الدولار ...
[2026-08-04 13:13:31] [INFO] [deepseek] AI EURUSD: bias=bullish impact=65.0 conf=0.62
[2026-08-04 13:13:31] [INFO] [signal_engine] [VERIFY] SIGNAL_INPUT bias=bullish score=65.0 confidence=0.62
[2026-08-04 13:13:31] [INFO] [signal_engine] [VERIFY] SIGNAL_RULE rule=confidence>=0.60 actual=0.62 result=True
[2026-08-04 13:13:31] [INFO] [signal_engine] [VERIFY] SIGNAL_RULE rule=score>=55 actual=65.0 result=True
[2026-08-04 13:13:31] [INFO] [signal_engine] [VERIFY] SIGNAL_RULE rule=bias in [bullish,bearish] actual=bullish result=True
[2026-08-04 13:13:31] [INFO] [signal_engine] [VERIFY] SIGNAL_FINAL direction=BUY score=65.0 confidence=0.62 valid=True
[2026-08-04 13:13:31] [DEBUG] [signal_engine] Signal: BUY score=65.0 conf=0.62 strength=متوسط valid=True
[2026-08-04 13:13:31] [INFO] [sentiment] Sentiment EURUSD: neutral score=50 bull=1 bear=1
[2026-08-04 13:13:31] [DEBUG] [mtf] MTF (snapshot) EURUSD: H4=bearish H1=neutral M15=bullish aligned=False (weak)
[2026-08-04 13:13:31] [INFO] [main] [VERIFY][DATA_TRUTH] symbol=EURUSD timeframe=H4/H1/M15 news_fetched=True indicators_fetched=True live_data=True cached=False
[2026-08-04 13:13:31] [INFO] [voting_engine] EURUSD: MTF weakly misaligned, reducing score 10%
[2026-08-04 13:13:31] [INFO] [risk_engine] Risk: Score too low (EURUSD NEUTRAL) - Score 0.0 < 45
[2026-08-04 13:13:31] [DEBUG] [hybrid_market_client] Fetching indicators for EURUSD (QuantDinger only)
[2026-08-04 13:13:31] [DEBUG] [market_client] DEBUG: Requesting EURUSD 4H as '4H'
[2026-08-04 13:13:31] [DEBUG] [market_client] Candles EURUSD 4H: 100 bars ✓
[2026-08-04 13:13:31] [DEBUG] [hybrid_market_client] ✓ Got live data from QuantDinger for EURUSD
[2026-08-04 13:13:31] [DEBUG] [hybrid_market_client] Fetching indicators for EURUSD (QuantDinger only)
[2026-08-04 13:13:31] [DEBUG] [market_client] Using cached candles for EURUSD 4H (age: 0s)
[2026-08-04 13:13:31] [DEBUG] [hybrid_market_client] ✓ Got live data from QuantDinger for EURUSD
[2026-08-04 13:13:31] [INFO] [sltp] SL/TP EURUSD: entry=1.151410460472107 atr=0.00205 sl=1.15448 tp=1.14629
[2026-08-04 13:13:31] [INFO] [position_sizing] Position size: 0.5 (equity=100, risk=0.000, sl_dist=0.00307, score=0, cons_loss=1)
[2026-08-04 13:13:31] [INFO] [xgboost_v2] [VERIFY] XGBOOST MODEL LOADED path=models/entry/entry_model.json available=True
[2026-08-04 13:13:31] [INFO] [xgboost_v2] XGBoost v2 model loaded successfully
[2026-08-04 13:13:31] [DEBUG] [xgboost_v2] V2 predict: rsi=54.2 atr=0.00205 regime=TRENDING session=london dir=NEUTRAL -> p_win=0.340
[2026-08-04 13:13:31] [INFO] [xgboost_v2] [VERIFY] XGBOOST PREDICTION p_win=0.340 available=True
[2026-08-04 13:13:31] [INFO] [main] [VERIFY][DECISION_TRUTH] bias=bullish score=0.0 confidence=0.286 vote=NEUTRAL risk_passed=False sl_tp_calculated=True position_size=0.5 xgboost_p_win=0.3398819863796234 final_decision_valid=False reject_reason=p_win<threshold (p_win=0.340 threshold=0.6)
[2026-08-04 13:13:31] [INFO] [main] --- XAUUSD ---
[2026-08-04 13:13:35] [WARNING] [deepseek] DeepSeek empty response: finish_reason=length, raw={"id":"2e6cf824-b565-4228-ad39-67708f793c04","object":"chat.completion","created":1785838412,"model":"deepseek-v4-flash","choices":[{"index":0,"message":{"role":"assistant","content":"","reasoning_content":"We need to produce JSON. Market context: XAUUSD current price 4105.3, RSI 43.15 (below 50, be
[2026-08-04 13:13:43] [INFO] [deepseek] DEEPSEEK OK: {"impact_score": 68, "bias": "bearish", "confidence": 0.72, "reason": "الاتجاه الهابط قوي على الأطر ...
[2026-08-04 13:13:43] [INFO] [deepseek] AI XAUUSD: bias=bearish impact=68.0 conf=0.72
[2026-08-04 13:13:43] [INFO] [signal_engine] [VERIFY] SIGNAL_INPUT bias=bearish score=68.0 confidence=0.72
[2026-08-04 13:13:43] [INFO] [signal_engine] [VERIFY] SIGNAL_RULE rule=confidence>=0.60 actual=0.72 result=True
[2026-08-04 13:13:43] [INFO] [signal_engine] [VERIFY] SIGNAL_RULE rule=score>=55 actual=68.0 result=True
[2026-08-04 13:13:43] [INFO] [signal_engine] [VERIFY] SIGNAL_RULE rule=bias in [bullish,bearish] actual=bearish result=True
[2026-08-04 13:13:43] [INFO] [signal_engine] [VERIFY] SIGNAL_FINAL direction=SELL score=68.0 confidence=0.72 valid=True
[2026-08-04 13:13:43] [DEBUG] [signal_engine] Signal: SELL score=68.0 conf=0.72 strength=متوسط valid=True
[2026-08-04 13:13:43] [DEBUG] [mtf] MTF (snapshot) XAUUSD: H4=bearish H1=neutral M15=bearish aligned=True (moderate)
[2026-08-04 13:13:43] [INFO] [main] [VERIFY][DATA_TRUTH] symbol=XAUUSD timeframe=H4/H1/M15 news_fetched=True indicators_fetched=True live_data=True cached=False
[2026-08-04 13:13:43] [DEBUG] [hybrid_market_client] Fetching indicators for XAUUSD (QuantDinger only)
[2026-08-04 13:13:43] [DEBUG] [market_client] DEBUG: Requesting XAUUSD 4H as '4H'
[2026-08-04 13:13:43] [DEBUG] [market_client] Candles XAUUSD 4H: 100 bars ✓
[2026-08-04 13:13:43] [DEBUG] [hybrid_market_client] ✓ Got live data from QuantDinger for XAUUSD
[2026-08-04 13:13:43] [DEBUG] [hybrid_market_client] Fetching indicators for XAUUSD (QuantDinger only)
[2026-08-04 13:13:43] [DEBUG] [market_client] Using cached candles for XAUUSD 4H (age: 0s)
[2026-08-04 13:13:43] [DEBUG] [hybrid_market_client] ✓ Got live data from QuantDinger for XAUUSD
[2026-08-04 13:13:43] [INFO] [sltp] SL/TP XAUUSD: entry=4105.2998046875 atr=24.22144 sl=4115.2998 tp=4044.74621
[2026-08-04 13:13:43] [INFO] [position_sizing] Position size: 0.01 (equity=100, risk=0.001, sl_dist=10.00000, score=76, cons_loss=1)
[2026-08-04 13:13:43] [DEBUG] [xgboost_v2] V2 predict: rsi=47.6 atr=24.22144 regime=TRENDING session=london dir=SELL -> p_win=0.332
[2026-08-04 13:13:43] [INFO] [xgboost_v2] [VERIFY] XGBOOST PREDICTION p_win=0.332 available=True
[2026-08-04 13:13:43] [INFO] [main] [VERIFY][DECISION_TRUTH] bias=bearish score=76.0 confidence=1.0 vote=SELL risk_passed=True sl_tp_calculated=True position_size=0.01 xgboost_p_win=0.3324432373046875 final_decision_valid=False reject_reason=p_win<threshold (p_win=0.332 threshold=0.6)
[2026-08-04 13:13:43] [INFO] [main] --- GBPUSD ---
[2026-08-04 13:13:46] [INFO] [deepseek] DEEPSEEK OK: {"impact_score": 65, "bias": "bullish", "confidence": 0.72, "reason": "الأخبار تشير إلى ضعف الدولار ...
[2026-08-04 13:13:46] [INFO] [deepseek] AI GBPUSD: bias=bullish impact=65.0 conf=0.72
[2026-08-04 13:13:46] [INFO] [signal_engine] [VERIFY] SIGNAL_INPUT bias=bullish score=65.0 confidence=0.72
[2026-08-04 13:13:46] [INFO] [signal_engine] [VERIFY] SIGNAL_RULE rule=confidence>=0.60 actual=0.72 result=True
[2026-08-04 13:13:46] [INFO] [signal_engine] [VERIFY] SIGNAL_RULE rule=score>=55 actual=65.0 result=True
[2026-08-04 13:13:46] [INFO] [signal_engine] [VERIFY] SIGNAL_RULE rule=bias in [bullish,bearish] actual=bullish result=True
[2026-08-04 13:13:46] [INFO] [signal_engine] [VERIFY] SIGNAL_FINAL direction=BUY score=65.0 confidence=0.72 valid=True
[2026-08-04 13:13:46] [DEBUG] [signal_engine] Signal: BUY score=65.0 conf=0.72 strength=متوسط valid=True
[2026-08-04 13:13:46] [INFO] [sentiment] Sentiment GBPUSD: neutral score=50 bull=1 bear=1
[2026-08-04 13:13:46] [DEBUG] [mtf] MTF (snapshot) GBPUSD: H4=bullish H1=bullish M15=bearish aligned=True (moderate)
[2026-08-04 13:13:46] [INFO] [main] [VERIFY][DATA_TRUTH] symbol=GBPUSD timeframe=H4/H1/M15 news_fetched=True indicators_fetched=True live_data=True cached=False
[2026-08-04 13:13:46] [DEBUG] [hybrid_market_client] Fetching indicators for GBPUSD (QuantDinger only)
[2026-08-04 13:13:46] [DEBUG] [market_client] DEBUG: Requesting GBPUSD 4H as '4H'
[2026-08-04 13:13:46] [DEBUG] [market_client] Candles GBPUSD 4H: 100 bars ✓
[2026-08-04 13:13:46] [DEBUG] [hybrid_market_client] ✓ Got live data from QuantDinger for GBPUSD
[2026-08-04 13:13:46] [DEBUG] [hybrid_market_client] Fetching indicators for GBPUSD (QuantDinger only)
[2026-08-04 13:13:46] [DEBUG] [market_client] Using cached candles for GBPUSD 4H (age: 0s)
[2026-08-04 13:13:46] [DEBUG] [hybrid_market_client] ✓ Got live data from QuantDinger for GBPUSD
[2026-08-04 13:13:46] [INFO] [sltp] SL/TP GBPUSD: entry=1.3444112539291382 atr=0.00242 sl=1.34079 tp=1.35045
[2026-08-04 13:13:46] [INFO] [position_sizing] Position size: 0.5 (equity=100, risk=0.001, sl_dist=0.00362, score=80, cons_loss=1)
[2026-08-04 13:13:46] [DEBUG] [xgboost_v2] V2 predict: rsi=63.4 atr=0.00242 regime=TRENDING session=london dir=BUY -> p_win=0.504
[2026-08-04 13:13:46] [INFO] [xgboost_v2] [VERIFY] XGBOOST PREDICTION p_win=0.504 available=True
[2026-08-04 13:13:46] [INFO] [main] [VERIFY][DECISION_TRUTH] bias=bullish score=80.0 confidence=1.0 vote=BUY risk_passed=True sl_tp_calculated=True position_size=0.5 xgboost_p_win=0.5036211013793945 final_decision_valid=False reject_reason=p_win<threshold (p_win=0.504 threshold=0.6)
[2026-08-04 13:13:46] [INFO] [adaptive_weights] EURUSD weights updated: {'ai': 0.239, 'trend': 0.239, 'momentum': 0.239, 'sentiment': 0.239, 'volatility': 0.043} | WR=10.0% PF=2.07
[2026-08-04 13:13:46] [INFO] [adaptive_weights] GBPUSD weights updated: {'ai': 0.239, 'trend': 0.239, 'momentum': 0.239, 'sentiment': 0.239, 'volatility': 0.043} | WR=13.0% PF=8.53
[2026-08-04 13:13:46] [INFO] [adaptive_weights] 🏆 أفضل زوج: GBPUSD | WR=13.0% | PnL=144.6$
[2026-08-04 13:13:46] [INFO] [adaptive_weights] ⚠️ أسوأ زوج: XAUUSD | WR=0.0% | PnL=-16.8$
[2026-08-04 13:13:46] [INFO] [main] Sleeping 1800s...
[2026-08-04 13:43:46] [INFO] [main] ==================================================
[2026-08-04 13:43:46] [INFO] [main] Cycle 2 at 13:43:46
[2026-08-04 13:43:55] [INFO] [news_fetcher] Fetched 21 relevant news items
[2026-08-04 13:43:55] [INFO] [main] Equity: 100.00$ | News: 21
[2026-08-04 13:43:55] [DEBUG] [hybrid_market_client] Fetching indicators for EURUSD (QuantDinger only)
[2026-08-04 13:43:55] [DEBUG] [market_client] DEBUG: Requesting EURUSD H4 as '4H'
[2026-08-04 13:43:55] [DEBUG] [market_client] Candles EURUSD 4H: 100 bars ✓
[2026-08-04 13:43:55] [DEBUG] [hybrid_market_client] ✓ Got live data from QuantDinger for EURUSD
[2026-08-04 13:43:55] [DEBUG] [hybrid_market_client] Fetching indicators for EURUSD (QuantDinger only)
[2026-08-04 13:43:55] [DEBUG] [market_client] DEBUG: Requesting EURUSD H1 as '1H'
[2026-08-04 13:43:56] [DEBUG] [market_client] Candles EURUSD 1H: 100 bars ✓
[2026-08-04 13:43:56] [DEBUG] [hybrid_market_client] ✓ Got live data from QuantDinger for EURUSD
[2026-08-04 13:43:56] [DEBUG] [hybrid_market_client] Fetching indicators for EURUSD (QuantDinger only)
[2026-08-04 13:43:56] [DEBUG] [market_client] DEBUG: Requesting EURUSD M15 as '15m'
[2026-08-04 13:43:56] [DEBUG] [market_client] Candles EURUSD 15m: 100 bars ✓
[2026-08-04 13:43:56] [DEBUG] [hybrid_market_client] ✓ Got live data from QuantDinger for EURUSD
[2026-08-04 13:43:56] [INFO] [market_snapshot_builder] [SNAPSHOT_BUILT] symbol=EURUSD tfs=H4,H1,M15
[2026-08-04 13:43:56] [DEBUG] [hybrid_market_client] Fetching indicators for XAUUSD (QuantDinger only)
[2026-08-04 13:43:56] [DEBUG] [market_client] DEBUG: Requesting XAUUSD H4 as '4H'
[2026-08-04 13:43:56] [DEBUG] [market_client] Candles XAUUSD 4H: 100 bars ✓
[2026-08-04 13:43:56] [DEBUG] [hybrid_market_client] ✓ Got live data from QuantDinger for XAUUSD
[2026-08-04 13:43:56] [DEBUG] [hybrid_market_client] Fetching indicators for XAUUSD (QuantDinger only)
[2026-08-04 13:43:56] [DEBUG] [market_client] DEBUG: Requesting XAUUSD H1 as '1H'
[2026-08-04 13:43:56] [DEBUG] [market_client] Candles XAUUSD 1H: 92 bars ✓
[2026-08-04 13:43:56] [DEBUG] [hybrid_market_client] ✓ Got live data from QuantDinger for XAUUSD
[2026-08-04 13:43:56] [DEBUG] [hybrid_market_client] Fetching indicators for XAUUSD (QuantDinger only)
[2026-08-04 13:43:56] [DEBUG] [market_client] DEBUG: Requesting XAUUSD M15 as '15m'
[2026-08-04 13:43:57] [DEBUG] [market_client] Candles XAUUSD 15m: 100 bars ✓
[2026-08-04 13:43:57] [DEBUG] [hybrid_market_client] ✓ Got live data from QuantDinger for XAUUSD
[2026-08-04 13:43:57] [INFO] [market_snapshot_builder] [SNAPSHOT_BUILT] symbol=XAUUSD tfs=H4,H1,M15
[2026-08-04 13:43:57] [DEBUG] [hybrid_market_client] Fetching indicators for GBPUSD (QuantDinger only)
[2026-08-04 13:43:57] [DEBUG] [market_client] DEBUG: Requesting GBPUSD H4 as '4H'
[2026-08-04 13:43:57] [DEBUG] [market_client] Candles GBPUSD 4H: 100 bars ✓
[2026-08-04 13:43:57] [DEBUG] [hybrid_market_client] ✓ Got live data from QuantDinger for GBPUSD
[2026-08-04 13:43:57] [DEBUG] [hybrid_market_client] Fetching indicators for GBPUSD (QuantDinger only)
[2026-08-04 13:43:57] [DEBUG] [market_client] DEBUG: Requesting GBPUSD H1 as '1H'
[2026-08-04 13:43:57] [DEBUG] [market_client] Candles GBPUSD 1H: 100 bars ✓
[2026-08-04 13:43:57] [DEBUG] [hybrid_market_client] ✓ Got live data from QuantDinger for GBPUSD
[2026-08-04 13:43:57] [DEBUG] [hybrid_market_client] Fetching indicators for GBPUSD (QuantDinger only)
[2026-08-04 13:43:57] [DEBUG] [market_client] DEBUG: Requesting GBPUSD M15 as '15m'
[2026-08-04 13:43:58] [DEBUG] [market_client] Candles GBPUSD 15m: 100 bars ✓
[2026-08-04 13:43:58] [DEBUG] [hybrid_market_client] ✓ Got live data from QuantDinger for GBPUSD
[2026-08-04 13:43:58] [INFO] [market_snapshot_builder] [SNAPSHOT_BUILT] symbol=GBPUSD tfs=H4,H1,M15
[2026-08-04 13:43:58] [INFO] [main] --- EURUSD ---
[2026-08-04 13:44:02] [INFO] [deepseek] DEEPSEEK OK: {"impact_score": 65, "bias": "bullish", "confidence": 0.7, "reason": "الدولار يواجه ضغوطًا بفعل توقع...
[2026-08-04 13:44:02] [INFO] [deepseek] AI EURUSD: bias=bullish impact=65.0 conf=0.70
[2026-08-04 13:44:02] [INFO] [signal_engine] [VERIFY] SIGNAL_INPUT bias=bullish score=65.0 confidence=0.7
[2026-08-04 13:44:02] [INFO] [signal_engine] [VERIFY] SIGNAL_RULE rule=confidence>=0.60 actual=0.7 result=True
[2026-08-04 13:44:02] [INFO] [signal_engine] [VERIFY] SIGNAL_RULE rule=score>=55 actual=65.0 result=True
[2026-08-04 13:44:02] [INFO] [signal_engine] [VERIFY] SIGNAL_RULE rule=bias in [bullish,bearish] actual=bullish result=True
[2026-08-04 13:44:02] [INFO] [signal_engine] [VERIFY] SIGNAL_FINAL direction=BUY score=65.0 confidence=0.7 valid=True
[2026-08-04 13:44:02] [DEBUG] [signal_engine] Signal: BUY score=65.0 conf=0.70 strength=متوسط valid=True
[2026-08-04 13:44:02] [INFO] [sentiment] Sentiment EURUSD: bearish score=83 bull=1 bear=2
[2026-08-04 13:44:02] [DEBUG] [mtf] MTF (snapshot) EURUSD: H4=bearish H1=neutral M15=neutral aligned=False (weak)
[2026-08-04 13:44:02] [INFO] [main] [VERIFY][DATA_TRUTH] symbol=EURUSD timeframe=H4/H1/M15 news_fetched=True indicators_fetched=True live_data=True cached=False
[2026-08-04 13:44:02] [INFO] [voting_engine] EURUSD: MTF weakly misaligned, reducing score 10%
[2026-08-04 13:44:02] [INFO] [risk_engine] Risk: Score too low (EURUSD BUY) - Score 36.3 < 45
[2026-08-04 13:44:02] [DEBUG] [hybrid_market_client] Fetching indicators for EURUSD (QuantDinger only)
[2026-08-04 13:44:02] [DEBUG] [market_client] DEBUG: Requesting EURUSD 4H as '4H'
[2026-08-04 13:44:02] [DEBUG] [market_client] Candles EURUSD 4H: 100 bars ✓
[2026-08-04 13:44:02] [DEBUG] [hybrid_market_client] ✓ Got live data from QuantDinger for EURUSD
[2026-08-04 13:44:02] [DEBUG] [hybrid_market_client] Fetching indicators for EURUSD (QuantDinger only)
[2026-08-04 13:44:02] [DEBUG] [market_client] Using cached candles for EURUSD 4H (age: 0s)
[2026-08-04 13:44:02] [DEBUG] [hybrid_market_client] ✓ Got live data from QuantDinger for EURUSD
[2026-08-04 13:44:02] [INFO] [sltp] SL/TP EURUSD: entry=1.151410460472107 atr=0.00205 sl=1.14834 tp=1.15653
[2026-08-04 13:44:02] [INFO] [position_sizing] Position size: 0.5 (equity=100, risk=0.000, sl_dist=0.00307, score=36, cons_loss=1)
[2026-08-04 13:44:02] [DEBUG] [xgboost_v2] V2 predict: rsi=54.2 atr=0.00205 regime=TRENDING session=london dir=BUY -> p_win=0.340
[2026-08-04 13:44:02] [INFO] [xgboost_v2] [VERIFY] XGBOOST PREDICTION p_win=0.340 available=True
[2026-08-04 13:44:02] [INFO] [main] [VERIFY][DECISION_TRUTH] bias=bullish score=36.3 confidence=0.323 vote=BUY risk_passed=False sl_tp_calculated=True position_size=0.5 xgboost_p_win=0.3398819863796234 final_decision_valid=False reject_reason=p_win<threshold (p_win=0.340 threshold=0.6)
[2026-08-04 13:44:02] [INFO] [main] --- XAUUSD ---
[2026-08-04 13:44:06] [WARNING] [deepseek] DeepSeek truncated by max_tokens, finish_reason=length, content={"impact_score": 65, "bias": "bearish", "confidence": 0.75, "reason": "الاتجاه الفني ه
[2026-08-04 13:44:06] [WARNING] [deepseek] Retry 1: JSON incomplete/truncated, raw={"impact_score": 65, "bias": "bearish", "confidence": 0.75, "reason": "الاتجاه الفني ه
[2026-08-04 13:44:12] [INFO] [deepseek] DEEPSEEK OK: {"impact_score": 60, "bias": "bearish", "confidence": 0.7, "reason": "اتجاه هابط قوي على جميع الأطر ...
[2026-08-04 13:44:12] [INFO] [deepseek] AI XAUUSD: bias=bearish impact=60.0 conf=0.70
[2026-08-04 13:44:12] [INFO] [signal_engine] [VERIFY] SIGNAL_INPUT bias=bearish score=60.0 confidence=0.7
[2026-08-04 13:44:12] [INFO] [signal_engine] [VERIFY] SIGNAL_RULE rule=confidence>=0.60 actual=0.7 result=True
[2026-08-04 13:44:12] [INFO] [signal_engine] [VERIFY] SIGNAL_RULE rule=score>=55 actual=60.0 result=True
[2026-08-04 13:44:12] [INFO] [signal_engine] [VERIFY] SIGNAL_RULE rule=bias in [bullish,bearish] actual=bearish result=True
[2026-08-04 13:44:12] [INFO] [signal_engine] [VERIFY] SIGNAL_FINAL direction=SELL score=60.0 confidence=0.7 valid=True
[2026-08-04 13:44:12] [DEBUG] [signal_engine] Signal: SELL score=60.0 conf=0.70 strength=متوسط valid=True
[2026-08-04 13:44:12] [DEBUG] [mtf] MTF (snapshot) XAUUSD: H4=bearish H1=neutral M15=bearish aligned=True (moderate)
[2026-08-04 13:44:12] [INFO] [main] [VERIFY][DATA_TRUTH] symbol=XAUUSD timeframe=H4/H1/M15 news_fetched=True indicators_fetched=True live_data=True cached=False
[2026-08-04 13:44:12] [DEBUG] [hybrid_market_client] Fetching indicators for XAUUSD (QuantDinger only)
[2026-08-04 13:44:12] [DEBUG] [market_client] DEBUG: Requesting XAUUSD 4H as '4H'
[2026-08-04 13:44:12] [DEBUG] [market_client] Candles XAUUSD 4H: 100 bars ✓
[2026-08-04 13:44:12] [DEBUG] [hybrid_market_client] ✓ Got live data from QuantDinger for XAUUSD
[2026-08-04 13:44:12] [DEBUG] [hybrid_market_client] Fetching indicators for XAUUSD (QuantDinger only)
[2026-08-04 13:44:12] [DEBUG] [market_client] Using cached candles for XAUUSD 4H (age: 0s)
[2026-08-04 13:44:12] [DEBUG] [hybrid_market_client] ✓ Got live data from QuantDinger for XAUUSD
[2026-08-04 13:44:12] [INFO] [sltp] SL/TP XAUUSD: entry=4106.7001953125 atr=24.26430 sl=4116.7002 tp=4046.03945
[2026-08-04 13:44:12] [INFO] [position_sizing] Position size: 0.01 (equity=100, risk=0.001, sl_dist=10.00000, score=72, cons_loss=1)
[2026-08-04 13:44:12] [DEBUG] [xgboost_v2] V2 predict: rsi=48.8 atr=24.26430 regime=TRENDING session=london dir=SELL -> p_win=0.332
[2026-08-04 13:44:12] [INFO] [xgboost_v2] [VERIFY] XGBOOST PREDICTION p_win=0.332 available=True
[2026-08-04 13:44:12] [INFO] [main] [VERIFY][DECISION_TRUTH] bias=bearish score=72.3 confidence=1.0 vote=SELL risk_passed=True sl_tp_calculated=True position_size=0.01 xgboost_p_win=0.3324432373046875 final_decision_valid=False reject_reason=p_win<threshold (p_win=0.332 threshold=0.6)
[2026-08-04 13:44:12] [INFO] [main] --- GBPUSD ---
[2026-08-04 13:44:16] [INFO] [deepseek] DEEPSEEK OK: {"impact_score": 55, "bias": "bullish", "confidence": 0.62, "reason": "تراجع مؤشر الدولار وفقًا لتحل...
[2026-08-04 13:44:16] [INFO] [deepseek] AI GBPUSD: bias=bullish impact=55.0 conf=0.62
[2026-08-04 13:44:16] [INFO] [signal_engine] [VERIFY] SIGNAL_INPUT bias=bullish score=55.0 confidence=0.62
[2026-08-04 13:44:16] [INFO] [signal_engine] [VERIFY] SIGNAL_RULE rule=confidence>=0.60 actual=0.62 result=True
[2026-08-04 13:44:16] [INFO] [signal_engine] [VERIFY] SIGNAL_RULE rule=score>=55 actual=55.0 result=True
[2026-08-04 13:44:16] [INFO] [signal_engine] [VERIFY] SIGNAL_RULE rule=bias in [bullish,bearish] actual=bullish result=True
[2026-08-04 13:44:16] [INFO] [signal_engine] [VERIFY] SIGNAL_FINAL direction=BUY score=55.0 confidence=0.62 valid=True
[2026-08-04 13:44:16] [DEBUG] [signal_engine] Signal: BUY score=55.0 conf=0.62 strength=متوسط valid=True
[2026-08-04 13:44:16] [INFO] [sentiment] Sentiment GBPUSD: bearish score=83 bull=1 bear=2
[2026-08-04 13:44:16] [DEBUG] [mtf] MTF (snapshot) GBPUSD: H4=bearish H1=bullish M15=bullish aligned=True (weak)
[2026-08-04 13:44:16] [INFO] [main] [VERIFY][DATA_TRUTH] symbol=GBPUSD timeframe=H4/H1/M15 news_fetched=True indicators_fetched=True live_data=True cached=False
[2026-08-04 13:44:16] [DEBUG] [hybrid_market_client] Fetching indicators for GBPUSD (QuantDinger only)
[2026-08-04 13:44:16] [DEBUG] [market_client] DEBUG: Requesting GBPUSD 4H as '4H'
[2026-08-04 13:44:16] [DEBUG] [market_client] Candles GBPUSD 4H: 100 bars ✓
[2026-08-04 13:44:16] [DEBUG] [hybrid_market_client] ✓ Got live data from QuantDinger for GBPUSD
[2026-08-04 13:44:16] [DEBUG] [hybrid_market_client] Fetching indicators for GBPUSD (QuantDinger only)
[2026-08-04 13:44:16] [DEBUG] [market_client] Using cached candles for GBPUSD 4H (age: 0s)
[2026-08-04 13:44:16] [DEBUG] [hybrid_market_client] ✓ Got live data from QuantDinger for GBPUSD
[2026-08-04 13:44:16] [INFO] [sltp] SL/TP GBPUSD: entry=1.344031810760498 atr=0.00242 sl=1.34041 tp=1.35007
[2026-08-04 13:44:16] [INFO] [position_sizing] Position size: 0.5 (equity=100, risk=0.000, sl_dist=0.00362, score=48, cons_loss=1)
[2026-08-04 13:44:16] [DEBUG] [xgboost_v2] V2 predict: rsi=58.7 atr=0.00242 regime=TRENDING session=london dir=BUY -> p_win=0.504
[2026-08-04 13:44:16] [INFO] [xgboost_v2] [VERIFY] XGBOOST PREDICTION p_win=0.504 available=True
[2026-08-04 13:44:16] [INFO] [main] [VERIFY][DECISION_TRUTH] bias=bullish score=48.5 confidence=0.491 vote=BUY risk_passed=True sl_tp_calculated=True position_size=0.5 xgboost_p_win=0.5036211013793945 final_decision_valid=False reject_reason=p_win<threshold (p_win=0.504 threshold=0.6)
[2026-08-04 13:44:16] [INFO] [adaptive_weights] EURUSD weights updated: {'ai': 0.239, 'trend': 0.239, 'momentum': 0.239, 'sentiment': 0.239, 'volatility': 0.043} | WR=10.0% PF=2.07
[2026-08-04 13:44:16] [INFO] [adaptive_weights] GBPUSD weights updated: {'ai': 0.239, 'trend': 0.239, 'momentum': 0.239, 'sentiment': 0.239, 'volatility': 0.043} | WR=13.0% PF=8.53
[2026-08-04 13:44:16] [INFO] [adaptive_weights] 🏆 أفضل زوج: GBPUSD | WR=13.0% | PnL=144.6$
[2026-08-04 13:44:16] [INFO] [adaptive_weights] ⚠️ أسوأ زوج: XAUUSD | WR=0.0% | PnL=-16.8$
[2026-08-04 13:44:16] [INFO] [main] Sleeping 1800s...
[2026-08-04 14:14:07] [INFO] [qd_client] Logged in to QuantDinger
[2026-08-04 14:14:16] [INFO] [main] ==================================================
[2026-08-04 14:14:16] [INFO] [main] Cycle 3 at 14:14:16
[2026-08-04 14:14:25] [INFO] [news_fetcher] Fetched 19 relevant news items
[2026-08-04 14:14:25] [INFO] [main] Equity: 100.00$ | News: 19
[2026-08-04 14:14:25] [DEBUG] [hybrid_market_client] Fetching indicators for EURUSD (QuantDinger only)
[2026-08-04 14:14:25] [DEBUG] [market_client] DEBUG: Requesting EURUSD H4 as '4H'
[2026-08-04 14:14:26] [DEBUG] [market_client] Candles EURUSD 4H: 100 bars ✓
[2026-08-04 14:14:26] [DEBUG] [hybrid_market_client] ✓ Got live data from QuantDinger for EURUSD
[2026-08-04 14:14:26] [DEBUG] [hybrid_market_client] Fetching indicators for EURUSD (QuantDinger only)
[2026-08-04 14:14:26] [DEBUG] [market_client] DEBUG: Requesting EURUSD H1 as '1H'
[2026-08-04 14:14:26] [DEBUG] [market_client] Candles EURUSD 1H: 100 bars ✓
[2026-08-04 14:14:26] [DEBUG] [hybrid_market_client] ✓ Got live data from QuantDinger for EURUSD
[2026-08-04 14:14:26] [DEBUG] [hybrid_market_client] Fetching indicators for EURUSD (QuantDinger only)
[2026-08-04 14:14:26] [DEBUG] [market_client] DEBUG: Requesting EURUSD M15 as '15m'
[2026-08-04 14:14:26] [DEBUG] [market_client] Candles EURUSD 15m: 100 bars ✓
[2026-08-04 14:14:26] [DEBUG] [hybrid_market_client] ✓ Got live data from QuantDinger for EURUSD
[2026-08-04 14:14:26] [INFO] [market_snapshot_builder] [SNAPSHOT_BUILT] symbol=EURUSD tfs=H4,H1,M15
[2026-08-04 14:14:26] [DEBUG] [hybrid_market_client] Fetching indicators for XAUUSD (QuantDinger only)
[2026-08-04 14:14:26] [DEBUG] [market_client] DEBUG: Requesting XAUUSD H4 as '4H'
[2026-08-04 14:14:27] [DEBUG] [market_client] Candles XAUUSD 4H: 100 bars ✓
[2026-08-04 14:14:27] [DEBUG] [hybrid_market_client] ✓ Got live data from QuantDinger for XAUUSD
[2026-08-04 14:14:27] [DEBUG] [hybrid_market_client] Fetching indicators for XAUUSD (QuantDinger only)
[2026-08-04 14:14:27] [DEBUG] [market_client] DEBUG: Requesting XAUUSD H1 as '1H'
[2026-08-04 14:14:27] [DEBUG] [market_client] Candles XAUUSD 1H: 92 bars ✓
[2026-08-04 14:14:27] [ERROR] [main] Main loop: QuantDinger returned empty data for XAUUSD - no fallback available
[2026-08-04 14:15:28] [INFO] [main] ==================================================
[2026-08-04 14:15:28] [INFO] [main] Cycle 4 at 14:15:28
[2026-08-04 14:15:28] [INFO] [main] Equity: 100.00$ | News: 19
[2026-08-04 14:15:28] [DEBUG] [hybrid_market_client] Fetching indicators for EURUSD (QuantDinger only)
[2026-08-04 14:15:28] [DEBUG] [market_client] Using cached candles for EURUSD H4 (age: 62s)
[2026-08-04 14:15:28] [DEBUG] [hybrid_market_client] ✓ Got live data from QuantDinger for EURUSD
[2026-08-04 14:15:28] [DEBUG] [hybrid_market_client] Fetching indicators for EURUSD (QuantDinger only)
[2026-08-04 14:15:28] [DEBUG] [market_client] Using cached candles for EURUSD H1 (age: 62s)
[2026-08-04 14:15:28] [DEBUG] [hybrid_market_client] ✓ Got live data from QuantDinger for EURUSD
[2026-08-04 14:15:28] [DEBUG] [hybrid_market_client] Fetching indicators for EURUSD (QuantDinger only)
[2026-08-04 14:15:28] [DEBUG] [market_client] Using cached candles for EURUSD M15 (age: 62s)
[2026-08-04 14:15:28] [DEBUG] [hybrid_market_client] ✓ Got live data from QuantDinger for EURUSD
[2026-08-04 14:15:28] [INFO] [market_snapshot_builder] [SNAPSHOT_BUILT] symbol=EURUSD tfs=H4,H1,M15
[2026-08-04 14:15:28] [DEBUG] [hybrid_market_client] Fetching indicators for XAUUSD (QuantDinger only)
[2026-08-04 14:15:28] [DEBUG] [market_client] Using cached candles for XAUUSD H4 (age: 61s)
[2026-08-04 14:15:28] [DEBUG] [hybrid_market_client] ✓ Got live data from QuantDinger for XAUUSD
[2026-08-04 14:15:28] [DEBUG] [hybrid_market_client] Fetching indicators for XAUUSD (QuantDinger only)
[2026-08-04 14:15:28] [DEBUG] [market_client] Using cached candles for XAUUSD H1 (age: 61s)
[2026-08-04 14:15:28] [ERROR] [main] Main loop: QuantDinger returned empty data for XAUUSD - no fallback available
[2026-08-04 14:16:29] [INFO] [main] ==================================================
[2026-08-04 14:16:29] [INFO] [main] Cycle 5 at 14:16:29
[2026-08-04 14:16:29] [INFO] [main] Equity: 100.00$ | News: 19
[2026-08-04 14:16:29] [DEBUG] [hybrid_market_client] Fetching indicators for EURUSD (QuantDinger only)
[2026-08-04 14:16:29] [DEBUG] [market_client] Using cached candles for EURUSD H4 (age: 124s)
[2026-08-04 14:16:29] [DEBUG] [hybrid_market_client] ✓ Got live data from QuantDinger for EURUSD
[2026-08-04 14:16:29] [DEBUG] [hybrid_market_client] Fetching indicators for EURUSD (QuantDinger only)
[2026-08-04 14:16:29] [DEBUG] [market_client] Using cached candles for EURUSD H1 (age: 123s)
[2026-08-04 14:16:29] [DEBUG] [hybrid_market_client] ✓ Got live data from QuantDinger for EURUSD
[2026-08-04 14:16:29] [DEBUG] [hybrid_market_client] Fetching indicators for EURUSD (QuantDinger only)
[2026-08-04 14:16:29] [DEBUG] [market_client] Using cached candles for EURUSD M15 (age: 123s)
[2026-08-04 14:16:29] [DEBUG] [hybrid_market_client] ✓ Got live data from QuantDinger for EURUSD
[2026-08-04 14:16:29] [INFO] [market_snapshot_builder] [SNAPSHOT_BUILT] symbol=EURUSD tfs=H4,H1,M15
[2026-08-04 14:16:29] [DEBUG] [hybrid_market_client] Fetching indicators for XAUUSD (QuantDinger only)
[2026-08-04 14:16:29] [DEBUG] [market_client] Using cached candles for XAUUSD H4 (age: 123s)
[2026-08-04 14:16:29] [DEBUG] [hybrid_market_client] ✓ Got live data from QuantDinger for XAUUSD
[2026-08-04 14:16:29] [DEBUG] [hybrid_market_client] Fetching indicators for XAUUSD (QuantDinger only)
[2026-08-04 14:16:29] [DEBUG] [market_client] Using cached candles for XAUUSD H1 (age: 122s)
[2026-08-04 14:16:29] [ERROR] [main] Main loop: QuantDinger returned empty data for XAUUSD - no fallback available
[2026-08-04 14:17:30] [INFO] [main] ==================================================
[2026-08-04 14:17:30] [INFO] [main] Cycle 6 at 14:17:30
[2026-08-04 14:17:31] [INFO] [main] Equity: 100.00$ | News: 19
[2026-08-04 14:17:31] [DEBUG] [hybrid_market_client] Fetching indicators for EURUSD (QuantDinger only)
[2026-08-04 14:17:31] [DEBUG] [market_client] Using cached candles for EURUSD H4 (age: 185s)
[2026-08-04 14:17:31] [DEBUG] [hybrid_market_client] ✓ Got live data from QuantDinger for EURUSD
[2026-08-04 14:17:31] [DEBUG] [hybrid_market_client] Fetching indicators for EURUSD (QuantDinger only)
[2026-08-04 14:17:31] [DEBUG] [market_client] Using cached candles for EURUSD H1 (age: 185s)
[2026-08-04 14:17:31] [DEBUG] [hybrid_market_client] ✓ Got live data from QuantDinger for EURUSD
[2026-08-04 14:17:31] [DEBUG] [hybrid_market_client] Fetching indicators for EURUSD (QuantDinger only)
[2026-08-04 14:17:31] [DEBUG] [market_client] Using cached candles for EURUSD M15 (age: 184s)
[2026-08-04 14:17:31] [DEBUG] [hybrid_market_client] ✓ Got live data from QuantDinger for EURUSD
[2026-08-04 14:17:31] [INFO] [market_snapshot_builder] [SNAPSHOT_BUILT] symbol=EURUSD tfs=H4,H1,M15
[2026-08-04 14:17:31] [DEBUG] [hybrid_market_client] Fetching indicators for XAUUSD (QuantDinger only)
[2026-08-04 14:17:31] [DEBUG] [market_client] Using cached candles for XAUUSD H4 (age: 184s)
[2026-08-04 14:17:31] [DEBUG] [hybrid_market_client] ✓ Got live data from QuantDinger for XAUUSD
[2026-08-04 14:17:31] [DEBUG] [hybrid_market_client] Fetching indicators for XAUUSD (QuantDinger only)
[2026-08-04 14:17:31] [DEBUG] [market_client] Using cached candles for XAUUSD H1 (age: 184s)
[2026-08-04 14:17:31] [ERROR] [main] Main loop: QuantDinger returned empty data for XAUUSD - no fallback available
[2026-08-04 14:18:31] [INFO] [main] ==================================================
[2026-08-04 14:18:31] [INFO] [main] Cycle 7 at 14:18:31
[2026-08-04 14:18:32] [INFO] [main] Equity: 100.00$ | News: 19
[2026-08-04 14:18:32] [DEBUG] [hybrid_market_client] Fetching indicators for EURUSD (QuantDinger only)
[2026-08-04 14:18:32] [DEBUG] [market_client] Using cached candles for EURUSD H4 (age: 246s)
[2026-08-04 14:18:32] [DEBUG] [hybrid_market_client] ✓ Got live data from QuantDinger for EURUSD
[2026-08-04 14:18:32] [DEBUG] [hybrid_market_client] Fetching indicators for EURUSD (QuantDinger only)
[2026-08-04 14:18:32] [DEBUG] [market_client] Using cached candles for EURUSD H1 (age: 246s)
[2026-08-04 14:18:32] [DEBUG] [hybrid_market_client] ✓ Got live data from QuantDinger for EURUSD
[2026-08-04 14:18:32] [DEBUG] [hybrid_market_client] Fetching indicators for EURUSD (QuantDinger only)
[2026-08-04 14:18:32] [DEBUG] [market_client] Using cached candles for EURUSD M15 (age: 245s)
[2026-08-04 14:18:32] [DEBUG] [hybrid_market_client] ✓ Got live data from QuantDinger for EURUSD
[2026-08-04 14:18:32] [INFO] [market_snapshot_builder] [SNAPSHOT_BUILT] symbol=EURUSD tfs=H4,H1,M15
[2026-08-04 14:18:32] [DEBUG] [hybrid_market_client] Fetching indicators for XAUUSD (QuantDinger only)
[2026-08-04 14:18:32] [DEBUG] [market_client] Using cached candles for XAUUSD H4 (age: 245s)
[2026-08-04 14:18:32] [DEBUG] [hybrid_market_client] ✓ Got live data from QuantDinger for XAUUSD
[2026-08-04 14:18:32] [DEBUG] [hybrid_market_client] Fetching indicators for XAUUSD (QuantDinger only)
[2026-08-04 14:18:32] [DEBUG] [market_client] Using cached candles for XAUUSD H1 (age: 245s)
[2026-08-04 14:18:32] [ERROR] [main] Main loop: QuantDinger returned empty data for XAUUSD - no fallback available
[2026-08-04 14:19:38] [INFO] [main] Trading Bot V3 starting...
[2026-08-04 14:19:38] [INFO] [database] V3 Database initialized with all tables
[2026-08-04 14:19:39] [INFO] [qd_client] Logged in to QuantDinger
[2026-08-04 14:19:39] [INFO] [qd_client] MT5 connected
[2026-08-04 14:19:39] [INFO] [main] MT5 connected
[2026-08-04 14:19:39] [INFO] [main] [STARTUP_SAFETY] Starting startup safety check (run-once)
[2026-08-04 14:19:39] [WARNING] [main] [STARTUP_SAFETY] mt5.positions_get None diagnostic last_error=(1, 'Success')
[2026-08-04 14:19:39] [INFO] [main] [STARTUP_SAFETY] MT5 open positions count=0
[2026-08-04 14:19:39] [INFO] [main] [STARTUP_SAFETY] DB open trades count=0
[2026-08-04 14:19:39] [INFO] [main] [STARTUP_SAFETY] missing_in_db(MT5-only)=0 missing_in_mt5(DB-only)=0
[2026-08-04 14:19:39] [INFO] [main] [STARTUP_SAFETY] Synced open positions count=0
[2026-08-04 14:19:39] [INFO] [main] [STARTUP_SAFETY] Completed startup safety check successfully
[2026-08-04 14:19:39] [INFO] [telegram_bot] Telegram polling started
[2026-08-04 14:19:39] [INFO] [telegram_bot] Telegram bot V3 started
[2026-08-04 14:19:39] [INFO] [mt5_watchdog] MT5 watchdog started (V1 reconnect logic)
[2026-08-04 14:19:39] [INFO] [reconciliation] Reconciliation loop started (every 60s)
[2026-08-04 14:19:39] [INFO] [reconciliation] Reconciliation thread started (safety only)
[2026-08-04 14:19:39] [INFO] [post_entry_manager] PostEntryManager started
[2026-08-04 14:19:39] [INFO] [main] ==================================================
[2026-08-04 14:19:39] [INFO] [main] Cycle 1 at 14:19:39
[2026-08-04 14:20:09] [INFO] [news_fetcher] Fetched 19 relevant news items
[2026-08-04 14:20:09] [INFO] [main] Equity: 100.00$ | News: 19
[2026-08-04 14:20:09] [DEBUG] [hybrid_market_client] Fetching indicators for EURUSD (QuantDinger only)
[2026-08-04 14:20:09] [DEBUG] [market_client] DEBUG: Requesting EURUSD H4 as '4H'
[2026-08-04 14:20:09] [DEBUG] [market_client] Candles EURUSD 4H: 100 bars ✓
[2026-08-04 14:20:09] [ERROR] [main] Main loop: QuantDinger returned empty data for EURUSD - no fallback available
[2026-08-04 14:21:10] [INFO] [main] ==================================================
[2026-08-04 14:21:10] [INFO] [main] Cycle 2 at 14:21:10
[2026-08-04 14:21:10] [INFO] [main] Equity: 100.00$ | News: 19
[2026-08-04 14:21:10] [DEBUG] [hybrid_market_client] Fetching indicators for EURUSD (QuantDinger only)
[2026-08-04 14:21:10] [DEBUG] [market_client] Using cached candles for EURUSD H4 (age: 61s)
[2026-08-04 14:21:10] [ERROR] [main] Main loop: QuantDinger returned empty data for EURUSD - no fallback available
[2026-08-04 14:22:11] [INFO] [main] ==================================================
[2026-08-04 14:22:11] [INFO] [main] Cycle 3 at 14:22:11
[2026-08-04 14:22:11] [INFO] [main] Equity: 100.00$ | News: 19
[2026-08-04 14:22:11] [DEBUG] [hybrid_market_client] Fetching indicators for EURUSD (QuantDinger only)
[2026-08-04 14:22:11] [DEBUG] [market_client] Using cached candles for EURUSD H4 (age: 122s)
[2026-08-04 14:22:11] [ERROR] [main] Main loop: QuantDinger returned empty data for EURUSD - no fallback available
[2026-08-04 14:23:12] [INFO] [main] ==================================================
[2026-08-04 14:23:12] [INFO] [main] Cycle 4 at 14:23:12
[2026-08-04 14:23:13] [INFO] [main] Equity: 100.00$ | News: 19
[2026-08-04 14:23:13] [DEBUG] [hybrid_market_client] Fetching indicators for EURUSD (QuantDinger only)
[2026-08-04 14:23:13] [DEBUG] [market_client] Using cached candles for EURUSD H4 (age: 183s)
[2026-08-04 14:23:13] [ERROR] [main] Main loop: QuantDinger returned empty data for EURUSD - no fallback available
[2026-08-04 14:38:46] [DEBUG] [hybrid_market_client] Fetching indicators for EURUSD (QuantDinger first)
[2026-08-04 14:38:46] [DEBUG] [market_client] DEBUG: Requesting EURUSD 4H as '4H'
[2026-08-04 14:38:46] [INFO] [qd_client] Logged in to QuantDinger
[2026-08-04 14:38:46] [DEBUG] [market_client] Candles EURUSD 4H: 100 bars ✓
[2026-08-04 14:38:46] [DEBUG] [hybrid_market_client] ✓ Got live data from QuantDinger for EURUSD
[2026-08-04 14:38:46] [DEBUG] [hybrid_market_client] Fetching indicators for XAUUSD (QuantDinger first)
[2026-08-04 14:38:46] [DEBUG] [market_client] DEBUG: Requesting XAUUSD 4H as '4H'
[2026-08-04 14:38:47] [DEBUG] [market_client] Candles XAUUSD 4H: 100 bars ✓
[2026-08-04 14:38:47] [DEBUG] [hybrid_market_client] ✓ Got live data from QuantDinger for XAUUSD
[2026-08-04 14:38:47] [DEBUG] [hybrid_market_client] Fetching indicators for GBPUSD (QuantDinger first)
[2026-08-04 14:38:47] [DEBUG] [market_client] DEBUG: Requesting GBPUSD 4H as '4H'
[2026-08-04 14:38:47] [DEBUG] [market_client] Candles GBPUSD 4H: 100 bars ✓
[2026-08-04 14:38:47] [DEBUG] [hybrid_market_client] ✓ Got live data from QuantDinger for GBPUSD
[2026-08-04 14:39:00] [DEBUG] [hybrid_market_client] [MT5_FALLBACK] Got 100 candles for XAUUSD H1
[2026-08-04 14:39:00] [DEBUG] [hybrid_market_client] [MT5_FALLBACK] Got 100 candles for XAUUSD H1
[2026-08-04 14:39:00] [INFO] [hybrid_market_client] [MT5_FALLBACK] ✓ Got live data from MT5 for XAUUSD H1
[2026-08-04 14:39:20] [DEBUG] [hybrid_market_client] Fetching indicators for XAUUSD (QuantDinger first)
[2026-08-04 14:39:20] [WARNING] [hybrid_market_client] QuantDinger returned empty data for XAUUSD - trying MT5 fallback
[2026-08-04 14:39:20] [DEBUG] [hybrid_market_client] [MT5_FALLBACK] Got 100 candles for XAUUSD H4
[2026-08-04 14:39:20] [INFO] [hybrid_market_client] [MT5_FALLBACK] ✓ Got live data from MT5 for XAUUSD H4
[2026-08-04 14:39:20] [DEBUG] [hybrid_market_client] Fetching indicators for XAUUSD (QuantDinger first)
[2026-08-04 14:39:20] [WARNING] [hybrid_market_client] QuantDinger returned empty data for XAUUSD - trying MT5 fallback
[2026-08-04 14:39:20] [DEBUG] [hybrid_market_client] [MT5_FALLBACK] Got 100 candles for XAUUSD H1
[2026-08-04 14:39:20] [INFO] [hybrid_market_client] [MT5_FALLBACK] ✓ Got live data from MT5 for XAUUSD H1
[2026-08-04 14:39:36] [DEBUG] [hybrid_market_client] Fetching indicators for XAUUSD (QuantDinger first)
[2026-08-04 14:39:36] [WARNING] [hybrid_market_client] QuantDinger returned placeholder data (rsi=50.0) for XAUUSD - trying MT5 fallback
[2026-08-04 14:39:36] [DEBUG] [hybrid_market_client] [MT5_FALLBACK] Got 100 candles for XAUUSD H4
[2026-08-04 14:39:36] [INFO] [hybrid_market_client] [MT5_FALLBACK] ✓ Got live data from MT5 for XAUUSD H4
[2026-08-04 14:39:36] [DEBUG] [hybrid_market_client] Fetching indicators for XAUUSD (QuantDinger first)
[2026-08-04 14:39:36] [WARNING] [hybrid_market_client] QuantDinger returned placeholder data (rsi=50.0) for XAUUSD - trying MT5 fallback
[2026-08-04 14:39:36] [DEBUG] [hybrid_market_client] [MT5_FALLBACK] Got 100 candles for XAUUSD M15
[2026-08-04 14:39:36] [INFO] [hybrid_market_client] [MT5_FALLBACK] ✓ Got live data from MT5 for XAUUSD M15
[2026-08-04 14:39:56] [WARNING] [hybrid_market_client] QuantDinger returned empty candles for XAUUSD - trying MT5 fallback
[2026-08-04 14:39:56] [DEBUG] [hybrid_market_client] [MT5_FALLBACK] Got 50 candles for XAUUSD H1
[2026-08-04 14:40:08] [WARNING] [xgboost_exit_adapter] [EXIT_MODEL][WARN] mae was 0.0 -> computed mae=min(0.0, current_profit) mae=0.0 current_profit=0.0
[2026-08-04 14:40:08] [WARNING] [xgboost_exit_adapter] [EXIT_MODEL][WARN] mfe was 0.0 -> computed mfe=max(0.0, current_profit) mfe=0.0 current_profit=0.0
[2026-08-04 14:40:08] [WARNING] [xgboost_exit_adapter] [EXIT_MODEL][WARN] trend_h1 missing for symbol=EURUSD -> using 50.0 (neutral placeholder)
[2026-08-04 14:40:08] [WARNING] [xgboost_exit_adapter] [EXIT_MODEL][WARN] trend_h4 missing for symbol=EURUSD -> using 50.0 (neutral placeholder)
[2026-08-04 14:40:08] [WARNING] [xgboost_exit_adapter] [EXIT_MODEL][WARN] mfe is 0 for symbol=EURUSD (possible state not updating?)
[2026-08-04 14:40:08] [WARNING] [xgboost_exit_adapter] [EXIT_MODEL][WARN] mae is 0 for symbol=EURUSD (possible state not updating?)
[2026-08-04 14:40:08] [INFO] [xgboost_exit_adapter] [EXIT_MODEL][DEBUG_FEATURE_VECTOR] symbol=EURUSD FEATURE_ORDER_VALUES=
[2026-08-04 14:40:08] [INFO] [xgboost_exit_adapter] [EXIT_MODEL][DEBUG_FEATURE] mfe=0.0
[2026-08-04 14:40:08] [INFO] [xgboost_exit_adapter] [EXIT_MODEL][DEBUG_FEATURE] mae=0.0
[2026-08-04 14:40:08] [INFO] [xgboost_exit_adapter] [EXIT_MODEL][DEBUG_FEATURE] entry_atr=0.0008
[2026-08-04 14:40:08] [INFO] [xgboost_exit_adapter] [EXIT_MODEL][DEBUG_FEATURE] entry_rsi=55.0
[2026-08-04 14:40:08] [INFO] [xgboost_exit_adapter] [EXIT_MODEL][DEBUG_FEATURE] entry_adx=20.0
[2026-08-04 14:40:08] [INFO] [xgboost_exit_adapter] [EXIT_MODEL][DEBUG_FEATURE] market_regime=0.0
[2026-08-04 14:40:08] [INFO] [xgboost_exit_adapter] [EXIT_MODEL][DEBUG_FEATURE] trade_duration=1.0000228961308797
[2026-08-04 14:40:08] [INFO] [xgboost_exit_adapter] [EXIT_MODEL][DEBUG_FEATURE] spread=15.0
[2026-08-04 14:40:08] [INFO] [xgboost_exit_adapter] [EXIT_MODEL][DEBUG_FEATURE] volume=0.6
[2026-08-04 14:40:08] [INFO] [xgboost_exit_adapter] [EXIT_MODEL][DEBUG_FEATURE] session=1.0
[2026-08-04 14:40:08] [INFO] [xgboost_exit_adapter] [EXIT_MODEL][DEBUG_FEATURE] trend_h1=50.0
[2026-08-04 14:40:08] [INFO] [xgboost_exit_adapter] [EXIT_MODEL][DEBUG_FEATURE] trend_h4=50.0
[2026-08-04 14:40:08] [INFO] [xgboost_exit_adapter] [EXIT_MODEL] symbol=EURUSD prediction_exit_probability=0.4000 decision_signal=40.0%
[2026-08-04 14:40:09] [WARNING] [xgboost_exit_adapter] [EXIT_MODEL][WARN] ATR(H4) fetch failed for EURUSD: QuantDinger indicators failed for EURUSD H4: QuantDinger returned RSI placeholder=50.0 for EURUSD H4 -> retrying once...
[2026-08-04 14:40:09] [WARNING] [xgboost_exit_adapter] [EXIT_MODEL][WARN] Using DEFAULT ATR(H4) for EURUSD: atr=0.001 (no cache; QuantDinger failed: QuantDinger indicators failed for EURUSD H4: QuantDinger returned RSI placeholder=50.0 for EURUSD H4)
[2026-08-04 14:40:09] [WARNING] [xgboost_exit_adapter] [EXIT_MODEL][WARN] RSI(H1) fetch failed for EURUSD: QuantDinger indicators failed for EURUSD H1: QuantDinger returned RSI placeholder=50.0 for EURUSD H1 -> retrying once...
[2026-08-04 14:40:09] [WARNING] [xgboost_exit_adapter] [EXIT_MODEL][WARN] Using DEFAULT RSI(H1)=50.0 for EURUSD (QuantDinger failed: QuantDinger indicators failed for EURUSD H1: QuantDinger returned RSI placeholder=50.0 for EURUSD H1)
[2026-08-04 14:40:09] [WARNING] [xgboost_exit_adapter] [EXIT_MODEL][WARN] mae was 0.0 -> computed mae=min(0.0, current_profit) mae=0.0 current_profit=0.0
[2026-08-04 14:40:09] [WARNING] [xgboost_exit_adapter] [EXIT_MODEL][WARN] mfe was 0.0 -> computed mfe=max(0.0, current_profit) mfe=0.0 current_profit=0.0
[2026-08-04 14:40:09] [WARNING] [xgboost_exit_adapter] [EXIT_MODEL][WARN] failed fetching trend from QuantDinger for symbol=EURUSD: QuantDinger indicators failed for EURUSD H1: QuantDinger returned RSI placeholder=50.0 for EURUSD H1
[2026-08-04 14:40:09] [WARNING] [xgboost_exit_adapter] [EXIT_MODEL][WARN] trend_h1 missing for symbol=EURUSD -> using 50.0 (neutral placeholder)
[2026-08-04 14:40:09] [WARNING] [xgboost_exit_adapter] [EXIT_MODEL][WARN] trend_h4 missing for symbol=EURUSD -> using 50.0 (neutral placeholder)
[2026-08-04 14:40:09] [WARNING] [xgboost_exit_adapter] [EXIT_MODEL][WARN] mfe is 0 for symbol=EURUSD (possible state not updating?)
[2026-08-04 14:40:09] [WARNING] [xgboost_exit_adapter] [EXIT_MODEL][WARN] mae is 0 for symbol=EURUSD (possible state not updating?)
[2026-08-04 14:40:09] [INFO] [xgboost_exit_adapter] [EXIT_MODEL][DEBUG_FEATURE_VECTOR] symbol=EURUSD FEATURE_ORDER_VALUES=
[2026-08-04 14:40:09] [INFO] [xgboost_exit_adapter] [EXIT_MODEL][DEBUG_FEATURE] mfe=0.0
[2026-08-04 14:40:09] [INFO] [xgboost_exit_adapter] [EXIT_MODEL][DEBUG_FEATURE] mae=0.0
[2026-08-04 14:40:09] [INFO] [xgboost_exit_adapter] [EXIT_MODEL][DEBUG_FEATURE] entry_atr=0.001
[2026-08-04 14:40:09] [INFO] [xgboost_exit_adapter] [EXIT_MODEL][DEBUG_FEATURE] entry_rsi=50.0
[2026-08-04 14:40:09] [INFO] [xgboost_exit_adapter] [EXIT_MODEL][DEBUG_FEATURE] entry_adx=20.0
[2026-08-04 14:40:09] [INFO] [xgboost_exit_adapter] [EXIT_MODEL][DEBUG_FEATURE] market_regime=0.0
[2026-08-04 14:40:09] [INFO] [xgboost_exit_adapter] [EXIT_MODEL][DEBUG_FEATURE] trade_duration=1.0135046323140462
[2026-08-04 14:40:09] [INFO] [xgboost_exit_adapter] [EXIT_MODEL][DEBUG_FEATURE] spread=15.0
[2026-08-04 14:40:09] [INFO] [xgboost_exit_adapter] [EXIT_MODEL][DEBUG_FEATURE] volume=0.6
[2026-08-04 14:40:09] [INFO] [xgboost_exit_adapter] [EXIT_MODEL][DEBUG_FEATURE] session=1.0
[2026-08-04 14:40:09] [INFO] [xgboost_exit_adapter] [EXIT_MODEL][DEBUG_FEATURE] trend_h1=50.0
[2026-08-04 14:40:09] [INFO] [xgboost_exit_adapter] [EXIT_MODEL][DEBUG_FEATURE] trend_h4=50.0
[2026-08-04 14:40:09] [INFO] [xgboost_exit_adapter] [EXIT_MODEL] symbol=EURUSD prediction_exit_probability=0.9000 decision_signal=90.0%
[2026-08-04 14:40:43] [WARNING] [xgboost_exit_adapter] [EXIT_MODEL][WARN] ATR(H4) fetch failed for EURUSD: QuantDinger indicators failed for EURUSD H4: QuantDinger returned RSI placeholder=50.0 for EURUSD H4 -> retrying once...
[2026-08-04 14:40:44] [WARNING] [xgboost_exit_adapter] [EXIT_MODEL][WARN] Using DEFAULT ATR(H4) for EURUSD: atr=0.001 (no cache; QuantDinger failed: QuantDinger indicators failed for EURUSD H4: QuantDinger returned RSI placeholder=50.0 for EURUSD H4)
[2026-08-04 14:40:44] [WARNING] [xgboost_exit_adapter] [EXIT_MODEL][WARN] RSI(H1) fetch failed for EURUSD: QuantDinger indicators failed for EURUSD H1: QuantDinger returned RSI placeholder=50.0 for EURUSD H1 -> retrying once...
[2026-08-04 14:40:44] [WARNING] [xgboost_exit_adapter] [EXIT_MODEL][WARN] Using DEFAULT RSI(H1)=50.0 for EURUSD (QuantDinger failed: QuantDinger indicators failed for EURUSD H1: QuantDinger returned RSI placeholder=50.0 for EURUSD H1)
[2026-08-04 14:40:44] [WARNING] [xgboost_exit_adapter] [EXIT_MODEL][WARN] mae was 0.0 -> computed mae=min(0.0, current_profit) mae=0.0 current_profit=0.0
[2026-08-04 14:40:44] [WARNING] [xgboost_exit_adapter] [EXIT_MODEL][WARN] mfe was 0.0 -> computed mfe=max(0.0, current_profit) mfe=0.0 current_profit=0.0
[2026-08-04 14:40:44] [WARNING] [xgboost_exit_adapter] [EXIT_MODEL][WARN] failed fetching trend from QuantDinger for symbol=EURUSD: QuantDinger indicators failed for EURUSD H1: QuantDinger returned RSI placeholder=50.0 for EURUSD H1
[2026-08-04 14:40:44] [WARNING] [xgboost_exit_adapter] [EXIT_MODEL][WARN] trend_h1 missing for symbol=EURUSD -> using 50.0 (neutral placeholder)
[2026-08-04 14:40:44] [WARNING] [xgboost_exit_adapter] [EXIT_MODEL][WARN] trend_h4 missing for symbol=EURUSD -> using 50.0 (neutral placeholder)
[2026-08-04 14:40:44] [WARNING] [xgboost_exit_adapter] [EXIT_MODEL][WARN] mfe is 0 for symbol=EURUSD (possible state not updating?)
[2026-08-04 14:40:44] [WARNING] [xgboost_exit_adapter] [EXIT_MODEL][WARN] mae is 0 for symbol=EURUSD (possible state not updating?)
[2026-08-04 14:40:44] [INFO] [xgboost_exit_adapter] [EXIT_MODEL][DEBUG_FEATURE_VECTOR] symbol=EURUSD FEATURE_ORDER_VALUES=
[2026-08-04 14:40:44] [INFO] [xgboost_exit_adapter] [EXIT_MODEL][DEBUG_FEATURE] mfe=0.0
[2026-08-04 14:40:44] [INFO] [xgboost_exit_adapter] [EXIT_MODEL][DEBUG_FEATURE] mae=0.0
[2026-08-04 14:40:44] [INFO] [xgboost_exit_adapter] [EXIT_MODEL][DEBUG_FEATURE] entry_atr=0.001
[2026-08-04 14:40:44] [INFO] [xgboost_exit_adapter] [EXIT_MODEL][DEBUG_FEATURE] entry_rsi=50.0
[2026-08-04 14:40:44] [INFO] [xgboost_exit_adapter] [EXIT_MODEL][DEBUG_FEATURE] entry_adx=20.0
[2026-08-04 14:40:44] [INFO] [xgboost_exit_adapter] [EXIT_MODEL][DEBUG_FEATURE] market_regime=0.0
[2026-08-04 14:40:44] [INFO] [xgboost_exit_adapter] [EXIT_MODEL][DEBUG_FEATURE] trade_duration=1.013557231426239
[2026-08-04 14:40:44] [INFO] [xgboost_exit_adapter] [EXIT_MODEL][DEBUG_FEATURE] spread=15.0
[2026-08-04 14:40:44] [INFO] [xgboost_exit_adapter] [EXIT_MODEL][DEBUG_FEATURE] volume=0.6
[2026-08-04 14:40:44] [INFO] [xgboost_exit_adapter] [EXIT_MODEL][DEBUG_FEATURE] session=1.0
[2026-08-04 14:40:44] [INFO] [xgboost_exit_adapter] [EXIT_MODEL][DEBUG_FEATURE] trend_h1=50.0
[2026-08-04 14:40:44] [INFO] [xgboost_exit_adapter] [EXIT_MODEL][DEBUG_FEATURE] trend_h4=50.0
[2026-08-04 14:40:44] [INFO] [xgboost_exit_adapter] [EXIT_MODEL] symbol=EURUSD prediction_exit_probability=0.9000 decision_signal=90.0%
[2026-08-04 14:42:19] [DEBUG] [hybrid_market_client] Fetching indicators for XAUUSD (QuantDinger first)
[2026-08-04 14:42:19] [DEBUG] [market_client] DEBUG: Requesting XAUUSD H1 as '1H'
[2026-08-04 14:42:20] [INFO] [qd_client] Logged in to QuantDinger
[2026-08-04 14:42:20] [DEBUG] [market_client] Candles XAUUSD 1H: 92 bars ✓
[2026-08-04 14:42:20] [DEBUG] [hybrid_market_client] ✓ Got live data from QuantDinger for XAUUSD
[2026-08-04 14:42:20] [DEBUG] [hybrid_market_client] Fetching indicators for XAUUSD (QuantDinger first)
[2026-08-04 14:42:20] [WARNING] [hybrid_market_client] QuantDinger returned empty data for XAUUSD - trying MT5 fallback
[2026-08-04 14:42:20] [DEBUG] [hybrid_market_client] [MT5_FALLBACK] Got 100 candles for XAUUSD H1
[2026-08-04 14:42:20] [INFO] [hybrid_market_client] [MT5_FALLBACK] ✓ Got live data from MT5 for XAUUSD H1
[2026-08-04 14:42:20] [DEBUG] [hybrid_market_client] Fetching indicators for XAUUSD (QuantDinger first)
[2026-08-04 14:42:20] [WARNING] [hybrid_market_client] QuantDinger returned placeholder data (rsi=50.0) for XAUUSD - trying MT5 fallback
[2026-08-04 14:42:20] [DEBUG] [hybrid_market_client] [MT5_FALLBACK] Got 100 candles for XAUUSD H1
[2026-08-04 14:42:20] [INFO] [hybrid_market_client] [MT5_FALLBACK] ✓ Got live data from MT5 for XAUUSD H1
[2026-08-04 14:42:20] [DEBUG] [hybrid_market_client] [MT5_FALLBACK] Got 100 candles for XAUUSD H1
[2026-08-04 14:43:00] [INFO] [main] Trading Bot V3 starting...
[2026-08-04 14:43:00] [INFO] [database] V3 Database initialized with all tables
[2026-08-04 14:43:01] [INFO] [qd_client] Logged in to QuantDinger
[2026-08-04 14:43:01] [INFO] [qd_client] MT5 connected
[2026-08-04 14:43:01] [INFO] [main] MT5 connected
[2026-08-04 14:43:01] [INFO] [main] [STARTUP_SAFETY] Starting startup safety check (run-once)
[2026-08-04 14:43:01] [WARNING] [main] [STARTUP_SAFETY] mt5.positions_get None diagnostic last_error=(1, 'Success')
[2026-08-04 14:43:01] [INFO] [main] [STARTUP_SAFETY] MT5 open positions count=0
[2026-08-04 14:43:01] [INFO] [main] [STARTUP_SAFETY] DB open trades count=0
[2026-08-04 14:43:01] [INFO] [main] [STARTUP_SAFETY] missing_in_db(MT5-only)=0 missing_in_mt5(DB-only)=0
[2026-08-04 14:43:01] [INFO] [main] [STARTUP_SAFETY] Synced open positions count=0
[2026-08-04 14:43:01] [INFO] [main] [STARTUP_SAFETY] Completed startup safety check successfully
[2026-08-04 14:43:01] [INFO] [telegram_bot] Telegram polling started
[2026-08-04 14:43:01] [INFO] [telegram_bot] Telegram bot V3 started
[2026-08-04 14:43:01] [INFO] [mt5_watchdog] MT5 watchdog started (V1 reconnect logic)
[2026-08-04 14:43:01] [INFO] [reconciliation] Reconciliation loop started (every 60s)
[2026-08-04 14:43:01] [INFO] [reconciliation] Reconciliation thread started (safety only)
[2026-08-04 14:43:01] [INFO] [post_entry_manager] PostEntryManager started
[2026-08-04 14:43:01] [INFO] [main] ==================================================
[2026-08-04 14:43:01] [INFO] [main] Cycle 1 at 14:43:01
[2026-08-04 14:43:11] [INFO] [news_fetcher] Fetched 22 relevant news items
[2026-08-04 14:43:11] [INFO] [main] Equity: 100.00$ | News: 22
[2026-08-04 14:43:11] [DEBUG] [hybrid_market_client] Fetching indicators for EURUSD (QuantDinger first)
[2026-08-04 14:43:11] [DEBUG] [market_client] DEBUG: Requesting EURUSD H4 as '4H'
[2026-08-04 14:43:11] [DEBUG] [market_client] Candles EURUSD 4H: 100 bars ✓
[2026-08-04 14:43:11] [DEBUG] [hybrid_market_client] ✓ Got live data from QuantDinger for EURUSD
[2026-08-04 14:43:11] [DEBUG] [hybrid_market_client] Fetching indicators for EURUSD (QuantDinger first)
[2026-08-04 14:43:11] [DEBUG] [market_client] DEBUG: Requesting EURUSD H1 as '1H'
[2026-08-04 14:43:12] [DEBUG] [market_client] Candles EURUSD 1H: 100 bars ✓
[2026-08-04 14:43:12] [DEBUG] [hybrid_market_client] ✓ Got live data from QuantDinger for EURUSD
[2026-08-04 14:43:12] [DEBUG] [hybrid_market_client] Fetching indicators for EURUSD (QuantDinger first)
[2026-08-04 14:43:12] [DEBUG] [market_client] DEBUG: Requesting EURUSD M15 as '15m'
[2026-08-04 14:43:12] [DEBUG] [market_client] Candles EURUSD 15m: 100 bars ✓
[2026-08-04 14:43:12] [DEBUG] [hybrid_market_client] ✓ Got live data from QuantDinger for EURUSD
[2026-08-04 14:43:12] [INFO] [market_snapshot_builder] [SNAPSHOT_BUILT] symbol=EURUSD tfs=H4,H1,M15
[2026-08-04 14:43:12] [DEBUG] [hybrid_market_client] Fetching indicators for XAUUSD (QuantDinger first)
[2026-08-04 14:43:12] [DEBUG] [market_client] DEBUG: Requesting XAUUSD H4 as '4H'
[2026-08-04 14:43:12] [DEBUG] [market_client] Candles XAUUSD 4H: 100 bars ✓
[2026-08-04 14:43:12] [DEBUG] [hybrid_market_client] ✓ Got live data from QuantDinger for XAUUSD
[2026-08-04 14:43:12] [DEBUG] [hybrid_market_client] Fetching indicators for XAUUSD (QuantDinger first)
[2026-08-04 14:43:12] [DEBUG] [market_client] DEBUG: Requesting XAUUSD H1 as '1H'
[2026-08-04 14:43:12] [DEBUG] [market_client] Candles XAUUSD 1H: 92 bars ✓
[2026-08-04 14:43:12] [DEBUG] [hybrid_market_client] ✓ Got live data from QuantDinger for XAUUSD
[2026-08-04 14:43:12] [DEBUG] [hybrid_market_client] Fetching indicators for XAUUSD (QuantDinger first)
[2026-08-04 14:43:12] [DEBUG] [market_client] DEBUG: Requesting XAUUSD M15 as '15m'
[2026-08-04 14:43:12] [DEBUG] [market_client] Candles XAUUSD 15m: 100 bars ✓
[2026-08-04 14:43:12] [DEBUG] [hybrid_market_client] ✓ Got live data from QuantDinger for XAUUSD
[2026-08-04 14:43:12] [INFO] [market_snapshot_builder] [SNAPSHOT_BUILT] symbol=XAUUSD tfs=H4,H1,M15
[2026-08-04 14:43:12] [DEBUG] [hybrid_market_client] Fetching indicators for GBPUSD (QuantDinger first)
[2026-08-04 14:43:12] [DEBUG] [market_client] DEBUG: Requesting GBPUSD H4 as '4H'
[2026-08-04 14:43:13] [DEBUG] [market_client] Candles GBPUSD 4H: 100 bars ✓
[2026-08-04 14:43:13] [DEBUG] [hybrid_market_client] ✓ Got live data from QuantDinger for GBPUSD
[2026-08-04 14:43:13] [DEBUG] [hybrid_market_client] Fetching indicators for GBPUSD (QuantDinger first)
[2026-08-04 14:43:13] [DEBUG] [market_client] DEBUG: Requesting GBPUSD H1 as '1H'
[2026-08-04 14:43:13] [DEBUG] [market_client] Candles GBPUSD 1H: 100 bars ✓
[2026-08-04 14:43:13] [DEBUG] [hybrid_market_client] ✓ Got live data from QuantDinger for GBPUSD
[2026-08-04 14:43:13] [DEBUG] [hybrid_market_client] Fetching indicators for GBPUSD (QuantDinger first)
[2026-08-04 14:43:13] [DEBUG] [market_client] DEBUG: Requesting GBPUSD M15 as '15m'
[2026-08-04 14:43:13] [DEBUG] [market_client] Candles GBPUSD 15m: 100 bars ✓
[2026-08-04 14:43:13] [DEBUG] [hybrid_market_client] ✓ Got live data from QuantDinger for GBPUSD
[2026-08-04 14:43:13] [INFO] [market_snapshot_builder] [SNAPSHOT_BUILT] symbol=GBPUSD tfs=H4,H1,M15
[2026-08-04 14:43:13] [INFO] [main] --- EURUSD ---
[2026-08-04 14:43:17] [INFO] [deepseek] DEEPSEEK OK: {"impact_score": 70, "bias": "bullish", "confidence": 0.75, "reason": "الاتجاه العام صاعد بقوة على ج...
[2026-08-04 14:43:17] [INFO] [deepseek] AI EURUSD: bias=bullish impact=70.0 conf=0.75
[2026-08-04 14:43:17] [INFO] [signal_engine] [VERIFY] SIGNAL_INPUT bias=bullish score=70.0 confidence=0.75
[2026-08-04 14:43:17] [INFO] [signal_engine] [VERIFY] SIGNAL_RULE rule=confidence>=0.60 actual=0.75 result=True
[2026-08-04 14:43:17] [INFO] [signal_engine] [VERIFY] SIGNAL_RULE rule=score>=55 actual=70.0 result=True
[2026-08-04 14:43:17] [INFO] [signal_engine] [VERIFY] SIGNAL_RULE rule=bias in [bullish,bearish] actual=bullish result=True
[2026-08-04 14:43:17] [INFO] [signal_engine] [VERIFY] SIGNAL_FINAL direction=BUY score=70.0 confidence=0.75 valid=True
[2026-08-04 14:43:17] [DEBUG] [signal_engine] Signal: BUY score=70.0 conf=0.75 strength=قوي valid=True
[2026-08-04 14:43:17] [INFO] [sentiment] Sentiment EURUSD: neutral score=50 bull=1 bear=1
[2026-08-04 14:43:17] [DEBUG] [mtf] MTF (snapshot) EURUSD: H4=bullish H1=bullish M15=bullish aligned=True (strong)
[2026-08-04 14:43:17] [INFO] [main] [VERIFY][DATA_TRUTH] symbol=EURUSD timeframe=H4/H1/M15 news_fetched=True indicators_fetched=True live_data=True cached=False
[2026-08-04 14:43:17] [INFO] [voting_engine] EURUSD: MTF strongly aligned, boosting score 10%
[2026-08-04 14:43:17] [DEBUG] [hybrid_market_client] Fetching indicators for EURUSD (QuantDinger first)
[2026-08-04 14:43:17] [DEBUG] [market_client] DEBUG: Requesting EURUSD 4H as '4H'
[2026-08-04 14:43:17] [DEBUG] [market_client] Candles EURUSD 4H: 100 bars ✓
[2026-08-04 14:43:17] [DEBUG] [hybrid_market_client] ✓ Got live data from QuantDinger for EURUSD
[2026-08-04 14:43:17] [DEBUG] [hybrid_market_client] Fetching indicators for EURUSD (QuantDinger first)
[2026-08-04 14:43:17] [DEBUG] [market_client] Using cached candles for EURUSD 4H (age: 0s)
[2026-08-04 14:43:17] [DEBUG] [hybrid_market_client] ✓ Got live data from QuantDinger for EURUSD
[2026-08-04 14:43:17] [INFO] [sltp] SL/TP EURUSD: entry=1.152339220046997 atr=0.00201 sl=1.14933 tp=1.15736
[2026-08-04 14:43:17] [INFO] [position_sizing] Position size: 0.5 (equity=100, risk=0.002, sl_dist=0.00301, score=90, cons_loss=1)
[2026-08-04 14:43:17] [INFO] [xgboost_v2] [VERIFY] XGBOOST MODEL LOADED path=models/entry/entry_model.json available=True
[2026-08-04 14:43:17] [INFO] [xgboost_v2] XGBoost v2 model loaded successfully
[2026-08-04 14:43:17] [DEBUG] [xgboost_v2] V2 predict: rsi=60.7 atr=0.00201 regime=TRENDING session=london dir=BUY -> p_win=0.504
[2026-08-04 14:43:17] [INFO] [xgboost_v2] [VERIFY] XGBOOST PREDICTION p_win=0.504 available=True
[2026-08-04 14:43:17] [INFO] [main] [VERIFY][DECISION_TRUTH] bias=bullish score=90.1 confidence=1.0 vote=BUY risk_passed=True sl_tp_calculated=True position_size=0.5 xgboost_p_win=0.5036211013793945 final_decision_valid=False reject_reason=p_win<threshold (p_win=0.504 threshold=0.6)
[2026-08-04 14:43:17] [INFO] [main] --- XAUUSD ---
[2026-08-04 14:43:21] [WARNING] [deepseek] DeepSeek empty response: finish_reason=length, raw={"id":"8e549752-bf74-4326-abcf-ddfee3fe0c73","object":"chat.completion","created":1785843797,"model":"deepseek-v4-flash","choices":[{"index":0,"message":{"role":"assistant","content":"","reasoning_content":"We need to produce JSON. Need to analyze news and market context. Symbol XAUUSD. Price 4116.6
[2026-08-04 14:43:29] [WARNING] [deepseek] DeepSeek empty response: finish_reason=length, raw={"id":"64552a0e-5d6e-4fd7-b9bd-a62c0d78005f","object":"chat.completion","created":1785843804,"model":"deepseek-v4-flash","choices":[{"index":0,"message":{"role":"assistant","content":"","reasoning_content":"We need to produce JSON. Need strict. Need analyze news/market. XAUUSD current 4116.6, RSI 46
[2026-08-04 14:43:35] [INFO] [deepseek] DEEPSEEK OK: {"impact_score": 60, "bias": "bullish", "confidence": 0.6, "reason": "الأخبار تدعم ارتداد الذهب بفضل...
[2026-08-04 14:43:35] [INFO] [deepseek] AI XAUUSD: bias=bullish impact=60.0 conf=0.60
[2026-08-04 14:43:35] [INFO] [signal_engine] [VERIFY] SIGNAL_INPUT bias=bullish score=60.0 confidence=0.6
[2026-08-04 14:43:35] [INFO] [signal_engine] [VERIFY] SIGNAL_RULE rule=confidence>=0.60 actual=0.6 result=True
[2026-08-04 14:43:35] [INFO] [signal_engine] [VERIFY] SIGNAL_RULE rule=score>=55 actual=60.0 result=True
[2026-08-04 14:43:35] [INFO] [signal_engine] [VERIFY] SIGNAL_RULE rule=bias in [bullish,bearish] actual=bullish result=True
[2026-08-04 14:43:35] [INFO] [signal_engine] [VERIFY] SIGNAL_FINAL direction=BUY score=60.0 confidence=0.6 valid=True
[2026-08-04 14:43:35] [DEBUG] [signal_engine] Signal: BUY score=60.0 conf=0.60 strength=متوسط valid=True
[2026-08-04 14:43:35] [INFO] [sentiment] Sentiment XAUUSD: bullish score=100 bull=1 bear=0
[2026-08-04 14:43:35] [DEBUG] [mtf] MTF (snapshot) XAUUSD: H4=bearish H1=bullish M15=bearish aligned=False (weak)
[2026-08-04 14:43:35] [INFO] [main] [VERIFY][DATA_TRUTH] symbol=XAUUSD timeframe=H4/H1/M15 news_fetched=True indicators_fetched=True live_data=True cached=False
[2026-08-04 14:43:35] [INFO] [voting_engine] XAUUSD: MTF weakly misaligned, reducing score 10%
[2026-08-04 14:43:35] [INFO] [risk_engine] Risk: Score too low (XAUUSD BUY) - Score 44.1 < 45
[2026-08-04 14:43:35] [DEBUG] [hybrid_market_client] Fetching indicators for XAUUSD (QuantDinger first)
[2026-08-04 14:43:35] [DEBUG] [market_client] DEBUG: Requesting XAUUSD 4H as '4H'
[2026-08-04 14:43:35] [DEBUG] [market_client] Candles XAUUSD 4H: 100 bars ✓
[2026-08-04 14:43:35] [DEBUG] [hybrid_market_client] ✓ Got live data from QuantDinger for XAUUSD
[2026-08-04 14:43:35] [DEBUG] [hybrid_market_client] Fetching indicators for XAUUSD (QuantDinger first)
[2026-08-04 14:43:35] [DEBUG] [market_client] Using cached candles for XAUUSD 4H (age: 0s)
[2026-08-04 14:43:35] [DEBUG] [hybrid_market_client] ✓ Got live data from QuantDinger for XAUUSD
[2026-08-04 14:43:35] [INFO] [sltp] SL/TP XAUUSD: entry=4116.60009765625 atr=24.26430 sl=4106.6001 tp=4177.26085
[2026-08-04 14:43:35] [INFO] [position_sizing] Position size: 0.01 (equity=100, risk=0.000, sl_dist=10.00000, score=44, cons_loss=1)
[2026-08-04 14:43:35] [DEBUG] [xgboost_v2] V2 predict: rsi=56.8 atr=24.26430 regime=TRENDING session=london dir=BUY -> p_win=0.390
[2026-08-04 14:43:35] [INFO] [xgboost_v2] [VERIFY] XGBOOST PREDICTION p_win=0.390 available=True
[2026-08-04 14:43:35] [INFO] [main] [VERIFY][DECISION_TRUTH] bias=bullish score=44.1 confidence=0.277 vote=BUY risk_passed=False sl_tp_calculated=True position_size=0.01 xgboost_p_win=0.3900853097438812 final_decision_valid=False reject_reason=p_win<threshold (p_win=0.390 threshold=0.6)
[2026-08-04 14:43:35] [INFO] [main] --- GBPUSD ---
[2026-08-04 14:43:38] [INFO] [deepseek] DEEPSEEK OK: {"impact_score": 65, "bias": "bullish", "confidence": 0.7, "reason": "اتجاه صاعد قوي على الأطر الزمن...
[2026-08-04 14:43:38] [INFO] [deepseek] AI GBPUSD: bias=bullish impact=65.0 conf=0.70
[2026-08-04 14:43:38] [INFO] [signal_engine] [VERIFY] SIGNAL_INPUT bias=bullish score=65.0 confidence=0.7
[2026-08-04 14:43:38] [INFO] [signal_engine] [VERIFY] SIGNAL_RULE rule=confidence>=0.60 actual=0.7 result=True
[2026-08-04 14:43:38] [INFO] [signal_engine] [VERIFY] SIGNAL_RULE rule=score>=55 actual=65.0 result=True
[2026-08-04 14:43:38] [INFO] [signal_engine] [VERIFY] SIGNAL_RULE rule=bias in [bullish,bearish] actual=bullish result=True
[2026-08-04 14:43:38] [INFO] [signal_engine] [VERIFY] SIGNAL_FINAL direction=BUY score=65.0 confidence=0.7 valid=True
[2026-08-04 14:43:38] [DEBUG] [signal_engine] Signal: BUY score=65.0 conf=0.70 strength=متوسط valid=True
[2026-08-04 14:43:38] [DEBUG] [mtf] MTF (snapshot) GBPUSD: H4=bullish H1=bearish M15=bearish aligned=True (weak)
[2026-08-04 14:43:38] [INFO] [main] [VERIFY][DATA_TRUTH] symbol=GBPUSD timeframe=H4/H1/M15 news_fetched=True indicators_fetched=True live_data=True cached=False
[2026-08-04 14:43:38] [DEBUG] [hybrid_market_client] Fetching indicators for GBPUSD (QuantDinger first)
[2026-08-04 14:43:38] [DEBUG] [market_client] DEBUG: Requesting GBPUSD 4H as '4H'
[2026-08-04 14:43:38] [DEBUG] [market_client] Candles GBPUSD 4H: 100 bars ✓
[2026-08-04 14:43:38] [DEBUG] [hybrid_market_client] ✓ Got live data from QuantDinger for GBPUSD
[2026-08-04 14:43:38] [DEBUG] [hybrid_market_client] Fetching indicators for GBPUSD (QuantDinger first)
[2026-08-04 14:43:38] [DEBUG] [market_client] Using cached candles for GBPUSD 4H (age: 0s)
[2026-08-04 14:43:38] [DEBUG] [hybrid_market_client] ✓ Got live data from QuantDinger for GBPUSD
[2026-08-04 14:43:38] [INFO] [sltp] SL/TP GBPUSD: entry=1.3452612161636353 atr=0.00239 sl=1.34168 tp=1.35123
[2026-08-04 14:43:38] [INFO] [position_sizing] Position size: 0.5 (equity=100, risk=0.000, sl_dist=0.00358, score=52, cons_loss=1)
[2026-08-04 14:43:38] [DEBUG] [xgboost_v2] V2 predict: rsi=74.8 atr=0.00239 regime=TRENDING session=london dir=BUY -> p_win=0.613
[2026-08-04 14:43:38] [INFO] [xgboost_v2] [VERIFY] XGBOOST PREDICTION p_win=0.613 available=True
[2026-08-04 14:43:38] [INFO] [main] [VERIFY][DECISION_TRUTH] bias=bullish score=51.9 confidence=1.0 vote=BUY risk_passed=True sl_tp_calculated=True position_size=0.5 xgboost_p_win=0.6126676201820374 final_decision_valid=True reject_reason=OK
[2026-08-04 14:43:38] [INFO] [mt5_direct] [MT5_DIRECT] open_trade symbol=GBPUSD direction=BUY volume=0.5 sl=1.34168 tp=1.35123
[2026-08-04 14:43:38] [INFO] [mt5_direct] [MT5_DIRECT] terminal_info: TerminalInfo(community_account=True, community_connection=True, connected=True, dlls_allowed=False, trade_allowed=False, tradeapi_disabled=False, email_enabled=False, ftp_enabled=False, notifications_enabled=False, mqid=True, build=6090, maxbars=100000, codepage=0, ping_last=76130, community_balance=0.0, retransmission=0.38982355354944603, company='MetaQuotes Ltd.', name='MetaTrader 5', language='English', path='C:\\Program Files\\MetaTrader 5', data_path='C:\\Users\\ACER\\AppData\\Roaming\\MetaQuotes\\Terminal\\D0E8209F77C8CF37AD8BF550E51FF075', commondata_path='C:\\Users\\ACER\\AppData\\Roaming\\MetaQuotes\\Terminal\\Common')
[2026-08-04 14:43:38] [INFO] [mt5_direct] [MT5_DIRECT] account_info: AccountInfo(login=110389912, trade_mode=0, leverage=1, limit_orders=200, margin_so_mode=0, trade_allowed=True, trade_expert=True, margin_mode=2, currency_digits=2, fifo_close=False, balance=100.0, credit=0.0, profit=0.0, equity=100.0, margin=0.0, margin_free=100.0, margin_level=0.0, margin_so_call=50.0, margin_so_so=30.0, margin_initial=0.0, margin_maintenance=0.0, assets=0.0, liabilities=0.0, commission_blocked=0.0, name='Alid Nn', server='MetaQuotes-Demo', currency='USD', company='MetaQuotes Ltd.')
[2026-08-04 14:43:38] [DEBUG] [mt5_direct] [MT5_DIRECT] order_send request={'action': 1, 'symbol': 'GBPUSD', 'volume': 0.5, 'type': 0, 'price': 1.34522, 'sl': 1.34168, 'tp': 1.35123, 'deviation': 20, 'magic': 0, 'comment': 'Bot V3', 'type_filling': 1}
[2026-08-04 14:43:38] [ERROR] [mt5_direct] [MT5_DIRECT] order_send failed result=OrderSendResult(retcode=10027, deal=0, order=0, volume=0.0, price=0.0, bid=0.0, ask=0.0, comment='AutoTrading disabled by client', request_id=0, retcode_external=0, request=TradeRequest(action=1, magic=0, order=0, symbol='GBPUSD', volume=0.5, price=1.34522, stoplimit=0.0, sl=1.34168, tp=1.35123, deviation=20, type=0, type_filling=1, type_time=0, expiration=0, comment='Bot V3', position=0, position_by=0)) comment=AutoTrading disabled by client retcode=10027
[2026-08-04 14:43:38] [INFO] [mt5_direct] [MT5_DIRECT] Retry order_send without type_filling
[2026-08-04 14:43:38] [INFO] [main] [VERIFY][EXECUTION_RESULT] symbol=GBPUSD open_trade_result={'status': 'error', 'error': 'order_send failed (retry). comment=AutoTrading disabled by client retcode=10027', 'order_id': None, 'price': None, 'symbol': 'GBPUSD', 'direction': 'BUY', 'volume': 0.5, 'timestamp': 1785843818.4563458, 'raw_response': {'retcode': 10027, 'deal': 0, 'order': 0, 'volume': 0.0, 'price': 0.0, 'bid': 0.0, 'ask': 0.0, 'comment': 'AutoTrading disabled by client', 'request_id': 0, 'retcode_external': 0, 'request': TradeRequest(action=1, magic=0, order=0, symbol='GBPUSD', volume=0.5, price=1.34522, stoplimit=0.0, sl=1.34168, tp=1.35123, deviation=20, type=0, type_filling=1, type_time=0, expiration=0, comment='Bot V3', position=0, position_by=0)}}
[2026-08-04 14:43:38] [INFO] [adaptive_weights] EURUSD weights updated: {'ai': 0.239, 'trend': 0.239, 'momentum': 0.239, 'sentiment': 0.239, 'volatility': 0.043} | WR=10.0% PF=2.07
[2026-08-04 14:43:38] [INFO] [adaptive_weights] GBPUSD weights updated: {'ai': 0.239, 'trend': 0.239, 'momentum': 0.239, 'sentiment': 0.239, 'volatility': 0.043} | WR=13.0% PF=8.53
[2026-08-04 14:43:38] [INFO] [adaptive_weights] 🏆 أفضل زوج: GBPUSD | WR=13.0% | PnL=144.6$
[2026-08-04 14:43:38] [INFO] [adaptive_weights] ⚠️ أسوأ زوج: XAUUSD | WR=0.0% | PnL=-16.8$
[2026-08-04 14:43:38] [INFO] [main] Sleeping 1800s...
[2026-08-04 14:44:56] [INFO] [main] Trading Bot V3 starting...
[2026-08-04 14:44:56] [INFO] [database] V3 Database initialized with all tables
[2026-08-04 14:44:56] [INFO] [qd_client] Logged in to QuantDinger
[2026-08-04 14:44:57] [INFO] [qd_client] MT5 connected
[2026-08-04 14:44:57] [INFO] [main] MT5 connected
[2026-08-04 14:44:57] [INFO] [main] [STARTUP_SAFETY] Starting startup safety check (run-once)
[2026-08-04 14:44:57] [WARNING] [main] [STARTUP_SAFETY] mt5.positions_get None diagnostic last_error=(1, 'Success')
[2026-08-04 14:44:57] [INFO] [main] [STARTUP_SAFETY] MT5 open positions count=0
[2026-08-04 14:44:57] [INFO] [main] [STARTUP_SAFETY] DB open trades count=0
[2026-08-04 14:44:57] [INFO] [main] [STARTUP_SAFETY] missing_in_db(MT5-only)=0 missing_in_mt5(DB-only)=0
[2026-08-04 14:44:57] [INFO] [main] [STARTUP_SAFETY] Synced open positions count=0
[2026-08-04 14:44:57] [INFO] [main] [STARTUP_SAFETY] Completed startup safety check successfully
[2026-08-04 14:44:57] [INFO] [telegram_bot] Telegram polling started
[2026-08-04 14:44:57] [INFO] [telegram_bot] Telegram bot V3 started
[2026-08-04 14:44:57] [INFO] [mt5_watchdog] MT5 watchdog started (V1 reconnect logic)
[2026-08-04 14:44:57] [INFO] [reconciliation] Reconciliation loop started (every 60s)
[2026-08-04 14:44:57] [INFO] [reconciliation] Reconciliation thread started (safety only)
[2026-08-04 14:44:57] [INFO] [post_entry_manager] PostEntryManager started
[2026-08-04 14:44:57] [INFO] [main] ==================================================
[2026-08-04 14:44:57] [INFO] [main] Cycle 1 at 14:44:57
[2026-08-04 14:45:06] [INFO] [news_fetcher] Fetched 21 relevant news items
[2026-08-04 14:45:06] [INFO] [main] Equity: 100.00$ | News: 21
[2026-08-04 14:45:06] [DEBUG] [hybrid_market_client] Fetching indicators for EURUSD (QuantDinger first)
[2026-08-04 14:45:06] [DEBUG] [market_client] DEBUG: Requesting EURUSD H4 as '4H'
[2026-08-04 14:45:07] [DEBUG] [market_client] Candles EURUSD 4H: 100 bars ✓
[2026-08-04 14:45:07] [DEBUG] [hybrid_market_client] ✓ Got live data from QuantDinger for EURUSD
[2026-08-04 14:45:07] [DEBUG] [hybrid_market_client] Fetching indicators for EURUSD (QuantDinger first)
[2026-08-04 14:45:07] [DEBUG] [market_client] DEBUG: Requesting EURUSD H1 as '1H'
[2026-08-04 14:45:07] [DEBUG] [market_client] Candles EURUSD 1H: 100 bars ✓
[2026-08-04 14:45:07] [DEBUG] [hybrid_market_client] ✓ Got live data from QuantDinger for EURUSD
[2026-08-04 14:45:07] [DEBUG] [hybrid_market_client] Fetching indicators for EURUSD (QuantDinger first)
[2026-08-04 14:45:07] [DEBUG] [market_client] DEBUG: Requesting EURUSD M15 as '15m'
[2026-08-04 14:45:07] [DEBUG] [market_client] Candles EURUSD 15m: 100 bars ✓
[2026-08-04 14:45:07] [DEBUG] [hybrid_market_client] ✓ Got live data from QuantDinger for EURUSD
[2026-08-04 14:45:07] [INFO] [market_snapshot_builder] [SNAPSHOT_BUILT] symbol=EURUSD tfs=H4,H1,M15
[2026-08-04 14:45:07] [DEBUG] [hybrid_market_client] Fetching indicators for XAUUSD (QuantDinger first)
[2026-08-04 14:45:07] [DEBUG] [market_client] DEBUG: Requesting XAUUSD H4 as '4H'
[2026-08-04 14:45:07] [DEBUG] [market_client] Candles XAUUSD 4H: 100 bars ✓
[2026-08-04 14:45:07] [DEBUG] [hybrid_market_client] ✓ Got live data from QuantDinger for XAUUSD
[2026-08-04 14:45:07] [DEBUG] [hybrid_market_client] Fetching indicators for XAUUSD (QuantDinger first)
[2026-08-04 14:45:07] [DEBUG] [market_client] DEBUG: Requesting XAUUSD H1 as '1H'
[2026-08-04 14:45:07] [DEBUG] [market_client] Candles XAUUSD 1H: 92 bars ✓
[2026-08-04 14:45:07] [DEBUG] [hybrid_market_client] ✓ Got live data from QuantDinger for XAUUSD
[2026-08-04 14:45:07] [DEBUG] [hybrid_market_client] Fetching indicators for XAUUSD (QuantDinger first)
[2026-08-04 14:45:07] [DEBUG] [market_client] DEBUG: Requesting XAUUSD M15 as '15m'
[2026-08-04 14:45:07] [DEBUG] [market_client] Candles XAUUSD 15m: 100 bars ✓
[2026-08-04 14:45:07] [DEBUG] [hybrid_market_client] ✓ Got live data from QuantDinger for XAUUSD
[2026-08-04 14:45:07] [INFO] [market_snapshot_builder] [SNAPSHOT_BUILT] symbol=XAUUSD tfs=H4,H1,M15
[2026-08-04 14:45:07] [DEBUG] [hybrid_market_client] Fetching indicators for GBPUSD (QuantDinger first)
[2026-08-04 14:45:07] [DEBUG] [market_client] DEBUG: Requesting GBPUSD H4 as '4H'
[2026-08-04 14:45:07] [DEBUG] [market_client] Candles GBPUSD 4H: 100 bars ✓
[2026-08-04 14:45:07] [WARNING] [hybrid_market_client] QuantDinger returned placeholder data (rsi=50.0) for GBPUSD - trying MT5 fallback
[2026-08-04 14:45:07] [DEBUG] [hybrid_market_client] [MT5_FALLBACK] Got 100 candles for GBPUSD H4
[2026-08-04 14:45:07] [INFO] [hybrid_market_client] [MT5_FALLBACK] ✓ Got live data from MT5 for GBPUSD H4
[2026-08-04 14:45:07] [DEBUG] [hybrid_market_client] Fetching indicators for GBPUSD (QuantDinger first)
[2026-08-04 14:45:07] [DEBUG] [market_client] DEBUG: Requesting GBPUSD H1 as '1H'
[2026-08-04 14:45:07] [DEBUG] [market_client] Candles GBPUSD 1H: 100 bars ✓
[2026-08-04 14:45:07] [DEBUG] [hybrid_market_client] ✓ Got live data from QuantDinger for GBPUSD
[2026-08-04 14:45:07] [DEBUG] [hybrid_market_client] Fetching indicators for GBPUSD (QuantDinger first)
[2026-08-04 14:45:07] [DEBUG] [market_client] DEBUG: Requesting GBPUSD M15 as '15m'
[2026-08-04 14:45:07] [DEBUG] [market_client] Candles GBPUSD 15m: 100 bars ✓
[2026-08-04 14:45:07] [DEBUG] [hybrid_market_client] ✓ Got live data from QuantDinger for GBPUSD
[2026-08-04 14:45:07] [INFO] [market_snapshot_builder] [SNAPSHOT_BUILT] symbol=GBPUSD tfs=H4,H1,M15
[2026-08-04 14:45:07] [INFO] [main] --- EURUSD ---
[2026-08-04 14:45:16] [INFO] [deepseek] DEEPSEEK OK: {"impact_score": 65, "bias": "bullish", "confidence": 0.72, "reason": "السياق الفني يظهر اتجاه صاعد ...
[2026-08-04 14:45:16] [INFO] [deepseek] AI EURUSD: bias=bullish impact=65.0 conf=0.72
[2026-08-04 14:45:16] [INFO] [signal_engine] [VERIFY] SIGNAL_INPUT bias=bullish score=65.0 confidence=0.72
[2026-08-04 14:45:16] [INFO] [signal_engine] [VERIFY] SIGNAL_RULE rule=confidence>=0.60 actual=0.72 result=True
[2026-08-04 14:45:16] [INFO] [signal_engine] [VERIFY] SIGNAL_RULE rule=score>=55 actual=65.0 result=True
[2026-08-04 14:45:16] [INFO] [signal_engine] [VERIFY] SIGNAL_RULE rule=bias in [bullish,bearish] actual=bullish result=True
[2026-08-04 14:45:16] [INFO] [signal_engine] [VERIFY] SIGNAL_FINAL direction=BUY score=65.0 confidence=0.72 valid=True
[2026-08-04 14:45:16] [DEBUG] [signal_engine] Signal: BUY score=65.0 conf=0.72 strength=متوسط valid=True
[2026-08-04 14:45:16] [INFO] [sentiment] Sentiment EURUSD: neutral score=50 bull=1 bear=1
[2026-08-04 14:45:16] [DEBUG] [mtf] MTF (snapshot) EURUSD: H4=bullish H1=bullish M15=bullish aligned=True (strong)
[2026-08-04 14:45:16] [INFO] [main] [VERIFY][DATA_TRUTH] symbol=EURUSD timeframe=H4/H1/M15 news_fetched=True indicators_fetched=True live_data=True cached=False
[2026-08-04 14:45:16] [INFO] [voting_engine] EURUSD: MTF strongly aligned, boosting score 10%
[2026-08-04 14:45:16] [DEBUG] [hybrid_market_client] Fetching indicators for EURUSD (QuantDinger first)
[2026-08-04 14:45:16] [DEBUG] [market_client] DEBUG: Requesting EURUSD 4H as '4H'
[2026-08-04 14:45:16] [DEBUG] [market_client] Candles EURUSD 4H: 100 bars ✓
[2026-08-04 14:45:16] [DEBUG] [hybrid_market_client] ✓ Got live data from QuantDinger for EURUSD
[2026-08-04 14:45:16] [DEBUG] [hybrid_market_client] Fetching indicators for EURUSD (QuantDinger first)
[2026-08-04 14:45:16] [DEBUG] [market_client] Using cached candles for EURUSD 4H (age: 0s)
[2026-08-04 14:45:16] [DEBUG] [hybrid_market_client] ✓ Got live data from QuantDinger for EURUSD
[2026-08-04 14:45:16] [INFO] [sltp] SL/TP EURUSD: entry=1.1526048183441162 atr=0.00203 sl=1.14956 tp=1.15767
[2026-08-04 14:45:16] [INFO] [position_sizing] Position size: 0.5 (equity=100, risk=0.001, sl_dist=0.00304, score=88, cons_loss=1)
[2026-08-04 14:45:16] [INFO] [xgboost_v2] [VERIFY] XGBOOST MODEL LOADED path=models/entry/entry_model.json available=True
[2026-08-04 14:45:16] [INFO] [xgboost_v2] XGBoost v2 model loaded successfully
[2026-08-04 14:45:16] [DEBUG] [xgboost_v2] V2 predict: rsi=60.7 atr=0.00203 regime=TRENDING session=london dir=BUY -> p_win=0.504
[2026-08-04 14:45:16] [INFO] [xgboost_v2] [VERIFY] XGBOOST PREDICTION p_win=0.504 available=True
[2026-08-04 14:45:16] [INFO] [main] [VERIFY][DECISION_TRUTH] bias=bullish score=88.0 confidence=1.0 vote=BUY risk_passed=True sl_tp_calculated=True position_size=0.5 xgboost_p_win=0.5036211013793945 final_decision_valid=False reject_reason=p_win<threshold (p_win=0.504 threshold=0.6)
[2026-08-04 14:45:16] [INFO] [main] --- XAUUSD ---
[2026-08-04 14:45:20] [WARNING] [deepseek] DeepSeek empty response: finish_reason=length, raw={"id":"50634230-2b95-42e3-adaa-0115cad034e2","object":"chat.completion","created":1785843916,"model":"deepseek-v4-flash","choices":[{"index":0,"message":{"role":"assistant","content":"","reasoning_content":"We need to respond with JSON. Need to analyze news and market context. Market: XAUUSD, price 
[2026-08-04 14:45:26] [INFO] [deepseek] DEEPSEEK OK: {"impact_score": 65, "bias": "bullish", "confidence": 0.6, "reason": "التوترات الجيوسياسية بين أمريك...
[2026-08-04 14:45:26] [INFO] [deepseek] AI XAUUSD: bias=bullish impact=65.0 conf=0.60
[2026-08-04 14:45:26] [INFO] [signal_engine] [VERIFY] SIGNAL_INPUT bias=bullish score=65.0 confidence=0.6
[2026-08-04 14:45:26] [INFO] [signal_engine] [VERIFY] SIGNAL_RULE rule=confidence>=0.60 actual=0.6 result=True
[2026-08-04 14:45:26] [INFO] [signal_engine] [VERIFY] SIGNAL_RULE rule=score>=55 actual=65.0 result=True
[2026-08-04 14:45:26] [INFO] [signal_engine] [VERIFY] SIGNAL_RULE rule=bias in [bullish,bearish] actual=bullish result=True
[2026-08-04 14:45:26] [INFO] [signal_engine] [VERIFY] SIGNAL_FINAL direction=BUY score=65.0 confidence=0.6 valid=True
[2026-08-04 14:45:26] [DEBUG] [signal_engine] Signal: BUY score=65.0 conf=0.60 strength=متوسط valid=True
[2026-08-04 14:45:26] [INFO] [sentiment] Sentiment XAUUSD: bullish score=100 bull=1 bear=0
[2026-08-04 14:45:26] [DEBUG] [mtf] MTF (snapshot) XAUUSD: H4=bearish H1=bullish M15=bearish aligned=False (weak)
[2026-08-04 14:45:26] [INFO] [main] [VERIFY][DATA_TRUTH] symbol=XAUUSD timeframe=H4/H1/M15 news_fetched=True indicators_fetched=True live_data=True cached=False
[2026-08-04 14:45:26] [INFO] [voting_engine] XAUUSD: MTF weakly misaligned, reducing score 10%
[2026-08-04 14:45:26] [DEBUG] [hybrid_market_client] Fetching indicators for XAUUSD (QuantDinger first)
[2026-08-04 14:45:26] [DEBUG] [market_client] DEBUG: Requesting XAUUSD 4H as '4H'
[2026-08-04 14:45:26] [DEBUG] [market_client] Candles XAUUSD 4H: 100 bars ✓
[2026-08-04 14:45:26] [DEBUG] [hybrid_market_client] ✓ Got live data from QuantDinger for XAUUSD
[2026-08-04 14:45:26] [DEBUG] [hybrid_market_client] Fetching indicators for XAUUSD (QuantDinger first)
[2026-08-04 14:45:26] [DEBUG] [market_client] Using cached candles for XAUUSD 4H (age: 0s)
[2026-08-04 14:45:26] [DEBUG] [hybrid_market_client] ✓ Got live data from QuantDinger for XAUUSD
[2026-08-04 14:45:26] [INFO] [sltp] SL/TP XAUUSD: entry=4118.7998046875 atr=24.26430 sl=4108.7998 tp=4179.46055
[2026-08-04 14:45:26] [INFO] [position_sizing] Position size: 0.01 (equity=100, risk=0.000, sl_dist=10.00000, score=45, cons_loss=1)
[2026-08-04 14:45:26] [DEBUG] [xgboost_v2] V2 predict: rsi=56.8 atr=24.26430 regime=TRENDING session=london dir=BUY -> p_win=0.390
[2026-08-04 14:45:26] [INFO] [xgboost_v2] [VERIFY] XGBOOST PREDICTION p_win=0.390 available=True
[2026-08-04 14:45:26] [INFO] [main] [VERIFY][DECISION_TRUTH] bias=bullish score=45.2 confidence=0.277 vote=BUY risk_passed=True sl_tp_calculated=True position_size=0.01 xgboost_p_win=0.3900853097438812 final_decision_valid=False reject_reason=p_win<threshold (p_win=0.390 threshold=0.6)
[2026-08-04 14:45:26] [INFO] [main] --- GBPUSD ---
[2026-08-04 14:45:29] [WARNING] [deepseek] DeepSeek truncated by max_tokens, finish_reason=length, content={"impact_score": 70, "bias": "bullish",
[2026-08-04 14:45:29] [WARNING] [deepseek] Retry 1: JSON incomplete/truncated, raw={"impact_score": 70, "bias": "bullish",
[2026-08-04 14:45:34] [INFO] [deepseek] DEEPSEEK OK: {"impact_score": 65, "bias": "bullish", "confidence": 0.75, "reason": "اتجاه صاعد قوي على الأطر الزم...
[2026-08-04 14:45:34] [INFO] [deepseek] AI GBPUSD: bias=bullish impact=65.0 conf=0.75
[2026-08-04 14:45:34] [INFO] [signal_engine] [VERIFY] SIGNAL_INPUT bias=bullish score=65.0 confidence=0.75
[2026-08-04 14:45:34] [INFO] [signal_engine] [VERIFY] SIGNAL_RULE rule=confidence>=0.60 actual=0.75 result=True
[2026-08-04 14:45:34] [INFO] [signal_engine] [VERIFY] SIGNAL_RULE rule=score>=55 actual=65.0 result=True
[2026-08-04 14:45:34] [INFO] [signal_engine] [VERIFY] SIGNAL_RULE rule=bias in [bullish,bearish] actual=bullish result=True
[2026-08-04 14:45:34] [INFO] [signal_engine] [VERIFY] SIGNAL_FINAL direction=BUY score=65.0 confidence=0.75 valid=True
[2026-08-04 14:45:34] [DEBUG] [signal_engine] Signal: BUY score=65.0 conf=0.75 strength=متوسط valid=True
[2026-08-04 14:45:34] [DEBUG] [mtf] MTF (snapshot) GBPUSD: H4=bullish H1=bearish M15=bearish aligned=True (weak)
[2026-08-04 14:45:34] [INFO] [main] [VERIFY][DATA_TRUTH] symbol=GBPUSD timeframe=H4/H1/M15 news_fetched=True indicators_fetched=True live_data=True cached=False
[2026-08-04 14:45:34] [DEBUG] [hybrid_market_client] Fetching indicators for GBPUSD (QuantDinger first)
[2026-08-04 14:45:34] [DEBUG] [market_client] DEBUG: Requesting GBPUSD 4H as '4H'
[2026-08-04 14:45:34] [DEBUG] [market_client] Candles GBPUSD 4H: 100 bars ✓
[2026-08-04 14:45:34] [WARNING] [hybrid_market_client] QuantDinger returned placeholder data (rsi=50.0) for GBPUSD - trying MT5 fallback
[2026-08-04 14:45:34] [DEBUG] [hybrid_market_client] [MT5_FALLBACK] Got 100 candles for GBPUSD H4
[2026-08-04 14:45:34] [INFO] [hybrid_market_client] [MT5_FALLBACK] ✓ Got live data from MT5 for GBPUSD 4H
[2026-08-04 14:45:34] [DEBUG] [hybrid_market_client] Fetching indicators for GBPUSD (QuantDinger first)
[2026-08-04 14:45:34] [DEBUG] [market_client] Using cached candles for GBPUSD 4H (age: 0s)
[2026-08-04 14:45:34] [WARNING] [hybrid_market_client] QuantDinger returned placeholder data (rsi=50.0) for GBPUSD - trying MT5 fallback
[2026-08-04 14:45:34] [DEBUG] [hybrid_market_client] [MT5_FALLBACK] Got 100 candles for GBPUSD H4
[2026-08-04 14:45:34] [INFO] [hybrid_market_client] [MT5_FALLBACK] ✓ Got live data from MT5 for GBPUSD 4H
[2026-08-04 14:45:34] [INFO] [sltp] SL/TP GBPUSD: entry=1.34511 atr=0.00290 sl=1.34077 tp=1.35235
[2026-08-04 14:45:34] [INFO] [position_sizing] Position size: 0.5 (equity=100, risk=0.000, sl_dist=0.00434, score=52, cons_loss=1)
[2026-08-04 14:45:34] [DEBUG] [xgboost_v2] V2 predict: rsi=74.8 atr=0.00290 regime=TRENDING session=london dir=BUY -> p_win=0.592
[2026-08-04 14:45:34] [INFO] [xgboost_v2] [VERIFY] XGBOOST PREDICTION p_win=0.592 available=True
[2026-08-04 14:45:34] [INFO] [main] [VERIFY][DECISION_TRUTH] bias=bullish score=52.1 confidence=1.0 vote=BUY risk_passed=True sl_tp_calculated=True position_size=0.5 xgboost_p_win=0.592319667339325 final_decision_valid=False reject_reason=p_win<threshold (p_win=0.592 threshold=0.6)
[2026-08-04 14:45:34] [INFO] [adaptive_weights] EURUSD weights updated: {'ai': 0.239, 'trend': 0.239, 'momentum': 0.239, 'sentiment': 0.239, 'volatility': 0.043} | WR=10.0% PF=2.07
[2026-08-04 14:45:34] [INFO] [adaptive_weights] GBPUSD weights updated: {'ai': 0.239, 'trend': 0.239, 'momentum': 0.239, 'sentiment': 0.239, 'volatility': 0.043} | WR=13.0% PF=8.53
[2026-08-04 14:45:34] [INFO] [adaptive_weights] 🏆 أفضل زوج: GBPUSD | WR=13.0% | PnL=144.6$
[2026-08-04 14:45:34] [INFO] [adaptive_weights] ⚠️ أسوأ زوج: XAUUSD | WR=0.0% | PnL=-16.8$
[2026-08-04 14:45:34] [INFO] [main] Sleeping 1800s...
[2026-08-04 15:15:34] [INFO] [main] ==================================================
[2026-08-04 15:15:34] [INFO] [main] Cycle 2 at 15:15:34
[2026-08-04 15:44:44] [WARNING] [risk_governor] [RISK_GOVERNOR] HALTED new entries: test_halt
[2026-08-04 15:44:44] [INFO] [risk_governor] [RISK_GOVERNOR] New entries resumed
[2026-08-04 15:44:44] [WARNING] [risk_governor] [RISK_GOVERNOR] HALTED new entries: cumulative_loss_r=10.00 >= 6.0
[2026-08-04 15:44:44] [INFO] [risk_governor] [RISK_GOVERNOR] New entries resumed
[2026-08-04 15:44:44] [INFO] [sltp] SL/TP XAUUSD: entry=4000 atr=30.00000 regime=Normal sl_mult=1.50 tp_mult=2.50 sl=3990.0 tp=4075.0
[2026-08-04 15:44:44] [INFO] [sltp] SL/TP XAUUSD: entry=4000 atr=30.00000 regime=Volatile sl_mult=1.95 tp_mult=2.50 sl=3990.0 tp=4075.0
[2026-08-04 15:44:44] [INFO] [sltp] SL/TP XAUUSD: entry=4000 atr=30.00000 regime=Trending sl_mult=1.50 tp_mult=3.25 sl=3990.0 tp=4097.5
[2026-08-04 15:44:44] [INFO] [position_sizing] Position size: 0.1 (equity=100000, risk=0.005, sl_dist=30.00000, sl_pips=300.00, pip_val_per_lot=10.0, score=70, cons_loss=0)
[2026-08-04 15:45:43] [WARNING] [risk_governor] [RISK_GOVERNOR] HALTED new entries: test_halt
[2026-08-04 15:45:43] [INFO] [risk_governor] [RISK_GOVERNOR] New entries resumed
[2026-08-04 15:45:43] [WARNING] [risk_governor] [RISK_GOVERNOR] HALTED new entries: cumulative_loss_r=10.00 >= 6.0
[2026-08-04 15:45:43] [INFO] [risk_governor] [RISK_GOVERNOR] New entries resumed
[2026-08-04 15:45:43] [INFO] [sltp] SL/TP XAUUSD: entry=4000 atr=30.00000 regime=Normal sl_mult=1.50 tp_mult=2.50 sl=3955.0 tp=4075.0
[2026-08-04 15:45:43] [INFO] [sltp] SL/TP XAUUSD: entry=4000 atr=30.00000 regime=Volatile sl_mult=1.95 tp_mult=2.50 sl=3941.5 tp=4075.0
[2026-08-04 15:45:43] [INFO] [sltp] SL/TP XAUUSD: entry=4000 atr=30.00000 regime=Trending sl_mult=1.50 tp_mult=3.25 sl=3955.0 tp=4097.5
[2026-08-04 15:45:43] [INFO] [position_sizing] Position size: 0.1 (equity=100000, risk=0.005, sl_dist=30.00000, sl_pips=300.00, pip_val_per_lot=10.0, score=70, cons_loss=0)
[2026-08-04 15:56:00] [INFO] [main] Trading Bot V3 starting...
[2026-08-04 15:56:00] [INFO] [database] V3 Database initialized with all tables
[2026-08-04 15:56:00] [INFO] [qd_client] Logged in to QuantDinger
[2026-08-04 15:56:00] [INFO] [qd_client] MT5 connected
[2026-08-04 15:56:00] [INFO] [main] MT5 connected
[2026-08-04 15:56:00] [INFO] [main] [STARTUP_SAFETY] Starting startup safety check (run-once)
[2026-08-04 15:56:00] [WARNING] [main] [STARTUP_SAFETY] mt5.positions_get None diagnostic last_error=(1, 'Success')
[2026-08-04 15:56:00] [INFO] [main] [STARTUP_SAFETY] MT5 open positions count=0
[2026-08-04 15:56:00] [INFO] [main] [STARTUP_SAFETY] DB open trades count=0
[2026-08-04 15:56:00] [INFO] [main] [STARTUP_SAFETY] missing_in_db(MT5-only)=0 missing_in_mt5(DB-only)=0
[2026-08-04 15:56:00] [INFO] [main] [STARTUP_SAFETY] Synced open positions count=0
[2026-08-04 15:56:00] [INFO] [main] [STARTUP_SAFETY] Completed startup safety check successfully
[2026-08-04 15:56:00] [INFO] [telegram_bot] Telegram polling started
[2026-08-04 15:56:00] [INFO] [telegram_bot] Telegram bot V3 started
[2026-08-04 15:56:00] [INFO] [mt5_watchdog] MT5 watchdog started (V1 reconnect logic)
[2026-08-04 15:56:00] [INFO] [reconciliation] Reconciliation loop started (every 60s)
[2026-08-04 15:56:00] [INFO] [reconciliation] Reconciliation thread started (safety only)
[2026-08-04 15:56:00] [INFO] [post_entry_manager] PostEntryManager started
[2026-08-04 15:56:03] [INFO] [main] ==================================================
[2026-08-04 15:56:03] [INFO] [main] Cycle 1 at 15:56:03
[2026-08-04 15:56:13] [INFO] [news_fetcher] Fetched 21 relevant news items
[2026-08-04 15:56:13] [INFO] [main] Equity: 100.00$ | News: 21
[2026-08-04 15:56:13] [DEBUG] [hybrid_market_client] Fetching indicators for EURUSD (QuantDinger first)
[2026-08-04 15:56:13] [DEBUG] [market_client] DEBUG: Requesting EURUSD H4 as '4H'
[2026-08-04 15:56:14] [DEBUG] [market_client] Candles EURUSD 4H: 100 bars ✓
[2026-08-04 15:56:14] [DEBUG] [hybrid_market_client] ✓ Got live data from QuantDinger for EURUSD
[2026-08-04 15:56:14] [DEBUG] [hybrid_market_client] Fetching indicators for EURUSD (QuantDinger first)
[2026-08-04 15:56:14] [DEBUG] [market_client] DEBUG: Requesting EURUSD H1 as '1H'
[2026-08-04 15:56:14] [DEBUG] [market_client] Candles EURUSD 1H: 100 bars ✓
[2026-08-04 15:56:14] [DEBUG] [hybrid_market_client] ✓ Got live data from QuantDinger for EURUSD
[2026-08-04 15:56:14] [DEBUG] [hybrid_market_client] Fetching indicators for EURUSD (QuantDinger first)
[2026-08-04 15:56:14] [DEBUG] [market_client] DEBUG: Requesting EURUSD M15 as '15m'
[2026-08-04 15:56:14] [DEBUG] [market_client] Candles EURUSD 15m: 100 bars ✓
[2026-08-04 15:56:14] [DEBUG] [hybrid_market_client] ✓ Got live data from QuantDinger for EURUSD
[2026-08-04 15:56:14] [INFO] [market_snapshot_builder] [SNAPSHOT_BUILT] symbol=EURUSD tfs=H4,H1,M15
[2026-08-04 15:56:14] [DEBUG] [hybrid_market_client] Fetching indicators for XAUUSD (QuantDinger first)
[2026-08-04 15:56:14] [DEBUG] [market_client] DEBUG: Requesting XAUUSD H4 as '4H'
[2026-08-04 15:56:15] [DEBUG] [market_client] Candles XAUUSD 4H: 100 bars ✓
[2026-08-04 15:56:15] [DEBUG] [hybrid_market_client] ✓ Got live data from QuantDinger for XAUUSD
[2026-08-04 15:56:15] [DEBUG] [hybrid_market_client] Fetching indicators for XAUUSD (QuantDinger first)
[2026-08-04 15:56:15] [DEBUG] [market_client] DEBUG: Requesting XAUUSD H1 as '1H'
[2026-08-04 15:56:15] [DEBUG] [market_client] Candles XAUUSD 1H: 92 bars ✓
[2026-08-04 15:56:15] [DEBUG] [hybrid_market_client] ✓ Got live data from QuantDinger for XAUUSD
[2026-08-04 15:56:15] [DEBUG] [hybrid_market_client] Fetching indicators for XAUUSD (QuantDinger first)
[2026-08-04 15:56:15] [DEBUG] [market_client] DEBUG: Requesting XAUUSD M15 as '15m'
[2026-08-04 15:56:15] [DEBUG] [market_client] Candles XAUUSD 15m: 100 bars ✓
[2026-08-04 15:56:15] [DEBUG] [hybrid_market_client] ✓ Got live data from QuantDinger for XAUUSD
[2026-08-04 15:56:15] [INFO] [market_snapshot_builder] [SNAPSHOT_BUILT] symbol=XAUUSD tfs=H4,H1,M15
[2026-08-04 15:56:15] [DEBUG] [hybrid_market_client] Fetching indicators for GBPUSD (QuantDinger first)
[2026-08-04 15:56:15] [DEBUG] [market_client] DEBUG: Requesting GBPUSD H4 as '4H'
[2026-08-04 15:56:16] [DEBUG] [market_client] Candles GBPUSD 4H: 100 bars ✓
[2026-08-04 15:56:16] [DEBUG] [hybrid_market_client] ✓ Got live data from QuantDinger for GBPUSD
[2026-08-04 15:56:16] [DEBUG] [hybrid_market_client] Fetching indicators for GBPUSD (QuantDinger first)
[2026-08-04 15:56:16] [DEBUG] [market_client] DEBUG: Requesting GBPUSD H1 as '1H'
[2026-08-04 15:56:16] [DEBUG] [market_client] Candles GBPUSD 1H: 100 bars ✓
[2026-08-04 15:56:16] [DEBUG] [hybrid_market_client] ✓ Got live data from QuantDinger for GBPUSD
[2026-08-04 15:56:16] [DEBUG] [hybrid_market_client] Fetching indicators for GBPUSD (QuantDinger first)
[2026-08-04 15:56:16] [DEBUG] [market_client] DEBUG: Requesting GBPUSD M15 as '15m'
[2026-08-04 15:56:16] [DEBUG] [market_client] Candles GBPUSD 15m: 100 bars ✓
[2026-08-04 15:56:16] [DEBUG] [hybrid_market_client] ✓ Got live data from QuantDinger for GBPUSD
[2026-08-04 15:56:16] [INFO] [market_snapshot_builder] [SNAPSHOT_BUILT] symbol=GBPUSD tfs=H4,H1,M15
[2026-08-04 15:56:16] [INFO] [main] --- EURUSD ---
[2026-08-04 15:56:19] [INFO] [deepseek] DEEPSEEK OK: {"impact_score": 62, "bias": "bullish", "confidence": 0.72, "reason": "أنباء اتفاق إيران وتراجع النف...
[2026-08-04 15:56:19] [INFO] [deepseek] AI EURUSD: bias=bullish impact=62.0 conf=0.72
[2026-08-04 15:56:19] [INFO] [signal_engine] [VERIFY] SIGNAL_INPUT bias=bullish score=62.0 confidence=0.72
[2026-08-04 15:56:19] [INFO] [signal_engine] [VERIFY] SIGNAL_RULE rule=confidence>=0.60 actual=0.72 result=True
[2026-08-04 15:56:19] [INFO] [signal_engine] [VERIFY] SIGNAL_RULE rule=score>=55 actual=62.0 result=True
[2026-08-04 15:56:19] [INFO] [signal_engine] [VERIFY] SIGNAL_RULE rule=bias in [bullish,bearish] actual=bullish result=True
[2026-08-04 15:56:19] [INFO] [signal_engine] [VERIFY] SIGNAL_FINAL direction=BUY score=62.0 confidence=0.72 valid=True
[2026-08-04 15:56:19] [DEBUG] [signal_engine] Signal: BUY score=62.0 conf=0.72 strength=متوسط valid=True
[2026-08-04 15:56:19] [INFO] [sentiment] Sentiment EURUSD: neutral score=50 bull=1 bear=1
[2026-08-04 15:56:19] [DEBUG] [mtf] MTF (snapshot) EURUSD: H4=bullish H1=bullish M15=bullish aligned=True (strong)
[2026-08-04 15:56:19] [INFO] [main] [VERIFY][DATA_TRUTH] symbol=EURUSD timeframe=H4/H1/M15 news_fetched=True indicators_fetched=True live_data=True cached=False
[2026-08-04 15:56:19] [INFO] [voting_engine] EURUSD: MTF strongly aligned, boosting score 10%
[2026-08-04 15:56:19] [DEBUG] [hybrid_market_client] Fetching indicators for EURUSD (QuantDinger first)
[2026-08-04 15:56:19] [DEBUG] [market_client] DEBUG: Requesting EURUSD 4H as '4H'
[2026-08-04 15:56:19] [DEBUG] [market_client] Candles EURUSD 4H: 100 bars ✓
[2026-08-04 15:56:19] [DEBUG] [hybrid_market_client] ✓ Got live data from QuantDinger for EURUSD
[2026-08-04 15:56:19] [DEBUG] [hybrid_market_client] Fetching indicators for EURUSD (QuantDinger first)
[2026-08-04 15:56:19] [DEBUG] [market_client] Using cached candles for EURUSD 4H (age: 0s)
[2026-08-04 15:56:19] [DEBUG] [hybrid_market_client] ✓ Got live data from QuantDinger for EURUSD
[2026-08-04 15:56:19] [INFO] [sltp] SL/TP EURUSD: entry=1.1519410610198975 atr=0.00203 regime=Normal sl_mult=1.50 tp_mult=2.50 sl=1.1489 tp=1.15701
[2026-08-04 15:56:19] [INFO] [position_sizing] Position size: 0.01 (equity=100, risk=0.001, sl_dist=0.00304, sl_pips=30.41, pip_val_per_lot=10.0, score=87, cons_loss=1)
[2026-08-04 15:56:19] [INFO] [xgboost_v2] [VERIFY] XGBOOST MODEL LOADED path=models/entry/entry_model.json available=True
[2026-08-04 15:56:19] [INFO] [xgboost_v2] XGBoost v2 model loaded successfully
[2026-08-04 15:56:19] [DEBUG] [xgboost_v2] V2 predict: rsi=62.5 atr=0.00203 regime=TRENDING session=london dir=BUY -> p_win=0.504
[2026-08-04 15:56:19] [INFO] [xgboost_v2] [VERIFY] XGBOOST PREDICTION p_win=0.504 available=True
[2026-08-04 15:56:19] [INFO] [main] [VERIFY][DECISION_TRUTH] bias=bullish score=86.8 confidence=1.0 vote=BUY risk_passed=True sl_tp_calculated=True position_size=0.01 xgboost_p_win=0.5036211013793945 final_decision_valid=False reject_reason=p_win<threshold (p_win=0.504 threshold=0.6)
[2026-08-04 15:56:19] [INFO] [main] --- XAUUSD ---
[2026-08-04 15:56:23] [WARNING] [deepseek] DeepSeek empty response: finish_reason=length, raw={"id":"e4e3c5fc-fb08-4da6-beec-bc667d0033f2","object":"chat.completion","created":1785848180,"model":"deepseek-v4-flash","choices":[{"index":0,"message":{"role":"assistant","content":"","reasoning_content":"We need to respond with JSON only. Need to assess news and market context. Market strong uptr
[2026-08-04 15:56:29] [INFO] [deepseek] DEEPSEEK OK: {"impact_score": 70, "bias": "bearish", "confidence": 0.65, "reason": "التقارير عن اتفاق أمريكي إيرا...
[2026-08-04 15:56:29] [INFO] [deepseek] AI XAUUSD: bias=bearish impact=70.0 conf=0.65
[2026-08-04 15:56:29] [INFO] [signal_engine] [VERIFY] SIGNAL_INPUT bias=bearish score=70.0 confidence=0.65
[2026-08-04 15:56:29] [INFO] [signal_engine] [VERIFY] SIGNAL_RULE rule=confidence>=0.60 actual=0.65 result=True
[2026-08-04 15:56:29] [INFO] [signal_engine] [VERIFY] SIGNAL_RULE rule=score>=55 actual=70.0 result=True
[2026-08-04 15:56:29] [INFO] [signal_engine] [VERIFY] SIGNAL_RULE rule=bias in [bullish,bearish] actual=bearish result=True
[2026-08-04 15:56:29] [INFO] [signal_engine] [VERIFY] SIGNAL_FINAL direction=SELL score=70.0 confidence=0.65 valid=True
[2026-08-04 15:56:29] [DEBUG] [signal_engine] Signal: SELL score=70.0 conf=0.65 strength=متوسط valid=True
[2026-08-04 15:56:29] [INFO] [sentiment] Sentiment XAUUSD: bearish score=100 bull=0 bear=1
[2026-08-04 15:56:29] [DEBUG] [mtf] MTF (snapshot) XAUUSD: H4=bullish H1=bullish M15=bearish aligned=True (moderate)
[2026-08-04 15:56:29] [INFO] [main] [VERIFY][DATA_TRUTH] symbol=XAUUSD timeframe=H4/H1/M15 news_fetched=True indicators_fetched=True live_data=True cached=False
[2026-08-04 15:56:29] [DEBUG] [hybrid_market_client] Fetching indicators for XAUUSD (QuantDinger first)
[2026-08-04 15:56:29] [DEBUG] [market_client] DEBUG: Requesting XAUUSD 4H as '4H'
[2026-08-04 15:56:29] [DEBUG] [market_client] Candles XAUUSD 4H: 100 bars ✓
[2026-08-04 15:56:29] [DEBUG] [hybrid_market_client] ✓ Got live data from QuantDinger for XAUUSD
[2026-08-04 15:56:29] [DEBUG] [hybrid_market_client] Fetching indicators for XAUUSD (QuantDinger first)
[2026-08-04 15:56:29] [DEBUG] [market_client] Using cached candles for XAUUSD 4H (age: 0s)
[2026-08-04 15:56:29] [DEBUG] [hybrid_market_client] ✓ Got live data from QuantDinger for XAUUSD
[2026-08-04 15:56:29] [INFO] [sltp] SL/TP XAUUSD: entry=4133.7001953125 atr=25.49285 regime=Normal sl_mult=1.50 tp_mult=2.50 sl=4095.46092 tp=4197.43232
[2026-08-04 15:56:29] [INFO] [position_sizing] Position size: 0.01 (equity=100, risk=0.000, sl_dist=38.23928, sl_pips=382.39, pip_val_per_lot=10.0, score=55, cons_loss=1)
[2026-08-04 15:56:29] [DEBUG] [xgboost_v2] V2 predict: rsi=64.8 atr=25.49285 regime=TRENDING session=london dir=BUY -> p_win=0.507
[2026-08-04 15:56:29] [INFO] [xgboost_v2] [VERIFY] XGBOOST PREDICTION p_win=0.507 available=True
[2026-08-04 15:56:29] [INFO] [main] [VERIFY][DECISION_TRUTH] bias=bearish score=54.8 confidence=0.515 vote=BUY risk_passed=True sl_tp_calculated=True position_size=0.01 xgboost_p_win=0.5068520903587341 final_decision_valid=False reject_reason=p_win<threshold (p_win=0.507 threshold=0.6)
[2026-08-04 15:56:29] [INFO] [main] --- GBPUSD ---
[2026-08-04 15:56:33] [INFO] [deepseek] DEEPSEEK OK: {"impact_score": 65, "bias": "bullish", "confidence": 0.7, "reason": "أخبار إيجابية حول اتفاق محتمل ...
[2026-08-04 15:56:33] [INFO] [deepseek] AI GBPUSD: bias=bullish impact=65.0 conf=0.70
[2026-08-04 15:56:33] [INFO] [signal_engine] [VERIFY] SIGNAL_INPUT bias=bullish score=65.0 confidence=0.7
[2026-08-04 15:56:33] [INFO] [signal_engine] [VERIFY] SIGNAL_RULE rule=confidence>=0.60 actual=0.7 result=True
[2026-08-04 15:56:33] [INFO] [signal_engine] [VERIFY] SIGNAL_RULE rule=score>=55 actual=65.0 result=True
[2026-08-04 15:56:33] [INFO] [signal_engine] [VERIFY] SIGNAL_RULE rule=bias in [bullish,bearish] actual=bullish result=True
[2026-08-04 15:56:33] [INFO] [signal_engine] [VERIFY] SIGNAL_FINAL direction=BUY score=65.0 confidence=0.7 valid=True
[2026-08-04 15:56:33] [DEBUG] [signal_engine] Signal: BUY score=65.0 conf=0.70 strength=متوسط valid=True
[2026-08-04 15:56:33] [INFO] [sentiment] Sentiment GBPUSD: bearish score=100 bull=0 bear=1
[2026-08-04 15:56:33] [DEBUG] [mtf] MTF (snapshot) GBPUSD: H4=bearish H1=bullish M15=neutral aligned=False (weak)
[2026-08-04 15:56:33] [INFO] [main] [VERIFY][DATA_TRUTH] symbol=GBPUSD timeframe=H4/H1/M15 news_fetched=True indicators_fetched=True live_data=True cached=False
[2026-08-04 15:56:33] [INFO] [voting_engine] GBPUSD: MTF weakly misaligned, reducing score 10%
[2026-08-04 15:56:33] [DEBUG] [hybrid_market_client] Fetching indicators for GBPUSD (QuantDinger first)
[2026-08-04 15:56:33] [DEBUG] [market_client] DEBUG: Requesting GBPUSD 4H as '4H'
[2026-08-04 15:56:33] [DEBUG] [market_client] Candles GBPUSD 4H: 100 bars ✓
[2026-08-04 15:56:33] [DEBUG] [hybrid_market_client] ✓ Got live data from QuantDinger for GBPUSD
[2026-08-04 15:56:33] [DEBUG] [hybrid_market_client] Fetching indicators for GBPUSD (QuantDinger first)
[2026-08-04 15:56:33] [DEBUG] [market_client] Using cached candles for GBPUSD 4H (age: 0s)
[2026-08-04 15:56:33] [DEBUG] [hybrid_market_client] ✓ Got live data from QuantDinger for GBPUSD
[2026-08-04 15:56:33] [INFO] [sltp] SL/TP GBPUSD: entry=1.34442937374115 atr=0.00240 regime=Normal sl_mult=1.50 tp_mult=2.50 sl=1.34083 tp=1.35043
[2026-08-04 15:56:33] [INFO] [position_sizing] Position size: 0.01 (equity=100, risk=0.000, sl_dist=0.00360, sl_pips=35.99, pip_val_per_lot=10.0, score=48, cons_loss=1)
[2026-08-04 15:56:33] [DEBUG] [xgboost_v2] V2 predict: rsi=66.7 atr=0.00240 regime=TRENDING session=london dir=BUY -> p_win=0.560
[2026-08-04 15:56:33] [INFO] [xgboost_v2] [VERIFY] XGBOOST PREDICTION p_win=0.560 available=True
[2026-08-04 15:56:33] [INFO] [main] [VERIFY][DECISION_TRUTH] bias=bullish score=48.2 confidence=0.323 vote=BUY risk_passed=True sl_tp_calculated=True position_size=0.01 xgboost_p_win=0.5596197843551636 final_decision_valid=False reject_reason=p_win<threshold (p_win=0.560 threshold=0.6)
[2026-08-04 15:56:33] [INFO] [adaptive_weights] EURUSD weights updated: {'ai': 0.239, 'trend': 0.239, 'momentum': 0.239, 'sentiment': 0.239, 'volatility': 0.043} | WR=10.0% PF=2.07
[2026-08-04 15:56:33] [INFO] [adaptive_weights] GBPUSD weights updated: {'ai': 0.239, 'trend': 0.239, 'momentum': 0.239, 'sentiment': 0.239, 'volatility': 0.043} | WR=13.0% PF=8.53
[2026-08-04 15:56:33] [INFO] [adaptive_weights] 🏆 أفضل زوج: GBPUSD | WR=13.0% | PnL=144.6$
[2026-08-04 15:56:33] [INFO] [adaptive_weights] ⚠️ أسوأ زوج: XAUUSD | WR=0.0% | PnL=-16.8$
[2026-08-04 15:56:33] [INFO] [main] Sleeping 1800s...
[2026-08-04 16:12:09] [INFO] [risk_governor] [RISK_GOVERNOR] New entries resumed
[2026-08-04 16:12:09] [WARNING] [risk_governor] [RISK_GOVERNOR] HALTED new entries: cumulative_loss_r=10.00 >= 6.0
[2026-08-04 16:12:09] [INFO] [risk_governor] [RISK_GOVERNOR] New entries resumed
[2026-08-04 16:13:58] [INFO] [risk_governor] [RISK_GOVERNOR] New entries resumed
[2026-08-04 16:13:58] [WARNING] [risk_governor] [RISK_GOVERNOR] HALTED new entries: cumulative_loss_r=10.00 >= 6.0
[2026-08-04 16:13:58] [INFO] [risk_governor] [RISK_GOVERNOR] New entries resumed
[2026-08-04 16:22:17] [INFO] [main] Trading Bot V3 starting...
[2026-08-04 16:22:17] [INFO] [database] V3 Database initialized with all tables
[2026-08-04 16:22:17] [INFO] [qd_client] Logged in to QuantDinger
[2026-08-04 16:22:17] [INFO] [qd_client] MT5 connected
[2026-08-04 16:22:17] [INFO] [main] MT5 connected
[2026-08-04 16:22:17] [INFO] [main] [STARTUP_SAFETY] Starting startup safety check (run-once)
[2026-08-04 16:22:17] [WARNING] [main] [STARTUP_SAFETY] mt5.positions_get None diagnostic last_error=(1, 'Success')
[2026-08-04 16:22:17] [INFO] [main] [STARTUP_SAFETY] MT5 open positions count=0
[2026-08-04 16:22:17] [INFO] [main] [STARTUP_SAFETY] DB open trades count=0
[2026-08-04 16:22:17] [INFO] [main] [STARTUP_SAFETY] missing_in_db(MT5-only)=0 missing_in_mt5(DB-only)=0
[2026-08-04 16:22:17] [INFO] [main] [STARTUP_SAFETY] Synced open positions count=0
[2026-08-04 16:22:17] [INFO] [main] [STARTUP_SAFETY] Completed startup safety check successfully
[2026-08-04 16:22:17] [INFO] [telegram_bot] Telegram polling started
[2026-08-04 16:22:17] [INFO] [telegram_bot] Telegram bot V3 started
[2026-08-04 16:22:17] [INFO] [mt5_watchdog] MT5 watchdog started (V1 reconnect logic)
[2026-08-04 16:22:17] [INFO] [reconciliation] Reconciliation loop started (every 60s)
[2026-08-04 16:22:17] [INFO] [reconciliation] Reconciliation thread started (safety only)
[2026-08-04 16:22:17] [INFO] [post_entry_manager] PostEntryManager started
[2026-08-04 16:22:18] [INFO] [main] ==================================================
[2026-08-04 16:22:18] [INFO] [main] Cycle 1 at 16:22:18
[2026-08-04 16:22:26] [INFO] [news_fetcher] Fetched 24 relevant news items
[2026-08-04 16:22:26] [INFO] [main] Equity: 100.00$ | News: 24
[2026-08-04 16:22:26] [DEBUG] [hybrid_market_client] Fetching indicators for EURUSD (QuantDinger first)
[2026-08-04 16:22:26] [DEBUG] [market_client] DEBUG: Requesting EURUSD H4 as '4H'
[2026-08-04 16:22:27] [DEBUG] [market_client] Candles EURUSD 4H: 100 bars ✓
[2026-08-04 16:22:27] [DEBUG] [hybrid_market_client] ✓ Got live data from QuantDinger for EURUSD
[2026-08-04 16:22:27] [DEBUG] [hybrid_market_client] Fetching indicators for EURUSD (QuantDinger first)
[2026-08-04 16:22:27] [DEBUG] [market_client] DEBUG: Requesting EURUSD H1 as '1H'
[2026-08-04 16:22:27] [DEBUG] [market_client] Candles EURUSD 1H: 100 bars ✓
[2026-08-04 16:22:27] [DEBUG] [hybrid_market_client] ✓ Got live data from QuantDinger for EURUSD
[2026-08-04 16:22:27] [DEBUG] [hybrid_market_client] Fetching indicators for EURUSD (QuantDinger first)
[2026-08-04 16:22:27] [DEBUG] [market_client] DEBUG: Requesting EURUSD M15 as '15m'
[2026-08-04 16:22:27] [DEBUG] [market_client] Candles EURUSD 15m: 100 bars ✓
[2026-08-04 16:22:27] [DEBUG] [hybrid_market_client] ✓ Got live data from QuantDinger for EURUSD
[2026-08-04 16:22:27] [INFO] [market_snapshot_builder] [SNAPSHOT_BUILT] symbol=EURUSD tfs=H4,H1,M15
[2026-08-04 16:22:27] [DEBUG] [hybrid_market_client] Fetching indicators for XAUUSD (QuantDinger first)
[2026-08-04 16:22:27] [DEBUG] [market_client] DEBUG: Requesting XAUUSD H4 as '4H'
[2026-08-04 16:22:28] [DEBUG] [market_client] Candles XAUUSD 4H: 100 bars ✓
[2026-08-04 16:22:28] [DEBUG] [hybrid_market_client] ✓ Got live data from QuantDinger for XAUUSD
[2026-08-04 16:22:28] [DEBUG] [hybrid_market_client] Fetching indicators for XAUUSD (QuantDinger first)
[2026-08-04 16:22:28] [DEBUG] [market_client] DEBUG: Requesting XAUUSD H1 as '1H'
[2026-08-04 16:22:28] [DEBUG] [market_client] Candles XAUUSD 1H: 92 bars ✓
[2026-08-04 16:22:28] [DEBUG] [hybrid_market_client] ✓ Got live data from QuantDinger for XAUUSD
[2026-08-04 16:22:28] [DEBUG] [hybrid_market_client] Fetching indicators for XAUUSD (QuantDinger first)
[2026-08-04 16:22:28] [DEBUG] [market_client] DEBUG: Requesting XAUUSD M15 as '15m'
[2026-08-04 16:22:28] [DEBUG] [market_client] Candles XAUUSD 15m: 100 bars ✓
[2026-08-04 16:22:28] [DEBUG] [hybrid_market_client] ✓ Got live data from QuantDinger for XAUUSD
[2026-08-04 16:22:28] [INFO] [market_snapshot_builder] [SNAPSHOT_BUILT] symbol=XAUUSD tfs=H4,H1,M15
[2026-08-04 16:22:28] [DEBUG] [hybrid_market_client] Fetching indicators for GBPUSD (QuantDinger first)
[2026-08-04 16:22:28] [DEBUG] [market_client] DEBUG: Requesting GBPUSD H4 as '4H'
[2026-08-04 16:22:29] [DEBUG] [market_client] Candles GBPUSD 4H: 100 bars ✓
[2026-08-04 16:22:29] [DEBUG] [hybrid_market_client] ✓ Got live data from QuantDinger for GBPUSD
[2026-08-04 16:22:29] [DEBUG] [hybrid_market_client] Fetching indicators for GBPUSD (QuantDinger first)
[2026-08-04 16:22:29] [DEBUG] [market_client] DEBUG: Requesting GBPUSD H1 as '1H'
[2026-08-04 16:22:29] [DEBUG] [market_client] Candles GBPUSD 1H: 100 bars ✓
[2026-08-04 16:22:29] [DEBUG] [hybrid_market_client] ✓ Got live data from QuantDinger for GBPUSD
[2026-08-04 16:22:29] [DEBUG] [hybrid_market_client] Fetching indicators for GBPUSD (QuantDinger first)
[2026-08-04 16:22:29] [DEBUG] [market_client] DEBUG: Requesting GBPUSD M15 as '15m'
[2026-08-04 16:22:29] [DEBUG] [market_client] Candles GBPUSD 15m: 100 bars ✓
[2026-08-04 16:22:29] [DEBUG] [hybrid_market_client] ✓ Got live data from QuantDinger for GBPUSD
[2026-08-04 16:22:29] [INFO] [market_snapshot_builder] [SNAPSHOT_BUILT] symbol=GBPUSD tfs=H4,H1,M15
[2026-08-04 16:22:29] [INFO] [main] --- EURUSD ---
[2026-08-04 16:22:33] [WARNING] [deepseek] DeepSeek empty response: finish_reason=length, raw={"id":"0e5005d5-f8f1-4a2b-9293-0bcc0f70df06","object":"chat.completion","created":1785849750,"model":"deepseek-v4-flash","choices":[{"index":0,"message":{"role":"assistant","content":"","reasoning_content":"We need to output JSON. Need to analyze news and market context. Symbol EURUSD. Price 1.1517.
[2026-08-04 16:22:41] [WARNING] [deepseek] Retry 2: JSON incomplete/truncated, raw={"impact_score": 50, "bias": "bullish", "confidence": 0.6, "reason": "التداولات إيجابية وتراجع النفط يدعم اليورو، مع توجه صاعد على الأطر القصيرة"}]
[2026-08-04 16:22:41] [INFO] [deepseek] DEEPSEEK OK: {"impact_score": 50, "bias": "bullish", "confidence": 0.6, "reason": "التداولات إيجابية وتراجع النفط...
[2026-08-04 16:22:41] [INFO] [deepseek] AI EURUSD: bias=bullish impact=50.0 conf=0.60
[2026-08-04 16:22:41] [INFO] [signal_engine] [VERIFY] SIGNAL_INPUT bias=bullish score=50.0 confidence=0.6
[2026-08-04 16:22:41] [INFO] [signal_engine] [VERIFY] SIGNAL_RULE rule=confidence>=0.60 actual=0.6 result=True
[2026-08-04 16:22:41] [INFO] [signal_engine] [VERIFY] SIGNAL_RULE rule=score>=55 actual=50.0 result=False
[2026-08-04 16:22:41] [INFO] [signal_engine] [VERIFY] SIGNAL_RULE rule=bias in [bullish,bearish] actual=bullish result=True
[2026-08-04 16:22:41] [INFO] [signal_engine] [VERIFY] SIGNAL_FINAL direction=BUY score=50.0 confidence=0.6 valid=False
[2026-08-04 16:22:41] [INFO] [signal_engine] [VERIFY] SIGNAL_FAILURE_REASONS
[2026-08-04 16:22:41] [INFO] [signal_engine] * score below threshold
[2026-08-04 16:22:41] [INFO] [signal_engine] [VERIFY] SIGNAL_FAILURE_LOCATION file=F:\files (2)\google\botdd\trading_bot_v3\decision\signal_engine.py function=generate_signal
[2026-08-04 16:22:41] [DEBUG] [signal_engine] Signal: BUY score=50.0 conf=0.60 strength=ضعيف valid=False
[2026-08-04 16:22:41] [INFO] [sentiment] Sentiment EURUSD: neutral score=50 bull=1 bear=1
[2026-08-04 16:22:41] [DEBUG] [mtf] MTF (snapshot) EURUSD: H4=bearish H1=bullish M15=bullish aligned=True (weak)
[2026-08-04 16:22:41] [INFO] [main] [VERIFY][DATA_TRUTH] symbol=EURUSD timeframe=H4/H1/M15 news_fetched=True indicators_fetched=True live_data=True cached=False
[2026-08-04 16:22:41] [INFO] [risk_engine] Risk: Score too low (EURUSD BUY) - Score 37.1 < 45
[2026-08-04 16:22:41] [DEBUG] [hybrid_market_client] Fetching indicators for EURUSD (QuantDinger first)
[2026-08-04 16:22:41] [DEBUG] [market_client] DEBUG: Requesting EURUSD 4H as '4H'
[2026-08-04 16:22:41] [DEBUG] [market_client] Candles EURUSD 4H: 100 bars ✓
[2026-08-04 16:22:41] [DEBUG] [hybrid_market_client] ✓ Got live data from QuantDinger for EURUSD
[2026-08-04 16:22:41] [DEBUG] [hybrid_market_client] Fetching indicators for EURUSD (QuantDinger first)
[2026-08-04 16:22:41] [DEBUG] [market_client] Using cached candles for EURUSD 4H (age: 0s)
[2026-08-04 16:22:41] [DEBUG] [hybrid_market_client] ✓ Got live data from QuantDinger for EURUSD
[2026-08-04 16:22:41] [INFO] [sltp] SL/TP EURUSD: entry=1.1516757011413574 atr=0.00204 regime=Normal sl_mult=1.50 tp_mult=2.50 sl=1.14862 tp=1.15677
[2026-08-04 16:22:41] [INFO] [position_sizing] Position size: 0.01 (equity=100, risk=0.000, sl_dist=0.00306, sl_pips=30.56, pip_val_per_lot=10.0, score=37, cons_loss=1)
[2026-08-04 16:22:41] [INFO] [xgboost_v2] [VERIFY] XGBOOST MODEL LOADED path=models/entry/entry_model.json available=True
[2026-08-04 16:22:41] [INFO] [xgboost_v2] XGBoost v2 model loaded successfully
[2026-08-04 16:22:41] [DEBUG] [xgboost_v2] V2 predict: rsi=60.0 atr=0.00204 regime=TRENDING session=new_york dir=BUY -> p_win=0.472
[2026-08-04 16:22:41] [INFO] [xgboost_v2] [VERIFY] XGBOOST PREDICTION p_win=0.472 available=True
[2026-08-04 16:22:41] [INFO] [main] [VERIFY][DECISION_TRUTH] bias=bullish score=37.1 confidence=0.475 vote=BUY risk_passed=False sl_tp_calculated=True position_size=0.01 xgboost_p_win=0.47202667593955994 final_decision_valid=False reject_reason=p_win<threshold (p_win=0.472 threshold=0.6)
[2026-08-04 16:22:41] [INFO] [main] --- XAUUSD ---
[2026-08-04 16:22:45] [WARNING] [deepseek] DeepSeek empty response: finish_reason=length, raw={"id":"201e8747-641e-42fb-a990-4b60b1f0345c","object":"chat.completion","created":1785849761,"model":"deepseek-v4-flash","choices":[{"index":0,"message":{"role":"assistant","content":"","reasoning_content":"We need to respond in JSON with impact_score, bias, confidence, reason in Arabic. Need to ana
[2026-08-04 16:22:54] [WARNING] [deepseek] DeepSeek empty response: finish_reason=length, raw={"id":"359499af-586f-4e34-875f-4c6beb396162","object":"chat.completion","created":1785849767,"model":"deepseek-v4-flash","choices":[{"index":0,"message":{"role":"assistant","content":"","reasoning_content":"We need to produce JSON with impact_score, bias, confidence, reason in Arabic. Need to analyz
[2026-08-04 16:23:00] [WARNING] [deepseek] DeepSeek truncated by max_tokens, finish_reason=length, content={"impact_score": 55, "bias": "bullish", "confidence": 0.6, "reason": "الاتجاه قصير المدى
[2026-08-04 16:23:00] [WARNING] [deepseek] Retry 1: JSON incomplete/truncated, raw={"impact_score": 55, "bias": "bullish", "confidence": 0.6, "reason": "الاتجاه قصير المدى
[2026-08-04 16:23:07] [INFO] [deepseek] DEEPSEEK OK: {"impact_score": 60, "bias": "bearish", "confidence": 0.6, "reason": "أخبار تشير إلى تحسن معنويات ال...
[2026-08-04 16:23:07] [INFO] [deepseek] AI XAUUSD: bias=bearish impact=60.0 conf=0.60
[2026-08-04 16:23:07] [INFO] [signal_engine] [VERIFY] SIGNAL_INPUT bias=bearish score=60.0 confidence=0.6
[2026-08-04 16:23:07] [INFO] [signal_engine] [VERIFY] SIGNAL_RULE rule=confidence>=0.60 actual=0.6 result=True
[2026-08-04 16:23:07] [INFO] [signal_engine] [VERIFY] SIGNAL_RULE rule=score>=55 actual=60.0 result=True
[2026-08-04 16:23:07] [INFO] [signal_engine] [VERIFY] SIGNAL_RULE rule=bias in [bullish,bearish] actual=bearish result=True
[2026-08-04 16:23:07] [INFO] [signal_engine] [VERIFY] SIGNAL_FINAL direction=SELL score=60.0 confidence=0.6 valid=True
[2026-08-04 16:23:07] [DEBUG] [signal_engine] Signal: SELL score=60.0 conf=0.60 strength=متوسط valid=True
[2026-08-04 16:23:07] [INFO] [sentiment] Sentiment XAUUSD: bearish score=100 bull=0 bear=1
[2026-08-04 16:23:07] [DEBUG] [mtf] MTF (snapshot) XAUUSD: H4=bearish H1=bullish M15=bullish aligned=True (weak)
[2026-08-04 16:23:07] [INFO] [main] [VERIFY][DATA_TRUTH] symbol=XAUUSD timeframe=H4/H1/M15 news_fetched=True indicators_fetched=True live_data=True cached=False
[2026-08-04 16:23:07] [INFO] [risk_engine] Risk: Score too low (XAUUSD SELL) - Score 43.5 < 45
[2026-08-04 16:23:07] [DEBUG] [hybrid_market_client] Fetching indicators for XAUUSD (QuantDinger first)
[2026-08-04 16:23:07] [DEBUG] [market_client] DEBUG: Requesting XAUUSD 4H as '4H'
[2026-08-04 16:23:07] [DEBUG] [market_client] Candles XAUUSD 4H: 100 bars ✓
[2026-08-04 16:23:07] [DEBUG] [hybrid_market_client] ✓ Got live data from QuantDinger for XAUUSD
[2026-08-04 16:23:07] [DEBUG] [hybrid_market_client] Fetching indicators for XAUUSD (QuantDinger first)
[2026-08-04 16:23:07] [DEBUG] [market_client] Using cached candles for XAUUSD 4H (age: 0s)
[2026-08-04 16:23:07] [DEBUG] [hybrid_market_client] ✓ Got live data from QuantDinger for XAUUSD
[2026-08-04 16:23:07] [INFO] [sltp] SL/TP XAUUSD: entry=4120.7001953125 atr=25.52142 regime=Normal sl_mult=1.50 tp_mult=2.50 sl=4158.98232 tp=4056.89666
[2026-08-04 16:23:07] [INFO] [position_sizing] Position size: 0.01 (equity=100, risk=0.000, sl_dist=38.28212, sl_pips=382.82, pip_val_per_lot=10.0, score=44, cons_loss=1)
[2026-08-04 16:23:07] [DEBUG] [xgboost_v2] V2 predict: rsi=56.1 atr=25.52142 regime=TRENDING session=new_york dir=SELL -> p_win=0.379
[2026-08-04 16:23:07] [INFO] [xgboost_v2] [VERIFY] XGBOOST PREDICTION p_win=0.379 available=True
[2026-08-04 16:23:07] [INFO] [main] [VERIFY][DECISION_TRUTH] bias=bearish score=43.5 confidence=0.911 vote=SELL risk_passed=False sl_tp_calculated=True position_size=0.01 xgboost_p_win=0.3793140947818756 final_decision_valid=False reject_reason=p_win<threshold (p_win=0.379 threshold=0.6)
[2026-08-04 16:23:07] [INFO] [main] --- GBPUSD ---
[2026-08-04 16:23:11] [WARNING] [deepseek] DeepSeek empty response: finish_reason=length, raw={"id":"6ad7f8c4-2a6a-4c45-98cc-9f26ed974e4c","object":"chat.completion","created":1785849787,"model":"deepseek-v4-flash","choices":[{"index":0,"message":{"role":"assistant","content":"","reasoning_content":"We need to interpret the instructions. We have market context: GBPUSD current price 1.3445, R
[2026-08-04 16:23:17] [INFO] [deepseek] DEEPSEEK OK: {"impact_score": 50, "bias": "bullish", "confidence": 0.55, "reason": "الاتجاه قصير الأجل صاعد بقوة ...
[2026-08-04 16:23:17] [INFO] [deepseek] AI GBPUSD: bias=bullish impact=50.0 conf=0.55
[2026-08-04 16:23:17] [INFO] [signal_engine] [VERIFY] SIGNAL_INPUT bias=bullish score=50.0 confidence=0.55
[2026-08-04 16:23:17] [INFO] [signal_engine] [VERIFY] SIGNAL_RULE rule=confidence>=0.60 actual=0.55 result=False
[2026-08-04 16:23:17] [INFO] [signal_engine] [VERIFY] SIGNAL_RULE rule=score>=55 actual=50.0 result=False
[2026-08-04 16:23:17] [INFO] [signal_engine] [VERIFY] SIGNAL_RULE rule=bias in [bullish,bearish] actual=bullish result=True
[2026-08-04 16:23:17] [INFO] [signal_engine] [VERIFY] SIGNAL_FINAL direction=BUY score=50.0 confidence=0.55 valid=False
[2026-08-04 16:23:17] [INFO] [signal_engine] [VERIFY] SIGNAL_FAILURE_REASONS
[2026-08-04 16:23:17] [INFO] [signal_engine] * confidence below threshold
[2026-08-04 16:23:17] [INFO] [signal_engine] * score below threshold
[2026-08-04 16:23:17] [INFO] [signal_engine] [VERIFY] SIGNAL_FAILURE_LOCATION file=F:\files (2)\google\botdd\trading_bot_v3\decision\signal_engine.py function=generate_signal
[2026-08-04 16:23:17] [DEBUG] [signal_engine] Signal: BUY score=50.0 conf=0.55 strength=ضعيف valid=False
[2026-08-04 16:23:17] [INFO] [sentiment] Sentiment GBPUSD: bearish score=100 bull=0 bear=1
[2026-08-04 16:23:17] [DEBUG] [mtf] MTF (snapshot) GBPUSD: H4=bearish H1=bearish M15=neutral aligned=True (moderate)
[2026-08-04 16:23:17] [INFO] [main] [VERIFY][DATA_TRUTH] symbol=GBPUSD timeframe=H4/H1/M15 news_fetched=True indicators_fetched=True live_data=True cached=False
[2026-08-04 16:23:17] [INFO] [risk_engine] Risk: Score too low (GBPUSD SELL) - Score 41.6 < 45
[2026-08-04 16:23:17] [DEBUG] [hybrid_market_client] Fetching indicators for GBPUSD (QuantDinger first)
[2026-08-04 16:23:17] [DEBUG] [market_client] DEBUG: Requesting GBPUSD 4H as '4H'
[2026-08-04 16:23:17] [DEBUG] [market_client] Candles GBPUSD 4H: 100 bars ✓
[2026-08-04 16:23:17] [DEBUG] [hybrid_market_client] ✓ Got live data from QuantDinger for GBPUSD
[2026-08-04 16:23:17] [DEBUG] [hybrid_market_client] Fetching indicators for GBPUSD (QuantDinger first)
[2026-08-04 16:23:17] [DEBUG] [market_client] Using cached candles for GBPUSD 4H (age: 0s)
[2026-08-04 16:23:17] [DEBUG] [hybrid_market_client] ✓ Got live data from QuantDinger for GBPUSD
[2026-08-04 16:23:17] [INFO] [sltp] SL/TP GBPUSD: entry=1.3445378541946411 atr=0.00242 regime=Normal sl_mult=1.50 tp_mult=2.50 sl=1.34817 tp=1.33849
[2026-08-04 16:23:17] [INFO] [position_sizing] Position size: 0.01 (equity=100, risk=0.000, sl_dist=0.00363, sl_pips=36.32, pip_val_per_lot=10.0, score=42, cons_loss=1)
[2026-08-04 16:23:17] [DEBUG] [xgboost_v2] V2 predict: rsi=73.2 atr=0.00242 regime=TRENDING session=new_york dir=SELL -> p_win=0.611
[2026-08-04 16:23:17] [INFO] [xgboost_v2] [VERIFY] XGBOOST PREDICTION p_win=0.611 available=True
[2026-08-04 16:23:17] [INFO] [main] [VERIFY][DECISION_TRUTH] bias=bullish score=41.6 confidence=0.436 vote=SELL risk_passed=False sl_tp_calculated=True position_size=0.01 xgboost_p_win=0.610752522945404 final_decision_valid=False reject_reason=Score 41.6 < 45
[2026-08-04 16:23:18] [INFO] [adaptive_weights] EURUSD weights updated: {'ai': 0.239, 'trend': 0.239, 'momentum': 0.239, 'sentiment': 0.239, 'volatility': 0.043} | WR=10.0% PF=2.07
[2026-08-04 16:23:18] [INFO] [adaptive_weights] GBPUSD weights updated: {'ai': 0.239, 'trend': 0.239, 'momentum': 0.239, 'sentiment': 0.239, 'volatility': 0.043} | WR=13.0% PF=8.53
[2026-08-04 16:23:18] [INFO] [adaptive_weights] 🏆 أفضل زوج: GBPUSD | WR=13.0% | PnL=144.6$
[2026-08-04 16:23:18] [INFO] [adaptive_weights] ⚠️ أسوأ زوج: XAUUSD | WR=0.0% | PnL=-16.8$
[2026-08-04 16:23:18] [INFO] [main] Sleeping 1800s...
[2026-08-04 16:57:02] [INFO] [risk_governor] [RISK_GOVERNOR] New entries resumed
[2026-08-04 16:57:02] [INFO] [risk_governor] [RISK_GOVERNOR] New entries resumed
[2026-08-04 16:57:02] [WARNING] [risk_governor] [RISK_GOVERNOR] HALTED new entries: MT5 connection lost - candle boundary unavailable
[2026-08-04 16:57:02] [INFO] [risk_governor] [RISK_GOVERNOR] New entries resumed
[2026-08-04 16:58:32] [INFO] [risk_governor] [RISK_GOVERNOR] New entries resumed
[2026-08-04 16:58:32] [INFO] [risk_governor] [RISK_GOVERNOR] New entries resumed
[2026-08-04 16:58:32] [INFO] [risk_governor] [RISK_GOVERNOR] New entries resumed
[2026-08-04 16:58:32] [WARNING] [risk_governor] [RISK_GOVERNOR] HALTED new entries: MT5 connection lost - candle boundary unavailable
[2026-08-04 16:58:32] [INFO] [risk_governor] [RISK_GOVERNOR] New entries resumed
[2026-08-04 17:10:53] [INFO] [main] Trading Bot V3 starting...
[2026-08-04 17:10:53] [INFO] [database] V3 Database initialized with all tables
[2026-08-04 17:10:54] [INFO] [qd_client] Logged in to QuantDinger
[2026-08-04 17:10:54] [INFO] [qd_client] MT5 connected
[2026-08-04 17:10:54] [INFO] [main] MT5 connected
[2026-08-04 17:10:54] [INFO] [main] [STARTUP_SAFETY] Starting startup safety check (run-once)
[2026-08-04 17:10:54] [WARNING] [main] [STARTUP_SAFETY] mt5.positions_get None diagnostic last_error=(1, 'Success')
[2026-08-04 17:10:54] [INFO] [main] [STARTUP_SAFETY] MT5 open positions count=0
[2026-08-04 17:10:54] [INFO] [main] [STARTUP_SAFETY] DB open trades count=0
[2026-08-04 17:10:54] [INFO] [main] [STARTUP_SAFETY] missing_in_db(MT5-only)=0 missing_in_mt5(DB-only)=0
[2026-08-04 17:10:54] [INFO] [main] [STARTUP_SAFETY] Synced open positions count=0
[2026-08-04 17:10:54] [INFO] [main] [STARTUP_SAFETY] Completed startup safety check successfully
[2026-08-04 17:10:54] [INFO] [telegram_bot] Telegram polling started
[2026-08-04 17:10:54] [INFO] [telegram_bot] Telegram bot V3 started
[2026-08-04 17:10:54] [INFO] [mt5_watchdog] MT5 watchdog started (V1 reconnect logic)
[2026-08-04 17:10:54] [INFO] [reconciliation] Reconciliation loop started (every 60s)
[2026-08-04 17:10:54] [INFO] [reconciliation] Reconciliation thread started (safety only)
[2026-08-04 17:10:54] [INFO] [post_entry_manager] PostEntryManager started
[2026-08-04 17:10:56] [INFO] [main] ==================================================
[2026-08-04 17:10:56] [INFO] [main] Cycle 1 at 17:10:56
[2026-08-04 17:11:05] [INFO] [news_fetcher] Fetched 20 relevant news items
[2026-08-04 17:11:05] [INFO] [main] Equity: 100.00$ | News: 20
[2026-08-04 17:11:05] [DEBUG] [hybrid_market_client] Fetching indicators for EURUSD (QuantDinger first)
[2026-08-04 17:11:05] [DEBUG] [market_client] DEBUG: Requesting EURUSD H4 as '4H'
[2026-08-04 17:11:05] [DEBUG] [market_client] Candles EURUSD 4H: 100 bars ✓
[2026-08-04 17:11:05] [DEBUG] [hybrid_market_client] ✓ Got live data from QuantDinger for EURUSD
[2026-08-04 17:11:05] [DEBUG] [hybrid_market_client] Fetching indicators for EURUSD (QuantDinger first)
[2026-08-04 17:11:05] [DEBUG] [market_client] DEBUG: Requesting EURUSD H1 as '1H'
[2026-08-04 17:11:05] [DEBUG] [market_client] Candles EURUSD 1H: 100 bars ✓
[2026-08-04 17:11:05] [DEBUG] [hybrid_market_client] ✓ Got live data from QuantDinger for EURUSD
[2026-08-04 17:11:05] [DEBUG] [hybrid_market_client] Fetching indicators for EURUSD (QuantDinger first)
[2026-08-04 17:11:05] [DEBUG] [market_client] DEBUG: Requesting EURUSD M15 as '15m'
[2026-08-04 17:11:06] [DEBUG] [market_client] Candles EURUSD 15m: 100 bars ✓
[2026-08-04 17:11:06] [DEBUG] [hybrid_market_client] ✓ Got live data from QuantDinger for EURUSD
[2026-08-04 17:11:06] [INFO] [market_snapshot_builder] [SNAPSHOT_BUILT] symbol=EURUSD tfs=H4,H1,M15
[2026-08-04 17:11:06] [DEBUG] [hybrid_market_client] Fetching indicators for XAUUSD (QuantDinger first)
[2026-08-04 17:11:06] [DEBUG] [market_client] DEBUG: Requesting XAUUSD H4 as '4H'
[2026-08-04 17:11:06] [DEBUG] [market_client] Candles XAUUSD 4H: 100 bars ✓
[2026-08-04 17:11:06] [DEBUG] [hybrid_market_client] ✓ Got live data from QuantDinger for XAUUSD
[2026-08-04 17:11:06] [DEBUG] [hybrid_market_client] Fetching indicators for XAUUSD (QuantDinger first)
[2026-08-04 17:11:06] [DEBUG] [market_client] DEBUG: Requesting XAUUSD H1 as '1H'
[2026-08-04 17:11:06] [DEBUG] [market_client] Candles XAUUSD 1H: 92 bars ✓
[2026-08-04 17:11:06] [DEBUG] [hybrid_market_client] ✓ Got live data from QuantDinger for XAUUSD
[2026-08-04 17:11:06] [DEBUG] [hybrid_market_client] Fetching indicators for XAUUSD (QuantDinger first)
[2026-08-04 17:11:06] [DEBUG] [market_client] DEBUG: Requesting XAUUSD M15 as '15m'
[2026-08-04 17:11:06] [DEBUG] [market_client] Candles XAUUSD 15m: 100 bars ✓
[2026-08-04 17:11:06] [DEBUG] [hybrid_market_client] ✓ Got live data from QuantDinger for XAUUSD
[2026-08-04 17:11:06] [INFO] [market_snapshot_builder] [SNAPSHOT_BUILT] symbol=XAUUSD tfs=H4,H1,M15
[2026-08-04 17:11:06] [DEBUG] [hybrid_market_client] Fetching indicators for GBPUSD (QuantDinger first)
[2026-08-04 17:11:06] [DEBUG] [market_client] DEBUG: Requesting GBPUSD H4 as '4H'
[2026-08-04 17:11:07] [DEBUG] [market_client] Candles GBPUSD 4H: 100 bars ✓
[2026-08-04 17:11:07] [DEBUG] [hybrid_market_client] ✓ Got live data from QuantDinger for GBPUSD
[2026-08-04 17:11:07] [DEBUG] [hybrid_market_client] Fetching indicators for GBPUSD (QuantDinger first)
[2026-08-04 17:11:07] [DEBUG] [market_client] DEBUG: Requesting GBPUSD H1 as '1H'
[2026-08-04 17:11:07] [DEBUG] [market_client] Candles GBPUSD 1H: 100 bars ✓
[2026-08-04 17:11:07] [DEBUG] [hybrid_market_client] ✓ Got live data from QuantDinger for GBPUSD
[2026-08-04 17:11:07] [DEBUG] [hybrid_market_client] Fetching indicators for GBPUSD (QuantDinger first)
[2026-08-04 17:11:07] [DEBUG] [market_client] DEBUG: Requesting GBPUSD M15 as '15m'
[2026-08-04 17:11:07] [DEBUG] [market_client] Candles GBPUSD 15m: 100 bars ✓
[2026-08-04 17:11:07] [DEBUG] [hybrid_market_client] ✓ Got live data from QuantDinger for GBPUSD
[2026-08-04 17:11:07] [INFO] [market_snapshot_builder] [SNAPSHOT_BUILT] symbol=GBPUSD tfs=H4,H1,M15
[2026-08-04 17:11:07] [INFO] [main] --- EURUSD ---
[2026-08-04 17:11:10] [INFO] [deepseek] DEEPSEEK OK: {"impact_score": 70, "bias": "bullish", "confidence": 0.75, "reason": "الاتجاه الصاعد قوي على جميع ا...
[2026-08-04 17:11:10] [INFO] [deepseek] AI EURUSD: bias=bullish impact=70.0 conf=0.75
[2026-08-04 17:11:10] [INFO] [signal_engine] [VERIFY] SIGNAL_INPUT bias=bullish score=70.0 confidence=0.75
[2026-08-04 17:11:10] [INFO] [signal_engine] [VERIFY] SIGNAL_RULE rule=confidence>=0.60 actual=0.75 result=True
[2026-08-04 17:11:10] [INFO] [signal_engine] [VERIFY] SIGNAL_RULE rule=score>=55 actual=70.0 result=True
[2026-08-04 17:11:10] [INFO] [signal_engine] [VERIFY] SIGNAL_RULE rule=bias in [bullish,bearish] actual=bullish result=True
[2026-08-04 17:11:10] [INFO] [signal_engine] [VERIFY] SIGNAL_FINAL direction=BUY score=70.0 confidence=0.75 valid=True
[2026-08-04 17:11:10] [DEBUG] [signal_engine] Signal: BUY score=70.0 conf=0.75 strength=قوي valid=True
[2026-08-04 17:11:10] [INFO] [sentiment] Sentiment EURUSD: bearish score=88 bull=1 bear=3
[2026-08-04 17:11:10] [DEBUG] [mtf] MTF (snapshot) EURUSD: H4=bullish H1=bearish M15=bullish aligned=False (weak)
[2026-08-04 17:11:10] [INFO] [main] [VERIFY][DATA_TRUTH] symbol=EURUSD timeframe=H4/H1/M15 news_fetched=True indicators_fetched=True live_data=True cached=False
[2026-08-04 17:11:10] [INFO] [voting_engine] EURUSD: MTF weakly misaligned, reducing score 10%
[2026-08-04 17:11:10] [DEBUG] [hybrid_market_client] Fetching indicators for EURUSD (QuantDinger first)
[2026-08-04 17:11:10] [DEBUG] [market_client] DEBUG: Requesting EURUSD 4H as '4H'
[2026-08-04 17:11:10] [DEBUG] [market_client] Candles EURUSD 4H: 100 bars ✓
[2026-08-04 17:11:10] [DEBUG] [hybrid_market_client] ✓ Got live data from QuantDinger for EURUSD
[2026-08-04 17:11:10] [DEBUG] [hybrid_market_client] Fetching indicators for EURUSD (QuantDinger first)
[2026-08-04 17:11:10] [DEBUG] [market_client] Using cached candles for EURUSD 4H (age: 0s)
[2026-08-04 17:11:10] [DEBUG] [hybrid_market_client] ✓ Got live data from QuantDinger for EURUSD
[2026-08-04 17:11:10] [INFO] [sltp] SL/TP EURUSD: entry=1.1531364917755127 atr=0.00208 regime=Normal sl_mult=1.50 tp_mult=2.50 sl=1.15002 tp=1.15832
[2026-08-04 17:11:10] [INFO] [position_sizing] Position size: 0.01 (equity=100, risk=0.000, sl_dist=0.00312, sl_pips=31.16, pip_val_per_lot=10.0, score=58, cons_loss=1)
[2026-08-04 17:11:10] [INFO] [xgboost_v2] [VERIFY] XGBOOST MODEL LOADED path=models/entry/entry_model.json available=True
[2026-08-04 17:11:10] [INFO] [xgboost_v2] XGBoost v2 model loaded successfully
[2026-08-04 17:11:10] [DEBUG] [xgboost_v2] V2 predict: rsi=75.8 atr=0.00208 regime=TRENDING session=new_york dir=BUY -> p_win=0.614
[2026-08-04 17:11:10] [INFO] [xgboost_v2] [VERIFY] XGBOOST PREDICTION p_win=0.614 available=True
[2026-08-04 17:11:10] [INFO] [main] [VERIFY][DECISION_TRUTH] bias=bullish score=58.5 confidence=0.664 vote=BUY risk_passed=True sl_tp_calculated=True position_size=0.01 xgboost_p_win=0.6136956214904785 final_decision_valid=True reject_reason=OK
[2026-08-04 17:11:10] [INFO] [mt5_direct] [MT5_DIRECT] open_trade symbol=EURUSD direction=BUY volume=0.01 sl=1.15002 tp=1.15832
[2026-08-04 17:11:10] [INFO] [mt5_direct] [MT5_DIRECT] terminal_info: TerminalInfo(community_account=True, community_connection=True, connected=True, dlls_allowed=False, trade_allowed=True, tradeapi_disabled=False, email_enabled=False, ftp_enabled=False, notifications_enabled=False, mqid=True, build=6090, maxbars=100000, codepage=0, ping_last=84596, community_balance=0.0, retransmission=0.30123317330321003, company='MetaQuotes Ltd.', name='MetaTrader 5', language='English', path='C:\\Program Files\\MetaTrader 5', data_path='C:\\Users\\ACER\\AppData\\Roaming\\MetaQuotes\\Terminal\\D0E8209F77C8CF37AD8BF550E51FF075', commondata_path='C:\\Users\\ACER\\AppData\\Roaming\\MetaQuotes\\Terminal\\Common')
[2026-08-04 17:11:10] [INFO] [mt5_direct] [MT5_DIRECT] account_info: AccountInfo(login=110389912, trade_mode=0, leverage=1, limit_orders=200, margin_so_mode=0, trade_allowed=True, trade_expert=True, margin_mode=2, currency_digits=2, fifo_close=False, balance=100.0, credit=0.0, profit=0.0, equity=100.0, margin=0.0, margin_free=100.0, margin_level=0.0, margin_so_call=50.0, margin_so_so=30.0, margin_initial=0.0, margin_maintenance=0.0, assets=0.0, liabilities=0.0, commission_blocked=0.0, name='Alid Nn', server='MetaQuotes-Demo', currency='USD', company='MetaQuotes Ltd.')
[2026-08-04 17:11:10] [DEBUG] [mt5_direct] [MT5_DIRECT] order_send request={'action': 1, 'symbol': 'EURUSD', 'volume': 0.01, 'type': 0, 'price': 1.15284, 'sl': 1.15002, 'tp': 1.15832, 'deviation': 20, 'magic': 0, 'comment': 'Bot V3', 'type_filling': 1}
[2026-08-04 17:11:10] [ERROR] [mt5_direct] [MT5_DIRECT] order_send failed result=OrderSendResult(retcode=10030, deal=0, order=0, volume=0.0, price=0.0, bid=0.0, ask=0.0, comment='Unsupported filling mode', request_id=0, retcode_external=0, request=TradeRequest(action=1, magic=0, order=0, symbol='EURUSD', volume=0.01, price=1.15284, stoplimit=0.0, sl=1.15002, tp=1.15832, deviation=20, type=0, type_filling=1, type_time=0, expiration=0, comment='Bot V3', position=0, position_by=0)) comment=Unsupported filling mode retcode=10030
[2026-08-04 17:11:10] [INFO] [mt5_direct] [MT5_DIRECT] Retry order_send without type_filling
[2026-08-04 17:11:10] [INFO] [main] [VERIFY][EXECUTION_RESULT] symbol=EURUSD open_trade_result={'status': 'error', 'error': 'order_send failed (retry). comment=No money retcode=10019', 'order_id': None, 'price': None, 'symbol': 'EURUSD', 'direction': 'BUY', 'volume': 0.01, 'timestamp': 1785852670.425633, 'raw_response': {'retcode': 10030, 'deal': 0, 'order': 0, 'volume': 0.0, 'price': 0.0, 'bid': 0.0, 'ask': 0.0, 'comment': 'Unsupported filling mode', 'request_id': 0, 'retcode_external': 0, 'request': TradeRequest(action=1, magic=0, order=0, symbol='EURUSD', volume=0.01, price=1.15284, stoplimit=0.0, sl=1.15002, tp=1.15832, deviation=20, type=0, type_filling=1, type_time=0, expiration=0, comment='Bot V3', position=0, position_by=0)}}
[2026-08-04 17:11:10] [INFO] [main] --- XAUUSD ---
[2026-08-04 17:11:13] [INFO] [deepseek] DEEPSEEK OK: {"impact_score": 70, "bias": "bullish", "confidence": 0.75, "reason": "السياق الفني قوي صاعد والدولا...
[2026-08-04 17:11:13] [INFO] [deepseek] AI XAUUSD: bias=bullish impact=70.0 conf=0.75
[2026-08-04 17:11:13] [INFO] [signal_engine] [VERIFY] SIGNAL_INPUT bias=bullish score=70.0 confidence=0.75
[2026-08-04 17:11:13] [INFO] [signal_engine] [VERIFY] SIGNAL_RULE rule=confidence>=0.60 actual=0.75 result=True
[2026-08-04 17:11:13] [INFO] [signal_engine] [VERIFY] SIGNAL_RULE rule=score>=55 actual=70.0 result=True
[2026-08-04 17:11:13] [INFO] [signal_engine] [VERIFY] SIGNAL_RULE rule=bias in [bullish,bearish] actual=bullish result=True
[2026-08-04 17:11:13] [INFO] [signal_engine] [VERIFY] SIGNAL_FINAL direction=BUY score=70.0 confidence=0.75 valid=True
[2026-08-04 17:11:13] [DEBUG] [signal_engine] Signal: BUY score=70.0 conf=0.75 strength=قوي valid=True
[2026-08-04 17:11:13] [INFO] [sentiment] Sentiment XAUUSD: bearish score=100 bull=0 bear=1
[2026-08-04 17:11:13] [DEBUG] [mtf] MTF (snapshot) XAUUSD: H4=bullish H1=bullish M15=bullish aligned=True (strong)
[2026-08-04 17:11:13] [INFO] [main] [VERIFY][DATA_TRUTH] symbol=XAUUSD timeframe=H4/H1/M15 news_fetched=True indicators_fetched=True live_data=True cached=False
[2026-08-04 17:11:13] [INFO] [voting_engine] XAUUSD: MTF strongly aligned, boosting score 10%
[2026-08-04 17:11:13] [DEBUG] [hybrid_market_client] Fetching indicators for XAUUSD (QuantDinger first)
[2026-08-04 17:11:13] [DEBUG] [market_client] DEBUG: Requesting XAUUSD 4H as '4H'
[2026-08-04 17:11:13] [DEBUG] [market_client] Candles XAUUSD 4H: 100 bars ✓
[2026-08-04 17:11:13] [DEBUG] [hybrid_market_client] ✓ Got live data from QuantDinger for XAUUSD
[2026-08-04 17:11:13] [DEBUG] [hybrid_market_client] Fetching indicators for XAUUSD (QuantDinger first)
[2026-08-04 17:11:13] [DEBUG] [market_client] Using cached candles for XAUUSD 4H (age: 0s)
[2026-08-04 17:11:13] [DEBUG] [hybrid_market_client] ✓ Got live data from QuantDinger for XAUUSD
[2026-08-04 17:11:13] [INFO] [sltp] SL/TP XAUUSD: entry=4141.5 atr=26.23570 regime=Normal sl_mult=1.50 tp_mult=2.50 sl=4136.5 tp=4207.08925
[2026-08-04 17:11:13] [INFO] [position_sizing] Position size: 0.01 (equity=100, risk=0.002, sl_dist=5.00000, sl_pips=50.00, pip_val_per_lot=10.0, score=100, cons_loss=1)
[2026-08-04 17:11:13] [DEBUG] [xgboost_v2] V2 predict: rsi=69.1 atr=26.23570 regime=TRENDING session=new_york dir=BUY -> p_win=0.632
[2026-08-04 17:11:13] [INFO] [xgboost_v2] [VERIFY] XGBOOST PREDICTION p_win=0.632 available=True
[2026-08-04 17:11:13] [INFO] [main] [VERIFY][DECISION_TRUTH] bias=bullish score=100 confidence=1.0 vote=BUY risk_passed=True sl_tp_calculated=True position_size=0.01 xgboost_p_win=0.6318674683570862 final_decision_valid=True reject_reason=OK
[2026-08-04 17:11:13] [INFO] [mt5_direct] [MT5_DIRECT] open_trade symbol=XAUUSD direction=BUY volume=0.01 sl=4136.5 tp=4207.08925
[2026-08-04 17:11:13] [INFO] [mt5_direct] [MT5_DIRECT] terminal_info: TerminalInfo(community_account=True, community_connection=True, connected=True, dlls_allowed=False, trade_allowed=True, tradeapi_disabled=False, email_enabled=False, ftp_enabled=False, notifications_enabled=False, mqid=True, build=6090, maxbars=100000, codepage=0, ping_last=84596, community_balance=0.0, retransmission=0.30123317330321003, company='MetaQuotes Ltd.', name='MetaTrader 5', language='English', path='C:\\Program Files\\MetaTrader 5', data_path='C:\\Users\\ACER\\AppData\\Roaming\\MetaQuotes\\Terminal\\D0E8209F77C8CF37AD8BF550E51FF075', commondata_path='C:\\Users\\ACER\\AppData\\Roaming\\MetaQuotes\\Terminal\\Common')
[2026-08-04 17:11:13] [INFO] [mt5_direct] [MT5_DIRECT] account_info: AccountInfo(login=110389912, trade_mode=0, leverage=1, limit_orders=200, margin_so_mode=0, trade_allowed=True, trade_expert=True, margin_mode=2, currency_digits=2, fifo_close=False, balance=100.0, credit=0.0, profit=0.0, equity=100.0, margin=0.0, margin_free=100.0, margin_level=0.0, margin_so_call=50.0, margin_so_so=30.0, margin_initial=0.0, margin_maintenance=0.0, assets=0.0, liabilities=0.0, commission_blocked=0.0, name='Alid Nn', server='MetaQuotes-Demo', currency='USD', company='MetaQuotes Ltd.')
[2026-08-04 17:11:13] [DEBUG] [mt5_direct] [MT5_DIRECT] order_send request={'action': 1, 'symbol': 'XAUUSD', 'volume': 0.01, 'type': 0, 'price': 4089.51, 'sl': 4136.5, 'tp': 4207.08925, 'deviation': 20, 'magic': 0, 'comment': 'Bot V3', 'type_filling': 3}
[2026-08-04 17:11:13] [ERROR] [mt5_direct] [MT5_DIRECT] order_send failed result=OrderSendResult(retcode=10030, deal=0, order=0, volume=0.0, price=0.0, bid=0.0, ask=0.0, comment='Unsupported filling mode', request_id=0, retcode_external=0, request=TradeRequest(action=1, magic=0, order=0, symbol='XAUUSD', volume=0.01, price=4089.51, stoplimit=0.0, sl=4136.5, tp=4207.08925, deviation=20, type=0, type_filling=3, type_time=0, expiration=0, comment='Bot V3', position=0, position_by=0)) comment=Unsupported filling mode retcode=10030
[2026-08-04 17:11:13] [INFO] [mt5_direct] [MT5_DIRECT] Retry order_send without type_filling
[2026-08-04 17:11:13] [INFO] [main] [VERIFY][EXECUTION_RESULT] symbol=XAUUSD open_trade_result={'status': 'error', 'error': 'order_send failed (retry). comment=Invalid stops retcode=10016', 'order_id': None, 'price': None, 'symbol': 'XAUUSD', 'direction': 'BUY', 'volume': 0.01, 'timestamp': 1785852673.410318, 'raw_response': {'retcode': 10030, 'deal': 0, 'order': 0, 'volume': 0.0, 'price': 0.0, 'bid': 0.0, 'ask': 0.0, 'comment': 'Unsupported filling mode', 'request_id': 0, 'retcode_external': 0, 'request': TradeRequest(action=1, magic=0, order=0, symbol='XAUUSD', volume=0.01, price=4089.51, stoplimit=0.0, sl=4136.5, tp=4207.08925, deviation=20, type=0, type_filling=3, type_time=0, expiration=0, comment='Bot V3', position=0, position_by=0)}}
[2026-08-04 17:11:13] [INFO] [main] --- GBPUSD ---
[2026-08-04 17:11:16] [WARNING] [deepseek] DeepSeek empty response: finish_reason=length, raw={"id":"52b689fc-3bd7-4596-9e92-512dfac34377","object":"chat.completion","created":1785852673,"model":"deepseek-v4-flash","choices":[{"index":0,"message":{"role":"assistant","content":"","reasoning_content":"We need to respond with JSON. Need to analyze news and market context. Symbol GBPUSD. Current
[2026-08-04 17:11:22] [INFO] [deepseek] DEEPSEEK OK: {"impact_score": 60, "bias": "bearish", "confidence": 0.6, "reason": "توقعات بقوة الدولار بعد تراجع ...
[2026-08-04 17:11:22] [INFO] [deepseek] AI GBPUSD: bias=bearish impact=60.0 conf=0.60
[2026-08-04 17:11:22] [INFO] [signal_engine] [VERIFY] SIGNAL_INPUT bias=bearish score=60.0 confidence=0.6
[2026-08-04 17:11:22] [INFO] [signal_engine] [VERIFY] SIGNAL_RULE rule=confidence>=0.60 actual=0.6 result=True
[2026-08-04 17:11:22] [INFO] [signal_engine] [VERIFY] SIGNAL_RULE rule=score>=55 actual=60.0 result=True
[2026-08-04 17:11:22] [INFO] [signal_engine] [VERIFY] SIGNAL_RULE rule=bias in [bullish,bearish] actual=bearish result=True
[2026-08-04 17:11:22] [INFO] [signal_engine] [VERIFY] SIGNAL_FINAL direction=SELL score=60.0 confidence=0.6 valid=True
[2026-08-04 17:11:22] [DEBUG] [signal_engine] Signal: SELL score=60.0 conf=0.60 strength=متوسط valid=True
[2026-08-04 17:11:22] [INFO] [sentiment] Sentiment GBPUSD: bearish score=100 bull=0 bear=1
[2026-08-04 17:11:22] [DEBUG] [mtf] MTF (snapshot) GBPUSD: H4=bullish H1=bearish M15=bullish aligned=False (weak)
[2026-08-04 17:11:22] [INFO] [main] [VERIFY][DATA_TRUTH] symbol=GBPUSD timeframe=H4/H1/M15 news_fetched=True indicators_fetched=True live_data=True cached=False
[2026-08-04 17:11:22] [INFO] [voting_engine] GBPUSD: MTF weakly misaligned, reducing score 10%
[2026-08-04 17:11:22] [INFO] [risk_engine] Risk: Score too low (GBPUSD SELL) - Score 40.6 < 45
[2026-08-04 17:11:22] [DEBUG] [hybrid_market_client] Fetching indicators for GBPUSD (QuantDinger first)
[2026-08-04 17:11:22] [DEBUG] [market_client] DEBUG: Requesting GBPUSD 4H as '4H'
[2026-08-04 17:11:22] [DEBUG] [market_client] Candles GBPUSD 4H: 100 bars ✓
[2026-08-04 17:11:22] [DEBUG] [hybrid_market_client] ✓ Got live data from QuantDinger for GBPUSD
[2026-08-04 17:11:22] [DEBUG] [hybrid_market_client] Fetching indicators for GBPUSD (QuantDinger first)
[2026-08-04 17:11:22] [DEBUG] [market_client] Using cached candles for GBPUSD 4H (age: 0s)
[2026-08-04 17:11:22] [DEBUG] [hybrid_market_client] ✓ Got live data from QuantDinger for GBPUSD
[2026-08-04 17:11:22] [INFO] [sltp] SL/TP GBPUSD: entry=1.3454241752624512 atr=0.00242 regime=Normal sl_mult=1.50 tp_mult=2.50 sl=1.34906 tp=1.33936
[2026-08-04 17:11:22] [INFO] [position_sizing] Position size: 0.01 (equity=100, risk=0.000, sl_dist=0.00364, sl_pips=36.36, pip_val_per_lot=10.0, score=41, cons_loss=1)
[2026-08-04 17:11:22] [DEBUG] [xgboost_v2] V2 predict: rsi=83.7 atr=0.00242 regime=TRENDING session=new_york dir=SELL -> p_win=0.673
[2026-08-04 17:11:22] [INFO] [xgboost_v2] [VERIFY] XGBOOST PREDICTION p_win=0.673 available=True
[2026-08-04 17:11:22] [INFO] [main] [VERIFY][DECISION_TRUTH] bias=bearish score=40.6 confidence=0.277 vote=SELL risk_passed=False sl_tp_calculated=True position_size=0.01 xgboost_p_win=0.6725501418113708 final_decision_valid=False reject_reason=Score 40.6 < 45
[2026-08-04 17:11:22] [INFO] [adaptive_weights] EURUSD weights updated: {'ai': 0.239, 'trend': 0.239, 'momentum': 0.239, 'sentiment': 0.239, 'volatility': 0.043} | WR=10.0% PF=2.07
[2026-08-04 17:11:22] [INFO] [adaptive_weights] GBPUSD weights updated: {'ai': 0.239, 'trend': 0.239, 'momentum': 0.239, 'sentiment': 0.239, 'volatility': 0.043} | WR=13.0% PF=8.53
[2026-08-04 17:11:22] [INFO] [adaptive_weights] 🏆 أفضل زوج: GBPUSD | WR=13.0% | PnL=144.6$
[2026-08-04 17:11:22] [INFO] [adaptive_weights] ⚠️ أسوأ زوج: XAUUSD | WR=0.0% | PnL=-16.8$
[2026-08-04 17:11:22] [INFO] [main] Sleeping 1800s...
[2026-08-04 17:41:22] [INFO] [main] ==================================================
[2026-08-04 17:41:22] [INFO] [main] Cycle 2 at 17:41:22
[2026-08-04 17:41:22] [INFO] [main] [INTRABAR] Same candle - skipping new entry signals (management continues in PostEntryManager)
[2026-08-04 17:41:22] [INFO] [main] Sleeping 1800s...
[2026-08-04 18:11:22] [INFO] [main] ==================================================
[2026-08-04 18:11:22] [INFO] [main] Cycle 3 at 18:11:22
[2026-08-04 18:11:23] [INFO] [qd_client] Logged in to QuantDinger
[2026-08-04 18:11:31] [INFO] [news_fetcher] Fetched 22 relevant news items
[2026-08-04 18:11:31] [INFO] [main] Equity: 100.00$ | News: 22
[2026-08-04 18:11:31] [DEBUG] [hybrid_market_client] Fetching indicators for EURUSD (QuantDinger first)
[2026-08-04 18:11:31] [DEBUG] [market_client] DEBUG: Requesting EURUSD H4 as '4H'
[2026-08-04 18:11:32] [DEBUG] [market_client] Candles EURUSD 4H: 100 bars ✓
[2026-08-04 18:11:32] [DEBUG] [hybrid_market_client] ✓ Got live data from QuantDinger for EURUSD
[2026-08-04 18:11:32] [DEBUG] [hybrid_market_client] Fetching indicators for EURUSD (QuantDinger first)
[2026-08-04 18:11:32] [DEBUG] [market_client] DEBUG: Requesting EURUSD H1 as '1H'
[2026-08-04 18:11:32] [DEBUG] [market_client] Candles EURUSD 1H: 100 bars ✓
[2026-08-04 18:11:32] [DEBUG] [hybrid_market_client] ✓ Got live data from QuantDinger for EURUSD
[2026-08-04 18:11:32] [DEBUG] [hybrid_market_client] Fetching indicators for EURUSD (QuantDinger first)
[2026-08-04 18:11:32] [DEBUG] [market_client] DEBUG: Requesting EURUSD M15 as '15m'
[2026-08-04 18:11:32] [DEBUG] [market_client] Candles EURUSD 15m: 100 bars ✓
[2026-08-04 18:11:32] [DEBUG] [hybrid_market_client] ✓ Got live data from QuantDinger for EURUSD
[2026-08-04 18:11:32] [INFO] [market_snapshot_builder] [SNAPSHOT_BUILT] symbol=EURUSD tfs=H4,H1,M15
[2026-08-04 18:11:32] [DEBUG] [hybrid_market_client] Fetching indicators for XAUUSD (QuantDinger first)
[2026-08-04 18:11:32] [DEBUG] [market_client] DEBUG: Requesting XAUUSD H4 as '4H'
[2026-08-04 18:11:33] [DEBUG] [market_client] Candles XAUUSD 4H: 100 bars ✓
[2026-08-04 18:11:33] [DEBUG] [hybrid_market_client] ✓ Got live data from QuantDinger for XAUUSD
[2026-08-04 18:11:33] [DEBUG] [hybrid_market_client] Fetching indicators for XAUUSD (QuantDinger first)
[2026-08-04 18:11:33] [DEBUG] [market_client] DEBUG: Requesting XAUUSD H1 as '1H'
[2026-08-04 18:11:33] [DEBUG] [market_client] Candles XAUUSD 1H: 92 bars ✓
[2026-08-04 18:11:33] [DEBUG] [hybrid_market_client] ✓ Got live data from QuantDinger for XAUUSD
[2026-08-04 18:11:33] [DEBUG] [hybrid_market_client] Fetching indicators for XAUUSD (QuantDinger first)
[2026-08-04 18:11:33] [DEBUG] [market_client] DEBUG: Requesting XAUUSD M15 as '15m'
[2026-08-04 18:11:34] [DEBUG] [market_client] Candles XAUUSD 15m: 100 bars ✓
[2026-08-04 18:11:34] [DEBUG] [hybrid_market_client] ✓ Got live data from QuantDinger for XAUUSD
[2026-08-04 18:11:34] [INFO] [market_snapshot_builder] [SNAPSHOT_BUILT] symbol=XAUUSD tfs=H4,H1,M15
[2026-08-04 18:11:34] [DEBUG] [hybrid_market_client] Fetching indicators for GBPUSD (QuantDinger first)
[2026-08-04 18:11:34] [DEBUG] [market_client] DEBUG: Requesting GBPUSD H4 as '4H'
[2026-08-04 18:11:34] [DEBUG] [market_client] Candles GBPUSD 4H: 100 bars ✓
[2026-08-04 18:11:34] [DEBUG] [hybrid_market_client] ✓ Got live data from QuantDinger for GBPUSD
[2026-08-04 18:11:34] [DEBUG] [hybrid_market_client] Fetching indicators for GBPUSD (QuantDinger first)
[2026-08-04 18:11:34] [DEBUG] [market_client] DEBUG: Requesting GBPUSD H1 as '1H'
[2026-08-04 18:11:34] [DEBUG] [market_client] Candles GBPUSD 1H: 100 bars ✓
[2026-08-04 18:11:34] [DEBUG] [hybrid_market_client] ✓ Got live data from QuantDinger for GBPUSD
[2026-08-04 18:11:34] [DEBUG] [hybrid_market_client] Fetching indicators for GBPUSD (QuantDinger first)
[2026-08-04 18:11:34] [DEBUG] [market_client] DEBUG: Requesting GBPUSD M15 as '15m'
[2026-08-04 18:11:35] [DEBUG] [market_client] Candles GBPUSD 15m: 100 bars ✓
[2026-08-04 18:11:35] [DEBUG] [hybrid_market_client] ✓ Got live data from QuantDinger for GBPUSD
[2026-08-04 18:11:35] [INFO] [market_snapshot_builder] [SNAPSHOT_BUILT] symbol=GBPUSD tfs=H4,H1,M15
[2026-08-04 18:11:35] [INFO] [main] --- EURUSD ---
[2026-08-04 18:11:38] [INFO] [deepseek] DEEPSEEK OK: {"impact_score": 75, "bias": "bullish", "confidence": 0.82, "reason": "السياق الفني يُظهر اتجاهاً صا...
[2026-08-04 18:11:38] [INFO] [deepseek] AI EURUSD: bias=bullish impact=75.0 conf=0.82
[2026-08-04 18:11:38] [INFO] [signal_engine] [VERIFY] SIGNAL_INPUT bias=bullish score=75.0 confidence=0.82
[2026-08-04 18:11:38] [INFO] [signal_engine] [VERIFY] SIGNAL_RULE rule=confidence>=0.60 actual=0.82 result=True
[2026-08-04 18:11:38] [INFO] [signal_engine] [VERIFY] SIGNAL_RULE rule=score>=55 actual=75.0 result=True
[2026-08-04 18:11:38] [INFO] [signal_engine] [VERIFY] SIGNAL_RULE rule=bias in [bullish,bearish] actual=bullish result=True
[2026-08-04 18:11:38] [INFO] [signal_engine] [VERIFY] SIGNAL_FINAL direction=BUY score=75.0 confidence=0.82 valid=True
[2026-08-04 18:11:38] [DEBUG] [signal_engine] Signal: BUY score=75.0 conf=0.82 strength=قوي valid=True
[2026-08-04 18:11:38] [INFO] [sentiment] Sentiment EURUSD: bearish score=83 bull=1 bear=2
[2026-08-04 18:11:38] [DEBUG] [mtf] MTF (snapshot) EURUSD: H4=bullish H1=bullish M15=neutral aligned=True (moderate)
[2026-08-04 18:11:38] [INFO] [main] [VERIFY][DATA_TRUTH] symbol=EURUSD timeframe=H4/H1/M15 news_fetched=True indicators_fetched=True live_data=True cached=False
[2026-08-04 18:11:38] [DEBUG] [hybrid_market_client] Fetching indicators for EURUSD (QuantDinger first)
[2026-08-04 18:11:38] [DEBUG] [market_client] DEBUG: Requesting EURUSD 4H as '4H'
[2026-08-04 18:11:38] [DEBUG] [market_client] Candles EURUSD 4H: 100 bars ✓
[2026-08-04 18:11:38] [DEBUG] [hybrid_market_client] ✓ Got live data from QuantDinger for EURUSD
[2026-08-04 18:11:38] [DEBUG] [hybrid_market_client] Fetching indicators for EURUSD (QuantDinger first)
[2026-08-04 18:11:38] [DEBUG] [market_client] Using cached candles for EURUSD 4H (age: 0s)
[2026-08-04 18:11:38] [DEBUG] [hybrid_market_client] ✓ Got live data from QuantDinger for EURUSD
[2026-08-04 18:11:38] [INFO] [sltp] SL/TP EURUSD: entry=1.1524720191955566 atr=0.00195 regime=Normal sl_mult=1.50 tp_mult=2.50 sl=1.14954 tp=1.15735
[2026-08-04 18:11:38] [INFO] [position_sizing] Position size: 0.01 (equity=100, risk=0.002, sl_dist=0.00293, sl_pips=29.32, pip_val_per_lot=10.0, score=96, cons_loss=1)
[2026-08-04 18:11:38] [DEBUG] [xgboost_v2] V2 predict: rsi=63.0 atr=0.00195 regime=TRENDING session=new_york dir=BUY -> p_win=0.472
[2026-08-04 18:11:38] [INFO] [xgboost_v2] [VERIFY] XGBOOST PREDICTION p_win=0.472 available=True
[2026-08-04 18:11:38] [INFO] [main] [VERIFY][DECISION_TRUTH] bias=bullish score=96.5 confidence=1.0 vote=BUY risk_passed=True sl_tp_calculated=True position_size=0.01 xgboost_p_win=0.47202667593955994 final_decision_valid=False reject_reason=p_win<threshold (p_win=0.472 threshold=0.6)
[2026-08-04 18:11:38] [INFO] [main] --- XAUUSD ---
[2026-08-04 18:11:41] [INFO] [deepseek] DEEPSEEK OK: {"impact_score": 75, "bias": "bullish", "confidence": 0.85, "reason": "الاتجاه القوي صاعد والدولار ي...
[2026-08-04 18:11:41] [INFO] [deepseek] AI XAUUSD: bias=bullish impact=75.0 conf=0.85
[2026-08-04 18:11:41] [INFO] [signal_engine] [VERIFY] SIGNAL_INPUT bias=bullish score=75.0 confidence=0.85
[2026-08-04 18:11:41] [INFO] [signal_engine] [VERIFY] SIGNAL_RULE rule=confidence>=0.60 actual=0.85 result=True
[2026-08-04 18:11:41] [INFO] [signal_engine] [VERIFY] SIGNAL_RULE rule=score>=55 actual=75.0 result=True
[2026-08-04 18:11:41] [INFO] [signal_engine] [VERIFY] SIGNAL_RULE rule=bias in [bullish,bearish] actual=bullish result=True
[2026-08-04 18:11:41] [INFO] [signal_engine] [VERIFY] SIGNAL_FINAL direction=BUY score=75.0 confidence=0.85 valid=True
[2026-08-04 18:11:41] [DEBUG] [signal_engine] Signal: BUY score=75.0 conf=0.85 strength=قوي valid=True
[2026-08-04 18:11:41] [DEBUG] [mtf] MTF (snapshot) XAUUSD: H4=bullish H1=bullish M15=bullish aligned=True (strong)
[2026-08-04 18:11:41] [INFO] [main] [VERIFY][DATA_TRUTH] symbol=XAUUSD timeframe=H4/H1/M15 news_fetched=True indicators_fetched=True live_data=True cached=False
[2026-08-04 18:11:41] [INFO] [voting_engine] XAUUSD: MTF strongly aligned, boosting score 10%
[2026-08-04 18:11:41] [DEBUG] [hybrid_market_client] Fetching indicators for XAUUSD (QuantDinger first)
[2026-08-04 18:11:41] [DEBUG] [market_client] DEBUG: Requesting XAUUSD 4H as '4H'
[2026-08-04 18:11:41] [DEBUG] [market_client] Candles XAUUSD 4H: 100 bars ✓
[2026-08-04 18:11:41] [DEBUG] [hybrid_market_client] ✓ Got live data from QuantDinger for XAUUSD
[2026-08-04 18:11:41] [DEBUG] [hybrid_market_client] Fetching indicators for XAUUSD (QuantDinger first)
[2026-08-04 18:11:41] [DEBUG] [market_client] Using cached candles for XAUUSD 4H (age: 0s)
[2026-08-04 18:11:41] [DEBUG] [hybrid_market_client] ✓ Got live data from QuantDinger for XAUUSD
[2026-08-04 18:11:41] [INFO] [sltp] SL/TP XAUUSD: entry=4140.7001953125 atr=26.23570 regime=Normal sl_mult=1.50 tp_mult=2.50 sl=4135.7002 tp=4206.28945
[2026-08-04 18:11:41] [INFO] [position_sizing] Position size: 0.01 (equity=100, risk=0.002, sl_dist=5.00000, sl_pips=50.00, pip_val_per_lot=10.0, score=100, cons_loss=1)
[2026-08-04 18:11:41] [DEBUG] [xgboost_v2] V2 predict: rsi=65.1 atr=26.23570 regime=TRENDING session=new_york dir=BUY -> p_win=0.528
[2026-08-04 18:11:41] [INFO] [xgboost_v2] [VERIFY] XGBOOST PREDICTION p_win=0.528 available=True
[2026-08-04 18:11:41] [INFO] [main] [VERIFY][DECISION_TRUTH] bias=bullish score=100 confidence=1.0 vote=BUY risk_passed=True sl_tp_calculated=True position_size=0.01 xgboost_p_win=0.5282509922981262 final_decision_valid=False reject_reason=p_win<threshold (p_win=0.528 threshold=0.6)
[2026-08-04 18:11:41] [INFO] [main] --- GBPUSD ---
[2026-08-04 18:11:44] [INFO] [deepseek] DEEPSEEK OK: {"impact_score": 65, "bias": "bullish", "confidence": 0.65, "reason": "آمال إعادة فتح هرمز تضغط على ...
[2026-08-04 18:11:44] [INFO] [deepseek] AI GBPUSD: bias=bullish impact=65.0 conf=0.65
[2026-08-04 18:11:44] [INFO] [signal_engine] [VERIFY] SIGNAL_INPUT bias=bullish score=65.0 confidence=0.65
[2026-08-04 18:11:44] [INFO] [signal_engine] [VERIFY] SIGNAL_RULE rule=confidence>=0.60 actual=0.65 result=True
[2026-08-04 18:11:44] [INFO] [signal_engine] [VERIFY] SIGNAL_RULE rule=score>=55 actual=65.0 result=True
[2026-08-04 18:11:44] [INFO] [signal_engine] [VERIFY] SIGNAL_RULE rule=bias in [bullish,bearish] actual=bullish result=True
[2026-08-04 18:11:44] [INFO] [signal_engine] [VERIFY] SIGNAL_FINAL direction=BUY score=65.0 confidence=0.65 valid=True
[2026-08-04 18:11:44] [DEBUG] [signal_engine] Signal: BUY score=65.0 conf=0.65 strength=متوسط valid=True
[2026-08-04 18:11:44] [INFO] [sentiment] Sentiment GBPUSD: bullish score=100 bull=1 bear=0
[2026-08-04 18:11:44] [DEBUG] [mtf] MTF (snapshot) GBPUSD: H4=bearish H1=bearish M15=bearish aligned=True (strong)
[2026-08-04 18:11:44] [INFO] [main] [VERIFY][DATA_TRUTH] symbol=GBPUSD timeframe=H4/H1/M15 news_fetched=True indicators_fetched=True live_data=True cached=False
[2026-08-04 18:11:44] [INFO] [voting_engine] GBPUSD: MTF strongly aligned, boosting score 10%
[2026-08-04 18:11:44] [DEBUG] [hybrid_market_client] Fetching indicators for GBPUSD (QuantDinger first)
[2026-08-04 18:11:44] [DEBUG] [market_client] DEBUG: Requesting GBPUSD 4H as '4H'
[2026-08-04 18:11:44] [DEBUG] [market_client] Candles GBPUSD 4H: 100 bars ✓
[2026-08-04 18:11:44] [DEBUG] [hybrid_market_client] ✓ Got live data from QuantDinger for GBPUSD
[2026-08-04 18:11:44] [DEBUG] [hybrid_market_client] Fetching indicators for GBPUSD (QuantDinger first)
[2026-08-04 18:11:44] [DEBUG] [market_client] Using cached candles for GBPUSD 4H (age: 0s)
[2026-08-04 18:11:44] [DEBUG] [hybrid_market_client] ✓ Got live data from QuantDinger for GBPUSD
[2026-08-04 18:11:44] [INFO] [sltp] SL/TP GBPUSD: entry=1.3445920944213867 atr=0.00221 regime=Normal sl_mult=1.50 tp_mult=2.50 sl=1.34791 tp=1.33906
[2026-08-04 18:11:44] [INFO] [position_sizing] Position size: 0.01 (equity=100, risk=0.000, sl_dist=0.00332, sl_pips=33.18, pip_val_per_lot=10.0, score=48, cons_loss=1)
[2026-08-04 18:11:44] [DEBUG] [xgboost_v2] V2 predict: rsi=74.9 atr=0.00221 regime=TRENDING session=new_york dir=SELL -> p_win=0.611
[2026-08-04 18:11:44] [INFO] [xgboost_v2] [VERIFY] XGBOOST PREDICTION p_win=0.611 available=True
[2026-08-04 18:11:44] [INFO] [main] [VERIFY][DECISION_TRUTH] bias=bullish score=48.5 confidence=0.515 vote=SELL risk_passed=True sl_tp_calculated=True position_size=0.01 xgboost_p_win=0.610752522945404 final_decision_valid=True reject_reason=OK
[2026-08-04 18:11:44] [INFO] [mt5_direct] [MT5_DIRECT] open_trade symbol=GBPUSD direction=SELL volume=0.01 sl=1.34791 tp=1.33906
[2026-08-04 18:11:44] [INFO] [mt5_direct] [MT5_DIRECT] terminal_info: TerminalInfo(community_account=True, community_connection=True, connected=True, dlls_allowed=False, trade_allowed=True, tradeapi_disabled=False, email_enabled=False, ftp_enabled=False, notifications_enabled=False, mqid=True, build=6090, maxbars=100000, codepage=0, ping_last=84596, community_balance=0.0, retransmission=0.00993278813362911, company='MetaQuotes Ltd.', name='MetaTrader 5', language='English', path='C:\\Program Files\\MetaTrader 5', data_path='C:\\Users\\ACER\\AppData\\Roaming\\MetaQuotes\\Terminal\\D0E8209F77C8CF37AD8BF550E51FF075', commondata_path='C:\\Users\\ACER\\AppData\\Roaming\\MetaQuotes\\Terminal\\Common')
[2026-08-04 18:11:44] [INFO] [mt5_direct] [MT5_DIRECT] account_info: AccountInfo(login=110389912, trade_mode=0, leverage=1, limit_orders=200, margin_so_mode=0, trade_allowed=True, trade_expert=True, margin_mode=2, currency_digits=2, fifo_close=False, balance=100.0, credit=0.0, profit=0.0, equity=100.0, margin=0.0, margin_free=100.0, margin_level=0.0, margin_so_call=50.0, margin_so_so=30.0, margin_initial=0.0, margin_maintenance=0.0, assets=0.0, liabilities=0.0, commission_blocked=0.0, name='Alid Nn', server='MetaQuotes-Demo', currency='USD', company='MetaQuotes Ltd.')
[2026-08-04 18:11:44] [DEBUG] [mt5_direct] [MT5_DIRECT] order_send request={'action': 1, 'symbol': 'GBPUSD', 'volume': 0.01, 'type': 1, 'price': 1.34455, 'sl': 1.34791, 'tp': 1.33906, 'deviation': 20, 'magic': 0, 'comment': 'Bot V3', 'type_filling': 1}
[2026-08-04 18:11:44] [ERROR] [mt5_direct] [MT5_DIRECT] order_send failed result=OrderSendResult(retcode=10030, deal=0, order=0, volume=0.0, price=0.0, bid=0.0, ask=0.0, comment='Unsupported filling mode', request_id=0, retcode_external=0, request=TradeRequest(action=1, magic=0, order=0, symbol='GBPUSD', volume=0.01, price=1.34455, stoplimit=0.0, sl=1.34791, tp=1.33906, deviation=20, type=1, type_filling=1, type_time=0, expiration=0, comment='Bot V3', position=0, position_by=0)) comment=Unsupported filling mode retcode=10030
[2026-08-04 18:11:44] [INFO] [mt5_direct] [MT5_DIRECT] Retry order_send without type_filling
[2026-08-04 18:11:44] [INFO] [main] [VERIFY][EXECUTION_RESULT] symbol=GBPUSD open_trade_result={'status': 'error', 'error': 'order_send failed (retry). comment=No money retcode=10019', 'order_id': None, 'price': None, 'symbol': 'GBPUSD', 'direction': 'SELL', 'volume': 0.01, 'timestamp': 1785856304.7721248, 'raw_response': {'retcode': 10030, 'deal': 0, 'order': 0, 'volume': 0.0, 'price': 0.0, 'bid': 0.0, 'ask': 0.0, 'comment': 'Unsupported filling mode', 'request_id': 0, 'retcode_external': 0, 'request': TradeRequest(action=1, magic=0, order=0, symbol='GBPUSD', volume=0.01, price=1.34455, stoplimit=0.0, sl=1.34791, tp=1.33906, deviation=20, type=1, type_filling=1, type_time=0, expiration=0, comment='Bot V3', position=0, position_by=0)}}
[2026-08-04 18:11:44] [INFO] [adaptive_weights] EURUSD weights updated: {'ai': 0.239, 'trend': 0.239, 'momentum': 0.239, 'sentiment': 0.239, 'volatility': 0.043} | WR=10.0% PF=2.07
[2026-08-04 18:11:44] [INFO] [adaptive_weights] GBPUSD weights updated: {'ai': 0.239, 'trend': 0.239, 'momentum': 0.239, 'sentiment': 0.239, 'volatility': 0.043} | WR=13.0% PF=8.53
[2026-08-04 18:11:44] [INFO] [adaptive_weights] 🏆 أفضل زوج: GBPUSD | WR=13.0% | PnL=144.6$
[2026-08-04 18:11:44] [INFO] [adaptive_weights] ⚠️ أسوأ زوج: XAUUSD | WR=0.0% | PnL=-16.8$
[2026-08-04 18:11:44] [INFO] [main] Sleeping 1800s...
[2026-08-04 18:35:45] [DEBUG] [symbol_info] [EQUITY_CAP] XAUUSD: equity=500 max_risk=$25.00 max_lot=0.1 pip_val_per_lot=10.0 dollars_per_pip=1.00 cap_pips=25.0 cap_price_dist=2.50000 effective_max=2.50000
[2026-08-04 18:35:45] [WARNING] [risk_governor] [RISK_GOVERNOR] HALTED new entries: reason=MT5 connection lost - candle boundary unavailable source=mt5_disconnect active_sources=['mt5_disconnect']
[2026-08-04 18:35:45] [WARNING] [risk_governor] [RISK_GOVERNOR] HALTED new entries: reason=cumulative_loss_r=6.50 >= 6.0 source=risk_limit active_sources=['mt5_disconnect', 'risk_limit']
[2026-08-04 18:35:45] [INFO] [risk_governor] [RISK_GOVERNOR] Resumed source=mt5_disconnect, remaining_sources=['risk_limit']
[2026-08-04 18:35:45] [WARNING] [risk_governor] [RISK_GOVERNOR] Still halted by remaining sources: ['risk_limit']
[2026-08-04 18:35:45] [INFO] [risk_governor] [RISK_GOVERNOR] Resumed source=risk_limit, remaining_sources=[]
[2026-08-04 18:35:45] [INFO] [risk_governor] [RISK_GOVERNOR] New entries resumed (all sources cleared)
[2026-08-04 18:37:53] [DEBUG] [symbol_info] [EQUITY_CAP] XAUUSD: equity=500 max_risk=$25.00 max_lot=0.1 pip_val_per_lot=10.0 dollars_per_pip=1.00 cap_pips=25.0 cap_price_dist=2.50000 effective_max=2.50000
[2026-08-04 18:37:53] [WARNING] [risk_governor] [RISK_GOVERNOR] HALTED new entries: reason=MT5 connection lost - candle boundary unavailable source=mt5_disconnect active_sources=['mt5_disconnect']
[2026-08-04 18:37:53] [WARNING] [risk_governor] [RISK_GOVERNOR] HALTED new entries: reason=cumulative_loss_r=6.50 >= 6.0 source=risk_limit active_sources=['mt5_disconnect', 'risk_limit']
[2026-08-04 18:37:53] [INFO] [risk_governor] [RISK_GOVERNOR] Resumed source=mt5_disconnect, remaining_sources=['risk_limit']
[2026-08-04 18:37:53] [WARNING] [risk_governor] [RISK_GOVERNOR] Still halted by remaining sources: ['risk_limit']
[2026-08-04 18:37:53] [INFO] [risk_governor] [RISK_GOVERNOR] Resumed source=risk_limit, remaining_sources=[]
[2026-08-04 18:37:53] [INFO] [risk_governor] [RISK_GOVERNOR] New entries resumed (all sources cleared)
[2026-08-04 18:50:07] [INFO] [main] Trading Bot V3 starting...
[2026-08-04 18:50:07] [INFO] [database] V3 Database initialized with all tables
[2026-08-04 18:50:07] [INFO] [qd_client] Logged in to QuantDinger
[2026-08-04 18:50:07] [INFO] [qd_client] MT5 connected
[2026-08-04 18:50:07] [INFO] [main] MT5 connected
[2026-08-04 18:50:07] [INFO] [main] [STARTUP_SAFETY] Starting startup safety check (run-once)
[2026-08-04 18:50:07] [WARNING] [main] [STARTUP_SAFETY] mt5.positions_get None diagnostic last_error=(1, 'Success')
[2026-08-04 18:50:07] [INFO] [main] [STARTUP_SAFETY] MT5 open positions count=0
[2026-08-04 18:50:07] [INFO] [main] [STARTUP_SAFETY] DB open trades count=0
[2026-08-04 18:50:07] [INFO] [main] [STARTUP_SAFETY] missing_in_db(MT5-only)=0 missing_in_mt5(DB-only)=0
[2026-08-04 18:50:07] [INFO] [main] [STARTUP_SAFETY] Synced open positions count=0
[2026-08-04 18:50:07] [INFO] [main] [STARTUP_SAFETY] Completed startup safety check successfully
[2026-08-04 18:50:07] [INFO] [telegram_bot] Telegram polling started
[2026-08-04 18:50:07] [INFO] [telegram_bot] Telegram bot V3 started
[2026-08-04 18:50:07] [INFO] [mt5_watchdog] MT5 watchdog started (V1 reconnect logic)
[2026-08-04 18:50:07] [INFO] [reconciliation] Reconciliation loop started (every 60s)
[2026-08-04 18:50:07] [INFO] [reconciliation] Reconciliation thread started (safety only)
[2026-08-04 18:50:07] [INFO] [post_entry_manager] PostEntryManager started
[2026-08-04 18:50:10] [INFO] [main] ==================================================
[2026-08-04 18:50:10] [INFO] [main] Cycle 1 at 18:50:10
[2026-08-04 18:50:19] [INFO] [news_fetcher] Fetched 21 relevant news items
[2026-08-04 18:50:19] [INFO] [main] Equity: 100.00$ | News: 21
[2026-08-04 18:50:19] [DEBUG] [hybrid_market_client] Fetching indicators for EURUSD (QuantDinger first)
[2026-08-04 18:50:19] [DEBUG] [market_client] DEBUG: Requesting EURUSD H4 as '4H'
[2026-08-04 18:50:20] [DEBUG] [market_client] Candles EURUSD 4H: 100 bars ✓
[2026-08-04 18:50:20] [DEBUG] [hybrid_market_client] ✓ Got live data from QuantDinger for EURUSD
[2026-08-04 18:50:20] [DEBUG] [hybrid_market_client] Fetching indicators for EURUSD (QuantDinger first)
[2026-08-04 18:50:20] [DEBUG] [market_client] DEBUG: Requesting EURUSD H1 as '1H'
[2026-08-04 18:50:20] [DEBUG] [market_client] Candles EURUSD 1H: 100 bars ✓
[2026-08-04 18:50:20] [DEBUG] [hybrid_market_client] ✓ Got live data from QuantDinger for EURUSD
[2026-08-04 18:50:20] [DEBUG] [hybrid_market_client] Fetching indicators for EURUSD (QuantDinger first)
[2026-08-04 18:50:20] [DEBUG] [market_client] DEBUG: Requesting EURUSD M15 as '15m'
[2026-08-04 18:50:20] [DEBUG] [market_client] Candles EURUSD 15m: 100 bars ✓
[2026-08-04 18:50:20] [DEBUG] [hybrid_market_client] ✓ Got live data from QuantDinger for EURUSD
[2026-08-04 18:50:20] [INFO] [market_snapshot_builder] [SNAPSHOT_BUILT] symbol=EURUSD tfs=H4,H1,M15
[2026-08-04 18:50:20] [DEBUG] [hybrid_market_client] Fetching indicators for XAUUSD (QuantDinger first)
[2026-08-04 18:50:20] [DEBUG] [market_client] DEBUG: Requesting XAUUSD H4 as '4H'
[2026-08-04 18:50:21] [DEBUG] [market_client] Candles XAUUSD 4H: 100 bars ✓
[2026-08-04 18:50:21] [DEBUG] [hybrid_market_client] ✓ Got live data from QuantDinger for XAUUSD
[2026-08-04 18:50:21] [DEBUG] [hybrid_market_client] Fetching indicators for XAUUSD (QuantDinger first)
[2026-08-04 18:50:21] [DEBUG] [market_client] DEBUG: Requesting XAUUSD H1 as '1H'
[2026-08-04 18:50:21] [DEBUG] [market_client] Candles XAUUSD 1H: 92 bars ✓
[2026-08-04 18:50:21] [DEBUG] [hybrid_market_client] ✓ Got live data from QuantDinger for XAUUSD
[2026-08-04 18:50:21] [DEBUG] [hybrid_market_client] Fetching indicators for XAUUSD (QuantDinger first)
[2026-08-04 18:50:21] [DEBUG] [market_client] DEBUG: Requesting XAUUSD M15 as '15m'
[2026-08-04 18:50:21] [DEBUG] [market_client] Candles XAUUSD 15m: 100 bars ✓
[2026-08-04 18:50:21] [DEBUG] [hybrid_market_client] ✓ Got live data from QuantDinger for XAUUSD
[2026-08-04 18:50:21] [INFO] [market_snapshot_builder] [SNAPSHOT_BUILT] symbol=XAUUSD tfs=H4,H1,M15
[2026-08-04 18:50:21] [DEBUG] [hybrid_market_client] Fetching indicators for GBPUSD (QuantDinger first)
[2026-08-04 18:50:21] [DEBUG] [market_client] DEBUG: Requesting GBPUSD H4 as '4H'
[2026-08-04 18:50:22] [DEBUG] [market_client] Candles GBPUSD 4H: 100 bars ✓
[2026-08-04 18:50:22] [DEBUG] [hybrid_market_client] ✓ Got live data from QuantDinger for GBPUSD
[2026-08-04 18:50:22] [DEBUG] [hybrid_market_client] Fetching indicators for GBPUSD (QuantDinger first)
[2026-08-04 18:50:22] [DEBUG] [market_client] DEBUG: Requesting GBPUSD H1 as '1H'
[2026-08-04 18:50:22] [DEBUG] [market_client] Candles GBPUSD 1H: 100 bars ✓
[2026-08-04 18:50:22] [DEBUG] [hybrid_market_client] ✓ Got live data from QuantDinger for GBPUSD
[2026-08-04 18:50:22] [DEBUG] [hybrid_market_client] Fetching indicators for GBPUSD (QuantDinger first)
[2026-08-04 18:50:22] [DEBUG] [market_client] DEBUG: Requesting GBPUSD M15 as '15m'
[2026-08-04 18:50:22] [DEBUG] [market_client] Candles GBPUSD 15m: 100 bars ✓
[2026-08-04 18:50:22] [DEBUG] [hybrid_market_client] ✓ Got live data from QuantDinger for GBPUSD
[2026-08-04 18:50:22] [INFO] [market_snapshot_builder] [SNAPSHOT_BUILT] symbol=GBPUSD tfs=H4,H1,M15
[2026-08-04 18:50:22] [INFO] [main] --- EURUSD ---
[2026-08-04 18:50:26] [INFO] [deepseek] DEEPSEEK OK: {"impact_score": 65, "bias": "bullish", "confidence": 0.7, "reason": "الاتجاه الصاعد قوي على الأطر ا...
[2026-08-04 18:50:26] [INFO] [deepseek] AI EURUSD: bias=bullish impact=65.0 conf=0.70
[2026-08-04 18:50:26] [INFO] [signal_engine] [VERIFY] SIGNAL_INPUT bias=bullish score=65.0 confidence=0.7
[2026-08-04 18:50:26] [INFO] [signal_engine] [VERIFY] SIGNAL_RULE rule=confidence>=0.60 actual=0.7 result=True
[2026-08-04 18:50:26] [INFO] [signal_engine] [VERIFY] SIGNAL_RULE rule=score>=55 actual=65.0 result=True
[2026-08-04 18:50:26] [INFO] [signal_engine] [VERIFY] SIGNAL_RULE rule=bias in [bullish,bearish] actual=bullish result=True
[2026-08-04 18:50:26] [INFO] [signal_engine] [VERIFY] SIGNAL_FINAL direction=BUY score=65.0 confidence=0.7 valid=True
[2026-08-04 18:50:26] [DEBUG] [signal_engine] Signal: BUY score=65.0 conf=0.70 strength=متوسط valid=True
[2026-08-04 18:50:26] [INFO] [sentiment] Sentiment EURUSD: bullish score=83 bull=2 bear=1
[2026-08-04 18:50:26] [DEBUG] [mtf] MTF (snapshot) EURUSD: H4=bullish H1=bullish M15=bullish aligned=True (strong)
[2026-08-04 18:50:26] [INFO] [main] [VERIFY][DATA_TRUTH] symbol=EURUSD timeframe=H4/H1/M15 news_fetched=True indicators_fetched=True live_data=True cached=False
[2026-08-04 18:50:26] [INFO] [voting_engine] EURUSD: MTF strongly aligned, boosting score 10%
[2026-08-04 18:50:26] [DEBUG] [hybrid_market_client] Fetching indicators for EURUSD (QuantDinger first)
[2026-08-04 18:50:26] [DEBUG] [market_client] DEBUG: Requesting EURUSD 4H as '4H'
[2026-08-04 18:50:26] [DEBUG] [market_client] Candles EURUSD 4H: 100 bars ✓
[2026-08-04 18:50:26] [DEBUG] [hybrid_market_client] ✓ Got live data from QuantDinger for EURUSD
[2026-08-04 18:50:26] [DEBUG] [hybrid_market_client] Fetching indicators for EURUSD (QuantDinger first)
[2026-08-04 18:50:26] [DEBUG] [market_client] Using cached candles for EURUSD 4H (age: 0s)
[2026-08-04 18:50:26] [DEBUG] [hybrid_market_client] ✓ Got live data from QuantDinger for EURUSD
[2026-08-04 18:50:26] [DEBUG] [symbol_info] [EQUITY_CAP] EURUSD: equity=100 max_risk=$5.00 max_lot=0.5 pip_val_per_lot=10.0 dollars_per_pip=5.00 cap_pips=1.0 cap_price_dist=0.00010 effective_max=0.00010
[2026-08-04 18:50:26] [INFO] [sltp] SL/TP EURUSD: entry=1.1524720191955566 atr=0.00200 regime=Normal sl_mult=1.50 tp_mult=2.50 sl=1.15237 tp=1.15747
[2026-08-04 18:50:26] [INFO] [position_sizing] Position size: 0.02 (equity=100, risk=0.002, sl_dist=0.00010, sl_pips=1.02, pip_val_per_lot=10.0, score=100, cons_loss=1)
[2026-08-04 18:50:26] [INFO] [xgboost_v2] [VERIFY] XGBOOST MODEL LOADED path=models/entry/entry_model.json available=True
[2026-08-04 18:50:26] [INFO] [xgboost_v2] XGBoost v2 model loaded successfully
[2026-08-04 18:50:26] [DEBUG] [xgboost_v2] V2 predict: rsi=63.0 atr=0.00200 regime=TRENDING session=new_york dir=BUY -> p_win=0.472
[2026-08-04 18:50:26] [INFO] [xgboost_v2] [VERIFY] XGBOOST PREDICTION p_win=0.472 available=True
[2026-08-04 18:50:26] [INFO] [main] [VERIFY][DECISION_TRUTH] bias=bullish score=100 confidence=1.0 vote=BUY risk_passed=True sl_tp_calculated=True position_size=0.02 xgboost_p_win=0.47202667593955994 final_decision_valid=False reject_reason=p_win<threshold (p_win=0.472 threshold=0.6)
[2026-08-04 18:50:26] [INFO] [main] --- XAUUSD ---
[2026-08-04 18:50:30] [WARNING] [deepseek] DeepSeek truncated by max_tokens, finish_reason=length, content={"impact_score": 70, "bias": "bullish", "confidence": 0.8, "reason": "الاتجاه الصاعد قوي والمؤشرات الفنية تدعم الشراء،
[2026-08-04 18:50:30] [WARNING] [deepseek] Retry 1: JSON incomplete/truncated, raw={"impact_score": 70, "bias": "bullish", "confidence": 0.8, "reason": "الاتجاه الصاعد قوي والمؤشرات الفنية تدعم الشراء،
[2026-08-04 18:50:36] [INFO] [deepseek] DEEPSEEK OK: {"impact_score": 65, "bias": "bullish", "confidence": 0.7, "reason": "الاتجاه القوي صاعد على جميع ال...
[2026-08-04 18:50:36] [INFO] [deepseek] AI XAUUSD: bias=bullish impact=65.0 conf=0.70
[2026-08-04 18:50:36] [INFO] [signal_engine] [VERIFY] SIGNAL_INPUT bias=bullish score=65.0 confidence=0.7
[2026-08-04 18:50:36] [INFO] [signal_engine] [VERIFY] SIGNAL_RULE rule=confidence>=0.60 actual=0.7 result=True
[2026-08-04 18:50:36] [INFO] [signal_engine] [VERIFY] SIGNAL_RULE rule=score>=55 actual=65.0 result=True
[2026-08-04 18:50:36] [INFO] [signal_engine] [VERIFY] SIGNAL_RULE rule=bias in [bullish,bearish] actual=bullish result=True
[2026-08-04 18:50:36] [INFO] [signal_engine] [VERIFY] SIGNAL_FINAL direction=BUY score=65.0 confidence=0.7 valid=True
[2026-08-04 18:50:36] [DEBUG] [signal_engine] Signal: BUY score=65.0 conf=0.70 strength=متوسط valid=True
[2026-08-04 18:50:36] [DEBUG] [mtf] MTF (snapshot) XAUUSD: H4=bullish H1=bullish M15=bullish aligned=True (strong)
[2026-08-04 18:50:36] [INFO] [main] [VERIFY][DATA_TRUTH] symbol=XAUUSD timeframe=H4/H1/M15 news_fetched=True indicators_fetched=True live_data=True cached=False
[2026-08-04 18:50:36] [INFO] [voting_engine] XAUUSD: MTF strongly aligned, boosting score 10%
[2026-08-04 18:50:36] [DEBUG] [hybrid_market_client] Fetching indicators for XAUUSD (QuantDinger first)
[2026-08-04 18:50:36] [DEBUG] [market_client] DEBUG: Requesting XAUUSD 4H as '4H'
[2026-08-04 18:50:36] [DEBUG] [market_client] Candles XAUUSD 4H: 100 bars ✓
[2026-08-04 18:50:36] [DEBUG] [hybrid_market_client] ✓ Got live data from QuantDinger for XAUUSD
[2026-08-04 18:50:36] [DEBUG] [hybrid_market_client] Fetching indicators for XAUUSD (QuantDinger first)
[2026-08-04 18:50:36] [DEBUG] [market_client] Using cached candles for XAUUSD 4H (age: 0s)
[2026-08-04 18:50:36] [DEBUG] [hybrid_market_client] ✓ Got live data from QuantDinger for XAUUSD
[2026-08-04 18:50:36] [DEBUG] [symbol_info] [EQUITY_CAP] XAUUSD: equity=100 max_risk=$5.00 max_lot=0.1 pip_val_per_lot=10.0 dollars_per_pip=1.00 cap_pips=5.0 cap_price_dist=0.50000 effective_max=0.50000
[2026-08-04 18:50:36] [INFO] [sltp] SL/TP XAUUSD: entry=4142.60009765625 atr=26.23570 regime=Normal sl_mult=1.50 tp_mult=2.50 sl=4142.1001 tp=4208.18935
[2026-08-04 18:50:36] [INFO] [position_sizing] Position size: 0.01 (equity=100, risk=0.002, sl_dist=0.50000, sl_pips=5.00, pip_val_per_lot=10.0, score=94, cons_loss=1)
[2026-08-04 18:50:36] [DEBUG] [xgboost_v2] V2 predict: rsi=65.5 atr=26.23570 regime=TRENDING session=new_york dir=BUY -> p_win=0.528
[2026-08-04 18:50:36] [INFO] [xgboost_v2] [VERIFY] XGBOOST PREDICTION p_win=0.528 available=True
[2026-08-04 18:50:36] [INFO] [main] [VERIFY][DECISION_TRUTH] bias=bullish score=94.5 confidence=1.0 vote=BUY risk_passed=True sl_tp_calculated=True position_size=0.01 xgboost_p_win=0.5282509922981262 final_decision_valid=False reject_reason=p_win<threshold (p_win=0.528 threshold=0.6)
[2026-08-04 18:50:36] [INFO] [main] --- GBPUSD ---
[2026-08-04 18:50:39] [WARNING] [deepseek] DeepSeek empty response: finish_reason=length, raw={"id":"9656ae2d-431f-4650-8427-f5187eaee793","object":"chat.completion","created":1785858636,"model":"deepseek-v4-flash","choices":[{"index":0,"message":{"role":"assistant","content":"","reasoning_content":"We need to analyze given data. Symbol GBPUSD, current price, RSI 51.93 (neutral-ish), ATR sma
[2026-08-04 18:50:46] [INFO] [deepseek] DEEPSEEK OK: {"impact_score": 45, "bias": "neutral", "confidence": 0.5, "reason": "الأخبار متباينة والمؤشرات الفن...
[2026-08-04 18:50:46] [INFO] [deepseek] AI GBPUSD: bias=neutral impact=45.0 conf=0.50
[2026-08-04 18:50:46] [INFO] [signal_engine] [VERIFY] SIGNAL_INPUT bias=neutral score=45.0 confidence=0.5
[2026-08-04 18:50:46] [INFO] [signal_engine] [VERIFY] SIGNAL_RULE rule=confidence>=0.60 actual=0.5 result=False
[2026-08-04 18:50:46] [INFO] [signal_engine] [VERIFY] SIGNAL_RULE rule=score>=55 actual=45.0 result=False
[2026-08-04 18:50:46] [INFO] [signal_engine] [VERIFY] SIGNAL_RULE rule=bias in [bullish,bearish] actual=neutral result=False
[2026-08-04 18:50:46] [INFO] [signal_engine] [VERIFY] SIGNAL_FINAL direction=NEUTRAL score=45.0 confidence=0.5 valid=False
[2026-08-04 18:50:46] [INFO] [signal_engine] [VERIFY] SIGNAL_FAILURE_REASONS
[2026-08-04 18:50:46] [INFO] [signal_engine] * confidence below threshold
[2026-08-04 18:50:46] [INFO] [signal_engine] * score below threshold
[2026-08-04 18:50:46] [INFO] [signal_engine] * neutral bias
[2026-08-04 18:50:46] [INFO] [signal_engine] [VERIFY] SIGNAL_FAILURE_LOCATION file=F:\files (2)\google\botdd\trading_bot_v3\decision\signal_engine.py function=generate_signal
[2026-08-04 18:50:46] [DEBUG] [signal_engine] Signal: NEUTRAL score=45.0 conf=0.50 strength=ضعيف valid=False
[2026-08-04 18:50:46] [INFO] [sentiment] Sentiment GBPUSD: bullish score=100 bull=1 bear=0
[2026-08-04 18:50:46] [DEBUG] [mtf] MTF (snapshot) GBPUSD: H4=bearish H1=bearish M15=bullish aligned=True (moderate)
[2026-08-04 18:50:46] [INFO] [main] [VERIFY][DATA_TRUTH] symbol=GBPUSD timeframe=H4/H1/M15 news_fetched=True indicators_fetched=True live_data=True cached=False
[2026-08-04 18:50:46] [INFO] [risk_engine] Risk: AI confidence too low (GBPUSD SELL) - AI confidence 0.50 < 0.6
[2026-08-04 18:50:46] [DEBUG] [hybrid_market_client] Fetching indicators for GBPUSD (QuantDinger first)
[2026-08-04 18:50:46] [DEBUG] [market_client] DEBUG: Requesting GBPUSD 4H as '4H'
[2026-08-04 18:50:46] [DEBUG] [market_client] Candles GBPUSD 4H: 100 bars ✓
[2026-08-04 18:50:46] [DEBUG] [hybrid_market_client] ✓ Got live data from QuantDinger for GBPUSD
[2026-08-04 18:50:46] [DEBUG] [hybrid_market_client] Fetching indicators for GBPUSD (QuantDinger first)
[2026-08-04 18:50:46] [DEBUG] [market_client] Using cached candles for GBPUSD 4H (age: 0s)
[2026-08-04 18:50:46] [DEBUG] [hybrid_market_client] ✓ Got live data from QuantDinger for GBPUSD
[2026-08-04 18:50:46] [DEBUG] [symbol_info] [EQUITY_CAP] GBPUSD: equity=100 max_risk=$5.00 max_lot=0.5 pip_val_per_lot=10.0 dollars_per_pip=5.00 cap_pips=1.0 cap_price_dist=0.00010 effective_max=0.00010
[2026-08-04 18:50:46] [INFO] [sltp] SL/TP GBPUSD: entry=1.3450441360473633 atr=0.00226 regime=Normal sl_mult=1.50 tp_mult=2.50 sl=1.34514 tp=1.33939
[2026-08-04 18:50:46] [INFO] [position_sizing] Position size: 0.01 (equity=100, risk=0.000, sl_dist=0.00010, sl_pips=0.96, pip_val_per_lot=10.0, score=59, cons_loss=1)
[2026-08-04 18:50:46] [DEBUG] [xgboost_v2] V2 predict: rsi=80.2 atr=0.00226 regime=TRENDING session=new_york dir=SELL -> p_win=0.673
[2026-08-04 18:50:46] [INFO] [xgboost_v2] [VERIFY] XGBOOST PREDICTION p_win=0.673 available=True
[2026-08-04 18:50:46] [INFO] [main] [VERIFY][DECISION_TRUTH] bias=neutral score=58.9 confidence=0.396 vote=SELL risk_passed=False sl_tp_calculated=True position_size=0.01 xgboost_p_win=0.6725501418113708 final_decision_valid=False reject_reason=AI confidence 0.50 < 0.6
[2026-08-04 18:50:46] [INFO] [adaptive_weights] EURUSD weights updated: {'ai': 0.239, 'trend': 0.239, 'momentum': 0.239, 'sentiment': 0.239, 'volatility': 0.043} | WR=10.0% PF=2.07
[2026-08-04 18:50:46] [INFO] [adaptive_weights] GBPUSD weights updated: {'ai': 0.239, 'trend': 0.239, 'momentum': 0.239, 'sentiment': 0.239, 'volatility': 0.043} | WR=13.0% PF=8.53
[2026-08-04 18:50:46] [INFO] [adaptive_weights] 🏆 أفضل زوج: GBPUSD | WR=13.0% | PnL=144.6$
[2026-08-04 18:50:46] [INFO] [adaptive_weights] ⚠️ أسوأ زوج: XAUUSD | WR=0.0% | PnL=-16.8$
[2026-08-04 18:50:46] [INFO] [main] Sleeping 1800s...
[2026-08-04 19:20:46] [INFO] [main] ==================================================
[2026-08-04 19:20:46] [INFO] [main] Cycle 2 at 19:20:46
[2026-08-04 19:20:54] [INFO] [news_fetcher] Fetched 21 relevant news items
[2026-08-04 19:20:54] [INFO] [main] Equity: 100.00$ | News: 21
[2026-08-04 19:20:54] [DEBUG] [hybrid_market_client] Fetching indicators for EURUSD (QuantDinger first)
[2026-08-04 19:20:54] [DEBUG] [market_client] DEBUG: Requesting EURUSD H4 as '4H'
[2026-08-04 19:20:55] [DEBUG] [market_client] Candles EURUSD 4H: 100 bars ✓
[2026-08-04 19:20:55] [DEBUG] [hybrid_market_client] ✓ Got live data from QuantDinger for EURUSD
[2026-08-04 19:20:55] [DEBUG] [hybrid_market_client] Fetching indicators for EURUSD (QuantDinger first)
[2026-08-04 19:20:55] [DEBUG] [market_client] DEBUG: Requesting EURUSD H1 as '1H'
[2026-08-04 19:20:55] [DEBUG] [market_client] Candles EURUSD 1H: 100 bars ✓
[2026-08-04 19:20:55] [DEBUG] [hybrid_market_client] ✓ Got live data from QuantDinger for EURUSD
[2026-08-04 19:20:55] [DEBUG] [hybrid_market_client] Fetching indicators for EURUSD (QuantDinger first)
[2026-08-04 19:20:55] [DEBUG] [market_client] DEBUG: Requesting EURUSD M15 as '15m'
[2026-08-04 19:20:55] [DEBUG] [market_client] Candles EURUSD 15m: 100 bars ✓
[2026-08-04 19:20:55] [DEBUG] [hybrid_market_client] ✓ Got live data from QuantDinger for EURUSD
[2026-08-04 19:20:55] [INFO] [market_snapshot_builder] [SNAPSHOT_BUILT] symbol=EURUSD tfs=H4,H1,M15
[2026-08-04 19:20:55] [DEBUG] [hybrid_market_client] Fetching indicators for XAUUSD (QuantDinger first)
[2026-08-04 19:20:55] [DEBUG] [market_client] DEBUG: Requesting XAUUSD H4 as '4H'
[2026-08-04 19:20:56] [DEBUG] [market_client] Candles XAUUSD 4H: 100 bars ✓
[2026-08-04 19:20:56] [DEBUG] [hybrid_market_client] ✓ Got live data from QuantDinger for XAUUSD
[2026-08-04 19:20:56] [DEBUG] [hybrid_market_client] Fetching indicators for XAUUSD (QuantDinger first)
[2026-08-04 19:20:56] [DEBUG] [market_client] DEBUG: Requesting XAUUSD H1 as '1H'
[2026-08-04 19:20:56] [DEBUG] [market_client] Candles XAUUSD 1H: 92 bars ✓
[2026-08-04 19:20:56] [DEBUG] [hybrid_market_client] ✓ Got live data from QuantDinger for XAUUSD
[2026-08-04 19:20:56] [DEBUG] [hybrid_market_client] Fetching indicators for XAUUSD (QuantDinger first)
[2026-08-04 19:20:56] [DEBUG] [market_client] DEBUG: Requesting XAUUSD M15 as '15m'
[2026-08-04 19:20:56] [DEBUG] [market_client] Candles XAUUSD 15m: 100 bars ✓
[2026-08-04 19:20:56] [DEBUG] [hybrid_market_client] ✓ Got live data from QuantDinger for XAUUSD
[2026-08-04 19:20:56] [INFO] [market_snapshot_builder] [SNAPSHOT_BUILT] symbol=XAUUSD tfs=H4,H1,M15
[2026-08-04 19:20:56] [DEBUG] [hybrid_market_client] Fetching indicators for GBPUSD (QuantDinger first)
[2026-08-04 19:20:56] [DEBUG] [market_client] DEBUG: Requesting GBPUSD H4 as '4H'
[2026-08-04 19:20:57] [DEBUG] [market_client] Candles GBPUSD 4H: 100 bars ✓
[2026-08-04 19:20:57] [DEBUG] [hybrid_market_client] ✓ Got live data from QuantDinger for GBPUSD
[2026-08-04 19:20:57] [DEBUG] [hybrid_market_client] Fetching indicators for GBPUSD (QuantDinger first)
[2026-08-04 19:20:57] [DEBUG] [market_client] DEBUG: Requesting GBPUSD H1 as '1H'
[2026-08-04 19:20:57] [DEBUG] [market_client] Candles GBPUSD 1H: 100 bars ✓
[2026-08-04 19:20:57] [DEBUG] [hybrid_market_client] ✓ Got live data from QuantDinger for GBPUSD
[2026-08-04 19:20:57] [DEBUG] [hybrid_market_client] Fetching indicators for GBPUSD (QuantDinger first)
[2026-08-04 19:20:57] [DEBUG] [market_client] DEBUG: Requesting GBPUSD M15 as '15m'
[2026-08-04 19:20:57] [DEBUG] [market_client] Candles GBPUSD 15m: 100 bars ✓
[2026-08-04 19:20:57] [DEBUG] [hybrid_market_client] ✓ Got live data from QuantDinger for GBPUSD
[2026-08-04 19:20:57] [INFO] [market_snapshot_builder] [SNAPSHOT_BUILT] symbol=GBPUSD tfs=H4,H1,M15
[2026-08-04 19:20:57] [INFO] [main] --- EURUSD ---
[2026-08-04 19:21:00] [INFO] [deepseek] DEEPSEEK OK: {"impact_score": 65, "bias": "bullish", "confidence": 0.75, "reason": "الزخم الصاعد قوي مع إغلاق فوق...
[2026-08-04 19:21:00] [INFO] [deepseek] AI EURUSD: bias=bullish impact=65.0 conf=0.75
[2026-08-04 19:21:00] [INFO] [signal_engine] [VERIFY] SIGNAL_INPUT bias=bullish score=65.0 confidence=0.75
[2026-08-04 19:21:00] [INFO] [signal_engine] [VERIFY] SIGNAL_RULE rule=confidence>=0.60 actual=0.75 result=True
[2026-08-04 19:21:00] [INFO] [signal_engine] [VERIFY] SIGNAL_RULE rule=score>=55 actual=65.0 result=True
[2026-08-04 19:21:00] [INFO] [signal_engine] [VERIFY] SIGNAL_RULE rule=bias in [bullish,bearish] actual=bullish result=True
[2026-08-04 19:21:00] [INFO] [signal_engine] [VERIFY] SIGNAL_FINAL direction=BUY score=65.0 confidence=0.75 valid=True
[2026-08-04 19:21:00] [DEBUG] [signal_engine] Signal: BUY score=65.0 conf=0.75 strength=متوسط valid=True
[2026-08-04 19:21:00] [INFO] [sentiment] Sentiment EURUSD: bullish score=92 bull=5 bear=1
[2026-08-04 19:21:00] [DEBUG] [mtf] MTF (snapshot) EURUSD: H4=bullish H1=bullish M15=bullish aligned=True (strong)
[2026-08-04 19:21:00] [INFO] [main] [VERIFY][DATA_TRUTH] symbol=EURUSD timeframe=H4/H1/M15 news_fetched=True indicators_fetched=True live_data=True cached=False
[2026-08-04 19:21:00] [INFO] [voting_engine] EURUSD: MTF strongly aligned, boosting score 10%
[2026-08-04 19:21:00] [DEBUG] [hybrid_market_client] Fetching indicators for EURUSD (QuantDinger first)
[2026-08-04 19:21:00] [DEBUG] [market_client] DEBUG: Requesting EURUSD 4H as '4H'
[2026-08-04 19:21:00] [DEBUG] [market_client] Candles EURUSD 4H: 100 bars ✓
[2026-08-04 19:21:00] [DEBUG] [hybrid_market_client] ✓ Got live data from QuantDinger for EURUSD
[2026-08-04 19:21:00] [DEBUG] [hybrid_market_client] Fetching indicators for EURUSD (QuantDinger first)
[2026-08-04 19:21:00] [DEBUG] [market_client] Using cached candles for EURUSD 4H (age: 0s)
[2026-08-04 19:21:00] [DEBUG] [hybrid_market_client] ✓ Got live data from QuantDinger for EURUSD
[2026-08-04 19:21:00] [DEBUG] [symbol_info] [EQUITY_CAP] EURUSD: equity=100 max_risk=$5.00 max_lot=0.5 pip_val_per_lot=10.0 dollars_per_pip=5.00 cap_pips=1.0 cap_price_dist=0.00010 effective_max=0.00010
[2026-08-04 19:21:00] [INFO] [sltp] SL/TP EURUSD: entry=1.1524720191955566 atr=0.00201 regime=Normal sl_mult=1.50 tp_mult=2.50 sl=1.15237 tp=1.15749
[2026-08-04 19:21:00] [INFO] [position_sizing] Position size: 0.02 (equity=100, risk=0.002, sl_dist=0.00010, sl_pips=1.02, pip_val_per_lot=10.0, score=100, cons_loss=1)
[2026-08-04 19:21:00] [DEBUG] [xgboost_v2] V2 predict: rsi=67.8 atr=0.00201 regime=TRENDING session=new_york dir=BUY -> p_win=0.617
[2026-08-04 19:21:00] [INFO] [xgboost_v2] [VERIFY] XGBOOST PREDICTION p_win=0.617 available=True
[2026-08-04 19:21:00] [INFO] [main] [VERIFY][DECISION_TRUTH] bias=bullish score=100 confidence=1.0 vote=BUY risk_passed=True sl_tp_calculated=True position_size=0.02 xgboost_p_win=0.6166782975196838 final_decision_valid=True reject_reason=OK
[2026-08-04 19:21:00] [INFO] [mt5_direct] [MT5_DIRECT] open_trade symbol=EURUSD direction=BUY volume=0.02 sl=1.15237 tp=1.15749
[2026-08-04 19:21:00] [INFO] [mt5_direct] [MT5_DIRECT] terminal_info: TerminalInfo(community_account=True, community_connection=True, connected=True, dlls_allowed=False, trade_allowed=True, tradeapi_disabled=False, email_enabled=False, ftp_enabled=False, notifications_enabled=False, mqid=True, build=6090, maxbars=100000, codepage=0, ping_last=84596, community_balance=0.0, retransmission=0.014763779527559055, company='MetaQuotes Ltd.', name='MetaTrader 5', language='English', path='C:\\Program Files\\MetaTrader 5', data_path='C:\\Users\\ACER\\AppData\\Roaming\\MetaQuotes\\Terminal\\D0E8209F77C8CF37AD8BF550E51FF075', commondata_path='C:\\Users\\ACER\\AppData\\Roaming\\MetaQuotes\\Terminal\\Common')
[2026-08-04 19:21:00] [INFO] [mt5_direct] [MT5_DIRECT] account_info: AccountInfo(login=110389912, trade_mode=0, leverage=1, limit_orders=200, margin_so_mode=0, trade_allowed=True, trade_expert=True, margin_mode=2, currency_digits=2, fifo_close=False, balance=100.0, credit=0.0, profit=0.0, equity=100.0, margin=0.0, margin_free=100.0, margin_level=0.0, margin_so_call=50.0, margin_so_so=30.0, margin_initial=0.0, margin_maintenance=0.0, assets=0.0, liabilities=0.0, commission_blocked=0.0, name='Alid Nn', server='MetaQuotes-Demo', currency='USD', company='MetaQuotes Ltd.')
[2026-08-04 19:21:00] [DEBUG] [mt5_direct] [MT5_DIRECT] order_send request={'action': 1, 'symbol': 'EURUSD', 'volume': 0.02, 'type': 0, 'price': 1.15219, 'sl': 1.15237, 'tp': 1.15749, 'deviation': 20, 'magic': 0, 'comment': 'Bot V3', 'type_filling': 1}
[2026-08-04 19:21:00] [ERROR] [mt5_direct] [MT5_DIRECT] order_send failed result=OrderSendResult(retcode=10030, deal=0, order=0, volume=0.0, price=0.0, bid=0.0, ask=0.0, comment='Unsupported filling mode', request_id=0, retcode_external=0, request=TradeRequest(action=1, magic=0, order=0, symbol='EURUSD', volume=0.02, price=1.15219, stoplimit=0.0, sl=1.15237, tp=1.15749, deviation=20, type=0, type_filling=1, type_time=0, expiration=0, comment='Bot V3', position=0, position_by=0)) comment=Unsupported filling mode retcode=10030
[2026-08-04 19:21:00] [INFO] [mt5_direct] [MT5_DIRECT] Retry order_send without type_filling
[2026-08-04 19:21:00] [INFO] [main] [VERIFY][EXECUTION_RESULT] symbol=EURUSD open_trade_result={'status': 'error', 'error': 'order_send failed (retry). comment=Invalid stops retcode=10016', 'order_id': None, 'price': None, 'symbol': 'EURUSD', 'direction': 'BUY', 'volume': 0.02, 'timestamp': 1785860460.6067743, 'raw_response': {'retcode': 10030, 'deal': 0, 'order': 0, 'volume': 0.0, 'price': 0.0, 'bid': 0.0, 'ask': 0.0, 'comment': 'Unsupported filling mode', 'request_id': 0, 'retcode_external': 0, 'request': TradeRequest(action=1, magic=0, order=0, symbol='EURUSD', volume=0.02, price=1.15219, stoplimit=0.0, sl=1.15237, tp=1.15749, deviation=20, type=0, type_filling=1, type_time=0, expiration=0, comment='Bot V3', position=0, position_by=0)}}
[2026-08-04 19:21:00] [INFO] [main] --- XAUUSD ---
[2026-08-04 19:21:03] [INFO] [deepseek] DEEPSEEK OK: {"impact_score": 75, "bias": "bullish", "confidence": 0.85, "reason": "بيانات الوظائف الأمريكية الضع...
[2026-08-04 19:21:03] [INFO] [deepseek] AI XAUUSD: bias=bullish impact=75.0 conf=0.85
[2026-08-04 19:21:03] [INFO] [signal_engine] [VERIFY] SIGNAL_INPUT bias=bullish score=75.0 confidence=0.85
[2026-08-04 19:21:03] [INFO] [signal_engine] [VERIFY] SIGNAL_RULE rule=confidence>=0.60 actual=0.85 result=True
[2026-08-04 19:21:03] [INFO] [signal_engine] [VERIFY] SIGNAL_RULE rule=score>=55 actual=75.0 result=True
[2026-08-04 19:21:03] [INFO] [signal_engine] [VERIFY] SIGNAL_RULE rule=bias in [bullish,bearish] actual=bullish result=True
[2026-08-04 19:21:03] [INFO] [signal_engine] [VERIFY] SIGNAL_FINAL direction=BUY score=75.0 confidence=0.85 valid=True
[2026-08-04 19:21:03] [DEBUG] [signal_engine] Signal: BUY score=75.0 conf=0.85 strength=قوي valid=True
[2026-08-04 19:21:03] [DEBUG] [mtf] MTF (snapshot) XAUUSD: H4=bullish H1=bullish M15=bullish aligned=True (strong)
[2026-08-04 19:21:03] [INFO] [main] [VERIFY][DATA_TRUTH] symbol=XAUUSD timeframe=H4/H1/M15 news_fetched=True indicators_fetched=True live_data=True cached=False
[2026-08-04 19:21:03] [INFO] [voting_engine] XAUUSD: MTF strongly aligned, boosting score 10%
[2026-08-04 19:21:03] [DEBUG] [hybrid_market_client] Fetching indicators for XAUUSD (QuantDinger first)
[2026-08-04 19:21:03] [DEBUG] [market_client] DEBUG: Requesting XAUUSD 4H as '4H'
[2026-08-04 19:21:03] [DEBUG] [market_client] Candles XAUUSD 4H: 100 bars ✓
[2026-08-04 19:21:03] [DEBUG] [hybrid_market_client] ✓ Got live data from QuantDinger for XAUUSD
[2026-08-04 19:21:03] [DEBUG] [hybrid_market_client] Fetching indicators for XAUUSD (QuantDinger first)
[2026-08-04 19:21:03] [DEBUG] [market_client] Using cached candles for XAUUSD 4H (age: 0s)
[2026-08-04 19:21:03] [DEBUG] [hybrid_market_client] ✓ Got live data from QuantDinger for XAUUSD
[2026-08-04 19:21:03] [DEBUG] [symbol_info] [EQUITY_CAP] XAUUSD: equity=100 max_risk=$5.00 max_lot=0.1 pip_val_per_lot=10.0 dollars_per_pip=1.00 cap_pips=5.0 cap_price_dist=0.50000 effective_max=0.50000
[2026-08-04 19:21:03] [INFO] [sltp] SL/TP XAUUSD: entry=4143.89990234375 atr=23.74285 regime=Normal sl_mult=1.50 tp_mult=2.50 sl=4143.3999 tp=4203.25703
[2026-08-04 19:21:03] [INFO] [position_sizing] Position size: 0.01 (equity=100, risk=0.002, sl_dist=0.50000, sl_pips=5.00, pip_val_per_lot=10.0, score=100, cons_loss=1)
[2026-08-04 19:21:03] [DEBUG] [xgboost_v2] V2 predict: rsi=66.4 atr=23.74285 regime=TRENDING session=new_york dir=BUY -> p_win=0.528
[2026-08-04 19:21:03] [INFO] [xgboost_v2] [VERIFY] XGBOOST PREDICTION p_win=0.528 available=True
[2026-08-04 19:21:03] [INFO] [main] [VERIFY][DECISION_TRUTH] bias=bullish score=100 confidence=1.0 vote=BUY risk_passed=True sl_tp_calculated=True position_size=0.01 xgboost_p_win=0.5282509922981262 final_decision_valid=False reject_reason=p_win<threshold (p_win=0.528 threshold=0.6)
[2026-08-04 19:21:03] [INFO] [main] --- GBPUSD ---
[2026-08-04 19:21:07] [INFO] [deepseek] DEEPSEEK OK: {"impact_score": 72, "bias": "bullish", "confidence": 0.78, "reason": "البيانات الأميركية الضعيفة تض...
[2026-08-04 19:21:07] [INFO] [deepseek] AI GBPUSD: bias=bullish impact=72.0 conf=0.78
[2026-08-04 19:21:07] [INFO] [signal_engine] [VERIFY] SIGNAL_INPUT bias=bullish score=72.0 confidence=0.78
[2026-08-04 19:21:07] [INFO] [signal_engine] [VERIFY] SIGNAL_RULE rule=confidence>=0.60 actual=0.78 result=True
[2026-08-04 19:21:07] [INFO] [signal_engine] [VERIFY] SIGNAL_RULE rule=score>=55 actual=72.0 result=True
[2026-08-04 19:21:07] [INFO] [signal_engine] [VERIFY] SIGNAL_RULE rule=bias in [bullish,bearish] actual=bullish result=True
[2026-08-04 19:21:07] [INFO] [signal_engine] [VERIFY] SIGNAL_FINAL direction=BUY score=72.0 confidence=0.78 valid=True
[2026-08-04 19:21:07] [DEBUG] [signal_engine] Signal: BUY score=72.0 conf=0.78 strength=قوي valid=True
[2026-08-04 19:21:07] [INFO] [sentiment] Sentiment GBPUSD: neutral score=50 bull=1 bear=1
[2026-08-04 19:21:07] [DEBUG] [mtf] MTF (snapshot) GBPUSD: H4=bullish H1=bearish M15=bullish aligned=False (weak)
[2026-08-04 19:21:07] [INFO] [main] [VERIFY][DATA_TRUTH] symbol=GBPUSD timeframe=H4/H1/M15 news_fetched=True indicators_fetched=True live_data=True cached=False
[2026-08-04 19:21:07] [INFO] [voting_engine] GBPUSD: MTF weakly misaligned, reducing score 10%
[2026-08-04 19:21:07] [DEBUG] [hybrid_market_client] Fetching indicators for GBPUSD (QuantDinger first)
[2026-08-04 19:21:07] [DEBUG] [market_client] DEBUG: Requesting GBPUSD 4H as '4H'
[2026-08-04 19:21:07] [DEBUG] [market_client] Candles GBPUSD 4H: 100 bars ✓
[2026-08-04 19:21:07] [DEBUG] [hybrid_market_client] ✓ Got live data from QuantDinger for GBPUSD
[2026-08-04 19:21:07] [DEBUG] [hybrid_market_client] Fetching indicators for GBPUSD (QuantDinger first)
[2026-08-04 19:21:07] [DEBUG] [market_client] Using cached candles for GBPUSD 4H (age: 0s)
[2026-08-04 19:21:07] [DEBUG] [hybrid_market_client] ✓ Got live data from QuantDinger for GBPUSD
[2026-08-04 19:21:07] [DEBUG] [symbol_info] [EQUITY_CAP] GBPUSD: equity=100 max_risk=$5.00 max_lot=0.5 pip_val_per_lot=10.0 dollars_per_pip=5.00 cap_pips=1.0 cap_price_dist=0.00010 effective_max=0.00010
[2026-08-04 19:21:07] [INFO] [sltp] SL/TP GBPUSD: entry=1.345406174659729 atr=0.00229 regime=Normal sl_mult=1.50 tp_mult=2.50 sl=1.34531 tp=1.35114
[2026-08-04 19:21:07] [INFO] [position_sizing] Position size: 0.01 (equity=100, risk=0.000, sl_dist=0.00010, sl_pips=0.96, pip_val_per_lot=10.0, score=48, cons_loss=1)
[2026-08-04 19:21:07] [DEBUG] [xgboost_v2] V2 predict: rsi=82.2 atr=0.00229 regime=TRENDING session=new_york dir=BUY -> p_win=0.673
[2026-08-04 19:21:07] [INFO] [xgboost_v2] [VERIFY] XGBOOST PREDICTION p_win=0.673 available=True
[2026-08-04 19:21:07] [INFO] [main] [VERIFY][DECISION_TRUTH] bias=bullish score=48.3 confidence=0.691 vote=BUY risk_passed=True sl_tp_calculated=True position_size=0.01 xgboost_p_win=0.6725501418113708 final_decision_valid=True reject_reason=OK
[2026-08-04 19:21:07] [INFO] [mt5_direct] [MT5_DIRECT] open_trade symbol=GBPUSD direction=BUY volume=0.01 sl=1.34531 tp=1.35114
[2026-08-04 19:21:07] [INFO] [mt5_direct] [MT5_DIRECT] terminal_info: TerminalInfo(community_account=True, community_connection=True, connected=True, dlls_allowed=False, trade_allowed=True, tradeapi_disabled=False, email_enabled=False, ftp_enabled=False, notifications_enabled=False, mqid=True, build=6090, maxbars=100000, codepage=0, ping_last=84596, community_balance=0.0, retransmission=0.014763779527559055, company='MetaQuotes Ltd.', name='MetaTrader 5', language='English', path='C:\\Program Files\\MetaTrader 5', data_path='C:\\Users\\ACER\\AppData\\Roaming\\MetaQuotes\\Terminal\\D0E8209F77C8CF37AD8BF550E51FF075', commondata_path='C:\\Users\\ACER\\AppData\\Roaming\\MetaQuotes\\Terminal\\Common')
[2026-08-04 19:21:07] [INFO] [mt5_direct] [MT5_DIRECT] account_info: AccountInfo(login=110389912, trade_mode=0, leverage=1, limit_orders=200, margin_so_mode=0, trade_allowed=True, trade_expert=True, margin_mode=2, currency_digits=2, fifo_close=False, balance=100.0, credit=0.0, profit=0.0, equity=100.0, margin=0.0, margin_free=100.0, margin_level=0.0, margin_so_call=50.0, margin_so_so=30.0, margin_initial=0.0, margin_maintenance=0.0, assets=0.0, liabilities=0.0, commission_blocked=0.0, name='Alid Nn', server='MetaQuotes-Demo', currency='USD', company='MetaQuotes Ltd.')
[2026-08-04 19:21:07] [DEBUG] [mt5_direct] [MT5_DIRECT] order_send request={'action': 1, 'symbol': 'GBPUSD', 'volume': 0.01, 'type': 0, 'price': 1.34534, 'sl': 1.34531, 'tp': 1.35114, 'deviation': 20, 'magic': 0, 'comment': 'Bot V3', 'type_filling': 1}
[2026-08-04 19:21:07] [ERROR] [mt5_direct] [MT5_DIRECT] order_send failed result=OrderSendResult(retcode=10030, deal=0, order=0, volume=0.0, price=0.0, bid=0.0, ask=0.0, comment='Unsupported filling mode', request_id=0, retcode_external=0, request=TradeRequest(action=1, magic=0, order=0, symbol='GBPUSD', volume=0.01, price=1.34534, stoplimit=0.0, sl=1.34531, tp=1.35114, deviation=20, type=0, type_filling=1, type_time=0, expiration=0, comment='Bot V3', position=0, position_by=0)) comment=Unsupported filling mode retcode=10030
[2026-08-04 19:21:07] [INFO] [mt5_direct] [MT5_DIRECT] Retry order_send without type_filling
[2026-08-04 19:21:07] [INFO] [main] [VERIFY][EXECUTION_RESULT] symbol=GBPUSD open_trade_result={'status': 'error', 'error': 'order_send failed (retry). comment=No money retcode=10019', 'order_id': None, 'price': None, 'symbol': 'GBPUSD', 'direction': 'BUY', 'volume': 0.01, 'timestamp': 1785860467.62379, 'raw_response': {'retcode': 10030, 'deal': 0, 'order': 0, 'volume': 0.0, 'price': 0.0, 'bid': 0.0, 'ask': 0.0, 'comment': 'Unsupported filling mode', 'request_id': 0, 'retcode_external': 0, 'request': TradeRequest(action=1, magic=0, order=0, symbol='GBPUSD', volume=0.01, price=1.34534, stoplimit=0.0, sl=1.34531, tp=1.35114, deviation=20, type=0, type_filling=1, type_time=0, expiration=0, comment='Bot V3', position=0, position_by=0)}}
[2026-08-04 19:21:07] [INFO] [adaptive_weights] EURUSD weights updated: {'ai': 0.239, 'trend': 0.239, 'momentum': 0.239, 'sentiment': 0.239, 'volatility': 0.043} | WR=10.0% PF=2.07
[2026-08-04 19:21:07] [INFO] [adaptive_weights] GBPUSD weights updated: {'ai': 0.239, 'trend': 0.239, 'momentum': 0.239, 'sentiment': 0.239, 'volatility': 0.043} | WR=13.0% PF=8.53
[2026-08-04 19:21:07] [INFO] [adaptive_weights] 🏆 أفضل زوج: GBPUSD | WR=13.0% | PnL=144.6$
[2026-08-04 19:21:07] [INFO] [adaptive_weights] ⚠️ أسوأ زوج: XAUUSD | WR=0.0% | PnL=-16.8$
[2026-08-04 19:21:07] [INFO] [main] Sleeping 1800s...
[2026-08-04 19:43:11] [INFO] [risk_governor] [RISK_GOVERNOR] Migrated old halt_reason to halt_sources: ['mt5_disconnect'] (old_reason=MT5 connection lost - candle boundary unavailable)
[2026-08-04 19:43:11] [ERROR] [risk_governor] [RISK_GOVERNOR] Failed to load state: Expecting value: line 1 column 1 (char 0)
[2026-08-04 19:43:11] [INFO] [risk_governor] [RISK_GOVERNOR] Migrated old halt_reason to halt_sources: ['risk_limit'] (old_reason=cumulative_loss_r=6.50 >= 6.0)
[2026-08-04 19:43:11] [WARNING] [risk_governor] [RISK_GOVERNOR] HALTED new entries: reason=MT5 disconnected attempt 0 source=mt5_disconnect active_sources=['mt5_disconnect']
[2026-08-04 19:43:11] [WARNING] [risk_governor] [RISK_GOVERNOR] HALTED new entries: reason=MT5 disconnected attempt 1 source=mt5_disconnect active_sources=['mt5_disconnect']
[2026-08-04 19:43:11] [WARNING] [risk_governor] [RISK_GOVERNOR] HALTED new entries: reason=MT5 disconnected attempt 2 source=mt5_disconnect active_sources=['mt5_disconnect']
[2026-08-04 19:43:11] [WARNING] [risk_governor] [RISK_GOVERNOR] HALTED new entries: reason=MT5 disconnected attempt 3 source=mt5_disconnect active_sources=['mt5_disconnect']
[2026-08-04 19:43:11] [WARNING] [risk_governor] [RISK_GOVERNOR] HALTED new entries: reason=MT5 disconnected attempt 4 source=mt5_disconnect active_sources=['mt5_disconnect']
[2026-08-04 19:43:11] [WARNING] [risk_governor] [RISK_GOVERNOR] HALTED new entries: reason=MT5 disconnected attempt 5 source=mt5_disconnect active_sources=['mt5_disconnect']
[2026-08-04 19:43:11] [WARNING] [risk_governor] [RISK_GOVERNOR] HALTED new entries: reason=MT5 disconnected attempt 6 source=mt5_disconnect active_sources=['mt5_disconnect']
[2026-08-04 19:43:11] [WARNING] [risk_governor] [RISK_GOVERNOR] HALTED new entries: reason=MT5 disconnected attempt 7 source=mt5_disconnect active_sources=['mt5_disconnect']
[2026-08-04 19:43:11] [WARNING] [risk_governor] [RISK_GOVERNOR] HALTED new entries: reason=MT5 disconnected attempt 8 source=mt5_disconnect active_sources=['mt5_disconnect']
[2026-08-04 19:43:11] [WARNING] [risk_governor] [RISK_GOVERNOR] HALTED new entries: reason=MT5 disconnected attempt 9 source=mt5_disconnect active_sources=['mt5_disconnect']
[2026-08-04 19:43:11] [WARNING] [risk_governor] [RISK_GOVERNOR] HALTED new entries: reason=MT5 disconnected attempt 10 source=mt5_disconnect active_sources=['mt5_disconnect']
[2026-08-04 19:43:11] [WARNING] [risk_governor] [RISK_GOVERNOR] HALTED new entries: reason=MT5 disconnected attempt 11 source=mt5_disconnect active_sources=['mt5_disconnect']
[2026-08-04 19:43:11] [WARNING] [risk_governor] [RISK_GOVERNOR] HALTED new entries: reason=MT5 disconnected attempt 12 source=mt5_disconnect active_sources=['mt5_disconnect']
[2026-08-04 19:43:11] [WARNING] [risk_governor] [RISK_GOVERNOR] HALTED new entries: reason=MT5 disconnected attempt 13 source=mt5_disconnect active_sources=['mt5_disconnect']
[2026-08-04 19:43:11] [WARNING] [risk_governor] [RISK_GOVERNOR] HALTED new entries: reason=MT5 disconnected attempt 14 source=mt5_disconnect active_sources=['mt5_disconnect']
[2026-08-04 19:43:11] [WARNING] [risk_governor] [RISK_GOVERNOR] HALTED new entries: reason=MT5 disconnected attempt 15 source=mt5_disconnect active_sources=['mt5_disconnect']
[2026-08-04 19:43:11] [WARNING] [risk_governor] [RISK_GOVERNOR] HALTED new entries: reason=MT5 disconnected attempt 16 source=mt5_disconnect active_sources=['mt5_disconnect']
[2026-08-04 19:43:11] [WARNING] [risk_governor] [RISK_GOVERNOR] HALTED new entries: reason=MT5 disconnected attempt 17 source=mt5_disconnect active_sources=['mt5_disconnect']
[2026-08-04 19:43:11] [WARNING] [risk_governor] [RISK_GOVERNOR] HALTED new entries: reason=MT5 disconnected attempt 18 source=mt5_disconnect active_sources=['mt5_disconnect']
[2026-08-04 19:43:11] [WARNING] [risk_governor] [RISK_GOVERNOR] HALTED new entries: reason=MT5 disconnected attempt 19 source=mt5_disconnect active_sources=['mt5_disconnect']
[2026-08-04 19:43:11] [WARNING] [risk_governor] [RISK_GOVERNOR] HALTED new entries: reason=MT5 disconnected attempt 20 source=mt5_disconnect active_sources=['mt5_disconnect']
[2026-08-04 19:43:11] [WARNING] [risk_governor] [RISK_GOVERNOR] HALTED new entries: reason=MT5 disconnected attempt 21 source=mt5_disconnect active_sources=['mt5_disconnect']
[2026-08-04 19:43:11] [WARNING] [risk_governor] [RISK_GOVERNOR] HALTED new entries: reason=MT5 disconnected attempt 22 source=mt5_disconnect active_sources=['mt5_disconnect']
[2026-08-04 19:43:11] [WARNING] [risk_governor] [RISK_GOVERNOR] HALTED new entries: reason=MT5 disconnected attempt 23 source=mt5_disconnect active_sources=['mt5_disconnect']
[2026-08-04 19:43:11] [WARNING] [risk_governor] [RISK_GOVERNOR] HALTED new entries: reason=MT5 disconnected attempt 24 source=mt5_disconnect active_sources=['mt5_disconnect']
[2026-08-04 19:43:11] [WARNING] [risk_governor] [RISK_GOVERNOR] HALTED new entries: reason=MT5 disconnected attempt 25 source=mt5_disconnect active_sources=['mt5_disconnect']
[2026-08-04 19:43:11] [WARNING] [risk_governor] [RISK_GOVERNOR] HALTED new entries: reason=MT5 disconnected attempt 26 source=mt5_disconnect active_sources=['mt5_disconnect']
[2026-08-04 19:43:11] [WARNING] [risk_governor] [RISK_GOVERNOR] HALTED new entries: reason=MT5 disconnected attempt 27 source=mt5_disconnect active_sources=['mt5_disconnect']
[2026-08-04 19:43:11] [WARNING] [risk_governor] [RISK_GOVERNOR] HALTED new entries: reason=MT5 disconnected attempt 28 source=mt5_disconnect active_sources=['mt5_disconnect']
[2026-08-04 19:43:11] [WARNING] [risk_governor] [RISK_GOVERNOR] HALTED new entries: reason=MT5 disconnected attempt 29 source=mt5_disconnect active_sources=['mt5_disconnect']
[2026-08-04 19:43:11] [WARNING] [risk_governor] [RISK_GOVERNOR] HALTED new entries: reason=MT5 disconnected attempt 30 source=mt5_disconnect active_sources=['mt5_disconnect']
[2026-08-04 19:43:11] [WARNING] [risk_governor] [RISK_GOVERNOR] HALTED new entries: reason=MT5 disconnected attempt 31 source=mt5_disconnect active_sources=['mt5_disconnect']
[2026-08-04 19:43:11] [WARNING] [risk_governor] [RISK_GOVERNOR] HALTED new entries: reason=MT5 disconnected attempt 32 source=mt5_disconnect active_sources=['mt5_disconnect']
[2026-08-04 19:43:11] [WARNING] [risk_governor] [RISK_GOVERNOR] HALTED new entries: reason=MT5 disconnected attempt 33 source=mt5_disconnect active_sources=['mt5_disconnect']
[2026-08-04 19:43:11] [WARNING] [risk_governor] [RISK_GOVERNOR] HALTED new entries: reason=MT5 disconnected attempt 34 source=mt5_disconnect active_sources=['mt5_disconnect']
[2026-08-04 19:43:11] [WARNING] [risk_governor] [RISK_GOVERNOR] HALTED new entries: reason=MT5 disconnected attempt 35 source=mt5_disconnect active_sources=['mt5_disconnect']
[2026-08-04 19:43:11] [WARNING] [risk_governor] [RISK_GOVERNOR] HALTED new entries: reason=MT5 disconnected attempt 36 source=mt5_disconnect active_sources=['mt5_disconnect']
[2026-08-04 19:43:11] [WARNING] [risk_governor] [RISK_GOVERNOR] HALTED new entries: reason=MT5 disconnected attempt 37 source=mt5_disconnect active_sources=['mt5_disconnect']
[2026-08-04 19:43:11] [WARNING] [risk_governor] [RISK_GOVERNOR] HALTED new entries: reason=MT5 disconnected attempt 38 source=mt5_disconnect active_sources=['mt5_disconnect']
[2026-08-04 19:43:11] [WARNING] [risk_governor] [RISK_GOVERNOR] HALTED new entries: reason=MT5 disconnected attempt 39 source=mt5_disconnect active_sources=['mt5_disconnect']
[2026-08-04 19:43:11] [WARNING] [risk_governor] [RISK_GOVERNOR] HALTED new entries: reason=MT5 disconnected attempt 40 source=mt5_disconnect active_sources=['mt5_disconnect']
[2026-08-04 19:43:11] [WARNING] [risk_governor] [RISK_GOVERNOR] HALTED new entries: reason=MT5 disconnected attempt 41 source=mt5_disconnect active_sources=['mt5_disconnect']
[2026-08-04 19:43:11] [WARNING] [risk_governor] [RISK_GOVERNOR] HALTED new entries: reason=MT5 disconnected attempt 42 source=mt5_disconnect active_sources=['mt5_disconnect']
[2026-08-04 19:43:11] [WARNING] [risk_governor] [RISK_GOVERNOR] HALTED new entries: reason=MT5 disconnected attempt 43 source=mt5_disconnect active_sources=['mt5_disconnect']
[2026-08-04 19:43:11] [WARNING] [risk_governor] [RISK_GOVERNOR] HALTED new entries: reason=MT5 disconnected attempt 44 source=mt5_disconnect active_sources=['mt5_disconnect']
[2026-08-04 19:43:11] [WARNING] [risk_governor] [RISK_GOVERNOR] HALTED new entries: reason=MT5 disconnected attempt 45 source=mt5_disconnect active_sources=['mt5_disconnect']
[2026-08-04 19:43:11] [WARNING] [risk_governor] [RISK_GOVERNOR] HALTED new entries: reason=MT5 disconnected attempt 46 source=mt5_disconnect active_sources=['mt5_disconnect']
[2026-08-04 19:43:11] [WARNING] [risk_governor] [RISK_GOVERNOR] HALTED new entries: reason=MT5 disconnected attempt 47 source=mt5_disconnect active_sources=['mt5_disconnect']
[2026-08-04 19:43:11] [WARNING] [risk_governor] [RISK_GOVERNOR] HALTED new entries: reason=MT5 disconnected attempt 48 source=mt5_disconnect active_sources=['mt5_disconnect']
[2026-08-04 19:43:11] [WARNING] [risk_governor] [RISK_GOVERNOR] HALTED new entries: reason=MT5 disconnected attempt 49 source=mt5_disconnect active_sources=['mt5_disconnect']
[2026-08-04 19:44:10] [INFO] [risk_governor] [RISK_GOVERNOR] Migrated old halt_reason to halt_sources: ['mt5_disconnect'] (old_reason=MT5 connection lost - candle boundary unavailable)
[2026-08-04 19:44:10] [ERROR] [risk_governor] [RISK_GOVERNOR] Failed to load state: Expecting value: line 1 column 1 (char 0)
[2026-08-04 19:44:10] [INFO] [risk_governor] [RISK_GOVERNOR] Migrated old halt_reason to halt_sources: ['risk_limit'] (old_reason=cumulative_loss_r=6.50 >= 6.0)
[2026-08-04 19:44:10] [WARNING] [risk_governor] [RISK_GOVERNOR] HALTED new entries: reason=MT5 disconnected attempt 0 source=mt5_disconnect active_sources=['mt5_disconnect']
[2026-08-04 19:44:10] [WARNING] [risk_governor] [RISK_GOVERNOR] HALTED new entries: reason=MT5 disconnected attempt 1 source=mt5_disconnect active_sources=['mt5_disconnect']
[2026-08-04 19:44:10] [WARNING] [risk_governor] [RISK_GOVERNOR] HALTED new entries: reason=MT5 disconnected attempt 2 source=mt5_disconnect active_sources=['mt5_disconnect']
[2026-08-04 19:44:10] [WARNING] [risk_governor] [RISK_GOVERNOR] HALTED new entries: reason=MT5 disconnected attempt 3 source=mt5_disconnect active_sources=['mt5_disconnect']
[2026-08-04 19:44:10] [WARNING] [risk_governor] [RISK_GOVERNOR] HALTED new entries: reason=MT5 disconnected attempt 4 source=mt5_disconnect active_sources=['mt5_disconnect']
[2026-08-04 19:44:10] [WARNING] [risk_governor] [RISK_GOVERNOR] HALTED new entries: reason=MT5 disconnected attempt 5 source=mt5_disconnect active_sources=['mt5_disconnect']
[2026-08-04 19:44:10] [WARNING] [risk_governor] [RISK_GOVERNOR] HALTED new entries: reason=MT5 disconnected attempt 6 source=mt5_disconnect active_sources=['mt5_disconnect']
[2026-08-04 19:44:10] [WARNING] [risk_governor] [RISK_GOVERNOR] HALTED new entries: reason=MT5 disconnected attempt 7 source=mt5_disconnect active_sources=['mt5_disconnect']
[2026-08-04 19:44:10] [WARNING] [risk_governor] [RISK_GOVERNOR] HALTED new entries: reason=MT5 disconnected attempt 8 source=mt5_disconnect active_sources=['mt5_disconnect']
[2026-08-04 19:44:10] [WARNING] [risk_governor] [RISK_GOVERNOR] HALTED new entries: reason=MT5 disconnected attempt 9 source=mt5_disconnect active_sources=['mt5_disconnect']
[2026-08-04 19:44:10] [WARNING] [risk_governor] [RISK_GOVERNOR] HALTED new entries: reason=MT5 disconnected attempt 10 source=mt5_disconnect active_sources=['mt5_disconnect']
[2026-08-04 19:44:10] [WARNING] [risk_governor] [RISK_GOVERNOR] HALTED new entries: reason=MT5 disconnected attempt 11 source=mt5_disconnect active_sources=['mt5_disconnect']
[2026-08-04 19:44:10] [WARNING] [risk_governor] [RISK_GOVERNOR] HALTED new entries: reason=MT5 disconnected attempt 12 source=mt5_disconnect active_sources=['mt5_disconnect']
[2026-08-04 19:44:10] [WARNING] [risk_governor] [RISK_GOVERNOR] HALTED new entries: reason=MT5 disconnected attempt 13 source=mt5_disconnect active_sources=['mt5_disconnect']
[2026-08-04 19:44:10] [WARNING] [risk_governor] [RISK_GOVERNOR] HALTED new entries: reason=MT5 disconnected attempt 14 source=mt5_disconnect active_sources=['mt5_disconnect']
[2026-08-04 19:44:10] [WARNING] [risk_governor] [RISK_GOVERNOR] HALTED new entries: reason=MT5 disconnected attempt 15 source=mt5_disconnect active_sources=['mt5_disconnect']
[2026-08-04 19:44:10] [WARNING] [risk_governor] [RISK_GOVERNOR] HALTED new entries: reason=MT5 disconnected attempt 16 source=mt5_disconnect active_sources=['mt5_disconnect']
[2026-08-04 19:44:10] [WARNING] [risk_governor] [RISK_GOVERNOR] HALTED new entries: reason=MT5 disconnected attempt 17 source=mt5_disconnect active_sources=['mt5_disconnect']
[2026-08-04 19:44:10] [WARNING] [risk_governor] [RISK_GOVERNOR] HALTED new entries: reason=MT5 disconnected attempt 18 source=mt5_disconnect active_sources=['mt5_disconnect']
[2026-08-04 19:44:10] [WARNING] [risk_governor] [RISK_GOVERNOR] HALTED new entries: reason=MT5 disconnected attempt 19 source=mt5_disconnect active_sources=['mt5_disconnect']
[2026-08-04 19:44:10] [WARNING] [risk_governor] [RISK_GOVERNOR] HALTED new entries: reason=MT5 disconnected attempt 20 source=mt5_disconnect active_sources=['mt5_disconnect']
[2026-08-04 19:44:10] [WARNING] [risk_governor] [RISK_GOVERNOR] HALTED new entries: reason=MT5 disconnected attempt 21 source=mt5_disconnect active_sources=['mt5_disconnect']
[2026-08-04 19:44:10] [WARNING] [risk_governor] [RISK_GOVERNOR] HALTED new entries: reason=MT5 disconnected attempt 22 source=mt5_disconnect active_sources=['mt5_disconnect']
[2026-08-04 19:44:10] [WARNING] [risk_governor] [RISK_GOVERNOR] HALTED new entries: reason=MT5 disconnected attempt 23 source=mt5_disconnect active_sources=['mt5_disconnect']
[2026-08-04 19:44:10] [WARNING] [risk_governor] [RISK_GOVERNOR] HALTED new entries: reason=MT5 disconnected attempt 24 source=mt5_disconnect active_sources=['mt5_disconnect']
[2026-08-04 19:44:10] [WARNING] [risk_governor] [RISK_GOVERNOR] HALTED new entries: reason=MT5 disconnected attempt 25 source=mt5_disconnect active_sources=['mt5_disconnect']
[2026-08-04 19:44:10] [WARNING] [risk_governor] [RISK_GOVERNOR] HALTED new entries: reason=MT5 disconnected attempt 26 source=mt5_disconnect active_sources=['mt5_disconnect']
[2026-08-04 19:44:10] [WARNING] [risk_governor] [RISK_GOVERNOR] HALTED new entries: reason=MT5 disconnected attempt 27 source=mt5_disconnect active_sources=['mt5_disconnect']
[2026-08-04 19:44:10] [WARNING] [risk_governor] [RISK_GOVERNOR] HALTED new entries: reason=MT5 disconnected attempt 28 source=mt5_disconnect active_sources=['mt5_disconnect']
[2026-08-04 19:44:10] [WARNING] [risk_governor] [RISK_GOVERNOR] HALTED new entries: reason=MT5 disconnected attempt 29 source=mt5_disconnect active_sources=['mt5_disconnect']
[2026-08-04 19:44:10] [WARNING] [risk_governor] [RISK_GOVERNOR] HALTED new entries: reason=MT5 disconnected attempt 30 source=mt5_disconnect active_sources=['mt5_disconnect']
[2026-08-04 19:44:10] [WARNING] [risk_governor] [RISK_GOVERNOR] HALTED new entries: reason=MT5 disconnected attempt 31 source=mt5_disconnect active_sources=['mt5_disconnect']
[2026-08-04 19:44:10] [WARNING] [risk_governor] [RISK_GOVERNOR] HALTED new entries: reason=MT5 disconnected attempt 32 source=mt5_disconnect active_sources=['mt5_disconnect']
[2026-08-04 19:44:10] [WARNING] [risk_governor] [RISK_GOVERNOR] HALTED new entries: reason=MT5 disconnected attempt 33 source=mt5_disconnect active_sources=['mt5_disconnect']
[2026-08-04 19:44:10] [WARNING] [risk_governor] [RISK_GOVERNOR] HALTED new entries: reason=MT5 disconnected attempt 34 source=mt5_disconnect active_sources=['mt5_disconnect']
[2026-08-04 19:44:10] [WARNING] [risk_governor] [RISK_GOVERNOR] HALTED new entries: reason=MT5 disconnected attempt 35 source=mt5_disconnect active_sources=['mt5_disconnect']
[2026-08-04 19:44:10] [WARNING] [risk_governor] [RISK_GOVERNOR] HALTED new entries: reason=MT5 disconnected attempt 36 source=mt5_disconnect active_sources=['mt5_disconnect']
[2026-08-04 19:44:10] [WARNING] [risk_governor] [RISK_GOVERNOR] HALTED new entries: reason=MT5 disconnected attempt 37 source=mt5_disconnect active_sources=['mt5_disconnect']
[2026-08-04 19:44:10] [WARNING] [risk_governor] [RISK_GOVERNOR] HALTED new entries: reason=MT5 disconnected attempt 38 source=mt5_disconnect active_sources=['mt5_disconnect']
[2026-08-04 19:44:10] [WARNING] [risk_governor] [RISK_GOVERNOR] HALTED new entries: reason=MT5 disconnected attempt 39 source=mt5_disconnect active_sources=['mt5_disconnect']
[2026-08-04 19:44:10] [WARNING] [risk_governor] [RISK_GOVERNOR] HALTED new entries: reason=MT5 disconnected attempt 40 source=mt5_disconnect active_sources=['mt5_disconnect']
[2026-08-04 19:44:10] [WARNING] [risk_governor] [RISK_GOVERNOR] HALTED new entries: reason=MT5 disconnected attempt 41 source=mt5_disconnect active_sources=['mt5_disconnect']
[2026-08-04 19:44:10] [WARNING] [risk_governor] [RISK_GOVERNOR] HALTED new entries: reason=MT5 disconnected attempt 42 source=mt5_disconnect active_sources=['mt5_disconnect']
[2026-08-04 19:44:10] [WARNING] [risk_governor] [RISK_GOVERNOR] HALTED new entries: reason=MT5 disconnected attempt 43 source=mt5_disconnect active_sources=['mt5_disconnect']
[2026-08-04 19:44:10] [WARNING] [risk_governor] [RISK_GOVERNOR] HALTED new entries: reason=MT5 disconnected attempt 44 source=mt5_disconnect active_sources=['mt5_disconnect']
[2026-08-04 19:44:10] [WARNING] [risk_governor] [RISK_GOVERNOR] HALTED new entries: reason=MT5 disconnected attempt 45 source=mt5_disconnect active_sources=['mt5_disconnect']
[2026-08-04 19:44:10] [WARNING] [risk_governor] [RISK_GOVERNOR] HALTED new entries: reason=MT5 disconnected attempt 46 source=mt5_disconnect active_sources=['mt5_disconnect']
[2026-08-04 19:44:10] [WARNING] [risk_governor] [RISK_GOVERNOR] HALTED new entries: reason=MT5 disconnected attempt 47 source=mt5_disconnect active_sources=['mt5_disconnect']
[2026-08-04 19:44:10] [WARNING] [risk_governor] [RISK_GOVERNOR] HALTED new entries: reason=MT5 disconnected attempt 48 source=mt5_disconnect active_sources=['mt5_disconnect']
[2026-08-04 19:44:10] [WARNING] [risk_governor] [RISK_GOVERNOR] HALTED new entries: reason=MT5 disconnected attempt 49 source=mt5_disconnect active_sources=['mt5_disconnect']
[2026-08-04 19:44:58] [INFO] [risk_governor] [RISK_GOVERNOR] Migrated old halt_reason to halt_sources: ['mt5_disconnect'] (old_reason=MT5 connection lost - candle boundary unavailable)
[2026-08-04 19:44:58] [ERROR] [risk_governor] [RISK_GOVERNOR] Failed to load state: Expecting value: line 1 column 1 (char 0)
[2026-08-04 19:44:58] [INFO] [risk_governor] [RISK_GOVERNOR] Migrated old halt_reason to halt_sources: ['risk_limit'] (old_reason=cumulative_loss_r=6.50 >= 6.0)
[2026-08-04 19:44:58] [WARNING] [risk_governor] [RISK_GOVERNOR] HALTED new entries: reason=MT5 disconnected attempt 0 source=mt5_disconnect active_sources=['mt5_disconnect']
[2026-08-04 19:44:58] [WARNING] [risk_governor] [RISK_GOVERNOR] HALTED new entries: reason=MT5 disconnected attempt 1 source=mt5_disconnect active_sources=['mt5_disconnect']
[2026-08-04 19:44:58] [WARNING] [risk_governor] [RISK_GOVERNOR] HALTED new entries: reason=MT5 disconnected attempt 2 source=mt5_disconnect active_sources=['mt5_disconnect']
[2026-08-04 19:44:58] [WARNING] [risk_governor] [RISK_GOVERNOR] HALTED new entries: reason=MT5 disconnected attempt 3 source=mt5_disconnect active_sources=['mt5_disconnect']
[2026-08-04 19:44:58] [WARNING] [risk_governor] [RISK_GOVERNOR] HALTED new entries: reason=MT5 disconnected attempt 4 source=mt5_disconnect active_sources=['mt5_disconnect']
[2026-08-04 19:44:58] [WARNING] [risk_governor] [RISK_GOVERNOR] HALTED new entries: reason=MT5 disconnected attempt 5 source=mt5_disconnect active_sources=['mt5_disconnect']
[2026-08-04 19:44:58] [WARNING] [risk_governor] [RISK_GOVERNOR] HALTED new entries: reason=MT5 disconnected attempt 6 source=mt5_disconnect active_sources=['mt5_disconnect']
[2026-08-04 19:44:58] [WARNING] [risk_governor] [RISK_GOVERNOR] HALTED new entries: reason=MT5 disconnected attempt 7 source=mt5_disconnect active_sources=['mt5_disconnect']
[2026-08-04 19:44:58] [WARNING] [risk_governor] [RISK_GOVERNOR] HALTED new entries: reason=MT5 disconnected attempt 8 source=mt5_disconnect active_sources=['mt5_disconnect']
[2026-08-04 19:44:58] [WARNING] [risk_governor] [RISK_GOVERNOR] HALTED new entries: reason=MT5 disconnected attempt 9 source=mt5_disconnect active_sources=['mt5_disconnect']
[2026-08-04 19:44:58] [WARNING] [risk_governor] [RISK_GOVERNOR] HALTED new entries: reason=MT5 disconnected attempt 10 source=mt5_disconnect active_sources=['mt5_disconnect']
[2026-08-04 19:44:58] [WARNING] [risk_governor] [RISK_GOVERNOR] HALTED new entries: reason=MT5 disconnected attempt 11 source=mt5_disconnect active_sources=['mt5_disconnect']
[2026-08-04 19:44:58] [WARNING] [risk_governor] [RISK_GOVERNOR] HALTED new entries: reason=MT5 disconnected attempt 12 source=mt5_disconnect active_sources=['mt5_disconnect']
[2026-08-04 19:44:58] [WARNING] [risk_governor] [RISK_GOVERNOR] HALTED new entries: reason=MT5 disconnected attempt 13 source=mt5_disconnect active_sources=['mt5_disconnect']
[2026-08-04 19:44:58] [WARNING] [risk_governor] [RISK_GOVERNOR] HALTED new entries: reason=MT5 disconnected attempt 14 source=mt5_disconnect active_sources=['mt5_disconnect']
[2026-08-04 19:44:58] [WARNING] [risk_governor] [RISK_GOVERNOR] HALTED new entries: reason=MT5 disconnected attempt 15 source=mt5_disconnect active_sources=['mt5_disconnect']
[2026-08-04 19:44:58] [WARNING] [risk_governor] [RISK_GOVERNOR] HALTED new entries: reason=MT5 disconnected attempt 16 source=mt5_disconnect active_sources=['mt5_disconnect']
[2026-08-04 19:44:58] [WARNING] [risk_governor] [RISK_GOVERNOR] HALTED new entries: reason=MT5 disconnected attempt 17 source=mt5_disconnect active_sources=['mt5_disconnect']
[2026-08-04 19:44:58] [WARNING] [risk_governor] [RISK_GOVERNOR] HALTED new entries: reason=MT5 disconnected attempt 18 source=mt5_disconnect active_sources=['mt5_disconnect']
[2026-08-04 19:44:58] [WARNING] [risk_governor] [RISK_GOVERNOR] HALTED new entries: reason=MT5 disconnected attempt 19 source=mt5_disconnect active_sources=['mt5_disconnect']
[2026-08-04 19:44:58] [WARNING] [risk_governor] [RISK_GOVERNOR] HALTED new entries: reason=MT5 disconnected attempt 20 source=mt5_disconnect active_sources=['mt5_disconnect']
[2026-08-04 19:44:58] [WARNING] [risk_governor] [RISK_GOVERNOR] HALTED new entries: reason=MT5 disconnected attempt 21 source=mt5_disconnect active_sources=['mt5_disconnect']
[2026-08-04 19:44:58] [WARNING] [risk_governor] [RISK_GOVERNOR] HALTED new entries: reason=MT5 disconnected attempt 22 source=mt5_disconnect active_sources=['mt5_disconnect']
[2026-08-04 19:44:58] [WARNING] [risk_governor] [RISK_GOVERNOR] HALTED new entries: reason=MT5 disconnected attempt 23 source=mt5_disconnect active_sources=['mt5_disconnect']
[2026-08-04 19:44:58] [WARNING] [risk_governor] [RISK_GOVERNOR] HALTED new entries: reason=MT5 disconnected attempt 24 source=mt5_disconnect active_sources=['mt5_disconnect']
[2026-08-04 19:44:58] [WARNING] [risk_governor] [RISK_GOVERNOR] HALTED new entries: reason=MT5 disconnected attempt 25 source=mt5_disconnect active_sources=['mt5_disconnect']
[2026-08-04 19:44:58] [WARNING] [risk_governor] [RISK_GOVERNOR] HALTED new entries: reason=MT5 disconnected attempt 26 source=mt5_disconnect active_sources=['mt5_disconnect']
[2026-08-04 19:44:58] [WARNING] [risk_governor] [RISK_GOVERNOR] HALTED new entries: reason=MT5 disconnected attempt 27 source=mt5_disconnect active_sources=['mt5_disconnect']
[2026-08-04 19:44:58] [WARNING] [risk_governor] [RISK_GOVERNOR] HALTED new entries: reason=MT5 disconnected attempt 28 source=mt5_disconnect active_sources=['mt5_disconnect']
[2026-08-04 19:44:58] [WARNING] [risk_governor] [RISK_GOVERNOR] HALTED new entries: reason=MT5 disconnected attempt 29 source=mt5_disconnect active_sources=['mt5_disconnect']
[2026-08-04 19:44:58] [WARNING] [risk_governor] [RISK_GOVERNOR] HALTED new entries: reason=MT5 disconnected attempt 30 source=mt5_disconnect active_sources=['mt5_disconnect']
[2026-08-04 19:44:58] [WARNING] [risk_governor] [RISK_GOVERNOR] HALTED new entries: reason=MT5 disconnected attempt 31 source=mt5_disconnect active_sources=['mt5_disconnect']
[2026-08-04 19:44:58] [WARNING] [risk_governor] [RISK_GOVERNOR] HALTED new entries: reason=MT5 disconnected attempt 32 source=mt5_disconnect active_sources=['mt5_disconnect']
[2026-08-04 19:44:58] [WARNING] [risk_governor] [RISK_GOVERNOR] HALTED new entries: reason=MT5 disconnected attempt 33 source=mt5_disconnect active_sources=['mt5_disconnect']
[2026-08-04 19:44:58] [WARNING] [risk_governor] [RISK_GOVERNOR] HALTED new entries: reason=MT5 disconnected attempt 34 source=mt5_disconnect active_sources=['mt5_disconnect']
[2026-08-04 19:44:58] [WARNING] [risk_governor] [RISK_GOVERNOR] HALTED new entries: reason=MT5 disconnected attempt 35 source=mt5_disconnect active_sources=['mt5_disconnect']
[2026-08-04 19:44:58] [WARNING] [risk_governor] [RISK_GOVERNOR] HALTED new entries: reason=MT5 disconnected attempt 36 source=mt5_disconnect active_sources=['mt5_disconnect']
[2026-08-04 19:44:58] [WARNING] [risk_governor] [RISK_GOVERNOR] HALTED new entries: reason=MT5 disconnected attempt 37 source=mt5_disconnect active_sources=['mt5_disconnect']
[2026-08-04 19:44:58] [WARNING] [risk_governor] [RISK_GOVERNOR] HALTED new entries: reason=MT5 disconnected attempt 38 source=mt5_disconnect active_sources=['mt5_disconnect']
[2026-08-04 19:44:58] [WARNING] [risk_governor] [RISK_GOVERNOR] HALTED new entries: reason=MT5 disconnected attempt 39 source=mt5_disconnect active_sources=['mt5_disconnect']
[2026-08-04 19:44:58] [WARNING] [risk_governor] [RISK_GOVERNOR] HALTED new entries: reason=MT5 disconnected attempt 40 source=mt5_disconnect active_sources=['mt5_disconnect']
[2026-08-04 19:44:58] [WARNING] [risk_governor] [RISK_GOVERNOR] HALTED new entries: reason=MT5 disconnected attempt 41 source=mt5_disconnect active_sources=['mt5_disconnect']
[2026-08-04 19:44:58] [WARNING] [risk_governor] [RISK_GOVERNOR] HALTED new entries: reason=MT5 disconnected attempt 42 source=mt5_disconnect active_sources=['mt5_disconnect']
[2026-08-04 19:44:58] [WARNING] [risk_governor] [RISK_GOVERNOR] HALTED new entries: reason=MT5 disconnected attempt 43 source=mt5_disconnect active_sources=['mt5_disconnect']
[2026-08-04 19:44:58] [WARNING] [risk_governor] [RISK_GOVERNOR] HALTED new entries: reason=MT5 disconnected attempt 44 source=mt5_disconnect active_sources=['mt5_disconnect']
[2026-08-04 19:44:58] [WARNING] [risk_governor] [RISK_GOVERNOR] HALTED new entries: reason=MT5 disconnected attempt 45 source=mt5_disconnect active_sources=['mt5_disconnect']
[2026-08-04 19:44:58] [WARNING] [risk_governor] [RISK_GOVERNOR] HALTED new entries: reason=MT5 disconnected attempt 46 source=mt5_disconnect active_sources=['mt5_disconnect']
[2026-08-04 19:44:58] [WARNING] [risk_governor] [RISK_GOVERNOR] HALTED new entries: reason=MT5 disconnected attempt 47 source=mt5_disconnect active_sources=['mt5_disconnect']
[2026-08-04 19:44:58] [WARNING] [risk_governor] [RISK_GOVERNOR] HALTED new entries: reason=MT5 disconnected attempt 48 source=mt5_disconnect active_sources=['mt5_disconnect']
[2026-08-04 19:44:58] [WARNING] [risk_governor] [RISK_GOVERNOR] HALTED new entries: reason=MT5 disconnected attempt 49 source=mt5_disconnect active_sources=['mt5_disconnect']
