[2026-06-16 00:50:16] [INFO] [main] Trading Bot V3 starting...
[2026-06-16 00:50:16] [INFO] [database] V3 Database initialized with all tables
[2026-06-16 00:50:16] [ERROR] [qd_client] Login attempt 1 failed: Expecting value: line 1 column 1 (char 0)
[2026-06-16 00:50:21] [ERROR] [qd_client] Login attempt 2 failed: Expecting value: line 1 column 1 (char 0)
[2026-06-16 00:50:27] [INFO] [qd_client] Logged in to QuantDinger
[2026-06-16 00:50:27] [INFO] [qd_client] MT5 connected
[2026-06-16 00:50:27] [INFO] [main] MT5 connected
[2026-06-16 00:50:27] [INFO] [telegram_bot] Telegram polling started
[2026-06-16 00:50:27] [INFO] [telegram_bot] Telegram bot V3 started
[2026-06-16 00:50:27] [INFO] [mt5_watchdog] MT5 watchdog started (V1 reconnect logic)
[2026-06-16 00:50:27] [INFO] [reconciliation] Reconciliation loop started (every 60s)
[2026-06-16 00:50:27] [INFO] [reconciliation] Reconciliation thread started
[2026-06-16 00:50:28] [INFO] [main] ==================================================
[2026-06-16 00:50:28] [INFO] [main] Cycle 1 at 00:50:28
[2026-06-16 00:50:32] [INFO] [news_fetcher] Fetched 11 relevant news items
[2026-06-16 00:50:32] [INFO] [main] Equity: 73516.00$ | News: 11
[2026-06-16 00:50:32] [INFO] [main] --- EURUSD ---
[2026-06-16 00:50:35] [INFO] [deepseek] AI analysis EURUSD: bias=neutral score=65.0 conf=0.45
[2026-06-16 00:50:35] [DEBUG] [signal_engine] Signal: NEUTRAL score=65.0 conf=0.45 valid=False
[2026-06-16 00:50:35] [INFO] [sentiment] Sentiment EURUSD: bearish score=88 bull=1 bear=3
[2026-06-16 00:50:35] [INFO] [mtf] MTF EURUSD: H4=bearish H1=bearish M15=bearish aligned=True (strong)
[2026-06-16 00:50:35] [INFO] [main] --- XAUUSD ---
[2026-06-16 00:50:39] [INFO] [deepseek] AI analysis XAUUSD: bias=bullish score=75.0 conf=0.70
[2026-06-16 00:50:39] [DEBUG] [signal_engine] Signal: BUY score=75.0 conf=0.70 valid=True
[2026-06-16 00:50:39] [INFO] [mtf] MTF XAUUSD: H4=bearish H1=bearish M15=bearish aligned=True (strong)
[2026-06-16 00:50:39] [INFO] [main] XAUUSD: SKIP - Score 42.5 < 65
[2026-06-16 00:50:39] [INFO] [main] --- GBPUSD ---
[2026-06-16 00:50:43] [INFO] [deepseek] AI analysis GBPUSD: bias=bearish score=55.0 conf=0.65
[2026-06-16 00:50:43] [DEBUG] [signal_engine] Signal: SELL score=55.0 conf=0.65 valid=True
[2026-06-16 00:50:43] [INFO] [mtf] MTF GBPUSD: H4=bearish H1=bearish M15=bearish aligned=True (strong)
[2026-06-16 00:50:43] [INFO] [main] GBPUSD: SKIP - Score 58.7 < 65
[2026-06-16 00:50:43] [INFO] [main] Sleeping 1800s...
[2026-06-16 01:20:43] [INFO] [main] ==================================================
[2026-06-16 01:20:43] [INFO] [main] Cycle 2 at 01:20:43
[2026-06-16 01:20:48] [INFO] [news_fetcher] Fetched 11 relevant news items
[2026-06-16 01:20:48] [INFO] [main] Equity: 73516.00$ | News: 11
[2026-06-16 01:20:48] [INFO] [main] --- EURUSD ---
[2026-06-16 01:20:52] [INFO] [deepseek] AI analysis EURUSD: bias=neutral score=65.0 conf=0.45
[2026-06-16 01:20:52] [DEBUG] [signal_engine] Signal: NEUTRAL score=65.0 conf=0.45 valid=False
[2026-06-16 01:20:52] [INFO] [sentiment] Sentiment EURUSD: bearish score=100 bull=0 bear=2
[2026-06-16 01:20:52] [INFO] [mtf] MTF EURUSD: H4=bearish H1=bearish M15=bearish aligned=True (strong)
[2026-06-16 01:20:52] [INFO] [main] --- XAUUSD ---
[2026-06-16 01:20:55] [INFO] [deepseek] AI analysis XAUUSD: bias=bullish score=65.0 conf=0.70
[2026-06-16 01:20:55] [DEBUG] [signal_engine] Signal: BUY score=65.0 conf=0.70 valid=True
[2026-06-16 01:20:56] [INFO] [mtf] MTF XAUUSD: H4=bearish H1=bearish M15=bearish aligned=True (strong)
[2026-06-16 01:20:56] [INFO] [main] XAUUSD: SKIP - Score 41.1 < 65
[2026-06-16 01:20:56] [INFO] [main] --- GBPUSD ---
[2026-06-16 01:21:00] [INFO] [deepseek] AI analysis GBPUSD: bias=neutral score=55.0 conf=0.45
[2026-06-16 01:21:00] [DEBUG] [signal_engine] Signal: NEUTRAL score=55.0 conf=0.45 valid=False
[2026-06-16 01:21:00] [INFO] [mtf] MTF GBPUSD: H4=bearish H1=bearish M15=bearish aligned=True (strong)
[2026-06-16 01:21:00] [INFO] [main] Sleeping 1800s...
[2026-06-16 01:29:33] [INFO] [main] Trading Bot V3 starting...
[2026-06-16 01:29:33] [INFO] [database] V3 Database initialized with all tables
[2026-06-16 01:29:34] [INFO] [qd_client] Logged in to QuantDinger
[2026-06-16 01:29:34] [INFO] [qd_client] MT5 connected
[2026-06-16 01:29:34] [INFO] [main] MT5 connected
[2026-06-16 01:29:34] [INFO] [telegram_bot] Telegram polling started
[2026-06-16 01:29:34] [INFO] [telegram_bot] Telegram bot V3 started
[2026-06-16 01:29:34] [INFO] [mt5_watchdog] MT5 watchdog started (V1 reconnect logic)
[2026-06-16 01:29:34] [INFO] [reconciliation] Reconciliation loop started (every 60s)
[2026-06-16 01:29:34] [INFO] [reconciliation] Reconciliation thread started
[2026-06-16 01:29:34] [INFO] [main] ==================================================
[2026-06-16 01:29:34] [INFO] [main] Cycle 1 at 01:29:34
[2026-06-16 01:29:44] [INFO] [news_fetcher] Fetched 11 relevant news items
[2026-06-16 01:29:44] [INFO] [main] Equity: 73516.00$ | News: 11
[2026-06-16 01:29:44] [INFO] [main] --- EURUSD ---
[2026-06-16 01:29:47] [INFO] [deepseek] AI analysis EURUSD: bias=neutral score=55.0 conf=0.45
[2026-06-16 01:29:47] [DEBUG] [signal_engine] Signal: NEUTRAL score=55.0 conf=0.45 valid=False
[2026-06-16 01:29:47] [INFO] [sentiment] Sentiment EURUSD: bearish score=100 bull=0 bear=2
[2026-06-16 01:29:48] [INFO] [mtf] MTF EURUSD: H4=bearish H1=bearish M15=bearish aligned=True (strong)
[2026-06-16 01:29:48] [INFO] [main] --- XAUUSD ---
[2026-06-16 01:29:51] [INFO] [deepseek] AI analysis XAUUSD: bias=bullish score=65.0 conf=0.70
[2026-06-16 01:29:51] [DEBUG] [signal_engine] Signal: BUY score=65.0 conf=0.70 valid=True
[2026-06-16 01:29:52] [INFO] [mtf] MTF XAUUSD: H4=bearish H1=bearish M15=bearish aligned=True (strong)
[2026-06-16 01:29:52] [INFO] [main] XAUUSD: SKIP - Score 41.1 < 65
[2026-06-16 01:29:52] [INFO] [main] --- GBPUSD ---
[2026-06-16 01:29:55] [INFO] [deepseek] AI analysis GBPUSD: bias=bearish score=65.0 conf=0.70
[2026-06-16 01:29:55] [DEBUG] [signal_engine] Signal: SELL score=65.0 conf=0.70 valid=True
[2026-06-16 01:29:56] [INFO] [mtf] MTF GBPUSD: H4=bearish H1=bearish M15=bearish aligned=True (strong)
[2026-06-16 01:29:56] [INFO] [main] GBPUSD: SKIP - Score 61.6 < 65
[2026-06-16 01:29:56] [INFO] [main] Sleeping 1800s...
[2026-06-16 01:30:29] [INFO] [qd_client] Logged in to QuantDinger
[2026-06-16 01:30:34] [WARNING] [mt5_watchdog] MT5 disconnected! Attempt 1/3
[2026-06-16 01:30:34] [INFO] [qd_client] Logged in to QuantDinger
[2026-06-16 01:30:35] [INFO] [qd_client] Logged in to QuantDinger
[2026-06-16 01:30:35] [INFO] [mt5_watchdog] MT5 already connected
[2026-06-16 01:30:35] [INFO] [mt5_watchdog] MT5 reconnected successfully!
[2026-06-16 01:31:28] [WARNING] [mt5_watchdog] MT5 disconnected! Attempt 1/3
[2026-06-16 01:31:29] [INFO] [qd_client] Logged in to QuantDinger
[2026-06-16 01:31:29] [INFO] [mt5_watchdog] MT5 already connected
[2026-06-16 01:31:29] [INFO] [mt5_watchdog] MT5 reconnected successfully!
[2026-06-16 01:31:29] [INFO] [qd_client] Logged in to QuantDinger
[2026-06-16 01:31:35] [INFO] [qd_client] Logged in to QuantDinger
[2026-06-16 01:32:30] [INFO] [qd_client] Logged in to QuantDinger
[2026-06-16 01:32:35] [INFO] [qd_client] Logged in to QuantDinger
[2026-06-16 01:33:30] [WARNING] [mt5_watchdog] MT5 disconnected! Attempt 1/3
[2026-06-16 01:33:30] [INFO] [qd_client] Logged in to QuantDinger
[2026-06-16 01:33:32] [INFO] [qd_client] Logged in to QuantDinger
[2026-06-16 01:33:32] [INFO] [mt5_watchdog] MT5 already connected
[2026-06-16 01:33:32] [INFO] [mt5_watchdog] MT5 reconnected successfully!
[2026-06-16 01:33:36] [INFO] [qd_client] Logged in to QuantDinger
[2026-06-16 01:34:31] [INFO] [qd_client] Logged in to QuantDinger
[2026-06-16 01:34:36] [WARNING] [mt5_watchdog] MT5 disconnected! Attempt 1/3
[2026-06-16 01:34:36] [INFO] [qd_client] Logged in to QuantDinger
[2026-06-16 01:34:37] [INFO] [qd_client] Logged in to QuantDinger
[2026-06-16 01:34:37] [INFO] [mt5_watchdog] MT5 already connected
[2026-06-16 01:34:37] [INFO] [mt5_watchdog] MT5 reconnected successfully!
[2026-06-16 01:35:29] [INFO] [qd_client] Logged in to QuantDinger
[2026-06-16 01:35:37] [INFO] [qd_client] Logged in to QuantDinger
[2026-06-16 01:36:31] [INFO] [qd_client] Logged in to QuantDinger
[2026-06-16 01:36:37] [INFO] [qd_client] Logged in to QuantDinger
[2026-06-16 01:37:32] [INFO] [qd_client] Logged in to QuantDinger
[2026-06-16 01:37:38] [INFO] [qd_client] Logged in to QuantDinger
[2026-06-16 01:38:32] [INFO] [qd_client] Logged in to QuantDinger
[2026-06-16 01:38:38] [INFO] [qd_client] Logged in to QuantDinger
[2026-06-16 01:39:33] [WARNING] [mt5_watchdog] MT5 disconnected! Attempt 1/3
[2026-06-16 01:39:33] [INFO] [qd_client] Logged in to QuantDinger
[2026-06-16 01:39:35] [INFO] [qd_client] Logged in to QuantDinger
[2026-06-16 01:39:35] [INFO] [mt5_watchdog] MT5 already connected
[2026-06-16 01:39:35] [INFO] [mt5_watchdog] MT5 reconnected successfully!
[2026-06-16 01:39:36] [INFO] [main] Trading Bot V3 starting...
[2026-06-16 01:39:36] [INFO] [database] V3 Database initialized with all tables
[2026-06-16 01:39:36] [INFO] [qd_client] Logged in to QuantDinger
[2026-06-16 01:39:36] [INFO] [qd_client] MT5 connected
[2026-06-16 01:39:36] [INFO] [main] MT5 connected
[2026-06-16 01:39:36] [INFO] [telegram_bot] Telegram polling started
[2026-06-16 01:39:36] [INFO] [telegram_bot] Telegram bot V3 started
[2026-06-16 01:39:36] [INFO] [mt5_watchdog] MT5 watchdog started (V1 reconnect logic)
[2026-06-16 01:39:36] [INFO] [reconciliation] Reconciliation loop started (every 60s)
[2026-06-16 01:39:36] [INFO] [reconciliation] Reconciliation thread started
[2026-06-16 01:39:37] [INFO] [main] ==================================================
[2026-06-16 01:39:37] [INFO] [main] Cycle 1 at 01:39:37
[2026-06-16 01:39:39] [INFO] [qd_client] Logged in to QuantDinger
[2026-06-16 01:39:41] [INFO] [news_fetcher] Fetched 11 relevant news items
[2026-06-16 01:39:42] [INFO] [qd_client] Logged in to QuantDinger
[2026-06-16 01:39:42] [INFO] [main] Equity: 73516.00$ | News: 11
[2026-06-16 01:39:42] [INFO] [main] --- EURUSD ---
[2026-06-16 01:39:46] [INFO] [deepseek] AI analysis EURUSD: bias=bearish score=65.0 conf=0.70
[2026-06-16 01:39:46] [DEBUG] [signal_engine] Signal: SELL score=65.0 conf=0.70 valid=True
[2026-06-16 01:39:46] [INFO] [sentiment] Sentiment EURUSD: bearish score=88 bull=1 bear=3
[2026-06-16 01:39:46] [INFO] [mtf] MTF EURUSD: H4=bearish H1=bearish M15=bearish aligned=True (strong)
[2026-06-16 01:39:46] [INFO] [sltp] SL/TP EURUSD: entry=0 atr=0.00567 sl=0.00851 tp=-0.01418
[2026-06-16 01:39:46] [INFO] [position_sizing] Position size: 0.5 (equity=73516, risk=0.001, sl_dist=0.00851, score=66, cons_loss=0)
[2026-06-16 01:39:46] [DEBUG] [qd_client] Opening trade payload: EURUSD SELL volume=0.5
[2026-06-16 01:39:46] [ERROR] [qd_client] Trade failed: {'success': False, 'error': 'Order rejected: Unsupported filling mode'}
[2026-06-16 01:39:46] [DEBUG] [qd_client] Opening trade payload: EURUSD SELL volume=0.5
[2026-06-16 01:39:46] [ERROR] [qd_client] Trade failed: {'success': False, 'error': 'Order rejected: Unsupported filling mode'}
[2026-06-16 01:39:46] [DEBUG] [qd_client] Opening trade payload: EURUSD SELL volume=0.5
[2026-06-16 01:39:46] [ERROR] [qd_client] Trade failed: {'success': False, 'error': 'Order rejected: Unsupported filling mode'}
[2026-06-16 01:39:46] [ERROR] [main] Failed to open trade: EURUSD SELL
[2026-06-16 01:39:47] [INFO] [main] --- XAUUSD ---
[2026-06-16 01:39:51] [INFO] [deepseek] AI analysis XAUUSD: bias=bullish score=75.0 conf=0.70
[2026-06-16 01:39:51] [DEBUG] [signal_engine] Signal: BUY score=75.0 conf=0.70 valid=True
[2026-06-16 01:39:51] [INFO] [mtf] MTF XAUUSD: H4=bearish H1=bearish M15=bearish aligned=True (strong)
[2026-06-16 01:39:51] [INFO] [main] XAUUSD: SKIP - Score 42.5 < 65
[2026-06-16 01:39:51] [INFO] [main] --- GBPUSD ---
[2026-06-16 01:39:56] [INFO] [deepseek] AI analysis GBPUSD: bias=bearish score=65.0 conf=0.70
[2026-06-16 01:39:56] [DEBUG] [signal_engine] Signal: SELL score=65.0 conf=0.70 valid=True
[2026-06-16 01:39:56] [INFO] [mtf] MTF GBPUSD: H4=bearish H1=bearish M15=bearish aligned=True (strong)
[2026-06-16 01:39:56] [INFO] [main] GBPUSD: SKIP - Score 61.6 < 65
[2026-06-16 01:39:56] [INFO] [main] Sleeping 1800s...
[2026-06-16 01:40:34] [INFO] [qd_client] Logged in to QuantDinger
[2026-06-16 01:40:36] [WARNING] [mt5_watchdog] MT5 disconnected! Attempt 1/3
[2026-06-16 01:40:36] [INFO] [qd_client] Logged in to QuantDinger
[2026-06-16 01:40:37] [INFO] [qd_client] Logged in to QuantDinger
[2026-06-16 01:40:37] [INFO] [mt5_watchdog] MT5 already connected
[2026-06-16 01:40:37] [INFO] [mt5_watchdog] MT5 reconnected successfully!
[2026-06-16 01:40:39] [WARNING] [mt5_watchdog] MT5 disconnected! Attempt 1/3
[2026-06-16 01:40:39] [INFO] [qd_client] Logged in to QuantDinger
[2026-06-16 01:40:40] [INFO] [qd_client] Logged in to QuantDinger
[2026-06-16 01:40:40] [INFO] [mt5_watchdog] MT5 already connected
[2026-06-16 01:40:40] [INFO] [mt5_watchdog] MT5 reconnected successfully!
[2026-06-16 01:41:34] [INFO] [qd_client] Logged in to QuantDinger
[2026-06-16 01:41:37] [INFO] [qd_client] Logged in to QuantDinger
[2026-06-16 01:41:40] [INFO] [qd_client] Logged in to QuantDinger
[2026-06-16 01:42:35] [INFO] [qd_client] Logged in to QuantDinger
[2026-06-16 01:42:37] [INFO] [qd_client] Logged in to QuantDinger
[2026-06-16 01:42:40] [INFO] [qd_client] Logged in to QuantDinger
[2026-06-16 01:43:35] [INFO] [qd_client] Logged in to QuantDinger
[2026-06-16 01:43:38] [INFO] [qd_client] Logged in to QuantDinger
[2026-06-16 01:43:41] [INFO] [qd_client] Logged in to QuantDinger
[2026-06-16 01:44:36] [INFO] [qd_client] Logged in to QuantDinger
[2026-06-16 01:44:38] [WARNING] [mt5_watchdog] MT5 disconnected! Attempt 1/3
[2026-06-16 01:44:39] [INFO] [qd_client] Logged in to QuantDinger
[2026-06-16 01:44:39] [INFO] [qd_client] Logged in to QuantDinger
[2026-06-16 01:44:39] [INFO] [mt5_watchdog] MT5 already connected
[2026-06-16 01:44:39] [INFO] [mt5_watchdog] MT5 reconnected successfully!
[2026-06-16 01:44:41] [INFO] [qd_client] Logged in to QuantDinger
[2026-06-16 01:45:36] [WARNING] [mt5_watchdog] MT5 disconnected! Attempt 1/3
[2026-06-16 01:45:36] [INFO] [qd_client] Logged in to QuantDinger
[2026-06-16 01:45:38] [INFO] [qd_client] Logged in to QuantDinger
[2026-06-16 01:45:38] [INFO] [mt5_watchdog] MT5 already connected
[2026-06-16 01:45:38] [INFO] [mt5_watchdog] MT5 reconnected successfully!
[2026-06-16 01:45:39] [INFO] [qd_client] Logged in to QuantDinger
[2026-06-16 01:45:42] [INFO] [qd_client] Logged in to QuantDinger
[2026-06-16 01:46:37] [INFO] [qd_client] Logged in to QuantDinger
[2026-06-16 01:46:40] [INFO] [qd_client] Logged in to QuantDinger
[2026-06-16 01:46:42] [WARNING] [mt5_watchdog] MT5 disconnected! Attempt 1/3
[2026-06-16 01:46:43] [INFO] [qd_client] Logged in to QuantDinger
[2026-06-16 01:46:44] [INFO] [qd_client] Logged in to QuantDinger
[2026-06-16 01:46:44] [INFO] [mt5_watchdog] MT5 already connected
[2026-06-16 01:46:44] [INFO] [mt5_watchdog] MT5 reconnected successfully!
[2026-06-16 01:47:37] [INFO] [qd_client] Logged in to QuantDinger
[2026-06-16 01:47:40] [INFO] [qd_client] Logged in to QuantDinger
[2026-06-16 01:47:43] [INFO] [qd_client] Logged in to QuantDinger
[2026-06-16 01:48:38] [INFO] [qd_client] Logged in to QuantDinger
[2026-06-16 01:48:40] [WARNING] [mt5_watchdog] MT5 disconnected! Attempt 1/3
[2026-06-16 01:48:41] [INFO] [qd_client] Logged in to QuantDinger
[2026-06-16 01:48:41] [INFO] [qd_client] Logged in to QuantDinger
[2026-06-16 01:48:41] [INFO] [mt5_watchdog] MT5 already connected
[2026-06-16 01:48:41] [INFO] [mt5_watchdog] MT5 reconnected successfully!
[2026-06-16 01:48:44] [INFO] [qd_client] Logged in to QuantDinger
[2026-06-16 01:49:38] [INFO] [qd_client] Logged in to QuantDinger
[2026-06-16 01:49:41] [INFO] [qd_client] Logged in to QuantDinger
[2026-06-16 01:49:44] [INFO] [qd_client] Logged in to QuantDinger
[2026-06-16 01:50:31] [INFO] [qd_client] Logged in to QuantDinger
[2026-06-16 01:50:42] [INFO] [qd_client] Logged in to QuantDinger
[2026-06-16 01:50:45] [INFO] [qd_client] Logged in to QuantDinger
[2026-06-16 01:51:00] [INFO] [main] ==================================================
[2026-06-16 01:51:00] [INFO] [main] Cycle 3 at 01:51:00
[2026-06-16 01:51:00] [WARNING] [main] MT5 disconnected, reconnecting...
[2026-06-16 01:51:01] [INFO] [qd_client] Logged in to QuantDinger
[2026-06-16 01:51:01] [INFO] [qd_client] MT5 connected
[2026-06-16 01:51:01] [INFO] [main] MT5 reconnected
[2026-06-16 01:51:27] [INFO] [news_fetcher] Fetched 9 relevant news items
[2026-06-16 01:51:27] [INFO] [main] Equity: 73516.00$ | News: 9
[2026-06-16 01:51:27] [INFO] [main] --- EURUSD ---
[2026-06-16 01:51:32] [INFO] [deepseek] AI analysis EURUSD: bias=bearish score=65.0 conf=0.70
[2026-06-16 01:51:32] [DEBUG] [signal_engine] Signal: SELL score=65.0 conf=0.70 valid=True
[2026-06-16 01:51:32] [INFO] [sentiment] Sentiment EURUSD: bearish score=88 bull=1 bear=3
[2026-06-16 01:51:32] [INFO] [mtf] MTF EURUSD: H4=bearish H1=bearish M15=bearish aligned=True (strong)
[2026-06-16 01:51:32] [INFO] [sltp] SL/TP EURUSD: entry=0 atr=0.00567 sl=0.00851 tp=-0.01418
[2026-06-16 01:51:32] [INFO] [position_sizing] Position size: 0.5 (equity=73516, risk=0.001, sl_dist=0.00851, score=66, cons_loss=0)
[2026-06-16 01:51:32] [DEBUG] [qd_client] Opening trade payload: EURUSD SELL volume=0.5
[2026-06-16 01:51:32] [ERROR] [qd_client] Trade failed: {'success': False, 'error': 'Order rejected: Unsupported filling mode'}
[2026-06-16 01:51:32] [DEBUG] [qd_client] Opening trade payload: EURUSD SELL volume=0.5
[2026-06-16 01:51:32] [ERROR] [qd_client] Trade failed: {'success': False, 'error': 'Order rejected: Unsupported filling mode'}
[2026-06-16 01:51:32] [DEBUG] [qd_client] Opening trade payload: EURUSD SELL volume=0.5
[2026-06-16 01:51:32] [ERROR] [qd_client] Trade failed: {'success': False, 'error': 'Order rejected: Unsupported filling mode'}
[2026-06-16 01:51:32] [ERROR] [main] Failed to open trade: EURUSD SELL
[2026-06-16 01:51:34] [INFO] [main] --- XAUUSD ---
[2026-06-16 01:51:37] [INFO] [deepseek] AI analysis XAUUSD: bias=bullish score=75.0 conf=0.70
[2026-06-16 01:51:37] [DEBUG] [signal_engine] Signal: BUY score=75.0 conf=0.70 valid=True
[2026-06-16 01:51:37] [INFO] [mtf] MTF XAUUSD: H4=bearish H1=bearish M15=bearish aligned=True (strong)
[2026-06-16 01:51:37] [INFO] [main] XAUUSD: SKIP - Score 42.5 < 65
[2026-06-16 01:51:37] [INFO] [main] --- GBPUSD ---
[2026-06-16 01:51:41] [INFO] [deepseek] AI analysis GBPUSD: bias=bearish score=65.0 conf=0.70
[2026-06-16 01:51:41] [DEBUG] [signal_engine] Signal: SELL score=65.0 conf=0.70 valid=True
[2026-06-16 01:51:41] [INFO] [sentiment] Sentiment GBPUSD: bearish score=100 bull=0 bear=1
[2026-06-16 01:51:41] [INFO] [mtf] MTF GBPUSD: H4=bearish H1=bearish M15=bearish aligned=True (strong)
[2026-06-16 01:51:41] [INFO] [sltp] SL/TP GBPUSD: entry=0 atr=0.00707 sl=0.01 tp=-0.01766
[2026-06-16 01:51:41] [INFO] [position_sizing] Position size: 0.5 (equity=73516, risk=0.001, sl_dist=0.01000, score=68, cons_loss=0)
[2026-06-16 01:51:41] [DEBUG] [qd_client] Opening trade payload: GBPUSD SELL volume=0.5
[2026-06-16 01:51:41] [ERROR] [qd_client] Trade failed: {'success': False, 'error': 'Order rejected: Unsupported filling mode'}
[2026-06-16 01:51:41] [DEBUG] [qd_client] Opening trade payload: GBPUSD SELL volume=0.5
[2026-06-16 01:51:41] [ERROR] [qd_client] Trade failed: {'success': False, 'error': 'Order rejected: Unsupported filling mode'}
[2026-06-16 01:51:41] [DEBUG] [qd_client] Opening trade payload: GBPUSD SELL volume=0.5
[2026-06-16 01:51:41] [ERROR] [qd_client] Trade failed: {'success': False, 'error': 'Order rejected: Unsupported filling mode'}
[2026-06-16 01:51:41] [ERROR] [main] Failed to open trade: GBPUSD SELL
[2026-06-16 01:51:42] [INFO] [qd_client] Logged in to QuantDinger
[2026-06-16 01:51:42] [INFO] [main] Sleeping 1800s...
[2026-06-16 01:51:45] [INFO] [qd_client] Logged in to QuantDinger
[2026-06-16 01:52:39] [INFO] [qd_client] Logged in to QuantDinger
[2026-06-16 01:52:42] [WARNING] [mt5_watchdog] MT5 disconnected! Attempt 1/3
[2026-06-16 01:52:43] [INFO] [qd_client] Logged in to QuantDinger
[2026-06-16 01:52:43] [INFO] [qd_client] Logged in to QuantDinger
[2026-06-16 01:52:43] [INFO] [mt5_watchdog] MT5 already connected
[2026-06-16 01:52:43] [INFO] [mt5_watchdog] MT5 reconnected successfully!
[2026-06-16 01:52:46] [WARNING] [mt5_watchdog] MT5 disconnected! Attempt 1/3
[2026-06-16 01:52:46] [INFO] [qd_client] Logged in to QuantDinger
[2026-06-16 01:52:48] [INFO] [qd_client] Logged in to QuantDinger
[2026-06-16 01:52:48] [INFO] [mt5_watchdog] MT5 already connected
[2026-06-16 01:52:48] [INFO] [mt5_watchdog] MT5 reconnected successfully!
[2026-06-16 01:53:39] [WARNING] [mt5_watchdog] MT5 disconnected! Attempt 1/3
[2026-06-16 01:53:40] [INFO] [qd_client] Logged in to QuantDinger
[2026-06-16 01:53:41] [INFO] [qd_client] Logged in to QuantDinger
[2026-06-16 01:53:41] [INFO] [mt5_watchdog] MT5 already connected
[2026-06-16 01:53:41] [INFO] [mt5_watchdog] MT5 reconnected successfully!
[2026-06-16 01:53:44] [INFO] [qd_client] Logged in to QuantDinger
[2026-06-16 01:53:46] [INFO] [qd_client] Logged in to QuantDinger
[2026-06-16 01:54:36] [INFO] [qd_client] Logged in to QuantDinger
[2026-06-16 01:54:40] [INFO] [qd_client] Logged in to QuantDinger
[2026-06-16 01:54:44] [WARNING] [mt5_watchdog] MT5 disconnected! Attempt 1/3
[2026-06-16 01:54:44] [INFO] [qd_client] Logged in to QuantDinger
[2026-06-16 01:54:45] [INFO] [qd_client] Logged in to QuantDinger
[2026-06-16 01:54:45] [INFO] [mt5_watchdog] MT5 already connected
[2026-06-16 01:54:45] [INFO] [mt5_watchdog] MT5 reconnected successfully!
[2026-06-16 01:54:47] [INFO] [qd_client] Logged in to QuantDinger
[2026-06-16 01:55:41] [INFO] [qd_client] Logged in to QuantDinger
[2026-06-16 01:55:45] [INFO] [qd_client] Logged in to QuantDinger
[2026-06-16 01:55:47] [INFO] [qd_client] Logged in to QuantDinger
[2026-06-16 01:56:41] [INFO] [qd_client] Logged in to QuantDinger
[2026-06-16 01:56:45] [INFO] [qd_client] Logged in to QuantDinger
[2026-06-16 01:56:48] [INFO] [qd_client] Logged in to QuantDinger
[2026-06-16 01:57:42] [INFO] [qd_client] Logged in to QuantDinger
[2026-06-16 01:57:46] [INFO] [qd_client] Logged in to QuantDinger
[2026-06-16 01:57:48] [INFO] [qd_client] Logged in to QuantDinger
[2026-06-16 01:58:42] [INFO] [qd_client] Logged in to QuantDinger
[2026-06-16 01:58:46] [WARNING] [mt5_watchdog] MT5 disconnected! Attempt 1/3
[2026-06-16 01:58:46] [INFO] [qd_client] Logged in to QuantDinger
[2026-06-16 01:58:47] [INFO] [qd_client] Logged in to QuantDinger
[2026-06-16 01:58:47] [INFO] [mt5_watchdog] MT5 already connected
[2026-06-16 01:58:47] [INFO] [mt5_watchdog] MT5 reconnected successfully!
[2026-06-16 01:58:49] [INFO] [qd_client] Logged in to QuantDinger
[2026-06-16 01:59:43] [WARNING] [mt5_watchdog] MT5 disconnected! Attempt 1/3
[2026-06-16 01:59:43] [INFO] [qd_client] Logged in to QuantDinger
[2026-06-16 01:59:44] [INFO] [qd_client] Logged in to QuantDinger
[2026-06-16 01:59:44] [INFO] [mt5_watchdog] MT5 already connected
[2026-06-16 01:59:44] [INFO] [mt5_watchdog] MT5 reconnected successfully!
[2026-06-16 01:59:47] [INFO] [qd_client] Logged in to QuantDinger
[2026-06-16 01:59:49] [INFO] [qd_client] Logged in to QuantDinger
[2026-06-16 01:59:56] [INFO] [main] ==================================================
[2026-06-16 01:59:56] [INFO] [main] Cycle 2 at 01:59:56
[2026-06-16 02:00:01] [INFO] [news_fetcher] Fetched 11 relevant news items
[2026-06-16 02:00:01] [INFO] [main] Equity: 73516.00$ | News: 11
[2026-06-16 02:00:01] [INFO] [main] --- EURUSD ---
[2026-06-16 02:00:05] [INFO] [deepseek] AI analysis EURUSD: bias=neutral score=35.0 conf=0.40
[2026-06-16 02:00:05] [DEBUG] [signal_engine] Signal: NEUTRAL score=35.0 conf=0.40 valid=False
[2026-06-16 02:00:05] [INFO] [sentiment] Sentiment EURUSD: bearish score=100 bull=0 bear=1
[2026-06-16 02:00:06] [INFO] [mtf] MTF EURUSD: H4=bearish H1=bearish M15=bearish aligned=True (strong)
[2026-06-16 02:00:06] [INFO] [main] --- XAUUSD ---
[2026-06-16 02:00:10] [INFO] [deepseek] AI analysis XAUUSD: bias=bullish score=55.0 conf=0.60
[2026-06-16 02:00:10] [DEBUG] [signal_engine] Signal: BUY score=55.0 conf=0.60 valid=True
[2026-06-16 02:00:11] [INFO] [mtf] MTF XAUUSD: H4=bearish H1=bearish M15=bearish aligned=True (strong)
[2026-06-16 02:00:11] [INFO] [main] XAUUSD: SKIP - Score 38.6 < 65
[2026-06-16 02:00:11] [INFO] [main] --- GBPUSD ---
[2026-06-16 02:00:15] [INFO] [deepseek] AI analysis GBPUSD: bias=neutral score=45.0 conf=0.40
[2026-06-16 02:00:15] [DEBUG] [signal_engine] Signal: NEUTRAL score=45.0 conf=0.40 valid=False
[2026-06-16 02:00:15] [INFO] [mtf] MTF GBPUSD: H4=bullish H1=bearish M15=bearish aligned=True (weak)
[2026-06-16 02:00:15] [INFO] [main] Sleeping 1800s...
[2026-06-16 02:00:44] [INFO] [qd_client] Logged in to QuantDinger
[2026-06-16 02:00:47] [INFO] [qd_client] Logged in to QuantDinger
[2026-06-16 02:00:49] [WARNING] [mt5_watchdog] MT5 disconnected! Attempt 1/3
[2026-06-16 02:00:50] [INFO] [qd_client] Logged in to QuantDinger
[2026-06-16 02:00:51] [INFO] [qd_client] Logged in to QuantDinger
[2026-06-16 02:00:51] [INFO] [mt5_watchdog] MT5 already connected
[2026-06-16 02:00:51] [INFO] [mt5_watchdog] MT5 reconnected successfully!
[2026-06-16 02:01:44] [INFO] [qd_client] Logged in to QuantDinger
[2026-06-16 02:01:48] [INFO] [qd_client] Logged in to QuantDinger
[2026-06-16 02:01:51] [INFO] [qd_client] Logged in to QuantDinger
[2026-06-16 02:02:45] [INFO] [qd_client] Logged in to QuantDinger
[2026-06-16 02:02:48] [WARNING] [mt5_watchdog] MT5 disconnected! Attempt 1/3
[2026-06-16 02:02:48] [INFO] [qd_client] Logged in to QuantDinger
[2026-06-16 02:02:49] [INFO] [qd_client] Logged in to QuantDinger
[2026-06-16 02:02:49] [INFO] [mt5_watchdog] MT5 already connected
[2026-06-16 02:02:49] [INFO] [mt5_watchdog] MT5 reconnected successfully!
[2026-06-16 02:02:51] [INFO] [qd_client] Logged in to QuantDinger
[2026-06-16 02:03:45] [INFO] [qd_client] Logged in to QuantDinger
[2026-06-16 02:03:49] [INFO] [qd_client] Logged in to QuantDinger
[2026-06-16 02:03:52] [INFO] [qd_client] Logged in to QuantDinger
[2026-06-16 02:04:46] [INFO] [qd_client] Logged in to QuantDinger
[2026-06-16 02:04:49] [INFO] [qd_client] Logged in to QuantDinger
[2026-06-16 02:04:52] [INFO] [qd_client] Logged in to QuantDinger
[2026-06-16 02:05:33] [INFO] [qd_client] Logged in to QuantDinger
[2026-06-16 02:05:50] [INFO] [qd_client] Logged in to QuantDinger
[2026-06-16 02:05:53] [INFO] [qd_client] Logged in to QuantDinger
[2026-06-16 02:06:46] [INFO] [qd_client] Logged in to QuantDinger
[2026-06-16 02:06:50] [WARNING] [mt5_watchdog] MT5 disconnected! Attempt 1/3
[2026-06-16 02:06:50] [INFO] [qd_client] Logged in to QuantDinger
[2026-06-16 02:06:51] [INFO] [qd_client] Logged in to QuantDinger
[2026-06-16 02:06:51] [INFO] [mt5_watchdog] MT5 already connected
[2026-06-16 02:06:51] [INFO] [mt5_watchdog] MT5 reconnected successfully!
[2026-06-16 02:06:53] [WARNING] [mt5_watchdog] MT5 disconnected! Attempt 1/3
[2026-06-16 02:06:53] [INFO] [qd_client] Logged in to QuantDinger
[2026-06-16 02:06:54] [INFO] [qd_client] Logged in to QuantDinger
[2026-06-16 02:06:54] [INFO] [mt5_watchdog] MT5 already connected
[2026-06-16 02:06:54] [INFO] [mt5_watchdog] MT5 reconnected successfully!
[2026-06-16 02:07:46] [WARNING] [mt5_watchdog] MT5 disconnected! Attempt 1/3
[2026-06-16 02:07:47] [INFO] [qd_client] Logged in to QuantDinger
[2026-06-16 02:07:47] [INFO] [qd_client] Logged in to QuantDinger
[2026-06-16 02:07:47] [INFO] [mt5_watchdog] MT5 already connected
[2026-06-16 02:07:47] [INFO] [mt5_watchdog] MT5 reconnected successfully!
[2026-06-16 02:07:51] [INFO] [qd_client] Logged in to QuantDinger
[2026-06-16 02:07:54] [INFO] [qd_client] Logged in to QuantDinger
[2026-06-16 02:08:47] [INFO] [qd_client] Logged in to QuantDinger
[2026-06-16 02:08:51] [INFO] [qd_client] Logged in to QuantDinger
[2026-06-16 02:08:54] [INFO] [qd_client] Logged in to QuantDinger
[2026-06-16 02:09:38] [INFO] [qd_client] Logged in to QuantDinger
[2026-06-16 02:09:48] [INFO] [qd_client] Logged in to QuantDinger
[2026-06-16 02:09:52] [INFO] [qd_client] Logged in to QuantDinger
[2026-06-16 02:09:55] [INFO] [qd_client] Logged in to QuantDinger
[2026-06-16 02:09:56] [INFO] [main] ==================================================
[2026-06-16 02:09:56] [INFO] [main] Cycle 2 at 02:09:56
[2026-06-16 02:09:56] [WARNING] [main] MT5 disconnected, reconnecting...
[2026-06-16 02:09:57] [INFO] [qd_client] Logged in to QuantDinger
[2026-06-16 02:09:57] [INFO] [qd_client] MT5 connected
[2026-06-16 02:09:57] [INFO] [main] MT5 reconnected
[2026-06-16 02:10:02] [INFO] [news_fetcher] Fetched 11 relevant news items
[2026-06-16 02:10:02] [INFO] [main] Equity: 73516.00$ | News: 11
[2026-06-16 02:10:02] [INFO] [main] --- EURUSD ---
[2026-06-16 02:10:05] [INFO] [deepseek] AI analysis EURUSD: bias=neutral score=45.0 conf=0.40
[2026-06-16 02:10:05] [DEBUG] [signal_engine] Signal: NEUTRAL score=45.0 conf=0.40 valid=False
[2026-06-16 02:10:05] [INFO] [sentiment] Sentiment EURUSD: bearish score=100 bull=0 bear=1
[2026-06-16 02:10:05] [INFO] [mtf] MTF EURUSD: H4=bearish H1=bearish M15=bearish aligned=True (strong)
[2026-06-16 02:10:05] [INFO] [main] --- XAUUSD ---
[2026-06-16 02:10:08] [INFO] [deepseek] AI analysis XAUUSD: bias=neutral score=45.0 conf=0.40
[2026-06-16 02:10:08] [DEBUG] [signal_engine] Signal: NEUTRAL score=45.0 conf=0.40 valid=False
[2026-06-16 02:10:09] [INFO] [mtf] MTF XAUUSD: H4=bearish H1=bearish M15=bearish aligned=True (strong)
[2026-06-16 02:10:09] [INFO] [main] --- GBPUSD ---
[2026-06-16 02:10:12] [INFO] [deepseek] AI analysis GBPUSD: bias=bearish score=65.0 conf=0.70
[2026-06-16 02:10:12] [DEBUG] [signal_engine] Signal: SELL score=65.0 conf=0.70 valid=True
[2026-06-16 02:10:13] [INFO] [mtf] MTF GBPUSD: H4=bearish H1=bearish M15=bearish aligned=True (strong)
[2026-06-16 02:10:13] [INFO] [main] GBPUSD: SKIP - Score 61.6 < 65
[2026-06-16 02:10:13] [INFO] [main] Sleeping 1800s...
[2026-06-16 02:10:48] [INFO] [qd_client] Logged in to QuantDinger
[2026-06-16 02:10:52] [WARNING] [mt5_watchdog] MT5 disconnected! Attempt 1/3
[2026-06-16 02:10:52] [INFO] [qd_client] Logged in to QuantDinger
[2026-06-16 02:10:53] [INFO] [qd_client] Logged in to QuantDinger
[2026-06-16 02:10:53] [INFO] [mt5_watchdog] MT5 already connected
[2026-06-16 02:10:53] [INFO] [mt5_watchdog] MT5 reconnected successfully!
[2026-06-16 02:10:55] [INFO] [qd_client] Logged in to QuantDinger
[2026-06-16 02:11:49] [WARNING] [mt5_watchdog] MT5 disconnected! Attempt 1/3
[2026-06-16 02:11:49] [INFO] [qd_client] Logged in to QuantDinger
[2026-06-16 02:11:50] [INFO] [qd_client] Logged in to QuantDinger
[2026-06-16 02:11:50] [INFO] [mt5_watchdog] MT5 already connected
[2026-06-16 02:11:50] [INFO] [mt5_watchdog] MT5 reconnected successfully!
[2026-06-16 02:11:53] [INFO] [qd_client] Logged in to QuantDinger
[2026-06-16 02:11:56] [INFO] [qd_client] Logged in to QuantDinger
[2026-06-16 02:12:50] [INFO] [qd_client] Logged in to QuantDinger
[2026-06-16 02:12:53] [INFO] [qd_client] Logged in to QuantDinger
[2026-06-16 02:12:56] [WARNING] [mt5_watchdog] MT5 disconnected! Attempt 1/3
[2026-06-16 02:12:56] [INFO] [qd_client] Logged in to QuantDinger
[2026-06-16 02:12:58] [INFO] [qd_client] Logged in to QuantDinger
[2026-06-16 02:12:58] [INFO] [mt5_watchdog] MT5 already connected
[2026-06-16 02:12:58] [INFO] [mt5_watchdog] MT5 reconnected successfully!
[2026-06-16 02:13:50] [INFO] [qd_client] Logged in to QuantDinger
[2026-06-16 02:13:54] [INFO] [qd_client] Logged in to QuantDinger
[2026-06-16 02:13:57] [INFO] [qd_client] Logged in to QuantDinger
[2026-06-16 02:14:51] [INFO] [qd_client] Logged in to QuantDinger
[2026-06-16 02:14:54] [WARNING] [mt5_watchdog] MT5 disconnected! Attempt 1/3
[2026-06-16 02:14:55] [INFO] [qd_client] Logged in to QuantDinger
[2026-06-16 02:14:55] [INFO] [qd_client] Logged in to QuantDinger
[2026-06-16 02:14:55] [INFO] [mt5_watchdog] MT5 already connected
[2026-06-16 02:14:55] [INFO] [mt5_watchdog] MT5 reconnected successfully!
[2026-06-16 02:14:57] [INFO] [qd_client] Logged in to QuantDinger
[2026-06-16 02:15:51] [INFO] [qd_client] Logged in to QuantDinger
[2026-06-16 02:15:55] [INFO] [qd_client] Logged in to QuantDinger
[2026-06-16 02:15:58] [INFO] [qd_client] Logged in to QuantDinger
[2026-06-16 02:16:52] [INFO] [qd_client] Logged in to QuantDinger
[2026-06-16 02:16:56] [INFO] [qd_client] Logged in to QuantDinger
[2026-06-16 02:16:59] [INFO] [qd_client] Logged in to QuantDinger
[2026-06-16 02:17:51] [WARNING] [mt5_watchdog] MT5 disconnected! Attempt 1/3
[2026-06-16 02:17:52] [INFO] [qd_client] Logged in to QuantDinger
[2026-06-16 02:17:53] [INFO] [qd_client] Logged in to QuantDinger
[2026-06-16 02:17:53] [INFO] [mt5_watchdog] MT5 already connected
[2026-06-16 02:17:53] [INFO] [mt5_watchdog] MT5 reconnected successfully!
[2026-06-16 02:17:56] [INFO] [qd_client] Logged in to QuantDinger
[2026-06-16 02:17:59] [INFO] [qd_client] Logged in to QuantDinger
[2026-06-16 02:18:53] [INFO] [qd_client] Logged in to QuantDinger
[2026-06-16 02:18:56] [WARNING] [mt5_watchdog] MT5 disconnected! Attempt 1/3
[2026-06-16 02:18:57] [INFO] [qd_client] Logged in to QuantDinger
[2026-06-16 02:18:57] [INFO] [qd_client] Logged in to QuantDinger
[2026-06-16 02:18:57] [INFO] [mt5_watchdog] MT5 already connected
[2026-06-16 02:18:57] [INFO] [mt5_watchdog] MT5 reconnected successfully!
[2026-06-16 02:18:59] [WARNING] [mt5_watchdog] MT5 disconnected! Attempt 1/3
[2026-06-16 02:19:00] [INFO] [qd_client] Logged in to QuantDinger
[2026-06-16 02:19:01] [INFO] [qd_client] Logged in to QuantDinger
[2026-06-16 02:19:01] [INFO] [mt5_watchdog] MT5 already connected
[2026-06-16 02:19:01] [INFO] [mt5_watchdog] MT5 reconnected successfully!
[2026-06-16 02:19:53] [INFO] [qd_client] Logged in to QuantDinger
[2026-06-16 02:19:57] [INFO] [qd_client] Logged in to QuantDinger
[2026-06-16 02:20:00] [INFO] [qd_client] Logged in to QuantDinger
[2026-06-16 02:20:34] [INFO] [qd_client] Logged in to QuantDinger
[2026-06-16 02:20:58] [INFO] [qd_client] Logged in to QuantDinger
[2026-06-16 02:21:01] [INFO] [qd_client] Logged in to QuantDinger
[2026-06-16 02:21:42] [INFO] [main] ==================================================
[2026-06-16 02:21:42] [INFO] [main] Cycle 4 at 02:21:42
[2026-06-16 02:21:42] [WARNING] [main] MT5 disconnected, reconnecting...
[2026-06-16 02:21:43] [INFO] [qd_client] Logged in to QuantDinger
[2026-06-16 02:21:43] [INFO] [qd_client] MT5 connected
[2026-06-16 02:21:43] [INFO] [main] MT5 reconnected
[2026-06-16 02:21:48] [INFO] [news_fetcher] Fetched 11 relevant news items
[2026-06-16 02:21:48] [INFO] [main] Equity: 73516.00$ | News: 11
[2026-06-16 02:21:48] [INFO] [main] --- EURUSD ---
[2026-06-16 02:21:52] [INFO] [deepseek] AI analysis EURUSD: bias=neutral score=45.0 conf=0.40
[2026-06-16 02:21:52] [DEBUG] [signal_engine] Signal: NEUTRAL score=45.0 conf=0.40 valid=False
[2026-06-16 02:21:52] [INFO] [sentiment] Sentiment EURUSD: bearish score=100 bull=0 bear=1
[2026-06-16 02:21:52] [INFO] [mtf] MTF EURUSD: H4=bearish H1=bearish M15=bearish aligned=True (strong)
[2026-06-16 02:21:52] [INFO] [main] --- XAUUSD ---
[2026-06-16 02:21:56] [INFO] [deepseek] AI analysis XAUUSD: bias=neutral score=45.0 conf=0.40
[2026-06-16 02:21:56] [DEBUG] [signal_engine] Signal: NEUTRAL score=45.0 conf=0.40 valid=False
[2026-06-16 02:21:57] [INFO] [mtf] MTF XAUUSD: H4=bearish H1=bearish M15=bearish aligned=True (strong)
[2026-06-16 02:21:57] [INFO] [main] --- GBPUSD ---
[2026-06-16 02:21:58] [INFO] [qd_client] Logged in to QuantDinger
[2026-06-16 02:22:00] [INFO] [deepseek] AI analysis GBPUSD: bias=neutral score=35.0 conf=0.40
[2026-06-16 02:22:00] [DEBUG] [signal_engine] Signal: NEUTRAL score=35.0 conf=0.40 valid=False
[2026-06-16 02:22:01] [INFO] [mtf] MTF GBPUSD: H4=bearish H1=bearish M15=bearish aligned=True (strong)
[2026-06-16 02:22:01] [INFO] [main] Sleeping 1800s...
[2026-06-16 02:22:01] [INFO] [qd_client] Logged in to QuantDinger
[2026-06-16 02:22:54] [INFO] [qd_client] Logged in to QuantDinger
[2026-06-16 02:22:58] [WARNING] [mt5_watchdog] MT5 disconnected! Attempt 1/3
[2026-06-16 02:22:59] [INFO] [qd_client] Logged in to QuantDinger
[2026-06-16 02:22:59] [INFO] [qd_client] Logged in to QuantDinger
[2026-06-16 02:22:59] [INFO] [mt5_watchdog] MT5 already connected
[2026-06-16 02:22:59] [INFO] [mt5_watchdog] MT5 reconnected successfully!
[2026-06-16 02:23:02] [INFO] [qd_client] Logged in to QuantDinger
[2026-06-16 02:23:54] [WARNING] [mt5_watchdog] MT5 disconnected! Attempt 1/3
[2026-06-16 02:23:55] [INFO] [qd_client] Logged in to QuantDinger
[2026-06-16 02:23:56] [INFO] [qd_client] Logged in to QuantDinger
[2026-06-16 02:23:56] [INFO] [mt5_watchdog] MT5 already connected
[2026-06-16 02:23:56] [INFO] [mt5_watchdog] MT5 reconnected successfully!
[2026-06-16 02:24:00] [INFO] [qd_client] Logged in to QuantDinger
[2026-06-16 02:24:02] [INFO] [qd_client] Logged in to QuantDinger
[2026-06-16 02:24:39] [INFO] [qd_client] Logged in to QuantDinger
[2026-06-16 02:24:55] [INFO] [qd_client] Logged in to QuantDinger
[2026-06-16 02:25:00] [WARNING] [mt5_watchdog] MT5 disconnected! Attempt 1/3
[2026-06-16 02:25:00] [INFO] [qd_client] Logged in to QuantDinger
[2026-06-16 02:25:01] [INFO] [qd_client] Logged in to QuantDinger
[2026-06-16 02:25:01] [INFO] [mt5_watchdog] MT5 already connected
[2026-06-16 02:25:01] [INFO] [mt5_watchdog] MT5 reconnected successfully!
[2026-06-16 02:25:03] [WARNING] [mt5_watchdog] MT5 disconnected! Attempt 1/3
[2026-06-16 02:25:03] [INFO] [qd_client] Logged in to QuantDinger
[2026-06-16 02:25:04] [INFO] [qd_client] Logged in to QuantDinger
[2026-06-16 02:25:05] [INFO] [mt5_watchdog] MT5 already connected
[2026-06-16 02:25:05] [INFO] [mt5_watchdog] MT5 reconnected successfully!
[2026-06-16 02:25:56] [INFO] [qd_client] Logged in to QuantDinger
[2026-06-16 02:26:01] [INFO] [qd_client] Logged in to QuantDinger
[2026-06-16 02:26:04] [INFO] [qd_client] Logged in to QuantDinger
[2026-06-16 02:26:56] [INFO] [qd_client] Logged in to QuantDinger
[2026-06-16 02:27:01] [INFO] [qd_client] Logged in to QuantDinger
[2026-06-16 02:27:04] [INFO] [qd_client] Logged in to QuantDinger
[2026-06-16 02:27:57] [INFO] [qd_client] Logged in to QuantDinger
[2026-06-16 02:28:02] [INFO] [qd_client] Logged in to QuantDinger
[2026-06-16 02:28:05] [INFO] [qd_client] Logged in to QuantDinger
[2026-06-16 02:28:57] [INFO] [qd_client] Logged in to QuantDinger
[2026-06-16 02:29:02] [WARNING] [mt5_watchdog] MT5 disconnected! Attempt 1/3
[2026-06-16 02:29:02] [INFO] [qd_client] Logged in to QuantDinger
[2026-06-16 02:29:03] [INFO] [qd_client] Logged in to QuantDinger
[2026-06-16 02:29:03] [INFO] [mt5_watchdog] MT5 already connected
[2026-06-16 02:29:03] [INFO] [mt5_watchdog] MT5 reconnected successfully!
[2026-06-16 02:29:05] [INFO] [qd_client] Logged in to QuantDinger
[2026-06-16 02:29:57] [WARNING] [mt5_watchdog] MT5 disconnected! Attempt 1/3
[2026-06-16 02:29:58] [INFO] [qd_client] Logged in to QuantDinger
[2026-06-16 02:29:59] [INFO] [qd_client] Logged in to QuantDinger
[2026-06-16 02:29:59] [INFO] [mt5_watchdog] MT5 already connected
[2026-06-16 02:29:59] [INFO] [mt5_watchdog] MT5 reconnected successfully!
[2026-06-16 02:30:03] [INFO] [qd_client] Logged in to QuantDinger
[2026-06-16 02:30:06] [INFO] [qd_client] Logged in to QuantDinger
[2026-06-16 02:30:15] [INFO] [main] ==================================================
[2026-06-16 02:30:15] [INFO] [main] Cycle 3 at 02:30:15
[2026-06-16 02:30:20] [INFO] [news_fetcher] Fetched 11 relevant news items
[2026-06-16 02:30:21] [INFO] [main] Equity: 73516.00$ | News: 11
[2026-06-16 02:30:21] [INFO] [main] --- EURUSD ---
[2026-06-16 02:30:25] [INFO] [deepseek] AI analysis EURUSD: bias=bearish score=55.0 conf=0.65
[2026-06-16 02:30:25] [DEBUG] [signal_engine] Signal: SELL score=55.0 conf=0.65 valid=True
[2026-06-16 02:30:25] [INFO] [sentiment] Sentiment EURUSD: bearish score=100 bull=0 bear=1
[2026-06-16 02:30:25] [INFO] [mtf] MTF EURUSD: H4=bearish H1=bearish M15=bearish aligned=True (strong)
[2026-06-16 02:30:25] [INFO] [main] EURUSD: SKIP - Score 64.7 < 65
[2026-06-16 02:30:25] [INFO] [main] --- XAUUSD ---
[2026-06-16 02:30:29] [INFO] [deepseek] AI analysis XAUUSD: bias=neutral score=45.0 conf=0.40
[2026-06-16 02:30:29] [DEBUG] [signal_engine] Signal: NEUTRAL score=45.0 conf=0.40 valid=False
[2026-06-16 02:30:30] [INFO] [mtf] MTF XAUUSD: H4=bearish H1=bearish M15=bearish aligned=True (strong)
[2026-06-16 02:30:30] [INFO] [main] --- GBPUSD ---
[2026-06-16 02:30:34] [INFO] [deepseek] AI analysis GBPUSD: bias=bearish score=65.0 conf=0.70
[2026-06-16 02:30:34] [DEBUG] [signal_engine] Signal: SELL score=65.0 conf=0.70 valid=True
[2026-06-16 02:30:35] [INFO] [mtf] MTF GBPUSD: H4=bearish H1=bearish M15=bearish aligned=True (strong)
[2026-06-16 02:30:35] [INFO] [main] GBPUSD: SKIP - Score 61.6 < 65
[2026-06-16 02:30:35] [INFO] [main] Sleeping 1800s...
[2026-06-16 02:30:58] [INFO] [qd_client] Logged in to QuantDinger
[2026-06-16 02:31:03] [INFO] [qd_client] Logged in to QuantDinger
[2026-06-16 02:31:06] [WARNING] [mt5_watchdog] MT5 disconnected! Attempt 1/3
[2026-06-16 02:31:06] [INFO] [qd_client] Logged in to QuantDinger
[2026-06-16 02:31:08] [INFO] [qd_client] Logged in to QuantDinger
[2026-06-16 02:31:08] [INFO] [mt5_watchdog] MT5 already connected
[2026-06-16 02:31:08] [INFO] [mt5_watchdog] MT5 reconnected successfully!
[2026-06-16 02:31:59] [INFO] [qd_client] Logged in to QuantDinger
[2026-06-16 02:32:04] [INFO] [qd_client] Logged in to QuantDinger
[2026-06-16 02:32:07] [INFO] [qd_client] Logged in to QuantDinger
[2026-06-16 02:33:00] [INFO] [qd_client] Logged in to QuantDinger
[2026-06-16 02:33:04] [WARNING] [mt5_watchdog] MT5 disconnected! Attempt 1/3
[2026-06-16 02:33:04] [INFO] [qd_client] Logged in to QuantDinger
[2026-06-16 02:33:05] [INFO] [qd_client] Logged in to QuantDinger
[2026-06-16 02:33:05] [INFO] [mt5_watchdog] MT5 already connected
[2026-06-16 02:33:05] [INFO] [mt5_watchdog] MT5 reconnected successfully!
[2026-06-16 02:33:07] [INFO] [qd_client] Logged in to QuantDinger
[2026-06-16 02:34:00] [INFO] [qd_client] Logged in to QuantDinger
[2026-06-16 02:34:05] [INFO] [qd_client] Logged in to QuantDinger
[2026-06-16 02:34:08] [INFO] [qd_client] Logged in to QuantDinger
[2026-06-16 02:35:01] [INFO] [qd_client] Logged in to QuantDinger
[2026-06-16 02:35:06] [INFO] [qd_client] Logged in to QuantDinger
[2026-06-16 02:35:08] [INFO] [qd_client] Logged in to QuantDinger
[2026-06-16 02:35:36] [INFO] [qd_client] Logged in to QuantDinger
[2026-06-16 02:36:06] [INFO] [qd_client] Logged in to QuantDinger
[2026-06-16 02:36:09] [INFO] [qd_client] Logged in to QuantDinger
[2026-06-16 02:37:01] [INFO] [qd_client] Logged in to QuantDinger
[2026-06-16 02:37:06] [WARNING] [mt5_watchdog] MT5 disconnected! Attempt 1/3
[2026-06-16 02:37:07] [INFO] [qd_client] Logged in to QuantDinger
[2026-06-16 02:37:07] [INFO] [qd_client] Logged in to QuantDinger
[2026-06-16 02:37:07] [INFO] [mt5_watchdog] MT5 already connected
[2026-06-16 02:37:07] [INFO] [mt5_watchdog] MT5 reconnected successfully!
[2026-06-16 02:37:10] [INFO] [qd_client] Logged in to QuantDinger
[2026-06-16 02:38:00] [WARNING] [mt5_watchdog] MT5 disconnected! Attempt 1/3
[2026-06-16 02:38:02] [INFO] [qd_client] Logged in to QuantDinger
[2026-06-16 02:38:02] [ERROR] [reconciliation] Reconciliation error: object of type 'NoneType' has no len()
[2026-06-16 02:38:02] [INFO] [qd_client] Logged in to QuantDinger
[2026-06-16 02:38:02] [INFO] [mt5_watchdog] MT5 already connected
[2026-06-16 02:38:02] [INFO] [mt5_watchdog] MT5 reconnected successfully!
[2026-06-16 02:38:07] [INFO] [qd_client] Logged in to QuantDinger
[2026-06-16 02:38:10] [INFO] [qd_client] Logged in to QuantDinger
[2026-06-16 02:39:03] [INFO] [qd_client] Logged in to QuantDinger
[2026-06-16 02:39:08] [INFO] [qd_client] Logged in to QuantDinger
[2026-06-16 02:39:10] [WARNING] [mt5_watchdog] MT5 disconnected! Attempt 1/3
[2026-06-16 02:39:11] [INFO] [qd_client] Logged in to QuantDinger
[2026-06-16 02:39:11] [INFO] [qd_client] Logged in to QuantDinger
[2026-06-16 02:39:11] [INFO] [mt5_watchdog] MT5 already connected
[2026-06-16 02:39:11] [INFO] [mt5_watchdog] MT5 reconnected successfully!
[2026-06-16 02:39:40] [INFO] [qd_client] Logged in to QuantDinger
[2026-06-16 02:40:03] [INFO] [qd_client] Logged in to QuantDinger
[2026-06-16 02:40:08] [INFO] [qd_client] Logged in to QuantDinger
[2026-06-16 02:40:11] [INFO] [qd_client] Logged in to QuantDinger
[2026-06-16 02:40:13] [INFO] [main] ==================================================
[2026-06-16 02:40:13] [INFO] [main] Cycle 3 at 02:40:13
[2026-06-16 02:40:13] [WARNING] [main] MT5 disconnected, reconnecting...
[2026-06-16 02:40:13] [INFO] [qd_client] Logged in to QuantDinger
[2026-06-16 02:40:13] [INFO] [qd_client] MT5 connected
[2026-06-16 02:40:13] [INFO] [main] MT5 reconnected
[2026-06-16 02:40:17] [INFO] [news_fetcher] Fetched 11 relevant news items
[2026-06-16 02:40:17] [INFO] [main] Equity: 73516.00$ | News: 11
[2026-06-16 02:40:17] [INFO] [main] --- EURUSD ---
[2026-06-16 02:40:21] [INFO] [deepseek] AI analysis EURUSD: bias=neutral score=45.0 conf=0.40
[2026-06-16 02:40:21] [DEBUG] [signal_engine] Signal: NEUTRAL score=45.0 conf=0.40 valid=False
[2026-06-16 02:40:21] [INFO] [sentiment] Sentiment EURUSD: bearish score=100 bull=0 bear=1
[2026-06-16 02:40:21] [INFO] [mtf] MTF EURUSD: H4=bearish H1=bearish M15=bearish aligned=True (strong)
[2026-06-16 02:40:21] [INFO] [main] --- XAUUSD ---
[2026-06-16 02:40:25] [INFO] [deepseek] AI analysis XAUUSD: bias=bullish score=55.0 conf=0.60
[2026-06-16 02:40:25] [DEBUG] [signal_engine] Signal: BUY score=55.0 conf=0.60 valid=True
[2026-06-16 02:40:25] [INFO] [mtf] MTF XAUUSD: H4=bearish H1=bearish M15=bearish aligned=True (strong)
[2026-06-16 02:40:25] [INFO] [main] XAUUSD: SKIP - Score 38.6 < 65
[2026-06-16 02:40:25] [INFO] [main] --- GBPUSD ---
[2026-06-16 02:40:30] [INFO] [deepseek] AI analysis GBPUSD: bias=bearish score=65.0 conf=0.70
[2026-06-16 02:40:30] [DEBUG] [signal_engine] Signal: SELL score=65.0 conf=0.70 valid=True
[2026-06-16 02:40:31] [INFO] [mtf] MTF GBPUSD: H4=bearish H1=bearish M15=bearish aligned=True (strong)
[2026-06-16 02:40:31] [INFO] [main] GBPUSD: SKIP - Score 61.6 < 65
[2026-06-16 02:40:31] [INFO] [main] Sleeping 1800s...
[2026-06-16 02:41:04] [INFO] [qd_client] Logged in to QuantDinger
[2026-06-16 02:41:08] [WARNING] [mt5_watchdog] MT5 disconnected! Attempt 1/3
[2026-06-16 02:41:09] [INFO] [qd_client] Logged in to QuantDinger
[2026-06-16 02:41:09] [INFO] [qd_client] Logged in to QuantDinger
[2026-06-16 02:41:09] [INFO] [mt5_watchdog] MT5 already connected
[2026-06-16 02:41:09] [INFO] [mt5_watchdog] MT5 reconnected successfully!
[2026-06-16 02:41:12] [INFO] [qd_client] Logged in to QuantDinger
[2026-06-16 02:42:03] [WARNING] [mt5_watchdog] MT5 disconnected! Attempt 1/3
[2026-06-16 02:42:04] [INFO] [qd_client] Logged in to QuantDinger
[2026-06-16 02:42:05] [INFO] [qd_client] Logged in to QuantDinger
[2026-06-16 02:42:05] [INFO] [mt5_watchdog] MT5 already connected
[2026-06-16 02:42:05] [INFO] [mt5_watchdog] MT5 reconnected successfully!
[2026-06-16 02:42:09] [INFO] [qd_client] Logged in to QuantDinger
[2026-06-16 02:42:12] [INFO] [qd_client] Logged in to QuantDinger
[2026-06-16 02:43:05] [INFO] [qd_client] Logged in to QuantDinger
[2026-06-16 02:43:10] [INFO] [qd_client] Logged in to QuantDinger
[2026-06-16 02:43:13] [INFO] [qd_client] Logged in to QuantDinger
[2026-06-16 02:44:05] [INFO] [qd_client] Logged in to QuantDinger
[2026-06-16 02:44:10] [INFO] [qd_client] Logged in to QuantDinger
[2026-06-16 02:44:13] [INFO] [qd_client] Logged in to QuantDinger
[2026-06-16 02:45:06] [INFO] [qd_client] Logged in to QuantDinger
[2026-06-16 02:45:10] [WARNING] [mt5_watchdog] MT5 disconnected! Attempt 1/3
[2026-06-16 02:45:11] [INFO] [qd_client] Logged in to QuantDinger
[2026-06-16 02:45:11] [INFO] [qd_client] Logged in to QuantDinger
[2026-06-16 02:45:11] [INFO] [mt5_watchdog] MT5 already connected
[2026-06-16 02:45:11] [INFO] [mt5_watchdog] MT5 reconnected successfully!
[2026-06-16 02:45:13] [WARNING] [mt5_watchdog] MT5 disconnected! Attempt 1/3
[2026-06-16 02:45:14] [INFO] [qd_client] Logged in to QuantDinger
[2026-06-16 02:45:15] [INFO] [qd_client] Logged in to QuantDinger
[2026-06-16 02:45:15] [INFO] [mt5_watchdog] MT5 already connected
[2026-06-16 02:45:15] [INFO] [mt5_watchdog] MT5 reconnected successfully!
[2026-06-16 02:46:06] [WARNING] [mt5_watchdog] MT5 disconnected! Attempt 1/3
[2026-06-16 02:46:06] [INFO] [qd_client] Logged in to QuantDinger
[2026-06-16 02:46:08] [INFO] [qd_client] Logged in to QuantDinger
[2026-06-16 02:46:08] [INFO] [mt5_watchdog] MT5 already connected
[2026-06-16 02:46:08] [INFO] [mt5_watchdog] MT5 reconnected successfully!
[2026-06-16 02:46:11] [INFO] [qd_client] Logged in to QuantDinger
[2026-06-16 02:46:14] [INFO] [qd_client] Logged in to QuantDinger
[2026-06-16 02:47:07] [INFO] [qd_client] Logged in to QuantDinger
[2026-06-16 02:47:12] [INFO] [qd_client] Logged in to QuantDinger
[2026-06-16 02:47:12] [WARNING] [mt5_watchdog] MT5 disconnected! Attempt 1/3
[2026-06-16 02:47:13] [INFO] [qd_client] Logged in to QuantDinger
[2026-06-16 02:47:13] [INFO] [mt5_watchdog] MT5 already connected
[2026-06-16 02:47:13] [INFO] [mt5_watchdog] MT5 reconnected successfully!
[2026-06-16 02:47:15] [INFO] [qd_client] Logged in to QuantDinger
[2026-06-16 02:48:07] [INFO] [qd_client] Logged in to QuantDinger
[2026-06-16 02:48:12] [INFO] [qd_client] Logged in to QuantDinger
[2026-06-16 02:48:15] [INFO] [qd_client] Logged in to QuantDinger
[2026-06-16 02:49:08] [INFO] [qd_client] Logged in to QuantDinger
[2026-06-16 02:49:13] [INFO] [qd_client] Logged in to QuantDinger
[2026-06-16 02:49:16] [INFO] [qd_client] Logged in to QuantDinger
[2026-06-16 02:50:08] [INFO] [qd_client] Logged in to QuantDinger
[2026-06-16 02:50:13] [INFO] [qd_client] Logged in to QuantDinger
[2026-06-16 02:50:16] [INFO] [qd_client] Logged in to QuantDinger
[2026-06-16 02:50:37] [INFO] [qd_client] Logged in to QuantDinger
[2026-06-16 02:51:14] [INFO] [qd_client] Logged in to QuantDinger
[2026-06-16 02:51:16] [WARNING] [mt5_watchdog] MT5 disconnected! Attempt 1/3
[2026-06-16 02:51:17] [INFO] [qd_client] Logged in to QuantDinger
[2026-06-16 02:51:18] [INFO] [qd_client] Logged in to QuantDinger
[2026-06-16 02:51:18] [INFO] [mt5_watchdog] MT5 already connected
[2026-06-16 02:51:18] [INFO] [mt5_watchdog] MT5 reconnected successfully!
[2026-06-16 02:52:01] [INFO] [main] ==================================================
[2026-06-16 02:52:01] [INFO] [main] Cycle 5 at 02:52:01
[2026-06-16 02:52:01] [WARNING] [main] MT5 disconnected, reconnecting...
[2026-06-16 02:52:01] [INFO] [qd_client] Logged in to QuantDinger
[2026-06-16 02:52:01] [INFO] [qd_client] MT5 connected
[2026-06-16 02:52:01] [INFO] [main] MT5 reconnected
[2026-06-16 02:52:06] [INFO] [news_fetcher] Fetched 11 relevant news items
[2026-06-16 02:52:06] [INFO] [main] Equity: 73516.00$ | News: 11
[2026-06-16 02:52:06] [INFO] [main] --- EURUSD ---
[2026-06-16 02:52:10] [INFO] [deepseek] AI analysis EURUSD: bias=neutral score=45.0 conf=0.45
[2026-06-16 02:52:10] [DEBUG] [signal_engine] Signal: NEUTRAL score=45.0 conf=0.45 valid=False
[2026-06-16 02:52:10] [INFO] [sentiment] Sentiment EURUSD: bearish score=100 bull=0 bear=1
[2026-06-16 02:52:11] [INFO] [mtf] MTF EURUSD: H4=bearish H1=bearish M15=bearish aligned=True (strong)
[2026-06-16 02:52:11] [INFO] [main] --- XAUUSD ---
[2026-06-16 02:52:14] [INFO] [qd_client] Logged in to QuantDinger
[2026-06-16 02:52:14] [INFO] [deepseek] AI analysis XAUUSD: bias=bullish score=65.0 conf=0.70
[2026-06-16 02:52:14] [DEBUG] [signal_engine] Signal: BUY score=65.0 conf=0.70 valid=True
[2026-06-16 02:52:15] [INFO] [mtf] MTF XAUUSD: H4=bearish H1=bearish M15=bearish aligned=True (strong)
[2026-06-16 02:52:15] [INFO] [main] XAUUSD: SKIP - Score 41.1 < 65
[2026-06-16 02:52:15] [INFO] [main] --- GBPUSD ---
[2026-06-16 02:52:18] [INFO] [qd_client] Logged in to QuantDinger
[2026-06-16 02:52:19] [INFO] [deepseek] AI analysis GBPUSD: bias=bearish score=45.0 conf=0.60
[2026-06-16 02:52:19] [DEBUG] [signal_engine] Signal: SELL score=45.0 conf=0.60 valid=True
[2026-06-16 02:52:20] [INFO] [mtf] MTF GBPUSD: H4=bearish H1=bearish M15=bearish aligned=True (strong)
[2026-06-16 02:52:20] [INFO] [main] GBPUSD: SKIP - Score 56.1 < 65
[2026-06-16 02:52:20] [INFO] [main] Sleeping 1800s...
[2026-06-16 02:53:09] [INFO] [qd_client] Logged in to QuantDinger
[2026-06-16 02:53:14] [WARNING] [mt5_watchdog] MT5 disconnected! Attempt 1/3
[2026-06-16 02:53:15] [INFO] [qd_client] Logged in to QuantDinger
[2026-06-16 02:53:15] [INFO] [qd_client] Logged in to QuantDinger
[2026-06-16 02:53:15] [INFO] [mt5_watchdog] MT5 already connected
[2026-06-16 02:53:15] [INFO] [mt5_watchdog] MT5 reconnected successfully!
[2026-06-16 02:53:18] [INFO] [qd_client] Logged in to QuantDinger
[2026-06-16 02:54:09] [WARNING] [mt5_watchdog] MT5 disconnected! Attempt 1/3
[2026-06-16 02:54:10] [INFO] [qd_client] Logged in to QuantDinger
[2026-06-16 02:54:11] [INFO] [qd_client] Logged in to QuantDinger
[2026-06-16 02:54:11] [INFO] [mt5_watchdog] MT5 already connected
[2026-06-16 02:54:11] [INFO] [mt5_watchdog] MT5 reconnected successfully!
[2026-06-16 02:54:16] [INFO] [qd_client] Logged in to QuantDinger
[2026-06-16 02:54:19] [INFO] [qd_client] Logged in to QuantDinger
[2026-06-16 02:54:41] [INFO] [qd_client] Logged in to QuantDinger
[2026-06-16 02:55:10] [INFO] [qd_client] Logged in to QuantDinger
[2026-06-16 02:55:16] [WARNING] [mt5_watchdog] MT5 disconnected! Attempt 1/3
[2026-06-16 02:55:16] [INFO] [qd_client] Logged in to QuantDinger
[2026-06-16 02:55:17] [INFO] [qd_client] Logged in to QuantDinger
[2026-06-16 02:55:17] [INFO] [mt5_watchdog] MT5 already connected
[2026-06-16 02:55:17] [INFO] [mt5_watchdog] MT5 reconnected successfully!
[2026-06-16 02:55:19] [INFO] [qd_client] Logged in to QuantDinger
[2026-06-16 02:56:11] [INFO] [qd_client] Logged in to QuantDinger
[2026-06-16 02:56:17] [INFO] [qd_client] Logged in to QuantDinger
[2026-06-16 02:56:20] [INFO] [qd_client] Logged in to QuantDinger
[2026-06-16 02:57:11] [INFO] [qd_client] Logged in to QuantDinger
[2026-06-16 02:57:17] [INFO] [qd_client] Logged in to QuantDinger
[2026-06-16 02:57:20] [WARNING] [mt5_watchdog] MT5 disconnected! Attempt 1/3
[2026-06-16 02:57:20] [INFO] [qd_client] Logged in to QuantDinger
[2026-06-16 02:57:21] [INFO] [qd_client] Logged in to QuantDinger
[2026-06-16 02:57:21] [INFO] [mt5_watchdog] MT5 already connected
[2026-06-16 02:57:21] [INFO] [mt5_watchdog] MT5 reconnected successfully!
[2026-06-16 02:58:12] [INFO] [qd_client] Logged in to QuantDinger
[2026-06-16 02:58:18] [INFO] [qd_client] Logged in to QuantDinger
[2026-06-16 02:58:21] [INFO] [qd_client] Logged in to QuantDinger
[2026-06-16 02:59:13] [INFO] [qd_client] Logged in to QuantDinger
[2026-06-16 02:59:18] [WARNING] [mt5_watchdog] MT5 disconnected! Attempt 1/3
[2026-06-16 02:59:18] [INFO] [qd_client] Logged in to QuantDinger
[2026-06-16 02:59:19] [INFO] [qd_client] Logged in to QuantDinger
[2026-06-16 02:59:19] [INFO] [mt5_watchdog] MT5 already connected
[2026-06-16 02:59:19] [INFO] [mt5_watchdog] MT5 reconnected successfully!
[2026-06-16 02:59:21] [INFO] [qd_client] Logged in to QuantDinger
[2026-06-16 03:00:12] [WARNING] [mt5_watchdog] MT5 disconnected! Attempt 1/3
[2026-06-16 03:00:13] [INFO] [qd_client] Logged in to QuantDinger
[2026-06-16 03:00:14] [INFO] [qd_client] Logged in to QuantDinger
[2026-06-16 03:00:14] [INFO] [mt5_watchdog] MT5 already connected
[2026-06-16 03:00:14] [INFO] [mt5_watchdog] MT5 reconnected successfully!
[2026-06-16 03:00:19] [INFO] [qd_client] Logged in to QuantDinger
[2026-06-16 03:00:22] [INFO] [qd_client] Logged in to QuantDinger
[2026-06-16 03:00:35] [INFO] [main] ==================================================
[2026-06-16 03:00:35] [INFO] [main] Cycle 4 at 03:00:35
[2026-06-16 03:00:41] [INFO] [news_fetcher] Fetched 12 relevant news items
[2026-06-16 03:00:41] [INFO] [main] Equity: 73516.00$ | News: 12
[2026-06-16 03:00:41] [INFO] [main] --- EURUSD ---
[2026-06-16 03:01:12] [ERROR] [deepseek] AI analysis error: HTTPSConnectionPool(host='api.deepseek.com', port=443): Read timed out.
[2026-06-16 03:01:12] [DEBUG] [signal_engine] Signal: NEUTRAL score=0 conf=0.00 valid=False
[2026-06-16 03:01:12] [INFO] [sentiment] Sentiment EURUSD: bullish score=83 bull=2 bear=1
[2026-06-16 03:01:13] [INFO] [mtf] MTF EURUSD: H4=bearish H1=bearish M15=bearish aligned=True (strong)
[2026-06-16 03:01:13] [INFO] [main] --- XAUUSD ---
[2026-06-16 03:01:14] [INFO] [qd_client] Logged in to QuantDinger
[2026-06-16 03:01:19] [INFO] [qd_client] Logged in to QuantDinger
[2026-06-16 03:01:22] [INFO] [qd_client] Logged in to QuantDinger
[2026-06-16 03:01:39] [INFO] [deepseek] AI analysis XAUUSD: bias=bullish score=65.0 conf=0.70
[2026-06-16 03:01:39] [DEBUG] [signal_engine] Signal: BUY score=65.0 conf=0.70 valid=True
[2026-06-16 03:01:39] [INFO] [sentiment] Sentiment XAUUSD: bullish score=100 bull=1 bear=0
[2026-06-16 03:01:39] [INFO] [mtf] MTF XAUUSD: H4=bearish H1=bearish M15=bearish aligned=True (strong)
[2026-06-16 03:01:39] [INFO] [main] XAUUSD: SKIP - Score 45.1 < 65
[2026-06-16 03:01:39] [INFO] [main] --- GBPUSD ---
[2026-06-16 03:01:44] [INFO] [deepseek] AI analysis GBPUSD: bias=neutral score=45.0 conf=0.40
[2026-06-16 03:01:44] [DEBUG] [signal_engine] Signal: NEUTRAL score=45.0 conf=0.40 valid=False
[2026-06-16 03:01:44] [INFO] [sentiment] Sentiment GBPUSD: bullish score=100 bull=1 bear=0
[2026-06-16 03:01:44] [INFO] [mtf] MTF GBPUSD: H4=bearish H1=bearish M15=bearish aligned=True (strong)
[2026-06-16 03:01:44] [INFO] [main] Sleeping 1800s...
[2026-06-16 03:02:14] [INFO] [qd_client] Logged in to QuantDinger
[2026-06-16 03:02:20] [INFO] [qd_client] Logged in to QuantDinger
[2026-06-16 03:02:23] [INFO] [qd_client] Logged in to QuantDinger
[2026-06-16 03:03:15] [INFO] [qd_client] Logged in to QuantDinger
[2026-06-16 03:03:20] [WARNING] [mt5_watchdog] MT5 disconnected! Attempt 1/3
[2026-06-16 03:03:20] [INFO] [qd_client] Logged in to QuantDinger
[2026-06-16 03:03:21] [INFO] [qd_client] Logged in to QuantDinger
[2026-06-16 03:03:21] [INFO] [mt5_watchdog] MT5 already connected
[2026-06-16 03:03:21] [INFO] [mt5_watchdog] MT5 reconnected successfully!
[2026-06-16 03:03:23] [WARNING] [mt5_watchdog] MT5 disconnected! Attempt 1/3
[2026-06-16 03:03:23] [INFO] [qd_client] Logged in to QuantDinger
[2026-06-16 03:03:25] [INFO] [qd_client] Logged in to QuantDinger
[2026-06-16 03:03:25] [INFO] [mt5_watchdog] MT5 already connected
[2026-06-16 03:03:25] [INFO] [mt5_watchdog] MT5 reconnected successfully!
[2026-06-16 03:04:15] [WARNING] [mt5_watchdog] MT5 disconnected! Attempt 1/3
[2026-06-16 03:04:15] [INFO] [qd_client] Logged in to QuantDinger
[2026-06-16 03:04:17] [INFO] [qd_client] Logged in to QuantDinger
[2026-06-16 03:04:17] [INFO] [mt5_watchdog] MT5 already connected
[2026-06-16 03:04:17] [INFO] [mt5_watchdog] MT5 reconnected successfully!
[2026-06-16 03:04:21] [INFO] [qd_client] Logged in to QuantDinger
[2026-06-16 03:04:24] [INFO] [qd_client] Logged in to QuantDinger
[2026-06-16 03:05:16] [INFO] [qd_client] Logged in to QuantDinger
[2026-06-16 03:05:21] [INFO] [qd_client] Logged in to QuantDinger
[2026-06-16 03:05:24] [INFO] [qd_client] Logged in to QuantDinger
[2026-06-16 03:05:39] [INFO] [qd_client] Logged in to QuantDinger
[2026-06-16 03:06:22] [INFO] [qd_client] Logged in to QuantDinger
[2026-06-16 03:06:25] [INFO] [qd_client] Logged in to QuantDinger
[2026-06-16 03:07:16] [INFO] [qd_client] Logged in to QuantDinger
[2026-06-16 03:07:22] [WARNING] [mt5_watchdog] MT5 disconnected! Attempt 1/3
[2026-06-16 03:07:22] [INFO] [qd_client] Logged in to QuantDinger
[2026-06-16 03:07:23] [INFO] [qd_client] Logged in to QuantDinger
[2026-06-16 03:07:23] [INFO] [mt5_watchdog] MT5 already connected
[2026-06-16 03:07:23] [INFO] [mt5_watchdog] MT5 reconnected successfully!
[2026-06-16 03:07:25] [INFO] [qd_client] Logged in to QuantDinger
[2026-06-16 03:08:17] [INFO] [qd_client] Logged in to QuantDinger
[2026-06-16 03:08:23] [INFO] [qd_client] Logged in to QuantDinger
[2026-06-16 03:08:26] [INFO] [qd_client] Logged in to QuantDinger
[2026-06-16 03:09:18] [INFO] [qd_client] Logged in to QuantDinger
[2026-06-16 03:09:23] [INFO] [qd_client] Logged in to QuantDinger
[2026-06-16 03:09:26] [WARNING] [mt5_watchdog] MT5 disconnected! Attempt 1/3
[2026-06-16 03:09:27] [INFO] [qd_client] Logged in to QuantDinger
[2026-06-16 03:09:28] [INFO] [qd_client] Logged in to QuantDinger
[2026-06-16 03:09:28] [INFO] [mt5_watchdog] MT5 already connected
[2026-06-16 03:09:28] [INFO] [mt5_watchdog] MT5 reconnected successfully!
[2026-06-16 03:09:43] [INFO] [qd_client] Logged in to QuantDinger
[2026-06-16 03:10:18] [WARNING] [mt5_watchdog] MT5 disconnected! Attempt 1/3
[2026-06-16 03:10:18] [INFO] [qd_client] Logged in to QuantDinger
[2026-06-16 03:10:19] [INFO] [qd_client] Logged in to QuantDinger
[2026-06-16 03:10:20] [INFO] [mt5_watchdog] MT5 already connected
[2026-06-16 03:10:20] [INFO] [mt5_watchdog] MT5 reconnected successfully!
[2026-06-16 03:10:24] [INFO] [qd_client] Logged in to QuantDinger
[2026-06-16 03:10:27] [INFO] [qd_client] Logged in to QuantDinger
[2026-06-16 03:10:31] [INFO] [main] ==================================================
[2026-06-16 03:10:31] [INFO] [main] Cycle 4 at 03:10:31
[2026-06-16 03:10:31] [WARNING] [main] MT5 disconnected, reconnecting...
[2026-06-16 03:10:31] [INFO] [qd_client] Logged in to QuantDinger
[2026-06-16 03:10:31] [INFO] [qd_client] MT5 connected
[2026-06-16 03:10:31] [INFO] [main] MT5 reconnected
[2026-06-16 03:10:36] [INFO] [news_fetcher] Fetched 12 relevant news items
[2026-06-16 03:10:36] [INFO] [main] Equity: 73516.00$ | News: 12
[2026-06-16 03:10:36] [INFO] [main] --- EURUSD ---
[2026-06-16 03:10:39] [INFO] [deepseek] AI analysis EURUSD: bias=neutral score=45.0 conf=0.40
[2026-06-16 03:10:39] [DEBUG] [signal_engine] Signal: NEUTRAL score=45.0 conf=0.40 valid=False
[2026-06-16 03:10:39] [INFO] [sentiment] Sentiment EURUSD: bullish score=83 bull=2 bear=1
[2026-06-16 03:10:40] [INFO] [mtf] MTF EURUSD: H4=bearish H1=bearish M15=bearish aligned=True (strong)
[2026-06-16 03:10:40] [INFO] [main] --- XAUUSD ---
[2026-06-16 03:10:43] [INFO] [deepseek] AI analysis XAUUSD: bias=bullish score=65.0 conf=0.70
[2026-06-16 03:10:43] [DEBUG] [signal_engine] Signal: BUY score=65.0 conf=0.70 valid=True
[2026-06-16 03:10:43] [INFO] [sentiment] Sentiment XAUUSD: bullish score=100 bull=1 bear=0
[2026-06-16 03:10:43] [INFO] [mtf] MTF XAUUSD: H4=bearish H1=bearish M15=bearish aligned=True (strong)
[2026-06-16 03:10:44] [INFO] [main] XAUUSD: SKIP - Score 45.1 < 65
[2026-06-16 03:10:44] [INFO] [main] --- GBPUSD ---
[2026-06-16 03:10:46] [INFO] [deepseek] AI analysis GBPUSD: bias=neutral score=45.0 conf=0.40
[2026-06-16 03:10:46] [DEBUG] [signal_engine] Signal: NEUTRAL score=45.0 conf=0.40 valid=False
[2026-06-16 03:10:46] [INFO] [sentiment] Sentiment GBPUSD: bullish score=100 bull=1 bear=0
[2026-06-16 03:10:47] [INFO] [mtf] MTF GBPUSD: H4=bearish H1=bearish M15=bearish aligned=True (strong)
[2026-06-16 03:10:47] [INFO] [main] Sleeping 1800s...
[2026-06-16 03:11:19] [INFO] [qd_client] Logged in to QuantDinger
[2026-06-16 03:11:24] [WARNING] [mt5_watchdog] MT5 disconnected! Attempt 1/3
[2026-06-16 03:11:24] [INFO] [qd_client] Logged in to QuantDinger
[2026-06-16 03:11:25] [INFO] [qd_client] Logged in to QuantDinger
[2026-06-16 03:11:25] [INFO] [mt5_watchdog] MT5 already connected
[2026-06-16 03:11:25] [INFO] [mt5_watchdog] MT5 reconnected successfully!
[2026-06-16 03:11:28] [INFO] [qd_client] Logged in to QuantDinger
[2026-06-16 03:12:19] [INFO] [qd_client] Logged in to QuantDinger
[2026-06-16 03:12:25] [INFO] [qd_client] Logged in to QuantDinger
[2026-06-16 03:12:28] [INFO] [qd_client] Logged in to QuantDinger
[2026-06-16 03:13:20] [INFO] [qd_client] Logged in to QuantDinger
[2026-06-16 03:13:25] [INFO] [qd_client] Logged in to QuantDinger
[2026-06-16 03:13:29] [INFO] [qd_client] Logged in to QuantDinger
[2026-06-16 03:14:20] [INFO] [qd_client] Logged in to QuantDinger
[2026-06-16 03:14:26] [INFO] [qd_client] Logged in to QuantDinger
[2026-06-16 03:14:29] [INFO] [qd_client] Logged in to QuantDinger
[2026-06-16 03:15:21] [INFO] [qd_client] Logged in to QuantDinger
[2026-06-16 03:15:26] [WARNING] [mt5_watchdog] MT5 disconnected! Attempt 1/3
[2026-06-16 03:15:26] [INFO] [qd_client] Logged in to QuantDinger
[2026-06-16 03:15:27] [INFO] [qd_client] Logged in to QuantDinger
[2026-06-16 03:15:27] [INFO] [mt5_watchdog] MT5 already connected
[2026-06-16 03:15:27] [INFO] [mt5_watchdog] MT5 reconnected successfully!
[2026-06-16 03:15:30] [INFO] [qd_client] Logged in to QuantDinger
[2026-06-16 03:16:21] [WARNING] [mt5_watchdog] MT5 disconnected! Attempt 1/3
[2026-06-16 03:16:22] [INFO] [qd_client] Logged in to QuantDinger
[2026-06-16 03:16:22] [INFO] [qd_client] Logged in to QuantDinger
[2026-06-16 03:16:22] [INFO] [mt5_watchdog] MT5 already connected
[2026-06-16 03:16:22] [INFO] [mt5_watchdog] MT5 reconnected successfully!
[2026-06-16 03:16:27] [INFO] [qd_client] Logged in to QuantDinger
[2026-06-16 03:16:30] [INFO] [qd_client] Logged in to QuantDinger
[2026-06-16 03:17:22] [INFO] [qd_client] Logged in to QuantDinger
[2026-06-16 03:17:27] [INFO] [qd_client] Logged in to QuantDinger
[2026-06-16 03:17:30] [WARNING] [mt5_watchdog] MT5 disconnected! Attempt 1/3
[2026-06-16 03:17:31] [INFO] [qd_client] Logged in to QuantDinger
[2026-06-16 03:17:32] [INFO] [qd_client] Logged in to QuantDinger
[2026-06-16 03:17:32] [INFO] [mt5_watchdog] MT5 already connected
[2026-06-16 03:17:32] [INFO] [mt5_watchdog] MT5 reconnected successfully!
[2026-06-16 03:18:23] [INFO] [qd_client] Logged in to QuantDinger
[2026-06-16 03:18:28] [INFO] [qd_client] Logged in to QuantDinger
[2026-06-16 03:18:31] [INFO] [qd_client] Logged in to QuantDinger
[2026-06-16 03:19:23] [INFO] [qd_client] Logged in to QuantDinger
[2026-06-16 03:19:28] [WARNING] [mt5_watchdog] MT5 disconnected! Attempt 1/3
[2026-06-16 03:19:28] [INFO] [qd_client] Logged in to QuantDinger
[2026-06-16 03:19:29] [INFO] [qd_client] Logged in to QuantDinger
[2026-06-16 03:19:29] [INFO] [mt5_watchdog] MT5 already connected
[2026-06-16 03:19:29] [INFO] [mt5_watchdog] MT5 reconnected successfully!
[2026-06-16 03:19:32] [INFO] [qd_client] Logged in to QuantDinger
[2026-06-16 03:20:23] [WARNING] [mt5_watchdog] MT5 disconnected! Attempt 1/3
[2026-06-16 03:20:24] [INFO] [qd_client] Logged in to QuantDinger
[2026-06-16 03:20:25] [INFO] [qd_client] Logged in to QuantDinger
[2026-06-16 03:20:25] [INFO] [mt5_watchdog] MT5 already connected
[2026-06-16 03:20:25] [INFO] [mt5_watchdog] MT5 reconnected successfully!
[2026-06-16 03:20:29] [INFO] [qd_client] Logged in to QuantDinger
[2026-06-16 03:20:32] [INFO] [qd_client] Logged in to QuantDinger
[2026-06-16 03:20:41] [INFO] [qd_client] Logged in to QuantDinger
[2026-06-16 03:21:29] [INFO] [qd_client] Logged in to QuantDinger
[2026-06-16 03:21:33] [INFO] [qd_client] Logged in to QuantDinger
[2026-06-16 03:22:20] [INFO] [main] ==================================================
[2026-06-16 03:22:20] [INFO] [main] Cycle 6 at 03:22:20
[2026-06-16 03:22:20] [WARNING] [main] MT5 disconnected, reconnecting...
[2026-06-16 03:22:20] [INFO] [qd_client] Logged in to QuantDinger
[2026-06-16 03:22:20] [INFO] [qd_client] MT5 connected
[2026-06-16 03:22:20] [INFO] [main] MT5 reconnected
[2026-06-16 03:22:25] [INFO] [news_fetcher] Fetched 12 relevant news items
[2026-06-16 03:22:26] [INFO] [main] Equity: 73516.00$ | News: 12
[2026-06-16 03:22:26] [INFO] [main] --- EURUSD ---
[2026-06-16 03:22:29] [INFO] [deepseek] AI analysis EURUSD: bias=bullish score=65.0 conf=0.60
[2026-06-16 03:22:29] [DEBUG] [signal_engine] Signal: BUY score=65.0 conf=0.60 valid=True
[2026-06-16 03:22:29] [INFO] [sentiment] Sentiment EURUSD: bullish score=83 bull=2 bear=1
[2026-06-16 03:22:29] [INFO] [mtf] MTF EURUSD: H4=bearish H1=bearish M15=bearish aligned=True (strong)
[2026-06-16 03:22:30] [INFO] [main] EURUSD: SKIP - Score 42.7 < 65
[2026-06-16 03:22:30] [INFO] [main] --- XAUUSD ---
[2026-06-16 03:22:30] [INFO] [qd_client] Logged in to QuantDinger
[2026-06-16 03:22:33] [INFO] [qd_client] Logged in to QuantDinger
[2026-06-16 03:22:34] [INFO] [deepseek] AI analysis XAUUSD: bias=bullish score=65.0 conf=0.70
[2026-06-16 03:22:34] [DEBUG] [signal_engine] Signal: BUY score=65.0 conf=0.70 valid=True
[2026-06-16 03:22:34] [INFO] [sentiment] Sentiment XAUUSD: bullish score=100 bull=1 bear=0
[2026-06-16 03:22:34] [INFO] [mtf] MTF XAUUSD: H4=bearish H1=bearish M15=bearish aligned=True (strong)
[2026-06-16 03:22:34] [INFO] [main] XAUUSD: SKIP - Score 45.1 < 65
[2026-06-16 03:22:34] [INFO] [main] --- GBPUSD ---
[2026-06-16 03:22:38] [INFO] [deepseek] AI analysis GBPUSD: bias=bearish score=45.0 conf=0.60
[2026-06-16 03:22:38] [DEBUG] [signal_engine] Signal: SELL score=45.0 conf=0.60 valid=True
[2026-06-16 03:22:38] [INFO] [sentiment] Sentiment GBPUSD: bullish score=100 bull=1 bear=0
[2026-06-16 03:22:38] [INFO] [mtf] MTF GBPUSD: H4=bearish H1=bearish M15=bearish aligned=True (strong)
[2026-06-16 03:22:38] [INFO] [main] GBPUSD: SKIP - Score 62.1 < 65
[2026-06-16 03:22:38] [INFO] [main] Sleeping 1800s...
[2026-06-16 03:23:24] [INFO] [qd_client] Logged in to QuantDinger
[2026-06-16 03:23:30] [WARNING] [mt5_watchdog] MT5 disconnected! Attempt 1/3
[2026-06-16 03:23:31] [INFO] [qd_client] Logged in to QuantDinger
[2026-06-16 03:23:31] [INFO] [qd_client] Logged in to QuantDinger
[2026-06-16 03:23:31] [INFO] [mt5_watchdog] MT5 already connected
[2026-06-16 03:23:31] [INFO] [mt5_watchdog] MT5 reconnected successfully!
[2026-06-16 03:23:33] [WARNING] [mt5_watchdog] MT5 disconnected! Attempt 1/3
[2026-06-16 03:23:34] [INFO] [qd_client] Logged in to QuantDinger
[2026-06-16 03:23:35] [INFO] [qd_client] Logged in to QuantDinger
[2026-06-16 03:23:35] [INFO] [mt5_watchdog] MT5 already connected
[2026-06-16 03:23:35] [INFO] [mt5_watchdog] MT5 reconnected successfully!
[2026-06-16 03:24:25] [INFO] [qd_client] Logged in to QuantDinger
[2026-06-16 03:24:31] [INFO] [qd_client] Logged in to QuantDinger
[2026-06-16 03:24:35] [INFO] [qd_client] Logged in to QuantDinger
[2026-06-16 03:24:44] [INFO] [qd_client] Logged in to QuantDinger
[2026-06-16 03:25:25] [INFO] [qd_client] Logged in to QuantDinger
[2026-06-16 03:25:32] [INFO] [qd_client] Logged in to QuantDinger
[2026-06-16 03:25:32] [WARNING] [mt5_watchdog] MT5 disconnected! Attempt 1/3
[2026-06-16 03:25:33] [INFO] [qd_client] Logged in to QuantDinger
[2026-06-16 03:25:33] [INFO] [mt5_watchdog] MT5 already connected
[2026-06-16 03:25:33] [INFO] [mt5_watchdog] MT5 reconnected successfully!
[2026-06-16 03:25:35] [INFO] [qd_client] Logged in to QuantDinger
[2026-06-16 03:26:26] [INFO] [qd_client] Logged in to QuantDinger
[2026-06-16 03:26:32] [INFO] [qd_client] Logged in to QuantDinger
[2026-06-16 03:26:36] [INFO] [qd_client] Logged in to QuantDinger
[2026-06-16 03:27:26] [INFO] [qd_client] Logged in to QuantDinger
[2026-06-16 03:27:33] [INFO] [qd_client] Logged in to QuantDinger
[2026-06-16 03:27:36] [INFO] [qd_client] Logged in to QuantDinger
[2026-06-16 03:28:26] [WARNING] [mt5_watchdog] MT5 disconnected! Attempt 1/3
[2026-06-16 03:28:27] [INFO] [qd_client] Logged in to QuantDinger
[2026-06-16 03:28:28] [INFO] [qd_client] Logged in to QuantDinger
[2026-06-16 03:28:28] [INFO] [mt5_watchdog] MT5 already connected
[2026-06-16 03:28:28] [INFO] [mt5_watchdog] MT5 reconnected successfully!
[2026-06-16 03:28:33] [INFO] [qd_client] Logged in to QuantDinger
[2026-06-16 03:28:37] [INFO] [qd_client] Logged in to QuantDinger
[2026-06-16 03:29:28] [INFO] [qd_client] Logged in to QuantDinger
[2026-06-16 03:29:34] [WARNING] [mt5_watchdog] MT5 disconnected! Attempt 1/3
[2026-06-16 03:29:34] [INFO] [qd_client] Logged in to QuantDinger
[2026-06-16 03:29:35] [INFO] [qd_client] Logged in to QuantDinger
[2026-06-16 03:29:35] [INFO] [mt5_watchdog] MT5 already connected
[2026-06-16 03:29:35] [INFO] [mt5_watchdog] MT5 reconnected successfully!
[2026-06-16 03:29:36] [WARNING] [mt5_watchdog] MT5 disconnected! Attempt 1/3
[2026-06-16 03:29:37] [INFO] [qd_client] Logged in to QuantDinger
[2026-06-16 03:29:38] [INFO] [qd_client] Logged in to QuantDinger
[2026-06-16 03:29:38] [INFO] [mt5_watchdog] MT5 already connected
[2026-06-16 03:29:38] [INFO] [mt5_watchdog] MT5 reconnected successfully!
[2026-06-16 03:30:28] [INFO] [qd_client] Logged in to QuantDinger
[2026-06-16 03:30:34] [INFO] [qd_client] Logged in to QuantDinger
[2026-06-16 03:30:38] [INFO] [qd_client] Logged in to QuantDinger
[2026-06-16 03:31:29] [INFO] [qd_client] Logged in to QuantDinger
[2026-06-16 03:31:35] [INFO] [qd_client] Logged in to QuantDinger
[2026-06-16 03:31:38] [INFO] [qd_client] Logged in to QuantDinger
[2026-06-16 03:31:44] [INFO] [main] ==================================================
[2026-06-16 03:31:44] [INFO] [main] Cycle 5 at 03:31:44
[2026-06-16 03:31:49] [INFO] [news_fetcher] Fetched 12 relevant news items
[2026-06-16 03:31:49] [INFO] [main] Equity: 73516.00$ | News: 12
[2026-06-16 03:31:49] [INFO] [main] --- EURUSD ---
[2026-06-16 03:31:54] [INFO] [deepseek] AI analysis EURUSD: bias=neutral score=45.0 conf=0.45
[2026-06-16 03:31:54] [DEBUG] [signal_engine] Signal: NEUTRAL score=45.0 conf=0.45 valid=False
[2026-06-16 03:31:54] [INFO] [sentiment] Sentiment EURUSD: bullish score=83 bull=2 bear=1
[2026-06-16 03:31:54] [INFO] [mtf] MTF EURUSD: H4=bearish H1=bearish M15=bearish aligned=True (strong)
[2026-06-16 03:31:54] [INFO] [main] --- XAUUSD ---
[2026-06-16 03:31:59] [INFO] [deepseek] AI analysis XAUUSD: bias=bullish score=65.0 conf=0.70
[2026-06-16 03:31:59] [DEBUG] [signal_engine] Signal: BUY score=65.0 conf=0.70 valid=True
[2026-06-16 03:31:59] [INFO] [sentiment] Sentiment XAUUSD: bullish score=100 bull=1 bear=0
[2026-06-16 03:31:59] [INFO] [mtf] MTF XAUUSD: H4=bearish H1=bearish M15=bearish aligned=True (strong)
[2026-06-16 03:31:59] [INFO] [main] XAUUSD: SKIP - Score 45.1 < 65
[2026-06-16 03:31:59] [INFO] [main] --- GBPUSD ---
[2026-06-16 03:32:04] [INFO] [deepseek] AI analysis GBPUSD: bias=neutral score=45.0 conf=0.45
[2026-06-16 03:32:04] [DEBUG] [signal_engine] Signal: NEUTRAL score=45.0 conf=0.45 valid=False
[2026-06-16 03:32:04] [INFO] [sentiment] Sentiment GBPUSD: bullish score=100 bull=1 bear=0
[2026-06-16 03:32:04] [INFO] [mtf] MTF GBPUSD: H4=bearish H1=bearish M15=bearish aligned=True (strong)
[2026-06-16 03:32:04] [INFO] [main] Sleeping 1800s...
[2026-06-16 03:32:29] [WARNING] [mt5_watchdog] MT5 disconnected! Attempt 1/3
[2026-06-16 03:32:29] [INFO] [qd_client] Logged in to QuantDinger
[2026-06-16 03:32:31] [INFO] [qd_client] Logged in to QuantDinger
[2026-06-16 03:32:31] [INFO] [mt5_watchdog] MT5 already connected
[2026-06-16 03:32:31] [INFO] [mt5_watchdog] MT5 reconnected successfully!
[2026-06-16 03:32:35] [INFO] [qd_client] Logged in to QuantDinger
[2026-06-16 03:32:39] [INFO] [qd_client] Logged in to QuantDinger
[2026-06-16 03:33:00] [INFO] [main] Trading Bot V3 starting...
[2026-06-16 03:33:00] [INFO] [database] V3 Database initialized with all tables
[2026-06-16 03:33:01] [INFO] [qd_client] Logged in to QuantDinger
[2026-06-16 03:33:01] [INFO] [qd_client] MT5 connected
[2026-06-16 03:33:01] [INFO] [main] MT5 connected
[2026-06-16 03:33:01] [INFO] [telegram_bot] Telegram polling started
[2026-06-16 03:33:01] [INFO] [telegram_bot] Telegram bot V3 started
[2026-06-16 03:33:01] [INFO] [mt5_watchdog] MT5 watchdog started (V1 reconnect logic)
[2026-06-16 03:33:01] [INFO] [reconciliation] Reconciliation loop started (every 60s)
[2026-06-16 03:33:01] [INFO] [reconciliation] Reconciliation thread started
[2026-06-16 03:33:02] [INFO] [main] ==================================================
[2026-06-16 03:33:02] [INFO] [main] Cycle 1 at 03:33:02
[2026-06-16 03:33:06] [INFO] [news_fetcher] Fetched 12 relevant news items
[2026-06-16 03:33:06] [INFO] [main] Equity: 73516.00$ | News: 12
[2026-06-16 03:33:06] [INFO] [main] --- EURUSD ---
[2026-06-16 03:33:10] [INFO] [deepseek] AI analysis EURUSD: bias=bearish score=65.0 conf=0.70
[2026-06-16 03:33:10] [DEBUG] [signal_engine] Signal: SELL score=65.0 conf=0.70 strength=متوسط valid=True
[2026-06-16 03:33:10] [INFO] [sentiment] Sentiment EURUSD: bullish score=83 bull=2 bear=1
[2026-06-16 03:33:10] [INFO] [mtf] MTF EURUSD: H4=bearish H1=bearish M15=bearish aligned=True (strong)
[2026-06-16 03:33:11] [INFO] [voting_engine] EURUSD: MTF strongly aligned, boosting score 10%
[2026-06-16 03:33:11] [INFO] [sltp] SL/TP EURUSD: entry=0 atr=0.00571 sl=0.00857 tp=-0.01428
[2026-06-16 03:33:11] [INFO] [position_sizing] Position size: 0.5 (equity=73516, risk=0.001, sl_dist=0.00857, score=71, cons_loss=0)
[2026-06-16 03:33:11] [DEBUG] [qd_client] Opening trade payload: EURUSD SELL volume=0.5
[2026-06-16 03:33:11] [ERROR] [qd_client] Trade failed: {'success': False, 'error': 'Order rejected: Unsupported filling mode'}
[2026-06-16 03:33:11] [DEBUG] [qd_client] Opening trade payload: EURUSD SELL volume=0.5
[2026-06-16 03:33:11] [ERROR] [qd_client] Trade failed: {'success': False, 'error': 'Order rejected: Unsupported filling mode'}
[2026-06-16 03:33:11] [DEBUG] [qd_client] Opening trade payload: EURUSD SELL volume=0.5
[2026-06-16 03:33:11] [ERROR] [qd_client] Trade failed: {'success': False, 'error': 'Order rejected: Unsupported filling mode'}
[2026-06-16 03:33:11] [ERROR] [main] Failed to open trade: EURUSD SELL
[2026-06-16 03:33:12] [INFO] [main] --- XAUUSD ---
[2026-06-16 03:33:15] [INFO] [deepseek] AI analysis XAUUSD: bias=bullish score=65.0 conf=0.70
[2026-06-16 03:33:15] [DEBUG] [signal_engine] Signal: BUY score=65.0 conf=0.70 strength=متوسط valid=True
[2026-06-16 03:33:15] [INFO] [sentiment] Sentiment XAUUSD: bullish score=100 bull=1 bear=0
[2026-06-16 03:33:15] [INFO] [mtf] MTF XAUUSD: H4=bearish H1=bearish M15=bearish aligned=True (strong)
[2026-06-16 03:33:15] [INFO] [voting_engine] XAUUSD: MTF strongly aligned, boosting score 10%
[2026-06-16 03:33:15] [INFO] [main] XAUUSD: SKIP - Score 46.0 < 65
[2026-06-16 03:33:15] [INFO] [main] --- GBPUSD ---
[2026-06-16 03:33:19] [INFO] [deepseek] AI analysis GBPUSD: bias=neutral score=45.0 conf=0.45
[2026-06-16 03:33:19] [DEBUG] [signal_engine] Signal: NEUTRAL score=45.0 conf=0.45 strength=ضعيف valid=False
[2026-06-16 03:33:19] [INFO] [sentiment] Sentiment GBPUSD: bullish score=100 bull=1 bear=0
[2026-06-16 03:33:19] [INFO] [mtf] MTF GBPUSD: H4=bearish H1=bearish M15=bearish aligned=True (strong)
[2026-06-16 03:33:19] [INFO] [voting_engine] GBPUSD: MTF strongly aligned, boosting score 10%
[2026-06-16 03:33:20] [INFO] [main] Sleeping 1800s...
[2026-06-16 03:33:30] [INFO] [qd_client] Logged in to QuantDinger
[2026-06-16 03:33:35] [WARNING] [mt5_watchdog] MT5 disconnected! Attempt 1/3
[2026-06-16 03:33:36] [INFO] [qd_client] Logged in to QuantDinger
[2026-06-16 03:33:37] [INFO] [qd_client] Logged in to QuantDinger
[2026-06-16 03:33:37] [INFO] [mt5_watchdog] MT5 already connected
[2026-06-16 03:33:37] [INFO] [mt5_watchdog] MT5 reconnected successfully!
[2026-06-16 03:33:39] [INFO] [qd_client] Logged in to QuantDinger
[2026-06-16 03:34:01] [WARNING] [mt5_watchdog] MT5 disconnected! Attempt 1/3
[2026-06-16 03:34:01] [INFO] [qd_client] Logged in to QuantDinger
[2026-06-16 03:34:02] [INFO] [qd_client] Logged in to QuantDinger
[2026-06-16 03:34:02] [INFO] [mt5_watchdog] MT5 already connected
[2026-06-16 03:34:02] [INFO] [mt5_watchdog] MT5 reconnected successfully!
[2026-06-16 03:34:30] [INFO] [qd_client] Logged in to QuantDinger
[2026-06-16 03:34:37] [INFO] [qd_client] Logged in to QuantDinger
[2026-06-16 03:34:40] [INFO] [qd_client] Logged in to QuantDinger
[2026-06-16 03:36:41] [INFO] [main] Trading Bot V3 starting...
[2026-06-16 03:36:41] [INFO] [database] V3 Database initialized with all tables
[2026-06-16 03:36:41] [ERROR] [qd_client] Login attempt 1 failed: Expecting value: line 1 column 1 (char 0)
[2026-06-16 03:36:46] [ERROR] [qd_client] Login attempt 2 failed: Expecting value: line 1 column 1 (char 0)
[2026-06-16 03:36:52] [INFO] [qd_client] Logged in to QuantDinger
[2026-06-16 03:36:52] [INFO] [qd_client] MT5 connected
[2026-06-16 03:36:52] [INFO] [main] MT5 connected
[2026-06-16 03:36:52] [INFO] [telegram_bot] Telegram polling started
[2026-06-16 03:36:52] [INFO] [telegram_bot] Telegram bot V3 started
[2026-06-16 03:36:52] [INFO] [mt5_watchdog] MT5 watchdog started (V1 reconnect logic)
[2026-06-16 03:36:52] [INFO] [reconciliation] Reconciliation loop started (every 60s)
[2026-06-16 03:36:52] [INFO] [reconciliation] Reconciliation thread started
[2026-06-16 03:36:52] [INFO] [main] ==================================================
[2026-06-16 03:36:52] [INFO] [main] Cycle 1 at 03:36:52
[2026-06-16 03:36:57] [INFO] [news_fetcher] Fetched 12 relevant news items
[2026-06-16 03:36:57] [INFO] [main] Equity: 73516.00$ | News: 12
[2026-06-16 03:36:57] [INFO] [main] --- EURUSD ---
[2026-06-16 03:37:01] [INFO] [deepseek] AI analysis EURUSD: bias=neutral score=55.0 conf=0.45
[2026-06-16 03:37:01] [DEBUG] [signal_engine] Signal: NEUTRAL score=55.0 conf=0.45 strength=ضعيف valid=False
[2026-06-16 03:37:01] [INFO] [sentiment] Sentiment EURUSD: bullish score=83 bull=2 bear=1
[2026-06-16 03:37:01] [INFO] [mtf] MTF EURUSD: H4=bearish H1=bearish M15=bearish aligned=True (strong)
[2026-06-16 03:37:01] [INFO] [voting_engine] EURUSD: MTF strongly aligned, boosting score 10%
[2026-06-16 03:37:01] [INFO] [main] --- XAUUSD ---
[2026-06-16 03:37:05] [INFO] [deepseek] AI analysis XAUUSD: bias=bullish score=65.0 conf=0.70
[2026-06-16 03:37:05] [DEBUG] [signal_engine] Signal: BUY score=65.0 conf=0.70 strength=متوسط valid=True
[2026-06-16 03:37:05] [INFO] [sentiment] Sentiment XAUUSD: bullish score=100 bull=1 bear=0
[2026-06-16 03:37:05] [INFO] [mtf] MTF XAUUSD: H4=bearish H1=bearish M15=bearish aligned=True (strong)
[2026-06-16 03:37:05] [INFO] [voting_engine] XAUUSD: MTF strongly aligned, boosting score 10%
[2026-06-16 03:37:05] [INFO] [main] XAUUSD: SKIP - Score 46.0 < 65
[2026-06-16 03:37:05] [INFO] [main] --- GBPUSD ---
[2026-06-16 03:37:09] [INFO] [deepseek] AI analysis GBPUSD: bias=neutral score=45.0 conf=0.45
[2026-06-16 03:37:09] [DEBUG] [signal_engine] Signal: NEUTRAL score=45.0 conf=0.45 strength=ضعيف valid=False
[2026-06-16 03:37:09] [INFO] [sentiment] Sentiment GBPUSD: bullish score=100 bull=1 bear=0
[2026-06-16 03:37:09] [INFO] [mtf] MTF GBPUSD: H4=bearish H1=bearish M15=bearish aligned=True (strong)
[2026-06-16 03:37:09] [INFO] [voting_engine] GBPUSD: MTF strongly aligned, boosting score 10%
[2026-06-16 03:37:09] [INFO] [main] Sleeping 1800s...
[2026-06-16 03:39:43] [INFO] [news_fetcher] Fetched 12 relevant news items
[2026-06-16 03:39:48] [INFO] [deepseek] AI analysis EURUSD: bias=bearish score=65.0 conf=0.70
[2026-06-16 03:39:51] [INFO] [deepseek] AI analysis XAUUSD: bias=bullish score=65.0 conf=0.70
[2026-06-16 03:39:55] [INFO] [deepseek] AI analysis GBPUSD: bias=neutral score=45.0 conf=0.40
[2026-06-16 03:40:17] [INFO] [news_fetcher] Fetched 12 relevant news items
[2026-06-16 04:07:09] [INFO] [main] ==================================================
[2026-06-16 04:07:09] [INFO] [main] Cycle 2 at 04:07:09
[2026-06-16 04:07:09] [INFO] [main] Trading paused, skipping
[2026-06-16 04:07:09] [INFO] [main] Sleeping 1800s...
[2026-06-16 04:36:54] [INFO] [qd_client] Logged in to QuantDinger
[2026-06-16 04:36:54] [INFO] [qd_client] Logged in to QuantDinger
[2026-06-16 04:36:54] [INFO] [qd_client] Logged in to QuantDinger
[2026-06-16 04:37:09] [INFO] [main] ==================================================
[2026-06-16 04:37:09] [INFO] [main] Cycle 3 at 04:37:09
[2026-06-16 04:37:09] [INFO] [main] Trading paused, skipping
[2026-06-16 04:37:09] [INFO] [main] Sleeping 1800s...
[2026-06-16 05:07:09] [INFO] [main] ==================================================
[2026-06-16 05:07:09] [INFO] [main] Cycle 4 at 05:07:09
[2026-06-16 05:07:14] [INFO] [news_fetcher] Fetched 12 relevant news items
[2026-06-16 05:07:14] [INFO] [main] Equity: 73516.00$ | News: 12
[2026-06-16 05:07:14] [INFO] [main] --- EURUSD ---
[2026-06-16 05:07:19] [INFO] [deepseek] AI analysis EURUSD: bias=neutral score=45.0 conf=0.40
[2026-06-16 05:07:19] [DEBUG] [signal_engine] Signal: NEUTRAL score=45.0 conf=0.40 strength=ضعيف valid=False
[2026-06-16 05:07:19] [INFO] [sentiment] Sentiment EURUSD: bullish score=100 bull=2 bear=0
[2026-06-16 05:07:20] [INFO] [mtf] MTF EURUSD: H4=bearish H1=bearish M15=bearish aligned=True (strong)
[2026-06-16 05:07:20] [INFO] [voting_engine] EURUSD: MTF strongly aligned, boosting score 10%
[2026-06-16 05:07:20] [INFO] [main] --- XAUUSD ---
[2026-06-16 05:07:24] [INFO] [deepseek] AI analysis XAUUSD: bias=neutral score=45.0 conf=0.40
[2026-06-16 05:07:24] [DEBUG] [signal_engine] Signal: NEUTRAL score=45.0 conf=0.40 strength=ضعيف valid=False
[2026-06-16 05:07:24] [INFO] [sentiment] Sentiment XAUUSD: bullish score=100 bull=1 bear=0
[2026-06-16 05:07:24] [INFO] [mtf] MTF XAUUSD: H4=bearish H1=bearish M15=bearish aligned=True (strong)
[2026-06-16 05:07:24] [INFO] [voting_engine] XAUUSD: MTF strongly aligned, boosting score 10%
[2026-06-16 05:07:24] [INFO] [main] --- GBPUSD ---
[2026-06-16 05:07:29] [INFO] [deepseek] AI analysis GBPUSD: bias=neutral score=45.0 conf=0.45
[2026-06-16 05:07:29] [DEBUG] [signal_engine] Signal: NEUTRAL score=45.0 conf=0.45 strength=ضعيف valid=False
[2026-06-16 05:07:29] [INFO] [sentiment] Sentiment GBPUSD: bullish score=100 bull=1 bear=0
[2026-06-16 05:07:29] [INFO] [mtf] MTF GBPUSD: H4=bearish H1=bearish M15=bearish aligned=True (strong)
[2026-06-16 05:07:29] [INFO] [voting_engine] GBPUSD: MTF strongly aligned, boosting score 10%
[2026-06-16 05:07:29] [INFO] [main] Sleeping 1800s...
[2026-06-16 05:36:57] [INFO] [qd_client] Logged in to QuantDinger
[2026-06-16 05:37:29] [INFO] [main] ==================================================
[2026-06-16 05:37:29] [INFO] [main] Cycle 5 at 05:37:29
[2026-06-16 05:37:33] [INFO] [news_fetcher] Fetched 12 relevant news items
[2026-06-16 05:37:33] [INFO] [main] Equity: 73516.00$ | News: 12
[2026-06-16 05:37:33] [INFO] [main] --- EURUSD ---
[2026-06-16 05:37:37] [INFO] [deepseek] AI analysis EURUSD: bias=neutral score=45.0 conf=0.40
[2026-06-16 05:37:37] [DEBUG] [signal_engine] Signal: NEUTRAL score=45.0 conf=0.40 strength=ضعيف valid=False
[2026-06-16 05:37:37] [INFO] [mtf] MTF EURUSD: H4=bearish H1=bearish M15=bearish aligned=True (strong)
[2026-06-16 05:37:37] [INFO] [voting_engine] EURUSD: MTF strongly aligned, boosting score 10%
[2026-06-16 05:37:37] [INFO] [main] --- XAUUSD ---
[2026-06-16 05:37:40] [INFO] [deepseek] AI analysis XAUUSD: bias=neutral score=45.0 conf=0.40
[2026-06-16 05:37:40] [DEBUG] [signal_engine] Signal: NEUTRAL score=45.0 conf=0.40 strength=ضعيف valid=False
[2026-06-16 05:37:41] [INFO] [mtf] MTF XAUUSD: H4=bearish H1=bearish M15=bearish aligned=True (strong)
[2026-06-16 05:37:41] [INFO] [voting_engine] XAUUSD: MTF strongly aligned, boosting score 10%
[2026-06-16 05:37:41] [INFO] [main] --- GBPUSD ---
[2026-06-16 05:37:44] [INFO] [deepseek] AI analysis GBPUSD: bias=neutral score=35.0 conf=0.40
[2026-06-16 05:37:44] [DEBUG] [signal_engine] Signal: NEUTRAL score=35.0 conf=0.40 strength=ضعيف valid=False
[2026-06-16 05:37:45] [INFO] [mtf] MTF GBPUSD: H4=bearish H1=bearish M15=bearish aligned=True (strong)
[2026-06-16 05:37:45] [INFO] [voting_engine] GBPUSD: MTF strongly aligned, boosting score 10%
[2026-06-16 05:37:45] [INFO] [main] Sleeping 1800s...
[2026-06-16 06:07:45] [INFO] [main] ==================================================
[2026-06-16 06:07:45] [INFO] [main] Cycle 6 at 06:07:45
[2026-06-16 06:07:49] [INFO] [news_fetcher] Fetched 11 relevant news items
[2026-06-16 06:07:49] [INFO] [main] Equity: 73516.00$ | News: 11
[2026-06-16 06:07:49] [INFO] [main] --- EURUSD ---
[2026-06-16 06:07:53] [INFO] [deepseek] AI analysis EURUSD: bias=neutral score=35.0 conf=0.40
[2026-06-16 06:07:53] [DEBUG] [signal_engine] Signal: NEUTRAL score=35.0 conf=0.40 strength=ضعيف valid=False
[2026-06-16 06:07:53] [INFO] [mtf] MTF EURUSD: H4=bearish H1=bearish M15=bearish aligned=True (strong)
[2026-06-16 06:07:53] [INFO] [voting_engine] EURUSD: MTF strongly aligned, boosting score 10%
[2026-06-16 06:07:53] [INFO] [main] --- XAUUSD ---
[2026-06-16 06:07:57] [INFO] [deepseek] AI analysis XAUUSD: bias=neutral score=35.0 conf=0.40
[2026-06-16 06:07:57] [DEBUG] [signal_engine] Signal: NEUTRAL score=35.0 conf=0.40 strength=ضعيف valid=False
[2026-06-16 06:07:57] [INFO] [mtf] MTF XAUUSD: H4=bearish H1=bearish M15=bearish aligned=True (strong)
[2026-06-16 06:07:58] [INFO] [voting_engine] XAUUSD: MTF strongly aligned, boosting score 10%
[2026-06-16 06:07:58] [INFO] [main] --- GBPUSD ---
[2026-06-16 06:08:02] [INFO] [deepseek] AI analysis GBPUSD: bias=neutral score=30.0 conf=0.40
[2026-06-16 06:08:02] [DEBUG] [signal_engine] Signal: NEUTRAL score=30.0 conf=0.40 strength=ضعيف valid=False
[2026-06-16 06:08:02] [INFO] [mtf] MTF GBPUSD: H4=bearish H1=bearish M15=bearish aligned=True (strong)
[2026-06-16 06:08:02] [INFO] [voting_engine] GBPUSD: MTF strongly aligned, boosting score 10%
[2026-06-16 06:08:02] [INFO] [main] Sleeping 1800s...
[2026-06-16 06:36:59] [INFO] [qd_client] Logged in to QuantDinger
[2026-06-16 06:38:02] [INFO] [main] ==================================================
[2026-06-16 06:38:02] [INFO] [main] Cycle 7 at 06:38:02
[2026-06-16 06:38:07] [INFO] [news_fetcher] Fetched 13 relevant news items
[2026-06-16 06:38:07] [INFO] [main] Equity: 73516.00$ | News: 13
[2026-06-16 06:38:07] [INFO] [main] --- EURUSD ---
[2026-06-16 06:38:11] [INFO] [deepseek] AI analysis EURUSD: bias=bearish score=45.0 conf=0.60
[2026-06-16 06:38:11] [DEBUG] [signal_engine] Signal: SELL score=45.0 conf=0.60 strength=ضعيف valid=False
[2026-06-16 06:38:11] [INFO] [sentiment] Sentiment EURUSD: bearish score=83 bull=1 bear=2
[2026-06-16 06:38:11] [INFO] [mtf] MTF EURUSD: H4=bearish H1=bearish M15=bearish aligned=True (strong)
[2026-06-16 06:38:12] [INFO] [voting_engine] EURUSD: MTF strongly aligned, boosting score 10%
[2026-06-16 06:38:12] [INFO] [main] --- XAUUSD ---
[2026-06-16 06:38:15] [INFO] [deepseek] AI analysis XAUUSD: bias=bullish score=65.0 conf=0.60
[2026-06-16 06:38:15] [DEBUG] [signal_engine] Signal: BUY score=65.0 conf=0.60 strength=متوسط valid=True
[2026-06-16 06:38:16] [INFO] [mtf] MTF XAUUSD: H4=bearish H1=bearish M15=bearish aligned=True (strong)
[2026-06-16 06:38:16] [INFO] [voting_engine] XAUUSD: MTF strongly aligned, boosting score 10%
[2026-06-16 06:38:16] [INFO] [main] XAUUSD: SKIP - Score 49.7 < 65
[2026-06-16 06:38:16] [INFO] [main] --- GBPUSD ---
[2026-06-16 06:38:20] [INFO] [deepseek] AI analysis GBPUSD: bias=bearish score=45.0 conf=0.60
[2026-06-16 06:38:20] [DEBUG] [signal_engine] Signal: SELL score=45.0 conf=0.60 strength=ضعيف valid=False
[2026-06-16 06:38:20] [INFO] [mtf] MTF GBPUSD: H4=bearish H1=bearish M15=bearish aligned=True (strong)
[2026-06-16 06:38:20] [INFO] [voting_engine] GBPUSD: MTF strongly aligned, boosting score 10%
[2026-06-16 06:38:20] [INFO] [main] Sleeping 1800s...
[2026-06-16 07:08:20] [INFO] [main] ==================================================
[2026-06-16 07:08:20] [INFO] [main] Cycle 8 at 07:08:20
[2026-06-16 07:08:25] [INFO] [news_fetcher] Fetched 16 relevant news items
[2026-06-16 07:08:25] [INFO] [main] Equity: 73516.00$ | News: 16
[2026-06-16 07:08:25] [INFO] [main] --- EURUSD ---
[2026-06-16 07:08:29] [INFO] [deepseek] AI analysis EURUSD: bias=neutral score=45.0 conf=0.40
[2026-06-16 07:08:29] [DEBUG] [signal_engine] Signal: NEUTRAL score=45.0 conf=0.40 strength=ضعيف valid=False
[2026-06-16 07:08:29] [INFO] [sentiment] Sentiment EURUSD: bullish score=100 bull=3 bear=0
[2026-06-16 07:08:29] [INFO] [mtf] MTF EURUSD: H4=bearish H1=bearish M15=bearish aligned=True (strong)
[2026-06-16 07:08:29] [INFO] [voting_engine] EURUSD: MTF strongly aligned, boosting score 10%
[2026-06-16 07:08:29] [INFO] [main] --- XAUUSD ---
[2026-06-16 07:08:33] [INFO] [deepseek] AI analysis XAUUSD: bias=neutral score=45.0 conf=0.40
[2026-06-16 07:08:33] [DEBUG] [signal_engine] Signal: NEUTRAL score=45.0 conf=0.40 strength=ضعيف valid=False
[2026-06-16 07:08:34] [INFO] [mtf] MTF XAUUSD: H4=bearish H1=bearish M15=bearish aligned=True (strong)
[2026-06-16 07:08:34] [INFO] [voting_engine] XAUUSD: MTF strongly aligned, boosting score 10%
[2026-06-16 07:08:34] [INFO] [main] --- GBPUSD ---
[2026-06-16 07:08:37] [INFO] [deepseek] AI analysis GBPUSD: bias=neutral score=35.0 conf=0.40
[2026-06-16 07:08:37] [DEBUG] [signal_engine] Signal: NEUTRAL score=35.0 conf=0.40 strength=ضعيف valid=False
[2026-06-16 07:08:38] [INFO] [mtf] MTF GBPUSD: H4=bearish H1=bearish M15=bearish aligned=True (strong)
[2026-06-16 07:08:38] [INFO] [voting_engine] GBPUSD: MTF strongly aligned, boosting score 10%
[2026-06-16 07:08:38] [INFO] [main] Sleeping 1800s...
[2026-06-16 07:37:01] [INFO] [qd_client] Logged in to QuantDinger
[2026-06-16 07:38:38] [INFO] [main] ==================================================
[2026-06-16 07:38:38] [INFO] [main] Cycle 9 at 07:38:38
[2026-06-16 07:38:43] [INFO] [news_fetcher] Fetched 16 relevant news items
[2026-06-16 07:38:43] [INFO] [main] Equity: 73516.00$ | News: 16
[2026-06-16 07:38:43] [INFO] [main] --- EURUSD ---
[2026-06-16 07:38:48] [INFO] [deepseek] AI analysis EURUSD: bias=neutral score=45.0 conf=0.40
[2026-06-16 07:38:48] [DEBUG] [signal_engine] Signal: NEUTRAL score=45.0 conf=0.40 strength=ضعيف valid=False
[2026-06-16 07:38:48] [INFO] [sentiment] Sentiment EURUSD: bullish score=100 bull=3 bear=0
[2026-06-16 07:38:48] [INFO] [mtf] MTF EURUSD: H4=bearish H1=bearish M15=bearish aligned=True (strong)
[2026-06-16 07:38:48] [INFO] [voting_engine] EURUSD: MTF strongly aligned, boosting score 10%
[2026-06-16 07:38:48] [INFO] [main] --- XAUUSD ---
[2026-06-16 07:38:52] [INFO] [deepseek] AI analysis XAUUSD: bias=neutral score=45.0 conf=0.40
[2026-06-16 07:38:52] [DEBUG] [signal_engine] Signal: NEUTRAL score=45.0 conf=0.40 strength=ضعيف valid=False
[2026-06-16 07:38:52] [INFO] [mtf] MTF XAUUSD: H4=bearish H1=bearish M15=bearish aligned=True (strong)
[2026-06-16 07:38:52] [INFO] [voting_engine] XAUUSD: MTF strongly aligned, boosting score 10%
[2026-06-16 07:38:53] [INFO] [main] --- GBPUSD ---
[2026-06-16 07:38:56] [INFO] [deepseek] AI analysis GBPUSD: bias=neutral score=35.0 conf=0.40
[2026-06-16 07:38:56] [DEBUG] [signal_engine] Signal: NEUTRAL score=35.0 conf=0.40 strength=ضعيف valid=False
[2026-06-16 07:38:57] [INFO] [mtf] MTF GBPUSD: H4=bearish H1=bearish M15=bearish aligned=True (strong)
[2026-06-16 07:38:57] [INFO] [voting_engine] GBPUSD: MTF strongly aligned, boosting score 10%
[2026-06-16 07:38:57] [INFO] [main] Sleeping 1800s...
[2026-06-16 08:19:31] [INFO] [main] Trading Bot V3 starting...
[2026-06-16 08:19:31] [INFO] [database] V3 Database initialized with all tables
[2026-06-16 08:19:32] [INFO] [qd_client] Logged in to QuantDinger
[2026-06-16 08:19:32] [INFO] [qd_client] MT5 connected
[2026-06-16 08:19:32] [INFO] [main] MT5 connected
[2026-06-16 08:19:32] [INFO] [telegram_bot] Telegram polling started
[2026-06-16 08:19:32] [INFO] [telegram_bot] Telegram bot V3 started
[2026-06-16 08:19:32] [INFO] [mt5_watchdog] MT5 watchdog started (V1 reconnect logic)
[2026-06-16 08:19:32] [INFO] [reconciliation] Reconciliation loop started (every 60s)
[2026-06-16 08:19:32] [INFO] [reconciliation] Reconciliation thread started
[2026-06-16 08:19:33] [INFO] [main] ==================================================
[2026-06-16 08:19:33] [INFO] [main] Cycle 1 at 08:19:33
[2026-06-16 08:19:33] [ERROR] [reconciliation] Reconciliation error: close_trade_db() missing 1 required positional argument: 'pnl'
[2026-06-16 08:19:42] [INFO] [news_fetcher] Fetched 8 relevant news items
[2026-06-16 08:19:42] [INFO] [main] Equity: 73516.00$ | News: 8
[2026-06-16 08:19:42] [INFO] [main] --- EURUSD ---
[2026-06-16 08:19:46] [INFO] [deepseek] AI analysis EURUSD: bias=neutral score=30.0 conf=0.40
[2026-06-16 08:19:46] [DEBUG] [signal_engine] Signal: NEUTRAL score=30.0 conf=0.40 strength=ضعيف valid=False
[2026-06-16 08:19:46] [INFO] [sentiment] Sentiment EURUSD: bullish score=100 bull=1 bear=0
[2026-06-16 08:19:46] [INFO] [mtf] MTF EURUSD: H4=bearish H1=bearish M15=bearish aligned=True (strong)
[2026-06-16 08:19:46] [INFO] [voting_engine] EURUSD: MTF strongly aligned, boosting score 10%
[2026-06-16 08:19:46] [INFO] [main] --- XAUUSD ---
[2026-06-16 08:19:50] [INFO] [deepseek] AI analysis XAUUSD: bias=neutral score=35.0 conf=0.40
[2026-06-16 08:19:50] [DEBUG] [signal_engine] Signal: NEUTRAL score=35.0 conf=0.40 strength=ضعيف valid=False
[2026-06-16 08:19:51] [INFO] [mtf] MTF XAUUSD: H4=bearish H1=bearish M15=bearish aligned=True (strong)
[2026-06-16 08:19:51] [INFO] [voting_engine] XAUUSD: MTF strongly aligned, boosting score 10%
[2026-06-16 08:19:51] [INFO] [main] --- GBPUSD ---
[2026-06-16 08:19:54] [INFO] [deepseek] AI analysis GBPUSD: bias=neutral score=35.0 conf=0.40
[2026-06-16 08:19:54] [DEBUG] [signal_engine] Signal: NEUTRAL score=35.0 conf=0.40 strength=ضعيف valid=False
[2026-06-16 08:19:55] [INFO] [mtf] MTF GBPUSD: H4=bearish H1=bearish M15=bearish aligned=True (strong)
[2026-06-16 08:19:55] [INFO] [voting_engine] GBPUSD: MTF strongly aligned, boosting score 10%
[2026-06-16 08:19:55] [INFO] [main] Sleeping 1800s...
[2026-06-16 08:20:34] [ERROR] [reconciliation] Reconciliation error: close_trade_db() missing 1 required positional argument: 'pnl'
[2026-06-16 08:21:34] [ERROR] [reconciliation] Reconciliation error: close_trade_db() missing 1 required positional argument: 'pnl'
[2026-06-16 08:22:35] [ERROR] [reconciliation] Reconciliation error: close_trade_db() missing 1 required positional argument: 'pnl'
[2026-06-16 08:23:29] [INFO] [main] Trading Bot V3 starting...
[2026-06-16 08:23:29] [INFO] [database] V3 Database initialized with all tables
[2026-06-16 08:23:29] [INFO] [qd_client] Logged in to QuantDinger
[2026-06-16 08:23:29] [INFO] [qd_client] MT5 connected
[2026-06-16 08:23:29] [INFO] [main] MT5 connected
[2026-06-16 08:23:29] [INFO] [telegram_bot] Telegram polling started
[2026-06-16 08:23:29] [INFO] [telegram_bot] Telegram bot V3 started
[2026-06-16 08:23:29] [INFO] [mt5_watchdog] MT5 watchdog started (V1 reconnect logic)
[2026-06-16 08:23:29] [INFO] [reconciliation] Reconciliation loop started (every 60s)
[2026-06-16 08:23:29] [INFO] [reconciliation] Reconciliation thread started
[2026-06-16 08:23:30] [INFO] [main] ==================================================
[2026-06-16 08:23:30] [INFO] [main] Cycle 1 at 08:23:30
[2026-06-16 08:23:30] [INFO] [reconciliation] Reconciliation: {'db_count': 1, 'qd_count': 0, 'fixes': 1, 'mismatches': ['DB orphan closed: trade 1']}
[2026-06-16 08:23:36] [INFO] [qd_client] Logged in to QuantDinger
[2026-06-16 08:23:37] [ERROR] [reconciliation] Reconciliation error: close_trade_db() missing 1 required positional argument: 'pnl'
[2026-06-16 08:23:39] [INFO] [news_fetcher] Fetched 7 relevant news items
[2026-06-16 08:23:40] [INFO] [qd_client] Logged in to QuantDinger
[2026-06-16 08:23:40] [INFO] [main] Equity: 73516.00$ | News: 7
[2026-06-16 08:23:40] [INFO] [main] --- EURUSD ---
[2026-06-16 08:23:44] [INFO] [deepseek] AI analysis EURUSD: bias=neutral score=35.0 conf=0.40
[2026-06-16 08:23:44] [DEBUG] [signal_engine] Signal: NEUTRAL score=35.0 conf=0.40 strength=ضعيف valid=False
[2026-06-16 08:23:44] [INFO] [mtf] MTF EURUSD: H4=bearish H1=bearish M15=bearish aligned=True (strong)
[2026-06-16 08:23:44] [INFO] [voting_engine] EURUSD: MTF strongly aligned, boosting score 10%
[2026-06-16 08:23:44] [INFO] [main] --- XAUUSD ---
[2026-06-16 08:23:48] [INFO] [deepseek] AI analysis XAUUSD: bias=neutral score=35.0 conf=0.40
[2026-06-16 08:23:48] [DEBUG] [signal_engine] Signal: NEUTRAL score=35.0 conf=0.40 strength=ضعيف valid=False
[2026-06-16 08:23:48] [INFO] [mtf] MTF XAUUSD: H4=bearish H1=bearish M15=bearish aligned=True (strong)
[2026-06-16 08:23:48] [INFO] [voting_engine] XAUUSD: MTF strongly aligned, boosting score 10%
[2026-06-16 08:23:48] [INFO] [main] --- GBPUSD ---
[2026-06-16 08:23:52] [INFO] [deepseek] AI analysis GBPUSD: bias=neutral score=35.0 conf=0.40
[2026-06-16 08:23:52] [DEBUG] [signal_engine] Signal: NEUTRAL score=35.0 conf=0.40 strength=ضعيف valid=False
[2026-06-16 08:23:52] [INFO] [mtf] MTF GBPUSD: H4=bearish H1=bearish M15=bearish aligned=True (strong)
[2026-06-16 08:23:52] [INFO] [voting_engine] GBPUSD: MTF strongly aligned, boosting score 10%
[2026-06-16 08:23:52] [INFO] [main] Sleeping 1800s...
[2026-06-16 08:24:31] [INFO] [reconciliation] Reconciliation: {'db_count': 1, 'qd_count': 0, 'fixes': 1, 'mismatches': ['DB orphan closed: trade 1']}
[2026-06-16 08:24:32] [WARNING] [mt5_watchdog] MT5 disconnected! Attempt 1/3
[2026-06-16 08:24:35] [INFO] [qd_client] Logged in to QuantDinger
[2026-06-16 08:24:35] [INFO] [mt5_watchdog] MT5 already connected
[2026-06-16 08:24:35] [INFO] [mt5_watchdog] MT5 reconnected successfully!
[2026-06-16 08:24:39] [ERROR] [reconciliation] Reconciliation error: close_trade_db() missing 1 required positional argument: 'pnl'
[2026-06-16 08:26:34] [INFO] [main] Trading Bot V3 starting...
[2026-06-16 08:26:34] [INFO] [database] V3 Database initialized with all tables
[2026-06-16 08:26:34] [ERROR] [qd_client] Login attempt 1 failed: Expecting value: line 1 column 1 (char 0)
[2026-06-16 08:26:39] [ERROR] [qd_client] Login attempt 2 failed: Expecting value: line 1 column 1 (char 0)
[2026-06-16 08:26:44] [INFO] [qd_client] Logged in to QuantDinger
[2026-06-16 08:26:45] [INFO] [qd_client] MT5 connected
[2026-06-16 08:26:45] [INFO] [main] MT5 connected
[2026-06-16 08:26:45] [INFO] [telegram_bot] Telegram polling started
[2026-06-16 08:26:45] [INFO] [telegram_bot] Telegram bot V3 started
[2026-06-16 08:26:45] [INFO] [mt5_watchdog] MT5 watchdog started (V1 reconnect logic)
[2026-06-16 08:26:45] [INFO] [reconciliation] Reconciliation loop started (every 60s)
[2026-06-16 08:26:45] [INFO] [reconciliation] Reconciliation thread started
[2026-06-16 08:26:45] [INFO] [reconciliation] Reconciliation: {'db_count': 1, 'qd_count': 0, 'fixes': 1, 'mismatches': ['DB orphan closed: trade 1']}
[2026-06-16 08:26:45] [INFO] [main] ==================================================
[2026-06-16 08:26:45] [INFO] [main] Cycle 1 at 08:26:45
[2026-06-16 08:26:54] [INFO] [news_fetcher] Fetched 5 relevant news items
[2026-06-16 08:26:54] [INFO] [main] Equity: 73516.00$ | News: 5
[2026-06-16 08:26:54] [INFO] [main] --- EURUSD ---
[2026-06-16 08:26:58] [INFO] [deepseek] AI analysis EURUSD: bias=neutral score=35.0 conf=0.40
[2026-06-16 08:26:58] [DEBUG] [signal_engine] Signal: NEUTRAL score=35.0 conf=0.40 strength=ضعيف valid=False
[2026-06-16 08:26:58] [INFO] [mtf] MTF EURUSD: H4=bearish H1=bearish M15=bearish aligned=True (strong)
[2026-06-16 08:26:58] [INFO] [voting_engine] EURUSD: MTF strongly aligned, boosting score 10%
[2026-06-16 08:26:58] [INFO] [main] --- XAUUSD ---
[2026-06-16 08:27:02] [INFO] [deepseek] AI analysis XAUUSD: bias=neutral score=35.0 conf=0.40
[2026-06-16 08:27:02] [DEBUG] [signal_engine] Signal: NEUTRAL score=35.0 conf=0.40 strength=ضعيف valid=False
[2026-06-16 08:27:02] [INFO] [mtf] MTF XAUUSD: H4=bearish H1=bearish M15=bearish aligned=True (strong)
[2026-06-16 08:27:02] [INFO] [voting_engine] XAUUSD: MTF strongly aligned, boosting score 10%
[2026-06-16 08:27:02] [INFO] [main] --- GBPUSD ---
[2026-06-16 08:27:06] [INFO] [deepseek] AI analysis GBPUSD: bias=neutral score=30.0 conf=0.40
[2026-06-16 08:27:06] [DEBUG] [signal_engine] Signal: NEUTRAL score=30.0 conf=0.40 strength=ضعيف valid=False
[2026-06-16 08:27:06] [INFO] [mtf] MTF GBPUSD: H4=bearish H1=bearish M15=bearish aligned=True (strong)
[2026-06-16 08:27:07] [INFO] [voting_engine] GBPUSD: MTF strongly aligned, boosting score 10%
[2026-06-16 08:27:07] [INFO] [main] Sleeping 1800s...
[2026-06-16 08:27:46] [INFO] [reconciliation] Reconciliation: {'db_count': 1, 'qd_count': 0, 'fixes': 1, 'mismatches': ['DB orphan closed: trade 1']}
[2026-06-16 08:28:47] [INFO] [reconciliation] Reconciliation: {'db_count': 1, 'qd_count': 0, 'fixes': 1, 'mismatches': ['DB orphan closed: trade 1']}
[2026-06-16 08:29:10] [INFO] [news_fetcher] Fetched 4 relevant news items
