[2026-07-13 14:56:41] [INFO] [main] Trading Bot V3 starting...
[2026-07-13 14:56:41] [INFO] [database] V3 Database initialized with all tables
[2026-07-13 14:56:42] [INFO] [qd_client] Logged in to QuantDinger
[2026-07-13 14:56:42] [INFO] [qd_client] MT5 connected
[2026-07-13 14:56:42] [INFO] [main] MT5 connected
[2026-07-13 14:56:42] [INFO] [main] [STARTUP_SAFETY] Starting startup safety check (run-once)
[2026-07-13 14:56:42] [WARNING] [main] [STARTUP_SAFETY] mt5.positions_get None diagnostic last_error=(1, 'Success')
[2026-07-13 14:56:42] [INFO] [main] [STARTUP_SAFETY] MT5 open positions count=0
[2026-07-13 14:56:42] [INFO] [main] [STARTUP_SAFETY] DB open trades count=0
[2026-07-13 14:56:42] [INFO] [main] [STARTUP_SAFETY] missing_in_db(MT5-only)=0 missing_in_mt5(DB-only)=0
[2026-07-13 14:56:42] [INFO] [main] [STARTUP_SAFETY] Synced open positions count=0
[2026-07-13 14:56:42] [INFO] [main] [STARTUP_SAFETY] Completed startup safety check successfully
[2026-07-13 14:56:42] [INFO] [telegram_bot] Telegram polling started
[2026-07-13 14:56:42] [INFO] [telegram_bot] Telegram bot V3 started
[2026-07-13 14:56:42] [INFO] [mt5_watchdog] MT5 watchdog started (V1 reconnect logic)
[2026-07-13 14:56:42] [INFO] [reconciliation] Reconciliation loop started (every 60s)
[2026-07-13 14:56:42] [INFO] [reconciliation] Reconciliation thread started (safety only)
[2026-07-13 14:56:42] [INFO] [post_entry_manager] PostEntryManager started
[2026-07-13 14:56:43] [INFO] [main] ==================================================
[2026-07-13 14:56:43] [INFO] [main] Cycle 1 at 14:56:43
[2026-07-13 14:56:51] [INFO] [news_fetcher] Fetched 25 relevant news items
[2026-07-13 14:56:51] [INFO] [main] Equity: 74386.52$ | News: 25
[2026-07-13 14:56:51] [DEBUG] [hybrid_market_client] Fetching indicators for EURUSD (QuantDinger only)
[2026-07-13 14:56:55] [DEBUG] [market_client] Candles EURUSD 4H: 100 bars ✓
[2026-07-13 14:56:55] [DEBUG] [hybrid_market_client] ✓ Got live data from QuantDinger for EURUSD
[2026-07-13 14:56:55] [DEBUG] [hybrid_market_client] Fetching indicators for EURUSD (QuantDinger only)
[2026-07-13 14:56:55] [DEBUG] [market_client] Candles EURUSD 4H: 100 bars ✓
[2026-07-13 14:56:55] [DEBUG] [hybrid_market_client] ✓ Got live data from QuantDinger for EURUSD
[2026-07-13 14:56:55] [DEBUG] [hybrid_market_client] Fetching indicators for EURUSD (QuantDinger only)
[2026-07-13 14:56:55] [DEBUG] [market_client] Candles EURUSD 4H: 100 bars ✓
[2026-07-13 14:56:55] [DEBUG] [hybrid_market_client] ✓ Got live data from QuantDinger for EURUSD
[2026-07-13 14:56:55] [INFO] [market_snapshot_builder] [SNAPSHOT_BUILT] symbol=EURUSD tfs=H4,H1,M15
[2026-07-13 14:56:55] [DEBUG] [hybrid_market_client] Fetching indicators for XAUUSD (QuantDinger only)
[2026-07-13 14:56:56] [DEBUG] [market_client] Candles XAUUSD 4H: 95 bars ✓
[2026-07-13 14:56:56] [DEBUG] [hybrid_market_client] ✓ Got live data from QuantDinger for XAUUSD
[2026-07-13 14:56:56] [DEBUG] [hybrid_market_client] Fetching indicators for XAUUSD (QuantDinger only)
[2026-07-13 14:56:56] [DEBUG] [market_client] Candles XAUUSD 4H: 95 bars ✓
[2026-07-13 14:56:56] [DEBUG] [hybrid_market_client] ✓ Got live data from QuantDinger for XAUUSD
[2026-07-13 14:56:56] [DEBUG] [hybrid_market_client] Fetching indicators for XAUUSD (QuantDinger only)
[2026-07-13 14:56:56] [DEBUG] [market_client] Candles XAUUSD 4H: 95 bars ✓
[2026-07-13 14:56:56] [DEBUG] [hybrid_market_client] ✓ Got live data from QuantDinger for XAUUSD
[2026-07-13 14:56:56] [INFO] [market_snapshot_builder] [SNAPSHOT_BUILT] symbol=XAUUSD tfs=H4,H1,M15
[2026-07-13 14:56:56] [DEBUG] [hybrid_market_client] Fetching indicators for GBPUSD (QuantDinger only)
[2026-07-13 14:56:56] [DEBUG] [market_client] Candles GBPUSD 4H: 100 bars ✓
[2026-07-13 14:56:56] [DEBUG] [hybrid_market_client] ✓ Got live data from QuantDinger for GBPUSD
[2026-07-13 14:56:56] [DEBUG] [hybrid_market_client] Fetching indicators for GBPUSD (QuantDinger only)
[2026-07-13 14:56:56] [DEBUG] [market_client] Candles GBPUSD 4H: 100 bars ✓
[2026-07-13 14:56:56] [DEBUG] [hybrid_market_client] ✓ Got live data from QuantDinger for GBPUSD
[2026-07-13 14:56:56] [DEBUG] [hybrid_market_client] Fetching indicators for GBPUSD (QuantDinger only)
[2026-07-13 14:56:56] [DEBUG] [market_client] Candles GBPUSD 4H: 100 bars ✓
[2026-07-13 14:56:56] [DEBUG] [hybrid_market_client] ✓ Got live data from QuantDinger for GBPUSD
[2026-07-13 14:56:56] [INFO] [market_snapshot_builder] [SNAPSHOT_BUILT] symbol=GBPUSD tfs=H4,H1,M15
[2026-07-13 14:56:56] [INFO] [main] --- EURUSD ---
[2026-07-13 14:57:00] [INFO] [deepseek] DEEPSEEK OK: {
  "impact_score": 65,
  "bias": "bullish",
  "confidence": 0.75,
  "reason": "الاتجاه الفني قوي صا...
[2026-07-13 14:57:00] [INFO] [deepseek] AI EURUSD: bias=bullish impact=65.0 conf=0.75
[2026-07-13 14:57:00] [INFO] [signal_engine] [VERIFY] SIGNAL_INPUT bias=bullish score=65.0 confidence=0.75
[2026-07-13 14:57:00] [INFO] [signal_engine] [VERIFY] SIGNAL_RULE rule=confidence>=0.60 actual=0.75 result=True
[2026-07-13 14:57:00] [INFO] [signal_engine] [VERIFY] SIGNAL_RULE rule=score>=55 actual=65.0 result=True
[2026-07-13 14:57:00] [INFO] [signal_engine] [VERIFY] SIGNAL_RULE rule=bias in [bullish,bearish] actual=bullish result=True
[2026-07-13 14:57:00] [INFO] [signal_engine] [VERIFY] SIGNAL_FINAL direction=BUY score=65.0 confidence=0.75 valid=True
[2026-07-13 14:57:00] [DEBUG] [signal_engine] Signal: BUY score=65.0 conf=0.75 strength=متوسط valid=True
[2026-07-13 14:57:00] [INFO] [sentiment] Sentiment EURUSD: bullish score=92 bull=5 bear=1
[2026-07-13 14:57:00] [DEBUG] [mtf] MTF (snapshot) EURUSD: H4=bullish H1=neutral M15=neutral aligned=False (weak)
[2026-07-13 14:57:00] [INFO] [main] [VERIFY][DATA_TRUTH] symbol=EURUSD timeframe=H4/H1/M15 news_fetched=True indicators_fetched=True live_data=True cached=False
[2026-07-13 14:57:00] [INFO] [voting_engine] EURUSD: MTF weakly misaligned, reducing score 10%
[2026-07-13 14:57:00] [DEBUG] [hybrid_market_client] Fetching indicators for EURUSD (QuantDinger only)
[2026-07-13 14:57:00] [DEBUG] [market_client] Candles EURUSD 4H: 100 bars ✓
[2026-07-13 14:57:00] [DEBUG] [hybrid_market_client] ✓ Got live data from QuantDinger for EURUSD
[2026-07-13 14:57:00] [DEBUG] [hybrid_market_client] Fetching indicators for EURUSD (QuantDinger only)
[2026-07-13 14:57:00] [DEBUG] [market_client] Using cached candles for EURUSD 4H (age: 0s)
[2026-07-13 14:57:00] [DEBUG] [hybrid_market_client] ✓ Got live data from QuantDinger for EURUSD
[2026-07-13 14:57:00] [INFO] [sltp] SL/TP EURUSD: entry=1.1431183815002441 atr=0.00214 sl=1.13991 tp=1.14846
[2026-07-13 14:57:00] [INFO] [position_sizing] Position size: 0.5 (equity=74387, risk=0.001, sl_dist=0.00321, score=79, cons_loss=0)
[2026-07-13 14:57:00] [INFO] [xgboost_v2] [VERIFY] XGBOOST MODEL LOADED path=models/entry/entry_model.json available=True
[2026-07-13 14:57:00] [INFO] [xgboost_v2] XGBoost v2 model loaded successfully
[2026-07-13 14:57:00] [DEBUG] [xgboost_v2] V2 predict: rsi=46.0 atr=0.00214 regime=TRENDING session=london dir=BUY -> p_win=0.125
[2026-07-13 14:57:00] [INFO] [xgboost_v2] [VERIFY] XGBOOST PREDICTION p_win=0.125 available=True
[2026-07-13 14:57:00] [INFO] [main] [VERIFY][DECISION_TRUTH] bias=bullish score=79.1 confidence=0.664 vote=BUY risk_passed=True sl_tp_calculated=True position_size=0.5 xgboost_p_win=0.12512187659740448 final_decision_valid=False reject_reason=p_win<threshold (p_win=0.125 threshold=0.6)
[2026-07-13 14:57:00] [INFO] [main] --- XAUUSD ---
[2026-07-13 14:57:04] [INFO] [deepseek] DEEPSEEK OK: {
  "impact_score": 65,
  "bias": "bearish",
  "confidence": 0.7,
  "reason": "الاتجاه هابط بقوة على...
[2026-07-13 14:57:04] [INFO] [deepseek] AI XAUUSD: bias=bearish impact=65.0 conf=0.70
[2026-07-13 14:57:04] [INFO] [signal_engine] [VERIFY] SIGNAL_INPUT bias=bearish score=65.0 confidence=0.7
[2026-07-13 14:57:04] [INFO] [signal_engine] [VERIFY] SIGNAL_RULE rule=confidence>=0.60 actual=0.7 result=True
[2026-07-13 14:57:04] [INFO] [signal_engine] [VERIFY] SIGNAL_RULE rule=score>=55 actual=65.0 result=True
[2026-07-13 14:57:04] [INFO] [signal_engine] [VERIFY] SIGNAL_RULE rule=bias in [bullish,bearish] actual=bearish result=True
[2026-07-13 14:57:04] [INFO] [signal_engine] [VERIFY] SIGNAL_FINAL direction=SELL score=65.0 confidence=0.7 valid=True
[2026-07-13 14:57:04] [DEBUG] [signal_engine] Signal: SELL score=65.0 conf=0.70 strength=متوسط valid=True
[2026-07-13 14:57:04] [INFO] [sentiment] Sentiment XAUUSD: neutral score=50 bull=1 bear=1
[2026-07-13 14:57:04] [DEBUG] [mtf] MTF (snapshot) XAUUSD: H4=bearish H1=bearish M15=bearish aligned=True (strong)
[2026-07-13 14:57:04] [INFO] [main] [VERIFY][DATA_TRUTH] symbol=XAUUSD timeframe=H4/H1/M15 news_fetched=True indicators_fetched=True live_data=True cached=False
[2026-07-13 14:57:04] [INFO] [voting_engine] XAUUSD: MTF strongly aligned, boosting score 10%
[2026-07-13 14:57:04] [DEBUG] [hybrid_market_client] Fetching indicators for XAUUSD (QuantDinger only)
[2026-07-13 14:57:04] [DEBUG] [market_client] Candles XAUUSD 4H: 95 bars ✓
[2026-07-13 14:57:04] [DEBUG] [hybrid_market_client] ✓ Got live data from QuantDinger for XAUUSD
[2026-07-13 14:57:04] [DEBUG] [hybrid_market_client] Fetching indicators for XAUUSD (QuantDinger only)
[2026-07-13 14:57:04] [DEBUG] [market_client] Using cached candles for XAUUSD 4H (age: 0s)
[2026-07-13 14:57:04] [DEBUG] [hybrid_market_client] ✓ Got live data from QuantDinger for XAUUSD
[2026-07-13 14:57:04] [INFO] [sltp] SL/TP XAUUSD: entry=4072.0 atr=26.12146 sl=4082.0 tp=4006.69635
[2026-07-13 14:57:04] [INFO] [position_sizing] Position size: 0.1 (equity=74387, risk=0.003, sl_dist=10.00000, score=94, cons_loss=0)
[2026-07-13 14:57:04] [DEBUG] [xgboost_v2] V2 predict: rsi=30.3 atr=26.12146 regime=TRENDING session=london dir=SELL -> p_win=0.125
[2026-07-13 14:57:04] [INFO] [xgboost_v2] [VERIFY] XGBOOST PREDICTION p_win=0.125 available=True
[2026-07-13 14:57:04] [INFO] [main] [VERIFY][DECISION_TRUTH] bias=bearish score=94.5 confidence=1.0 vote=SELL risk_passed=True sl_tp_calculated=True position_size=0.1 xgboost_p_win=0.12512187659740448 final_decision_valid=False reject_reason=p_win<threshold (p_win=0.125 threshold=0.6)
[2026-07-13 14:57:04] [INFO] [main] --- GBPUSD ---
[2026-07-13 14:57:07] [INFO] [deepseek] DEEPSEEK OK: {
  "impact_score": 65,
  "bias": "bearish",
  "confidence": 0.7,
  "reason": "الترند الهابط ومؤشر ا...
[2026-07-13 14:57:07] [INFO] [deepseek] AI GBPUSD: bias=bearish impact=65.0 conf=0.70
[2026-07-13 14:57:07] [INFO] [signal_engine] [VERIFY] SIGNAL_INPUT bias=bearish score=65.0 confidence=0.7
[2026-07-13 14:57:07] [INFO] [signal_engine] [VERIFY] SIGNAL_RULE rule=confidence>=0.60 actual=0.7 result=True
[2026-07-13 14:57:07] [INFO] [signal_engine] [VERIFY] SIGNAL_RULE rule=score>=55 actual=65.0 result=True
[2026-07-13 14:57:07] [INFO] [signal_engine] [VERIFY] SIGNAL_RULE rule=bias in [bullish,bearish] actual=bearish result=True
[2026-07-13 14:57:07] [INFO] [signal_engine] [VERIFY] SIGNAL_FINAL direction=SELL score=65.0 confidence=0.7 valid=True
[2026-07-13 14:57:07] [DEBUG] [signal_engine] Signal: SELL score=65.0 conf=0.70 strength=متوسط valid=True
[2026-07-13 14:57:07] [DEBUG] [mtf] MTF (snapshot) GBPUSD: H4=bearish H1=bearish M15=bearish aligned=True (strong)
[2026-07-13 14:57:07] [INFO] [main] [VERIFY][DATA_TRUTH] symbol=GBPUSD timeframe=H4/H1/M15 news_fetched=True indicators_fetched=True live_data=True cached=False
[2026-07-13 14:57:07] [INFO] [voting_engine] GBPUSD: MTF strongly aligned, boosting score 10%
[2026-07-13 14:57:07] [DEBUG] [hybrid_market_client] Fetching indicators for GBPUSD (QuantDinger only)
[2026-07-13 14:57:07] [DEBUG] [market_client] Candles GBPUSD 4H: 100 bars ✓
[2026-07-13 14:57:07] [DEBUG] [hybrid_market_client] ✓ Got live data from QuantDinger for GBPUSD
[2026-07-13 14:57:07] [DEBUG] [hybrid_market_client] Fetching indicators for GBPUSD (QuantDinger only)
[2026-07-13 14:57:07] [DEBUG] [market_client] Using cached candles for GBPUSD 4H (age: 0s)
[2026-07-13 14:57:07] [DEBUG] [hybrid_market_client] ✓ Got live data from QuantDinger for GBPUSD
[2026-07-13 14:57:07] [INFO] [sltp] SL/TP GBPUSD: entry=1.339620590209961 atr=0.00270 sl=1.34367 tp=1.33287
[2026-07-13 14:57:07] [INFO] [position_sizing] Position size: 0.5 (equity=74387, risk=0.002, sl_dist=0.00405, score=83, cons_loss=0)
[2026-07-13 14:57:07] [DEBUG] [xgboost_v2] V2 predict: rsi=43.2 atr=0.00270 regime=TRENDING session=london dir=SELL -> p_win=0.125
[2026-07-13 14:57:07] [INFO] [xgboost_v2] [VERIFY] XGBOOST PREDICTION p_win=0.125 available=True
[2026-07-13 14:57:07] [INFO] [main] [VERIFY][DECISION_TRUTH] bias=bearish score=83.1 confidence=1.0 vote=SELL risk_passed=True sl_tp_calculated=True position_size=0.5 xgboost_p_win=0.12512187659740448 final_decision_valid=False reject_reason=p_win<threshold (p_win=0.125 threshold=0.6)
[2026-07-13 14:57:07] [INFO] [adaptive_weights] EURUSD weights updated: {'ai': 0.239, 'trend': 0.239, 'momentum': 0.239, 'sentiment': 0.239, 'volatility': 0.043} | WR=10.0% PF=2.07
[2026-07-13 14:57:07] [INFO] [adaptive_weights] GBPUSD weights updated: {'ai': 0.239, 'trend': 0.239, 'momentum': 0.239, 'sentiment': 0.239, 'volatility': 0.043} | WR=13.0% PF=8.53
[2026-07-13 14:57:07] [INFO] [adaptive_weights] 🏆 أفضل زوج: GBPUSD | WR=13.0% | PnL=144.6$
[2026-07-13 14:57:07] [INFO] [adaptive_weights] ⚠️ أسوأ زوج: XAUUSD | WR=0.0% | PnL=-16.8$
[2026-07-13 14:57:07] [INFO] [main] Sleeping 1800s...
[2026-07-13 15:27:07] [INFO] [main] ==================================================
[2026-07-13 15:27:07] [INFO] [main] Cycle 2 at 15:27:07
[2026-07-13 15:27:15] [INFO] [news_fetcher] Fetched 30 relevant news items
[2026-07-13 15:27:15] [INFO] [main] Equity: 74386.52$ | News: 30
[2026-07-13 15:27:15] [DEBUG] [hybrid_market_client] Fetching indicators for EURUSD (QuantDinger only)
[2026-07-13 15:27:15] [DEBUG] [market_client] Candles EURUSD 4H: 100 bars ✓
[2026-07-13 15:27:15] [DEBUG] [hybrid_market_client] ✓ Got live data from QuantDinger for EURUSD
[2026-07-13 15:27:15] [DEBUG] [hybrid_market_client] Fetching indicators for EURUSD (QuantDinger only)
[2026-07-13 15:27:15] [DEBUG] [market_client] Candles EURUSD 4H: 100 bars ✓
[2026-07-13 15:27:15] [DEBUG] [hybrid_market_client] ✓ Got live data from QuantDinger for EURUSD
[2026-07-13 15:27:15] [DEBUG] [hybrid_market_client] Fetching indicators for EURUSD (QuantDinger only)
[2026-07-13 15:27:16] [DEBUG] [market_client] Candles EURUSD 4H: 100 bars ✓
[2026-07-13 15:27:16] [DEBUG] [hybrid_market_client] ✓ Got live data from QuantDinger for EURUSD
[2026-07-13 15:27:16] [INFO] [market_snapshot_builder] [SNAPSHOT_BUILT] symbol=EURUSD tfs=H4,H1,M15
[2026-07-13 15:27:16] [DEBUG] [hybrid_market_client] Fetching indicators for XAUUSD (QuantDinger only)
[2026-07-13 15:27:16] [DEBUG] [market_client] Candles XAUUSD 4H: 96 bars ✓
[2026-07-13 15:27:16] [DEBUG] [hybrid_market_client] ✓ Got live data from QuantDinger for XAUUSD
[2026-07-13 15:27:16] [DEBUG] [hybrid_market_client] Fetching indicators for XAUUSD (QuantDinger only)
[2026-07-13 15:27:16] [DEBUG] [market_client] Candles XAUUSD 4H: 96 bars ✓
[2026-07-13 15:27:16] [DEBUG] [hybrid_market_client] ✓ Got live data from QuantDinger for XAUUSD
[2026-07-13 15:27:16] [DEBUG] [hybrid_market_client] Fetching indicators for XAUUSD (QuantDinger only)
[2026-07-13 15:27:16] [DEBUG] [market_client] Candles XAUUSD 4H: 96 bars ✓
[2026-07-13 15:27:16] [DEBUG] [hybrid_market_client] ✓ Got live data from QuantDinger for XAUUSD
[2026-07-13 15:27:16] [INFO] [market_snapshot_builder] [SNAPSHOT_BUILT] symbol=XAUUSD tfs=H4,H1,M15
[2026-07-13 15:27:16] [DEBUG] [hybrid_market_client] Fetching indicators for GBPUSD (QuantDinger only)
[2026-07-13 15:27:16] [DEBUG] [market_client] Candles GBPUSD 4H: 100 bars ✓
[2026-07-13 15:27:16] [DEBUG] [hybrid_market_client] ✓ Got live data from QuantDinger for GBPUSD
[2026-07-13 15:27:16] [DEBUG] [hybrid_market_client] Fetching indicators for GBPUSD (QuantDinger only)
[2026-07-13 15:27:16] [DEBUG] [market_client] Candles GBPUSD 4H: 100 bars ✓
[2026-07-13 15:27:16] [DEBUG] [hybrid_market_client] ✓ Got live data from QuantDinger for GBPUSD
[2026-07-13 15:27:16] [DEBUG] [hybrid_market_client] Fetching indicators for GBPUSD (QuantDinger only)
[2026-07-13 15:27:16] [DEBUG] [market_client] Candles GBPUSD 4H: 100 bars ✓
[2026-07-13 15:27:16] [DEBUG] [hybrid_market_client] ✓ Got live data from QuantDinger for GBPUSD
[2026-07-13 15:27:16] [INFO] [market_snapshot_builder] [SNAPSHOT_BUILT] symbol=GBPUSD tfs=H4,H1,M15
[2026-07-13 15:27:16] [INFO] [main] --- EURUSD ---
[2026-07-13 15:27:20] [INFO] [deepseek] DEEPSEEK OK: {
  "impact_score": 85,
  "bias": "bearish",
  "confidence": 0.9,
  "reason": "الأخبار الجيوسياسية و...
[2026-07-13 15:27:20] [INFO] [deepseek] AI EURUSD: bias=bearish impact=85.0 conf=0.90
[2026-07-13 15:27:20] [INFO] [signal_engine] [VERIFY] SIGNAL_INPUT bias=bearish score=85.0 confidence=0.9
[2026-07-13 15:27:20] [INFO] [signal_engine] [VERIFY] SIGNAL_RULE rule=confidence>=0.60 actual=0.9 result=True
[2026-07-13 15:27:20] [INFO] [signal_engine] [VERIFY] SIGNAL_RULE rule=score>=55 actual=85.0 result=True
[2026-07-13 15:27:20] [INFO] [signal_engine] [VERIFY] SIGNAL_RULE rule=bias in [bullish,bearish] actual=bearish result=True
[2026-07-13 15:27:20] [INFO] [signal_engine] [VERIFY] SIGNAL_FINAL direction=SELL score=85.0 confidence=0.9 valid=True
[2026-07-13 15:27:20] [DEBUG] [signal_engine] Signal: SELL score=85.0 conf=0.90 strength=قوي جداً valid=True
[2026-07-13 15:27:20] [INFO] [sentiment] Sentiment EURUSD: bullish score=90 bull=4 bear=1
[2026-07-13 15:27:20] [DEBUG] [mtf] MTF (snapshot) EURUSD: H4=bearish H1=bearish M15=bearish aligned=True (strong)
[2026-07-13 15:27:20] [INFO] [main] [VERIFY][DATA_TRUTH] symbol=EURUSD timeframe=H4/H1/M15 news_fetched=True indicators_fetched=True live_data=True cached=False
[2026-07-13 15:27:20] [INFO] [voting_engine] EURUSD: MTF strongly aligned, boosting score 10%
[2026-07-13 15:27:20] [DEBUG] [hybrid_market_client] Fetching indicators for EURUSD (QuantDinger only)
[2026-07-13 15:27:20] [DEBUG] [market_client] Candles EURUSD 4H: 100 bars ✓
[2026-07-13 15:27:20] [DEBUG] [hybrid_market_client] ✓ Got live data from QuantDinger for EURUSD
[2026-07-13 15:27:20] [DEBUG] [hybrid_market_client] Fetching indicators for EURUSD (QuantDinger only)
[2026-07-13 15:27:20] [DEBUG] [market_client] Using cached candles for EURUSD 4H (age: 0s)
[2026-07-13 15:27:20] [DEBUG] [hybrid_market_client] ✓ Got live data from QuantDinger for EURUSD
[2026-07-13 15:27:20] [INFO] [sltp] SL/TP EURUSD: entry=1.1427265405654907 atr=0.00216 sl=1.14597 tp=1.13731
[2026-07-13 15:27:20] [INFO] [position_sizing] Position size: 0.5 (equity=74387, risk=0.003, sl_dist=0.00324, score=94, cons_loss=0)
[2026-07-13 15:27:20] [DEBUG] [xgboost_v2] V2 predict: rsi=45.0 atr=0.00216 regime=TRENDING session=london dir=SELL -> p_win=0.125
[2026-07-13 15:27:20] [INFO] [xgboost_v2] [VERIFY] XGBOOST PREDICTION p_win=0.125 available=True
[2026-07-13 15:27:20] [INFO] [main] [VERIFY][DECISION_TRUTH] bias=bearish score=93.7 confidence=1.0 vote=SELL risk_passed=True sl_tp_calculated=True position_size=0.5 xgboost_p_win=0.12512187659740448 final_decision_valid=False reject_reason=p_win<threshold (p_win=0.125 threshold=0.6)
[2026-07-13 15:27:20] [INFO] [main] --- XAUUSD ---
[2026-07-13 15:27:24] [WARNING] [deepseek] DeepSeek empty response: finish_reason=length, raw={"id":"55e50e5b-a8f2-409c-bcb5-ee799880604a","object":"chat.completion","created":1783945639,"model":"deepseek-v4-flash","choices":[{"index":0,"message":{"role":"assistant","content":"","reasoning_content":"We need to analyze the given data. Market context: XAUUSD at 4066.70, RSI 29.4 (oversold), AT
[2026-07-13 15:27:31] [INFO] [deepseek] DEEPSEEK OK: {
  "impact_score": 70,
  "bias": "bearish",
  "confidence": 0.7,
  "reason": "الترند القوي الهابط و...
[2026-07-13 15:27:31] [INFO] [deepseek] AI XAUUSD: bias=bearish impact=70.0 conf=0.70
[2026-07-13 15:27:31] [INFO] [signal_engine] [VERIFY] SIGNAL_INPUT bias=bearish score=70.0 confidence=0.7
[2026-07-13 15:27:31] [INFO] [signal_engine] [VERIFY] SIGNAL_RULE rule=confidence>=0.60 actual=0.7 result=True
[2026-07-13 15:27:31] [INFO] [signal_engine] [VERIFY] SIGNAL_RULE rule=score>=55 actual=70.0 result=True
[2026-07-13 15:27:31] [INFO] [signal_engine] [VERIFY] SIGNAL_RULE rule=bias in [bullish,bearish] actual=bearish result=True
[2026-07-13 15:27:31] [INFO] [signal_engine] [VERIFY] SIGNAL_FINAL direction=SELL score=70.0 confidence=0.7 valid=True
[2026-07-13 15:27:31] [DEBUG] [signal_engine] Signal: SELL score=70.0 conf=0.70 strength=قوي valid=True
[2026-07-13 15:27:31] [INFO] [sentiment] Sentiment XAUUSD: neutral score=50 bull=1 bear=1
[2026-07-13 15:27:31] [DEBUG] [mtf] MTF (snapshot) XAUUSD: H4=bearish H1=bullish M15=bullish aligned=True (weak)
[2026-07-13 15:27:31] [INFO] [main] [VERIFY][DATA_TRUTH] symbol=XAUUSD timeframe=H4/H1/M15 news_fetched=True indicators_fetched=True live_data=True cached=False
[2026-07-13 15:27:31] [DEBUG] [hybrid_market_client] Fetching indicators for XAUUSD (QuantDinger only)
[2026-07-13 15:27:31] [DEBUG] [market_client] Candles XAUUSD 4H: 96 bars ✓
[2026-07-13 15:27:31] [DEBUG] [hybrid_market_client] ✓ Got live data from QuantDinger for XAUUSD
[2026-07-13 15:27:31] [DEBUG] [hybrid_market_client] Fetching indicators for XAUUSD (QuantDinger only)
[2026-07-13 15:27:31] [DEBUG] [market_client] Using cached candles for XAUUSD 4H (age: 0s)
[2026-07-13 15:27:31] [DEBUG] [hybrid_market_client] ✓ Got live data from QuantDinger for XAUUSD
[2026-07-13 15:27:31] [INFO] [sltp] SL/TP XAUUSD: entry=4066.699951171875 atr=24.90716 sl=4076.69995 tp=4004.43206
[2026-07-13 15:27:31] [INFO] [position_sizing] Position size: 0.1 (equity=74387, risk=0.001, sl_dist=10.00000, score=56, cons_loss=0)
[2026-07-13 15:27:31] [DEBUG] [xgboost_v2] V2 predict: rsi=29.4 atr=24.90716 regime=TRENDING session=london dir=SELL -> p_win=0.125
[2026-07-13 15:27:31] [INFO] [xgboost_v2] [VERIFY] XGBOOST PREDICTION p_win=0.125 available=True
[2026-07-13 15:27:31] [INFO] [main] [VERIFY][DECISION_TRUTH] bias=bearish score=56.3 confidence=1.0 vote=SELL risk_passed=True sl_tp_calculated=True position_size=0.1 xgboost_p_win=0.12512187659740448 final_decision_valid=False reject_reason=p_win<threshold (p_win=0.125 threshold=0.6)
[2026-07-13 15:27:31] [INFO] [main] --- GBPUSD ---
[2026-07-13 15:27:35] [INFO] [deepseek] DEEPSEEK OK: {
  "impact_score": 80,
  "bias": "bearish",
  "confidence": 0.85,
  "reason": "الخبر يدعم قوة الدول...
[2026-07-13 15:27:35] [INFO] [deepseek] AI GBPUSD: bias=bearish impact=80.0 conf=0.85
[2026-07-13 15:27:35] [INFO] [signal_engine] [VERIFY] SIGNAL_INPUT bias=bearish score=80.0 confidence=0.85
[2026-07-13 15:27:35] [INFO] [signal_engine] [VERIFY] SIGNAL_RULE rule=confidence>=0.60 actual=0.85 result=True
[2026-07-13 15:27:35] [INFO] [signal_engine] [VERIFY] SIGNAL_RULE rule=score>=55 actual=80.0 result=True
[2026-07-13 15:27:35] [INFO] [signal_engine] [VERIFY] SIGNAL_RULE rule=bias in [bullish,bearish] actual=bearish result=True
[2026-07-13 15:27:35] [INFO] [signal_engine] [VERIFY] SIGNAL_FINAL direction=SELL score=80.0 confidence=0.85 valid=True
[2026-07-13 15:27:35] [DEBUG] [signal_engine] Signal: SELL score=80.0 conf=0.85 strength=قوي جداً valid=True
[2026-07-13 15:27:35] [INFO] [sentiment] Sentiment GBPUSD: bullish score=88 bull=3 bear=1
[2026-07-13 15:27:35] [DEBUG] [mtf] MTF (snapshot) GBPUSD: H4=bearish H1=bearish M15=bearish aligned=True (strong)
[2026-07-13 15:27:35] [INFO] [main] [VERIFY][DATA_TRUTH] symbol=GBPUSD timeframe=H4/H1/M15 news_fetched=True indicators_fetched=True live_data=True cached=False
[2026-07-13 15:27:35] [INFO] [voting_engine] GBPUSD: MTF strongly aligned, boosting score 10%
[2026-07-13 15:27:35] [DEBUG] [hybrid_market_client] Fetching indicators for GBPUSD (QuantDinger only)
[2026-07-13 15:27:35] [DEBUG] [market_client] Candles GBPUSD 4H: 100 bars ✓
[2026-07-13 15:27:35] [DEBUG] [hybrid_market_client] ✓ Got live data from QuantDinger for GBPUSD
[2026-07-13 15:27:35] [DEBUG] [hybrid_market_client] Fetching indicators for GBPUSD (QuantDinger only)
[2026-07-13 15:27:35] [DEBUG] [market_client] Using cached candles for GBPUSD 4H (age: 0s)
[2026-07-13 15:27:35] [DEBUG] [hybrid_market_client] ✓ Got live data from QuantDinger for GBPUSD
[2026-07-13 15:27:35] [INFO] [sltp] SL/TP GBPUSD: entry=1.3389928340911865 atr=0.00272 sl=1.34307 tp=1.3322
[2026-07-13 15:27:35] [INFO] [position_sizing] Position size: 0.5 (equity=74387, risk=0.003, sl_dist=0.00408, score=91, cons_loss=0)
[2026-07-13 15:27:35] [DEBUG] [xgboost_v2] V2 predict: rsi=41.9 atr=0.00272 regime=TRENDING session=london dir=SELL -> p_win=0.125
[2026-07-13 15:27:35] [INFO] [xgboost_v2] [VERIFY] XGBOOST PREDICTION p_win=0.125 available=True
[2026-07-13 15:27:35] [INFO] [main] [VERIFY][DECISION_TRUTH] bias=bearish score=91.1 confidence=1.0 vote=SELL risk_passed=True sl_tp_calculated=True position_size=0.5 xgboost_p_win=0.12512187659740448 final_decision_valid=False reject_reason=p_win<threshold (p_win=0.125 threshold=0.6)
[2026-07-13 15:27:35] [INFO] [adaptive_weights] EURUSD weights updated: {'ai': 0.239, 'trend': 0.239, 'momentum': 0.239, 'sentiment': 0.239, 'volatility': 0.043} | WR=10.0% PF=2.07
[2026-07-13 15:27:35] [INFO] [adaptive_weights] GBPUSD weights updated: {'ai': 0.239, 'trend': 0.239, 'momentum': 0.239, 'sentiment': 0.239, 'volatility': 0.043} | WR=13.0% PF=8.53
[2026-07-13 15:27:35] [INFO] [adaptive_weights] 🏆 أفضل زوج: GBPUSD | WR=13.0% | PnL=144.6$
[2026-07-13 15:27:35] [INFO] [adaptive_weights] ⚠️ أسوأ زوج: XAUUSD | WR=0.0% | PnL=-16.8$
[2026-07-13 15:27:35] [INFO] [main] Sleeping 1800s...
[2026-07-13 15:57:35] [INFO] [main] ==================================================
[2026-07-13 15:57:35] [INFO] [main] Cycle 3 at 15:57:35
[2026-07-13 15:57:35] [INFO] [qd_client] Logged in to QuantDinger
[2026-07-13 15:57:44] [INFO] [news_fetcher] Fetched 28 relevant news items
[2026-07-13 15:57:44] [INFO] [main] Equity: 74386.52$ | News: 28
[2026-07-13 15:57:44] [DEBUG] [hybrid_market_client] Fetching indicators for EURUSD (QuantDinger only)
[2026-07-13 15:57:44] [DEBUG] [market_client] Candles EURUSD 4H: 100 bars ✓
[2026-07-13 15:57:44] [DEBUG] [hybrid_market_client] ✓ Got live data from QuantDinger for EURUSD
[2026-07-13 15:57:44] [DEBUG] [hybrid_market_client] Fetching indicators for EURUSD (QuantDinger only)
[2026-07-13 15:57:44] [DEBUG] [market_client] Candles EURUSD 4H: 100 bars ✓
[2026-07-13 15:57:44] [DEBUG] [hybrid_market_client] ✓ Got live data from QuantDinger for EURUSD
[2026-07-13 15:57:44] [DEBUG] [hybrid_market_client] Fetching indicators for EURUSD (QuantDinger only)
[2026-07-13 15:57:44] [DEBUG] [market_client] Candles EURUSD 4H: 100 bars ✓
[2026-07-13 15:57:44] [DEBUG] [hybrid_market_client] ✓ Got live data from QuantDinger for EURUSD
[2026-07-13 15:57:44] [INFO] [market_snapshot_builder] [SNAPSHOT_BUILT] symbol=EURUSD tfs=H4,H1,M15
[2026-07-13 15:57:44] [DEBUG] [hybrid_market_client] Fetching indicators for XAUUSD (QuantDinger only)
[2026-07-13 15:57:44] [DEBUG] [market_client] Candles XAUUSD 4H: 96 bars ✓
[2026-07-13 15:57:44] [DEBUG] [hybrid_market_client] ✓ Got live data from QuantDinger for XAUUSD
[2026-07-13 15:57:44] [DEBUG] [hybrid_market_client] Fetching indicators for XAUUSD (QuantDinger only)
[2026-07-13 15:57:45] [DEBUG] [market_client] Candles XAUUSD 4H: 96 bars ✓
[2026-07-13 15:57:45] [DEBUG] [hybrid_market_client] ✓ Got live data from QuantDinger for XAUUSD
[2026-07-13 15:57:45] [DEBUG] [hybrid_market_client] Fetching indicators for XAUUSD (QuantDinger only)
[2026-07-13 15:57:45] [DEBUG] [market_client] Candles XAUUSD 4H: 96 bars ✓
[2026-07-13 15:57:45] [DEBUG] [hybrid_market_client] ✓ Got live data from QuantDinger for XAUUSD
[2026-07-13 15:57:45] [INFO] [market_snapshot_builder] [SNAPSHOT_BUILT] symbol=XAUUSD tfs=H4,H1,M15
[2026-07-13 15:57:45] [DEBUG] [hybrid_market_client] Fetching indicators for GBPUSD (QuantDinger only)
[2026-07-13 15:57:45] [DEBUG] [market_client] Candles GBPUSD 4H: 100 bars ✓
[2026-07-13 15:57:45] [DEBUG] [hybrid_market_client] ✓ Got live data from QuantDinger for GBPUSD
[2026-07-13 15:57:45] [DEBUG] [hybrid_market_client] Fetching indicators for GBPUSD (QuantDinger only)
[2026-07-13 15:57:45] [DEBUG] [market_client] Candles GBPUSD 4H: 100 bars ✓
[2026-07-13 15:57:45] [DEBUG] [hybrid_market_client] ✓ Got live data from QuantDinger for GBPUSD
[2026-07-13 15:57:45] [DEBUG] [hybrid_market_client] Fetching indicators for GBPUSD (QuantDinger only)
[2026-07-13 15:57:45] [DEBUG] [market_client] Candles GBPUSD 4H: 100 bars ✓
[2026-07-13 15:57:45] [DEBUG] [hybrid_market_client] ✓ Got live data from QuantDinger for GBPUSD
[2026-07-13 15:57:45] [INFO] [market_snapshot_builder] [SNAPSHOT_BUILT] symbol=GBPUSD tfs=H4,H1,M15
[2026-07-13 15:57:45] [INFO] [main] --- EURUSD ---
[2026-07-13 15:57:50] [WARNING] [deepseek] DeepSeek empty response: finish_reason=length, raw={"id":"cbae5759-07e5-43de-9435-ad185b370351","object":"chat.completion","created":1783947464,"model":"deepseek-v4-flash","choices":[{"index":0,"message":{"role":"assistant","content":"","reasoning_content":"We need to analyze news and market context. News mentions US-Iran tensions (oil holds higher)
[2026-07-13 15:58:00] [INFO] [deepseek] DEEPSEEK OK: {"impact_score": 80, "bias": "bearish", "confidence": 0.6, "reason": "توترات جيوسياسية تدعم الدولار"...
[2026-07-13 15:58:00] [INFO] [deepseek] AI EURUSD: bias=bearish impact=80.0 conf=0.60
[2026-07-13 15:58:00] [INFO] [signal_engine] [VERIFY] SIGNAL_INPUT bias=bearish score=80.0 confidence=0.6
[2026-07-13 15:58:00] [INFO] [signal_engine] [VERIFY] SIGNAL_RULE rule=confidence>=0.60 actual=0.6 result=True
[2026-07-13 15:58:00] [INFO] [signal_engine] [VERIFY] SIGNAL_RULE rule=score>=55 actual=80.0 result=True
[2026-07-13 15:58:00] [INFO] [signal_engine] [VERIFY] SIGNAL_RULE rule=bias in [bullish,bearish] actual=bearish result=True
[2026-07-13 15:58:00] [INFO] [signal_engine] [VERIFY] SIGNAL_FINAL direction=SELL score=80.0 confidence=0.6 valid=True
[2026-07-13 15:58:00] [DEBUG] [signal_engine] Signal: SELL score=80.0 conf=0.60 strength=متوسط valid=True
[2026-07-13 15:58:00] [INFO] [sentiment] Sentiment EURUSD: bullish score=83 bull=4 bear=2
[2026-07-13 15:58:00] [DEBUG] [mtf] MTF (snapshot) EURUSD: H4=bullish H1=neutral M15=neutral aligned=False (weak)
[2026-07-13 15:58:00] [INFO] [main] [VERIFY][DATA_TRUTH] symbol=EURUSD timeframe=H4/H1/M15 news_fetched=True indicators_fetched=True live_data=True cached=False
[2026-07-13 15:58:00] [INFO] [voting_engine] EURUSD: MTF weakly misaligned, reducing score 10%
[2026-07-13 15:58:00] [INFO] [risk_engine] Risk: Score too low (EURUSD BUY) - Score 40.3 < 45
[2026-07-13 15:58:00] [DEBUG] [hybrid_market_client] Fetching indicators for EURUSD (QuantDinger only)
[2026-07-13 15:58:00] [DEBUG] [market_client] Candles EURUSD 4H: 100 bars ✓
[2026-07-13 15:58:00] [DEBUG] [hybrid_market_client] ✓ Got live data from QuantDinger for EURUSD
[2026-07-13 15:58:00] [DEBUG] [hybrid_market_client] Fetching indicators for EURUSD (QuantDinger only)
[2026-07-13 15:58:00] [DEBUG] [market_client] Using cached candles for EURUSD 4H (age: 0s)
[2026-07-13 15:58:00] [DEBUG] [hybrid_market_client] ✓ Got live data from QuantDinger for EURUSD
[2026-07-13 15:58:00] [INFO] [sltp] SL/TP EURUSD: entry=1.1431183815002441 atr=0.00216 sl=1.13987 tp=1.14853
[2026-07-13 15:58:00] [INFO] [position_sizing] Position size: 0.5 (equity=74387, risk=0.001, sl_dist=0.00325, score=40, cons_loss=0)
[2026-07-13 15:58:00] [DEBUG] [xgboost_v2] V2 predict: rsi=46.0 atr=0.00216 regime=TRENDING session=london dir=BUY -> p_win=0.125
[2026-07-13 15:58:00] [INFO] [xgboost_v2] [VERIFY] XGBOOST PREDICTION p_win=0.125 available=True
[2026-07-13 15:58:00] [INFO] [main] [VERIFY][DECISION_TRUTH] bias=bearish score=40.3 confidence=0.277 vote=BUY risk_passed=False sl_tp_calculated=True position_size=0.5 xgboost_p_win=0.12512187659740448 final_decision_valid=False reject_reason=p_win<threshold (p_win=0.125 threshold=0.6)
[2026-07-13 15:58:00] [INFO] [main] --- XAUUSD ---
[2026-07-13 15:58:04] [WARNING] [deepseek] DeepSeek truncated by max_tokens, finish_reason=length, content={
  "impact_score": 60,
  "bias": "neutral",
  "confidence": 0.4,
  "reason": "الأخبار الجيوسياسية قد تدعم الذ
[2026-07-13 15:58:04] [WARNING] [deepseek] Retry 1: JSON incomplete/truncated, raw={
  "impact_score": 60,
  "bias": "neutral",
  "confidence": 0.4,
  "reason": "الأخبار الجيوسياسية قد تدعم الذ
[2026-07-13 15:58:11] [INFO] [deepseek] DEEPSEEK OK: {
  "impact_score": 70,
  "bias": "bearish",
  "confidence": 0.6,
  "reason": "الاتجاه هابط بقوة رغم...
[2026-07-13 15:58:11] [INFO] [deepseek] AI XAUUSD: bias=bearish impact=70.0 conf=0.60
[2026-07-13 15:58:11] [INFO] [signal_engine] [VERIFY] SIGNAL_INPUT bias=bearish score=70.0 confidence=0.6
[2026-07-13 15:58:11] [INFO] [signal_engine] [VERIFY] SIGNAL_RULE rule=confidence>=0.60 actual=0.6 result=True
[2026-07-13 15:58:11] [INFO] [signal_engine] [VERIFY] SIGNAL_RULE rule=score>=55 actual=70.0 result=True
[2026-07-13 15:58:11] [INFO] [signal_engine] [VERIFY] SIGNAL_RULE rule=bias in [bullish,bearish] actual=bearish result=True
[2026-07-13 15:58:11] [INFO] [signal_engine] [VERIFY] SIGNAL_FINAL direction=SELL score=70.0 confidence=0.6 valid=True
[2026-07-13 15:58:11] [DEBUG] [signal_engine] Signal: SELL score=70.0 conf=0.60 strength=متوسط valid=True
[2026-07-13 15:58:11] [INFO] [sentiment] Sentiment XAUUSD: neutral score=50 bull=1 bear=1
[2026-07-13 15:58:11] [DEBUG] [mtf] MTF (snapshot) XAUUSD: H4=bearish H1=bearish M15=bearish aligned=True (strong)
[2026-07-13 15:58:11] [INFO] [main] [VERIFY][DATA_TRUTH] symbol=XAUUSD timeframe=H4/H1/M15 news_fetched=True indicators_fetched=True live_data=True cached=False
[2026-07-13 15:58:11] [INFO] [voting_engine] XAUUSD: MTF strongly aligned, boosting score 10%
[2026-07-13 15:58:11] [DEBUG] [hybrid_market_client] Fetching indicators for XAUUSD (QuantDinger only)
[2026-07-13 15:58:11] [DEBUG] [market_client] Candles XAUUSD 4H: 96 bars ✓
[2026-07-13 15:58:11] [DEBUG] [hybrid_market_client] ✓ Got live data from QuantDinger for XAUUSD
[2026-07-13 15:58:11] [DEBUG] [hybrid_market_client] Fetching indicators for XAUUSD (QuantDinger only)
[2026-07-13 15:58:11] [DEBUG] [market_client] Using cached candles for XAUUSD 4H (age: 0s)
[2026-07-13 15:58:11] [DEBUG] [hybrid_market_client] ✓ Got live data from QuantDinger for XAUUSD
[2026-07-13 15:58:11] [INFO] [sltp] SL/TP XAUUSD: entry=4073.0 atr=25.24287 sl=4083.0 tp=4009.89283
[2026-07-13 15:58:11] [INFO] [position_sizing] Position size: 0.1 (equity=74387, risk=0.003, sl_dist=10.00000, score=96, cons_loss=0)
[2026-07-13 15:58:11] [DEBUG] [xgboost_v2] V2 predict: rsi=32.8 atr=25.24287 regime=TRENDING session=london dir=SELL -> p_win=0.125
[2026-07-13 15:58:11] [INFO] [xgboost_v2] [VERIFY] XGBOOST PREDICTION p_win=0.125 available=True
[2026-07-13 15:58:11] [INFO] [main] [VERIFY][DECISION_TRUTH] bias=bearish score=96.1 confidence=0.911 vote=SELL risk_passed=True sl_tp_calculated=True position_size=0.1 xgboost_p_win=0.12512187659740448 final_decision_valid=False reject_reason=p_win<threshold (p_win=0.125 threshold=0.6)
[2026-07-13 15:58:11] [INFO] [main] --- GBPUSD ---
[2026-07-13 15:58:15] [INFO] [deepseek] DEEPSEEK OK: {
  "impact_score": 75,
  "bias": "bearish",
  "confidence": 0.85,
  "reason": "الأخبار تدعم الدولار...
[2026-07-13 15:58:15] [INFO] [deepseek] AI GBPUSD: bias=bearish impact=75.0 conf=0.85
[2026-07-13 15:58:15] [INFO] [signal_engine] [VERIFY] SIGNAL_INPUT bias=bearish score=75.0 confidence=0.85
[2026-07-13 15:58:15] [INFO] [signal_engine] [VERIFY] SIGNAL_RULE rule=confidence>=0.60 actual=0.85 result=True
[2026-07-13 15:58:15] [INFO] [signal_engine] [VERIFY] SIGNAL_RULE rule=score>=55 actual=75.0 result=True
[2026-07-13 15:58:15] [INFO] [signal_engine] [VERIFY] SIGNAL_RULE rule=bias in [bullish,bearish] actual=bearish result=True
[2026-07-13 15:58:15] [INFO] [signal_engine] [VERIFY] SIGNAL_FINAL direction=SELL score=75.0 confidence=0.85 valid=True
[2026-07-13 15:58:15] [DEBUG] [signal_engine] Signal: SELL score=75.0 conf=0.85 strength=قوي valid=True
[2026-07-13 15:58:15] [INFO] [sentiment] Sentiment GBPUSD: neutral score=50 bull=1 bear=1
[2026-07-13 15:58:15] [DEBUG] [mtf] MTF (snapshot) GBPUSD: H4=bearish H1=bearish M15=bearish aligned=True (strong)
[2026-07-13 15:58:15] [INFO] [main] [VERIFY][DATA_TRUTH] symbol=GBPUSD timeframe=H4/H1/M15 news_fetched=True indicators_fetched=True live_data=True cached=False
[2026-07-13 15:58:15] [INFO] [voting_engine] GBPUSD: MTF strongly aligned, boosting score 10%
[2026-07-13 15:58:15] [DEBUG] [hybrid_market_client] Fetching indicators for GBPUSD (QuantDinger only)
[2026-07-13 15:58:15] [DEBUG] [market_client] Candles GBPUSD 4H: 100 bars ✓
[2026-07-13 15:58:15] [DEBUG] [hybrid_market_client] ✓ Got live data from QuantDinger for GBPUSD
[2026-07-13 15:58:15] [DEBUG] [hybrid_market_client] Fetching indicators for GBPUSD (QuantDinger only)
[2026-07-13 15:58:15] [DEBUG] [market_client] Using cached candles for GBPUSD 4H (age: 0s)
[2026-07-13 15:58:15] [DEBUG] [hybrid_market_client] ✓ Got live data from QuantDinger for GBPUSD
[2026-07-13 15:58:15] [INFO] [sltp] SL/TP GBPUSD: entry=1.339638590812683 atr=0.00272 sl=1.34371 tp=1.33285
[2026-07-13 15:58:15] [INFO] [position_sizing] Position size: 0.5 (equity=74387, risk=0.002, sl_dist=0.00407, score=88, cons_loss=0)
[2026-07-13 15:58:15] [DEBUG] [xgboost_v2] V2 predict: rsi=43.3 atr=0.00272 regime=TRENDING session=london dir=SELL -> p_win=0.125
[2026-07-13 15:58:15] [INFO] [xgboost_v2] [VERIFY] XGBOOST PREDICTION p_win=0.125 available=True
[2026-07-13 15:58:15] [INFO] [main] [VERIFY][DECISION_TRUTH] bias=bearish score=88.0 confidence=1.0 vote=SELL risk_passed=True sl_tp_calculated=True position_size=0.5 xgboost_p_win=0.12512187659740448 final_decision_valid=False reject_reason=p_win<threshold (p_win=0.125 threshold=0.6)
[2026-07-13 15:58:15] [INFO] [adaptive_weights] EURUSD weights updated: {'ai': 0.239, 'trend': 0.239, 'momentum': 0.239, 'sentiment': 0.239, 'volatility': 0.043} | WR=10.0% PF=2.07
[2026-07-13 15:58:15] [INFO] [adaptive_weights] GBPUSD weights updated: {'ai': 0.239, 'trend': 0.239, 'momentum': 0.239, 'sentiment': 0.239, 'volatility': 0.043} | WR=13.0% PF=8.53
[2026-07-13 15:58:15] [INFO] [adaptive_weights] 🏆 أفضل زوج: GBPUSD | WR=13.0% | PnL=144.6$
[2026-07-13 15:58:15] [INFO] [adaptive_weights] ⚠️ أسوأ زوج: XAUUSD | WR=0.0% | PnL=-16.8$
[2026-07-13 15:58:15] [INFO] [main] Sleeping 1800s...
[2026-07-13 16:28:15] [INFO] [main] ==================================================
[2026-07-13 16:28:15] [INFO] [main] Cycle 4 at 16:28:15
[2026-07-13 16:28:24] [INFO] [news_fetcher] Fetched 29 relevant news items
[2026-07-13 16:28:24] [INFO] [main] Equity: 74386.52$ | News: 29
[2026-07-13 16:28:24] [DEBUG] [hybrid_market_client] Fetching indicators for EURUSD (QuantDinger only)
[2026-07-13 16:28:25] [DEBUG] [market_client] Candles EURUSD 4H: 100 bars ✓
[2026-07-13 16:28:25] [DEBUG] [hybrid_market_client] ✓ Got live data from QuantDinger for EURUSD
[2026-07-13 16:28:25] [DEBUG] [hybrid_market_client] Fetching indicators for EURUSD (QuantDinger only)
[2026-07-13 16:28:25] [DEBUG] [market_client] Candles EURUSD 4H: 100 bars ✓
[2026-07-13 16:28:25] [DEBUG] [hybrid_market_client] ✓ Got live data from QuantDinger for EURUSD
[2026-07-13 16:28:25] [DEBUG] [hybrid_market_client] Fetching indicators for EURUSD (QuantDinger only)
[2026-07-13 16:28:25] [DEBUG] [market_client] Candles EURUSD 4H: 100 bars ✓
[2026-07-13 16:28:25] [DEBUG] [hybrid_market_client] ✓ Got live data from QuantDinger for EURUSD
[2026-07-13 16:28:25] [INFO] [market_snapshot_builder] [SNAPSHOT_BUILT] symbol=EURUSD tfs=H4,H1,M15
[2026-07-13 16:28:25] [DEBUG] [hybrid_market_client] Fetching indicators for XAUUSD (QuantDinger only)
[2026-07-13 16:28:25] [DEBUG] [market_client] Candles XAUUSD 4H: 95 bars ✓
[2026-07-13 16:28:25] [DEBUG] [hybrid_market_client] ✓ Got live data from QuantDinger for XAUUSD
[2026-07-13 16:28:25] [DEBUG] [hybrid_market_client] Fetching indicators for XAUUSD (QuantDinger only)
[2026-07-13 16:28:25] [DEBUG] [market_client] Candles XAUUSD 4H: 95 bars ✓
[2026-07-13 16:28:25] [DEBUG] [hybrid_market_client] ✓ Got live data from QuantDinger for XAUUSD
[2026-07-13 16:28:25] [DEBUG] [hybrid_market_client] Fetching indicators for XAUUSD (QuantDinger only)
[2026-07-13 16:28:25] [DEBUG] [market_client] Candles XAUUSD 4H: 95 bars ✓
[2026-07-13 16:28:25] [DEBUG] [hybrid_market_client] ✓ Got live data from QuantDinger for XAUUSD
[2026-07-13 16:28:25] [INFO] [market_snapshot_builder] [SNAPSHOT_BUILT] symbol=XAUUSD tfs=H4,H1,M15
[2026-07-13 16:28:25] [DEBUG] [hybrid_market_client] Fetching indicators for GBPUSD (QuantDinger only)
[2026-07-13 16:28:25] [DEBUG] [market_client] Candles GBPUSD 4H: 100 bars ✓
[2026-07-13 16:28:25] [DEBUG] [hybrid_market_client] ✓ Got live data from QuantDinger for GBPUSD
[2026-07-13 16:28:25] [DEBUG] [hybrid_market_client] Fetching indicators for GBPUSD (QuantDinger only)
[2026-07-13 16:28:25] [DEBUG] [market_client] Candles GBPUSD 4H: 100 bars ✓
[2026-07-13 16:28:25] [DEBUG] [hybrid_market_client] ✓ Got live data from QuantDinger for GBPUSD
[2026-07-13 16:28:25] [DEBUG] [hybrid_market_client] Fetching indicators for GBPUSD (QuantDinger only)
[2026-07-13 16:28:25] [DEBUG] [market_client] Candles GBPUSD 4H: 100 bars ✓
[2026-07-13 16:28:25] [DEBUG] [hybrid_market_client] ✓ Got live data from QuantDinger for GBPUSD
[2026-07-13 16:28:25] [INFO] [market_snapshot_builder] [SNAPSHOT_BUILT] symbol=GBPUSD tfs=H4,H1,M15
[2026-07-13 16:28:25] [INFO] [main] --- EURUSD ---
[2026-07-13 16:28:29] [INFO] [deepseek] DEEPSEEK OK: {
  "impact_score": 85,
  "bias": "bearish",
  "confidence": 0.9,
  "reason": "ارتفاع عوائد السندات ...
[2026-07-13 16:28:29] [INFO] [deepseek] AI EURUSD: bias=bearish impact=85.0 conf=0.90
[2026-07-13 16:28:29] [INFO] [signal_engine] [VERIFY] SIGNAL_INPUT bias=bearish score=85.0 confidence=0.9
[2026-07-13 16:28:29] [INFO] [signal_engine] [VERIFY] SIGNAL_RULE rule=confidence>=0.60 actual=0.9 result=True
[2026-07-13 16:28:29] [INFO] [signal_engine] [VERIFY] SIGNAL_RULE rule=score>=55 actual=85.0 result=True
[2026-07-13 16:28:29] [INFO] [signal_engine] [VERIFY] SIGNAL_RULE rule=bias in [bullish,bearish] actual=bearish result=True
[2026-07-13 16:28:29] [INFO] [signal_engine] [VERIFY] SIGNAL_FINAL direction=SELL score=85.0 confidence=0.9 valid=True
[2026-07-13 16:28:29] [DEBUG] [signal_engine] Signal: SELL score=85.0 conf=0.90 strength=قوي جداً valid=True
[2026-07-13 16:28:29] [INFO] [sentiment] Sentiment EURUSD: bullish score=83 bull=2 bear=1
[2026-07-13 16:28:29] [DEBUG] [mtf] MTF (snapshot) EURUSD: H4=bearish H1=bearish M15=bearish aligned=True (strong)
[2026-07-13 16:28:29] [INFO] [main] [VERIFY][DATA_TRUTH] symbol=EURUSD timeframe=H4/H1/M15 news_fetched=True indicators_fetched=True live_data=True cached=False
[2026-07-13 16:28:29] [INFO] [voting_engine] EURUSD: MTF strongly aligned, boosting score 10%
[2026-07-13 16:28:29] [DEBUG] [hybrid_market_client] Fetching indicators for EURUSD (QuantDinger only)
[2026-07-13 16:28:29] [DEBUG] [market_client] Candles EURUSD 4H: 100 bars ✓
[2026-07-13 16:28:29] [DEBUG] [hybrid_market_client] ✓ Got live data from QuantDinger for EURUSD
[2026-07-13 16:28:29] [DEBUG] [hybrid_market_client] Fetching indicators for EURUSD (QuantDinger only)
[2026-07-13 16:28:29] [DEBUG] [market_client] Using cached candles for EURUSD 4H (age: 0s)
[2026-07-13 16:28:29] [DEBUG] [hybrid_market_client] ✓ Got live data from QuantDinger for EURUSD
[2026-07-13 16:28:29] [INFO] [sltp] SL/TP EURUSD: entry=1.1427265405654907 atr=0.00216 sl=1.14597 tp=1.13731
[2026-07-13 16:28:29] [INFO] [position_sizing] Position size: 0.5 (equity=74387, risk=0.003, sl_dist=0.00324, score=92, cons_loss=0)
[2026-07-13 16:28:29] [DEBUG] [xgboost_v2] V2 predict: rsi=45.0 atr=0.00216 regime=TRENDING session=new_york dir=SELL -> p_win=0.125
[2026-07-13 16:28:29] [INFO] [xgboost_v2] [VERIFY] XGBOOST PREDICTION p_win=0.125 available=True
[2026-07-13 16:28:29] [INFO] [main] [VERIFY][DECISION_TRUTH] bias=bearish score=91.8 confidence=1.0 vote=SELL risk_passed=True sl_tp_calculated=True position_size=0.5 xgboost_p_win=0.12512187659740448 final_decision_valid=False reject_reason=p_win<threshold (p_win=0.125 threshold=0.6)
[2026-07-13 16:28:29] [INFO] [main] --- XAUUSD ---
[2026-07-13 16:28:32] [INFO] [deepseek] DEEPSEEK OK: {"impact_score": 75, "bias": "bearish", "confidence": 0.85, "reason": "الاتجاه هابط بقوة والمؤشرات ا...
[2026-07-13 16:28:32] [INFO] [deepseek] AI XAUUSD: bias=bearish impact=75.0 conf=0.85
[2026-07-13 16:28:32] [INFO] [signal_engine] [VERIFY] SIGNAL_INPUT bias=bearish score=75.0 confidence=0.85
[2026-07-13 16:28:32] [INFO] [signal_engine] [VERIFY] SIGNAL_RULE rule=confidence>=0.60 actual=0.85 result=True
[2026-07-13 16:28:32] [INFO] [signal_engine] [VERIFY] SIGNAL_RULE rule=score>=55 actual=75.0 result=True
[2026-07-13 16:28:32] [INFO] [signal_engine] [VERIFY] SIGNAL_RULE rule=bias in [bullish,bearish] actual=bearish result=True
[2026-07-13 16:28:32] [INFO] [signal_engine] [VERIFY] SIGNAL_FINAL direction=SELL score=75.0 confidence=0.85 valid=True
[2026-07-13 16:28:32] [DEBUG] [signal_engine] Signal: SELL score=75.0 conf=0.85 strength=قوي valid=True
[2026-07-13 16:28:32] [DEBUG] [mtf] MTF (snapshot) XAUUSD: H4=bearish H1=bearish M15=bearish aligned=True (strong)
[2026-07-13 16:28:32] [INFO] [main] [VERIFY][DATA_TRUTH] symbol=XAUUSD timeframe=H4/H1/M15 news_fetched=True indicators_fetched=True live_data=True cached=False
[2026-07-13 16:28:32] [INFO] [voting_engine] XAUUSD: MTF strongly aligned, boosting score 10%
[2026-07-13 16:28:32] [DEBUG] [hybrid_market_client] Fetching indicators for XAUUSD (QuantDinger only)
[2026-07-13 16:28:32] [DEBUG] [market_client] Candles XAUUSD 4H: 95 bars ✓
[2026-07-13 16:28:32] [DEBUG] [hybrid_market_client] ✓ Got live data from QuantDinger for XAUUSD
[2026-07-13 16:28:32] [DEBUG] [hybrid_market_client] Fetching indicators for XAUUSD (QuantDinger only)
[2026-07-13 16:28:32] [DEBUG] [market_client] Using cached candles for XAUUSD 4H (age: 0s)
[2026-07-13 16:28:32] [DEBUG] [hybrid_market_client] ✓ Got live data from QuantDinger for XAUUSD
[2026-07-13 16:28:32] [INFO] [sltp] SL/TP XAUUSD: entry=4068.10009765625 atr=25.39288 sl=4078.1001 tp=4004.61791
[2026-07-13 16:28:32] [INFO] [position_sizing] Position size: 0.1 (equity=74387, risk=0.003, sl_dist=10.00000, score=100, cons_loss=0)
[2026-07-13 16:28:32] [DEBUG] [xgboost_v2] V2 predict: rsi=30.2 atr=25.39288 regime=TRENDING session=new_york dir=SELL -> p_win=0.125
[2026-07-13 16:28:32] [INFO] [xgboost_v2] [VERIFY] XGBOOST PREDICTION p_win=0.125 available=True
[2026-07-13 16:28:32] [INFO] [main] [VERIFY][DECISION_TRUTH] bias=bearish score=100 confidence=1.0 vote=SELL risk_passed=True sl_tp_calculated=True position_size=0.1 xgboost_p_win=0.12512187659740448 final_decision_valid=False reject_reason=p_win<threshold (p_win=0.125 threshold=0.6)
[2026-07-13 16:28:32] [INFO] [main] --- GBPUSD ---
[2026-07-13 16:28:36] [INFO] [deepseek] DEEPSEEK OK: {"impact_score": 60, "bias": "bearish", "confidence": 0.75, "reason": "الدولار يقوى بارتفاع عوائد ال...
[2026-07-13 16:28:36] [INFO] [deepseek] AI GBPUSD: bias=bearish impact=60.0 conf=0.75
[2026-07-13 16:28:36] [INFO] [signal_engine] [VERIFY] SIGNAL_INPUT bias=bearish score=60.0 confidence=0.75
[2026-07-13 16:28:36] [INFO] [signal_engine] [VERIFY] SIGNAL_RULE rule=confidence>=0.60 actual=0.75 result=True
[2026-07-13 16:28:36] [INFO] [signal_engine] [VERIFY] SIGNAL_RULE rule=score>=55 actual=60.0 result=True
[2026-07-13 16:28:36] [INFO] [signal_engine] [VERIFY] SIGNAL_RULE rule=bias in [bullish,bearish] actual=bearish result=True
[2026-07-13 16:28:36] [INFO] [signal_engine] [VERIFY] SIGNAL_FINAL direction=SELL score=60.0 confidence=0.75 valid=True
[2026-07-13 16:28:36] [DEBUG] [signal_engine] Signal: SELL score=60.0 conf=0.75 strength=متوسط valid=True
[2026-07-13 16:28:36] [INFO] [sentiment] Sentiment GBPUSD: neutral score=50 bull=1 bear=1
[2026-07-13 16:28:36] [DEBUG] [mtf] MTF (snapshot) GBPUSD: H4=bearish H1=bearish M15=bearish aligned=True (strong)
[2026-07-13 16:28:36] [INFO] [main] [VERIFY][DATA_TRUTH] symbol=GBPUSD timeframe=H4/H1/M15 news_fetched=True indicators_fetched=True live_data=True cached=False
[2026-07-13 16:28:36] [INFO] [voting_engine] GBPUSD: MTF strongly aligned, boosting score 10%
[2026-07-13 16:28:36] [DEBUG] [hybrid_market_client] Fetching indicators for GBPUSD (QuantDinger only)
[2026-07-13 16:28:36] [DEBUG] [market_client] Candles GBPUSD 4H: 100 bars ✓
[2026-07-13 16:28:36] [DEBUG] [hybrid_market_client] ✓ Got live data from QuantDinger for GBPUSD
[2026-07-13 16:28:36] [DEBUG] [hybrid_market_client] Fetching indicators for GBPUSD (QuantDinger only)
[2026-07-13 16:28:36] [DEBUG] [market_client] Using cached candles for GBPUSD 4H (age: 0s)
[2026-07-13 16:28:36] [DEBUG] [hybrid_market_client] ✓ Got live data from QuantDinger for GBPUSD
[2026-07-13 16:28:36] [INFO] [sltp] SL/TP GBPUSD: entry=1.3394949436187744 atr=0.00272 sl=1.34357 tp=1.3327
[2026-07-13 16:28:36] [INFO] [position_sizing] Position size: 0.5 (equity=74387, risk=0.002, sl_dist=0.00408, score=82, cons_loss=0)
[2026-07-13 16:28:36] [DEBUG] [xgboost_v2] V2 predict: rsi=43.0 atr=0.00272 regime=TRENDING session=new_york dir=SELL -> p_win=0.125
[2026-07-13 16:28:36] [INFO] [xgboost_v2] [VERIFY] XGBOOST PREDICTION p_win=0.125 available=True
[2026-07-13 16:28:36] [INFO] [main] [VERIFY][DECISION_TRUTH] bias=bearish score=81.5 confidence=1.0 vote=SELL risk_passed=True sl_tp_calculated=True position_size=0.5 xgboost_p_win=0.12512187659740448 final_decision_valid=False reject_reason=p_win<threshold (p_win=0.125 threshold=0.6)
[2026-07-13 16:28:36] [INFO] [adaptive_weights] EURUSD weights updated: {'ai': 0.239, 'trend': 0.239, 'momentum': 0.239, 'sentiment': 0.239, 'volatility': 0.043} | WR=10.0% PF=2.07
[2026-07-13 16:28:36] [INFO] [adaptive_weights] GBPUSD weights updated: {'ai': 0.239, 'trend': 0.239, 'momentum': 0.239, 'sentiment': 0.239, 'volatility': 0.043} | WR=13.0% PF=8.53
[2026-07-13 16:28:36] [INFO] [adaptive_weights] 🏆 أفضل زوج: GBPUSD | WR=13.0% | PnL=144.6$
[2026-07-13 16:28:36] [INFO] [adaptive_weights] ⚠️ أسوأ زوج: XAUUSD | WR=0.0% | PnL=-16.8$
[2026-07-13 16:28:36] [INFO] [main] Sleeping 1800s...
[2026-07-13 16:57:43] [INFO] [qd_client] Logged in to QuantDinger
[2026-07-13 16:58:36] [INFO] [main] ==================================================
[2026-07-13 16:58:36] [INFO] [main] Cycle 5 at 16:58:36
[2026-07-13 16:58:43] [INFO] [news_fetcher] Fetched 25 relevant news items
[2026-07-13 16:58:43] [INFO] [main] Equity: 74386.52$ | News: 25
[2026-07-13 16:58:43] [DEBUG] [hybrid_market_client] Fetching indicators for EURUSD (QuantDinger only)
[2026-07-13 16:58:44] [DEBUG] [market_client] Candles EURUSD 4H: 100 bars ✓
[2026-07-13 16:58:44] [DEBUG] [hybrid_market_client] ✓ Got live data from QuantDinger for EURUSD
[2026-07-13 16:58:44] [DEBUG] [hybrid_market_client] Fetching indicators for EURUSD (QuantDinger only)
[2026-07-13 16:58:44] [DEBUG] [market_client] Candles EURUSD 4H: 100 bars ✓
[2026-07-13 16:58:44] [DEBUG] [hybrid_market_client] ✓ Got live data from QuantDinger for EURUSD
[2026-07-13 16:58:44] [DEBUG] [hybrid_market_client] Fetching indicators for EURUSD (QuantDinger only)
[2026-07-13 16:58:44] [DEBUG] [market_client] Candles EURUSD 4H: 100 bars ✓
[2026-07-13 16:58:44] [DEBUG] [hybrid_market_client] ✓ Got live data from QuantDinger for EURUSD
[2026-07-13 16:58:44] [INFO] [market_snapshot_builder] [SNAPSHOT_BUILT] symbol=EURUSD tfs=H4,H1,M15
[2026-07-13 16:58:44] [DEBUG] [hybrid_market_client] Fetching indicators for XAUUSD (QuantDinger only)
[2026-07-13 16:58:44] [DEBUG] [market_client] Candles XAUUSD 4H: 95 bars ✓
[2026-07-13 16:58:44] [DEBUG] [hybrid_market_client] ✓ Got live data from QuantDinger for XAUUSD
[2026-07-13 16:58:44] [DEBUG] [hybrid_market_client] Fetching indicators for XAUUSD (QuantDinger only)
[2026-07-13 16:58:44] [DEBUG] [market_client] Candles XAUUSD 4H: 95 bars ✓
[2026-07-13 16:58:44] [DEBUG] [hybrid_market_client] ✓ Got live data from QuantDinger for XAUUSD
[2026-07-13 16:58:44] [DEBUG] [hybrid_market_client] Fetching indicators for XAUUSD (QuantDinger only)
[2026-07-13 16:58:44] [DEBUG] [market_client] Candles XAUUSD 4H: 95 bars ✓
[2026-07-13 16:58:44] [DEBUG] [hybrid_market_client] ✓ Got live data from QuantDinger for XAUUSD
[2026-07-13 16:58:44] [INFO] [market_snapshot_builder] [SNAPSHOT_BUILT] symbol=XAUUSD tfs=H4,H1,M15
[2026-07-13 16:58:44] [DEBUG] [hybrid_market_client] Fetching indicators for GBPUSD (QuantDinger only)
[2026-07-13 16:58:44] [DEBUG] [market_client] Candles GBPUSD 4H: 100 bars ✓
[2026-07-13 16:58:44] [DEBUG] [hybrid_market_client] ✓ Got live data from QuantDinger for GBPUSD
[2026-07-13 16:58:44] [DEBUG] [hybrid_market_client] Fetching indicators for GBPUSD (QuantDinger only)
[2026-07-13 16:58:45] [DEBUG] [market_client] Candles GBPUSD 4H: 100 bars ✓
[2026-07-13 16:58:45] [DEBUG] [hybrid_market_client] ✓ Got live data from QuantDinger for GBPUSD
[2026-07-13 16:58:45] [DEBUG] [hybrid_market_client] Fetching indicators for GBPUSD (QuantDinger only)
[2026-07-13 16:58:45] [DEBUG] [market_client] Candles GBPUSD 4H: 100 bars ✓
[2026-07-13 16:58:45] [DEBUG] [hybrid_market_client] ✓ Got live data from QuantDinger for GBPUSD
[2026-07-13 16:58:45] [INFO] [market_snapshot_builder] [SNAPSHOT_BUILT] symbol=GBPUSD tfs=H4,H1,M15
[2026-07-13 16:58:45] [INFO] [main] --- EURUSD ---
[2026-07-13 16:58:48] [INFO] [deepseek] DEEPSEEK OK: {
  "impact_score": 85,
  "bias": "bearish",
  "confidence": 0.82,
  "reason": "ارتفاع عوائد السندات...
[2026-07-13 16:58:48] [INFO] [deepseek] AI EURUSD: bias=bearish impact=85.0 conf=0.82
[2026-07-13 16:58:48] [INFO] [signal_engine] [VERIFY] SIGNAL_INPUT bias=bearish score=85.0 confidence=0.82
[2026-07-13 16:58:48] [INFO] [signal_engine] [VERIFY] SIGNAL_RULE rule=confidence>=0.60 actual=0.82 result=True
[2026-07-13 16:58:48] [INFO] [signal_engine] [VERIFY] SIGNAL_RULE rule=score>=55 actual=85.0 result=True
[2026-07-13 16:58:48] [INFO] [signal_engine] [VERIFY] SIGNAL_RULE rule=bias in [bullish,bearish] actual=bearish result=True
[2026-07-13 16:58:48] [INFO] [signal_engine] [VERIFY] SIGNAL_FINAL direction=SELL score=85.0 confidence=0.82 valid=True
[2026-07-13 16:58:48] [DEBUG] [signal_engine] Signal: SELL score=85.0 conf=0.82 strength=قوي جداً valid=True
[2026-07-13 16:58:48] [INFO] [sentiment] Sentiment EURUSD: neutral score=50 bull=3 bear=3
[2026-07-13 16:58:48] [DEBUG] [mtf] MTF (snapshot) EURUSD: H4=bearish H1=bearish M15=bearish aligned=True (strong)
[2026-07-13 16:58:48] [INFO] [main] [VERIFY][DATA_TRUTH] symbol=EURUSD timeframe=H4/H1/M15 news_fetched=True indicators_fetched=True live_data=True cached=False
[2026-07-13 16:58:48] [INFO] [voting_engine] EURUSD: MTF strongly aligned, boosting score 10%
[2026-07-13 16:58:48] [DEBUG] [hybrid_market_client] Fetching indicators for EURUSD (QuantDinger only)
[2026-07-13 16:58:48] [DEBUG] [market_client] Candles EURUSD 4H: 100 bars ✓
[2026-07-13 16:58:48] [DEBUG] [hybrid_market_client] ✓ Got live data from QuantDinger for EURUSD
[2026-07-13 16:58:48] [DEBUG] [hybrid_market_client] Fetching indicators for EURUSD (QuantDinger only)
[2026-07-13 16:58:48] [DEBUG] [market_client] Using cached candles for EURUSD 4H (age: 0s)
[2026-07-13 16:58:48] [DEBUG] [hybrid_market_client] ✓ Got live data from QuantDinger for EURUSD
[2026-07-13 16:58:48] [INFO] [sltp] SL/TP EURUSD: entry=1.1420739889144897 atr=0.00220 sl=1.14538 tp=1.13657
[2026-07-13 16:58:48] [INFO] [position_sizing] Position size: 0.5 (equity=74387, risk=0.003, sl_dist=0.00331, score=92, cons_loss=0)
[2026-07-13 16:58:48] [DEBUG] [xgboost_v2] V2 predict: rsi=43.3 atr=0.00220 regime=TRENDING session=new_york dir=SELL -> p_win=0.125
[2026-07-13 16:58:48] [INFO] [xgboost_v2] [VERIFY] XGBOOST PREDICTION p_win=0.125 available=True
[2026-07-13 16:58:48] [INFO] [main] [VERIFY][DECISION_TRUTH] bias=bearish score=91.7 confidence=1.0 vote=SELL risk_passed=True sl_tp_calculated=True position_size=0.5 xgboost_p_win=0.12512187659740448 final_decision_valid=False reject_reason=p_win<threshold (p_win=0.125 threshold=0.6)
[2026-07-13 16:58:48] [INFO] [main] --- XAUUSD ---
[2026-07-13 16:58:51] [INFO] [deepseek] DEEPSEEK OK: {
  "impact_score": 70,
  "bias": "bearish",
  "confidence": 0.8,
  "reason": "الذهب تحت ضغط بسبب ار...
[2026-07-13 16:58:51] [INFO] [deepseek] AI XAUUSD: bias=bearish impact=70.0 conf=0.80
[2026-07-13 16:58:51] [INFO] [signal_engine] [VERIFY] SIGNAL_INPUT bias=bearish score=70.0 confidence=0.8
[2026-07-13 16:58:51] [INFO] [signal_engine] [VERIFY] SIGNAL_RULE rule=confidence>=0.60 actual=0.8 result=True
[2026-07-13 16:58:51] [INFO] [signal_engine] [VERIFY] SIGNAL_RULE rule=score>=55 actual=70.0 result=True
[2026-07-13 16:58:51] [INFO] [signal_engine] [VERIFY] SIGNAL_RULE rule=bias in [bullish,bearish] actual=bearish result=True
[2026-07-13 16:58:51] [INFO] [signal_engine] [VERIFY] SIGNAL_FINAL direction=SELL score=70.0 confidence=0.8 valid=True
[2026-07-13 16:58:51] [DEBUG] [signal_engine] Signal: SELL score=70.0 conf=0.80 strength=قوي valid=True
[2026-07-13 16:58:51] [INFO] [sentiment] Sentiment XAUUSD: bearish score=83 bull=1 bear=2
[2026-07-13 16:58:51] [DEBUG] [mtf] MTF (snapshot) XAUUSD: H4=bearish H1=bullish M15=bullish aligned=True (weak)
[2026-07-13 16:58:51] [INFO] [main] [VERIFY][DATA_TRUTH] symbol=XAUUSD timeframe=H4/H1/M15 news_fetched=True indicators_fetched=True live_data=True cached=False
[2026-07-13 16:58:51] [DEBUG] [hybrid_market_client] Fetching indicators for XAUUSD (QuantDinger only)
[2026-07-13 16:58:51] [DEBUG] [market_client] Candles XAUUSD 4H: 95 bars ✓
[2026-07-13 16:58:51] [DEBUG] [hybrid_market_client] ✓ Got live data from QuantDinger for XAUUSD
[2026-07-13 16:58:51] [DEBUG] [hybrid_market_client] Fetching indicators for XAUUSD (QuantDinger only)
[2026-07-13 16:58:51] [DEBUG] [market_client] Using cached candles for XAUUSD 4H (age: 0s)
[2026-07-13 16:58:51] [DEBUG] [hybrid_market_client] ✓ Got live data from QuantDinger for XAUUSD
[2026-07-13 16:58:51] [INFO] [sltp] SL/TP XAUUSD: entry=4064.0 atr=25.54288 sl=4074.0 tp=4000.1428
[2026-07-13 16:58:51] [INFO] [position_sizing] Position size: 0.1 (equity=74387, risk=0.001, sl_dist=10.00000, score=51, cons_loss=0)
[2026-07-13 16:58:51] [DEBUG] [xgboost_v2] V2 predict: rsi=27.9 atr=25.54288 regime=TRENDING session=new_york dir=SELL -> p_win=0.125
[2026-07-13 16:58:51] [INFO] [xgboost_v2] [VERIFY] XGBOOST PREDICTION p_win=0.125 available=True
[2026-07-13 16:58:51] [INFO] [main] [VERIFY][DECISION_TRUTH] bias=bearish score=50.7 confidence=1.0 vote=SELL risk_passed=True sl_tp_calculated=True position_size=0.1 xgboost_p_win=0.12512187659740448 final_decision_valid=False reject_reason=p_win<threshold (p_win=0.125 threshold=0.6)
[2026-07-13 16:58:51] [INFO] [main] --- GBPUSD ---
[2026-07-13 16:58:55] [WARNING] [deepseek] DeepSeek truncated by max_tokens, finish_reason=length, content={
  "impact_score": 85,
  "bias": "bearish",
  "confidence": 0.9,
  "reason": "الدعم للدولار قوي مع ارتفاع عوائد السندات والتوترات الج
[2026-07-13 16:58:55] [WARNING] [deepseek] Retry 1: JSON incomplete/truncated, raw={
  "impact_score": 85,
  "bias": "bearish",
  "confidence": 0.9,
  "reason": "الدعم للدولار قوي مع ارتفاع عوائد السندات والتوترات الج
[2026-07-13 16:59:01] [INFO] [deepseek] DEEPSEEK OK: {
  "impact_score": 90,
  "bias": "bearish",
  "confidence": 0.85,
  "reason": "البيانات التقنية تشي...
[2026-07-13 16:59:01] [INFO] [deepseek] AI GBPUSD: bias=bearish impact=90.0 conf=0.85
[2026-07-13 16:59:01] [INFO] [signal_engine] [VERIFY] SIGNAL_INPUT bias=bearish score=90.0 confidence=0.85
[2026-07-13 16:59:01] [INFO] [signal_engine] [VERIFY] SIGNAL_RULE rule=confidence>=0.60 actual=0.85 result=True
[2026-07-13 16:59:01] [INFO] [signal_engine] [VERIFY] SIGNAL_RULE rule=score>=55 actual=90.0 result=True
[2026-07-13 16:59:01] [INFO] [signal_engine] [VERIFY] SIGNAL_RULE rule=bias in [bullish,bearish] actual=bearish result=True
[2026-07-13 16:59:01] [INFO] [signal_engine] [VERIFY] SIGNAL_FINAL direction=SELL score=90.0 confidence=0.85 valid=True
[2026-07-13 16:59:01] [DEBUG] [signal_engine] Signal: SELL score=90.0 conf=0.85 strength=قوي جداً valid=True
[2026-07-13 16:59:01] [INFO] [sentiment] Sentiment GBPUSD: neutral score=50 bull=2 bear=2
[2026-07-13 16:59:01] [DEBUG] [mtf] MTF (snapshot) GBPUSD: H4=bearish H1=bearish M15=bearish aligned=True (strong)
[2026-07-13 16:59:01] [INFO] [main] [VERIFY][DATA_TRUTH] symbol=GBPUSD timeframe=H4/H1/M15 news_fetched=True indicators_fetched=True live_data=True cached=False
[2026-07-13 16:59:01] [INFO] [voting_engine] GBPUSD: MTF strongly aligned, boosting score 10%
[2026-07-13 16:59:01] [DEBUG] [hybrid_market_client] Fetching indicators for GBPUSD (QuantDinger only)
[2026-07-13 16:59:01] [DEBUG] [market_client] Candles GBPUSD 4H: 100 bars ✓
[2026-07-13 16:59:01] [DEBUG] [hybrid_market_client] ✓ Got live data from QuantDinger for GBPUSD
[2026-07-13 16:59:01] [DEBUG] [hybrid_market_client] Fetching indicators for GBPUSD (QuantDinger only)
[2026-07-13 16:59:01] [DEBUG] [market_client] Using cached candles for GBPUSD 4H (age: 0s)
[2026-07-13 16:59:01] [DEBUG] [hybrid_market_client] ✓ Got live data from QuantDinger for GBPUSD
[2026-07-13 16:59:01] [INFO] [sltp] SL/TP GBPUSD: entry=1.3389928340911865 atr=0.00272 sl=1.34307 tp=1.3322
[2026-07-13 16:59:01] [INFO] [position_sizing] Position size: 0.5 (equity=74387, risk=0.003, sl_dist=0.00408, score=94, cons_loss=0)
[2026-07-13 16:59:01] [DEBUG] [xgboost_v2] V2 predict: rsi=41.9 atr=0.00272 regime=TRENDING session=new_york dir=SELL -> p_win=0.125
[2026-07-13 16:59:01] [INFO] [xgboost_v2] [VERIFY] XGBOOST PREDICTION p_win=0.125 available=True
[2026-07-13 16:59:01] [INFO] [main] [VERIFY][DECISION_TRUTH] bias=bearish score=94.0 confidence=1.0 vote=SELL risk_passed=True sl_tp_calculated=True position_size=0.5 xgboost_p_win=0.12512187659740448 final_decision_valid=False reject_reason=p_win<threshold (p_win=0.125 threshold=0.6)
[2026-07-13 16:59:01] [INFO] [adaptive_weights] EURUSD weights updated: {'ai': 0.239, 'trend': 0.239, 'momentum': 0.239, 'sentiment': 0.239, 'volatility': 0.043} | WR=10.0% PF=2.07
[2026-07-13 16:59:01] [INFO] [adaptive_weights] GBPUSD weights updated: {'ai': 0.239, 'trend': 0.239, 'momentum': 0.239, 'sentiment': 0.239, 'volatility': 0.043} | WR=13.0% PF=8.53
[2026-07-13 16:59:01] [INFO] [adaptive_weights] 🏆 أفضل زوج: GBPUSD | WR=13.0% | PnL=144.6$
[2026-07-13 16:59:01] [INFO] [adaptive_weights] ⚠️ أسوأ زوج: XAUUSD | WR=0.0% | PnL=-16.8$
[2026-07-13 16:59:01] [INFO] [main] Sleeping 1800s...
[2026-07-13 17:23:09] [INFO] [entry_v2.run_pipeline] [Entry v2 run_pipeline] Step 1: build_dataset -> unified CSV/Parquet
[2026-07-13 17:23:09] [INFO] [entry_v2.candle_loader] [entry_v2] loading candles symbol=EURUSD timeframe=H4 count=2191
[2026-07-13 17:23:09] [INFO] [qd_client] Logged in to QuantDinger
[2026-07-13 17:23:10] [DEBUG] [market_client] Candles EURUSD 4H: 2191 bars ✓
[2026-07-13 17:23:10] [INFO] [entry_v2.candle_loader] [entry_v2] loading candles symbol=EURUSD timeframe=H1 count=8766
[2026-07-13 17:23:10] [WARNING] [market_client] Candles API error for EURUSD: No data found (code=0)
[2026-07-13 17:23:10] [ERROR] [entry_v2.run_pipeline] [Entry v2 run_pipeline] FAILED: No valid candles loaded for EURUSD H1
Traceback (most recent call last):
  File "F:\files (2)\google\botdd\trading_bot_v3\analysis\entry_v2\run_pipeline.py", line 130, in <module>
    main()
    ~~~~^^
  File "F:\files (2)\google\botdd\trading_bot_v3\analysis\entry_v2\run_pipeline.py", line 77, in main
    builder_meta = build_dataset(output_dir=out_dir)
  File "F:\files (2)\google\botdd\trading_bot_v3\analysis\entry_v2\dataset_builder.py", line 125, in build_dataset
    loaded = load_required_history(symbols, timeframes, months_min=months_min)
  File "F:\files (2)\google\botdd\trading_bot_v3\analysis\entry_v2\candle_loader.py", line 216, in load_required_history
    candles = load_candles(sym, tf_u, count=count)
  File "F:\files (2)\google\botdd\trading_bot_v3\analysis\entry_v2\candle_loader.py", line 176, in load_candles
    raise RuntimeError(f"No valid candles loaded for {sym} {tf}")
RuntimeError: No valid candles loaded for EURUSD H1
[2026-07-13 17:23:43] [WARNING] [mt5_watchdog] MT5 disconnected! Attempt 1/3
[2026-07-13 17:23:44] [INFO] [qd_client] Logged in to QuantDinger
[2026-07-13 17:23:44] [INFO] [mt5_watchdog] MT5 already connected
[2026-07-13 17:23:44] [INFO] [mt5_watchdog] MT5 reconnected successfully!
[2026-07-13 17:29:01] [INFO] [main] ==================================================
[2026-07-13 17:29:01] [INFO] [main] Cycle 6 at 17:29:01
[2026-07-13 17:29:08] [INFO] [news_fetcher] Fetched 23 relevant news items
[2026-07-13 17:29:08] [INFO] [main] Equity: 74386.52$ | News: 23
[2026-07-13 17:29:08] [DEBUG] [hybrid_market_client] Fetching indicators for EURUSD (QuantDinger only)
[2026-07-13 17:29:09] [DEBUG] [market_client] Candles EURUSD 4H: 100 bars ✓
[2026-07-13 17:29:09] [DEBUG] [hybrid_market_client] ✓ Got live data from QuantDinger for EURUSD
[2026-07-13 17:29:09] [DEBUG] [hybrid_market_client] Fetching indicators for EURUSD (QuantDinger only)
[2026-07-13 17:29:09] [DEBUG] [market_client] Candles EURUSD 4H: 100 bars ✓
[2026-07-13 17:29:09] [DEBUG] [hybrid_market_client] ✓ Got live data from QuantDinger for EURUSD
[2026-07-13 17:29:09] [DEBUG] [hybrid_market_client] Fetching indicators for EURUSD (QuantDinger only)
[2026-07-13 17:29:09] [DEBUG] [market_client] Candles EURUSD 4H: 100 bars ✓
[2026-07-13 17:29:09] [DEBUG] [hybrid_market_client] ✓ Got live data from QuantDinger for EURUSD
[2026-07-13 17:29:09] [INFO] [market_snapshot_builder] [SNAPSHOT_BUILT] symbol=EURUSD tfs=H4,H1,M15
[2026-07-13 17:29:09] [DEBUG] [hybrid_market_client] Fetching indicators for XAUUSD (QuantDinger only)
[2026-07-13 17:29:09] [DEBUG] [market_client] Candles XAUUSD 4H: 95 bars ✓
[2026-07-13 17:29:09] [DEBUG] [hybrid_market_client] ✓ Got live data from QuantDinger for XAUUSD
[2026-07-13 17:29:09] [DEBUG] [hybrid_market_client] Fetching indicators for XAUUSD (QuantDinger only)
[2026-07-13 17:29:09] [DEBUG] [market_client] Candles XAUUSD 4H: 95 bars ✓
[2026-07-13 17:29:09] [DEBUG] [hybrid_market_client] ✓ Got live data from QuantDinger for XAUUSD
[2026-07-13 17:29:09] [DEBUG] [hybrid_market_client] Fetching indicators for XAUUSD (QuantDinger only)
[2026-07-13 17:29:09] [DEBUG] [market_client] Candles XAUUSD 4H: 95 bars ✓
[2026-07-13 17:29:09] [DEBUG] [hybrid_market_client] ✓ Got live data from QuantDinger for XAUUSD
[2026-07-13 17:29:09] [INFO] [market_snapshot_builder] [SNAPSHOT_BUILT] symbol=XAUUSD tfs=H4,H1,M15
[2026-07-13 17:29:09] [DEBUG] [hybrid_market_client] Fetching indicators for GBPUSD (QuantDinger only)
[2026-07-13 17:29:09] [DEBUG] [market_client] Candles GBPUSD 4H: 100 bars ✓
[2026-07-13 17:29:09] [DEBUG] [hybrid_market_client] ✓ Got live data from QuantDinger for GBPUSD
[2026-07-13 17:29:09] [DEBUG] [hybrid_market_client] Fetching indicators for GBPUSD (QuantDinger only)
[2026-07-13 17:29:09] [DEBUG] [market_client] Candles GBPUSD 4H: 100 bars ✓
[2026-07-13 17:29:09] [DEBUG] [hybrid_market_client] ✓ Got live data from QuantDinger for GBPUSD
[2026-07-13 17:29:09] [DEBUG] [hybrid_market_client] Fetching indicators for GBPUSD (QuantDinger only)
[2026-07-13 17:29:09] [DEBUG] [market_client] Candles GBPUSD 4H: 100 bars ✓
[2026-07-13 17:29:09] [DEBUG] [hybrid_market_client] ✓ Got live data from QuantDinger for GBPUSD
[2026-07-13 17:29:09] [INFO] [market_snapshot_builder] [SNAPSHOT_BUILT] symbol=GBPUSD tfs=H4,H1,M15
[2026-07-13 17:29:09] [INFO] [main] --- EURUSD ---
[2026-07-13 17:29:12] [INFO] [deepseek] DEEPSEEK OK: {
  "impact_score": 85,
  "bias": "bearish",
  "confidence": 0.85,
  "reason": "ارتفاع عوائد السندات...
[2026-07-13 17:29:12] [INFO] [deepseek] AI EURUSD: bias=bearish impact=85.0 conf=0.85
[2026-07-13 17:29:12] [INFO] [signal_engine] [VERIFY] SIGNAL_INPUT bias=bearish score=85.0 confidence=0.85
[2026-07-13 17:29:12] [INFO] [signal_engine] [VERIFY] SIGNAL_RULE rule=confidence>=0.60 actual=0.85 result=True
[2026-07-13 17:29:12] [INFO] [signal_engine] [VERIFY] SIGNAL_RULE rule=score>=55 actual=85.0 result=True
[2026-07-13 17:29:12] [INFO] [signal_engine] [VERIFY] SIGNAL_RULE rule=bias in [bullish,bearish] actual=bearish result=True
[2026-07-13 17:29:12] [INFO] [signal_engine] [VERIFY] SIGNAL_FINAL direction=SELL score=85.0 confidence=0.85 valid=True
[2026-07-13 17:29:12] [DEBUG] [signal_engine] Signal: SELL score=85.0 conf=0.85 strength=قوي جداً valid=True
[2026-07-13 17:29:12] [INFO] [sentiment] Sentiment EURUSD: neutral score=50 bull=3 bear=4
[2026-07-13 17:29:12] [DEBUG] [mtf] MTF (snapshot) EURUSD: H4=bearish H1=bearish M15=bearish aligned=True (strong)
[2026-07-13 17:29:12] [INFO] [main] [VERIFY][DATA_TRUTH] symbol=EURUSD timeframe=H4/H1/M15 news_fetched=True indicators_fetched=True live_data=True cached=False
[2026-07-13 17:29:12] [INFO] [voting_engine] EURUSD: MTF strongly aligned, boosting score 10%
[2026-07-13 17:29:12] [DEBUG] [hybrid_market_client] Fetching indicators for EURUSD (QuantDinger only)
[2026-07-13 17:29:12] [DEBUG] [market_client] Candles EURUSD 4H: 100 bars ✓
[2026-07-13 17:29:12] [DEBUG] [hybrid_market_client] ✓ Got live data from QuantDinger for EURUSD
[2026-07-13 17:29:12] [DEBUG] [hybrid_market_client] Fetching indicators for EURUSD (QuantDinger only)
[2026-07-13 17:29:12] [DEBUG] [market_client] Using cached candles for EURUSD 4H (age: 0s)
[2026-07-13 17:29:12] [DEBUG] [hybrid_market_client] ✓ Got live data from QuantDinger for EURUSD
[2026-07-13 17:29:12] [INFO] [sltp] SL/TP EURUSD: entry=1.1410315036773682 atr=0.00230 sl=1.14447 tp=1.13529
[2026-07-13 17:29:12] [INFO] [position_sizing] Position size: 0.5 (equity=74387, risk=0.003, sl_dist=0.00344, score=92, cons_loss=0)
[2026-07-13 17:29:12] [DEBUG] [xgboost_v2] V2 predict: rsi=40.9 atr=0.00230 regime=TRENDING session=new_york dir=SELL -> p_win=0.125
[2026-07-13 17:29:12] [INFO] [xgboost_v2] [VERIFY] XGBOOST PREDICTION p_win=0.125 available=True
[2026-07-13 17:29:12] [INFO] [main] [VERIFY][DECISION_TRUTH] bias=bearish score=92.0 confidence=1.0 vote=SELL risk_passed=True sl_tp_calculated=True position_size=0.5 xgboost_p_win=0.12512187659740448 final_decision_valid=False reject_reason=p_win<threshold (p_win=0.125 threshold=0.6)
[2026-07-13 17:29:12] [INFO] [main] --- XAUUSD ---
[2026-07-13 17:29:16] [INFO] [deepseek] DEEPSEEK OK: {
  "impact_score": 85,
  "bias": "bearish",
  "confidence": 0.75,
  "reason": "ارتفاع عوائد السندات...
[2026-07-13 17:29:16] [INFO] [deepseek] AI XAUUSD: bias=bearish impact=85.0 conf=0.75
[2026-07-13 17:29:16] [INFO] [signal_engine] [VERIFY] SIGNAL_INPUT bias=bearish score=85.0 confidence=0.75
[2026-07-13 17:29:16] [INFO] [signal_engine] [VERIFY] SIGNAL_RULE rule=confidence>=0.60 actual=0.75 result=True
[2026-07-13 17:29:16] [INFO] [signal_engine] [VERIFY] SIGNAL_RULE rule=score>=55 actual=85.0 result=True
[2026-07-13 17:29:16] [INFO] [signal_engine] [VERIFY] SIGNAL_RULE rule=bias in [bullish,bearish] actual=bearish result=True
[2026-07-13 17:29:16] [INFO] [signal_engine] [VERIFY] SIGNAL_FINAL direction=SELL score=85.0 confidence=0.75 valid=True
[2026-07-13 17:29:16] [DEBUG] [signal_engine] Signal: SELL score=85.0 conf=0.75 strength=قوي valid=True
[2026-07-13 17:29:16] [INFO] [sentiment] Sentiment XAUUSD: bearish score=88 bull=1 bear=3
[2026-07-13 17:29:16] [DEBUG] [mtf] MTF (snapshot) XAUUSD: H4=bearish H1=bullish M15=bullish aligned=True (weak)
[2026-07-13 17:29:16] [INFO] [main] [VERIFY][DATA_TRUTH] symbol=XAUUSD timeframe=H4/H1/M15 news_fetched=True indicators_fetched=True live_data=True cached=False
[2026-07-13 17:29:16] [DEBUG] [hybrid_market_client] Fetching indicators for XAUUSD (QuantDinger only)
[2026-07-13 17:29:16] [DEBUG] [market_client] Candles XAUUSD 4H: 95 bars ✓
[2026-07-13 17:29:16] [DEBUG] [hybrid_market_client] ✓ Got live data from QuantDinger for XAUUSD
[2026-07-13 17:29:16] [DEBUG] [hybrid_market_client] Fetching indicators for XAUUSD (QuantDinger only)
[2026-07-13 17:29:16] [DEBUG] [market_client] Using cached candles for XAUUSD 4H (age: 0s)
[2026-07-13 17:29:16] [DEBUG] [hybrid_market_client] ✓ Got live data from QuantDinger for XAUUSD
[2026-07-13 17:29:16] [INFO] [sltp] SL/TP XAUUSD: entry=4028.199951171875 atr=28.71430 sl=4038.19995 tp=3956.41419
[2026-07-13 17:29:16] [INFO] [position_sizing] Position size: 0.1 (equity=74387, risk=0.001, sl_dist=10.00000, score=54, cons_loss=0)
[2026-07-13 17:29:16] [DEBUG] [xgboost_v2] V2 predict: rsi=21.6 atr=28.71430 regime=TRENDING session=new_york dir=SELL -> p_win=0.125
[2026-07-13 17:29:16] [INFO] [xgboost_v2] [VERIFY] XGBOOST PREDICTION p_win=0.125 available=True
[2026-07-13 17:29:16] [INFO] [main] [VERIFY][DECISION_TRUTH] bias=bearish score=54.2 confidence=1.0 vote=SELL risk_passed=True sl_tp_calculated=True position_size=0.1 xgboost_p_win=0.12512187659740448 final_decision_valid=False reject_reason=p_win<threshold (p_win=0.125 threshold=0.6)
[2026-07-13 17:29:16] [INFO] [main] --- GBPUSD ---
[2026-07-13 17:29:21] [INFO] [deepseek] DEEPSEEK OK: {
  "impact_score": 75,
  "bias": "bearish",
  "confidence": 0.85,
  "reason": "الأخبار الأمريكية تد...
[2026-07-13 17:29:21] [INFO] [deepseek] AI GBPUSD: bias=bearish impact=75.0 conf=0.85
[2026-07-13 17:29:21] [INFO] [signal_engine] [VERIFY] SIGNAL_INPUT bias=bearish score=75.0 confidence=0.85
[2026-07-13 17:29:21] [INFO] [signal_engine] [VERIFY] SIGNAL_RULE rule=confidence>=0.60 actual=0.85 result=True
[2026-07-13 17:29:21] [INFO] [signal_engine] [VERIFY] SIGNAL_RULE rule=score>=55 actual=75.0 result=True
[2026-07-13 17:29:21] [INFO] [signal_engine] [VERIFY] SIGNAL_RULE rule=bias in [bullish,bearish] actual=bearish result=True
[2026-07-13 17:29:21] [INFO] [signal_engine] [VERIFY] SIGNAL_FINAL direction=SELL score=75.0 confidence=0.85 valid=True
[2026-07-13 17:29:21] [DEBUG] [signal_engine] Signal: SELL score=75.0 conf=0.85 strength=قوي valid=True
[2026-07-13 17:29:21] [INFO] [sentiment] Sentiment GBPUSD: neutral score=50 bull=2 bear=2
[2026-07-13 17:29:21] [DEBUG] [mtf] MTF (snapshot) GBPUSD: H4=bearish H1=bearish M15=bearish aligned=True (strong)
[2026-07-13 17:29:21] [INFO] [main] [VERIFY][DATA_TRUTH] symbol=GBPUSD timeframe=H4/H1/M15 news_fetched=True indicators_fetched=True live_data=True cached=False
[2026-07-13 17:29:21] [INFO] [voting_engine] GBPUSD: MTF strongly aligned, boosting score 10%
[2026-07-13 17:29:21] [DEBUG] [hybrid_market_client] Fetching indicators for GBPUSD (QuantDinger only)
[2026-07-13 17:29:21] [DEBUG] [market_client] Candles GBPUSD 4H: 100 bars ✓
[2026-07-13 17:29:21] [DEBUG] [hybrid_market_client] ✓ Got live data from QuantDinger for GBPUSD
[2026-07-13 17:29:21] [DEBUG] [hybrid_market_client] Fetching indicators for GBPUSD (QuantDinger only)
[2026-07-13 17:29:21] [DEBUG] [market_client] Using cached candles for GBPUSD 4H (age: 0s)
[2026-07-13 17:29:21] [DEBUG] [hybrid_market_client] ✓ Got live data from QuantDinger for GBPUSD
[2026-07-13 17:29:21] [INFO] [sltp] SL/TP GBPUSD: entry=1.3377747535705566 atr=0.00283 sl=1.34202 tp=1.33071
[2026-07-13 17:29:21] [INFO] [position_sizing] Position size: 0.5 (equity=74387, risk=0.002, sl_dist=0.00425, score=88, cons_loss=0)
[2026-07-13 17:29:21] [DEBUG] [xgboost_v2] V2 predict: rsi=39.6 atr=0.00283 regime=TRENDING session=new_york dir=SELL -> p_win=0.125
[2026-07-13 17:29:21] [INFO] [xgboost_v2] [VERIFY] XGBOOST PREDICTION p_win=0.125 available=True
[2026-07-13 17:29:21] [INFO] [main] [VERIFY][DECISION_TRUTH] bias=bearish score=88.0 confidence=1.0 vote=SELL risk_passed=True sl_tp_calculated=True position_size=0.5 xgboost_p_win=0.12512187659740448 final_decision_valid=False reject_reason=p_win<threshold (p_win=0.125 threshold=0.6)
[2026-07-13 17:29:21] [INFO] [adaptive_weights] EURUSD weights updated: {'ai': 0.239, 'trend': 0.239, 'momentum': 0.239, 'sentiment': 0.239, 'volatility': 0.043} | WR=10.0% PF=2.07
[2026-07-13 17:29:21] [INFO] [adaptive_weights] GBPUSD weights updated: {'ai': 0.239, 'trend': 0.239, 'momentum': 0.239, 'sentiment': 0.239, 'volatility': 0.043} | WR=13.0% PF=8.53
[2026-07-13 17:29:21] [INFO] [adaptive_weights] 🏆 أفضل زوج: GBPUSD | WR=13.0% | PnL=144.6$
[2026-07-13 17:29:21] [INFO] [adaptive_weights] ⚠️ أسوأ زوج: XAUUSD | WR=0.0% | PnL=-16.8$
[2026-07-13 17:29:21] [INFO] [main] Sleeping 1800s...
[2026-07-13 17:31:47] [INFO] [entry_v2.run_pipeline] [Entry v2 run_pipeline] Step 1: build_dataset -> unified CSV/Parquet
[2026-07-13 17:31:47] [INFO] [entry_v2.candle_loader] [entry_v2] loading candles symbol=EURUSD timeframe=H4 count=2191
[2026-07-13 17:31:48] [INFO] [qd_client] Logged in to QuantDinger
[2026-07-13 17:31:48] [DEBUG] [market_client] Candles EURUSD 4H: 2191 bars ✓
[2026-07-13 17:31:48] [INFO] [entry_v2.candle_loader] [entry_v2] loading candles symbol=EURUSD timeframe=H1 count=8766
[2026-07-13 17:31:49] [WARNING] [market_client] Candles API error for EURUSD: No data found (code=0)
[2026-07-13 17:31:49] [WARNING] [entry_v2.candle_loader] ⚠️ تخطي EURUSD H1: لا توجد بيانات (No valid candles loaded for EURUSD H1)
[2026-07-13 17:31:49] [INFO] [entry_v2.candle_loader] [entry_v2] loading candles symbol=EURUSD timeframe=M15 count=35066
[2026-07-13 17:31:50] [WARNING] [market_client] Candles API error for EURUSD: No data found (code=0)
[2026-07-13 17:31:50] [WARNING] [entry_v2.candle_loader] ⚠️ تخطي EURUSD M15: لا توجد بيانات (No valid candles loaded for EURUSD M15)
[2026-07-13 17:31:50] [INFO] [entry_v2.candle_loader] [entry_v2] loading candles symbol=GBPUSD timeframe=H4 count=2191
[2026-07-13 17:31:51] [DEBUG] [market_client] Candles GBPUSD 4H: 2191 bars ✓
[2026-07-13 17:31:51] [INFO] [entry_v2.candle_loader] [entry_v2] loading candles symbol=GBPUSD timeframe=H1 count=8766
[2026-07-13 17:31:52] [WARNING] [market_client] Candles API error for GBPUSD: No data found (code=0)
[2026-07-13 17:31:52] [WARNING] [entry_v2.candle_loader] ⚠️ تخطي GBPUSD H1: لا توجد بيانات (No valid candles loaded for GBPUSD H1)
[2026-07-13 17:31:52] [INFO] [entry_v2.candle_loader] [entry_v2] loading candles symbol=GBPUSD timeframe=M15 count=35066
[2026-07-13 17:31:52] [WARNING] [market_client] Candles API error for GBPUSD: No data found (code=0)
[2026-07-13 17:31:52] [WARNING] [entry_v2.candle_loader] ⚠️ تخطي GBPUSD M15: لا توجد بيانات (No valid candles loaded for GBPUSD M15)
[2026-07-13 17:31:52] [INFO] [entry_v2.candle_loader] [entry_v2] loading candles symbol=XAUUSD timeframe=H4 count=2191
[2026-07-13 17:31:53] [DEBUG] [market_client] Candles XAUUSD 4H: 2191 bars ✓
[2026-07-13 17:31:53] [INFO] [entry_v2.candle_loader] [entry_v2] loading candles symbol=XAUUSD timeframe=H1 count=8766
[2026-07-13 17:31:54] [WARNING] [market_client] Candles API error for XAUUSD: No data found (code=0)
[2026-07-13 17:31:54] [WARNING] [entry_v2.candle_loader] ⚠️ تخطي XAUUSD H1: لا توجد بيانات (No valid candles loaded for XAUUSD H1)
[2026-07-13 17:31:54] [INFO] [entry_v2.candle_loader] [entry_v2] loading candles symbol=XAUUSD timeframe=M15 count=35066
[2026-07-13 17:31:55] [WARNING] [market_client] Candles API error for XAUUSD: No data found (code=0)
[2026-07-13 17:31:55] [WARNING] [entry_v2.candle_loader] ⚠️ تخطي XAUUSD M15: لا توجد بيانات (No valid candles loaded for XAUUSD M15)
[2026-07-13 17:31:55] [INFO] [entry_v2.candle_loader] [entry_v2] candle_loader load_required_history summary:
[2026-07-13 17:31:55] [INFO] [entry_v2.candle_loader]   ✅ loaded EURUSD_H4 bars=2191
[2026-07-13 17:31:55] [INFO] [entry_v2.candle_loader]   ✅ loaded GBPUSD_H4 bars=2191
[2026-07-13 17:31:55] [INFO] [entry_v2.candle_loader]   ✅ loaded XAUUSD_H4 bars=2191
[2026-07-13 17:31:55] [INFO] [entry_v2.candle_loader]   ⛔ skipped EURUSD_H1: No valid candles loaded for EURUSD H1
[2026-07-13 17:31:55] [INFO] [entry_v2.candle_loader]   ⛔ skipped EURUSD_M15: No valid candles loaded for EURUSD M15
[2026-07-13 17:31:55] [INFO] [entry_v2.candle_loader]   ⛔ skipped GBPUSD_H1: No valid candles loaded for GBPUSD H1
[2026-07-13 17:31:55] [INFO] [entry_v2.candle_loader]   ⛔ skipped GBPUSD_M15: No valid candles loaded for GBPUSD M15
[2026-07-13 17:31:55] [INFO] [entry_v2.candle_loader]   ⛔ skipped XAUUSD_H1: No valid candles loaded for XAUUSD H1
[2026-07-13 17:31:55] [INFO] [entry_v2.candle_loader]   ⛔ skipped XAUUSD_M15: No valid candles loaded for XAUUSD M15
[2026-07-13 17:31:55] [ERROR] [entry_v2.run_pipeline] [Entry v2 run_pipeline] FAILED: ('EURUSD', 'H1')
Traceback (most recent call last):
  File "F:\files (2)\google\botdd\trading_bot_v3\analysis\entry_v2\run_pipeline.py", line 130, in <module>
    main()
    ~~~~^^
  File "F:\files (2)\google\botdd\trading_bot_v3\analysis\entry_v2\run_pipeline.py", line 77, in main
    builder_meta = build_dataset(output_dir=out_dir)
  File "F:\files (2)\google\botdd\trading_bot_v3\analysis\entry_v2\dataset_builder.py", line 133, in build_dataset
    candles = loaded[(sym, tf)]
              ~~~~~~^^^^^^^^^^^
KeyError: ('EURUSD', 'H1')
[2026-07-13 17:33:45] [WARNING] [mt5_watchdog] MT5 disconnected! Attempt 1/3
[2026-07-13 17:33:46] [INFO] [qd_client] Logged in to QuantDinger
[2026-07-13 17:33:46] [INFO] [mt5_watchdog] MT5 already connected
[2026-07-13 17:33:46] [INFO] [mt5_watchdog] MT5 reconnected successfully!
[2026-07-13 17:33:50] [INFO] [entry_v2.run_pipeline] [Entry v2 run_pipeline] Step 1: build_dataset -> unified CSV/Parquet
[2026-07-13 17:33:50] [INFO] [entry_v2.candle_loader] [entry_v2] loading candles symbol=EURUSD timeframe=H4 count=2191
[2026-07-13 17:33:51] [INFO] [qd_client] Logged in to QuantDinger
[2026-07-13 17:33:51] [DEBUG] [market_client] Candles EURUSD 4H: 2191 bars ✓
[2026-07-13 17:33:51] [INFO] [entry_v2.candle_loader] [entry_v2] loading candles symbol=EURUSD timeframe=H1 count=8766
[2026-07-13 17:33:51] [WARNING] [market_client] Candles API error for EURUSD: No data found (code=0)
[2026-07-13 17:33:51] [WARNING] [entry_v2.candle_loader] ⚠️ تخطي EURUSD H1: لا توجد بيانات (No valid candles loaded for EURUSD H1)
[2026-07-13 17:33:51] [INFO] [entry_v2.candle_loader] [entry_v2] loading candles symbol=EURUSD timeframe=M15 count=35066
[2026-07-13 17:33:52] [WARNING] [market_client] Candles API error for EURUSD: No data found (code=0)
[2026-07-13 17:33:52] [WARNING] [entry_v2.candle_loader] ⚠️ تخطي EURUSD M15: لا توجد بيانات (No valid candles loaded for EURUSD M15)
[2026-07-13 17:33:52] [INFO] [entry_v2.candle_loader] [entry_v2] loading candles symbol=GBPUSD timeframe=H4 count=2191
[2026-07-13 17:33:52] [DEBUG] [market_client] Candles GBPUSD 4H: 2191 bars ✓
[2026-07-13 17:33:52] [INFO] [entry_v2.candle_loader] [entry_v2] loading candles symbol=GBPUSD timeframe=H1 count=8766
[2026-07-13 17:33:53] [WARNING] [market_client] Candles API error for GBPUSD: No data found (code=0)
[2026-07-13 17:33:53] [WARNING] [entry_v2.candle_loader] ⚠️ تخطي GBPUSD H1: لا توجد بيانات (No valid candles loaded for GBPUSD H1)
[2026-07-13 17:33:53] [INFO] [entry_v2.candle_loader] [entry_v2] loading candles symbol=GBPUSD timeframe=M15 count=35066
[2026-07-13 17:33:53] [WARNING] [market_client] Candles API error for GBPUSD: No data found (code=0)
[2026-07-13 17:33:53] [WARNING] [entry_v2.candle_loader] ⚠️ تخطي GBPUSD M15: لا توجد بيانات (No valid candles loaded for GBPUSD M15)
[2026-07-13 17:33:53] [INFO] [entry_v2.candle_loader] [entry_v2] loading candles symbol=XAUUSD timeframe=H4 count=2191
[2026-07-13 17:33:53] [DEBUG] [market_client] Candles XAUUSD 4H: 2191 bars ✓
[2026-07-13 17:33:53] [INFO] [entry_v2.candle_loader] [entry_v2] loading candles symbol=XAUUSD timeframe=H1 count=8766
[2026-07-13 17:33:54] [WARNING] [market_client] Candles API error for XAUUSD: No data found (code=0)
[2026-07-13 17:33:54] [WARNING] [entry_v2.candle_loader] ⚠️ تخطي XAUUSD H1: لا توجد بيانات (No valid candles loaded for XAUUSD H1)
[2026-07-13 17:33:54] [INFO] [entry_v2.candle_loader] [entry_v2] loading candles symbol=XAUUSD timeframe=M15 count=35066
[2026-07-13 17:33:55] [WARNING] [market_client] Candles API error for XAUUSD: No data found (code=0)
[2026-07-13 17:33:55] [WARNING] [entry_v2.candle_loader] ⚠️ تخطي XAUUSD M15: لا توجد بيانات (No valid candles loaded for XAUUSD M15)
[2026-07-13 17:33:55] [INFO] [entry_v2.candle_loader] [entry_v2] candle_loader load_required_history summary:
[2026-07-13 17:33:55] [INFO] [entry_v2.candle_loader]   ✅ loaded EURUSD_H4 bars=2191
[2026-07-13 17:33:55] [INFO] [entry_v2.candle_loader]   ✅ loaded GBPUSD_H4 bars=2191
[2026-07-13 17:33:55] [INFO] [entry_v2.candle_loader]   ✅ loaded XAUUSD_H4 bars=2191
[2026-07-13 17:33:55] [INFO] [entry_v2.candle_loader]   ⛔ skipped EURUSD_H1: No valid candles loaded for EURUSD H1
[2026-07-13 17:33:55] [INFO] [entry_v2.candle_loader]   ⛔ skipped EURUSD_M15: No valid candles loaded for EURUSD M15
[2026-07-13 17:33:55] [INFO] [entry_v2.candle_loader]   ⛔ skipped GBPUSD_H1: No valid candles loaded for GBPUSD H1
[2026-07-13 17:33:55] [INFO] [entry_v2.candle_loader]   ⛔ skipped GBPUSD_M15: No valid candles loaded for GBPUSD M15
[2026-07-13 17:33:55] [INFO] [entry_v2.candle_loader]   ⛔ skipped XAUUSD_H1: No valid candles loaded for XAUUSD H1
[2026-07-13 17:33:55] [INFO] [entry_v2.candle_loader]   ⛔ skipped XAUUSD_M15: No valid candles loaded for XAUUSD M15
[2026-07-13 17:33:55] [ERROR] [entry_v2.run_pipeline] [Entry v2 run_pipeline] FAILED: Critical: no valid synchronized rows
Traceback (most recent call last):
  File "F:\files (2)\google\botdd\trading_bot_v3\analysis\entry_v2\run_pipeline.py", line 130, in <module>
    main()
    ~~~~^^
  File "F:\files (2)\google\botdd\trading_bot_v3\analysis\entry_v2\run_pipeline.py", line 77, in main
    builder_meta = build_dataset(output_dir=out_dir)
  File "F:\files (2)\google\botdd\trading_bot_v3\analysis\entry_v2\dataset_builder.py", line 268, in build_dataset
    abort_if_critical(issues)
    ~~~~~~~~~~~~~~~~~^^^^^^^^
  File "F:\files (2)\google\botdd\trading_bot_v3\analysis\entry_v2\validation.py", line 121, in abort_if_critical
    raise RuntimeError("Critical: no valid synchronized rows")
RuntimeError: Critical: no valid synchronized rows
[2026-07-13 17:34:08] [INFO] [entry_v2.run_pipeline] [Entry v2 run_pipeline] Step 1: build_dataset -> unified CSV/Parquet
[2026-07-13 17:34:08] [INFO] [entry_v2.candle_loader] [entry_v2] loading candles symbol=EURUSD timeframe=H4 count=2191
[2026-07-13 17:34:08] [INFO] [qd_client] Logged in to QuantDinger
[2026-07-13 17:34:08] [DEBUG] [market_client] Candles EURUSD 4H: 2191 bars ✓
[2026-07-13 17:34:08] [INFO] [entry_v2.candle_loader] [entry_v2] loading candles symbol=EURUSD timeframe=H1 count=8766
[2026-07-13 17:34:09] [WARNING] [market_client] Candles API error for EURUSD: No data found (code=0)
[2026-07-13 17:34:09] [WARNING] [entry_v2.candle_loader] ⚠️ تخطي EURUSD H1: لا توجد بيانات (No valid candles loaded for EURUSD H1)
[2026-07-13 17:34:09] [INFO] [entry_v2.candle_loader] [entry_v2] loading candles symbol=EURUSD timeframe=M15 count=35066
[2026-07-13 17:34:10] [WARNING] [market_client] Candles API error for EURUSD: No data found (code=0)
[2026-07-13 17:34:10] [WARNING] [entry_v2.candle_loader] ⚠️ تخطي EURUSD M15: لا توجد بيانات (No valid candles loaded for EURUSD M15)
[2026-07-13 17:34:10] [INFO] [entry_v2.candle_loader] [entry_v2] loading candles symbol=GBPUSD timeframe=H4 count=2191
[2026-07-13 17:34:10] [DEBUG] [market_client] Candles GBPUSD 4H: 2191 bars ✓
[2026-07-13 17:34:10] [INFO] [entry_v2.candle_loader] [entry_v2] loading candles symbol=GBPUSD timeframe=H1 count=8766
[2026-07-13 17:34:11] [WARNING] [market_client] Candles API error for GBPUSD: No data found (code=0)
[2026-07-13 17:34:11] [WARNING] [entry_v2.candle_loader] ⚠️ تخطي GBPUSD H1: لا توجد بيانات (No valid candles loaded for GBPUSD H1)
[2026-07-13 17:34:11] [INFO] [entry_v2.candle_loader] [entry_v2] loading candles symbol=GBPUSD timeframe=M15 count=35066
[2026-07-13 17:34:12] [WARNING] [market_client] Candles API error for GBPUSD: No data found (code=0)
[2026-07-13 17:34:12] [WARNING] [entry_v2.candle_loader] ⚠️ تخطي GBPUSD M15: لا توجد بيانات (No valid candles loaded for GBPUSD M15)
[2026-07-13 17:34:12] [INFO] [entry_v2.candle_loader] [entry_v2] loading candles symbol=XAUUSD timeframe=H4 count=2191
[2026-07-13 17:34:12] [DEBUG] [market_client] Candles XAUUSD 4H: 2191 bars ✓
[2026-07-13 17:34:12] [INFO] [entry_v2.candle_loader] [entry_v2] loading candles symbol=XAUUSD timeframe=H1 count=8766
[2026-07-13 17:34:13] [WARNING] [market_client] Candles API error for XAUUSD: No data found (code=0)
[2026-07-13 17:34:13] [WARNING] [entry_v2.candle_loader] ⚠️ تخطي XAUUSD H1: لا توجد بيانات (No valid candles loaded for XAUUSD H1)
[2026-07-13 17:34:13] [INFO] [entry_v2.candle_loader] [entry_v2] loading candles symbol=XAUUSD timeframe=M15 count=35066
[2026-07-13 17:34:14] [WARNING] [market_client] Candles API error for XAUUSD: No data found (code=0)
[2026-07-13 17:34:14] [WARNING] [entry_v2.candle_loader] ⚠️ تخطي XAUUSD M15: لا توجد بيانات (No valid candles loaded for XAUUSD M15)
[2026-07-13 17:34:14] [INFO] [entry_v2.candle_loader] [entry_v2] candle_loader load_required_history summary:
[2026-07-13 17:34:14] [INFO] [entry_v2.candle_loader]   ✅ loaded EURUSD_H4 bars=2191
[2026-07-13 17:34:14] [INFO] [entry_v2.candle_loader]   ✅ loaded GBPUSD_H4 bars=2191
[2026-07-13 17:34:14] [INFO] [entry_v2.candle_loader]   ✅ loaded XAUUSD_H4 bars=2191
[2026-07-13 17:34:14] [INFO] [entry_v2.candle_loader]   ⛔ skipped EURUSD_H1: No valid candles loaded for EURUSD H1
[2026-07-13 17:34:14] [INFO] [entry_v2.candle_loader]   ⛔ skipped EURUSD_M15: No valid candles loaded for EURUSD M15
[2026-07-13 17:34:14] [INFO] [entry_v2.candle_loader]   ⛔ skipped GBPUSD_H1: No valid candles loaded for GBPUSD H1
[2026-07-13 17:34:14] [INFO] [entry_v2.candle_loader]   ⛔ skipped GBPUSD_M15: No valid candles loaded for GBPUSD M15
[2026-07-13 17:34:14] [INFO] [entry_v2.candle_loader]   ⛔ skipped XAUUSD_H1: No valid candles loaded for XAUUSD H1
[2026-07-13 17:34:14] [INFO] [entry_v2.candle_loader]   ⛔ skipped XAUUSD_M15: No valid candles loaded for XAUUSD M15
[2026-07-13 17:34:14] [ERROR] [entry_v2.run_pipeline] [Entry v2 run_pipeline] FAILED: Critical: no valid synchronized rows
Traceback (most recent call last):
  File "F:\files (2)\google\botdd\trading_bot_v3\analysis\entry_v2\run_pipeline.py", line 130, in <module>
    main()
    ~~~~^^
  File "F:\files (2)\google\botdd\trading_bot_v3\analysis\entry_v2\run_pipeline.py", line 77, in main
    builder_meta = build_dataset(output_dir=out_dir)
  File "F:\files (2)\google\botdd\trading_bot_v3\analysis\entry_v2\dataset_builder.py", line 268, in build_dataset
    abort_if_critical(issues)
    ~~~~~~~~~~~~~~~~~^^^^^^^^
  File "F:\files (2)\google\botdd\trading_bot_v3\analysis\entry_v2\validation.py", line 121, in abort_if_critical
    raise RuntimeError("Critical: no valid synchronized rows")
RuntimeError: Critical: no valid synchronized rows
[2026-07-13 17:35:46] [WARNING] [mt5_watchdog] MT5 disconnected! Attempt 1/3
[2026-07-13 17:35:47] [INFO] [qd_client] Logged in to QuantDinger
[2026-07-13 17:35:47] [INFO] [mt5_watchdog] MT5 already connected
[2026-07-13 17:35:47] [INFO] [mt5_watchdog] MT5 reconnected successfully!
[2026-07-13 17:36:41] [INFO] [entry_v2.run_pipeline] [Entry v2 run_pipeline] Step 1: build_dataset -> unified CSV/Parquet
[2026-07-13 17:36:41] [INFO] [entry_v2.candle_loader] [entry_v2] loading candles symbol=EURUSD timeframe=H4 count=2191
[2026-07-13 17:36:41] [DEBUG] [market_client] DEBUG: Requesting EURUSD H4 as '4H'
[2026-07-13 17:36:41] [INFO] [qd_client] Logged in to QuantDinger
[2026-07-13 17:36:41] [DEBUG] [market_client] Candles EURUSD 4H: 2191 bars ✓
[2026-07-13 17:36:41] [INFO] [entry_v2.candle_loader] [entry_v2] loading candles symbol=EURUSD timeframe=H1 count=8766
[2026-07-13 17:36:41] [DEBUG] [market_client] DEBUG: Requesting EURUSD H1 as '1H'
[2026-07-13 17:36:43] [DEBUG] [market_client] Candles EURUSD 1H: 8766 bars ✓
[2026-07-13 17:36:43] [INFO] [entry_v2.candle_loader] [entry_v2] loading candles symbol=EURUSD timeframe=M15 count=35066
[2026-07-13 17:36:43] [DEBUG] [market_client] DEBUG: Requesting EURUSD M15 as '15M'
[2026-07-13 17:36:43] [WARNING] [market_client] Candles API error for EURUSD: No data found (code=0)
[2026-07-13 17:36:43] [WARNING] [entry_v2.candle_loader] ⚠️ تخطي EURUSD M15: لا توجد بيانات (No valid candles loaded for EURUSD M15)
[2026-07-13 17:36:43] [INFO] [entry_v2.candle_loader] [entry_v2] loading candles symbol=GBPUSD timeframe=H4 count=2191
[2026-07-13 17:36:43] [DEBUG] [market_client] DEBUG: Requesting GBPUSD H4 as '4H'
[2026-07-13 17:36:43] [DEBUG] [market_client] Candles GBPUSD 4H: 2191 bars ✓
[2026-07-13 17:36:43] [INFO] [entry_v2.candle_loader] [entry_v2] loading candles symbol=GBPUSD timeframe=H1 count=8766
[2026-07-13 17:36:43] [DEBUG] [market_client] DEBUG: Requesting GBPUSD H1 as '1H'
[2026-07-13 17:36:44] [DEBUG] [market_client] Candles GBPUSD 1H: 8766 bars ✓
[2026-07-13 17:36:44] [INFO] [entry_v2.candle_loader] [entry_v2] loading candles symbol=GBPUSD timeframe=M15 count=35066
[2026-07-13 17:36:44] [DEBUG] [market_client] DEBUG: Requesting GBPUSD M15 as '15M'
[2026-07-13 17:36:44] [WARNING] [market_client] Candles API error for GBPUSD: No data found (code=0)
[2026-07-13 17:36:44] [WARNING] [entry_v2.candle_loader] ⚠️ تخطي GBPUSD M15: لا توجد بيانات (No valid candles loaded for GBPUSD M15)
[2026-07-13 17:36:44] [INFO] [entry_v2.candle_loader] [entry_v2] loading candles symbol=XAUUSD timeframe=H4 count=2191
[2026-07-13 17:36:44] [DEBUG] [market_client] DEBUG: Requesting XAUUSD H4 as '4H'
[2026-07-13 17:36:44] [DEBUG] [market_client] Candles XAUUSD 4H: 2191 bars ✓
[2026-07-13 17:36:44] [INFO] [entry_v2.candle_loader] [entry_v2] loading candles symbol=XAUUSD timeframe=H1 count=8766
[2026-07-13 17:36:44] [DEBUG] [market_client] DEBUG: Requesting XAUUSD H1 as '1H'
[2026-07-13 17:36:46] [DEBUG] [market_client] Candles XAUUSD 1H: 8599 bars ✓
[2026-07-13 17:36:46] [INFO] [entry_v2.candle_loader] [entry_v2] loading candles symbol=XAUUSD timeframe=M15 count=35066
[2026-07-13 17:36:46] [DEBUG] [market_client] DEBUG: Requesting XAUUSD M15 as '15M'
[2026-07-13 17:36:46] [WARNING] [market_client] Candles API error for XAUUSD: No data found (code=0)
[2026-07-13 17:36:46] [WARNING] [entry_v2.candle_loader] ⚠️ تخطي XAUUSD M15: لا توجد بيانات (No valid candles loaded for XAUUSD M15)
[2026-07-13 17:36:46] [INFO] [entry_v2.candle_loader] [entry_v2] candle_loader load_required_history summary:
[2026-07-13 17:36:46] [INFO] [entry_v2.candle_loader]   ✅ loaded EURUSD_H1 bars=8766
[2026-07-13 17:36:46] [INFO] [entry_v2.candle_loader]   ✅ loaded EURUSD_H4 bars=2191
[2026-07-13 17:36:46] [INFO] [entry_v2.candle_loader]   ✅ loaded GBPUSD_H1 bars=8766
[2026-07-13 17:36:46] [INFO] [entry_v2.candle_loader]   ✅ loaded GBPUSD_H4 bars=2191
[2026-07-13 17:36:46] [INFO] [entry_v2.candle_loader]   ✅ loaded XAUUSD_H1 bars=8599
[2026-07-13 17:36:46] [INFO] [entry_v2.candle_loader]   ✅ loaded XAUUSD_H4 bars=2191
[2026-07-13 17:36:46] [INFO] [entry_v2.candle_loader]   ⛔ skipped EURUSD_M15: No valid candles loaded for EURUSD M15
[2026-07-13 17:36:46] [INFO] [entry_v2.candle_loader]   ⛔ skipped GBPUSD_M15: No valid candles loaded for GBPUSD M15
[2026-07-13 17:36:46] [INFO] [entry_v2.candle_loader]   ⛔ skipped XAUUSD_M15: No valid candles loaded for XAUUSD M15
[2026-07-13 17:36:46] [ERROR] [entry_v2.run_pipeline] [Entry v2 run_pipeline] FAILED: Critical: no valid synchronized rows
Traceback (most recent call last):
  File "F:\files (2)\google\botdd\trading_bot_v3\analysis\entry_v2\run_pipeline.py", line 130, in <module>
    main()
    ~~~~^^
  File "F:\files (2)\google\botdd\trading_bot_v3\analysis\entry_v2\run_pipeline.py", line 77, in main
    builder_meta = build_dataset(output_dir=out_dir)
  File "F:\files (2)\google\botdd\trading_bot_v3\analysis\entry_v2\dataset_builder.py", line 268, in build_dataset
    abort_if_critical(issues)
    ~~~~~~~~~~~~~~~~~^^^^^^^^
  File "F:\files (2)\google\botdd\trading_bot_v3\analysis\entry_v2\validation.py", line 121, in abort_if_critical
    raise RuntimeError("Critical: no valid synchronized rows")
RuntimeError: Critical: no valid synchronized rows
[2026-07-13 17:37:19] [DEBUG] [market_client] DEBUG: Requesting EURUSD M15 as '15M'
[2026-07-13 17:37:19] [INFO] [qd_client] Logged in to QuantDinger
[2026-07-13 17:37:19] [WARNING] [market_client] Candles API error for EURUSD: No data found (code=0)
[2026-07-13 17:37:19] [DEBUG] [market_client] DEBUG: Requesting EURUSD 15M as '15M'
[2026-07-13 17:37:19] [WARNING] [market_client] Candles API error for EURUSD: No data found (code=0)
[2026-07-13 17:37:19] [DEBUG] [market_client] DEBUG: Requesting EURUSD H1 as '1H'
[2026-07-13 17:37:19] [DEBUG] [market_client] Candles EURUSD 1H: 10 bars ✓
[2026-07-13 17:37:19] [DEBUG] [market_client] DEBUG: Requesting EURUSD 1H as '1H'
[2026-07-13 17:37:19] [DEBUG] [market_client] Candles EURUSD 1H: 10 bars ✓
[2026-07-13 17:37:19] [DEBUG] [market_client] DEBUG: Requesting EURUSD H4 as '4H'
[2026-07-13 17:37:20] [DEBUG] [market_client] Candles EURUSD 4H: 4 bars ✓
[2026-07-13 17:37:20] [DEBUG] [market_client] DEBUG: Requesting EURUSD 4H as '4H'
[2026-07-13 17:37:20] [DEBUG] [market_client] Candles EURUSD 4H: 4 bars ✓
[2026-07-13 17:37:20] [DEBUG] [market_client] DEBUG: Requesting GBPUSD M15 as '15M'
[2026-07-13 17:37:20] [WARNING] [market_client] Candles API error for GBPUSD: No data found (code=0)
[2026-07-13 17:37:20] [DEBUG] [market_client] DEBUG: Requesting GBPUSD 15M as '15M'
[2026-07-13 17:37:20] [WARNING] [market_client] Candles API error for GBPUSD: No data found (code=0)
[2026-07-13 17:37:20] [DEBUG] [market_client] DEBUG: Requesting GBPUSD H1 as '1H'
[2026-07-13 17:37:20] [DEBUG] [market_client] Candles GBPUSD 1H: 10 bars ✓
[2026-07-13 17:37:20] [DEBUG] [market_client] DEBUG: Requesting GBPUSD 1H as '1H'
[2026-07-13 17:37:20] [DEBUG] [market_client] Candles GBPUSD 1H: 10 bars ✓
[2026-07-13 17:37:20] [DEBUG] [market_client] DEBUG: Requesting GBPUSD H4 as '4H'
[2026-07-13 17:37:20] [DEBUG] [market_client] Candles GBPUSD 4H: 4 bars ✓
[2026-07-13 17:37:20] [DEBUG] [market_client] DEBUG: Requesting GBPUSD 4H as '4H'
[2026-07-13 17:37:20] [DEBUG] [market_client] Candles GBPUSD 4H: 4 bars ✓
[2026-07-13 17:37:20] [DEBUG] [market_client] DEBUG: Requesting XAUUSD M15 as '15M'
[2026-07-13 17:37:20] [WARNING] [market_client] Candles API error for XAUUSD: No data found (code=0)
[2026-07-13 17:37:20] [DEBUG] [market_client] DEBUG: Requesting XAUUSD 15M as '15M'
[2026-07-13 17:37:20] [WARNING] [market_client] Candles API error for XAUUSD: No data found (code=0)
[2026-07-13 17:37:20] [DEBUG] [market_client] DEBUG: Requesting XAUUSD H1 as '1H'
[2026-07-13 17:37:21] [DEBUG] [market_client] Candles XAUUSD 1H: 9 bars ✓
[2026-07-13 17:37:21] [DEBUG] [market_client] DEBUG: Requesting XAUUSD 1H as '1H'
[2026-07-13 17:37:21] [DEBUG] [market_client] Candles XAUUSD 1H: 9 bars ✓
[2026-07-13 17:37:21] [DEBUG] [market_client] DEBUG: Requesting XAUUSD H4 as '4H'
[2026-07-13 17:37:21] [DEBUG] [market_client] Candles XAUUSD 4H: 5 bars ✓
[2026-07-13 17:37:21] [DEBUG] [market_client] DEBUG: Requesting XAUUSD 4H as '4H'
[2026-07-13 17:37:21] [DEBUG] [market_client] Candles XAUUSD 4H: 5 bars ✓
[2026-07-13 17:37:39] [DEBUG] [market_client] DEBUG: Requesting EURUSD M15 as 'M15'
[2026-07-13 17:37:39] [INFO] [qd_client] Logged in to QuantDinger
[2026-07-13 17:37:39] [WARNING] [market_client] Candles API error for EURUSD: No data found (code=0)
[2026-07-13 17:37:39] [DEBUG] [market_client] DEBUG: Requesting EURUSD 15M as '15M'
[2026-07-13 17:37:39] [WARNING] [market_client] Candles API error for EURUSD: No data found (code=0)
[2026-07-13 17:37:39] [DEBUG] [market_client] DEBUG: Requesting EURUSD H1 as '1H'
[2026-07-13 17:37:39] [DEBUG] [market_client] Candles EURUSD 1H: 10 bars ✓
[2026-07-13 17:37:39] [DEBUG] [market_client] DEBUG: Requesting EURUSD 1H as '1H'
[2026-07-13 17:37:39] [DEBUG] [market_client] Candles EURUSD 1H: 10 bars ✓
[2026-07-13 17:37:39] [DEBUG] [market_client] DEBUG: Requesting EURUSD H4 as '4H'
[2026-07-13 17:37:39] [DEBUG] [market_client] Candles EURUSD 4H: 4 bars ✓
[2026-07-13 17:37:39] [DEBUG] [market_client] DEBUG: Requesting EURUSD 4H as '4H'
[2026-07-13 17:37:39] [DEBUG] [market_client] Candles EURUSD 4H: 4 bars ✓
[2026-07-13 17:37:39] [DEBUG] [market_client] DEBUG: Requesting GBPUSD M15 as 'M15'
[2026-07-13 17:37:39] [WARNING] [market_client] Candles API error for GBPUSD: No data found (code=0)
[2026-07-13 17:37:39] [DEBUG] [market_client] DEBUG: Requesting GBPUSD 15M as '15M'
[2026-07-13 17:37:39] [WARNING] [market_client] Candles API error for GBPUSD: No data found (code=0)
[2026-07-13 17:37:39] [DEBUG] [market_client] DEBUG: Requesting GBPUSD H1 as '1H'
[2026-07-13 17:37:39] [DEBUG] [market_client] Candles GBPUSD 1H: 10 bars ✓
[2026-07-13 17:37:39] [DEBUG] [market_client] DEBUG: Requesting GBPUSD 1H as '1H'
[2026-07-13 17:37:39] [DEBUG] [market_client] Candles GBPUSD 1H: 10 bars ✓
[2026-07-13 17:37:39] [DEBUG] [market_client] DEBUG: Requesting GBPUSD H4 as '4H'
[2026-07-13 17:37:39] [DEBUG] [market_client] Candles GBPUSD 4H: 4 bars ✓
[2026-07-13 17:37:39] [DEBUG] [market_client] DEBUG: Requesting GBPUSD 4H as '4H'
[2026-07-13 17:37:39] [DEBUG] [market_client] Candles GBPUSD 4H: 4 bars ✓
[2026-07-13 17:37:39] [DEBUG] [market_client] DEBUG: Requesting XAUUSD M15 as 'M15'
[2026-07-13 17:37:39] [WARNING] [market_client] Candles API error for XAUUSD: No data found (code=0)
[2026-07-13 17:37:39] [DEBUG] [market_client] DEBUG: Requesting XAUUSD 15M as '15M'
[2026-07-13 17:37:39] [WARNING] [market_client] Candles API error for XAUUSD: No data found (code=0)
[2026-07-13 17:37:39] [DEBUG] [market_client] DEBUG: Requesting XAUUSD H1 as '1H'
[2026-07-13 17:37:39] [DEBUG] [market_client] Candles XAUUSD 1H: 9 bars ✓
[2026-07-13 17:37:39] [DEBUG] [market_client] DEBUG: Requesting XAUUSD 1H as '1H'
[2026-07-13 17:37:39] [DEBUG] [market_client] Candles XAUUSD 1H: 9 bars ✓
[2026-07-13 17:37:39] [DEBUG] [market_client] DEBUG: Requesting XAUUSD H4 as '4H'
[2026-07-13 17:37:39] [DEBUG] [market_client] Candles XAUUSD 4H: 5 bars ✓
[2026-07-13 17:37:39] [DEBUG] [market_client] DEBUG: Requesting XAUUSD 4H as '4H'
[2026-07-13 17:37:39] [DEBUG] [market_client] Candles XAUUSD 4H: 5 bars ✓
[2026-07-13 17:37:48] [WARNING] [mt5_watchdog] MT5 disconnected! Attempt 1/3
[2026-07-13 17:37:49] [INFO] [qd_client] Logged in to QuantDinger
[2026-07-13 17:37:49] [INFO] [entry_v2.run_pipeline] [Entry v2 run_pipeline] Step 1: build_dataset -> unified CSV/Parquet
[2026-07-13 17:37:49] [INFO] [entry_v2.candle_loader] [entry_v2] loading candles symbol=EURUSD timeframe=H4 count=2191
[2026-07-13 17:37:49] [DEBUG] [market_client] DEBUG: Requesting EURUSD H4 as '4H'
[2026-07-13 17:37:49] [INFO] [mt5_watchdog] MT5 already connected
[2026-07-13 17:37:49] [INFO] [mt5_watchdog] MT5 reconnected successfully!
[2026-07-13 17:37:49] [INFO] [qd_client] Logged in to QuantDinger
[2026-07-13 17:37:50] [DEBUG] [market_client] Candles EURUSD 4H: 2191 bars ✓
[2026-07-13 17:37:50] [INFO] [entry_v2.candle_loader] [entry_v2] loading candles symbol=EURUSD timeframe=H1 count=8766
[2026-07-13 17:37:50] [DEBUG] [market_client] DEBUG: Requesting EURUSD H1 as '1H'
[2026-07-13 17:37:50] [DEBUG] [market_client] Candles EURUSD 1H: 8766 bars ✓
[2026-07-13 17:37:50] [INFO] [entry_v2.candle_loader] [entry_v2] loading candles symbol=EURUSD timeframe=M15 count=35066
[2026-07-13 17:37:50] [DEBUG] [market_client] DEBUG: Requesting EURUSD M15 as 'M15'
[2026-07-13 17:37:50] [WARNING] [market_client] Candles API error for EURUSD: No data found (code=0)
[2026-07-13 17:37:50] [WARNING] [entry_v2.candle_loader] ⚠️ تخطي EURUSD M15: لا توجد بيانات (No valid candles loaded for EURUSD M15)
[2026-07-13 17:37:50] [INFO] [entry_v2.candle_loader] [entry_v2] loading candles symbol=GBPUSD timeframe=H4 count=2191
[2026-07-13 17:37:50] [DEBUG] [market_client] DEBUG: Requesting GBPUSD H4 as '4H'
[2026-07-13 17:37:51] [DEBUG] [market_client] Candles GBPUSD 4H: 2191 bars ✓
[2026-07-13 17:37:51] [INFO] [entry_v2.candle_loader] [entry_v2] loading candles symbol=GBPUSD timeframe=H1 count=8766
[2026-07-13 17:37:51] [DEBUG] [market_client] DEBUG: Requesting GBPUSD H1 as '1H'
[2026-07-13 17:37:51] [DEBUG] [market_client] Candles GBPUSD 1H: 8766 bars ✓
[2026-07-13 17:37:51] [INFO] [entry_v2.candle_loader] [entry_v2] loading candles symbol=GBPUSD timeframe=M15 count=35066
[2026-07-13 17:37:51] [DEBUG] [market_client] DEBUG: Requesting GBPUSD M15 as 'M15'
[2026-07-13 17:37:51] [WARNING] [market_client] Candles API error for GBPUSD: No data found (code=0)
[2026-07-13 17:37:51] [WARNING] [entry_v2.candle_loader] ⚠️ تخطي GBPUSD M15: لا توجد بيانات (No valid candles loaded for GBPUSD M15)
[2026-07-13 17:37:51] [INFO] [entry_v2.candle_loader] [entry_v2] loading candles symbol=XAUUSD timeframe=H4 count=2191
[2026-07-13 17:37:51] [DEBUG] [market_client] DEBUG: Requesting XAUUSD H4 as '4H'
[2026-07-13 17:37:51] [DEBUG] [market_client] Candles XAUUSD 4H: 2191 bars ✓
[2026-07-13 17:37:51] [INFO] [entry_v2.candle_loader] [entry_v2] loading candles symbol=XAUUSD timeframe=H1 count=8766
[2026-07-13 17:37:51] [DEBUG] [market_client] DEBUG: Requesting XAUUSD H1 as '1H'
[2026-07-13 17:37:52] [DEBUG] [market_client] Candles XAUUSD 1H: 8599 bars ✓
[2026-07-13 17:37:52] [INFO] [entry_v2.candle_loader] [entry_v2] loading candles symbol=XAUUSD timeframe=M15 count=35066
[2026-07-13 17:37:52] [DEBUG] [market_client] DEBUG: Requesting XAUUSD M15 as 'M15'
[2026-07-13 17:37:52] [WARNING] [market_client] Candles API error for XAUUSD: No data found (code=0)
[2026-07-13 17:37:52] [WARNING] [entry_v2.candle_loader] ⚠️ تخطي XAUUSD M15: لا توجد بيانات (No valid candles loaded for XAUUSD M15)
[2026-07-13 17:37:52] [INFO] [entry_v2.candle_loader] [entry_v2] candle_loader load_required_history summary:
[2026-07-13 17:37:52] [INFO] [entry_v2.candle_loader]   ✅ loaded EURUSD_H1 bars=8766
[2026-07-13 17:37:52] [INFO] [entry_v2.candle_loader]   ✅ loaded EURUSD_H4 bars=2191
[2026-07-13 17:37:52] [INFO] [entry_v2.candle_loader]   ✅ loaded GBPUSD_H1 bars=8766
[2026-07-13 17:37:52] [INFO] [entry_v2.candle_loader]   ✅ loaded GBPUSD_H4 bars=2191
[2026-07-13 17:37:52] [INFO] [entry_v2.candle_loader]   ✅ loaded XAUUSD_H1 bars=8599
[2026-07-13 17:37:52] [INFO] [entry_v2.candle_loader]   ✅ loaded XAUUSD_H4 bars=2191
[2026-07-13 17:37:52] [INFO] [entry_v2.candle_loader]   ⛔ skipped EURUSD_M15: No valid candles loaded for EURUSD M15
[2026-07-13 17:37:52] [INFO] [entry_v2.candle_loader]   ⛔ skipped GBPUSD_M15: No valid candles loaded for GBPUSD M15
[2026-07-13 17:37:52] [INFO] [entry_v2.candle_loader]   ⛔ skipped XAUUSD_M15: No valid candles loaded for XAUUSD M15
[2026-07-13 17:37:52] [ERROR] [entry_v2.run_pipeline] [Entry v2 run_pipeline] FAILED: Critical: no valid synchronized rows
Traceback (most recent call last):
  File "F:\files (2)\google\botdd\trading_bot_v3\analysis\entry_v2\run_pipeline.py", line 130, in <module>
    main()
    ~~~~^^
  File "F:\files (2)\google\botdd\trading_bot_v3\analysis\entry_v2\run_pipeline.py", line 77, in main
    builder_meta = build_dataset(output_dir=out_dir)
  File "F:\files (2)\google\botdd\trading_bot_v3\analysis\entry_v2\dataset_builder.py", line 268, in build_dataset
    abort_if_critical(issues)
    ~~~~~~~~~~~~~~~~~^^^^^^^^
  File "F:\files (2)\google\botdd\trading_bot_v3\analysis\entry_v2\validation.py", line 121, in abort_if_critical
    raise RuntimeError("Critical: no valid synchronized rows")
RuntimeError: Critical: no valid synchronized rows
[2026-07-13 17:39:49] [WARNING] [mt5_watchdog] MT5 disconnected! Attempt 1/3
[2026-07-13 17:39:50] [INFO] [qd_client] Logged in to QuantDinger
[2026-07-13 17:39:50] [INFO] [mt5_watchdog] MT5 already connected
[2026-07-13 17:39:50] [INFO] [mt5_watchdog] MT5 reconnected successfully!
[2026-07-13 17:41:34] [DEBUG] [market_client] DEBUG: Requesting EURUSD M15 as 'M15'
[2026-07-13 17:41:35] [INFO] [qd_client] Logged in to QuantDinger
[2026-07-13 17:41:35] [WARNING] [market_client] Candles API error for EURUSD: No data found (code=0)
[2026-07-13 17:41:35] [DEBUG] [market_client] DEBUG: Requesting EURUSD 15M as '15M'
[2026-07-13 17:41:35] [WARNING] [market_client] Candles API error for EURUSD: No data found (code=0)
[2026-07-13 17:41:35] [DEBUG] [market_client] DEBUG: Requesting EURUSD 15 as '4H'
[2026-07-13 17:41:35] [DEBUG] [market_client] Candles EURUSD 4H: 200 bars ✓
[2026-07-13 17:41:35] [DEBUG] [market_client] DEBUG: Requesting EURUSD 15Min as '4H'
[2026-07-13 17:41:35] [DEBUG] [market_client] Candles EURUSD 4H: 200 bars ✓
[2026-07-13 17:41:35] [DEBUG] [market_client] DEBUG: Requesting EURUSD MIN15 as '4H'
[2026-07-13 17:41:35] [DEBUG] [market_client] Candles EURUSD 4H: 200 bars ✓
[2026-07-13 17:41:35] [DEBUG] [market_client] DEBUG: Requesting EURUSD PERIOD_M15 as '4H'
[2026-07-13 17:41:35] [DEBUG] [market_client] Candles EURUSD 4H: 200 bars ✓
[2026-07-13 17:41:35] [DEBUG] [market_client] DEBUG: Requesting EURUSD 15m as '4H'
[2026-07-13 17:41:35] [DEBUG] [market_client] Candles EURUSD 4H: 200 bars ✓
[2026-07-13 17:41:35] [DEBUG] [market_client] DEBUG: Requesting EURUSD m15 as '4H'
[2026-07-13 17:41:35] [DEBUG] [market_client] Candles EURUSD 4H: 200 bars ✓
[2026-07-13 17:41:35] [DEBUG] [market_client] Using cached candles for EURUSD 15 (age: 0s)
[2026-07-13 17:41:35] [DEBUG] [market_client] Using cached candles for EURUSD 15Min (age: 0s)
[2026-07-13 17:41:35] [DEBUG] [market_client] Using cached candles for EURUSD MIN15 (age: 0s)
[2026-07-13 17:41:35] [DEBUG] [market_client] Using cached candles for EURUSD PERIOD_M15 (age: 0s)
[2026-07-13 17:41:35] [DEBUG] [market_client] Using cached candles for EURUSD 15m (age: 0s)
[2026-07-13 17:41:35] [DEBUG] [market_client] Using cached candles for EURUSD m15 (age: 0s)
[2026-07-13 17:41:35] [DEBUG] [market_client] DEBUG: Requesting GBPUSD M15 as 'M15'
[2026-07-13 17:41:35] [WARNING] [market_client] Candles API error for GBPUSD: No data found (code=0)
[2026-07-13 17:41:35] [DEBUG] [market_client] DEBUG: Requesting GBPUSD 15M as '15M'
[2026-07-13 17:41:35] [WARNING] [market_client] Candles API error for GBPUSD: No data found (code=0)
[2026-07-13 17:41:35] [DEBUG] [market_client] DEBUG: Requesting GBPUSD 15 as '4H'
[2026-07-13 17:41:36] [DEBUG] [market_client] Candles GBPUSD 4H: 200 bars ✓
[2026-07-13 17:41:36] [DEBUG] [market_client] DEBUG: Requesting GBPUSD 15Min as '4H'
[2026-07-13 17:41:36] [DEBUG] [market_client] Candles GBPUSD 4H: 200 bars ✓
[2026-07-13 17:41:36] [DEBUG] [market_client] DEBUG: Requesting GBPUSD MIN15 as '4H'
[2026-07-13 17:41:36] [DEBUG] [market_client] Candles GBPUSD 4H: 200 bars ✓
[2026-07-13 17:41:36] [DEBUG] [market_client] DEBUG: Requesting GBPUSD PERIOD_M15 as '4H'
[2026-07-13 17:41:36] [DEBUG] [market_client] Candles GBPUSD 4H: 200 bars ✓
[2026-07-13 17:41:36] [DEBUG] [market_client] DEBUG: Requesting GBPUSD 15m as '4H'
[2026-07-13 17:41:36] [DEBUG] [market_client] Candles GBPUSD 4H: 200 bars ✓
[2026-07-13 17:41:36] [DEBUG] [market_client] DEBUG: Requesting GBPUSD m15 as '4H'
[2026-07-13 17:41:36] [DEBUG] [market_client] Candles GBPUSD 4H: 200 bars ✓
[2026-07-13 17:41:36] [DEBUG] [market_client] Using cached candles for GBPUSD 15 (age: 0s)
[2026-07-13 17:41:36] [DEBUG] [market_client] Using cached candles for GBPUSD 15Min (age: 0s)
[2026-07-13 17:41:36] [DEBUG] [market_client] Using cached candles for GBPUSD MIN15 (age: 0s)
[2026-07-13 17:41:36] [DEBUG] [market_client] Using cached candles for GBPUSD PERIOD_M15 (age: 0s)
[2026-07-13 17:41:36] [DEBUG] [market_client] Using cached candles for GBPUSD 15m (age: 0s)
[2026-07-13 17:41:36] [DEBUG] [market_client] Using cached candles for GBPUSD m15 (age: 0s)
[2026-07-13 17:41:36] [DEBUG] [market_client] DEBUG: Requesting XAUUSD M15 as 'M15'
[2026-07-13 17:41:36] [WARNING] [market_client] Candles API error for XAUUSD: No data found (code=0)
[2026-07-13 17:41:36] [DEBUG] [market_client] DEBUG: Requesting XAUUSD 15M as '15M'
[2026-07-13 17:41:36] [WARNING] [market_client] Candles API error for XAUUSD: No data found (code=0)
[2026-07-13 17:41:36] [DEBUG] [market_client] DEBUG: Requesting XAUUSD 15 as '4H'
[2026-07-13 17:41:36] [DEBUG] [market_client] Candles XAUUSD 4H: 200 bars ✓
[2026-07-13 17:41:36] [DEBUG] [market_client] DEBUG: Requesting XAUUSD 15Min as '4H'
[2026-07-13 17:41:36] [DEBUG] [market_client] Candles XAUUSD 4H: 200 bars ✓
[2026-07-13 17:41:36] [DEBUG] [market_client] DEBUG: Requesting XAUUSD MIN15 as '4H'
[2026-07-13 17:41:37] [DEBUG] [market_client] Candles XAUUSD 4H: 200 bars ✓
[2026-07-13 17:41:37] [DEBUG] [market_client] DEBUG: Requesting XAUUSD PERIOD_M15 as '4H'
[2026-07-13 17:41:37] [DEBUG] [market_client] Candles XAUUSD 4H: 200 bars ✓
[2026-07-13 17:41:37] [DEBUG] [market_client] DEBUG: Requesting XAUUSD 15m as '4H'
[2026-07-13 17:41:37] [DEBUG] [market_client] Candles XAUUSD 4H: 200 bars ✓
[2026-07-13 17:41:37] [DEBUG] [market_client] DEBUG: Requesting XAUUSD m15 as '4H'
[2026-07-13 17:41:37] [DEBUG] [market_client] Candles XAUUSD 4H: 200 bars ✓
[2026-07-13 17:41:37] [DEBUG] [market_client] Using cached candles for XAUUSD 15 (age: 0s)
[2026-07-13 17:41:37] [DEBUG] [market_client] Using cached candles for XAUUSD 15Min (age: 0s)
[2026-07-13 17:41:37] [DEBUG] [market_client] Using cached candles for XAUUSD MIN15 (age: 0s)
[2026-07-13 17:41:37] [DEBUG] [market_client] Using cached candles for XAUUSD PERIOD_M15 (age: 0s)
[2026-07-13 17:41:37] [DEBUG] [market_client] Using cached candles for XAUUSD 15m (age: 0s)
[2026-07-13 17:41:37] [DEBUG] [market_client] Using cached candles for XAUUSD m15 (age: 0s)
[2026-07-13 17:41:51] [WARNING] [mt5_watchdog] MT5 disconnected! Attempt 1/3
[2026-07-13 17:41:52] [INFO] [qd_client] Logged in to QuantDinger
[2026-07-13 17:41:52] [INFO] [mt5_watchdog] MT5 already connected
[2026-07-13 17:41:52] [INFO] [mt5_watchdog] MT5 reconnected successfully!
[2026-07-13 17:54:21] [INFO] [entry_v2.run_pipeline] [Entry v2 run_pipeline] Step 1: build_dataset -> unified CSV/Parquet
[2026-07-13 17:54:21] [INFO] [entry_v2.candle_loader] [entry_v2] loading candles symbol=EURUSD timeframe=H4 count=2191
[2026-07-13 17:54:21] [DEBUG] [market_client] DEBUG: Requesting EURUSD H4 as '4H'
[2026-07-13 17:54:21] [INFO] [qd_client] Logged in to QuantDinger
[2026-07-13 17:54:22] [DEBUG] [market_client] Candles EURUSD 4H: 2191 bars ✓
[2026-07-13 17:54:22] [INFO] [entry_v2.candle_loader] [entry_v2] loading candles symbol=EURUSD timeframe=H1 count=8766
[2026-07-13 17:54:22] [DEBUG] [market_client] DEBUG: Requesting EURUSD H1 as '1H'
[2026-07-13 17:54:23] [DEBUG] [market_client] Candles EURUSD 1H: 8766 bars ✓
[2026-07-13 17:54:23] [INFO] [entry_v2.candle_loader] [entry_v2] loading candles symbol=EURUSD timeframe=M15 count=35066
[2026-07-13 17:54:23] [DEBUG] [market_client] DEBUG: Requesting EURUSD M15 as 'M15'
[2026-07-13 17:54:23] [WARNING] [market_client] Candles API error for EURUSD: No data found (code=0)
[2026-07-13 17:54:23] [WARNING] [entry_v2.candle_loader] ⚠️ تخطي EURUSD M15: لا توجد بيانات (No valid candles loaded for EURUSD M15)
[2026-07-13 17:54:23] [INFO] [entry_v2.candle_loader] [entry_v2] loading candles symbol=GBPUSD timeframe=H4 count=2191
[2026-07-13 17:54:23] [DEBUG] [market_client] DEBUG: Requesting GBPUSD H4 as '4H'
[2026-07-13 17:54:24] [DEBUG] [market_client] Candles GBPUSD 4H: 2191 bars ✓
[2026-07-13 17:54:24] [INFO] [entry_v2.candle_loader] [entry_v2] loading candles symbol=GBPUSD timeframe=H1 count=8766
[2026-07-13 17:54:24] [DEBUG] [market_client] DEBUG: Requesting GBPUSD H1 as '1H'
[2026-07-13 17:54:26] [DEBUG] [market_client] Candles GBPUSD 1H: 8766 bars ✓
[2026-07-13 17:54:26] [INFO] [entry_v2.candle_loader] [entry_v2] loading candles symbol=GBPUSD timeframe=M15 count=35066
[2026-07-13 17:54:26] [DEBUG] [market_client] DEBUG: Requesting GBPUSD M15 as 'M15'
[2026-07-13 17:54:26] [WARNING] [market_client] Candles API error for GBPUSD: No data found (code=0)
[2026-07-13 17:54:26] [WARNING] [entry_v2.candle_loader] ⚠️ تخطي GBPUSD M15: لا توجد بيانات (No valid candles loaded for GBPUSD M15)
[2026-07-13 17:54:26] [INFO] [entry_v2.candle_loader] [entry_v2] loading candles symbol=XAUUSD timeframe=H4 count=2191
[2026-07-13 17:54:26] [DEBUG] [market_client] DEBUG: Requesting XAUUSD H4 as '4H'
[2026-07-13 17:54:26] [DEBUG] [market_client] Candles XAUUSD 4H: 2191 bars ✓
[2026-07-13 17:54:26] [INFO] [entry_v2.candle_loader] [entry_v2] loading candles symbol=XAUUSD timeframe=H1 count=8766
[2026-07-13 17:54:26] [DEBUG] [market_client] DEBUG: Requesting XAUUSD H1 as '1H'
[2026-07-13 17:54:27] [DEBUG] [market_client] Candles XAUUSD 1H: 8599 bars ✓
[2026-07-13 17:54:27] [INFO] [entry_v2.candle_loader] [entry_v2] loading candles symbol=XAUUSD timeframe=M15 count=35066
[2026-07-13 17:54:27] [DEBUG] [market_client] DEBUG: Requesting XAUUSD M15 as 'M15'
[2026-07-13 17:54:27] [WARNING] [market_client] Candles API error for XAUUSD: No data found (code=0)
[2026-07-13 17:54:27] [WARNING] [entry_v2.candle_loader] ⚠️ تخطي XAUUSD M15: لا توجد بيانات (No valid candles loaded for XAUUSD M15)
[2026-07-13 17:54:27] [INFO] [entry_v2.candle_loader] [entry_v2] candle_loader load_required_history summary:
[2026-07-13 17:54:27] [INFO] [entry_v2.candle_loader]   ✅ loaded EURUSD_H1 bars=8766
[2026-07-13 17:54:27] [INFO] [entry_v2.candle_loader]   ✅ loaded EURUSD_H4 bars=2191
[2026-07-13 17:54:27] [INFO] [entry_v2.candle_loader]   ✅ loaded GBPUSD_H1 bars=8766
[2026-07-13 17:54:27] [INFO] [entry_v2.candle_loader]   ✅ loaded GBPUSD_H4 bars=2191
[2026-07-13 17:54:27] [INFO] [entry_v2.candle_loader]   ✅ loaded XAUUSD_H1 bars=8599
[2026-07-13 17:54:27] [INFO] [entry_v2.candle_loader]   ✅ loaded XAUUSD_H4 bars=2191
[2026-07-13 17:54:27] [INFO] [entry_v2.candle_loader]   ⛔ skipped EURUSD_M15: No valid candles loaded for EURUSD M15
[2026-07-13 17:54:27] [INFO] [entry_v2.candle_loader]   ⛔ skipped GBPUSD_M15: No valid candles loaded for GBPUSD M15
[2026-07-13 17:54:27] [INFO] [entry_v2.candle_loader]   ⛔ skipped XAUUSD_M15: No valid candles loaded for XAUUSD M15
[2026-07-13 17:54:27] [ERROR] [entry_v2.run_pipeline] [Entry v2 run_pipeline] FAILED: Critical: no valid synchronized rows
Traceback (most recent call last):
  File "F:\files (2)\google\botdd\trading_bot_v3\analysis\entry_v2\run_pipeline.py", line 130, in <module>
    main()
    ~~~~^^
  File "F:\files (2)\google\botdd\trading_bot_v3\analysis\entry_v2\run_pipeline.py", line 77, in main
    builder_meta = build_dataset(output_dir=out_dir)
  File "F:\files (2)\google\botdd\trading_bot_v3\analysis\entry_v2\dataset_builder.py", line 268, in build_dataset
    abort_if_critical(issues)
    ~~~~~~~~~~~~~~~~~^^^^^^^^
  File "F:\files (2)\google\botdd\trading_bot_v3\analysis\entry_v2\validation.py", line 121, in abort_if_critical
    raise RuntimeError("Critical: no valid synchronized rows")
RuntimeError: Critical: no valid synchronized rows
[2026-07-13 17:55:52] [WARNING] [mt5_watchdog] MT5 disconnected! Attempt 1/3
[2026-07-13 17:55:54] [INFO] [qd_client] Logged in to QuantDinger
[2026-07-13 17:55:54] [INFO] [mt5_watchdog] MT5 already connected
[2026-07-13 17:55:54] [INFO] [mt5_watchdog] MT5 reconnected successfully!
[2026-07-13 17:56:30] [INFO] [entry_v2.run_pipeline] [Entry v2 run_pipeline] Step 1: build_dataset -> unified CSV/Parquet
[2026-07-13 17:56:30] [INFO] [entry_v2.candle_loader] [entry_v2] loading candles symbol=EURUSD timeframe=H4 count=2191
[2026-07-13 17:56:30] [DEBUG] [market_client] DEBUG: Requesting EURUSD H4 as '4H'
[2026-07-13 17:56:30] [INFO] [qd_client] Logged in to QuantDinger
[2026-07-13 17:56:30] [DEBUG] [market_client] Candles EURUSD 4H: 2191 bars ✓
[2026-07-13 17:56:30] [INFO] [entry_v2.candle_loader] [entry_v2] loading candles symbol=EURUSD timeframe=H1 count=8766
[2026-07-13 17:56:30] [DEBUG] [market_client] DEBUG: Requesting EURUSD H1 as '1H'
[2026-07-13 17:56:30] [DEBUG] [market_client] Candles EURUSD 1H: 8766 bars ✓
[2026-07-13 17:56:30] [INFO] [entry_v2.candle_loader] [entry_v2] loading candles symbol=EURUSD timeframe=M15 count=35066
[2026-07-13 17:56:30] [DEBUG] [market_client] DEBUG: Requesting EURUSD M15 as 'M15'
[2026-07-13 17:56:30] [WARNING] [market_client] Candles API error for EURUSD: No data found (code=0)
[2026-07-13 17:56:30] [WARNING] [entry_v2.candle_loader] ⚠️ تخطي EURUSD M15: لا توجد بيانات (No valid candles loaded for EURUSD M15)
[2026-07-13 17:56:30] [INFO] [entry_v2.candle_loader] [entry_v2] loading candles symbol=GBPUSD timeframe=H4 count=2191
[2026-07-13 17:56:30] [DEBUG] [market_client] DEBUG: Requesting GBPUSD H4 as '4H'
[2026-07-13 17:56:30] [DEBUG] [market_client] Candles GBPUSD 4H: 2191 bars ✓
[2026-07-13 17:56:30] [INFO] [entry_v2.candle_loader] [entry_v2] loading candles symbol=GBPUSD timeframe=H1 count=8766
[2026-07-13 17:56:30] [DEBUG] [market_client] DEBUG: Requesting GBPUSD H1 as '1H'
[2026-07-13 17:56:30] [DEBUG] [market_client] Candles GBPUSD 1H: 8766 bars ✓
[2026-07-13 17:56:30] [INFO] [entry_v2.candle_loader] [entry_v2] loading candles symbol=GBPUSD timeframe=M15 count=35066
[2026-07-13 17:56:30] [DEBUG] [market_client] DEBUG: Requesting GBPUSD M15 as 'M15'
[2026-07-13 17:56:30] [WARNING] [market_client] Candles API error for GBPUSD: No data found (code=0)
[2026-07-13 17:56:30] [WARNING] [entry_v2.candle_loader] ⚠️ تخطي GBPUSD M15: لا توجد بيانات (No valid candles loaded for GBPUSD M15)
[2026-07-13 17:56:30] [INFO] [entry_v2.candle_loader] [entry_v2] loading candles symbol=XAUUSD timeframe=H4 count=2191
[2026-07-13 17:56:30] [DEBUG] [market_client] DEBUG: Requesting XAUUSD H4 as '4H'
[2026-07-13 17:56:31] [DEBUG] [market_client] Candles XAUUSD 4H: 2191 bars ✓
[2026-07-13 17:56:31] [INFO] [entry_v2.candle_loader] [entry_v2] loading candles symbol=XAUUSD timeframe=H1 count=8766
[2026-07-13 17:56:31] [DEBUG] [market_client] DEBUG: Requesting XAUUSD H1 as '1H'
[2026-07-13 17:56:31] [DEBUG] [market_client] Candles XAUUSD 1H: 8599 bars ✓
[2026-07-13 17:56:31] [INFO] [entry_v2.candle_loader] [entry_v2] loading candles symbol=XAUUSD timeframe=M15 count=35066
[2026-07-13 17:56:31] [DEBUG] [market_client] DEBUG: Requesting XAUUSD M15 as 'M15'
[2026-07-13 17:56:31] [WARNING] [market_client] Candles API error for XAUUSD: No data found (code=0)
[2026-07-13 17:56:31] [WARNING] [entry_v2.candle_loader] ⚠️ تخطي XAUUSD M15: لا توجد بيانات (No valid candles loaded for XAUUSD M15)
[2026-07-13 17:56:31] [INFO] [entry_v2.candle_loader] [entry_v2] candle_loader load_required_history summary:
[2026-07-13 17:56:31] [INFO] [entry_v2.candle_loader]   ✅ loaded EURUSD_H1 bars=8766
[2026-07-13 17:56:31] [INFO] [entry_v2.candle_loader]   ✅ loaded EURUSD_H4 bars=2191
[2026-07-13 17:56:31] [INFO] [entry_v2.candle_loader]   ✅ loaded GBPUSD_H1 bars=8766
[2026-07-13 17:56:31] [INFO] [entry_v2.candle_loader]   ✅ loaded GBPUSD_H4 bars=2191
[2026-07-13 17:56:31] [INFO] [entry_v2.candle_loader]   ✅ loaded XAUUSD_H1 bars=8599
[2026-07-13 17:56:31] [INFO] [entry_v2.candle_loader]   ✅ loaded XAUUSD_H4 bars=2191
[2026-07-13 17:56:31] [INFO] [entry_v2.candle_loader]   ⛔ skipped EURUSD_M15: No valid candles loaded for EURUSD M15
[2026-07-13 17:56:31] [INFO] [entry_v2.candle_loader]   ⛔ skipped GBPUSD_M15: No valid candles loaded for GBPUSD M15
[2026-07-13 17:56:31] [INFO] [entry_v2.candle_loader]   ⛔ skipped XAUUSD_M15: No valid candles loaded for XAUUSD M15
[2026-07-13 17:56:31] [ERROR] [entry_v2.run_pipeline] [Entry v2 run_pipeline] FAILED: Critical: too many missing synchronized rows: 1.0
Traceback (most recent call last):
  File "F:\files (2)\google\botdd\trading_bot_v3\analysis\entry_v2\run_pipeline.py", line 130, in <module>
    main()
    ~~~~^^
  File "F:\files (2)\google\botdd\trading_bot_v3\analysis\entry_v2\run_pipeline.py", line 77, in main
    builder_meta = build_dataset(output_dir=out_dir)
  File "F:\files (2)\google\botdd\trading_bot_v3\analysis\entry_v2\dataset_builder.py", line 261, in build_dataset
    abort_if_critical(issues)
    ~~~~~~~~~~~~~~~~~^^^^^^^^
  File "F:\files (2)\google\botdd\trading_bot_v3\analysis\entry_v2\validation.py", line 118, in abort_if_critical
    raise RuntimeError(f"Critical: too many missing synchronized rows: {issues.get('missing_any_pct')}")
RuntimeError: Critical: too many missing synchronized rows: 1.0
[2026-07-13 17:57:54] [WARNING] [mt5_watchdog] MT5 disconnected! Attempt 1/3
[2026-07-13 17:57:55] [INFO] [qd_client] Logged in to QuantDinger
[2026-07-13 17:57:55] [INFO] [mt5_watchdog] MT5 already connected
[2026-07-13 17:57:55] [INFO] [mt5_watchdog] MT5 reconnected successfully!
[2026-07-13 17:59:21] [INFO] [main] ==================================================
[2026-07-13 17:59:21] [INFO] [main] Cycle 7 at 17:59:21
[2026-07-13 17:59:29] [INFO] [news_fetcher] Fetched 24 relevant news items
[2026-07-13 17:59:29] [INFO] [main] Equity: 74386.52$ | News: 24
[2026-07-13 17:59:29] [DEBUG] [hybrid_market_client] Fetching indicators for EURUSD (QuantDinger only)
[2026-07-13 17:59:29] [DEBUG] [market_client] Candles EURUSD 4H: 100 bars ✓
[2026-07-13 17:59:29] [DEBUG] [hybrid_market_client] ✓ Got live data from QuantDinger for EURUSD
[2026-07-13 17:59:29] [DEBUG] [hybrid_market_client] Fetching indicators for EURUSD (QuantDinger only)
[2026-07-13 17:59:29] [DEBUG] [market_client] Candles EURUSD 4H: 100 bars ✓
[2026-07-13 17:59:29] [DEBUG] [hybrid_market_client] ✓ Got live data from QuantDinger for EURUSD
[2026-07-13 17:59:29] [DEBUG] [hybrid_market_client] Fetching indicators for EURUSD (QuantDinger only)
[2026-07-13 17:59:29] [DEBUG] [market_client] Candles EURUSD 4H: 100 bars ✓
[2026-07-13 17:59:29] [DEBUG] [hybrid_market_client] ✓ Got live data from QuantDinger for EURUSD
[2026-07-13 17:59:29] [INFO] [market_snapshot_builder] [SNAPSHOT_BUILT] symbol=EURUSD tfs=H4,H1,M15
[2026-07-13 17:59:29] [DEBUG] [hybrid_market_client] Fetching indicators for XAUUSD (QuantDinger only)
[2026-07-13 17:59:30] [DEBUG] [market_client] Candles XAUUSD 4H: 95 bars ✓
[2026-07-13 17:59:30] [DEBUG] [hybrid_market_client] ✓ Got live data from QuantDinger for XAUUSD
[2026-07-13 17:59:30] [DEBUG] [hybrid_market_client] Fetching indicators for XAUUSD (QuantDinger only)
[2026-07-13 17:59:30] [DEBUG] [market_client] Candles XAUUSD 4H: 95 bars ✓
[2026-07-13 17:59:30] [DEBUG] [hybrid_market_client] ✓ Got live data from QuantDinger for XAUUSD
[2026-07-13 17:59:30] [DEBUG] [hybrid_market_client] Fetching indicators for XAUUSD (QuantDinger only)
[2026-07-13 17:59:30] [DEBUG] [market_client] Candles XAUUSD 4H: 95 bars ✓
[2026-07-13 17:59:30] [DEBUG] [hybrid_market_client] ✓ Got live data from QuantDinger for XAUUSD
[2026-07-13 17:59:30] [INFO] [market_snapshot_builder] [SNAPSHOT_BUILT] symbol=XAUUSD tfs=H4,H1,M15
[2026-07-13 17:59:30] [DEBUG] [hybrid_market_client] Fetching indicators for GBPUSD (QuantDinger only)
[2026-07-13 17:59:30] [DEBUG] [market_client] Candles GBPUSD 4H: 100 bars ✓
[2026-07-13 17:59:30] [DEBUG] [hybrid_market_client] ✓ Got live data from QuantDinger for GBPUSD
[2026-07-13 17:59:30] [DEBUG] [hybrid_market_client] Fetching indicators for GBPUSD (QuantDinger only)
[2026-07-13 17:59:30] [DEBUG] [market_client] Candles GBPUSD 4H: 100 bars ✓
[2026-07-13 17:59:30] [DEBUG] [hybrid_market_client] ✓ Got live data from QuantDinger for GBPUSD
[2026-07-13 17:59:30] [DEBUG] [hybrid_market_client] Fetching indicators for GBPUSD (QuantDinger only)
[2026-07-13 17:59:30] [DEBUG] [market_client] Candles GBPUSD 4H: 100 bars ✓
[2026-07-13 17:59:30] [DEBUG] [hybrid_market_client] ✓ Got live data from QuantDinger for GBPUSD
[2026-07-13 17:59:30] [INFO] [market_snapshot_builder] [SNAPSHOT_BUILT] symbol=GBPUSD tfs=H4,H1,M15
[2026-07-13 17:59:30] [INFO] [main] --- EURUSD ---
[2026-07-13 17:59:35] [INFO] [deepseek] DEEPSEEK OK: {
  "impact_score": 80,
  "bias": "bearish",
  "confidence": 0.75,
  "reason": "الاتجاه هبوطي قوي عل...
[2026-07-13 17:59:35] [INFO] [deepseek] AI EURUSD: bias=bearish impact=80.0 conf=0.75
[2026-07-13 17:59:35] [INFO] [signal_engine] [VERIFY] SIGNAL_INPUT bias=bearish score=80.0 confidence=0.75
[2026-07-13 17:59:35] [INFO] [signal_engine] [VERIFY] SIGNAL_RULE rule=confidence>=0.60 actual=0.75 result=True
[2026-07-13 17:59:35] [INFO] [signal_engine] [VERIFY] SIGNAL_RULE rule=score>=55 actual=80.0 result=True
[2026-07-13 17:59:35] [INFO] [signal_engine] [VERIFY] SIGNAL_RULE rule=bias in [bullish,bearish] actual=bearish result=True
[2026-07-13 17:59:35] [INFO] [signal_engine] [VERIFY] SIGNAL_FINAL direction=SELL score=80.0 confidence=0.75 valid=True
[2026-07-13 17:59:35] [DEBUG] [signal_engine] Signal: SELL score=80.0 conf=0.75 strength=قوي valid=True
[2026-07-13 17:59:35] [INFO] [sentiment] Sentiment EURUSD: neutral score=50 bull=2 bear=3
[2026-07-13 17:59:35] [DEBUG] [mtf] MTF (snapshot) EURUSD: H4=bearish H1=bearish M15=bearish aligned=True (strong)
[2026-07-13 17:59:35] [INFO] [main] [VERIFY][DATA_TRUTH] symbol=EURUSD timeframe=H4/H1/M15 news_fetched=True indicators_fetched=True live_data=True cached=False
[2026-07-13 17:59:35] [INFO] [voting_engine] EURUSD: MTF strongly aligned, boosting score 10%
[2026-07-13 17:59:35] [DEBUG] [hybrid_market_client] Fetching indicators for EURUSD (QuantDinger only)
[2026-07-13 17:59:35] [DEBUG] [market_client] Candles EURUSD 4H: 100 bars ✓
[2026-07-13 17:59:35] [DEBUG] [hybrid_market_client] ✓ Got live data from QuantDinger for EURUSD
[2026-07-13 17:59:35] [DEBUG] [hybrid_market_client] Fetching indicators for EURUSD (QuantDinger only)
[2026-07-13 17:59:35] [DEBUG] [market_client] Using cached candles for EURUSD 4H (age: 0s)
[2026-07-13 17:59:35] [DEBUG] [hybrid_market_client] ✓ Got live data from QuantDinger for EURUSD
[2026-07-13 17:59:35] [INFO] [sltp] SL/TP EURUSD: entry=1.1406410932540894 atr=0.00233 sl=1.14414 tp=1.13481
[2026-07-13 17:59:35] [INFO] [position_sizing] Position size: 0.5 (equity=74387, risk=0.002, sl_dist=0.00350, score=89, cons_loss=0)
[2026-07-13 17:59:35] [DEBUG] [xgboost_v2] V2 predict: rsi=40.0 atr=0.00233 regime=TRENDING session=new_york dir=SELL -> p_win=0.125
[2026-07-13 17:59:35] [INFO] [xgboost_v2] [VERIFY] XGBOOST PREDICTION p_win=0.125 available=True
[2026-07-13 17:59:35] [INFO] [main] [VERIFY][DECISION_TRUTH] bias=bearish score=89.2 confidence=1.0 vote=SELL risk_passed=True sl_tp_calculated=True position_size=0.5 xgboost_p_win=0.12512187659740448 final_decision_valid=False reject_reason=p_win<threshold (p_win=0.125 threshold=0.6)
[2026-07-13 17:59:35] [INFO] [main] --- XAUUSD ---
[2026-07-13 17:59:38] [INFO] [deepseek] DEEPSEEK OK: {
  "impact_score": 85,
  "bias": "bearish",
  "confidence": 0.85,
  "reason": "الاتجاه هابط بقوة وا...
[2026-07-13 17:59:38] [INFO] [deepseek] AI XAUUSD: bias=bearish impact=85.0 conf=0.85
[2026-07-13 17:59:38] [INFO] [signal_engine] [VERIFY] SIGNAL_INPUT bias=bearish score=85.0 confidence=0.85
[2026-07-13 17:59:38] [INFO] [signal_engine] [VERIFY] SIGNAL_RULE rule=confidence>=0.60 actual=0.85 result=True
[2026-07-13 17:59:38] [INFO] [signal_engine] [VERIFY] SIGNAL_RULE rule=score>=55 actual=85.0 result=True
[2026-07-13 17:59:38] [INFO] [signal_engine] [VERIFY] SIGNAL_RULE rule=bias in [bullish,bearish] actual=bearish result=True
[2026-07-13 17:59:38] [INFO] [signal_engine] [VERIFY] SIGNAL_FINAL direction=SELL score=85.0 confidence=0.85 valid=True
[2026-07-13 17:59:38] [DEBUG] [signal_engine] Signal: SELL score=85.0 conf=0.85 strength=قوي جداً valid=True
[2026-07-13 17:59:38] [INFO] [sentiment] Sentiment XAUUSD: bearish score=83 bull=1 bear=2
[2026-07-13 17:59:38] [DEBUG] [mtf] MTF (snapshot) XAUUSD: H4=bearish H1=bullish M15=bullish aligned=True (weak)
[2026-07-13 17:59:38] [INFO] [main] [VERIFY][DATA_TRUTH] symbol=XAUUSD timeframe=H4/H1/M15 news_fetched=True indicators_fetched=True live_data=True cached=False
[2026-07-13 17:59:38] [DEBUG] [hybrid_market_client] Fetching indicators for XAUUSD (QuantDinger only)
[2026-07-13 17:59:38] [DEBUG] [market_client] Candles XAUUSD 4H: 95 bars ✓
[2026-07-13 17:59:38] [DEBUG] [hybrid_market_client] ✓ Got live data from QuantDinger for XAUUSD
[2026-07-13 17:59:38] [DEBUG] [hybrid_market_client] Fetching indicators for XAUUSD (QuantDinger only)
[2026-07-13 17:59:38] [DEBUG] [market_client] Using cached candles for XAUUSD 4H (age: 0s)
[2026-07-13 17:59:38] [DEBUG] [hybrid_market_client] ✓ Got live data from QuantDinger for XAUUSD
[2026-07-13 17:59:38] [INFO] [sltp] SL/TP XAUUSD: entry=4014.800048828125 atr=29.34288 sl=4024.80005 tp=3941.44285
[2026-07-13 17:59:38] [INFO] [position_sizing] Position size: 0.1 (equity=74387, risk=0.001, sl_dist=10.00000, score=59, cons_loss=0)
[2026-07-13 17:59:38] [DEBUG] [xgboost_v2] V2 predict: rsi=19.9 atr=29.34288 regime=TRENDING session=new_york dir=SELL -> p_win=0.125
[2026-07-13 17:59:38] [INFO] [xgboost_v2] [VERIFY] XGBOOST PREDICTION p_win=0.125 available=True
[2026-07-13 17:59:38] [INFO] [main] [VERIFY][DECISION_TRUTH] bias=bearish score=58.9 confidence=1.0 vote=SELL risk_passed=True sl_tp_calculated=True position_size=0.1 xgboost_p_win=0.12512187659740448 final_decision_valid=False reject_reason=p_win<threshold (p_win=0.125 threshold=0.6)
[2026-07-13 17:59:38] [INFO] [main] --- GBPUSD ---
[2026-07-13 17:59:43] [WARNING] [deepseek] DeepSeek truncated by max_tokens, finish_reason=length, content={
  "impact_score": 75,
  "bias": "bearish",
  "confidence": 0.85,
  "reason": "ارتفاع عوائد السندات الأمريكية وتوقعات تش
[2026-07-13 17:59:43] [WARNING] [deepseek] Retry 1: JSON incomplete/truncated, raw={
  "impact_score": 75,
  "bias": "bearish",
  "confidence": 0.85,
  "reason": "ارتفاع عوائد السندات الأمريكية وتوقعات تش
[2026-07-13 17:59:49] [INFO] [deepseek] DEEPSEEK OK: {
  "impact_score": 70,
  "bias": "bearish",
  "confidence": 0.85,
  "reason": "العملة الأمريكية مدع...
[2026-07-13 17:59:49] [INFO] [deepseek] AI GBPUSD: bias=bearish impact=70.0 conf=0.85
[2026-07-13 17:59:49] [INFO] [signal_engine] [VERIFY] SIGNAL_INPUT bias=bearish score=70.0 confidence=0.85
[2026-07-13 17:59:49] [INFO] [signal_engine] [VERIFY] SIGNAL_RULE rule=confidence>=0.60 actual=0.85 result=True
[2026-07-13 17:59:49] [INFO] [signal_engine] [VERIFY] SIGNAL_RULE rule=score>=55 actual=70.0 result=True
[2026-07-13 17:59:49] [INFO] [signal_engine] [VERIFY] SIGNAL_RULE rule=bias in [bullish,bearish] actual=bearish result=True
[2026-07-13 17:59:49] [INFO] [signal_engine] [VERIFY] SIGNAL_FINAL direction=SELL score=70.0 confidence=0.85 valid=True
[2026-07-13 17:59:49] [DEBUG] [signal_engine] Signal: SELL score=70.0 conf=0.85 strength=قوي valid=True
[2026-07-13 17:59:49] [INFO] [sentiment] Sentiment GBPUSD: neutral score=50 bull=1 bear=1
[2026-07-13 17:59:49] [DEBUG] [mtf] MTF (snapshot) GBPUSD: H4=bearish H1=bearish M15=bearish aligned=True (strong)
[2026-07-13 17:59:49] [INFO] [main] [VERIFY][DATA_TRUTH] symbol=GBPUSD timeframe=H4/H1/M15 news_fetched=True indicators_fetched=True live_data=True cached=False
[2026-07-13 17:59:49] [INFO] [voting_engine] GBPUSD: MTF strongly aligned, boosting score 10%
[2026-07-13 17:59:49] [DEBUG] [hybrid_market_client] Fetching indicators for GBPUSD (QuantDinger only)
[2026-07-13 17:59:49] [DEBUG] [market_client] Candles GBPUSD 4H: 100 bars ✓
[2026-07-13 17:59:49] [DEBUG] [hybrid_market_client] ✓ Got live data from QuantDinger for GBPUSD
[2026-07-13 17:59:49] [DEBUG] [hybrid_market_client] Fetching indicators for GBPUSD (QuantDinger only)
[2026-07-13 17:59:49] [DEBUG] [market_client] Using cached candles for GBPUSD 4H (age: 0s)
[2026-07-13 17:59:49] [DEBUG] [hybrid_market_client] ✓ Got live data from QuantDinger for GBPUSD
[2026-07-13 17:59:49] [INFO] [sltp] SL/TP GBPUSD: entry=1.3375064134597778 atr=0.00284 sl=1.34176 tp=1.33042
[2026-07-13 17:59:49] [INFO] [position_sizing] Position size: 0.5 (equity=74387, risk=0.002, sl_dist=0.00425, score=86, cons_loss=0)
[2026-07-13 17:59:49] [DEBUG] [xgboost_v2] V2 predict: rsi=39.1 atr=0.00284 regime=TRENDING session=new_york dir=SELL -> p_win=0.125
[2026-07-13 17:59:49] [INFO] [xgboost_v2] [VERIFY] XGBOOST PREDICTION p_win=0.125 available=True
[2026-07-13 17:59:49] [INFO] [main] [VERIFY][DECISION_TRUTH] bias=bearish score=86.0 confidence=1.0 vote=SELL risk_passed=True sl_tp_calculated=True position_size=0.5 xgboost_p_win=0.12512187659740448 final_decision_valid=False reject_reason=p_win<threshold (p_win=0.125 threshold=0.6)
[2026-07-13 17:59:49] [INFO] [adaptive_weights] EURUSD weights updated: {'ai': 0.239, 'trend': 0.239, 'momentum': 0.239, 'sentiment': 0.239, 'volatility': 0.043} | WR=10.0% PF=2.07
[2026-07-13 17:59:49] [INFO] [adaptive_weights] GBPUSD weights updated: {'ai': 0.239, 'trend': 0.239, 'momentum': 0.239, 'sentiment': 0.239, 'volatility': 0.043} | WR=13.0% PF=8.53
[2026-07-13 17:59:49] [INFO] [adaptive_weights] 🏆 أفضل زوج: GBPUSD | WR=13.0% | PnL=144.6$
[2026-07-13 17:59:49] [INFO] [adaptive_weights] ⚠️ أسوأ زوج: XAUUSD | WR=0.0% | PnL=-16.8$
[2026-07-13 17:59:49] [INFO] [main] Sleeping 1800s...
[2026-07-13 18:17:25] [INFO] [entry_v2.run_pipeline] [Entry v2 run_pipeline] Step 1: build_dataset -> unified CSV/Parquet
[2026-07-13 18:17:25] [INFO] [entry_v2.candle_loader] [entry_v2] loading candles symbol=EURUSD timeframe=H4 count=2191
[2026-07-13 18:17:25] [DEBUG] [market_client] DEBUG: Requesting EURUSD H4 as '4H'
[2026-07-13 18:17:26] [INFO] [qd_client] Logged in to QuantDinger
[2026-07-13 18:17:26] [DEBUG] [market_client] Candles EURUSD 4H: 2191 bars ✓
[2026-07-13 18:17:26] [INFO] [entry_v2.candle_loader] [entry_v2] loading candles symbol=EURUSD timeframe=H1 count=8766
[2026-07-13 18:17:26] [DEBUG] [market_client] DEBUG: Requesting EURUSD H1 as '1H'
[2026-07-13 18:17:28] [DEBUG] [market_client] Candles EURUSD 1H: 8766 bars ✓
[2026-07-13 18:17:28] [INFO] [entry_v2.candle_loader] [entry_v2] loading candles symbol=GBPUSD timeframe=H4 count=2191
[2026-07-13 18:17:28] [DEBUG] [market_client] DEBUG: Requesting GBPUSD H4 as '4H'
[2026-07-13 18:17:28] [DEBUG] [market_client] Candles GBPUSD 4H: 2191 bars ✓
[2026-07-13 18:17:28] [INFO] [entry_v2.candle_loader] [entry_v2] loading candles symbol=GBPUSD timeframe=H1 count=8766
[2026-07-13 18:17:28] [DEBUG] [market_client] DEBUG: Requesting GBPUSD H1 as '1H'
[2026-07-13 18:17:30] [DEBUG] [market_client] Candles GBPUSD 1H: 8766 bars ✓
[2026-07-13 18:17:30] [INFO] [entry_v2.candle_loader] [entry_v2] loading candles symbol=XAUUSD timeframe=H4 count=2191
[2026-07-13 18:17:30] [DEBUG] [market_client] DEBUG: Requesting XAUUSD H4 as '4H'
[2026-07-13 18:17:31] [DEBUG] [market_client] Candles XAUUSD 4H: 2191 bars ✓
[2026-07-13 18:17:31] [INFO] [entry_v2.candle_loader] [entry_v2] loading candles symbol=XAUUSD timeframe=H1 count=8766
[2026-07-13 18:17:31] [DEBUG] [market_client] DEBUG: Requesting XAUUSD H1 as '1H'
[2026-07-13 18:17:32] [DEBUG] [market_client] Candles XAUUSD 1H: 8600 bars ✓
[2026-07-13 18:17:32] [INFO] [entry_v2.candle_loader] [entry_v2] candle_loader load_required_history summary:
[2026-07-13 18:17:32] [INFO] [entry_v2.candle_loader]   ✅ loaded EURUSD_H1 bars=8766
[2026-07-13 18:17:32] [INFO] [entry_v2.candle_loader]   ✅ loaded EURUSD_H4 bars=2191
[2026-07-13 18:17:32] [INFO] [entry_v2.candle_loader]   ✅ loaded GBPUSD_H1 bars=8766
[2026-07-13 18:17:32] [INFO] [entry_v2.candle_loader]   ✅ loaded GBPUSD_H4 bars=2191
[2026-07-13 18:17:32] [INFO] [entry_v2.candle_loader]   ✅ loaded XAUUSD_H1 bars=8600
[2026-07-13 18:17:32] [INFO] [entry_v2.candle_loader]   ✅ loaded XAUUSD_H4 bars=2191
[2026-07-13 18:17:32] [ERROR] [entry_v2.run_pipeline] [Entry v2 run_pipeline] FAILED: Critical: too many missing synchronized rows: 1.0
Traceback (most recent call last):
  File "F:\files (2)\google\botdd\trading_bot_v3\analysis\entry_v2\run_pipeline.py", line 130, in <module>
    main()
    ~~~~^^
  File "F:\files (2)\google\botdd\trading_bot_v3\analysis\entry_v2\run_pipeline.py", line 77, in main
    builder_meta = build_dataset(output_dir=out_dir)
  File "F:\files (2)\google\botdd\trading_bot_v3\analysis\entry_v2\dataset_builder.py", line 270, in build_dataset
    abort_if_critical(issues)
    ~~~~~~~~~~~~~~~~~^^^^^^^^
  File "F:\files (2)\google\botdd\trading_bot_v3\analysis\entry_v2\validation.py", line 121, in abort_if_critical
    raise RuntimeError(f"Critical: too many missing synchronized rows: {issues.get('missing_any_pct')}")
RuntimeError: Critical: too many missing synchronized rows: 1.0
[2026-07-13 18:17:41] [INFO] [entry_v2.run_pipeline] [Entry v2 run_pipeline] Step 1: build_dataset -> unified CSV/Parquet
[2026-07-13 18:17:41] [INFO] [entry_v2.candle_loader] [entry_v2] loading candles symbol=EURUSD timeframe=H4 count=2191
[2026-07-13 18:17:41] [DEBUG] [market_client] DEBUG: Requesting EURUSD H4 as '4H'
[2026-07-13 18:17:41] [INFO] [qd_client] Logged in to QuantDinger
[2026-07-13 18:17:41] [DEBUG] [market_client] Candles EURUSD 4H: 2191 bars ✓
[2026-07-13 18:17:41] [INFO] [entry_v2.candle_loader] [entry_v2] loading candles symbol=EURUSD timeframe=H1 count=8766
[2026-07-13 18:17:41] [DEBUG] [market_client] DEBUG: Requesting EURUSD H1 as '1H'
[2026-07-13 18:17:41] [DEBUG] [market_client] Candles EURUSD 1H: 8766 bars ✓
[2026-07-13 18:17:41] [INFO] [entry_v2.candle_loader] [entry_v2] loading candles symbol=GBPUSD timeframe=H4 count=2191
[2026-07-13 18:17:41] [DEBUG] [market_client] DEBUG: Requesting GBPUSD H4 as '4H'
[2026-07-13 18:17:41] [DEBUG] [market_client] Candles GBPUSD 4H: 2191 bars ✓
[2026-07-13 18:17:41] [INFO] [entry_v2.candle_loader] [entry_v2] loading candles symbol=GBPUSD timeframe=H1 count=8766
[2026-07-13 18:17:41] [DEBUG] [market_client] DEBUG: Requesting GBPUSD H1 as '1H'
[2026-07-13 18:17:42] [DEBUG] [market_client] Candles GBPUSD 1H: 8766 bars ✓
[2026-07-13 18:17:42] [INFO] [entry_v2.candle_loader] [entry_v2] loading candles symbol=XAUUSD timeframe=H4 count=2191
[2026-07-13 18:17:42] [DEBUG] [market_client] DEBUG: Requesting XAUUSD H4 as '4H'
[2026-07-13 18:17:42] [DEBUG] [market_client] Candles XAUUSD 4H: 2191 bars ✓
[2026-07-13 18:17:42] [INFO] [entry_v2.candle_loader] [entry_v2] loading candles symbol=XAUUSD timeframe=H1 count=8766
[2026-07-13 18:17:42] [DEBUG] [market_client] DEBUG: Requesting XAUUSD H1 as '1H'
[2026-07-13 18:17:42] [DEBUG] [market_client] Candles XAUUSD 1H: 8600 bars ✓
[2026-07-13 18:17:42] [INFO] [entry_v2.candle_loader] [entry_v2] candle_loader load_required_history summary:
[2026-07-13 18:17:42] [INFO] [entry_v2.candle_loader]   ✅ loaded EURUSD_H1 bars=8766
[2026-07-13 18:17:42] [INFO] [entry_v2.candle_loader]   ✅ loaded EURUSD_H4 bars=2191
[2026-07-13 18:17:42] [INFO] [entry_v2.candle_loader]   ✅ loaded GBPUSD_H1 bars=8766
[2026-07-13 18:17:42] [INFO] [entry_v2.candle_loader]   ✅ loaded GBPUSD_H4 bars=2191
[2026-07-13 18:17:42] [INFO] [entry_v2.candle_loader]   ✅ loaded XAUUSD_H1 bars=8600
[2026-07-13 18:17:42] [INFO] [entry_v2.candle_loader]   ✅ loaded XAUUSD_H4 bars=2191
[2026-07-13 18:17:42] [ERROR] [entry_v2.run_pipeline] [Entry v2 run_pipeline] FAILED: Critical: too many missing synchronized rows: 1.0
Traceback (most recent call last):
  File "F:\files (2)\google\botdd\trading_bot_v3\analysis\entry_v2\run_pipeline.py", line 130, in <module>
    main()
    ~~~~^^
  File "F:\files (2)\google\botdd\trading_bot_v3\analysis\entry_v2\run_pipeline.py", line 77, in main
    builder_meta = build_dataset(output_dir=out_dir)
  File "F:\files (2)\google\botdd\trading_bot_v3\analysis\entry_v2\dataset_builder.py", line 270, in build_dataset
    abort_if_critical(issues)
    ~~~~~~~~~~~~~~~~~^^^^^^^^
  File "F:\files (2)\google\botdd\trading_bot_v3\analysis\entry_v2\validation.py", line 121, in abort_if_critical
    raise RuntimeError(f"Critical: too many missing synchronized rows: {issues.get('missing_any_pct')}")
RuntimeError: Critical: too many missing synchronized rows: 1.0
[2026-07-13 18:17:56] [WARNING] [mt5_watchdog] MT5 disconnected! Attempt 1/3
[2026-07-13 18:17:57] [INFO] [qd_client] Logged in to QuantDinger
[2026-07-13 18:17:57] [INFO] [mt5_watchdog] MT5 already connected
[2026-07-13 18:17:57] [INFO] [mt5_watchdog] MT5 reconnected successfully!
[2026-07-13 18:18:26] [INFO] [entry_v2.run_pipeline] [Entry v2 run_pipeline] Step 1: build_dataset -> unified CSV/Parquet
[2026-07-13 18:18:26] [INFO] [entry_v2.candle_loader] [entry_v2] loading candles symbol=EURUSD timeframe=H4 count=2191
[2026-07-13 18:18:26] [DEBUG] [market_client] DEBUG: Requesting EURUSD H4 as '4H'
[2026-07-13 18:18:26] [INFO] [qd_client] Logged in to QuantDinger
[2026-07-13 18:18:27] [DEBUG] [market_client] Candles EURUSD 4H: 2191 bars ✓
[2026-07-13 18:18:27] [INFO] [entry_v2.candle_loader] [entry_v2] loading candles symbol=EURUSD timeframe=H1 count=8766
[2026-07-13 18:18:27] [DEBUG] [market_client] DEBUG: Requesting EURUSD H1 as '1H'
[2026-07-13 18:18:27] [DEBUG] [market_client] Candles EURUSD 1H: 8766 bars ✓
[2026-07-13 18:18:27] [INFO] [entry_v2.candle_loader] [entry_v2] loading candles symbol=GBPUSD timeframe=H4 count=2191
[2026-07-13 18:18:27] [DEBUG] [market_client] DEBUG: Requesting GBPUSD H4 as '4H'
[2026-07-13 18:18:27] [DEBUG] [market_client] Candles GBPUSD 4H: 2191 bars ✓
[2026-07-13 18:18:27] [INFO] [entry_v2.candle_loader] [entry_v2] loading candles symbol=GBPUSD timeframe=H1 count=8766
[2026-07-13 18:18:27] [DEBUG] [market_client] DEBUG: Requesting GBPUSD H1 as '1H'
[2026-07-13 18:18:27] [DEBUG] [market_client] Candles GBPUSD 1H: 8766 bars ✓
[2026-07-13 18:18:27] [INFO] [entry_v2.candle_loader] [entry_v2] loading candles symbol=XAUUSD timeframe=H4 count=2191
[2026-07-13 18:18:27] [DEBUG] [market_client] DEBUG: Requesting XAUUSD H4 as '4H'
[2026-07-13 18:18:27] [DEBUG] [market_client] Candles XAUUSD 4H: 2191 bars ✓
[2026-07-13 18:18:27] [INFO] [entry_v2.candle_loader] [entry_v2] loading candles symbol=XAUUSD timeframe=H1 count=8766
[2026-07-13 18:18:27] [DEBUG] [market_client] DEBUG: Requesting XAUUSD H1 as '1H'
[2026-07-13 18:18:27] [DEBUG] [market_client] Candles XAUUSD 1H: 8600 bars ✓
[2026-07-13 18:18:27] [INFO] [entry_v2.candle_loader] [entry_v2] candle_loader load_required_history summary:
[2026-07-13 18:18:27] [INFO] [entry_v2.candle_loader]   ✅ loaded EURUSD_H1 bars=8766
[2026-07-13 18:18:27] [INFO] [entry_v2.candle_loader]   ✅ loaded EURUSD_H4 bars=2191
[2026-07-13 18:18:27] [INFO] [entry_v2.candle_loader]   ✅ loaded GBPUSD_H1 bars=8766
[2026-07-13 18:18:27] [INFO] [entry_v2.candle_loader]   ✅ loaded GBPUSD_H4 bars=2191
[2026-07-13 18:18:27] [INFO] [entry_v2.candle_loader]   ✅ loaded XAUUSD_H1 bars=8600
[2026-07-13 18:18:27] [INFO] [entry_v2.candle_loader]   ✅ loaded XAUUSD_H4 bars=2191
[2026-07-13 18:18:27] [ERROR] [entry_v2.run_pipeline] [Entry v2 run_pipeline] FAILED: Critical: too many missing synchronized rows: 1.0
Traceback (most recent call last):
  File "F:\files (2)\google\botdd\trading_bot_v3\analysis\entry_v2\run_pipeline.py", line 130, in <module>
    main()
    ~~~~^^
  File "F:\files (2)\google\botdd\trading_bot_v3\analysis\entry_v2\run_pipeline.py", line 77, in main
    builder_meta = build_dataset(output_dir=out_dir)
  File "F:\files (2)\google\botdd\trading_bot_v3\analysis\entry_v2\dataset_builder.py", line 270, in build_dataset
    abort_if_critical(issues)
    ~~~~~~~~~~~~~~~~~^^^^^^^^
  File "F:\files (2)\google\botdd\trading_bot_v3\analysis\entry_v2\validation.py", line 121, in abort_if_critical
    raise RuntimeError(f"Critical: too many missing synchronized rows: {issues.get('missing_any_pct')}")
RuntimeError: Critical: too many missing synchronized rows: 1.0
[2026-07-13 18:18:49] [INFO] [entry_v2.run_pipeline] [Entry v2 run_pipeline] Step 1: build_dataset -> unified CSV/Parquet
[2026-07-13 18:18:49] [INFO] [entry_v2.candle_loader] [entry_v2] loading candles symbol=EURUSD timeframe=H4 count=2191
[2026-07-13 18:18:49] [DEBUG] [market_client] DEBUG: Requesting EURUSD H4 as '4H'
[2026-07-13 18:18:49] [INFO] [qd_client] Logged in to QuantDinger
[2026-07-13 18:18:49] [DEBUG] [market_client] Candles EURUSD 4H: 2191 bars ✓
[2026-07-13 18:18:49] [INFO] [entry_v2.candle_loader] [entry_v2] loading candles symbol=EURUSD timeframe=H1 count=8766
[2026-07-13 18:18:49] [DEBUG] [market_client] DEBUG: Requesting EURUSD H1 as '1H'
[2026-07-13 18:18:49] [DEBUG] [market_client] Candles EURUSD 1H: 8766 bars ✓
[2026-07-13 18:18:49] [INFO] [entry_v2.candle_loader] [entry_v2] loading candles symbol=GBPUSD timeframe=H4 count=2191
[2026-07-13 18:18:49] [DEBUG] [market_client] DEBUG: Requesting GBPUSD H4 as '4H'
[2026-07-13 18:18:49] [DEBUG] [market_client] Candles GBPUSD 4H: 2191 bars ✓
[2026-07-13 18:18:49] [INFO] [entry_v2.candle_loader] [entry_v2] loading candles symbol=GBPUSD timeframe=H1 count=8766
[2026-07-13 18:18:49] [DEBUG] [market_client] DEBUG: Requesting GBPUSD H1 as '1H'
[2026-07-13 18:18:49] [DEBUG] [market_client] Candles GBPUSD 1H: 8766 bars ✓
[2026-07-13 18:18:49] [INFO] [entry_v2.candle_loader] [entry_v2] loading candles symbol=XAUUSD timeframe=H4 count=2191
[2026-07-13 18:18:49] [DEBUG] [market_client] DEBUG: Requesting XAUUSD H4 as '4H'
[2026-07-13 18:18:49] [DEBUG] [market_client] Candles XAUUSD 4H: 2191 bars ✓
[2026-07-13 18:18:49] [INFO] [entry_v2.candle_loader] [entry_v2] loading candles symbol=XAUUSD timeframe=H1 count=8766
[2026-07-13 18:18:49] [DEBUG] [market_client] DEBUG: Requesting XAUUSD H1 as '1H'
[2026-07-13 18:18:50] [DEBUG] [market_client] Candles XAUUSD 1H: 8600 bars ✓
[2026-07-13 18:18:50] [INFO] [entry_v2.candle_loader] [entry_v2] candle_loader load_required_history summary:
[2026-07-13 18:18:50] [INFO] [entry_v2.candle_loader]   ✅ loaded EURUSD_H1 bars=8766
[2026-07-13 18:18:50] [INFO] [entry_v2.candle_loader]   ✅ loaded EURUSD_H4 bars=2191
[2026-07-13 18:18:50] [INFO] [entry_v2.candle_loader]   ✅ loaded GBPUSD_H1 bars=8766
[2026-07-13 18:18:50] [INFO] [entry_v2.candle_loader]   ✅ loaded GBPUSD_H4 bars=2191
[2026-07-13 18:18:50] [INFO] [entry_v2.candle_loader]   ✅ loaded XAUUSD_H1 bars=8600
[2026-07-13 18:18:50] [INFO] [entry_v2.candle_loader]   ✅ loaded XAUUSD_H4 bars=2191
[2026-07-13 18:18:50] [ERROR] [entry_v2.run_pipeline] [Entry v2 run_pipeline] FAILED: Critical: no valid synchronized rows
Traceback (most recent call last):
  File "F:\files (2)\google\botdd\trading_bot_v3\analysis\entry_v2\run_pipeline.py", line 130, in <module>
    main()
    ~~~~^^
  File "F:\files (2)\google\botdd\trading_bot_v3\analysis\entry_v2\run_pipeline.py", line 77, in main
    builder_meta = build_dataset(output_dir=out_dir)
  File "F:\files (2)\google\botdd\trading_bot_v3\analysis\entry_v2\dataset_builder.py", line 270, in build_dataset
    abort_if_critical(issues)
    ~~~~~~~~~~~~~~~~~^^^^^^^^
  File "F:\files (2)\google\botdd\trading_bot_v3\analysis\entry_v2\validation.py", line 123, in abort_if_critical
    raise RuntimeError("Critical: no valid synchronized rows")
RuntimeError: Critical: no valid synchronized rows
[2026-07-13 18:19:16] [INFO] [entry_v2.run_pipeline] [Entry v2 run_pipeline] Step 1: build_dataset -> unified CSV/Parquet
[2026-07-13 18:19:16] [INFO] [entry_v2.candle_loader] [entry_v2] loading candles symbol=EURUSD timeframe=H4 count=2191
[2026-07-13 18:19:16] [DEBUG] [market_client] DEBUG: Requesting EURUSD H4 as '4H'
[2026-07-13 18:19:16] [INFO] [qd_client] Logged in to QuantDinger
[2026-07-13 18:19:16] [DEBUG] [market_client] Candles EURUSD 4H: 2191 bars ✓
[2026-07-13 18:19:16] [INFO] [entry_v2.candle_loader] [entry_v2] loading candles symbol=EURUSD timeframe=H1 count=8766
[2026-07-13 18:19:16] [DEBUG] [market_client] DEBUG: Requesting EURUSD H1 as '1H'
[2026-07-13 18:19:16] [DEBUG] [market_client] Candles EURUSD 1H: 8766 bars ✓
[2026-07-13 18:19:16] [INFO] [entry_v2.candle_loader] [entry_v2] loading candles symbol=GBPUSD timeframe=H4 count=2191
[2026-07-13 18:19:16] [DEBUG] [market_client] DEBUG: Requesting GBPUSD H4 as '4H'
[2026-07-13 18:19:16] [DEBUG] [market_client] Candles GBPUSD 4H: 2191 bars ✓
[2026-07-13 18:19:16] [INFO] [entry_v2.candle_loader] [entry_v2] loading candles symbol=GBPUSD timeframe=H1 count=8766
[2026-07-13 18:19:16] [DEBUG] [market_client] DEBUG: Requesting GBPUSD H1 as '1H'
[2026-07-13 18:19:16] [DEBUG] [market_client] Candles GBPUSD 1H: 8766 bars ✓
[2026-07-13 18:19:16] [INFO] [entry_v2.candle_loader] [entry_v2] loading candles symbol=XAUUSD timeframe=H4 count=2191
[2026-07-13 18:19:16] [DEBUG] [market_client] DEBUG: Requesting XAUUSD H4 as '4H'
[2026-07-13 18:19:16] [DEBUG] [market_client] Candles XAUUSD 4H: 2191 bars ✓
[2026-07-13 18:19:16] [INFO] [entry_v2.candle_loader] [entry_v2] loading candles symbol=XAUUSD timeframe=H1 count=8766
[2026-07-13 18:19:16] [DEBUG] [market_client] DEBUG: Requesting XAUUSD H1 as '1H'
[2026-07-13 18:19:17] [DEBUG] [market_client] Candles XAUUSD 1H: 8600 bars ✓
[2026-07-13 18:19:17] [INFO] [entry_v2.candle_loader] [entry_v2] candle_loader load_required_history summary:
[2026-07-13 18:19:17] [INFO] [entry_v2.candle_loader]   ✅ loaded EURUSD_H1 bars=8766
[2026-07-13 18:19:17] [INFO] [entry_v2.candle_loader]   ✅ loaded EURUSD_H4 bars=2191
[2026-07-13 18:19:17] [INFO] [entry_v2.candle_loader]   ✅ loaded GBPUSD_H1 bars=8766
[2026-07-13 18:19:17] [INFO] [entry_v2.candle_loader]   ✅ loaded GBPUSD_H4 bars=2191
[2026-07-13 18:19:17] [INFO] [entry_v2.candle_loader]   ✅ loaded XAUUSD_H1 bars=8600
[2026-07-13 18:19:17] [INFO] [entry_v2.candle_loader]   ✅ loaded XAUUSD_H4 bars=2191
[2026-07-13 18:19:17] [ERROR] [entry_v2.run_pipeline] [Entry v2 run_pipeline] FAILED: Critical: no valid synchronized rows
Traceback (most recent call last):
  File "F:\files (2)\google\botdd\trading_bot_v3\analysis\entry_v2\run_pipeline.py", line 130, in <module>
    main()
    ~~~~^^
  File "F:\files (2)\google\botdd\trading_bot_v3\analysis\entry_v2\run_pipeline.py", line 77, in main
    builder_meta = build_dataset(output_dir=out_dir)
  File "F:\files (2)\google\botdd\trading_bot_v3\analysis\entry_v2\dataset_builder.py", line 270, in build_dataset
    abort_if_critical(issues)
    ~~~~~~~~~~~~~~~~~^^^^^^^^
  File "F:\files (2)\google\botdd\trading_bot_v3\analysis\entry_v2\validation.py", line 123, in abort_if_critical
    raise RuntimeError("Critical: no valid synchronized rows")
RuntimeError: Critical: no valid synchronized rows
[2026-07-13 18:19:58] [WARNING] [mt5_watchdog] MT5 disconnected! Attempt 1/3
[2026-07-13 18:19:59] [INFO] [qd_client] Logged in to QuantDinger
[2026-07-13 18:19:59] [INFO] [mt5_watchdog] MT5 already connected
[2026-07-13 18:19:59] [INFO] [mt5_watchdog] MT5 reconnected successfully!
[2026-07-13 18:29:42] [INFO] [entry_v2.run_pipeline] [Entry v2 run_pipeline] Step 1: build_dataset -> unified CSV/Parquet
[2026-07-13 18:29:42] [INFO] [entry_v2.candle_loader] [entry_v2] loading candles symbol=EURUSD timeframe=H4 count=2191
[2026-07-13 18:29:42] [DEBUG] [market_client] DEBUG: Requesting EURUSD H4 as '4H'
[2026-07-13 18:29:42] [INFO] [qd_client] Logged in to QuantDinger
[2026-07-13 18:29:43] [DEBUG] [market_client] Candles EURUSD 4H: 2191 bars ✓
[2026-07-13 18:29:43] [INFO] [entry_v2.candle_loader] [entry_v2] loading candles symbol=EURUSD timeframe=H1 count=8766
[2026-07-13 18:29:43] [DEBUG] [market_client] DEBUG: Requesting EURUSD H1 as '1H'
[2026-07-13 18:29:44] [DEBUG] [market_client] Candles EURUSD 1H: 8766 bars ✓
[2026-07-13 18:29:44] [INFO] [entry_v2.candle_loader] [entry_v2] loading candles symbol=GBPUSD timeframe=H4 count=2191
[2026-07-13 18:29:44] [DEBUG] [market_client] DEBUG: Requesting GBPUSD H4 as '4H'
[2026-07-13 18:29:45] [DEBUG] [market_client] Candles GBPUSD 4H: 2191 bars ✓
[2026-07-13 18:29:45] [INFO] [entry_v2.candle_loader] [entry_v2] loading candles symbol=GBPUSD timeframe=H1 count=8766
[2026-07-13 18:29:45] [DEBUG] [market_client] DEBUG: Requesting GBPUSD H1 as '1H'
[2026-07-13 18:29:46] [DEBUG] [market_client] Candles GBPUSD 1H: 8766 bars ✓
[2026-07-13 18:29:47] [INFO] [entry_v2.candle_loader] [entry_v2] loading candles symbol=XAUUSD timeframe=H4 count=2191
[2026-07-13 18:29:47] [DEBUG] [market_client] DEBUG: Requesting XAUUSD H4 as '4H'
[2026-07-13 18:29:47] [DEBUG] [market_client] Candles XAUUSD 4H: 2191 bars ✓
[2026-07-13 18:29:47] [INFO] [entry_v2.candle_loader] [entry_v2] loading candles symbol=XAUUSD timeframe=H1 count=8766
[2026-07-13 18:29:47] [DEBUG] [market_client] DEBUG: Requesting XAUUSD H1 as '1H'
[2026-07-13 18:29:48] [DEBUG] [market_client] Candles XAUUSD 1H: 8600 bars ✓
[2026-07-13 18:29:48] [INFO] [entry_v2.candle_loader] [entry_v2] candle_loader load_required_history summary:
[2026-07-13 18:29:48] [INFO] [entry_v2.candle_loader]   ✅ loaded EURUSD_H1 bars=8766
[2026-07-13 18:29:48] [INFO] [entry_v2.candle_loader]   ✅ loaded EURUSD_H4 bars=2191
[2026-07-13 18:29:48] [INFO] [entry_v2.candle_loader]   ✅ loaded GBPUSD_H1 bars=8766
[2026-07-13 18:29:48] [INFO] [entry_v2.candle_loader]   ✅ loaded GBPUSD_H4 bars=2191
[2026-07-13 18:29:48] [INFO] [entry_v2.candle_loader]   ✅ loaded XAUUSD_H1 bars=8600
[2026-07-13 18:29:48] [INFO] [entry_v2.candle_loader]   ✅ loaded XAUUSD_H4 bars=2191
[2026-07-13 18:29:49] [INFO] [main] ==================================================
[2026-07-13 18:29:49] [INFO] [main] Cycle 8 at 18:29:49
[2026-07-13 18:29:49] [WARNING] [main] MT5 disconnected, reconnecting...
[2026-07-13 18:29:49] [INFO] [entry_v2.dataset_builder] [entry_v2] dataset built rows=26132 missing_rows=686
[2026-07-13 18:29:49] [INFO] [entry_v2.run_pipeline] [Entry v2 run_pipeline] dataset_builder meta: row_count=26132 exports={'csv': 'data/entry_v2/entry_v2_dataset_20260713_152948.csv', 'parquet': 'data/entry_v2/entry_v2_dataset_20260713_152948.parquet'}
[2026-07-13 18:29:49] [INFO] [entry_v2.run_pipeline] [Entry v2 run_pipeline] Step 2: locate latest entry_v2_dataset_*.csv
[2026-07-13 18:29:49] [INFO] [entry_v2.run_pipeline] [Entry v2 run_pipeline] latest unified CSV: data/entry_v2\entry_v2_dataset_20260713_152948.csv
[2026-07-13 18:29:49] [INFO] [entry_v2.run_pipeline] [Entry v2 run_pipeline] Step 3: generate_features from latest unified CSV
[2026-07-13 18:29:49] [INFO] [qd_client] Logged in to QuantDinger
[2026-07-13 18:29:49] [INFO] [qd_client] MT5 connected
[2026-07-13 18:29:49] [INFO] [main] MT5 reconnected
[2026-07-13 18:29:50] [ERROR] [entry_v2.run_pipeline] [Entry v2 run_pipeline] FAILED: Feature engineering produced an empty dataset
Traceback (most recent call last):
  File "F:\files (2)\google\botdd\trading_bot_v3\analysis\entry_v2\run_pipeline.py", line 130, in <module>
    main()
    ~~~~^^
  File "F:\files (2)\google\botdd\trading_bot_v3\analysis\entry_v2\run_pipeline.py", line 87, in main
    feat_result = generate_features(
        dataset_csv_path=latest_csv,
        output_dir=out_dir,
        # feature_engineering already writes to data/entry_v2/features_dataset.* by default
    )
  File "F:\files (2)\google\botdd\trading_bot_v3\analysis\entry_v2\feature_engineering.py", line 652, in generate_features
    raise RuntimeError("Feature engineering produced an empty dataset")
RuntimeError: Feature engineering produced an empty dataset
[2026-07-13 18:29:59] [INFO] [news_fetcher] Fetched 22 relevant news items
[2026-07-13 18:29:59] [INFO] [main] Equity: 74386.52$ | News: 22
[2026-07-13 18:29:59] [DEBUG] [hybrid_market_client] Fetching indicators for EURUSD (QuantDinger only)
[2026-07-13 18:29:59] [DEBUG] [market_client] Candles EURUSD 4H: 100 bars ✓
[2026-07-13 18:29:59] [DEBUG] [hybrid_market_client] ✓ Got live data from QuantDinger for EURUSD
[2026-07-13 18:29:59] [DEBUG] [hybrid_market_client] Fetching indicators for EURUSD (QuantDinger only)
[2026-07-13 18:29:59] [DEBUG] [market_client] Candles EURUSD 4H: 100 bars ✓
[2026-07-13 18:29:59] [DEBUG] [hybrid_market_client] ✓ Got live data from QuantDinger for EURUSD
[2026-07-13 18:29:59] [DEBUG] [hybrid_market_client] Fetching indicators for EURUSD (QuantDinger only)
[2026-07-13 18:29:59] [DEBUG] [market_client] Candles EURUSD 4H: 100 bars ✓
[2026-07-13 18:29:59] [DEBUG] [hybrid_market_client] ✓ Got live data from QuantDinger for EURUSD
[2026-07-13 18:29:59] [INFO] [market_snapshot_builder] [SNAPSHOT_BUILT] symbol=EURUSD tfs=H4,H1,M15
[2026-07-13 18:29:59] [DEBUG] [hybrid_market_client] Fetching indicators for XAUUSD (QuantDinger only)
[2026-07-13 18:29:59] [DEBUG] [market_client] Candles XAUUSD 4H: 95 bars ✓
[2026-07-13 18:29:59] [DEBUG] [hybrid_market_client] ✓ Got live data from QuantDinger for XAUUSD
[2026-07-13 18:29:59] [DEBUG] [hybrid_market_client] Fetching indicators for XAUUSD (QuantDinger only)
[2026-07-13 18:29:59] [DEBUG] [market_client] Candles XAUUSD 4H: 95 bars ✓
[2026-07-13 18:29:59] [DEBUG] [hybrid_market_client] ✓ Got live data from QuantDinger for XAUUSD
[2026-07-13 18:29:59] [DEBUG] [hybrid_market_client] Fetching indicators for XAUUSD (QuantDinger only)
[2026-07-13 18:29:59] [DEBUG] [market_client] Candles XAUUSD 4H: 95 bars ✓
[2026-07-13 18:29:59] [DEBUG] [hybrid_market_client] ✓ Got live data from QuantDinger for XAUUSD
[2026-07-13 18:29:59] [INFO] [market_snapshot_builder] [SNAPSHOT_BUILT] symbol=XAUUSD tfs=H4,H1,M15
[2026-07-13 18:29:59] [DEBUG] [hybrid_market_client] Fetching indicators for GBPUSD (QuantDinger only)
[2026-07-13 18:30:00] [DEBUG] [market_client] Candles GBPUSD 4H: 100 bars ✓
[2026-07-13 18:30:00] [DEBUG] [hybrid_market_client] ✓ Got live data from QuantDinger for GBPUSD
[2026-07-13 18:30:00] [DEBUG] [hybrid_market_client] Fetching indicators for GBPUSD (QuantDinger only)
[2026-07-13 18:30:00] [DEBUG] [market_client] Candles GBPUSD 4H: 100 bars ✓
[2026-07-13 18:30:00] [DEBUG] [hybrid_market_client] ✓ Got live data from QuantDinger for GBPUSD
[2026-07-13 18:30:00] [DEBUG] [hybrid_market_client] Fetching indicators for GBPUSD (QuantDinger only)
[2026-07-13 18:30:00] [DEBUG] [market_client] Candles GBPUSD 4H: 100 bars ✓
[2026-07-13 18:30:00] [DEBUG] [hybrid_market_client] ✓ Got live data from QuantDinger for GBPUSD
[2026-07-13 18:30:00] [INFO] [market_snapshot_builder] [SNAPSHOT_BUILT] symbol=GBPUSD tfs=H4,H1,M15
[2026-07-13 18:30:00] [INFO] [main] --- EURUSD ---
[2026-07-13 18:30:03] [INFO] [deepseek] DEEPSEEK OK: {
  "impact_score": 75,
  "bias": "bearish",
  "confidence": 0.85,
  "reason": "ارتفاع عوائد السندات...
[2026-07-13 18:30:03] [INFO] [deepseek] AI EURUSD: bias=bearish impact=75.0 conf=0.85
[2026-07-13 18:30:03] [INFO] [signal_engine] [VERIFY] SIGNAL_INPUT bias=bearish score=75.0 confidence=0.85
[2026-07-13 18:30:03] [INFO] [signal_engine] [VERIFY] SIGNAL_RULE rule=confidence>=0.60 actual=0.85 result=True
[2026-07-13 18:30:03] [INFO] [signal_engine] [VERIFY] SIGNAL_RULE rule=score>=55 actual=75.0 result=True
[2026-07-13 18:30:03] [INFO] [signal_engine] [VERIFY] SIGNAL_RULE rule=bias in [bullish,bearish] actual=bearish result=True
[2026-07-13 18:30:03] [INFO] [signal_engine] [VERIFY] SIGNAL_FINAL direction=SELL score=75.0 confidence=0.85 valid=True
[2026-07-13 18:30:03] [DEBUG] [signal_engine] Signal: SELL score=75.0 conf=0.85 strength=قوي valid=True
[2026-07-13 18:30:03] [INFO] [sentiment] Sentiment EURUSD: neutral score=50 bull=3 bear=3
[2026-07-13 18:30:03] [DEBUG] [mtf] MTF (snapshot) EURUSD: H4=bearish H1=bearish M15=bearish aligned=True (strong)
[2026-07-13 18:30:03] [INFO] [main] [VERIFY][DATA_TRUTH] symbol=EURUSD timeframe=H4/H1/M15 news_fetched=True indicators_fetched=True live_data=True cached=False
[2026-07-13 18:30:03] [INFO] [voting_engine] EURUSD: MTF strongly aligned, boosting score 10%
[2026-07-13 18:30:03] [DEBUG] [hybrid_market_client] Fetching indicators for EURUSD (QuantDinger only)
[2026-07-13 18:30:03] [DEBUG] [market_client] Candles EURUSD 4H: 100 bars ✓
[2026-07-13 18:30:03] [DEBUG] [hybrid_market_client] ✓ Got live data from QuantDinger for EURUSD
[2026-07-13 18:30:03] [DEBUG] [hybrid_market_client] Fetching indicators for EURUSD (QuantDinger only)
[2026-07-13 18:30:03] [DEBUG] [market_client] Using cached candles for EURUSD 4H (age: 0s)
[2026-07-13 18:30:03] [DEBUG] [hybrid_market_client] ✓ Got live data from QuantDinger for EURUSD
[2026-07-13 18:30:03] [INFO] [sltp] SL/TP EURUSD: entry=1.1402509212493896 atr=0.00225 sl=1.14362 tp=1.13463
[2026-07-13 18:30:03] [INFO] [position_sizing] Position size: 0.5 (equity=74387, risk=0.002, sl_dist=0.00337, score=88, cons_loss=0)
[2026-07-13 18:30:03] [DEBUG] [xgboost_v2] V2 predict: rsi=43.3 atr=0.00225 regime=TRENDING session=new_york dir=SELL -> p_win=0.125
[2026-07-13 18:30:03] [INFO] [xgboost_v2] [VERIFY] XGBOOST PREDICTION p_win=0.125 available=True
[2026-07-13 18:30:03] [INFO] [main] [VERIFY][DECISION_TRUTH] bias=bearish score=88.0 confidence=1.0 vote=SELL risk_passed=True sl_tp_calculated=True position_size=0.5 xgboost_p_win=0.12512187659740448 final_decision_valid=False reject_reason=p_win<threshold (p_win=0.125 threshold=0.6)
[2026-07-13 18:30:03] [INFO] [main] --- XAUUSD ---
[2026-07-13 18:30:07] [INFO] [deepseek] DEEPSEEK OK: {
  "impact_score": 80,
  "bias": "bearish",
  "confidence": 0.8,
  "reason": "الاتجاه الهابط مستمر ...
[2026-07-13 18:30:07] [INFO] [deepseek] AI XAUUSD: bias=bearish impact=80.0 conf=0.80
[2026-07-13 18:30:07] [INFO] [signal_engine] [VERIFY] SIGNAL_INPUT bias=bearish score=80.0 confidence=0.8
[2026-07-13 18:30:07] [INFO] [signal_engine] [VERIFY] SIGNAL_RULE rule=confidence>=0.60 actual=0.8 result=True
[2026-07-13 18:30:07] [INFO] [signal_engine] [VERIFY] SIGNAL_RULE rule=score>=55 actual=80.0 result=True
[2026-07-13 18:30:07] [INFO] [signal_engine] [VERIFY] SIGNAL_RULE rule=bias in [bullish,bearish] actual=bearish result=True
[2026-07-13 18:30:07] [INFO] [signal_engine] [VERIFY] SIGNAL_FINAL direction=SELL score=80.0 confidence=0.8 valid=True
[2026-07-13 18:30:07] [DEBUG] [signal_engine] Signal: SELL score=80.0 conf=0.80 strength=قوي جداً valid=True
[2026-07-13 18:30:07] [INFO] [sentiment] Sentiment XAUUSD: bearish score=83 bull=1 bear=2
[2026-07-13 18:30:07] [DEBUG] [mtf] MTF (snapshot) XAUUSD: H4=bearish H1=bullish M15=bullish aligned=True (weak)
[2026-07-13 18:30:07] [INFO] [main] [VERIFY][DATA_TRUTH] symbol=XAUUSD timeframe=H4/H1/M15 news_fetched=True indicators_fetched=True live_data=True cached=False
[2026-07-13 18:30:07] [DEBUG] [hybrid_market_client] Fetching indicators for XAUUSD (QuantDinger only)
[2026-07-13 18:30:07] [DEBUG] [market_client] Candles XAUUSD 4H: 95 bars ✓
[2026-07-13 18:30:07] [DEBUG] [hybrid_market_client] ✓ Got live data from QuantDinger for XAUUSD
[2026-07-13 18:30:07] [DEBUG] [hybrid_market_client] Fetching indicators for XAUUSD (QuantDinger only)
[2026-07-13 18:30:07] [DEBUG] [market_client] Using cached candles for XAUUSD 4H (age: 0s)
[2026-07-13 18:30:07] [DEBUG] [hybrid_market_client] ✓ Got live data from QuantDinger for XAUUSD
[2026-07-13 18:30:07] [INFO] [sltp] SL/TP XAUUSD: entry=4026.300048828125 atr=29.34288 sl=4036.30005 tp=3952.94285
[2026-07-13 18:30:07] [INFO] [position_sizing] Position size: 0.1 (equity=74387, risk=0.001, sl_dist=10.00000, score=53, cons_loss=0)
[2026-07-13 18:30:07] [DEBUG] [xgboost_v2] V2 predict: rsi=21.3 atr=29.34288 regime=TRENDING session=new_york dir=SELL -> p_win=0.125
[2026-07-13 18:30:07] [INFO] [xgboost_v2] [VERIFY] XGBOOST PREDICTION p_win=0.125 available=True
[2026-07-13 18:30:07] [INFO] [main] [VERIFY][DECISION_TRUTH] bias=bearish score=53.0 confidence=1.0 vote=SELL risk_passed=True sl_tp_calculated=True position_size=0.1 xgboost_p_win=0.12512187659740448 final_decision_valid=False reject_reason=p_win<threshold (p_win=0.125 threshold=0.6)
[2026-07-13 18:30:07] [INFO] [main] --- GBPUSD ---
[2026-07-13 18:30:11] [INFO] [deepseek] DEEPSEEK OK: {"impact_score": 65, "bias": "bearish", "confidence": 0.8, "reason": "الأسواق تتجه نحو الدولار بفعل ...
[2026-07-13 18:30:11] [INFO] [deepseek] AI GBPUSD: bias=bearish impact=65.0 conf=0.80
[2026-07-13 18:30:11] [INFO] [signal_engine] [VERIFY] SIGNAL_INPUT bias=bearish score=65.0 confidence=0.8
[2026-07-13 18:30:11] [INFO] [signal_engine] [VERIFY] SIGNAL_RULE rule=confidence>=0.60 actual=0.8 result=True
[2026-07-13 18:30:11] [INFO] [signal_engine] [VERIFY] SIGNAL_RULE rule=score>=55 actual=65.0 result=True
[2026-07-13 18:30:11] [INFO] [signal_engine] [VERIFY] SIGNAL_RULE rule=bias in [bullish,bearish] actual=bearish result=True
[2026-07-13 18:30:11] [INFO] [signal_engine] [VERIFY] SIGNAL_FINAL direction=SELL score=65.0 confidence=0.8 valid=True
[2026-07-13 18:30:11] [DEBUG] [signal_engine] Signal: SELL score=65.0 conf=0.80 strength=متوسط valid=True
[2026-07-13 18:30:11] [INFO] [sentiment] Sentiment GBPUSD: neutral score=50 bull=1 bear=1
[2026-07-13 18:30:11] [DEBUG] [mtf] MTF (snapshot) GBPUSD: H4=bearish H1=neutral M15=neutral aligned=False (weak)
[2026-07-13 18:30:11] [INFO] [main] [VERIFY][DATA_TRUTH] symbol=GBPUSD timeframe=H4/H1/M15 news_fetched=True indicators_fetched=True live_data=True cached=False
[2026-07-13 18:30:11] [INFO] [voting_engine] GBPUSD: MTF weakly misaligned, reducing score 10%
[2026-07-13 18:30:11] [DEBUG] [hybrid_market_client] Fetching indicators for GBPUSD (QuantDinger only)
[2026-07-13 18:30:11] [DEBUG] [market_client] Candles GBPUSD 4H: 100 bars ✓
[2026-07-13 18:30:11] [DEBUG] [hybrid_market_client] ✓ Got live data from QuantDinger for GBPUSD
[2026-07-13 18:30:11] [DEBUG] [hybrid_market_client] Fetching indicators for GBPUSD (QuantDinger only)
[2026-07-13 18:30:11] [DEBUG] [market_client] Using cached candles for GBPUSD 4H (age: 0s)
[2026-07-13 18:30:11] [DEBUG] [hybrid_market_client] ✓ Got live data from QuantDinger for GBPUSD
[2026-07-13 18:30:11] [INFO] [sltp] SL/TP GBPUSD: entry=1.337828516960144 atr=0.00267 sl=1.34183 tp=1.33116
[2026-07-13 18:30:11] [INFO] [position_sizing] Position size: 0.5 (equity=74387, risk=0.001, sl_dist=0.00400, score=62, cons_loss=0)
[2026-07-13 18:30:11] [DEBUG] [xgboost_v2] V2 predict: rsi=45.5 atr=0.00267 regime=TRENDING session=new_york dir=SELL -> p_win=0.125
[2026-07-13 18:30:11] [INFO] [xgboost_v2] [VERIFY] XGBOOST PREDICTION p_win=0.125 available=True
[2026-07-13 18:30:11] [INFO] [main] [VERIFY][DECISION_TRUTH] bias=bearish score=62.1 confidence=0.708 vote=SELL risk_passed=True sl_tp_calculated=True position_size=0.5 xgboost_p_win=0.12512187659740448 final_decision_valid=False reject_reason=p_win<threshold (p_win=0.125 threshold=0.6)
[2026-07-13 18:30:11] [INFO] [adaptive_weights] EURUSD weights updated: {'ai': 0.239, 'trend': 0.239, 'momentum': 0.239, 'sentiment': 0.239, 'volatility': 0.043} | WR=10.0% PF=2.07
[2026-07-13 18:30:11] [INFO] [adaptive_weights] GBPUSD weights updated: {'ai': 0.239, 'trend': 0.239, 'momentum': 0.239, 'sentiment': 0.239, 'volatility': 0.043} | WR=13.0% PF=8.53
[2026-07-13 18:30:11] [INFO] [adaptive_weights] 🏆 أفضل زوج: GBPUSD | WR=13.0% | PnL=144.6$
[2026-07-13 18:30:11] [INFO] [adaptive_weights] ⚠️ أسوأ زوج: XAUUSD | WR=0.0% | PnL=-16.8$
[2026-07-13 18:30:11] [INFO] [main] Sleeping 1800s...
[2026-07-13 18:35:01] [INFO] [entry_v2.run_pipeline] [Entry v2 run_pipeline] Step 1: build_dataset -> unified CSV/Parquet
[2026-07-13 18:35:01] [INFO] [entry_v2.candle_loader] [entry_v2] loading candles symbol=EURUSD timeframe=H4 count=2191
[2026-07-13 18:35:01] [DEBUG] [market_client] DEBUG: Requesting EURUSD H4 as '4H'
[2026-07-13 18:35:02] [INFO] [qd_client] Logged in to QuantDinger
[2026-07-13 18:35:02] [DEBUG] [market_client] Candles EURUSD 4H: 2191 bars ✓
[2026-07-13 18:35:02] [INFO] [entry_v2.candle_loader] [entry_v2] loading candles symbol=EURUSD timeframe=H1 count=8766
[2026-07-13 18:35:02] [DEBUG] [market_client] DEBUG: Requesting EURUSD H1 as '1H'
[2026-07-13 18:35:04] [DEBUG] [market_client] Candles EURUSD 1H: 8766 bars ✓
[2026-07-13 18:35:04] [INFO] [entry_v2.candle_loader] [entry_v2] loading candles symbol=GBPUSD timeframe=H4 count=2191
[2026-07-13 18:35:04] [DEBUG] [market_client] DEBUG: Requesting GBPUSD H4 as '4H'
[2026-07-13 18:35:04] [DEBUG] [market_client] Candles GBPUSD 4H: 2191 bars ✓
[2026-07-13 18:35:04] [INFO] [entry_v2.candle_loader] [entry_v2] loading candles symbol=GBPUSD timeframe=H1 count=8766
[2026-07-13 18:35:04] [DEBUG] [market_client] DEBUG: Requesting GBPUSD H1 as '1H'
[2026-07-13 18:35:05] [DEBUG] [market_client] Candles GBPUSD 1H: 8766 bars ✓
[2026-07-13 18:35:05] [INFO] [entry_v2.candle_loader] [entry_v2] loading candles symbol=XAUUSD timeframe=H4 count=2191
[2026-07-13 18:35:05] [DEBUG] [market_client] DEBUG: Requesting XAUUSD H4 as '4H'
[2026-07-13 18:35:06] [DEBUG] [market_client] Candles XAUUSD 4H: 2191 bars ✓
[2026-07-13 18:35:06] [INFO] [entry_v2.candle_loader] [entry_v2] loading candles symbol=XAUUSD timeframe=H1 count=8766
[2026-07-13 18:35:06] [DEBUG] [market_client] DEBUG: Requesting XAUUSD H1 as '1H'
[2026-07-13 18:35:07] [DEBUG] [market_client] Candles XAUUSD 1H: 8600 bars ✓
[2026-07-13 18:35:07] [INFO] [entry_v2.candle_loader] [entry_v2] candle_loader load_required_history summary:
[2026-07-13 18:35:07] [INFO] [entry_v2.candle_loader]   ✅ loaded EURUSD_H1 bars=8766
[2026-07-13 18:35:07] [INFO] [entry_v2.candle_loader]   ✅ loaded EURUSD_H4 bars=2191
[2026-07-13 18:35:07] [INFO] [entry_v2.candle_loader]   ✅ loaded GBPUSD_H1 bars=8766
[2026-07-13 18:35:07] [INFO] [entry_v2.candle_loader]   ✅ loaded GBPUSD_H4 bars=2191
[2026-07-13 18:35:07] [INFO] [entry_v2.candle_loader]   ✅ loaded XAUUSD_H1 bars=8600
[2026-07-13 18:35:07] [INFO] [entry_v2.candle_loader]   ✅ loaded XAUUSD_H4 bars=2191
[2026-07-13 18:35:07] [INFO] [entry_v2.dataset_builder] [entry_v2] dataset built rows=26132 missing_rows=686
[2026-07-13 18:35:07] [INFO] [entry_v2.run_pipeline] [Entry v2 run_pipeline] dataset_builder meta: row_count=26132 exports={'csv': 'data/entry_v2/entry_v2_dataset_20260713_153507.csv', 'parquet': 'data/entry_v2/entry_v2_dataset_20260713_153507.parquet'}
[2026-07-13 18:35:07] [INFO] [entry_v2.run_pipeline] [Entry v2 run_pipeline] Step 2: locate latest entry_v2_dataset_*.csv
[2026-07-13 18:35:07] [INFO] [entry_v2.run_pipeline] [Entry v2 run_pipeline] latest unified CSV: data/entry_v2\entry_v2_dataset_20260713_153507.csv
[2026-07-13 18:35:07] [INFO] [entry_v2.run_pipeline] [Entry v2 run_pipeline] Step 3: generate_features from latest unified CSV
[2026-07-13 18:35:08] [ERROR] [entry_v2.run_pipeline] [Entry v2 run_pipeline] FAILED: float() argument must be a string or a real number, not 'NoneType'
Traceback (most recent call last):
  File "F:\files (2)\google\botdd\trading_bot_v3\analysis\entry_v2\run_pipeline.py", line 130, in <module>
    main()
    ~~~~^^
  File "F:\files (2)\google\botdd\trading_bot_v3\analysis\entry_v2\run_pipeline.py", line 87, in main
    feat_result = generate_features(
        dataset_csv_path=latest_csv,
        output_dir=out_dir,
        # feature_engineering already writes to data/entry_v2/features_dataset.* by default
    )
  File "F:\files (2)\google\botdd\trading_bot_v3\analysis\entry_v2\feature_engineering.py", line 596, in generate_features
    "h4_adx_14": float(h4["adx_14"][i]),
                 ~~~~~^^^^^^^^^^^^^^^^^
TypeError: float() argument must be a string or a real number, not 'NoneType'
[2026-07-13 18:35:59] [WARNING] [mt5_watchdog] MT5 disconnected! Attempt 1/3
[2026-07-13 18:36:00] [INFO] [qd_client] Logged in to QuantDinger
[2026-07-13 18:36:00] [INFO] [mt5_watchdog] MT5 already connected
[2026-07-13 18:36:00] [INFO] [mt5_watchdog] MT5 reconnected successfully!
[2026-07-13 18:37:09] [INFO] [entry_v2.run_pipeline] [Entry v2 run_pipeline] Step 1: build_dataset -> unified CSV/Parquet
[2026-07-13 18:37:09] [INFO] [entry_v2.candle_loader] [entry_v2] loading candles symbol=EURUSD timeframe=H4 count=2191
[2026-07-13 18:37:09] [DEBUG] [market_client] DEBUG: Requesting EURUSD H4 as '4H'
[2026-07-13 18:37:09] [INFO] [qd_client] Logged in to QuantDinger
[2026-07-13 18:37:09] [DEBUG] [market_client] Candles EURUSD 4H: 2191 bars ✓
[2026-07-13 18:37:09] [INFO] [entry_v2.candle_loader] [entry_v2] loading candles symbol=EURUSD timeframe=H1 count=8766
[2026-07-13 18:37:09] [DEBUG] [market_client] DEBUG: Requesting EURUSD H1 as '1H'
[2026-07-13 18:37:09] [DEBUG] [market_client] Candles EURUSD 1H: 8766 bars ✓
[2026-07-13 18:37:09] [INFO] [entry_v2.candle_loader] [entry_v2] loading candles symbol=GBPUSD timeframe=H4 count=2191
[2026-07-13 18:37:09] [DEBUG] [market_client] DEBUG: Requesting GBPUSD H4 as '4H'
[2026-07-13 18:37:10] [DEBUG] [market_client] Candles GBPUSD 4H: 2191 bars ✓
[2026-07-13 18:37:10] [INFO] [entry_v2.candle_loader] [entry_v2] loading candles symbol=GBPUSD timeframe=H1 count=8766
[2026-07-13 18:37:10] [DEBUG] [market_client] DEBUG: Requesting GBPUSD H1 as '1H'
[2026-07-13 18:37:10] [DEBUG] [market_client] Candles GBPUSD 1H: 8766 bars ✓
[2026-07-13 18:37:10] [INFO] [entry_v2.candle_loader] [entry_v2] loading candles symbol=XAUUSD timeframe=H4 count=2191
[2026-07-13 18:37:10] [DEBUG] [market_client] DEBUG: Requesting XAUUSD H4 as '4H'
[2026-07-13 18:37:10] [DEBUG] [market_client] Candles XAUUSD 4H: 2191 bars ✓
[2026-07-13 18:37:10] [INFO] [entry_v2.candle_loader] [entry_v2] loading candles symbol=XAUUSD timeframe=H1 count=8766
[2026-07-13 18:37:10] [DEBUG] [market_client] DEBUG: Requesting XAUUSD H1 as '1H'
[2026-07-13 18:37:10] [DEBUG] [market_client] Candles XAUUSD 1H: 8600 bars ✓
[2026-07-13 18:37:10] [INFO] [entry_v2.candle_loader] [entry_v2] candle_loader load_required_history summary:
[2026-07-13 18:37:10] [INFO] [entry_v2.candle_loader]   ✅ loaded EURUSD_H1 bars=8766
[2026-07-13 18:37:10] [INFO] [entry_v2.candle_loader]   ✅ loaded EURUSD_H4 bars=2191
[2026-07-13 18:37:10] [INFO] [entry_v2.candle_loader]   ✅ loaded GBPUSD_H1 bars=8766
[2026-07-13 18:37:10] [INFO] [entry_v2.candle_loader]   ✅ loaded GBPUSD_H4 bars=2191
[2026-07-13 18:37:10] [INFO] [entry_v2.candle_loader]   ✅ loaded XAUUSD_H1 bars=8600
[2026-07-13 18:37:10] [INFO] [entry_v2.candle_loader]   ✅ loaded XAUUSD_H4 bars=2191
[2026-07-13 18:37:11] [INFO] [entry_v2.dataset_builder] [entry_v2] dataset built rows=26132 missing_rows=686
[2026-07-13 18:37:11] [INFO] [entry_v2.run_pipeline] [Entry v2 run_pipeline] dataset_builder meta: row_count=26132 exports={'csv': 'data/entry_v2/entry_v2_dataset_20260713_153710.csv', 'parquet': 'data/entry_v2/entry_v2_dataset_20260713_153710.parquet'}
[2026-07-13 18:37:11] [INFO] [entry_v2.run_pipeline] [Entry v2 run_pipeline] Step 2: locate latest entry_v2_dataset_*.csv
[2026-07-13 18:37:11] [INFO] [entry_v2.run_pipeline] [Entry v2 run_pipeline] latest unified CSV: data/entry_v2\entry_v2_dataset_20260713_153710.csv
[2026-07-13 18:37:11] [INFO] [entry_v2.run_pipeline] [Entry v2 run_pipeline] Step 3: generate_features from latest unified CSV
[2026-07-13 18:37:11] [ERROR] [entry_v2.run_pipeline] [Entry v2 run_pipeline] FAILED: float() argument must be a string or a real number, not 'NoneType'
Traceback (most recent call last):
  File "F:\files (2)\google\botdd\trading_bot_v3\analysis\entry_v2\run_pipeline.py", line 130, in <module>
    main()
    ~~~~^^
  File "F:\files (2)\google\botdd\trading_bot_v3\analysis\entry_v2\run_pipeline.py", line 87, in main
    feat_result = generate_features(
        dataset_csv_path=latest_csv,
        output_dir=out_dir,
        # feature_engineering already writes to data/entry_v2/features_dataset.* by default
    )
  File "F:\files (2)\google\botdd\trading_bot_v3\analysis\entry_v2\feature_engineering.py", line 611, in generate_features
    "h4_adx_14": float(h4["adx_14"][i]),
                 ~~~~~^^^^^^^^^^^^^^^^^
TypeError: float() argument must be a string or a real number, not 'NoneType'
[2026-07-13 18:38:01] [WARNING] [mt5_watchdog] MT5 disconnected! Attempt 1/3
[2026-07-13 18:38:02] [INFO] [qd_client] Logged in to QuantDinger
[2026-07-13 18:38:02] [INFO] [mt5_watchdog] MT5 already connected
[2026-07-13 18:38:02] [INFO] [mt5_watchdog] MT5 reconnected successfully!
[2026-07-13 18:38:50] [INFO] [entry_v2.run_pipeline] [Entry v2 run_pipeline] Step 1: build_dataset -> unified CSV/Parquet
[2026-07-13 18:38:50] [INFO] [entry_v2.candle_loader] [entry_v2] loading candles symbol=EURUSD timeframe=H4 count=2191
[2026-07-13 18:38:50] [DEBUG] [market_client] DEBUG: Requesting EURUSD H4 as '4H'
[2026-07-13 18:38:50] [INFO] [qd_client] Logged in to QuantDinger
[2026-07-13 18:38:50] [DEBUG] [market_client] Candles EURUSD 4H: 2191 bars ✓
[2026-07-13 18:38:50] [INFO] [entry_v2.candle_loader] [entry_v2] loading candles symbol=EURUSD timeframe=H1 count=8766
[2026-07-13 18:38:50] [DEBUG] [market_client] DEBUG: Requesting EURUSD H1 as '1H'
[2026-07-13 18:38:50] [DEBUG] [market_client] Candles EURUSD 1H: 8766 bars ✓
[2026-07-13 18:38:50] [INFO] [entry_v2.candle_loader] [entry_v2] loading candles symbol=GBPUSD timeframe=H4 count=2191
[2026-07-13 18:38:50] [DEBUG] [market_client] DEBUG: Requesting GBPUSD H4 as '4H'
[2026-07-13 18:38:50] [DEBUG] [market_client] Candles GBPUSD 4H: 2191 bars ✓
[2026-07-13 18:38:50] [INFO] [entry_v2.candle_loader] [entry_v2] loading candles symbol=GBPUSD timeframe=H1 count=8766
[2026-07-13 18:38:50] [DEBUG] [market_client] DEBUG: Requesting GBPUSD H1 as '1H'
[2026-07-13 18:38:50] [DEBUG] [market_client] Candles GBPUSD 1H: 8766 bars ✓
[2026-07-13 18:38:50] [INFO] [entry_v2.candle_loader] [entry_v2] loading candles symbol=XAUUSD timeframe=H4 count=2191
[2026-07-13 18:38:50] [DEBUG] [market_client] DEBUG: Requesting XAUUSD H4 as '4H'
[2026-07-13 18:38:50] [DEBUG] [market_client] Candles XAUUSD 4H: 2191 bars ✓
[2026-07-13 18:38:50] [INFO] [entry_v2.candle_loader] [entry_v2] loading candles symbol=XAUUSD timeframe=H1 count=8766
[2026-07-13 18:38:50] [DEBUG] [market_client] DEBUG: Requesting XAUUSD H1 as '1H'
[2026-07-13 18:38:50] [DEBUG] [market_client] Candles XAUUSD 1H: 8600 bars ✓
[2026-07-13 18:38:50] [INFO] [entry_v2.candle_loader] [entry_v2] candle_loader load_required_history summary:
[2026-07-13 18:38:50] [INFO] [entry_v2.candle_loader]   ✅ loaded EURUSD_H1 bars=8766
[2026-07-13 18:38:50] [INFO] [entry_v2.candle_loader]   ✅ loaded EURUSD_H4 bars=2191
[2026-07-13 18:38:50] [INFO] [entry_v2.candle_loader]   ✅ loaded GBPUSD_H1 bars=8766
[2026-07-13 18:38:50] [INFO] [entry_v2.candle_loader]   ✅ loaded GBPUSD_H4 bars=2191
[2026-07-13 18:38:50] [INFO] [entry_v2.candle_loader]   ✅ loaded XAUUSD_H1 bars=8600
[2026-07-13 18:38:50] [INFO] [entry_v2.candle_loader]   ✅ loaded XAUUSD_H4 bars=2191
[2026-07-13 18:38:51] [INFO] [entry_v2.dataset_builder] [entry_v2] dataset built rows=26132 missing_rows=686
[2026-07-13 18:38:51] [INFO] [entry_v2.run_pipeline] [Entry v2 run_pipeline] dataset_builder meta: row_count=26132 exports={'csv': 'data/entry_v2/entry_v2_dataset_20260713_153850.csv', 'parquet': 'data/entry_v2/entry_v2_dataset_20260713_153850.parquet'}
[2026-07-13 18:38:51] [INFO] [entry_v2.run_pipeline] [Entry v2 run_pipeline] Step 2: locate latest entry_v2_dataset_*.csv
[2026-07-13 18:38:51] [INFO] [entry_v2.run_pipeline] [Entry v2 run_pipeline] latest unified CSV: data/entry_v2\entry_v2_dataset_20260713_153850.csv
[2026-07-13 18:38:51] [INFO] [entry_v2.run_pipeline] [Entry v2 run_pipeline] Step 3: generate_features from latest unified CSV
[2026-07-13 18:38:51] [ERROR] [entry_v2.run_pipeline] [Entry v2 run_pipeline] FAILED: float() argument must be a string or a real number, not 'NoneType'
Traceback (most recent call last):
  File "F:\files (2)\google\botdd\trading_bot_v3\analysis\entry_v2\run_pipeline.py", line 130, in <module>
    main()
    ~~~~^^
  File "F:\files (2)\google\botdd\trading_bot_v3\analysis\entry_v2\run_pipeline.py", line 87, in main
    feat_result = generate_features(
        dataset_csv_path=latest_csv,
        output_dir=out_dir,
        # feature_engineering already writes to data/entry_v2/features_dataset.* by default
    )
  File "F:\files (2)\google\botdd\trading_bot_v3\analysis\entry_v2\feature_engineering.py", line 632, in generate_features
    "h4_ema_50": float(h4["ema_50"][i]),
                 ~~~~~^^^^^^^^^^^^^^^^^
TypeError: float() argument must be a string or a real number, not 'NoneType'
[2026-07-13 18:39:08] [INFO] [entry_v2.run_pipeline] [Entry v2 run_pipeline] Step 1: build_dataset -> unified CSV/Parquet
[2026-07-13 18:39:08] [INFO] [entry_v2.candle_loader] [entry_v2] loading candles symbol=EURUSD timeframe=H4 count=2191
[2026-07-13 18:39:08] [DEBUG] [market_client] DEBUG: Requesting EURUSD H4 as '4H'
[2026-07-13 18:39:08] [INFO] [qd_client] Logged in to QuantDinger
[2026-07-13 18:39:08] [DEBUG] [market_client] Candles EURUSD 4H: 2191 bars ✓
[2026-07-13 18:39:08] [INFO] [entry_v2.candle_loader] [entry_v2] loading candles symbol=EURUSD timeframe=H1 count=8766
[2026-07-13 18:39:08] [DEBUG] [market_client] DEBUG: Requesting EURUSD H1 as '1H'
[2026-07-13 18:39:08] [DEBUG] [market_client] Candles EURUSD 1H: 8766 bars ✓
[2026-07-13 18:39:08] [INFO] [entry_v2.candle_loader] [entry_v2] loading candles symbol=GBPUSD timeframe=H4 count=2191
[2026-07-13 18:39:08] [DEBUG] [market_client] DEBUG: Requesting GBPUSD H4 as '4H'
[2026-07-13 18:39:08] [DEBUG] [market_client] Candles GBPUSD 4H: 2191 bars ✓
[2026-07-13 18:39:08] [INFO] [entry_v2.candle_loader] [entry_v2] loading candles symbol=GBPUSD timeframe=H1 count=8766
[2026-07-13 18:39:08] [DEBUG] [market_client] DEBUG: Requesting GBPUSD H1 as '1H'
[2026-07-13 18:39:08] [DEBUG] [market_client] Candles GBPUSD 1H: 8766 bars ✓
[2026-07-13 18:39:08] [INFO] [entry_v2.candle_loader] [entry_v2] loading candles symbol=XAUUSD timeframe=H4 count=2191
[2026-07-13 18:39:08] [DEBUG] [market_client] DEBUG: Requesting XAUUSD H4 as '4H'
[2026-07-13 18:39:08] [DEBUG] [market_client] Candles XAUUSD 4H: 2191 bars ✓
[2026-07-13 18:39:08] [INFO] [entry_v2.candle_loader] [entry_v2] loading candles symbol=XAUUSD timeframe=H1 count=8766
[2026-07-13 18:39:08] [DEBUG] [market_client] DEBUG: Requesting XAUUSD H1 as '1H'
[2026-07-13 18:39:09] [DEBUG] [market_client] Candles XAUUSD 1H: 8600 bars ✓
[2026-07-13 18:39:09] [INFO] [entry_v2.candle_loader] [entry_v2] candle_loader load_required_history summary:
[2026-07-13 18:39:09] [INFO] [entry_v2.candle_loader]   ✅ loaded EURUSD_H1 bars=8766
[2026-07-13 18:39:09] [INFO] [entry_v2.candle_loader]   ✅ loaded EURUSD_H4 bars=2191
[2026-07-13 18:39:09] [INFO] [entry_v2.candle_loader]   ✅ loaded GBPUSD_H1 bars=8766
[2026-07-13 18:39:09] [INFO] [entry_v2.candle_loader]   ✅ loaded GBPUSD_H4 bars=2191
[2026-07-13 18:39:09] [INFO] [entry_v2.candle_loader]   ✅ loaded XAUUSD_H1 bars=8600
[2026-07-13 18:39:09] [INFO] [entry_v2.candle_loader]   ✅ loaded XAUUSD_H4 bars=2191
[2026-07-13 18:39:09] [INFO] [entry_v2.dataset_builder] [entry_v2] dataset built rows=26132 missing_rows=686
[2026-07-13 18:39:09] [INFO] [entry_v2.run_pipeline] [Entry v2 run_pipeline] dataset_builder meta: row_count=26132 exports={'csv': 'data/entry_v2/entry_v2_dataset_20260713_153909.csv', 'parquet': 'data/entry_v2/entry_v2_dataset_20260713_153909.parquet'}
[2026-07-13 18:39:09] [INFO] [entry_v2.run_pipeline] [Entry v2 run_pipeline] Step 2: locate latest entry_v2_dataset_*.csv
[2026-07-13 18:39:09] [INFO] [entry_v2.run_pipeline] [Entry v2 run_pipeline] latest unified CSV: data/entry_v2\entry_v2_dataset_20260713_153909.csv
[2026-07-13 18:39:09] [INFO] [entry_v2.run_pipeline] [Entry v2 run_pipeline] Step 3: generate_features from latest unified CSV
[2026-07-13 18:39:10] [ERROR] [entry_v2.run_pipeline] [Entry v2 run_pipeline] FAILED: Engineered dataset missing feature columns: ['h4_momentum', 'h4_cci_20', 'h4_stoch_k_14', 'h4_stoch_d_14', 'h4_bollinger_width_20', 'h1_momentum', 'h1_cci_20', 'h1_stoch_k_14', 'h1_stoch_d_14', 'h1_bollinger_width_20']
Traceback (most recent call last):
  File "F:\files (2)\google\botdd\trading_bot_v3\analysis\entry_v2\run_pipeline.py", line 130, in <module>
    main()
    ~~~~^^
  File "F:\files (2)\google\botdd\trading_bot_v3\analysis\entry_v2\run_pipeline.py", line 87, in main
    feat_result = generate_features(
        dataset_csv_path=latest_csv,
        output_dir=out_dir,
        # feature_engineering already writes to data/entry_v2/features_dataset.* by default
    )
  File "F:\files (2)\google\botdd\trading_bot_v3\analysis\entry_v2\feature_engineering.py", line 748, in generate_features
    raise RuntimeError(f"Engineered dataset missing feature columns: {missing_cols[:50]}")
RuntimeError: Engineered dataset missing feature columns: ['h4_momentum', 'h4_cci_20', 'h4_stoch_k_14', 'h4_stoch_d_14', 'h4_bollinger_width_20', 'h1_momentum', 'h1_cci_20', 'h1_stoch_k_14', 'h1_stoch_d_14', 'h1_bollinger_width_20']
[2026-07-13 18:39:54] [INFO] [entry_v2.run_pipeline] [Entry v2 run_pipeline] Step 1: build_dataset -> unified CSV/Parquet
[2026-07-13 18:39:54] [INFO] [entry_v2.candle_loader] [entry_v2] loading candles symbol=EURUSD timeframe=H4 count=2191
[2026-07-13 18:39:54] [DEBUG] [market_client] DEBUG: Requesting EURUSD H4 as '4H'
[2026-07-13 18:39:55] [INFO] [qd_client] Logged in to QuantDinger
[2026-07-13 18:39:55] [DEBUG] [market_client] Candles EURUSD 4H: 2191 bars ✓
[2026-07-13 18:39:55] [INFO] [entry_v2.candle_loader] [entry_v2] loading candles symbol=EURUSD timeframe=H1 count=8766
[2026-07-13 18:39:55] [DEBUG] [market_client] DEBUG: Requesting EURUSD H1 as '1H'
[2026-07-13 18:39:55] [DEBUG] [market_client] Candles EURUSD 1H: 8766 bars ✓
[2026-07-13 18:39:55] [INFO] [entry_v2.candle_loader] [entry_v2] loading candles symbol=GBPUSD timeframe=H4 count=2191
[2026-07-13 18:39:55] [DEBUG] [market_client] DEBUG: Requesting GBPUSD H4 as '4H'
[2026-07-13 18:39:55] [DEBUG] [market_client] Candles GBPUSD 4H: 2191 bars ✓
[2026-07-13 18:39:55] [INFO] [entry_v2.candle_loader] [entry_v2] loading candles symbol=GBPUSD timeframe=H1 count=8766
[2026-07-13 18:39:55] [DEBUG] [market_client] DEBUG: Requesting GBPUSD H1 as '1H'
[2026-07-13 18:39:55] [DEBUG] [market_client] Candles GBPUSD 1H: 8766 bars ✓
[2026-07-13 18:39:55] [INFO] [entry_v2.candle_loader] [entry_v2] loading candles symbol=XAUUSD timeframe=H4 count=2191
[2026-07-13 18:39:55] [DEBUG] [market_client] DEBUG: Requesting XAUUSD H4 as '4H'
[2026-07-13 18:39:55] [DEBUG] [market_client] Candles XAUUSD 4H: 2191 bars ✓
[2026-07-13 18:39:55] [INFO] [entry_v2.candle_loader] [entry_v2] loading candles symbol=XAUUSD timeframe=H1 count=8766
[2026-07-13 18:39:55] [DEBUG] [market_client] DEBUG: Requesting XAUUSD H1 as '1H'
[2026-07-13 18:39:55] [DEBUG] [market_client] Candles XAUUSD 1H: 8600 bars ✓
[2026-07-13 18:39:55] [INFO] [entry_v2.candle_loader] [entry_v2] candle_loader load_required_history summary:
[2026-07-13 18:39:55] [INFO] [entry_v2.candle_loader]   ✅ loaded EURUSD_H1 bars=8766
[2026-07-13 18:39:55] [INFO] [entry_v2.candle_loader]   ✅ loaded EURUSD_H4 bars=2191
[2026-07-13 18:39:55] [INFO] [entry_v2.candle_loader]   ✅ loaded GBPUSD_H1 bars=8766
[2026-07-13 18:39:55] [INFO] [entry_v2.candle_loader]   ✅ loaded GBPUSD_H4 bars=2191
[2026-07-13 18:39:55] [INFO] [entry_v2.candle_loader]   ✅ loaded XAUUSD_H1 bars=8600
[2026-07-13 18:39:55] [INFO] [entry_v2.candle_loader]   ✅ loaded XAUUSD_H4 bars=2191
[2026-07-13 18:39:56] [INFO] [entry_v2.dataset_builder] [entry_v2] dataset built rows=26132 missing_rows=686
[2026-07-13 18:39:56] [INFO] [entry_v2.run_pipeline] [Entry v2 run_pipeline] dataset_builder meta: row_count=26132 exports={'csv': 'data/entry_v2/entry_v2_dataset_20260713_153955.csv', 'parquet': 'data/entry_v2/entry_v2_dataset_20260713_153955.parquet'}
[2026-07-13 18:39:56] [INFO] [entry_v2.run_pipeline] [Entry v2 run_pipeline] Step 2: locate latest entry_v2_dataset_*.csv
[2026-07-13 18:39:56] [INFO] [entry_v2.run_pipeline] [Entry v2 run_pipeline] latest unified CSV: data/entry_v2\entry_v2_dataset_20260713_153955.csv
[2026-07-13 18:39:56] [INFO] [entry_v2.run_pipeline] [Entry v2 run_pipeline] Step 3: generate_features from latest unified CSV
[2026-07-13 18:39:57] [ERROR] [entry_v2.run_pipeline] [Entry v2 run_pipeline] FAILED: Engineered dataset missing feature columns: ['h4_momentum', 'h4_cci_20', 'h4_stoch_k_14', 'h4_stoch_d_14', 'h4_bollinger_width_20', 'h1_momentum', 'h1_cci_20', 'h1_stoch_k_14', 'h1_stoch_d_14', 'h1_bollinger_width_20']
Traceback (most recent call last):
  File "F:\files (2)\google\botdd\trading_bot_v3\analysis\entry_v2\run_pipeline.py", line 130, in <module>
    main()
    ~~~~^^
  File "F:\files (2)\google\botdd\trading_bot_v3\analysis\entry_v2\run_pipeline.py", line 87, in main
    feat_result = generate_features(
        dataset_csv_path=latest_csv,
        output_dir=out_dir,
        # feature_engineering already writes to data/entry_v2/features_dataset.* by default
    )
  File "F:\files (2)\google\botdd\trading_bot_v3\analysis\entry_v2\feature_engineering.py", line 758, in generate_features
    raise RuntimeError(f"Engineered dataset missing feature columns: {missing_cols[:50]}")
RuntimeError: Engineered dataset missing feature columns: ['h4_momentum', 'h4_cci_20', 'h4_stoch_k_14', 'h4_stoch_d_14', 'h4_bollinger_width_20', 'h1_momentum', 'h1_cci_20', 'h1_stoch_k_14', 'h1_stoch_d_14', 'h1_bollinger_width_20']
[2026-07-13 18:40:02] [WARNING] [mt5_watchdog] MT5 disconnected! Attempt 1/3
[2026-07-13 18:40:03] [INFO] [qd_client] Logged in to QuantDinger
[2026-07-13 18:40:03] [INFO] [mt5_watchdog] MT5 already connected
[2026-07-13 18:40:03] [INFO] [mt5_watchdog] MT5 reconnected successfully!
[2026-07-13 18:40:20] [INFO] [entry_v2.run_pipeline] [Entry v2 run_pipeline] Step 1: build_dataset -> unified CSV/Parquet
[2026-07-13 18:40:20] [INFO] [entry_v2.candle_loader] [entry_v2] loading candles symbol=EURUSD timeframe=H4 count=2191
[2026-07-13 18:40:20] [DEBUG] [market_client] DEBUG: Requesting EURUSD H4 as '4H'
[2026-07-13 18:40:21] [INFO] [qd_client] Logged in to QuantDinger
[2026-07-13 18:40:21] [DEBUG] [market_client] Candles EURUSD 4H: 2191 bars ✓
[2026-07-13 18:40:21] [INFO] [entry_v2.candle_loader] [entry_v2] loading candles symbol=EURUSD timeframe=H1 count=8766
[2026-07-13 18:40:21] [DEBUG] [market_client] DEBUG: Requesting EURUSD H1 as '1H'
[2026-07-13 18:40:23] [DEBUG] [market_client] Candles EURUSD 1H: 8766 bars ✓
[2026-07-13 18:40:23] [INFO] [entry_v2.candle_loader] [entry_v2] loading candles symbol=GBPUSD timeframe=H4 count=2191
[2026-07-13 18:40:23] [DEBUG] [market_client] DEBUG: Requesting GBPUSD H4 as '4H'
[2026-07-13 18:40:23] [DEBUG] [market_client] Candles GBPUSD 4H: 2191 bars ✓
[2026-07-13 18:40:23] [INFO] [entry_v2.candle_loader] [entry_v2] loading candles symbol=GBPUSD timeframe=H1 count=8766
[2026-07-13 18:40:23] [DEBUG] [market_client] DEBUG: Requesting GBPUSD H1 as '1H'
[2026-07-13 18:40:25] [DEBUG] [market_client] Candles GBPUSD 1H: 8766 bars ✓
[2026-07-13 18:40:25] [INFO] [entry_v2.candle_loader] [entry_v2] loading candles symbol=XAUUSD timeframe=H4 count=2191
[2026-07-13 18:40:25] [DEBUG] [market_client] DEBUG: Requesting XAUUSD H4 as '4H'
[2026-07-13 18:40:25] [DEBUG] [market_client] Candles XAUUSD 4H: 2191 bars ✓
[2026-07-13 18:40:25] [INFO] [entry_v2.candle_loader] [entry_v2] loading candles symbol=XAUUSD timeframe=H1 count=8766
[2026-07-13 18:40:25] [DEBUG] [market_client] DEBUG: Requesting XAUUSD H1 as '1H'
[2026-07-13 18:40:26] [DEBUG] [market_client] Candles XAUUSD 1H: 8600 bars ✓
[2026-07-13 18:40:26] [INFO] [entry_v2.candle_loader] [entry_v2] candle_loader load_required_history summary:
[2026-07-13 18:40:26] [INFO] [entry_v2.candle_loader]   ✅ loaded EURUSD_H1 bars=8766
[2026-07-13 18:40:26] [INFO] [entry_v2.candle_loader]   ✅ loaded EURUSD_H4 bars=2191
[2026-07-13 18:40:26] [INFO] [entry_v2.candle_loader]   ✅ loaded GBPUSD_H1 bars=8766
[2026-07-13 18:40:26] [INFO] [entry_v2.candle_loader]   ✅ loaded GBPUSD_H4 bars=2191
[2026-07-13 18:40:26] [INFO] [entry_v2.candle_loader]   ✅ loaded XAUUSD_H1 bars=8600
[2026-07-13 18:40:26] [INFO] [entry_v2.candle_loader]   ✅ loaded XAUUSD_H4 bars=2191
[2026-07-13 18:40:27] [INFO] [entry_v2.dataset_builder] [entry_v2] dataset built rows=26132 missing_rows=686
[2026-07-13 18:40:27] [INFO] [entry_v2.run_pipeline] [Entry v2 run_pipeline] dataset_builder meta: row_count=26132 exports={'csv': 'data/entry_v2/entry_v2_dataset_20260713_154026.csv', 'parquet': 'data/entry_v2/entry_v2_dataset_20260713_154026.parquet'}
[2026-07-13 18:40:27] [INFO] [entry_v2.run_pipeline] [Entry v2 run_pipeline] Step 2: locate latest entry_v2_dataset_*.csv
[2026-07-13 18:40:27] [INFO] [entry_v2.run_pipeline] [Entry v2 run_pipeline] latest unified CSV: data/entry_v2\entry_v2_dataset_20260713_154026.csv
[2026-07-13 18:40:27] [INFO] [entry_v2.run_pipeline] [Entry v2 run_pipeline] Step 3: generate_features from latest unified CSV
[2026-07-13 18:40:28] [ERROR] [entry_v2.run_pipeline] [Entry v2 run_pipeline] FAILED: Engineered dataset missing feature columns: ['h4_momentum', 'h4_cci_20', 'h4_stoch_k_14', 'h4_stoch_d_14', 'h4_bollinger_width_20', 'h1_momentum', 'h1_cci_20', 'h1_stoch_k_14', 'h1_stoch_d_14', 'h1_bollinger_width_20']
Traceback (most recent call last):
  File "F:\files (2)\google\botdd\trading_bot_v3\analysis\entry_v2\run_pipeline.py", line 130, in <module>
    main()
    ~~~~^^
  File "F:\files (2)\google\botdd\trading_bot_v3\analysis\entry_v2\run_pipeline.py", line 87, in main
    feat_result = generate_features(
        dataset_csv_path=latest_csv,
        output_dir=out_dir,
        # feature_engineering already writes to data/entry_v2/features_dataset.* by default
    )
  File "F:\files (2)\google\botdd\trading_bot_v3\analysis\entry_v2\feature_engineering.py", line 758, in generate_features
    raise RuntimeError(f"Engineered dataset missing feature columns: {missing_cols[:50]}")
RuntimeError: Engineered dataset missing feature columns: ['h4_momentum', 'h4_cci_20', 'h4_stoch_k_14', 'h4_stoch_d_14', 'h4_bollinger_width_20', 'h1_momentum', 'h1_cci_20', 'h1_stoch_k_14', 'h1_stoch_d_14', 'h1_bollinger_width_20']
[2026-07-13 18:42:04] [WARNING] [mt5_watchdog] MT5 disconnected! Attempt 1/3
[2026-07-13 18:42:04] [INFO] [qd_client] Logged in to QuantDinger
[2026-07-13 18:42:04] [INFO] [mt5_watchdog] MT5 already connected
[2026-07-13 18:42:04] [INFO] [mt5_watchdog] MT5 reconnected successfully!
[2026-07-13 18:42:52] [INFO] [entry_v2.run_pipeline] [Entry v2 run_pipeline] Step 1: build_dataset -> unified CSV/Parquet
[2026-07-13 18:42:52] [INFO] [entry_v2.candle_loader] [entry_v2] loading candles symbol=EURUSD timeframe=H4 count=2191
[2026-07-13 18:42:52] [DEBUG] [market_client] DEBUG: Requesting EURUSD H4 as '4H'
[2026-07-13 18:42:52] [INFO] [qd_client] Logged in to QuantDinger
[2026-07-13 18:42:52] [DEBUG] [market_client] Candles EURUSD 4H: 2191 bars ✓
[2026-07-13 18:42:52] [INFO] [entry_v2.candle_loader] [entry_v2] loading candles symbol=EURUSD timeframe=H1 count=8766
[2026-07-13 18:42:52] [DEBUG] [market_client] DEBUG: Requesting EURUSD H1 as '1H'
[2026-07-13 18:42:52] [DEBUG] [market_client] Candles EURUSD 1H: 8766 bars ✓
[2026-07-13 18:42:52] [INFO] [entry_v2.candle_loader] [entry_v2] loading candles symbol=GBPUSD timeframe=H4 count=2191
[2026-07-13 18:42:52] [DEBUG] [market_client] DEBUG: Requesting GBPUSD H4 as '4H'
[2026-07-13 18:42:52] [DEBUG] [market_client] Candles GBPUSD 4H: 2191 bars ✓
[2026-07-13 18:42:52] [INFO] [entry_v2.candle_loader] [entry_v2] loading candles symbol=GBPUSD timeframe=H1 count=8766
[2026-07-13 18:42:52] [DEBUG] [market_client] DEBUG: Requesting GBPUSD H1 as '1H'
[2026-07-13 18:42:52] [DEBUG] [market_client] Candles GBPUSD 1H: 8766 bars ✓
[2026-07-13 18:42:52] [INFO] [entry_v2.candle_loader] [entry_v2] loading candles symbol=XAUUSD timeframe=H4 count=2191
[2026-07-13 18:42:52] [DEBUG] [market_client] DEBUG: Requesting XAUUSD H4 as '4H'
[2026-07-13 18:42:52] [DEBUG] [market_client] Candles XAUUSD 4H: 2191 bars ✓
[2026-07-13 18:42:52] [INFO] [entry_v2.candle_loader] [entry_v2] loading candles symbol=XAUUSD timeframe=H1 count=8766
[2026-07-13 18:42:52] [DEBUG] [market_client] DEBUG: Requesting XAUUSD H1 as '1H'
[2026-07-13 18:42:53] [DEBUG] [market_client] Candles XAUUSD 1H: 8600 bars ✓
[2026-07-13 18:42:53] [INFO] [entry_v2.candle_loader] [entry_v2] candle_loader load_required_history summary:
[2026-07-13 18:42:53] [INFO] [entry_v2.candle_loader]   ✅ loaded EURUSD_H1 bars=8766
[2026-07-13 18:42:53] [INFO] [entry_v2.candle_loader]   ✅ loaded EURUSD_H4 bars=2191
[2026-07-13 18:42:53] [INFO] [entry_v2.candle_loader]   ✅ loaded GBPUSD_H1 bars=8766
[2026-07-13 18:42:53] [INFO] [entry_v2.candle_loader]   ✅ loaded GBPUSD_H4 bars=2191
[2026-07-13 18:42:53] [INFO] [entry_v2.candle_loader]   ✅ loaded XAUUSD_H1 bars=8600
[2026-07-13 18:42:53] [INFO] [entry_v2.candle_loader]   ✅ loaded XAUUSD_H4 bars=2191
[2026-07-13 18:42:53] [INFO] [entry_v2.dataset_builder] [entry_v2] dataset built rows=26132 missing_rows=686
[2026-07-13 18:42:53] [INFO] [entry_v2.run_pipeline] [Entry v2 run_pipeline] dataset_builder meta: row_count=26132 exports={'csv': 'data/entry_v2/entry_v2_dataset_20260713_154253.csv', 'parquet': 'data/entry_v2/entry_v2_dataset_20260713_154253.parquet'}
[2026-07-13 18:42:53] [INFO] [entry_v2.run_pipeline] [Entry v2 run_pipeline] Step 2: locate latest entry_v2_dataset_*.csv
[2026-07-13 18:42:53] [INFO] [entry_v2.run_pipeline] [Entry v2 run_pipeline] latest unified CSV: data/entry_v2\entry_v2_dataset_20260713_154253.csv
[2026-07-13 18:42:53] [INFO] [entry_v2.run_pipeline] [Entry v2 run_pipeline] Step 3: generate_features from latest unified CSV
[2026-07-13 18:42:54] [ERROR] [entry_v2.run_pipeline] [Entry v2 run_pipeline] FAILED: Engineered dataset missing feature columns: ['h1_momentum', 'h1_cci_20', 'h1_stoch_k_14', 'h1_stoch_d_14', 'h1_bollinger_width_20']
Traceback (most recent call last):
  File "F:\files (2)\google\botdd\trading_bot_v3\analysis\entry_v2\run_pipeline.py", line 130, in <module>
    main()
    ~~~~^^
  File "F:\files (2)\google\botdd\trading_bot_v3\analysis\entry_v2\run_pipeline.py", line 87, in main
    feat_result = generate_features(
        dataset_csv_path=latest_csv,
        output_dir=out_dir,
        # feature_engineering already writes to data/entry_v2/features_dataset.* by default
    )
  File "F:\files (2)\google\botdd\trading_bot_v3\analysis\entry_v2\feature_engineering.py", line 763, in generate_features
    raise RuntimeError(f"Engineered dataset missing feature columns: {missing_cols[:50]}")
RuntimeError: Engineered dataset missing feature columns: ['h1_momentum', 'h1_cci_20', 'h1_stoch_k_14', 'h1_stoch_d_14', 'h1_bollinger_width_20']
[2026-07-13 18:44:05] [WARNING] [mt5_watchdog] MT5 disconnected! Attempt 1/3
[2026-07-13 18:44:06] [INFO] [qd_client] Logged in to QuantDinger
[2026-07-13 18:44:06] [INFO] [mt5_watchdog] MT5 already connected
[2026-07-13 18:44:06] [INFO] [mt5_watchdog] MT5 reconnected successfully!
[2026-07-13 18:46:28] [INFO] [entry_v2.run_pipeline] [Entry v2 run_pipeline] Step 1: build_dataset -> unified CSV/Parquet
[2026-07-13 18:46:28] [INFO] [entry_v2.candle_loader] [entry_v2] loading candles symbol=EURUSD timeframe=H4 count=2191
[2026-07-13 18:46:28] [DEBUG] [market_client] DEBUG: Requesting EURUSD H4 as '4H'
[2026-07-13 18:46:28] [INFO] [qd_client] Logged in to QuantDinger
[2026-07-13 18:46:29] [DEBUG] [market_client] Candles EURUSD 4H: 2191 bars ✓
[2026-07-13 18:46:29] [INFO] [entry_v2.candle_loader] [entry_v2] loading candles symbol=EURUSD timeframe=H1 count=8766
[2026-07-13 18:46:29] [DEBUG] [market_client] DEBUG: Requesting EURUSD H1 as '1H'
[2026-07-13 18:46:30] [DEBUG] [market_client] Candles EURUSD 1H: 8766 bars ✓
[2026-07-13 18:46:30] [INFO] [entry_v2.candle_loader] [entry_v2] loading candles symbol=GBPUSD timeframe=H4 count=2191
[2026-07-13 18:46:30] [DEBUG] [market_client] DEBUG: Requesting GBPUSD H4 as '4H'
[2026-07-13 18:46:30] [DEBUG] [market_client] Candles GBPUSD 4H: 2191 bars ✓
[2026-07-13 18:46:30] [INFO] [entry_v2.candle_loader] [entry_v2] loading candles symbol=GBPUSD timeframe=H1 count=8766
[2026-07-13 18:46:30] [DEBUG] [market_client] DEBUG: Requesting GBPUSD H1 as '1H'
[2026-07-13 18:46:32] [DEBUG] [market_client] Candles GBPUSD 1H: 8766 bars ✓
[2026-07-13 18:46:32] [INFO] [entry_v2.candle_loader] [entry_v2] loading candles symbol=XAUUSD timeframe=H4 count=2191
[2026-07-13 18:46:32] [DEBUG] [market_client] DEBUG: Requesting XAUUSD H4 as '4H'
[2026-07-13 18:46:32] [DEBUG] [market_client] Candles XAUUSD 4H: 2191 bars ✓
[2026-07-13 18:46:32] [INFO] [entry_v2.candle_loader] [entry_v2] loading candles symbol=XAUUSD timeframe=H1 count=8766
[2026-07-13 18:46:32] [DEBUG] [market_client] DEBUG: Requesting XAUUSD H1 as '1H'
[2026-07-13 18:46:33] [DEBUG] [market_client] Candles XAUUSD 1H: 8600 bars ✓
[2026-07-13 18:46:33] [INFO] [entry_v2.candle_loader] [entry_v2] candle_loader load_required_history summary:
[2026-07-13 18:46:33] [INFO] [entry_v2.candle_loader]   ✅ loaded EURUSD_H1 bars=8766
[2026-07-13 18:46:33] [INFO] [entry_v2.candle_loader]   ✅ loaded EURUSD_H4 bars=2191
[2026-07-13 18:46:33] [INFO] [entry_v2.candle_loader]   ✅ loaded GBPUSD_H1 bars=8766
[2026-07-13 18:46:33] [INFO] [entry_v2.candle_loader]   ✅ loaded GBPUSD_H4 bars=2191
[2026-07-13 18:46:33] [INFO] [entry_v2.candle_loader]   ✅ loaded XAUUSD_H1 bars=8600
[2026-07-13 18:46:33] [INFO] [entry_v2.candle_loader]   ✅ loaded XAUUSD_H4 bars=2191
[2026-07-13 18:46:33] [INFO] [entry_v2.dataset_builder] [entry_v2] dataset built rows=26132 missing_rows=686
[2026-07-13 18:46:33] [INFO] [entry_v2.run_pipeline] [Entry v2 run_pipeline] dataset_builder meta: row_count=26132 exports={'csv': 'data/entry_v2/entry_v2_dataset_20260713_154633.csv', 'parquet': 'data/entry_v2/entry_v2_dataset_20260713_154633.parquet'}
[2026-07-13 18:46:33] [INFO] [entry_v2.run_pipeline] [Entry v2 run_pipeline] Step 2: locate latest entry_v2_dataset_*.csv
[2026-07-13 18:46:33] [INFO] [entry_v2.run_pipeline] [Entry v2 run_pipeline] latest unified CSV: data/entry_v2\entry_v2_dataset_20260713_154633.csv
[2026-07-13 18:46:33] [INFO] [entry_v2.run_pipeline] [Entry v2 run_pipeline] Step 3: generate_features from latest unified CSV
[2026-07-13 18:46:36] [INFO] [entry_v2.run_pipeline] [Entry v2 run_pipeline] feature_engineering done: generated_rows=24849 parquet_path=data/entry_v2/features_dataset.parquet csv_path=data/entry_v2/features_dataset.csv
[2026-07-13 18:46:36] [INFO] [entry_v2.run_pipeline] [Entry v2 run_pipeline] Step 4: generate_entry_labels_v2 -> labeled_dataset.*
[2026-07-13 18:46:36] [ERROR] [entry_v2.run_pipeline] [Entry v2 run_pipeline] FAILED: Missing required columns in engineered dataset: ['entry_price', 'entry_atr']
Traceback (most recent call last):
  File "F:\files (2)\google\botdd\trading_bot_v3\analysis\entry_v2\run_pipeline.py", line 130, in <module>
    main()
    ~~~~^^
  File "F:\files (2)\google\botdd\trading_bot_v3\analysis\entry_v2\run_pipeline.py", line 97, in main
    label_report: Dict[str, Any] = generate_entry_labels_v2(
                                   ~~~~~~~~~~~~~~~~~~~~~~~~^
        engineered_parquet_path="data/entry_v2/features_dataset.parquet",
        ^^^^^^^^^^^^^^^^^^^^^^^^^^^^^^^^^^^^^^^^^^^^^^^^^^^^^^^^^^^^^^^^^
    ...<2 lines>...
        output_csv_path="data/entry_v2/labeled_dataset.csv",
        ^^^^^^^^^^^^^^^^^^^^^^^^^^^^^^^^^^^^^^^^^^^^^^^^^^^^
    )
    ^
  File "F:\files (2)\google\botdd\trading_bot_v3\analysis\entry_v2\entry_labels.py", line 343, in generate_entry_labels_v2
    _require_columns(df, ["t", "symbol", "entry_price", "entry_atr"])
    ~~~~~~~~~~~~~~~~^^^^^^^^^^^^^^^^^^^^^^^^^^^^^^^^^^^^^^^^^^^^^^^^^
  File "F:\files (2)\google\botdd\trading_bot_v3\analysis\entry_v2\entry_labels.py", line 91, in _require_columns
    raise RuntimeError(f"Missing required columns in engineered dataset: {missing}")
RuntimeError: Missing required columns in engineered dataset: ['entry_price', 'entry_atr']
[2026-07-13 18:46:45] [INFO] [entry_v2.run_pipeline] [Entry v2 run_pipeline] Step 1: build_dataset -> unified CSV/Parquet
[2026-07-13 18:46:45] [INFO] [entry_v2.candle_loader] [entry_v2] loading candles symbol=EURUSD timeframe=H4 count=2191
[2026-07-13 18:46:45] [DEBUG] [market_client] DEBUG: Requesting EURUSD H4 as '4H'
[2026-07-13 18:46:45] [INFO] [qd_client] Logged in to QuantDinger
[2026-07-13 18:46:45] [DEBUG] [market_client] Candles EURUSD 4H: 2191 bars ✓
[2026-07-13 18:46:45] [INFO] [entry_v2.candle_loader] [entry_v2] loading candles symbol=EURUSD timeframe=H1 count=8766
[2026-07-13 18:46:45] [DEBUG] [market_client] DEBUG: Requesting EURUSD H1 as '1H'
[2026-07-13 18:46:45] [DEBUG] [market_client] Candles EURUSD 1H: 8766 bars ✓
[2026-07-13 18:46:45] [INFO] [entry_v2.candle_loader] [entry_v2] loading candles symbol=GBPUSD timeframe=H4 count=2191
[2026-07-13 18:46:45] [DEBUG] [market_client] DEBUG: Requesting GBPUSD H4 as '4H'
[2026-07-13 18:46:45] [DEBUG] [market_client] Candles GBPUSD 4H: 2191 bars ✓
[2026-07-13 18:46:45] [INFO] [entry_v2.candle_loader] [entry_v2] loading candles symbol=GBPUSD timeframe=H1 count=8766
[2026-07-13 18:46:45] [DEBUG] [market_client] DEBUG: Requesting GBPUSD H1 as '1H'
[2026-07-13 18:46:45] [DEBUG] [market_client] Candles GBPUSD 1H: 8766 bars ✓
[2026-07-13 18:46:45] [INFO] [entry_v2.candle_loader] [entry_v2] loading candles symbol=XAUUSD timeframe=H4 count=2191
[2026-07-13 18:46:45] [DEBUG] [market_client] DEBUG: Requesting XAUUSD H4 as '4H'
[2026-07-13 18:46:45] [DEBUG] [market_client] Candles XAUUSD 4H: 2191 bars ✓
[2026-07-13 18:46:45] [INFO] [entry_v2.candle_loader] [entry_v2] loading candles symbol=XAUUSD timeframe=H1 count=8766
[2026-07-13 18:46:45] [DEBUG] [market_client] DEBUG: Requesting XAUUSD H1 as '1H'
[2026-07-13 18:46:45] [DEBUG] [market_client] Candles XAUUSD 1H: 8600 bars ✓
[2026-07-13 18:46:46] [INFO] [entry_v2.candle_loader] [entry_v2] candle_loader load_required_history summary:
[2026-07-13 18:46:46] [INFO] [entry_v2.candle_loader]   ✅ loaded EURUSD_H1 bars=8766
[2026-07-13 18:46:46] [INFO] [entry_v2.candle_loader]   ✅ loaded EURUSD_H4 bars=2191
[2026-07-13 18:46:46] [INFO] [entry_v2.candle_loader]   ✅ loaded GBPUSD_H1 bars=8766
[2026-07-13 18:46:46] [INFO] [entry_v2.candle_loader]   ✅ loaded GBPUSD_H4 bars=2191
[2026-07-13 18:46:46] [INFO] [entry_v2.candle_loader]   ✅ loaded XAUUSD_H1 bars=8600
[2026-07-13 18:46:46] [INFO] [entry_v2.candle_loader]   ✅ loaded XAUUSD_H4 bars=2191
[2026-07-13 18:46:46] [INFO] [entry_v2.dataset_builder] [entry_v2] dataset built rows=26132 missing_rows=686
[2026-07-13 18:46:46] [INFO] [entry_v2.run_pipeline] [Entry v2 run_pipeline] dataset_builder meta: row_count=26132 exports={'csv': 'data/entry_v2/entry_v2_dataset_20260713_154646.csv', 'parquet': 'data/entry_v2/entry_v2_dataset_20260713_154646.parquet'}
[2026-07-13 18:46:46] [INFO] [entry_v2.run_pipeline] [Entry v2 run_pipeline] Step 2: locate latest entry_v2_dataset_*.csv
[2026-07-13 18:46:46] [INFO] [entry_v2.run_pipeline] [Entry v2 run_pipeline] latest unified CSV: data/entry_v2\entry_v2_dataset_20260713_154646.csv
[2026-07-13 18:46:46] [INFO] [entry_v2.run_pipeline] [Entry v2 run_pipeline] Step 3: generate_features from latest unified CSV
[2026-07-13 18:46:48] [INFO] [entry_v2.run_pipeline] [Entry v2 run_pipeline] feature_engineering done: generated_rows=24849 parquet_path=data/entry_v2/features_dataset.parquet csv_path=data/entry_v2/features_dataset.csv
[2026-07-13 18:46:48] [INFO] [entry_v2.run_pipeline] [Entry v2 run_pipeline] Step 4: generate_entry_labels_v2 -> labeled_dataset.*
[2026-07-13 18:46:48] [ERROR] [entry_v2.run_pipeline] [Entry v2 run_pipeline] FAILED: Missing required columns in engineered dataset: ['entry_price', 'entry_atr']
Traceback (most recent call last):
  File "F:\files (2)\google\botdd\trading_bot_v3\analysis\entry_v2\run_pipeline.py", line 130, in <module>
    main()
    ~~~~^^
  File "F:\files (2)\google\botdd\trading_bot_v3\analysis\entry_v2\run_pipeline.py", line 97, in main
    label_report: Dict[str, Any] = generate_entry_labels_v2(
                                   ~~~~~~~~~~~~~~~~~~~~~~~~^
        engineered_parquet_path="data/entry_v2/features_dataset.parquet",
        ^^^^^^^^^^^^^^^^^^^^^^^^^^^^^^^^^^^^^^^^^^^^^^^^^^^^^^^^^^^^^^^^^
    ...<2 lines>...
        output_csv_path="data/entry_v2/labeled_dataset.csv",
        ^^^^^^^^^^^^^^^^^^^^^^^^^^^^^^^^^^^^^^^^^^^^^^^^^^^^
    )
    ^
  File "F:\files (2)\google\botdd\trading_bot_v3\analysis\entry_v2\entry_labels.py", line 343, in generate_entry_labels_v2
    _require_columns(df, ["t", "symbol", "entry_price", "entry_atr"])
    ~~~~~~~~~~~~~~~~^^^^^^^^^^^^^^^^^^^^^^^^^^^^^^^^^^^^^^^^^^^^^^^^^
  File "F:\files (2)\google\botdd\trading_bot_v3\analysis\entry_v2\entry_labels.py", line 91, in _require_columns
    raise RuntimeError(f"Missing required columns in engineered dataset: {missing}")
RuntimeError: Missing required columns in engineered dataset: ['entry_price', 'entry_atr']
[2026-07-13 18:48:06] [WARNING] [mt5_watchdog] MT5 disconnected! Attempt 1/3
[2026-07-13 18:48:07] [INFO] [qd_client] Logged in to QuantDinger
[2026-07-13 18:48:07] [INFO] [mt5_watchdog] MT5 already connected
[2026-07-13 18:48:07] [INFO] [mt5_watchdog] MT5 reconnected successfully!
[2026-07-13 18:48:48] [INFO] [entry_v2.run_pipeline] [Entry v2 run_pipeline] Step 1: build_dataset -> unified CSV/Parquet
[2026-07-13 18:48:48] [INFO] [entry_v2.candle_loader] [entry_v2] loading candles symbol=EURUSD timeframe=H4 count=2191
[2026-07-13 18:48:48] [DEBUG] [market_client] DEBUG: Requesting EURUSD H4 as '4H'
[2026-07-13 18:48:48] [INFO] [qd_client] Logged in to QuantDinger
[2026-07-13 18:48:48] [DEBUG] [market_client] Candles EURUSD 4H: 2191 bars ✓
[2026-07-13 18:48:48] [INFO] [entry_v2.candle_loader] [entry_v2] loading candles symbol=EURUSD timeframe=H1 count=8766
[2026-07-13 18:48:48] [DEBUG] [market_client] DEBUG: Requesting EURUSD H1 as '1H'
[2026-07-13 18:48:48] [DEBUG] [market_client] Candles EURUSD 1H: 8766 bars ✓
[2026-07-13 18:48:48] [INFO] [entry_v2.candle_loader] [entry_v2] loading candles symbol=GBPUSD timeframe=H4 count=2191
[2026-07-13 18:48:48] [DEBUG] [market_client] DEBUG: Requesting GBPUSD H4 as '4H'
[2026-07-13 18:48:48] [DEBUG] [market_client] Candles GBPUSD 4H: 2191 bars ✓
[2026-07-13 18:48:48] [INFO] [entry_v2.candle_loader] [entry_v2] loading candles symbol=GBPUSD timeframe=H1 count=8766
[2026-07-13 18:48:48] [DEBUG] [market_client] DEBUG: Requesting GBPUSD H1 as '1H'
[2026-07-13 18:48:48] [DEBUG] [market_client] Candles GBPUSD 1H: 8766 bars ✓
[2026-07-13 18:48:48] [INFO] [entry_v2.candle_loader] [entry_v2] loading candles symbol=XAUUSD timeframe=H4 count=2191
[2026-07-13 18:48:48] [DEBUG] [market_client] DEBUG: Requesting XAUUSD H4 as '4H'
[2026-07-13 18:48:48] [DEBUG] [market_client] Candles XAUUSD 4H: 2191 bars ✓
[2026-07-13 18:48:48] [INFO] [entry_v2.candle_loader] [entry_v2] loading candles symbol=XAUUSD timeframe=H1 count=8766
[2026-07-13 18:48:48] [DEBUG] [market_client] DEBUG: Requesting XAUUSD H1 as '1H'
[2026-07-13 18:48:48] [DEBUG] [market_client] Candles XAUUSD 1H: 8600 bars ✓
[2026-07-13 18:48:48] [INFO] [entry_v2.candle_loader] [entry_v2] candle_loader load_required_history summary:
[2026-07-13 18:48:48] [INFO] [entry_v2.candle_loader]   ✅ loaded EURUSD_H1 bars=8766
[2026-07-13 18:48:48] [INFO] [entry_v2.candle_loader]   ✅ loaded EURUSD_H4 bars=2191
[2026-07-13 18:48:48] [INFO] [entry_v2.candle_loader]   ✅ loaded GBPUSD_H1 bars=8766
[2026-07-13 18:48:48] [INFO] [entry_v2.candle_loader]   ✅ loaded GBPUSD_H4 bars=2191
[2026-07-13 18:48:48] [INFO] [entry_v2.candle_loader]   ✅ loaded XAUUSD_H1 bars=8600
[2026-07-13 18:48:48] [INFO] [entry_v2.candle_loader]   ✅ loaded XAUUSD_H4 bars=2191
[2026-07-13 18:48:49] [INFO] [entry_v2.dataset_builder] [entry_v2] dataset built rows=26132 missing_rows=686
[2026-07-13 18:48:49] [INFO] [entry_v2.run_pipeline] [Entry v2 run_pipeline] dataset_builder meta: row_count=26132 exports={'csv': 'data/entry_v2/entry_v2_dataset_20260713_154848.csv', 'parquet': 'data/entry_v2/entry_v2_dataset_20260713_154848.parquet'}
[2026-07-13 18:48:49] [INFO] [entry_v2.run_pipeline] [Entry v2 run_pipeline] Step 2: locate latest entry_v2_dataset_*.csv
[2026-07-13 18:48:49] [INFO] [entry_v2.run_pipeline] [Entry v2 run_pipeline] latest unified CSV: data/entry_v2\entry_v2_dataset_20260713_154848.csv
[2026-07-13 18:48:49] [INFO] [entry_v2.run_pipeline] [Entry v2 run_pipeline] Step 3: generate_features from latest unified CSV
[2026-07-13 18:48:51] [INFO] [entry_v2.run_pipeline] [Entry v2 run_pipeline] feature_engineering done: generated_rows=24849 parquet_path=data/entry_v2/features_dataset.parquet csv_path=data/entry_v2/features_dataset.csv
[2026-07-13 18:48:51] [INFO] [entry_v2.run_pipeline] [Entry v2 run_pipeline] Step 4: generate_entry_labels_v2 -> labeled_dataset.*
[2026-07-13 18:48:51] [ERROR] [entry_v2.run_pipeline] [Entry v2 run_pipeline] FAILED: Cannot locate H4 candle series for walk-forward simulation. Add/adjust a candle loader in _load_h4_candles_for_symbol().
Traceback (most recent call last):
  File "F:\files (2)\google\botdd\trading_bot_v3\analysis\entry_v2\run_pipeline.py", line 130, in <module>
    main()
    ~~~~^^
  File "F:\files (2)\google\botdd\trading_bot_v3\analysis\entry_v2\run_pipeline.py", line 97, in main
    label_report: Dict[str, Any] = generate_entry_labels_v2(
                                   ~~~~~~~~~~~~~~~~~~~~~~~~^
        engineered_parquet_path="data/entry_v2/features_dataset.parquet",
        ^^^^^^^^^^^^^^^^^^^^^^^^^^^^^^^^^^^^^^^^^^^^^^^^^^^^^^^^^^^^^^^^^
    ...<2 lines>...
        output_csv_path="data/entry_v2/labeled_dataset.csv",
        ^^^^^^^^^^^^^^^^^^^^^^^^^^^^^^^^^^^^^^^^^^^^^^^^^^^^
    )
    ^
  File "F:\files (2)\google\botdd\trading_bot_v3\analysis\entry_v2\entry_labels.py", line 349, in generate_entry_labels_v2
    candles_by_symbol[sym] = _load_h4_candles_for_symbol(sym)
                             ~~~~~~~~~~~~~~~~~~~~~~~~~~~^^^^^
  File "F:\files (2)\google\botdd\trading_bot_v3\analysis\entry_v2\entry_labels.py", line 178, in _load_h4_candles_for_symbol
    raise RuntimeError(
    ...<2 lines>...
    )
RuntimeError: Cannot locate H4 candle series for walk-forward simulation. Add/adjust a candle loader in _load_h4_candles_for_symbol().
[2026-07-13 18:49:38] [INFO] [entry_v2.run_pipeline] [Entry v2 run_pipeline] Step 1: build_dataset -> unified CSV/Parquet
[2026-07-13 18:49:38] [INFO] [entry_v2.candle_loader] [entry_v2] loading candles symbol=EURUSD timeframe=H4 count=2191
[2026-07-13 18:49:38] [DEBUG] [market_client] DEBUG: Requesting EURUSD H4 as '4H'
[2026-07-13 18:49:38] [INFO] [qd_client] Logged in to QuantDinger
[2026-07-13 18:49:38] [DEBUG] [market_client] Candles EURUSD 4H: 2191 bars ✓
[2026-07-13 18:49:38] [INFO] [entry_v2.candle_loader] [entry_v2] loading candles symbol=EURUSD timeframe=H1 count=8766
[2026-07-13 18:49:38] [DEBUG] [market_client] DEBUG: Requesting EURUSD H1 as '1H'
[2026-07-13 18:49:38] [DEBUG] [market_client] Candles EURUSD 1H: 8766 bars ✓
[2026-07-13 18:49:38] [INFO] [entry_v2.candle_loader] [entry_v2] loading candles symbol=GBPUSD timeframe=H4 count=2191
[2026-07-13 18:49:38] [DEBUG] [market_client] DEBUG: Requesting GBPUSD H4 as '4H'
[2026-07-13 18:49:38] [DEBUG] [market_client] Candles GBPUSD 4H: 2191 bars ✓
[2026-07-13 18:49:38] [INFO] [entry_v2.candle_loader] [entry_v2] loading candles symbol=GBPUSD timeframe=H1 count=8766
[2026-07-13 18:49:38] [DEBUG] [market_client] DEBUG: Requesting GBPUSD H1 as '1H'
[2026-07-13 18:49:38] [DEBUG] [market_client] Candles GBPUSD 1H: 8766 bars ✓
[2026-07-13 18:49:38] [INFO] [entry_v2.candle_loader] [entry_v2] loading candles symbol=XAUUSD timeframe=H4 count=2191
[2026-07-13 18:49:38] [DEBUG] [market_client] DEBUG: Requesting XAUUSD H4 as '4H'
[2026-07-13 18:49:38] [DEBUG] [market_client] Candles XAUUSD 4H: 2191 bars ✓
[2026-07-13 18:49:38] [INFO] [entry_v2.candle_loader] [entry_v2] loading candles symbol=XAUUSD timeframe=H1 count=8766
[2026-07-13 18:49:38] [DEBUG] [market_client] DEBUG: Requesting XAUUSD H1 as '1H'
[2026-07-13 18:49:38] [DEBUG] [market_client] Candles XAUUSD 1H: 8600 bars ✓
[2026-07-13 18:49:38] [INFO] [entry_v2.candle_loader] [entry_v2] candle_loader load_required_history summary:
[2026-07-13 18:49:38] [INFO] [entry_v2.candle_loader]   ✅ loaded EURUSD_H1 bars=8766
[2026-07-13 18:49:38] [INFO] [entry_v2.candle_loader]   ✅ loaded EURUSD_H4 bars=2191
[2026-07-13 18:49:38] [INFO] [entry_v2.candle_loader]   ✅ loaded GBPUSD_H1 bars=8766
[2026-07-13 18:49:38] [INFO] [entry_v2.candle_loader]   ✅ loaded GBPUSD_H4 bars=2191
[2026-07-13 18:49:38] [INFO] [entry_v2.candle_loader]   ✅ loaded XAUUSD_H1 bars=8600
[2026-07-13 18:49:38] [INFO] [entry_v2.candle_loader]   ✅ loaded XAUUSD_H4 bars=2191
[2026-07-13 18:49:39] [INFO] [entry_v2.dataset_builder] [entry_v2] dataset built rows=26132 missing_rows=686
[2026-07-13 18:49:39] [INFO] [entry_v2.run_pipeline] [Entry v2 run_pipeline] dataset_builder meta: row_count=26132 exports={'csv': 'data/entry_v2/entry_v2_dataset_20260713_154938.csv', 'parquet': 'data/entry_v2/entry_v2_dataset_20260713_154938.parquet'}
[2026-07-13 18:49:39] [INFO] [entry_v2.run_pipeline] [Entry v2 run_pipeline] Step 2: locate latest entry_v2_dataset_*.csv
[2026-07-13 18:49:39] [INFO] [entry_v2.run_pipeline] [Entry v2 run_pipeline] latest unified CSV: data/entry_v2\entry_v2_dataset_20260713_154938.csv
[2026-07-13 18:49:39] [INFO] [entry_v2.run_pipeline] [Entry v2 run_pipeline] Step 3: generate_features from latest unified CSV
[2026-07-13 18:49:41] [INFO] [entry_v2.run_pipeline] [Entry v2 run_pipeline] feature_engineering done: generated_rows=24849 parquet_path=data/entry_v2/features_dataset.parquet csv_path=data/entry_v2/features_dataset.csv
[2026-07-13 18:49:41] [INFO] [entry_v2.run_pipeline] [Entry v2 run_pipeline] Step 4: generate_entry_labels_v2 -> labeled_dataset.*
[2026-07-13 18:49:41] [ERROR] [entry_v2.run_pipeline] [Entry v2 run_pipeline] FAILED: Cannot locate H4 candle series for walk-forward simulation. Add/adjust a candle loader in _load_h4_candles_for_symbol().
Traceback (most recent call last):
  File "F:\files (2)\google\botdd\trading_bot_v3\analysis\entry_v2\run_pipeline.py", line 130, in <module>
    main()
    ~~~~^^
  File "F:\files (2)\google\botdd\trading_bot_v3\analysis\entry_v2\run_pipeline.py", line 97, in main
    label_report: Dict[str, Any] = generate_entry_labels_v2(
                                   ~~~~~~~~~~~~~~~~~~~~~~~~^
        engineered_parquet_path="data/entry_v2/features_dataset.parquet",
        ^^^^^^^^^^^^^^^^^^^^^^^^^^^^^^^^^^^^^^^^^^^^^^^^^^^^^^^^^^^^^^^^^
    ...<2 lines>...
        output_csv_path="data/entry_v2/labeled_dataset.csv",
        ^^^^^^^^^^^^^^^^^^^^^^^^^^^^^^^^^^^^^^^^^^^^^^^^^^^^
    )
    ^
  File "F:\files (2)\google\botdd\trading_bot_v3\analysis\entry_v2\entry_labels.py", line 349, in generate_entry_labels_v2
    candles_by_symbol[sym] = _load_h4_candles_for_symbol(sym)
                             ~~~~~~~~~~~~~~~~~~~~~~~~~~~^^^^^
  File "F:\files (2)\google\botdd\trading_bot_v3\analysis\entry_v2\entry_labels.py", line 178, in _load_h4_candles_for_symbol
    raise RuntimeError(
    ...<2 lines>...
    )
RuntimeError: Cannot locate H4 candle series for walk-forward simulation. Add/adjust a candle loader in _load_h4_candles_for_symbol().
[2026-07-13 18:50:08] [WARNING] [mt5_watchdog] MT5 disconnected! Attempt 1/3
[2026-07-13 18:50:09] [INFO] [qd_client] Logged in to QuantDinger
[2026-07-13 18:50:09] [INFO] [mt5_watchdog] MT5 already connected
[2026-07-13 18:50:09] [INFO] [mt5_watchdog] MT5 reconnected successfully!
[2026-07-13 18:52:05] [INFO] [entry_v2.run_pipeline] [Entry v2 run_pipeline] Step 1: build_dataset -> unified CSV/Parquet
[2026-07-13 18:52:05] [INFO] [entry_v2.candle_loader] [entry_v2] loading candles symbol=EURUSD timeframe=H4 count=2191
[2026-07-13 18:52:05] [DEBUG] [market_client] DEBUG: Requesting EURUSD H4 as '4H'
[2026-07-13 18:52:05] [INFO] [qd_client] Logged in to QuantDinger
[2026-07-13 18:52:06] [DEBUG] [market_client] Candles EURUSD 4H: 2191 bars ✓
[2026-07-13 18:52:06] [INFO] [entry_v2.candle_loader] [entry_v2] loading candles symbol=EURUSD timeframe=H1 count=8766
[2026-07-13 18:52:06] [DEBUG] [market_client] DEBUG: Requesting EURUSD H1 as '1H'
[2026-07-13 18:52:07] [DEBUG] [market_client] Candles EURUSD 1H: 8766 bars ✓
[2026-07-13 18:52:07] [INFO] [entry_v2.candle_loader] [entry_v2] loading candles symbol=GBPUSD timeframe=H4 count=2191
[2026-07-13 18:52:07] [DEBUG] [market_client] DEBUG: Requesting GBPUSD H4 as '4H'
[2026-07-13 18:52:08] [DEBUG] [market_client] Candles GBPUSD 4H: 2191 bars ✓
[2026-07-13 18:52:08] [INFO] [entry_v2.candle_loader] [entry_v2] loading candles symbol=GBPUSD timeframe=H1 count=8766
[2026-07-13 18:52:08] [DEBUG] [market_client] DEBUG: Requesting GBPUSD H1 as '1H'
[2026-07-13 18:52:09] [DEBUG] [market_client] Candles GBPUSD 1H: 8766 bars ✓
[2026-07-13 18:52:09] [INFO] [entry_v2.candle_loader] [entry_v2] loading candles symbol=XAUUSD timeframe=H4 count=2191
[2026-07-13 18:52:09] [DEBUG] [market_client] DEBUG: Requesting XAUUSD H4 as '4H'
[2026-07-13 18:52:10] [DEBUG] [market_client] Candles XAUUSD 4H: 2191 bars ✓
[2026-07-13 18:52:10] [INFO] [entry_v2.candle_loader] [entry_v2] loading candles symbol=XAUUSD timeframe=H1 count=8766
[2026-07-13 18:52:10] [DEBUG] [market_client] DEBUG: Requesting XAUUSD H1 as '1H'
[2026-07-13 18:52:10] [WARNING] [mt5_watchdog] MT5 disconnected! Attempt 1/3
[2026-07-13 18:52:11] [DEBUG] [market_client] Candles XAUUSD 1H: 8600 bars ✓
[2026-07-13 18:52:11] [INFO] [entry_v2.candle_loader] [entry_v2] candle_loader load_required_history summary:
[2026-07-13 18:52:11] [INFO] [entry_v2.candle_loader]   ✅ loaded EURUSD_H1 bars=8766
[2026-07-13 18:52:11] [INFO] [entry_v2.candle_loader]   ✅ loaded EURUSD_H4 bars=2191
[2026-07-13 18:52:11] [INFO] [entry_v2.candle_loader]   ✅ loaded GBPUSD_H1 bars=8766
[2026-07-13 18:52:11] [INFO] [entry_v2.candle_loader]   ✅ loaded GBPUSD_H4 bars=2191
[2026-07-13 18:52:11] [INFO] [entry_v2.candle_loader]   ✅ loaded XAUUSD_H1 bars=8600
[2026-07-13 18:52:11] [INFO] [entry_v2.candle_loader]   ✅ loaded XAUUSD_H4 bars=2191
[2026-07-13 18:52:11] [INFO] [qd_client] Logged in to QuantDinger
[2026-07-13 18:52:11] [INFO] [mt5_watchdog] MT5 already connected
[2026-07-13 18:52:11] [INFO] [mt5_watchdog] MT5 reconnected successfully!
[2026-07-13 18:52:11] [INFO] [entry_v2.dataset_builder] [entry_v2] dataset built rows=26132 missing_rows=686
[2026-07-13 18:52:11] [INFO] [entry_v2.run_pipeline] [Entry v2 run_pipeline] dataset_builder meta: row_count=26132 exports={'csv': 'data/entry_v2/entry_v2_dataset_20260713_155211.csv', 'parquet': 'data/entry_v2/entry_v2_dataset_20260713_155211.parquet'}
[2026-07-13 18:52:11] [INFO] [entry_v2.run_pipeline] [Entry v2 run_pipeline] Step 2: locate latest entry_v2_dataset_*.csv
[2026-07-13 18:52:11] [INFO] [entry_v2.run_pipeline] [Entry v2 run_pipeline] latest unified CSV: data/entry_v2\entry_v2_dataset_20260713_155211.csv
[2026-07-13 18:52:11] [INFO] [entry_v2.run_pipeline] [Entry v2 run_pipeline] Step 3: generate_features from latest unified CSV
[2026-07-13 18:52:13] [INFO] [entry_v2.run_pipeline] [Entry v2 run_pipeline] feature_engineering done: generated_rows=24849 parquet_path=data/entry_v2/features_dataset.parquet csv_path=data/entry_v2/features_dataset.csv
[2026-07-13 18:52:13] [INFO] [entry_v2.run_pipeline] [Entry v2 run_pipeline] Step 4: generate_entry_labels_v2 -> labeled_dataset.*
[2026-07-13 18:52:14] [ERROR] [entry_v2.run_pipeline] [Entry v2 run_pipeline] FAILED: Cannot locate H4 candle series for walk-forward simulation. Add/adjust a candle loader in _load_h4_candles_for_symbol().
Traceback (most recent call last):
  File "F:\files (2)\google\botdd\trading_bot_v3\analysis\entry_v2\run_pipeline.py", line 130, in <module>
    main()
    ~~~~^^
  File "F:\files (2)\google\botdd\trading_bot_v3\analysis\entry_v2\run_pipeline.py", line 97, in main
    label_report: Dict[str, Any] = generate_entry_labels_v2(
                                   ~~~~~~~~~~~~~~~~~~~~~~~~^
        engineered_parquet_path="data/entry_v2/features_dataset.parquet",
        ^^^^^^^^^^^^^^^^^^^^^^^^^^^^^^^^^^^^^^^^^^^^^^^^^^^^^^^^^^^^^^^^^
    ...<2 lines>...
        output_csv_path="data/entry_v2/labeled_dataset.csv",
        ^^^^^^^^^^^^^^^^^^^^^^^^^^^^^^^^^^^^^^^^^^^^^^^^^^^^
    )
    ^
  File "F:\files (2)\google\botdd\trading_bot_v3\analysis\entry_v2\entry_labels.py", line 407, in generate_entry_labels_v2
    candles_by_symbol[sym] = _load_h4_candles_for_symbol(sym)
                             ~~~~~~~~~~~~~~~~~~~~~~~~~~~^^^^^
  File "F:\files (2)\google\botdd\trading_bot_v3\analysis\entry_v2\entry_labels.py", line 236, in _load_h4_candles_for_symbol
    raise RuntimeError(
    ...<2 lines>...
    )
RuntimeError: Cannot locate H4 candle series for walk-forward simulation. Add/adjust a candle loader in _load_h4_candles_for_symbol().
[2026-07-13 18:55:50] [INFO] [main] Trading Bot V3 starting...
[2026-07-13 18:55:50] [INFO] [database] V3 Database initialized with all tables
[2026-07-13 18:55:51] [INFO] [qd_client] Logged in to QuantDinger
[2026-07-13 18:55:51] [INFO] [qd_client] MT5 connected
[2026-07-13 18:55:51] [INFO] [main] MT5 connected
[2026-07-13 18:55:51] [INFO] [main] [STARTUP_SAFETY] Starting startup safety check (run-once)
[2026-07-13 18:55:51] [WARNING] [main] [STARTUP_SAFETY] mt5.positions_get None diagnostic last_error=(1, 'Success')
[2026-07-13 18:55:51] [INFO] [main] [STARTUP_SAFETY] MT5 open positions count=0
[2026-07-13 18:55:51] [INFO] [main] [STARTUP_SAFETY] DB open trades count=0
[2026-07-13 18:55:51] [INFO] [main] [STARTUP_SAFETY] missing_in_db(MT5-only)=0 missing_in_mt5(DB-only)=0
[2026-07-13 18:55:51] [INFO] [main] [STARTUP_SAFETY] Synced open positions count=0
[2026-07-13 18:55:51] [INFO] [main] [STARTUP_SAFETY] Completed startup safety check successfully
[2026-07-13 18:55:51] [INFO] [telegram_bot] Telegram polling started
[2026-07-13 18:55:51] [INFO] [telegram_bot] Telegram bot V3 started
[2026-07-13 18:55:51] [INFO] [mt5_watchdog] MT5 watchdog started (V1 reconnect logic)
[2026-07-13 18:55:51] [INFO] [reconciliation] Reconciliation loop started (every 60s)
[2026-07-13 18:55:51] [INFO] [reconciliation] Reconciliation thread started (safety only)
[2026-07-13 18:55:51] [INFO] [post_entry_manager] PostEntryManager started
[2026-07-13 18:55:52] [INFO] [main] ==================================================
[2026-07-13 18:55:52] [INFO] [main] Cycle 1 at 18:55:52
[2026-07-13 18:57:11] [INFO] [entry_v2.run_pipeline] [Entry v2 run_pipeline] Step 1: build_dataset -> unified CSV/Parquet
[2026-07-13 18:57:11] [INFO] [entry_v2.candle_loader] [entry_v2] loading candles symbol=EURUSD timeframe=H4 count=2191
[2026-07-13 18:57:11] [DEBUG] [market_client] DEBUG: Requesting EURUSD H4 as '4H'
[2026-07-13 18:57:12] [INFO] [qd_client] Logged in to QuantDinger
[2026-07-13 18:57:17] [DEBUG] [market_client] Candles EURUSD 4H: 2191 bars ✓
[2026-07-13 18:57:17] [INFO] [entry_v2.candle_loader] [entry_v2] loading candles symbol=EURUSD timeframe=H1 count=8766
[2026-07-13 18:57:17] [DEBUG] [market_client] DEBUG: Requesting EURUSD H1 as '1H'
[2026-07-13 18:57:18] [DEBUG] [market_client] Candles EURUSD 1H: 8766 bars ✓
[2026-07-13 18:57:18] [INFO] [entry_v2.candle_loader] [entry_v2] loading candles symbol=GBPUSD timeframe=H4 count=2191
[2026-07-13 18:57:19] [DEBUG] [market_client] DEBUG: Requesting GBPUSD H4 as '4H'
[2026-07-13 18:57:19] [DEBUG] [market_client] Candles GBPUSD 4H: 2191 bars ✓
[2026-07-13 18:57:19] [INFO] [entry_v2.candle_loader] [entry_v2] loading candles symbol=GBPUSD timeframe=H1 count=8766
[2026-07-13 18:57:19] [DEBUG] [market_client] DEBUG: Requesting GBPUSD H1 as '1H'
[2026-07-13 18:57:21] [DEBUG] [market_client] Candles GBPUSD 1H: 8766 bars ✓
[2026-07-13 18:57:21] [INFO] [entry_v2.candle_loader] [entry_v2] loading candles symbol=XAUUSD timeframe=H4 count=2191
[2026-07-13 18:57:21] [DEBUG] [market_client] DEBUG: Requesting XAUUSD H4 as '4H'
[2026-07-13 18:57:21] [DEBUG] [market_client] Candles XAUUSD 4H: 2191 bars ✓
[2026-07-13 18:57:21] [INFO] [entry_v2.candle_loader] [entry_v2] loading candles symbol=XAUUSD timeframe=H1 count=8766
[2026-07-13 18:57:21] [DEBUG] [market_client] DEBUG: Requesting XAUUSD H1 as '1H'
[2026-07-13 18:57:22] [DEBUG] [market_client] Candles XAUUSD 1H: 8600 bars ✓
[2026-07-13 18:57:22] [INFO] [entry_v2.candle_loader] [entry_v2] candle_loader load_required_history summary:
[2026-07-13 18:57:22] [INFO] [entry_v2.candle_loader]   ✅ loaded EURUSD_H1 bars=8766
[2026-07-13 18:57:22] [INFO] [entry_v2.candle_loader]   ✅ loaded EURUSD_H4 bars=2191
[2026-07-13 18:57:22] [INFO] [entry_v2.candle_loader]   ✅ loaded GBPUSD_H1 bars=8766
[2026-07-13 18:57:22] [INFO] [entry_v2.candle_loader]   ✅ loaded GBPUSD_H4 bars=2191
[2026-07-13 18:57:22] [INFO] [entry_v2.candle_loader]   ✅ loaded XAUUSD_H1 bars=8600
[2026-07-13 18:57:22] [INFO] [entry_v2.candle_loader]   ✅ loaded XAUUSD_H4 bars=2191
[2026-07-13 18:57:23] [INFO] [entry_v2.dataset_builder] [entry_v2] dataset built rows=26132 missing_rows=686
[2026-07-13 18:57:23] [INFO] [entry_v2.run_pipeline] [Entry v2 run_pipeline] dataset_builder meta: row_count=26132 exports={'csv': 'data/entry_v2/entry_v2_dataset_20260713_155722.csv', 'parquet': 'data/entry_v2/entry_v2_dataset_20260713_155722.parquet'}
[2026-07-13 18:57:23] [INFO] [entry_v2.run_pipeline] [Entry v2 run_pipeline] Step 2: locate latest entry_v2_dataset_*.csv
[2026-07-13 18:57:23] [INFO] [entry_v2.run_pipeline] [Entry v2 run_pipeline] latest unified CSV: data/entry_v2\entry_v2_dataset_20260713_155722.csv
[2026-07-13 18:57:23] [INFO] [entry_v2.run_pipeline] [Entry v2 run_pipeline] Step 3: generate_features from latest unified CSV
[2026-07-13 18:57:26] [INFO] [entry_v2.run_pipeline] [Entry v2 run_pipeline] feature_engineering done: generated_rows=24849 parquet_path=data/entry_v2/features_dataset.parquet csv_path=data/entry_v2/features_dataset.csv
[2026-07-13 18:57:26] [INFO] [entry_v2.run_pipeline] [Entry v2 run_pipeline] Step 4: generate_entry_labels_v2 -> labeled_dataset.*
[2026-07-13 18:57:26] [ERROR] [entry_v2.run_pipeline] [Entry v2 run_pipeline] FAILED: Cannot locate H4 candle series for walk-forward simulation. Add/adjust a candle loader in _load_h4_candles_for_symbol().
Traceback (most recent call last):
  File "F:\files (2)\google\botdd\trading_bot_v3\analysis\entry_v2\run_pipeline.py", line 130, in <module>
    main()
    ~~~~^^
  File "F:\files (2)\google\botdd\trading_bot_v3\analysis\entry_v2\run_pipeline.py", line 97, in main
    label_report: Dict[str, Any] = generate_entry_labels_v2(
                                   ~~~~~~~~~~~~~~~~~~~~~~~~^
        engineered_parquet_path="data/entry_v2/features_dataset.parquet",
        ^^^^^^^^^^^^^^^^^^^^^^^^^^^^^^^^^^^^^^^^^^^^^^^^^^^^^^^^^^^^^^^^^
    ...<2 lines>...
        output_csv_path="data/entry_v2/labeled_dataset.csv",
        ^^^^^^^^^^^^^^^^^^^^^^^^^^^^^^^^^^^^^^^^^^^^^^^^^^^^
    )
    ^
  File "F:\files (2)\google\botdd\trading_bot_v3\analysis\entry_v2\entry_labels.py", line 407, in generate_entry_labels_v2
    candles_by_symbol[sym] = _load_h4_candles_for_symbol(sym)
                             ~~~~~~~~~~~~~~~~~~~~~~~~~~~^^^^^
  File "F:\files (2)\google\botdd\trading_bot_v3\analysis\entry_v2\entry_labels.py", line 236, in _load_h4_candles_for_symbol
    raise RuntimeError(
    ...<2 lines>...
    )
RuntimeError: Cannot locate H4 candle series for walk-forward simulation. Add/adjust a candle loader in _load_h4_candles_for_symbol().
[2026-07-13 18:57:33] [INFO] [entry_v2.run_pipeline] [Entry v2 run_pipeline] Step 1: build_dataset -> unified CSV/Parquet
[2026-07-13 18:57:33] [INFO] [entry_v2.candle_loader] [entry_v2] loading candles symbol=EURUSD timeframe=H4 count=2191
[2026-07-13 18:57:33] [DEBUG] [market_client] DEBUG: Requesting EURUSD H4 as '4H'
[2026-07-13 18:57:34] [INFO] [qd_client] Logged in to QuantDinger
[2026-07-13 18:57:34] [DEBUG] [market_client] Candles EURUSD 4H: 2191 bars ✓
[2026-07-13 18:57:34] [INFO] [entry_v2.candle_loader] [entry_v2] loading candles symbol=EURUSD timeframe=H1 count=8766
[2026-07-13 18:57:34] [DEBUG] [market_client] DEBUG: Requesting EURUSD H1 as '1H'
[2026-07-13 18:57:34] [DEBUG] [market_client] Candles EURUSD 1H: 8766 bars ✓
[2026-07-13 18:57:34] [INFO] [entry_v2.candle_loader] [entry_v2] loading candles symbol=GBPUSD timeframe=H4 count=2191
[2026-07-13 18:57:34] [DEBUG] [market_client] DEBUG: Requesting GBPUSD H4 as '4H'
[2026-07-13 18:57:34] [DEBUG] [market_client] Candles GBPUSD 4H: 2191 bars ✓
[2026-07-13 18:57:34] [INFO] [entry_v2.candle_loader] [entry_v2] loading candles symbol=GBPUSD timeframe=H1 count=8766
[2026-07-13 18:57:34] [DEBUG] [market_client] DEBUG: Requesting GBPUSD H1 as '1H'
[2026-07-13 18:57:34] [DEBUG] [market_client] Candles GBPUSD 1H: 8766 bars ✓
[2026-07-13 18:57:34] [INFO] [entry_v2.candle_loader] [entry_v2] loading candles symbol=XAUUSD timeframe=H4 count=2191
[2026-07-13 18:57:34] [DEBUG] [market_client] DEBUG: Requesting XAUUSD H4 as '4H'
[2026-07-13 18:57:34] [DEBUG] [market_client] Candles XAUUSD 4H: 2191 bars ✓
[2026-07-13 18:57:34] [INFO] [entry_v2.candle_loader] [entry_v2] loading candles symbol=XAUUSD timeframe=H1 count=8766
[2026-07-13 18:57:34] [DEBUG] [market_client] DEBUG: Requesting XAUUSD H1 as '1H'
[2026-07-13 18:57:34] [DEBUG] [market_client] Candles XAUUSD 1H: 8600 bars ✓
[2026-07-13 18:57:34] [INFO] [entry_v2.candle_loader] [entry_v2] candle_loader load_required_history summary:
[2026-07-13 18:57:34] [INFO] [entry_v2.candle_loader]   ✅ loaded EURUSD_H1 bars=8766
[2026-07-13 18:57:34] [INFO] [entry_v2.candle_loader]   ✅ loaded EURUSD_H4 bars=2191
[2026-07-13 18:57:34] [INFO] [entry_v2.candle_loader]   ✅ loaded GBPUSD_H1 bars=8766
[2026-07-13 18:57:34] [INFO] [entry_v2.candle_loader]   ✅ loaded GBPUSD_H4 bars=2191
[2026-07-13 18:57:34] [INFO] [entry_v2.candle_loader]   ✅ loaded XAUUSD_H1 bars=8600
[2026-07-13 18:57:34] [INFO] [entry_v2.candle_loader]   ✅ loaded XAUUSD_H4 bars=2191
[2026-07-13 18:57:35] [INFO] [entry_v2.dataset_builder] [entry_v2] dataset built rows=26132 missing_rows=686
[2026-07-13 18:57:35] [INFO] [entry_v2.run_pipeline] [Entry v2 run_pipeline] dataset_builder meta: row_count=26132 exports={'csv': 'data/entry_v2/entry_v2_dataset_20260713_155734.csv', 'parquet': 'data/entry_v2/entry_v2_dataset_20260713_155734.parquet'}
[2026-07-13 18:57:35] [INFO] [entry_v2.run_pipeline] [Entry v2 run_pipeline] Step 2: locate latest entry_v2_dataset_*.csv
[2026-07-13 18:57:35] [INFO] [entry_v2.run_pipeline] [Entry v2 run_pipeline] latest unified CSV: data/entry_v2\entry_v2_dataset_20260713_155734.csv
[2026-07-13 18:57:35] [INFO] [entry_v2.run_pipeline] [Entry v2 run_pipeline] Step 3: generate_features from latest unified CSV
[2026-07-13 18:57:38] [INFO] [entry_v2.run_pipeline] [Entry v2 run_pipeline] feature_engineering done: generated_rows=24849 parquet_path=data/entry_v2/features_dataset.parquet csv_path=data/entry_v2/features_dataset.csv
[2026-07-13 18:57:38] [INFO] [entry_v2.run_pipeline] [Entry v2 run_pipeline] Step 4: generate_entry_labels_v2 -> labeled_dataset.*
[2026-07-13 18:57:38] [ERROR] [entry_v2.run_pipeline] [Entry v2 run_pipeline] FAILED: Cannot locate H4 candle series for walk-forward simulation. Add/adjust a candle loader in _load_h4_candles_for_symbol().
Traceback (most recent call last):
  File "F:\files (2)\google\botdd\trading_bot_v3\analysis\entry_v2\run_pipeline.py", line 130, in <module>
    main()
    ~~~~^^
  File "F:\files (2)\google\botdd\trading_bot_v3\analysis\entry_v2\run_pipeline.py", line 97, in main
    label_report: Dict[str, Any] = generate_entry_labels_v2(
                                   ~~~~~~~~~~~~~~~~~~~~~~~~^
        engineered_parquet_path="data/entry_v2/features_dataset.parquet",
        ^^^^^^^^^^^^^^^^^^^^^^^^^^^^^^^^^^^^^^^^^^^^^^^^^^^^^^^^^^^^^^^^^
    ...<2 lines>...
        output_csv_path="data/entry_v2/labeled_dataset.csv",
        ^^^^^^^^^^^^^^^^^^^^^^^^^^^^^^^^^^^^^^^^^^^^^^^^^^^^
    )
    ^
  File "F:\files (2)\google\botdd\trading_bot_v3\analysis\entry_v2\entry_labels.py", line 407, in generate_entry_labels_v2
    candles_by_symbol[sym] = _load_h4_candles_for_symbol(sym)
                             ~~~~~~~~~~~~~~~~~~~~~~~~~~~^^^^^
  File "F:\files (2)\google\botdd\trading_bot_v3\analysis\entry_v2\entry_labels.py", line 236, in _load_h4_candles_for_symbol
    raise RuntimeError(
    ...<2 lines>...
    )
RuntimeError: Cannot locate H4 candle series for walk-forward simulation. Add/adjust a candle loader in _load_h4_candles_for_symbol().
[2026-07-13 18:59:08] [INFO] [entry_v2.run_pipeline] [Entry v2 run_pipeline] Step 1: build_dataset -> unified CSV/Parquet
[2026-07-13 18:59:08] [INFO] [entry_v2.candle_loader] [entry_v2] loading candles symbol=EURUSD timeframe=H4 count=2191
[2026-07-13 18:59:08] [DEBUG] [market_client] DEBUG: Requesting EURUSD H4 as '4H'
[2026-07-13 18:59:08] [INFO] [qd_client] Logged in to QuantDinger
[2026-07-13 18:59:08] [DEBUG] [market_client] Candles EURUSD 4H: 2191 bars ✓
[2026-07-13 18:59:09] [INFO] [entry_v2.candle_loader] [entry_v2] loading candles symbol=EURUSD timeframe=H1 count=8766
[2026-07-13 18:59:09] [DEBUG] [market_client] DEBUG: Requesting EURUSD H1 as '1H'
[2026-07-13 18:59:09] [DEBUG] [market_client] Candles EURUSD 1H: 8766 bars ✓
[2026-07-13 18:59:09] [INFO] [entry_v2.candle_loader] [entry_v2] loading candles symbol=GBPUSD timeframe=H4 count=2191
[2026-07-13 18:59:09] [DEBUG] [market_client] DEBUG: Requesting GBPUSD H4 as '4H'
[2026-07-13 18:59:09] [DEBUG] [market_client] Candles GBPUSD 4H: 2191 bars ✓
[2026-07-13 18:59:09] [INFO] [entry_v2.candle_loader] [entry_v2] loading candles symbol=GBPUSD timeframe=H1 count=8766
[2026-07-13 18:59:09] [DEBUG] [market_client] DEBUG: Requesting GBPUSD H1 as '1H'
[2026-07-13 18:59:09] [DEBUG] [market_client] Candles GBPUSD 1H: 8766 bars ✓
[2026-07-13 18:59:09] [INFO] [entry_v2.candle_loader] [entry_v2] loading candles symbol=XAUUSD timeframe=H4 count=2191
[2026-07-13 18:59:09] [DEBUG] [market_client] DEBUG: Requesting XAUUSD H4 as '4H'
[2026-07-13 18:59:09] [DEBUG] [market_client] Candles XAUUSD 4H: 2191 bars ✓
[2026-07-13 18:59:09] [INFO] [entry_v2.candle_loader] [entry_v2] loading candles symbol=XAUUSD timeframe=H1 count=8766
[2026-07-13 18:59:09] [DEBUG] [market_client] DEBUG: Requesting XAUUSD H1 as '1H'
[2026-07-13 18:59:09] [DEBUG] [market_client] Candles XAUUSD 1H: 8600 bars ✓
[2026-07-13 18:59:09] [INFO] [entry_v2.candle_loader] [entry_v2] candle_loader load_required_history summary:
[2026-07-13 18:59:09] [INFO] [entry_v2.candle_loader]   ✅ loaded EURUSD_H1 bars=8766
[2026-07-13 18:59:09] [INFO] [entry_v2.candle_loader]   ✅ loaded EURUSD_H4 bars=2191
[2026-07-13 18:59:09] [INFO] [entry_v2.candle_loader]   ✅ loaded GBPUSD_H1 bars=8766
[2026-07-13 18:59:09] [INFO] [entry_v2.candle_loader]   ✅ loaded GBPUSD_H4 bars=2191
[2026-07-13 18:59:09] [INFO] [entry_v2.candle_loader]   ✅ loaded XAUUSD_H1 bars=8600
[2026-07-13 18:59:09] [INFO] [entry_v2.candle_loader]   ✅ loaded XAUUSD_H4 bars=2191
[2026-07-13 18:59:09] [INFO] [entry_v2.dataset_builder] [entry_v2] dataset built rows=26132 missing_rows=686
[2026-07-13 18:59:09] [INFO] [entry_v2.run_pipeline] [Entry v2 run_pipeline] dataset_builder meta: row_count=26132 exports={'csv': 'data/entry_v2/entry_v2_dataset_20260713_155909.csv', 'parquet': 'data/entry_v2/entry_v2_dataset_20260713_155909.parquet'}
[2026-07-13 18:59:09] [INFO] [entry_v2.run_pipeline] [Entry v2 run_pipeline] Step 2: locate latest entry_v2_dataset_*.csv
[2026-07-13 18:59:09] [INFO] [entry_v2.run_pipeline] [Entry v2 run_pipeline] latest unified CSV: data/entry_v2\entry_v2_dataset_20260713_155909.csv
[2026-07-13 18:59:09] [INFO] [entry_v2.run_pipeline] [Entry v2 run_pipeline] Step 3: generate_features from latest unified CSV
[2026-07-13 18:59:13] [INFO] [entry_v2.run_pipeline] [Entry v2 run_pipeline] feature_engineering done: generated_rows=24849 parquet_path=data/entry_v2/features_dataset.parquet csv_path=data/entry_v2/features_dataset.csv
[2026-07-13 18:59:13] [INFO] [entry_v2.run_pipeline] [Entry v2 run_pipeline] Step 4: generate_entry_labels_v2 -> labeled_dataset.*
[2026-07-13 18:59:28] [INFO] [entry_v2.run_pipeline] [Entry v2 run_pipeline] label_report: win_rate=0.441828645015896 total=24849 output=data/entry_v2/labeled_dataset.parquet/data/entry_v2/labeled_dataset.csv
[2026-07-13 18:59:28] [INFO] [entry_v2.run_pipeline] [Entry v2 run_pipeline] Step 5: dataset_audit
[2026-07-13 18:59:38] [INFO] [entry_v2.run_pipeline] [Entry v2 run_pipeline] Step 1: build_dataset -> unified CSV/Parquet
[2026-07-13 18:59:38] [INFO] [entry_v2.candle_loader] [entry_v2] loading candles symbol=EURUSD timeframe=H4 count=2191
[2026-07-13 18:59:38] [DEBUG] [market_client] DEBUG: Requesting EURUSD H4 as '4H'
[2026-07-13 18:59:39] [INFO] [qd_client] Logged in to QuantDinger
[2026-07-13 18:59:39] [DEBUG] [market_client] Candles EURUSD 4H: 2191 bars ✓
[2026-07-13 18:59:39] [INFO] [entry_v2.candle_loader] [entry_v2] loading candles symbol=EURUSD timeframe=H1 count=8766
[2026-07-13 18:59:39] [DEBUG] [market_client] DEBUG: Requesting EURUSD H1 as '1H'
[2026-07-13 18:59:39] [DEBUG] [market_client] Candles EURUSD 1H: 8766 bars ✓
[2026-07-13 18:59:39] [INFO] [entry_v2.candle_loader] [entry_v2] loading candles symbol=GBPUSD timeframe=H4 count=2191
[2026-07-13 18:59:39] [DEBUG] [market_client] DEBUG: Requesting GBPUSD H4 as '4H'
[2026-07-13 18:59:39] [DEBUG] [market_client] Candles GBPUSD 4H: 2191 bars ✓
[2026-07-13 18:59:39] [INFO] [entry_v2.candle_loader] [entry_v2] loading candles symbol=GBPUSD timeframe=H1 count=8766
[2026-07-13 18:59:39] [DEBUG] [market_client] DEBUG: Requesting GBPUSD H1 as '1H'
[2026-07-13 18:59:39] [DEBUG] [market_client] Candles GBPUSD 1H: 8766 bars ✓
[2026-07-13 18:59:39] [INFO] [entry_v2.candle_loader] [entry_v2] loading candles symbol=XAUUSD timeframe=H4 count=2191
[2026-07-13 18:59:39] [DEBUG] [market_client] DEBUG: Requesting XAUUSD H4 as '4H'
[2026-07-13 18:59:39] [DEBUG] [market_client] Candles XAUUSD 4H: 2191 bars ✓
[2026-07-13 18:59:39] [INFO] [entry_v2.candle_loader] [entry_v2] loading candles symbol=XAUUSD timeframe=H1 count=8766
[2026-07-13 18:59:39] [DEBUG] [market_client] DEBUG: Requesting XAUUSD H1 as '1H'
[2026-07-13 18:59:39] [DEBUG] [market_client] Candles XAUUSD 1H: 8600 bars ✓
[2026-07-13 18:59:39] [INFO] [entry_v2.candle_loader] [entry_v2] candle_loader load_required_history summary:
[2026-07-13 18:59:39] [INFO] [entry_v2.candle_loader]   ✅ loaded EURUSD_H1 bars=8766
[2026-07-13 18:59:39] [INFO] [entry_v2.candle_loader]   ✅ loaded EURUSD_H4 bars=2191
[2026-07-13 18:59:39] [INFO] [entry_v2.candle_loader]   ✅ loaded GBPUSD_H1 bars=8766
[2026-07-13 18:59:39] [INFO] [entry_v2.candle_loader]   ✅ loaded GBPUSD_H4 bars=2191
[2026-07-13 18:59:39] [INFO] [entry_v2.candle_loader]   ✅ loaded XAUUSD_H1 bars=8600
[2026-07-13 18:59:39] [INFO] [entry_v2.candle_loader]   ✅ loaded XAUUSD_H4 bars=2191
[2026-07-13 18:59:40] [INFO] [entry_v2.dataset_builder] [entry_v2] dataset built rows=26132 missing_rows=686
[2026-07-13 18:59:40] [INFO] [entry_v2.run_pipeline] [Entry v2 run_pipeline] dataset_builder meta: row_count=26132 exports={'csv': 'data/entry_v2/entry_v2_dataset_20260713_155939.csv', 'parquet': 'data/entry_v2/entry_v2_dataset_20260713_155939.parquet'}
[2026-07-13 18:59:40] [INFO] [entry_v2.run_pipeline] [Entry v2 run_pipeline] Step 2: locate latest entry_v2_dataset_*.csv
[2026-07-13 18:59:40] [INFO] [entry_v2.run_pipeline] [Entry v2 run_pipeline] latest unified CSV: data/entry_v2\entry_v2_dataset_20260713_155939.csv
[2026-07-13 18:59:40] [INFO] [entry_v2.run_pipeline] [Entry v2 run_pipeline] Step 3: generate_features from latest unified CSV
[2026-07-13 18:59:44] [INFO] [entry_v2.run_pipeline] [Entry v2 run_pipeline] feature_engineering done: generated_rows=24849 parquet_path=data/entry_v2/features_dataset.parquet csv_path=data/entry_v2/features_dataset.csv
[2026-07-13 18:59:44] [INFO] [entry_v2.run_pipeline] [Entry v2 run_pipeline] Step 4: generate_entry_labels_v2 -> labeled_dataset.*
[2026-07-13 18:59:57] [INFO] [entry_v2.run_pipeline] [Entry v2 run_pipeline] Step 1: build_dataset -> unified CSV/Parquet
[2026-07-13 18:59:57] [INFO] [entry_v2.candle_loader] [entry_v2] loading candles symbol=EURUSD timeframe=H4 count=2191
[2026-07-13 18:59:57] [DEBUG] [market_client] DEBUG: Requesting EURUSD H4 as '4H'
[2026-07-13 18:59:57] [INFO] [qd_client] Logged in to QuantDinger
[2026-07-13 18:59:57] [DEBUG] [market_client] Candles EURUSD 4H: 2191 bars ✓
[2026-07-13 18:59:57] [INFO] [entry_v2.candle_loader] [entry_v2] loading candles symbol=EURUSD timeframe=H1 count=8766
[2026-07-13 18:59:57] [DEBUG] [market_client] DEBUG: Requesting EURUSD H1 as '1H'
[2026-07-13 18:59:57] [DEBUG] [market_client] Candles EURUSD 1H: 8766 bars ✓
[2026-07-13 18:59:57] [INFO] [entry_v2.candle_loader] [entry_v2] loading candles symbol=GBPUSD timeframe=H4 count=2191
[2026-07-13 18:59:57] [DEBUG] [market_client] DEBUG: Requesting GBPUSD H4 as '4H'
[2026-07-13 18:59:57] [DEBUG] [market_client] Candles GBPUSD 4H: 2191 bars ✓
[2026-07-13 18:59:57] [INFO] [entry_v2.candle_loader] [entry_v2] loading candles symbol=GBPUSD timeframe=H1 count=8766
[2026-07-13 18:59:57] [DEBUG] [market_client] DEBUG: Requesting GBPUSD H1 as '1H'
[2026-07-13 18:59:57] [DEBUG] [market_client] Candles GBPUSD 1H: 8766 bars ✓
[2026-07-13 18:59:57] [INFO] [entry_v2.candle_loader] [entry_v2] loading candles symbol=XAUUSD timeframe=H4 count=2191
[2026-07-13 18:59:57] [DEBUG] [market_client] DEBUG: Requesting XAUUSD H4 as '4H'
[2026-07-13 18:59:57] [DEBUG] [market_client] Candles XAUUSD 4H: 2191 bars ✓
[2026-07-13 18:59:57] [INFO] [entry_v2.candle_loader] [entry_v2] loading candles symbol=XAUUSD timeframe=H1 count=8766
[2026-07-13 18:59:57] [DEBUG] [market_client] DEBUG: Requesting XAUUSD H1 as '1H'
[2026-07-13 18:59:58] [DEBUG] [market_client] Candles XAUUSD 1H: 8600 bars ✓
[2026-07-13 18:59:58] [INFO] [entry_v2.candle_loader] [entry_v2] candle_loader load_required_history summary:
[2026-07-13 18:59:58] [INFO] [entry_v2.candle_loader]   ✅ loaded EURUSD_H1 bars=8766
[2026-07-13 18:59:58] [INFO] [entry_v2.candle_loader]   ✅ loaded EURUSD_H4 bars=2191
[2026-07-13 18:59:58] [INFO] [entry_v2.candle_loader]   ✅ loaded GBPUSD_H1 bars=8766
[2026-07-13 18:59:58] [INFO] [entry_v2.candle_loader]   ✅ loaded GBPUSD_H4 bars=2191
[2026-07-13 18:59:58] [INFO] [entry_v2.candle_loader]   ✅ loaded XAUUSD_H1 bars=8600
[2026-07-13 18:59:58] [INFO] [entry_v2.candle_loader]   ✅ loaded XAUUSD_H4 bars=2191
[2026-07-13 18:59:58] [INFO] [entry_v2.dataset_builder] [entry_v2] dataset built rows=26132 missing_rows=686
[2026-07-13 18:59:58] [INFO] [entry_v2.run_pipeline] [Entry v2 run_pipeline] dataset_builder meta: row_count=26132 exports={'csv': 'data/entry_v2/entry_v2_dataset_20260713_155958.csv', 'parquet': 'data/entry_v2/entry_v2_dataset_20260713_155958.parquet'}
[2026-07-13 18:59:58] [INFO] [entry_v2.run_pipeline] [Entry v2 run_pipeline] Step 2: locate latest entry_v2_dataset_*.csv
[2026-07-13 18:59:58] [INFO] [entry_v2.run_pipeline] [Entry v2 run_pipeline] latest unified CSV: data/entry_v2\entry_v2_dataset_20260713_155958.csv
[2026-07-13 18:59:58] [INFO] [entry_v2.run_pipeline] [Entry v2 run_pipeline] Step 3: generate_features from latest unified CSV
[2026-07-13 19:00:02] [INFO] [entry_v2.run_pipeline] [Entry v2 run_pipeline] label_report: win_rate=0.441828645015896 total=24849 output=data/entry_v2/labeled_dataset.parquet/data/entry_v2/labeled_dataset.csv
[2026-07-13 19:00:02] [INFO] [entry_v2.run_pipeline] [Entry v2 run_pipeline] Step 5: dataset_audit
[2026-07-13 19:00:02] [INFO] [entry_v2.run_pipeline] [Entry v2 run_pipeline] feature_engineering done: generated_rows=24849 parquet_path=data/entry_v2/features_dataset.parquet csv_path=data/entry_v2/features_dataset.csv
[2026-07-13 19:00:02] [INFO] [entry_v2.run_pipeline] [Entry v2 run_pipeline] Step 4: generate_entry_labels_v2 -> labeled_dataset.*
[2026-07-13 19:00:16] [INFO] [entry_v2.run_pipeline] [Entry v2 run_pipeline] Step 1: build_dataset -> unified CSV/Parquet
[2026-07-13 19:00:16] [INFO] [entry_v2.candle_loader] [entry_v2] loading candles symbol=EURUSD timeframe=H4 count=2191
[2026-07-13 19:00:16] [DEBUG] [market_client] DEBUG: Requesting EURUSD H4 as '4H'
[2026-07-13 19:00:16] [INFO] [qd_client] Logged in to QuantDinger
[2026-07-13 19:00:16] [DEBUG] [market_client] Candles EURUSD 4H: 2191 bars ✓
[2026-07-13 19:00:16] [INFO] [entry_v2.candle_loader] [entry_v2] loading candles symbol=EURUSD timeframe=H1 count=8766
[2026-07-13 19:00:16] [DEBUG] [market_client] DEBUG: Requesting EURUSD H1 as '1H'
[2026-07-13 19:00:17] [DEBUG] [market_client] Candles EURUSD 1H: 8766 bars ✓
[2026-07-13 19:00:17] [INFO] [entry_v2.candle_loader] [entry_v2] loading candles symbol=GBPUSD timeframe=H4 count=2191
[2026-07-13 19:00:17] [DEBUG] [market_client] DEBUG: Requesting GBPUSD H4 as '4H'
[2026-07-13 19:00:17] [DEBUG] [market_client] Candles GBPUSD 4H: 2191 bars ✓
[2026-07-13 19:00:17] [INFO] [entry_v2.candle_loader] [entry_v2] loading candles symbol=GBPUSD timeframe=H1 count=8766
[2026-07-13 19:00:17] [DEBUG] [market_client] DEBUG: Requesting GBPUSD H1 as '1H'
[2026-07-13 19:00:17] [DEBUG] [market_client] Candles GBPUSD 1H: 8766 bars ✓
[2026-07-13 19:00:17] [INFO] [entry_v2.candle_loader] [entry_v2] loading candles symbol=XAUUSD timeframe=H4 count=2191
[2026-07-13 19:00:17] [DEBUG] [market_client] DEBUG: Requesting XAUUSD H4 as '4H'
[2026-07-13 19:00:17] [DEBUG] [market_client] Candles XAUUSD 4H: 2191 bars ✓
[2026-07-13 19:00:17] [INFO] [entry_v2.candle_loader] [entry_v2] loading candles symbol=XAUUSD timeframe=H1 count=8766
[2026-07-13 19:00:17] [DEBUG] [market_client] DEBUG: Requesting XAUUSD H1 as '1H'
[2026-07-13 19:00:17] [DEBUG] [market_client] Candles XAUUSD 1H: 8600 bars ✓
[2026-07-13 19:00:17] [INFO] [entry_v2.candle_loader] [entry_v2] candle_loader load_required_history summary:
[2026-07-13 19:00:17] [INFO] [entry_v2.candle_loader]   ✅ loaded EURUSD_H1 bars=8766
[2026-07-13 19:00:17] [INFO] [entry_v2.candle_loader]   ✅ loaded EURUSD_H4 bars=2191
[2026-07-13 19:00:17] [INFO] [entry_v2.candle_loader]   ✅ loaded GBPUSD_H1 bars=8766
[2026-07-13 19:00:17] [INFO] [entry_v2.candle_loader]   ✅ loaded GBPUSD_H4 bars=2191
[2026-07-13 19:00:17] [INFO] [entry_v2.candle_loader]   ✅ loaded XAUUSD_H1 bars=8600
[2026-07-13 19:00:17] [INFO] [entry_v2.candle_loader]   ✅ loaded XAUUSD_H4 bars=2191
[2026-07-13 19:00:18] [INFO] [entry_v2.dataset_builder] [entry_v2] dataset built rows=26132 missing_rows=686
[2026-07-13 19:00:18] [INFO] [entry_v2.run_pipeline] [Entry v2 run_pipeline] dataset_builder meta: row_count=26132 exports={'csv': 'data/entry_v2/entry_v2_dataset_20260713_160017.csv', 'parquet': 'data/entry_v2/entry_v2_dataset_20260713_160017.parquet'}
[2026-07-13 19:00:18] [INFO] [entry_v2.run_pipeline] [Entry v2 run_pipeline] Step 2: locate latest entry_v2_dataset_*.csv
[2026-07-13 19:00:18] [INFO] [entry_v2.run_pipeline] [Entry v2 run_pipeline] latest unified CSV: data/entry_v2\entry_v2_dataset_20260713_160017.csv
[2026-07-13 19:00:18] [INFO] [entry_v2.run_pipeline] [Entry v2 run_pipeline] Step 3: generate_features from latest unified CSV
[2026-07-13 19:00:22] [INFO] [entry_v2.run_pipeline] [Entry v2 run_pipeline] feature_engineering done: generated_rows=24849 parquet_path=data/entry_v2/features_dataset.parquet csv_path=data/entry_v2/features_dataset.csv
[2026-07-13 19:00:22] [INFO] [entry_v2.run_pipeline] [Entry v2 run_pipeline] Step 4: generate_entry_labels_v2 -> labeled_dataset.*
[2026-07-13 19:00:25] [INFO] [entry_v2.run_pipeline] [Entry v2 run_pipeline] label_report: win_rate=0.441828645015896 total=24849 output=data/entry_v2/labeled_dataset.parquet/data/entry_v2/labeled_dataset.csv
[2026-07-13 19:00:25] [INFO] [entry_v2.run_pipeline] [Entry v2 run_pipeline] Step 5: dataset_audit
[2026-07-13 19:00:48] [INFO] [entry_v2.run_pipeline] [Entry v2 run_pipeline] label_report: win_rate=0.441828645015896 total=24849 output=data/entry_v2/labeled_dataset.parquet/data/entry_v2/labeled_dataset.csv
[2026-07-13 19:00:48] [INFO] [entry_v2.run_pipeline] [Entry v2 run_pipeline] Step 5: dataset_audit
[2026-07-13 19:00:52] [INFO] [entry_v2.run_pipeline] [Entry v2 run_pipeline] Step 1: build_dataset -> unified CSV/Parquet
[2026-07-13 19:00:52] [INFO] [entry_v2.candle_loader] [entry_v2] loading candles symbol=EURUSD timeframe=H4 count=2191
[2026-07-13 19:00:52] [DEBUG] [market_client] DEBUG: Requesting EURUSD H4 as '4H'
[2026-07-13 19:00:52] [INFO] [qd_client] Logged in to QuantDinger
[2026-07-13 19:00:52] [DEBUG] [market_client] Candles EURUSD 4H: 2191 bars ✓
[2026-07-13 19:00:52] [INFO] [entry_v2.candle_loader] [entry_v2] loading candles symbol=EURUSD timeframe=H1 count=8766
[2026-07-13 19:00:52] [DEBUG] [market_client] DEBUG: Requesting EURUSD H1 as '1H'
[2026-07-13 19:00:52] [DEBUG] [market_client] Candles EURUSD 1H: 8766 bars ✓
[2026-07-13 19:00:52] [INFO] [entry_v2.candle_loader] [entry_v2] loading candles symbol=GBPUSD timeframe=H4 count=2191
[2026-07-13 19:00:52] [DEBUG] [market_client] DEBUG: Requesting GBPUSD H4 as '4H'
[2026-07-13 19:00:52] [DEBUG] [market_client] Candles GBPUSD 4H: 2191 bars ✓
[2026-07-13 19:00:52] [INFO] [entry_v2.candle_loader] [entry_v2] loading candles symbol=GBPUSD timeframe=H1 count=8766
[2026-07-13 19:00:52] [DEBUG] [market_client] DEBUG: Requesting GBPUSD H1 as '1H'
[2026-07-13 19:00:52] [DEBUG] [market_client] Candles GBPUSD 1H: 8766 bars ✓
[2026-07-13 19:00:52] [INFO] [entry_v2.candle_loader] [entry_v2] loading candles symbol=XAUUSD timeframe=H4 count=2191
[2026-07-13 19:00:52] [DEBUG] [market_client] DEBUG: Requesting XAUUSD H4 as '4H'
[2026-07-13 19:00:53] [DEBUG] [market_client] Candles XAUUSD 4H: 2191 bars ✓
[2026-07-13 19:00:53] [INFO] [entry_v2.candle_loader] [entry_v2] loading candles symbol=XAUUSD timeframe=H1 count=8766
[2026-07-13 19:00:53] [DEBUG] [market_client] DEBUG: Requesting XAUUSD H1 as '1H'
[2026-07-13 19:00:53] [DEBUG] [market_client] Candles XAUUSD 1H: 8600 bars ✓
[2026-07-13 19:00:53] [INFO] [entry_v2.candle_loader] [entry_v2] candle_loader load_required_history summary:
[2026-07-13 19:00:53] [INFO] [entry_v2.candle_loader]   ✅ loaded EURUSD_H1 bars=8766
[2026-07-13 19:00:53] [INFO] [entry_v2.candle_loader]   ✅ loaded EURUSD_H4 bars=2191
[2026-07-13 19:00:53] [INFO] [entry_v2.candle_loader]   ✅ loaded GBPUSD_H1 bars=8766
[2026-07-13 19:00:53] [INFO] [entry_v2.candle_loader]   ✅ loaded GBPUSD_H4 bars=2191
[2026-07-13 19:00:53] [INFO] [entry_v2.candle_loader]   ✅ loaded XAUUSD_H1 bars=8600
[2026-07-13 19:00:53] [INFO] [entry_v2.candle_loader]   ✅ loaded XAUUSD_H4 bars=2191
[2026-07-13 19:00:53] [INFO] [entry_v2.dataset_builder] [entry_v2] dataset built rows=26132 missing_rows=686
[2026-07-13 19:00:53] [INFO] [entry_v2.run_pipeline] [Entry v2 run_pipeline] dataset_builder meta: row_count=26132 exports={'csv': 'data/entry_v2/entry_v2_dataset_20260713_160053.csv', 'parquet': 'data/entry_v2/entry_v2_dataset_20260713_160053.parquet'}
[2026-07-13 19:00:53] [INFO] [entry_v2.run_pipeline] [Entry v2 run_pipeline] Step 2: locate latest entry_v2_dataset_*.csv
[2026-07-13 19:00:53] [INFO] [entry_v2.run_pipeline] [Entry v2 run_pipeline] latest unified CSV: data/entry_v2\entry_v2_dataset_20260713_160053.csv
[2026-07-13 19:00:53] [INFO] [entry_v2.run_pipeline] [Entry v2 run_pipeline] Step 3: generate_features from latest unified CSV
[2026-07-13 19:00:59] [INFO] [entry_v2.run_pipeline] [Entry v2 run_pipeline] feature_engineering done: generated_rows=24849 parquet_path=data/entry_v2/features_dataset.parquet csv_path=data/entry_v2/features_dataset.csv
[2026-07-13 19:00:59] [INFO] [entry_v2.run_pipeline] [Entry v2 run_pipeline] Step 4: generate_entry_labels_v2 -> labeled_dataset.*
[2026-07-13 19:01:21] [INFO] [entry_v2.run_pipeline] [Entry v2 run_pipeline] label_report: win_rate=0.441828645015896 total=24849 output=data/entry_v2/labeled_dataset.parquet/data/entry_v2/labeled_dataset.csv
[2026-07-13 19:01:21] [INFO] [entry_v2.run_pipeline] [Entry v2 run_pipeline] Step 5: dataset_audit
[2026-07-13 19:05:50] [INFO] [entry_v2.run_pipeline] [Entry v2 run_pipeline] Dataset audit verdict=FAIL reason={'constant_features_exist': True, 'leakage_detected': False, 'class_imbalance_exceeds': False}
[2026-07-13 19:05:50] [INFO] [entry_v2.run_pipeline] [Entry v2 run_pipeline] dataset_report.md: data/entry_v2/audit_reports/dataset_report.md
[2026-07-13 19:06:21] [INFO] [main] Trading Bot V3 starting...
[2026-07-13 19:06:21] [INFO] [database] V3 Database initialized with all tables
[2026-07-13 19:06:21] [INFO] [qd_client] Logged in to QuantDinger
[2026-07-13 19:06:21] [INFO] [qd_client] MT5 connected
[2026-07-13 19:06:21] [INFO] [main] MT5 connected
[2026-07-13 19:06:21] [INFO] [main] [STARTUP_SAFETY] Starting startup safety check (run-once)
[2026-07-13 19:06:21] [WARNING] [main] [STARTUP_SAFETY] mt5.positions_get None diagnostic last_error=(1, 'Success')
[2026-07-13 19:06:21] [INFO] [main] [STARTUP_SAFETY] MT5 open positions count=0
[2026-07-13 19:06:21] [INFO] [main] [STARTUP_SAFETY] DB open trades count=0
[2026-07-13 19:06:21] [INFO] [main] [STARTUP_SAFETY] missing_in_db(MT5-only)=0 missing_in_mt5(DB-only)=0
[2026-07-13 19:06:21] [INFO] [main] [STARTUP_SAFETY] Synced open positions count=0
[2026-07-13 19:06:21] [INFO] [main] [STARTUP_SAFETY] Completed startup safety check successfully
[2026-07-13 19:06:21] [INFO] [telegram_bot] Telegram polling started
[2026-07-13 19:06:21] [INFO] [telegram_bot] Telegram bot V3 started
[2026-07-13 19:06:21] [INFO] [mt5_watchdog] MT5 watchdog started (V1 reconnect logic)
[2026-07-13 19:06:21] [INFO] [reconciliation] Reconciliation loop started (every 60s)
[2026-07-13 19:06:21] [INFO] [reconciliation] Reconciliation thread started (safety only)
[2026-07-13 19:06:21] [INFO] [post_entry_manager] PostEntryManager started
[2026-07-13 19:06:22] [INFO] [main] ==================================================
[2026-07-13 19:06:22] [INFO] [main] Cycle 1 at 19:06:22
[2026-07-13 19:06:31] [INFO] [news_fetcher] Fetched 21 relevant news items
[2026-07-13 19:06:31] [INFO] [main] Equity: 74386.52$ | News: 21
[2026-07-13 19:06:31] [DEBUG] [hybrid_market_client] Fetching indicators for EURUSD (QuantDinger only)
[2026-07-13 19:06:31] [DEBUG] [market_client] DEBUG: Requesting EURUSD H4 as '4H'
[2026-07-13 19:06:32] [DEBUG] [market_client] Candles EURUSD 4H: 100 bars ✓
[2026-07-13 19:06:32] [DEBUG] [hybrid_market_client] ✓ Got live data from QuantDinger for EURUSD
[2026-07-13 19:06:32] [DEBUG] [hybrid_market_client] Fetching indicators for EURUSD (QuantDinger only)
[2026-07-13 19:06:32] [DEBUG] [market_client] DEBUG: Requesting EURUSD H1 as '1H'
[2026-07-13 19:06:32] [DEBUG] [market_client] Candles EURUSD 1H: 100 bars ✓
[2026-07-13 19:06:32] [DEBUG] [hybrid_market_client] ✓ Got live data from QuantDinger for EURUSD
[2026-07-13 19:06:32] [DEBUG] [hybrid_market_client] Fetching indicators for EURUSD (QuantDinger only)
[2026-07-13 19:06:32] [DEBUG] [market_client] DEBUG: Requesting EURUSD M15 as 'M15'
[2026-07-13 19:06:32] [WARNING] [market_client] Candles API error for EURUSD: No data found (code=0)
[2026-07-13 19:06:32] [WARNING] [market_client] Using FALLBACK indicators for EURUSD M15 (candles=0)
[2026-07-13 19:06:32] [ERROR] [main] Main loop: QuantDinger returned empty data for EURUSD - no fallback available
[2026-07-13 19:06:48] [INFO] [entry_v2.run_pipeline] [Entry v2 run_pipeline] Dataset audit verdict=FAIL reason={'constant_features_exist': True, 'leakage_detected': False, 'class_imbalance_exceeds': False}
[2026-07-13 19:06:48] [INFO] [entry_v2.run_pipeline] [Entry v2 run_pipeline] dataset_report.md: data/entry_v2/audit_reports/dataset_report.md
[2026-07-13 19:06:51] [INFO] [entry_v2.run_pipeline] [Entry v2 run_pipeline] Dataset audit verdict=FAIL reason={'constant_features_exist': True, 'leakage_detected': False, 'class_imbalance_exceeds': False}
[2026-07-13 19:06:51] [INFO] [entry_v2.run_pipeline] [Entry v2 run_pipeline] dataset_report.md: data/entry_v2/audit_reports/dataset_report.md
[2026-07-13 19:07:04] [INFO] [entry_v2.run_pipeline] [Entry v2 run_pipeline] Dataset audit verdict=FAIL reason={'constant_features_exist': True, 'leakage_detected': False, 'class_imbalance_exceeds': False}
[2026-07-13 19:07:04] [INFO] [entry_v2.run_pipeline] [Entry v2 run_pipeline] dataset_report.md: data/entry_v2/audit_reports/dataset_report.md
[2026-07-13 19:07:33] [INFO] [main] ==================================================
[2026-07-13 19:07:33] [INFO] [main] Cycle 2 at 19:07:33
[2026-07-13 19:07:34] [INFO] [main] Equity: 74386.52$ | News: 21
[2026-07-13 19:07:34] [DEBUG] [hybrid_market_client] Fetching indicators for EURUSD (QuantDinger only)
[2026-07-13 19:07:34] [DEBUG] [market_client] Using cached candles for EURUSD H4 (age: 62s)
[2026-07-13 19:07:34] [DEBUG] [hybrid_market_client] ✓ Got live data from QuantDinger for EURUSD
[2026-07-13 19:07:34] [DEBUG] [hybrid_market_client] Fetching indicators for EURUSD (QuantDinger only)
[2026-07-13 19:07:34] [DEBUG] [market_client] Using cached candles for EURUSD H1 (age: 61s)
[2026-07-13 19:07:34] [DEBUG] [hybrid_market_client] ✓ Got live data from QuantDinger for EURUSD
[2026-07-13 19:07:34] [DEBUG] [hybrid_market_client] Fetching indicators for EURUSD (QuantDinger only)
[2026-07-13 19:07:34] [DEBUG] [market_client] DEBUG: Requesting EURUSD M15 as 'M15'
[2026-07-13 19:07:34] [WARNING] [market_client] Candles API error for EURUSD: No data found (code=0)
[2026-07-13 19:07:34] [WARNING] [market_client] Using FALLBACK indicators for EURUSD M15 (candles=0)
[2026-07-13 19:07:34] [ERROR] [main] Main loop: QuantDinger returned empty data for EURUSD - no fallback available
[2026-07-13 19:08:23] [INFO] [main] Trading Bot V3 starting...
[2026-07-13 19:08:23] [INFO] [database] V3 Database initialized with all tables
[2026-07-13 19:08:23] [INFO] [qd_client] Logged in to QuantDinger
[2026-07-13 19:08:23] [INFO] [qd_client] MT5 connected
[2026-07-13 19:08:23] [INFO] [main] MT5 connected
[2026-07-13 19:08:23] [INFO] [main] [STARTUP_SAFETY] Starting startup safety check (run-once)
[2026-07-13 19:08:23] [WARNING] [main] [STARTUP_SAFETY] mt5.positions_get None diagnostic last_error=(1, 'Success')
[2026-07-13 19:08:23] [INFO] [main] [STARTUP_SAFETY] MT5 open positions count=0
[2026-07-13 19:08:23] [INFO] [main] [STARTUP_SAFETY] DB open trades count=0
[2026-07-13 19:08:23] [INFO] [main] [STARTUP_SAFETY] missing_in_db(MT5-only)=0 missing_in_mt5(DB-only)=0
[2026-07-13 19:08:23] [INFO] [main] [STARTUP_SAFETY] Synced open positions count=0
[2026-07-13 19:08:23] [INFO] [main] [STARTUP_SAFETY] Completed startup safety check successfully
[2026-07-13 19:08:23] [INFO] [telegram_bot] Telegram polling started
[2026-07-13 19:08:23] [INFO] [telegram_bot] Telegram bot V3 started
[2026-07-13 19:08:23] [INFO] [mt5_watchdog] MT5 watchdog started (V1 reconnect logic)
[2026-07-13 19:08:23] [INFO] [reconciliation] Reconciliation loop started (every 60s)
[2026-07-13 19:08:23] [INFO] [reconciliation] Reconciliation thread started (safety only)
[2026-07-13 19:08:23] [INFO] [post_entry_manager] PostEntryManager started
[2026-07-13 19:08:24] [INFO] [main] ==================================================
[2026-07-13 19:08:24] [INFO] [main] Cycle 1 at 19:08:24
[2026-07-13 19:08:32] [INFO] [news_fetcher] Fetched 21 relevant news items
[2026-07-13 19:08:32] [INFO] [main] Equity: 74386.52$ | News: 21
[2026-07-13 19:08:32] [DEBUG] [hybrid_market_client] Fetching indicators for EURUSD (QuantDinger only)
[2026-07-13 19:08:32] [DEBUG] [market_client] DEBUG: Requesting EURUSD H4 as '4H'
[2026-07-13 19:08:32] [DEBUG] [market_client] Candles EURUSD 4H: 100 bars ✓
[2026-07-13 19:08:32] [DEBUG] [hybrid_market_client] ✓ Got live data from QuantDinger for EURUSD
[2026-07-13 19:08:32] [DEBUG] [hybrid_market_client] Fetching indicators for EURUSD (QuantDinger only)
[2026-07-13 19:08:32] [DEBUG] [market_client] DEBUG: Requesting EURUSD H1 as '1H'
[2026-07-13 19:08:32] [DEBUG] [market_client] Candles EURUSD 1H: 100 bars ✓
[2026-07-13 19:08:32] [DEBUG] [hybrid_market_client] ✓ Got live data from QuantDinger for EURUSD
[2026-07-13 19:08:32] [DEBUG] [hybrid_market_client] Fetching indicators for EURUSD (QuantDinger only)
[2026-07-13 19:08:32] [DEBUG] [market_client] DEBUG: Requesting EURUSD M15 as 'M15'
[2026-07-13 19:08:32] [WARNING] [market_client] Candles API error for EURUSD: No data found (code=0)
[2026-07-13 19:08:32] [WARNING] [market_client] Using FALLBACK indicators for EURUSD M15 (candles=0)
[2026-07-13 19:08:32] [ERROR] [main] Main loop: QuantDinger returned empty data for EURUSD - no fallback available
[2026-07-13 19:09:29] [INFO] [entry_v2.run_pipeline] [Entry v2 run_pipeline] Step 1: build_dataset -> unified CSV/Parquet
[2026-07-13 19:09:29] [INFO] [entry_v2.candle_loader] [entry_v2] loading candles symbol=EURUSD timeframe=H4 count=2191
[2026-07-13 19:09:29] [DEBUG] [market_client] DEBUG: Requesting EURUSD H4 as '4H'
[2026-07-13 19:09:30] [INFO] [qd_client] Logged in to QuantDinger
[2026-07-13 19:09:30] [DEBUG] [market_client] Candles EURUSD 4H: 2191 bars ✓
[2026-07-13 19:09:30] [INFO] [entry_v2.candle_loader] [entry_v2] loading candles symbol=EURUSD timeframe=H1 count=8766
[2026-07-13 19:09:30] [DEBUG] [market_client] DEBUG: Requesting EURUSD H1 as '1H'
[2026-07-13 19:09:31] [DEBUG] [market_client] Candles EURUSD 1H: 8766 bars ✓
[2026-07-13 19:09:31] [INFO] [entry_v2.candle_loader] [entry_v2] loading candles symbol=GBPUSD timeframe=H4 count=2191
[2026-07-13 19:09:31] [DEBUG] [market_client] DEBUG: Requesting GBPUSD H4 as '4H'
[2026-07-13 19:09:32] [DEBUG] [market_client] Candles GBPUSD 4H: 2191 bars ✓
[2026-07-13 19:09:32] [INFO] [entry_v2.candle_loader] [entry_v2] loading candles symbol=GBPUSD timeframe=H1 count=8766
[2026-07-13 19:09:32] [DEBUG] [market_client] DEBUG: Requesting GBPUSD H1 as '1H'
[2026-07-13 19:09:33] [DEBUG] [market_client] Candles GBPUSD 1H: 8766 bars ✓
[2026-07-13 19:09:33] [INFO] [entry_v2.candle_loader] [entry_v2] loading candles symbol=XAUUSD timeframe=H4 count=2191
[2026-07-13 19:09:33] [DEBUG] [market_client] DEBUG: Requesting XAUUSD H4 as '4H'
[2026-07-13 19:09:33] [DEBUG] [market_client] Candles XAUUSD 4H: 2191 bars ✓
[2026-07-13 19:09:33] [INFO] [entry_v2.candle_loader] [entry_v2] loading candles symbol=XAUUSD timeframe=H1 count=8766
[2026-07-13 19:09:33] [DEBUG] [market_client] DEBUG: Requesting XAUUSD H1 as '1H'
[2026-07-13 19:09:35] [DEBUG] [market_client] Candles XAUUSD 1H: 8600 bars ✓
[2026-07-13 19:09:35] [INFO] [entry_v2.candle_loader] [entry_v2] candle_loader load_required_history summary:
[2026-07-13 19:09:35] [INFO] [entry_v2.candle_loader]   ✅ loaded EURUSD_H1 bars=8766
[2026-07-13 19:09:35] [INFO] [entry_v2.candle_loader]   ✅ loaded EURUSD_H4 bars=2191
[2026-07-13 19:09:35] [INFO] [entry_v2.candle_loader]   ✅ loaded GBPUSD_H1 bars=8766
[2026-07-13 19:09:35] [INFO] [entry_v2.candle_loader]   ✅ loaded GBPUSD_H4 bars=2191
[2026-07-13 19:09:35] [INFO] [entry_v2.candle_loader]   ✅ loaded XAUUSD_H1 bars=8600
[2026-07-13 19:09:35] [INFO] [entry_v2.candle_loader]   ✅ loaded XAUUSD_H4 bars=2191
[2026-07-13 19:09:35] [INFO] [entry_v2.dataset_builder] [entry_v2] dataset built rows=26132 missing_rows=684
[2026-07-13 19:09:35] [INFO] [entry_v2.run_pipeline] [Entry v2 run_pipeline] dataset_builder meta: row_count=26132 exports={'csv': 'data/entry_v2/entry_v2_dataset_20260713_160935.csv', 'parquet': 'data/entry_v2/entry_v2_dataset_20260713_160935.parquet'}
[2026-07-13 19:09:35] [INFO] [entry_v2.run_pipeline] [Entry v2 run_pipeline] Step 2: locate latest entry_v2_dataset_*.csv
[2026-07-13 19:09:35] [INFO] [entry_v2.run_pipeline] [Entry v2 run_pipeline] latest unified CSV: data/entry_v2\entry_v2_dataset_20260713_160935.csv
[2026-07-13 19:09:35] [INFO] [entry_v2.run_pipeline] [Entry v2 run_pipeline] Step 3: generate_features from latest unified CSV
[2026-07-13 19:09:38] [INFO] [entry_v2.run_pipeline] [Entry v2 run_pipeline] feature_engineering done: generated_rows=24851 parquet_path=data/entry_v2/features_dataset.parquet csv_path=data/entry_v2/features_dataset.csv
[2026-07-13 19:09:38] [INFO] [entry_v2.run_pipeline] [Entry v2 run_pipeline] Step 4: generate_entry_labels_v2 -> labeled_dataset.*
[2026-07-13 19:09:51] [INFO] [entry_v2.run_pipeline] [Entry v2 run_pipeline] label_report: win_rate=0.441793086797312 total=24851 output=data/entry_v2/labeled_dataset.parquet/data/entry_v2/labeled_dataset.csv
[2026-07-13 19:09:51] [INFO] [entry_v2.run_pipeline] [Entry v2 run_pipeline] Step 5: dataset_audit
[2026-07-13 19:13:10] [INFO] [entry_v2.run_pipeline] [Entry v2 run_pipeline] Dataset audit verdict=FAIL reason={'constant_features_exist': True, 'leakage_detected': False, 'class_imbalance_exceeds': False}
[2026-07-13 19:13:10] [INFO] [entry_v2.run_pipeline] [Entry v2 run_pipeline] dataset_report.md: data/entry_v2/audit_reports/dataset_report.md
[2026-07-13 19:15:09] [INFO] [entry_v2.run_pipeline] [Entry v2 run_pipeline] Step 1: build_dataset -> unified CSV/Parquet
[2026-07-13 19:15:09] [INFO] [entry_v2.candle_loader] [entry_v2] loading candles symbol=EURUSD timeframe=H4 count=2191
[2026-07-13 19:15:09] [DEBUG] [market_client] DEBUG: Requesting EURUSD H4 as '4H'
[2026-07-13 19:15:09] [INFO] [qd_client] Logged in to QuantDinger
[2026-07-13 19:15:10] [DEBUG] [market_client] Candles EURUSD 4H: 2191 bars ✓
[2026-07-13 19:15:10] [INFO] [entry_v2.candle_loader] [entry_v2] loading candles symbol=EURUSD timeframe=H1 count=8766
[2026-07-13 19:15:10] [DEBUG] [market_client] DEBUG: Requesting EURUSD H1 as '1H'
[2026-07-13 19:15:11] [DEBUG] [market_client] Candles EURUSD 1H: 8766 bars ✓
[2026-07-13 19:15:11] [INFO] [entry_v2.candle_loader] [entry_v2] loading candles symbol=GBPUSD timeframe=H4 count=2191
[2026-07-13 19:15:11] [DEBUG] [market_client] DEBUG: Requesting GBPUSD H4 as '4H'
[2026-07-13 19:15:12] [DEBUG] [market_client] Candles GBPUSD 4H: 2191 bars ✓
[2026-07-13 19:15:12] [INFO] [entry_v2.candle_loader] [entry_v2] loading candles symbol=GBPUSD timeframe=H1 count=8766
[2026-07-13 19:15:12] [DEBUG] [market_client] DEBUG: Requesting GBPUSD H1 as '1H'
[2026-07-13 19:15:13] [DEBUG] [market_client] Candles GBPUSD 1H: 8766 bars ✓
[2026-07-13 19:15:13] [INFO] [entry_v2.candle_loader] [entry_v2] loading candles symbol=XAUUSD timeframe=H4 count=2191
[2026-07-13 19:15:13] [DEBUG] [market_client] DEBUG: Requesting XAUUSD H4 as '4H'
[2026-07-13 19:15:14] [DEBUG] [market_client] Candles XAUUSD 4H: 2191 bars ✓
[2026-07-13 19:15:14] [INFO] [entry_v2.candle_loader] [entry_v2] loading candles symbol=XAUUSD timeframe=H1 count=8766
[2026-07-13 19:15:14] [DEBUG] [market_client] DEBUG: Requesting XAUUSD H1 as '1H'
[2026-07-13 19:15:15] [DEBUG] [market_client] Candles XAUUSD 1H: 8601 bars ✓
[2026-07-13 19:15:15] [INFO] [entry_v2.candle_loader] [entry_v2] candle_loader load_required_history summary:
[2026-07-13 19:15:15] [INFO] [entry_v2.candle_loader]   ✅ loaded EURUSD_H1 bars=8766
[2026-07-13 19:15:15] [INFO] [entry_v2.candle_loader]   ✅ loaded EURUSD_H4 bars=2191
[2026-07-13 19:15:15] [INFO] [entry_v2.candle_loader]   ✅ loaded GBPUSD_H1 bars=8766
[2026-07-13 19:15:15] [INFO] [entry_v2.candle_loader]   ✅ loaded GBPUSD_H4 bars=2191
[2026-07-13 19:15:15] [INFO] [entry_v2.candle_loader]   ✅ loaded XAUUSD_H1 bars=8601
[2026-07-13 19:15:15] [INFO] [entry_v2.candle_loader]   ✅ loaded XAUUSD_H4 bars=2191
[2026-07-13 19:15:15] [INFO] [entry_v2.dataset_builder] [entry_v2] dataset built rows=26133 missing_rows=688
[2026-07-13 19:15:15] [INFO] [entry_v2.run_pipeline] [Entry v2 run_pipeline] dataset_builder meta: row_count=26133 exports={'csv': 'data/entry_v2/entry_v2_dataset_20260713_161515.csv', 'parquet': 'data/entry_v2/entry_v2_dataset_20260713_161515.parquet'}
[2026-07-13 19:15:15] [INFO] [entry_v2.run_pipeline] [Entry v2 run_pipeline] Step 2: locate latest entry_v2_dataset_*.csv
[2026-07-13 19:15:15] [INFO] [entry_v2.run_pipeline] [Entry v2 run_pipeline] latest unified CSV: data/entry_v2\entry_v2_dataset_20260713_161515.csv
[2026-07-13 19:15:15] [INFO] [entry_v2.run_pipeline] [Entry v2 run_pipeline] Step 3: generate_features from latest unified CSV
[2026-07-13 19:15:18] [INFO] [entry_v2.run_pipeline] [Entry v2 run_pipeline] feature_engineering done: generated_rows=24848 parquet_path=data/entry_v2/features_dataset.parquet csv_path=data/entry_v2/features_dataset.csv
[2026-07-13 19:15:18] [INFO] [entry_v2.run_pipeline] [Entry v2 run_pipeline] Step 4: generate_entry_labels_v2 -> labeled_dataset.*
[2026-07-13 19:15:33] [INFO] [entry_v2.run_pipeline] [Entry v2 run_pipeline] label_report: win_rate=0.44184642627173215 total=24848 output=data/entry_v2/labeled_dataset.parquet/data/entry_v2/labeled_dataset.csv
[2026-07-13 19:15:33] [INFO] [entry_v2.run_pipeline] [Entry v2 run_pipeline] Step 5: dataset_audit
[2026-07-13 19:19:01] [INFO] [entry_v2.run_pipeline] [Entry v2 run_pipeline] Step 1: build_dataset -> unified CSV/Parquet
[2026-07-13 19:19:01] [INFO] [entry_v2.candle_loader] [entry_v2] loading candles symbol=EURUSD timeframe=H4 count=2191
[2026-07-13 19:19:01] [DEBUG] [market_client] DEBUG: Requesting EURUSD H4 as '4H'
[2026-07-13 19:19:02] [INFO] [qd_client] Logged in to QuantDinger
[2026-07-13 19:19:02] [DEBUG] [market_client] Candles EURUSD 4H: 2191 bars ✓
[2026-07-13 19:19:02] [INFO] [entry_v2.candle_loader] [entry_v2] loading candles symbol=EURUSD timeframe=H1 count=8766
[2026-07-13 19:19:02] [DEBUG] [market_client] DEBUG: Requesting EURUSD H1 as '1H'
[2026-07-13 19:19:02] [DEBUG] [market_client] Candles EURUSD 1H: 8766 bars ✓
[2026-07-13 19:19:02] [INFO] [entry_v2.candle_loader] [entry_v2] loading candles symbol=GBPUSD timeframe=H4 count=2191
[2026-07-13 19:19:02] [DEBUG] [market_client] DEBUG: Requesting GBPUSD H4 as '4H'
[2026-07-13 19:19:02] [DEBUG] [market_client] Candles GBPUSD 4H: 2191 bars ✓
[2026-07-13 19:19:02] [INFO] [entry_v2.candle_loader] [entry_v2] loading candles symbol=GBPUSD timeframe=H1 count=8766
[2026-07-13 19:19:02] [DEBUG] [market_client] DEBUG: Requesting GBPUSD H1 as '1H'
[2026-07-13 19:19:02] [DEBUG] [market_client] Candles GBPUSD 1H: 8766 bars ✓
[2026-07-13 19:19:02] [INFO] [entry_v2.candle_loader] [entry_v2] loading candles symbol=XAUUSD timeframe=H4 count=2191
[2026-07-13 19:19:02] [DEBUG] [market_client] DEBUG: Requesting XAUUSD H4 as '4H'
[2026-07-13 19:19:02] [DEBUG] [market_client] Candles XAUUSD 4H: 2191 bars ✓
[2026-07-13 19:19:02] [INFO] [entry_v2.candle_loader] [entry_v2] loading candles symbol=XAUUSD timeframe=H1 count=8766
[2026-07-13 19:19:02] [DEBUG] [market_client] DEBUG: Requesting XAUUSD H1 as '1H'
[2026-07-13 19:19:02] [DEBUG] [market_client] Candles XAUUSD 1H: 8601 bars ✓
[2026-07-13 19:19:02] [INFO] [entry_v2.candle_loader] [entry_v2] candle_loader load_required_history summary:
[2026-07-13 19:19:02] [INFO] [entry_v2.candle_loader]   ✅ loaded EURUSD_H1 bars=8766
[2026-07-13 19:19:02] [INFO] [entry_v2.candle_loader]   ✅ loaded EURUSD_H4 bars=2191
[2026-07-13 19:19:02] [INFO] [entry_v2.candle_loader]   ✅ loaded GBPUSD_H1 bars=8766
[2026-07-13 19:19:02] [INFO] [entry_v2.candle_loader]   ✅ loaded GBPUSD_H4 bars=2191
[2026-07-13 19:19:02] [INFO] [entry_v2.candle_loader]   ✅ loaded XAUUSD_H1 bars=8601
[2026-07-13 19:19:02] [INFO] [entry_v2.candle_loader]   ✅ loaded XAUUSD_H4 bars=2191
[2026-07-13 19:19:03] [INFO] [entry_v2.dataset_builder] [entry_v2] dataset built rows=26133 missing_rows=688
[2026-07-13 19:19:03] [INFO] [entry_v2.run_pipeline] [Entry v2 run_pipeline] dataset_builder meta: row_count=26133 exports={'csv': 'data/entry_v2/entry_v2_dataset_20260713_161902.csv', 'parquet': 'data/entry_v2/entry_v2_dataset_20260713_161902.parquet'}
[2026-07-13 19:19:03] [INFO] [entry_v2.run_pipeline] [Entry v2 run_pipeline] Step 2: locate latest entry_v2_dataset_*.csv
[2026-07-13 19:19:03] [INFO] [entry_v2.run_pipeline] [Entry v2 run_pipeline] latest unified CSV: data/entry_v2\entry_v2_dataset_20260713_161902.csv
[2026-07-13 19:19:03] [INFO] [entry_v2.run_pipeline] [Entry v2 run_pipeline] Step 3: generate_features from latest unified CSV
[2026-07-13 19:19:04] [ERROR] [entry_v2.run_pipeline] [Entry v2 run_pipeline] FAILED: Engineered dataset missing feature columns: ['lag1_rsi_14', 'lag2_rsi_14', 'lag3_rsi_14', 'lag1_atr_14', 'lag2_atr_14', 'lag3_atr_14', 'lag1_adx_14', 'lag2_adx_14', 'lag3_adx_14', 'lag1_macd', 'lag2_macd', 'lag3_macd', 'lag1_momentum', 'lag2_momentum', 'lag3_momentum', 'delta_rsi_14', 'delta_atr_14', 'delta_adx_14', 'delta_macd', 'delta_momentum', 'trend_agree_h1_m15', 'trend_agree_h4_m15']
Traceback (most recent call last):
  File "F:\files (2)\google\botdd\trading_bot_v3\analysis\entry_v2\run_pipeline.py", line 130, in <module>
    main()
    ~~~~^^
  File "F:\files (2)\google\botdd\trading_bot_v3\analysis\entry_v2\run_pipeline.py", line 87, in main
    feat_result = generate_features(
        dataset_csv_path=latest_csv,
        output_dir=out_dir,
        # feature_engineering already writes to data/entry_v2/features_dataset.* by default
    )
  File "F:\files (2)\google\botdd\trading_bot_v3\analysis\entry_v2\feature_engineering.py", line 795, in generate_features
    raise RuntimeError(f"Engineered dataset missing feature columns: {missing_cols[:50]}")
RuntimeError: Engineered dataset missing feature columns: ['lag1_rsi_14', 'lag2_rsi_14', 'lag3_rsi_14', 'lag1_atr_14', 'lag2_atr_14', 'lag3_atr_14', 'lag1_adx_14', 'lag2_adx_14', 'lag3_adx_14', 'lag1_macd', 'lag2_macd', 'lag3_macd', 'lag1_momentum', 'lag2_momentum', 'lag3_momentum', 'delta_rsi_14', 'delta_atr_14', 'delta_adx_14', 'delta_macd', 'delta_momentum', 'trend_agree_h1_m15', 'trend_agree_h4_m15']
[2026-07-13 19:19:07] [INFO] [entry_v2.run_pipeline] [Entry v2 run_pipeline] Dataset audit verdict=FAIL reason={'constant_features_exist': True, 'leakage_detected': False, 'class_imbalance_exceeds': False}
[2026-07-13 19:19:07] [INFO] [entry_v2.run_pipeline] [Entry v2 run_pipeline] dataset_report.md: data/entry_v2/audit_reports/dataset_report.md
[2026-07-13 19:20:52] [INFO] [entry_v2.run_pipeline] [Entry v2 run_pipeline] Step 1: build_dataset -> unified CSV/Parquet
[2026-07-13 19:20:52] [INFO] [entry_v2.candle_loader] [entry_v2] loading candles symbol=EURUSD timeframe=H4 count=2191
[2026-07-13 19:20:52] [DEBUG] [market_client] DEBUG: Requesting EURUSD H4 as '4H'
[2026-07-13 19:20:52] [INFO] [qd_client] Logged in to QuantDinger
[2026-07-13 19:20:53] [DEBUG] [market_client] Candles EURUSD 4H: 2191 bars ✓
[2026-07-13 19:20:53] [INFO] [entry_v2.candle_loader] [entry_v2] loading candles symbol=EURUSD timeframe=H1 count=8766
[2026-07-13 19:20:53] [DEBUG] [market_client] DEBUG: Requesting EURUSD H1 as '1H'
[2026-07-13 19:20:54] [DEBUG] [market_client] Candles EURUSD 1H: 8766 bars ✓
[2026-07-13 19:20:54] [INFO] [entry_v2.candle_loader] [entry_v2] loading candles symbol=GBPUSD timeframe=H4 count=2191
[2026-07-13 19:20:54] [DEBUG] [market_client] DEBUG: Requesting GBPUSD H4 as '4H'
[2026-07-13 19:20:55] [DEBUG] [market_client] Candles GBPUSD 4H: 2191 bars ✓
[2026-07-13 19:20:55] [INFO] [entry_v2.candle_loader] [entry_v2] loading candles symbol=GBPUSD timeframe=H1 count=8766
[2026-07-13 19:20:55] [DEBUG] [market_client] DEBUG: Requesting GBPUSD H1 as '1H'
[2026-07-13 19:20:56] [DEBUG] [market_client] Candles GBPUSD 1H: 8766 bars ✓
[2026-07-13 19:20:56] [INFO] [entry_v2.candle_loader] [entry_v2] loading candles symbol=XAUUSD timeframe=H4 count=2191
[2026-07-13 19:20:56] [DEBUG] [market_client] DEBUG: Requesting XAUUSD H4 as '4H'
[2026-07-13 19:20:57] [DEBUG] [market_client] Candles XAUUSD 4H: 2191 bars ✓
[2026-07-13 19:20:57] [INFO] [entry_v2.candle_loader] [entry_v2] loading candles symbol=XAUUSD timeframe=H1 count=8766
[2026-07-13 19:20:57] [DEBUG] [market_client] DEBUG: Requesting XAUUSD H1 as '1H'
[2026-07-13 19:20:59] [DEBUG] [market_client] Candles XAUUSD 1H: 8601 bars ✓
[2026-07-13 19:20:59] [INFO] [entry_v2.candle_loader] [entry_v2] candle_loader load_required_history summary:
[2026-07-13 19:20:59] [INFO] [entry_v2.candle_loader]   ✅ loaded EURUSD_H1 bars=8766
[2026-07-13 19:20:59] [INFO] [entry_v2.candle_loader]   ✅ loaded EURUSD_H4 bars=2191
[2026-07-13 19:20:59] [INFO] [entry_v2.candle_loader]   ✅ loaded GBPUSD_H1 bars=8766
[2026-07-13 19:20:59] [INFO] [entry_v2.candle_loader]   ✅ loaded GBPUSD_H4 bars=2191
[2026-07-13 19:20:59] [INFO] [entry_v2.candle_loader]   ✅ loaded XAUUSD_H1 bars=8601
[2026-07-13 19:20:59] [INFO] [entry_v2.candle_loader]   ✅ loaded XAUUSD_H4 bars=2191
[2026-07-13 19:20:59] [INFO] [entry_v2.dataset_builder] [entry_v2] dataset built rows=26133 missing_rows=688
[2026-07-13 19:20:59] [INFO] [entry_v2.run_pipeline] [Entry v2 run_pipeline] dataset_builder meta: row_count=26133 exports={'csv': 'data/entry_v2/entry_v2_dataset_20260713_162059.csv', 'parquet': 'data/entry_v2/entry_v2_dataset_20260713_162059.parquet'}
[2026-07-13 19:20:59] [INFO] [entry_v2.run_pipeline] [Entry v2 run_pipeline] Step 2: locate latest entry_v2_dataset_*.csv
[2026-07-13 19:20:59] [INFO] [entry_v2.run_pipeline] [Entry v2 run_pipeline] latest unified CSV: data/entry_v2\entry_v2_dataset_20260713_162059.csv
[2026-07-13 19:20:59] [INFO] [entry_v2.run_pipeline] [Entry v2 run_pipeline] Step 3: generate_features from latest unified CSV
[2026-07-13 19:21:00] [ERROR] [entry_v2.run_pipeline] [Entry v2 run_pipeline] FAILED: Engineered dataset missing feature columns: ['lag1_rsi_14', 'lag2_rsi_14', 'lag3_rsi_14', 'lag1_atr_14', 'lag2_atr_14', 'lag3_atr_14', 'lag1_adx_14', 'lag2_adx_14', 'lag3_adx_14', 'lag1_macd', 'lag2_macd', 'lag3_macd', 'lag1_momentum', 'lag2_momentum', 'lag3_momentum', 'delta_rsi_14', 'delta_atr_14', 'delta_adx_14', 'delta_macd', 'delta_momentum', 'trend_agree_h1_m15', 'trend_agree_h4_m15']
Traceback (most recent call last):
  File "F:\files (2)\google\botdd\trading_bot_v3\analysis\entry_v2\run_pipeline.py", line 130, in <module>
    main()
    ~~~~^^
  File "F:\files (2)\google\botdd\trading_bot_v3\analysis\entry_v2\run_pipeline.py", line 87, in main
    feat_result = generate_features(
        dataset_csv_path=latest_csv,
        output_dir=out_dir,
        # feature_engineering already writes to data/entry_v2/features_dataset.* by default
    )
  File "F:\files (2)\google\botdd\trading_bot_v3\analysis\entry_v2\feature_engineering.py", line 791, in generate_features
    raise RuntimeError(f"Engineered dataset missing feature columns: {missing_cols[:50]}")
RuntimeError: Engineered dataset missing feature columns: ['lag1_rsi_14', 'lag2_rsi_14', 'lag3_rsi_14', 'lag1_atr_14', 'lag2_atr_14', 'lag3_atr_14', 'lag1_adx_14', 'lag2_adx_14', 'lag3_adx_14', 'lag1_macd', 'lag2_macd', 'lag3_macd', 'lag1_momentum', 'lag2_momentum', 'lag3_momentum', 'delta_rsi_14', 'delta_atr_14', 'delta_adx_14', 'delta_macd', 'delta_momentum', 'trend_agree_h1_m15', 'trend_agree_h4_m15']
[2026-07-13 19:22:07] [INFO] [entry_v2.run_pipeline] [Entry v2 run_pipeline] Step 1: build_dataset -> unified CSV/Parquet
[2026-07-13 19:22:07] [INFO] [entry_v2.candle_loader] [entry_v2] loading candles symbol=EURUSD timeframe=H4 count=2191
[2026-07-13 19:22:07] [DEBUG] [market_client] DEBUG: Requesting EURUSD H4 as '4H'
[2026-07-13 19:22:08] [INFO] [qd_client] Logged in to QuantDinger
[2026-07-13 19:22:08] [DEBUG] [market_client] Candles EURUSD 4H: 2191 bars ✓
[2026-07-13 19:22:08] [INFO] [entry_v2.candle_loader] [entry_v2] loading candles symbol=EURUSD timeframe=H1 count=8766
[2026-07-13 19:22:08] [DEBUG] [market_client] DEBUG: Requesting EURUSD H1 as '1H'
[2026-07-13 19:22:08] [DEBUG] [market_client] Candles EURUSD 1H: 8766 bars ✓
[2026-07-13 19:22:08] [INFO] [entry_v2.candle_loader] [entry_v2] loading candles symbol=GBPUSD timeframe=H4 count=2191
[2026-07-13 19:22:08] [DEBUG] [market_client] DEBUG: Requesting GBPUSD H4 as '4H'
[2026-07-13 19:22:08] [DEBUG] [market_client] Candles GBPUSD 4H: 2191 bars ✓
[2026-07-13 19:22:08] [INFO] [entry_v2.candle_loader] [entry_v2] loading candles symbol=GBPUSD timeframe=H1 count=8766
[2026-07-13 19:22:08] [DEBUG] [market_client] DEBUG: Requesting GBPUSD H1 as '1H'
[2026-07-13 19:22:08] [DEBUG] [market_client] Candles GBPUSD 1H: 8766 bars ✓
[2026-07-13 19:22:08] [INFO] [entry_v2.candle_loader] [entry_v2] loading candles symbol=XAUUSD timeframe=H4 count=2191
[2026-07-13 19:22:08] [DEBUG] [market_client] DEBUG: Requesting XAUUSD H4 as '4H'
[2026-07-13 19:22:08] [DEBUG] [market_client] Candles XAUUSD 4H: 2191 bars ✓
[2026-07-13 19:22:08] [INFO] [entry_v2.candle_loader] [entry_v2] loading candles symbol=XAUUSD timeframe=H1 count=8766
[2026-07-13 19:22:08] [DEBUG] [market_client] DEBUG: Requesting XAUUSD H1 as '1H'
[2026-07-13 19:22:08] [DEBUG] [market_client] Candles XAUUSD 1H: 8601 bars ✓
[2026-07-13 19:22:08] [INFO] [entry_v2.candle_loader] [entry_v2] candle_loader load_required_history summary:
[2026-07-13 19:22:08] [INFO] [entry_v2.candle_loader]   ✅ loaded EURUSD_H1 bars=8766
[2026-07-13 19:22:08] [INFO] [entry_v2.candle_loader]   ✅ loaded EURUSD_H4 bars=2191
[2026-07-13 19:22:08] [INFO] [entry_v2.candle_loader]   ✅ loaded GBPUSD_H1 bars=8766
[2026-07-13 19:22:08] [INFO] [entry_v2.candle_loader]   ✅ loaded GBPUSD_H4 bars=2191
[2026-07-13 19:22:08] [INFO] [entry_v2.candle_loader]   ✅ loaded XAUUSD_H1 bars=8601
[2026-07-13 19:22:08] [INFO] [entry_v2.candle_loader]   ✅ loaded XAUUSD_H4 bars=2191
[2026-07-13 19:22:09] [INFO] [entry_v2.dataset_builder] [entry_v2] dataset built rows=26133 missing_rows=688
[2026-07-13 19:22:09] [INFO] [entry_v2.run_pipeline] [Entry v2 run_pipeline] dataset_builder meta: row_count=26133 exports={'csv': 'data/entry_v2/entry_v2_dataset_20260713_162208.csv', 'parquet': 'data/entry_v2/entry_v2_dataset_20260713_162208.parquet'}
[2026-07-13 19:22:09] [INFO] [entry_v2.run_pipeline] [Entry v2 run_pipeline] Step 2: locate latest entry_v2_dataset_*.csv
[2026-07-13 19:22:09] [INFO] [entry_v2.run_pipeline] [Entry v2 run_pipeline] latest unified CSV: data/entry_v2\entry_v2_dataset_20260713_162208.csv
[2026-07-13 19:22:09] [INFO] [entry_v2.run_pipeline] [Entry v2 run_pipeline] Step 3: generate_features from latest unified CSV
[2026-07-13 19:22:10] [ERROR] [entry_v2.run_pipeline] [Entry v2 run_pipeline] FAILED: Engineered dataset missing feature columns: ['lag1_rsi_14', 'lag2_rsi_14', 'lag3_rsi_14', 'lag1_atr_14', 'lag2_atr_14', 'lag3_atr_14', 'lag1_adx_14', 'lag2_adx_14', 'lag3_adx_14', 'lag1_macd', 'lag2_macd', 'lag3_macd', 'lag1_momentum', 'lag2_momentum', 'lag3_momentum', 'delta_rsi_14', 'delta_atr_14', 'delta_adx_14', 'delta_macd', 'delta_momentum', 'trend_agree_h1_m15', 'trend_agree_h4_m15']
Traceback (most recent call last):
  File "F:\files (2)\google\botdd\trading_bot_v3\analysis\entry_v2\run_pipeline.py", line 130, in <module>
    main()
    ~~~~^^
  File "F:\files (2)\google\botdd\trading_bot_v3\analysis\entry_v2\run_pipeline.py", line 87, in main
    feat_result = generate_features(
        dataset_csv_path=latest_csv,
        output_dir=out_dir,
        # feature_engineering already writes to data/entry_v2/features_dataset.* by default
    )
  File "F:\files (2)\google\botdd\trading_bot_v3\analysis\entry_v2\feature_engineering.py", line 791, in generate_features
    raise RuntimeError(f"Engineered dataset missing feature columns: {missing_cols[:50]}")
RuntimeError: Engineered dataset missing feature columns: ['lag1_rsi_14', 'lag2_rsi_14', 'lag3_rsi_14', 'lag1_atr_14', 'lag2_atr_14', 'lag3_atr_14', 'lag1_adx_14', 'lag2_adx_14', 'lag3_adx_14', 'lag1_macd', 'lag2_macd', 'lag3_macd', 'lag1_momentum', 'lag2_momentum', 'lag3_momentum', 'delta_rsi_14', 'delta_atr_14', 'delta_adx_14', 'delta_macd', 'delta_momentum', 'trend_agree_h1_m15', 'trend_agree_h4_m15']
[2026-07-13 19:23:20] [INFO] [entry_v2.run_pipeline] [Entry v2 run_pipeline] Step 1: build_dataset -> unified CSV/Parquet
[2026-07-13 19:23:20] [INFO] [entry_v2.candle_loader] [entry_v2] loading candles symbol=EURUSD timeframe=H4 count=2191
[2026-07-13 19:23:20] [DEBUG] [market_client] DEBUG: Requesting EURUSD H4 as '4H'
[2026-07-13 19:23:20] [INFO] [qd_client] Logged in to QuantDinger
[2026-07-13 19:23:20] [DEBUG] [market_client] Candles EURUSD 4H: 2191 bars ✓
[2026-07-13 19:23:20] [INFO] [entry_v2.candle_loader] [entry_v2] loading candles symbol=EURUSD timeframe=H1 count=8766
[2026-07-13 19:23:20] [DEBUG] [market_client] DEBUG: Requesting EURUSD H1 as '1H'
[2026-07-13 19:23:20] [DEBUG] [market_client] Candles EURUSD 1H: 8766 bars ✓
[2026-07-13 19:23:20] [INFO] [entry_v2.candle_loader] [entry_v2] loading candles symbol=GBPUSD timeframe=H4 count=2191
[2026-07-13 19:23:20] [DEBUG] [market_client] DEBUG: Requesting GBPUSD H4 as '4H'
[2026-07-13 19:23:20] [DEBUG] [market_client] Candles GBPUSD 4H: 2191 bars ✓
[2026-07-13 19:23:20] [INFO] [entry_v2.candle_loader] [entry_v2] loading candles symbol=GBPUSD timeframe=H1 count=8766
[2026-07-13 19:23:20] [DEBUG] [market_client] DEBUG: Requesting GBPUSD H1 as '1H'
[2026-07-13 19:23:20] [DEBUG] [market_client] Candles GBPUSD 1H: 8766 bars ✓
[2026-07-13 19:23:20] [INFO] [entry_v2.candle_loader] [entry_v2] loading candles symbol=XAUUSD timeframe=H4 count=2191
[2026-07-13 19:23:20] [DEBUG] [market_client] DEBUG: Requesting XAUUSD H4 as '4H'
[2026-07-13 19:23:20] [DEBUG] [market_client] Candles XAUUSD 4H: 2191 bars ✓
[2026-07-13 19:23:20] [INFO] [entry_v2.candle_loader] [entry_v2] loading candles symbol=XAUUSD timeframe=H1 count=8766
[2026-07-13 19:23:20] [DEBUG] [market_client] DEBUG: Requesting XAUUSD H1 as '1H'
[2026-07-13 19:23:21] [DEBUG] [market_client] Candles XAUUSD 1H: 8601 bars ✓
[2026-07-13 19:23:21] [INFO] [entry_v2.candle_loader] [entry_v2] candle_loader load_required_history summary:
[2026-07-13 19:23:21] [INFO] [entry_v2.candle_loader]   ✅ loaded EURUSD_H1 bars=8766
[2026-07-13 19:23:21] [INFO] [entry_v2.candle_loader]   ✅ loaded EURUSD_H4 bars=2191
[2026-07-13 19:23:21] [INFO] [entry_v2.candle_loader]   ✅ loaded GBPUSD_H1 bars=8766
[2026-07-13 19:23:21] [INFO] [entry_v2.candle_loader]   ✅ loaded GBPUSD_H4 bars=2191
[2026-07-13 19:23:21] [INFO] [entry_v2.candle_loader]   ✅ loaded XAUUSD_H1 bars=8601
[2026-07-13 19:23:21] [INFO] [entry_v2.candle_loader]   ✅ loaded XAUUSD_H4 bars=2191
[2026-07-13 19:23:21] [INFO] [entry_v2.dataset_builder] [entry_v2] dataset built rows=26133 missing_rows=688
[2026-07-13 19:23:21] [INFO] [entry_v2.run_pipeline] [Entry v2 run_pipeline] dataset_builder meta: row_count=26133 exports={'csv': 'data/entry_v2/entry_v2_dataset_20260713_162321.csv', 'parquet': 'data/entry_v2/entry_v2_dataset_20260713_162321.parquet'}
[2026-07-13 19:23:21] [INFO] [entry_v2.run_pipeline] [Entry v2 run_pipeline] Step 2: locate latest entry_v2_dataset_*.csv
[2026-07-13 19:23:21] [INFO] [entry_v2.run_pipeline] [Entry v2 run_pipeline] latest unified CSV: data/entry_v2\entry_v2_dataset_20260713_162321.csv
[2026-07-13 19:23:21] [INFO] [entry_v2.run_pipeline] [Entry v2 run_pipeline] Step 3: generate_features from latest unified CSV
[2026-07-13 19:23:25] [INFO] [entry_v2.run_pipeline] [Entry v2 run_pipeline] feature_engineering done: generated_rows=24848 parquet_path=data/entry_v2/features_dataset.parquet csv_path=data/entry_v2/features_dataset.csv
[2026-07-13 19:23:25] [INFO] [entry_v2.run_pipeline] [Entry v2 run_pipeline] Step 4: generate_entry_labels_v2 -> labeled_dataset.*
[2026-07-13 19:23:41] [INFO] [entry_v2.run_pipeline] [Entry v2 run_pipeline] label_report: win_rate=0.44184642627173215 total=24848 output=data/entry_v2/labeled_dataset.parquet/data/entry_v2/labeled_dataset.csv
[2026-07-13 19:23:41] [INFO] [entry_v2.run_pipeline] [Entry v2 run_pipeline] Step 5: dataset_audit
[2026-07-13 19:23:44] [INFO] [entry_v2.run_pipeline] [Entry v2 run_pipeline] Step 1: build_dataset -> unified CSV/Parquet
[2026-07-13 19:23:44] [INFO] [entry_v2.candle_loader] [entry_v2] loading candles symbol=EURUSD timeframe=H4 count=2191
[2026-07-13 19:23:44] [DEBUG] [market_client] DEBUG: Requesting EURUSD H4 as '4H'
[2026-07-13 19:23:44] [INFO] [qd_client] Logged in to QuantDinger
[2026-07-13 19:23:44] [DEBUG] [market_client] Candles EURUSD 4H: 2191 bars ✓
[2026-07-13 19:23:44] [INFO] [entry_v2.candle_loader] [entry_v2] loading candles symbol=EURUSD timeframe=H1 count=8766
[2026-07-13 19:23:44] [DEBUG] [market_client] DEBUG: Requesting EURUSD H1 as '1H'
[2026-07-13 19:23:44] [DEBUG] [market_client] Candles EURUSD 1H: 8766 bars ✓
[2026-07-13 19:23:44] [INFO] [entry_v2.candle_loader] [entry_v2] loading candles symbol=GBPUSD timeframe=H4 count=2191
[2026-07-13 19:23:44] [DEBUG] [market_client] DEBUG: Requesting GBPUSD H4 as '4H'
[2026-07-13 19:23:44] [DEBUG] [market_client] Candles GBPUSD 4H: 2191 bars ✓
[2026-07-13 19:23:44] [INFO] [entry_v2.candle_loader] [entry_v2] loading candles symbol=GBPUSD timeframe=H1 count=8766
[2026-07-13 19:23:44] [DEBUG] [market_client] DEBUG: Requesting GBPUSD H1 as '1H'
[2026-07-13 19:23:45] [DEBUG] [market_client] Candles GBPUSD 1H: 8766 bars ✓
[2026-07-13 19:23:45] [INFO] [entry_v2.candle_loader] [entry_v2] loading candles symbol=XAUUSD timeframe=H4 count=2191
[2026-07-13 19:23:45] [DEBUG] [market_client] DEBUG: Requesting XAUUSD H4 as '4H'
[2026-07-13 19:23:45] [DEBUG] [market_client] Candles XAUUSD 4H: 2191 bars ✓
[2026-07-13 19:23:45] [INFO] [entry_v2.candle_loader] [entry_v2] loading candles symbol=XAUUSD timeframe=H1 count=8766
[2026-07-13 19:23:45] [DEBUG] [market_client] DEBUG: Requesting XAUUSD H1 as '1H'
[2026-07-13 19:23:45] [DEBUG] [market_client] Candles XAUUSD 1H: 8601 bars ✓
[2026-07-13 19:23:45] [INFO] [entry_v2.candle_loader] [entry_v2] candle_loader load_required_history summary:
[2026-07-13 19:23:45] [INFO] [entry_v2.candle_loader]   ✅ loaded EURUSD_H1 bars=8766
[2026-07-13 19:23:45] [INFO] [entry_v2.candle_loader]   ✅ loaded EURUSD_H4 bars=2191
[2026-07-13 19:23:45] [INFO] [entry_v2.candle_loader]   ✅ loaded GBPUSD_H1 bars=8766
[2026-07-13 19:23:45] [INFO] [entry_v2.candle_loader]   ✅ loaded GBPUSD_H4 bars=2191
[2026-07-13 19:23:45] [INFO] [entry_v2.candle_loader]   ✅ loaded XAUUSD_H1 bars=8601
[2026-07-13 19:23:45] [INFO] [entry_v2.candle_loader]   ✅ loaded XAUUSD_H4 bars=2191
[2026-07-13 19:23:45] [INFO] [entry_v2.dataset_builder] [entry_v2] dataset built rows=26133 missing_rows=688
[2026-07-13 19:23:45] [INFO] [entry_v2.run_pipeline] [Entry v2 run_pipeline] dataset_builder meta: row_count=26133 exports={'csv': 'data/entry_v2/entry_v2_dataset_20260713_162345.csv', 'parquet': 'data/entry_v2/entry_v2_dataset_20260713_162345.parquet'}
[2026-07-13 19:23:45] [INFO] [entry_v2.run_pipeline] [Entry v2 run_pipeline] Step 2: locate latest entry_v2_dataset_*.csv
[2026-07-13 19:23:45] [INFO] [entry_v2.run_pipeline] [Entry v2 run_pipeline] latest unified CSV: data/entry_v2\entry_v2_dataset_20260713_162345.csv
[2026-07-13 19:23:45] [INFO] [entry_v2.run_pipeline] [Entry v2 run_pipeline] Step 3: generate_features from latest unified CSV
[2026-07-13 19:23:50] [INFO] [entry_v2.run_pipeline] [Entry v2 run_pipeline] feature_engineering done: generated_rows=24848 parquet_path=data/entry_v2/features_dataset.parquet csv_path=data/entry_v2/features_dataset.csv
[2026-07-13 19:23:50] [INFO] [entry_v2.run_pipeline] [Entry v2 run_pipeline] Step 4: generate_entry_labels_v2 -> labeled_dataset.*
[2026-07-13 19:24:05] [INFO] [entry_v2.run_pipeline] [Entry v2 run_pipeline] label_report: win_rate=0.44184642627173215 total=24848 output=data/entry_v2/labeled_dataset.parquet/data/entry_v2/labeled_dataset.csv
[2026-07-13 19:24:05] [INFO] [entry_v2.run_pipeline] [Entry v2 run_pipeline] Step 5: dataset_audit
[2026-07-13 19:28:49] [INFO] [entry_v2.run_pipeline] [Entry v2 run_pipeline] Dataset audit verdict=FAIL reason={'constant_features_exist': True, 'leakage_detected': False, 'class_imbalance_exceeds': False}
[2026-07-13 19:28:49] [INFO] [entry_v2.run_pipeline] [Entry v2 run_pipeline] dataset_report.md: data/entry_v2/audit_reports/dataset_report.md
[2026-07-13 19:29:11] [INFO] [entry_v2.run_pipeline] [Entry v2 run_pipeline] Dataset audit verdict=FAIL reason={'constant_features_exist': True, 'leakage_detected': False, 'class_imbalance_exceeds': False}
[2026-07-13 19:29:11] [INFO] [entry_v2.run_pipeline] [Entry v2 run_pipeline] dataset_report.md: data/entry_v2/audit_reports/dataset_report.md
[2026-07-13 19:32:50] [INFO] [entry_v2.run_pipeline] [Entry v2 run_pipeline] Step 1: build_dataset -> unified CSV/Parquet
[2026-07-13 19:32:50] [INFO] [entry_v2.candle_loader] [entry_v2] loading candles symbol=EURUSD timeframe=H4 count=2191
[2026-07-13 19:32:50] [DEBUG] [market_client] DEBUG: Requesting EURUSD H4 as '4H'
[2026-07-13 19:32:50] [INFO] [qd_client] Logged in to QuantDinger
[2026-07-13 19:32:51] [DEBUG] [market_client] Candles EURUSD 4H: 2191 bars ✓
[2026-07-13 19:32:51] [INFO] [entry_v2.candle_loader] [entry_v2] loading candles symbol=EURUSD timeframe=H1 count=8766
[2026-07-13 19:32:51] [DEBUG] [market_client] DEBUG: Requesting EURUSD H1 as '1H'
[2026-07-13 19:32:52] [DEBUG] [market_client] Candles EURUSD 1H: 8766 bars ✓
[2026-07-13 19:32:52] [INFO] [entry_v2.candle_loader] [entry_v2] loading candles symbol=GBPUSD timeframe=H4 count=2191
[2026-07-13 19:32:52] [DEBUG] [market_client] DEBUG: Requesting GBPUSD H4 as '4H'
[2026-07-13 19:32:53] [DEBUG] [market_client] Candles GBPUSD 4H: 2191 bars ✓
[2026-07-13 19:32:53] [INFO] [entry_v2.candle_loader] [entry_v2] loading candles symbol=GBPUSD timeframe=H1 count=8766
[2026-07-13 19:32:53] [DEBUG] [market_client] DEBUG: Requesting GBPUSD H1 as '1H'
[2026-07-13 19:32:54] [DEBUG] [market_client] Candles GBPUSD 1H: 8766 bars ✓
[2026-07-13 19:32:54] [INFO] [entry_v2.candle_loader] [entry_v2] loading candles symbol=XAUUSD timeframe=H4 count=2191
[2026-07-13 19:32:54] [DEBUG] [market_client] DEBUG: Requesting XAUUSD H4 as '4H'
[2026-07-13 19:32:55] [DEBUG] [market_client] Candles XAUUSD 4H: 2191 bars ✓
[2026-07-13 19:32:55] [INFO] [entry_v2.candle_loader] [entry_v2] loading candles symbol=XAUUSD timeframe=H1 count=8766
[2026-07-13 19:32:55] [DEBUG] [market_client] DEBUG: Requesting XAUUSD H1 as '1H'
[2026-07-13 19:32:56] [DEBUG] [market_client] Candles XAUUSD 1H: 8601 bars ✓
[2026-07-13 19:32:56] [INFO] [entry_v2.candle_loader] [entry_v2] candle_loader load_required_history summary:
[2026-07-13 19:32:56] [INFO] [entry_v2.candle_loader]   ✅ loaded EURUSD_H1 bars=8766
[2026-07-13 19:32:56] [INFO] [entry_v2.candle_loader]   ✅ loaded EURUSD_H4 bars=2191
[2026-07-13 19:32:56] [INFO] [entry_v2.candle_loader]   ✅ loaded GBPUSD_H1 bars=8766
[2026-07-13 19:32:56] [INFO] [entry_v2.candle_loader]   ✅ loaded GBPUSD_H4 bars=2191
[2026-07-13 19:32:56] [INFO] [entry_v2.candle_loader]   ✅ loaded XAUUSD_H1 bars=8601
[2026-07-13 19:32:56] [INFO] [entry_v2.candle_loader]   ✅ loaded XAUUSD_H4 bars=2191
[2026-07-13 19:32:56] [INFO] [entry_v2.dataset_builder] [entry_v2] dataset built rows=26133 missing_rows=688
[2026-07-13 19:32:56] [INFO] [entry_v2.run_pipeline] [Entry v2 run_pipeline] dataset_builder meta: row_count=26133 exports={'csv': 'data/entry_v2/entry_v2_dataset_20260713_163256.csv', 'parquet': 'data/entry_v2/entry_v2_dataset_20260713_163256.parquet'}
[2026-07-13 19:32:56] [INFO] [entry_v2.run_pipeline] [Entry v2 run_pipeline] Step 2: locate latest entry_v2_dataset_*.csv
[2026-07-13 19:32:56] [INFO] [entry_v2.run_pipeline] [Entry v2 run_pipeline] latest unified CSV: data/entry_v2\entry_v2_dataset_20260713_163256.csv
[2026-07-13 19:32:56] [INFO] [entry_v2.run_pipeline] [Entry v2 run_pipeline] Step 3: generate_features from latest unified CSV
[2026-07-13 19:33:00] [INFO] [entry_v2.run_pipeline] [Entry v2 run_pipeline] feature_engineering done: generated_rows=24848 parquet_path=data/entry_v2/features_dataset.parquet csv_path=data/entry_v2/features_dataset.csv
[2026-07-13 19:33:00] [INFO] [entry_v2.run_pipeline] [Entry v2 run_pipeline] Step 4: generate_entry_labels_v2 -> labeled_dataset.*
[2026-07-13 19:33:16] [INFO] [entry_v2.run_pipeline] [Entry v2 run_pipeline] label_report: win_rate=0.44184642627173215 total=24848 output=data/entry_v2/labeled_dataset.parquet/data/entry_v2/labeled_dataset.csv
[2026-07-13 19:33:16] [INFO] [entry_v2.run_pipeline] [Entry v2 run_pipeline] Step 5: dataset_audit
[2026-07-13 19:33:17] [INFO] [entry_v2.run_pipeline] [Entry v2 run_pipeline] Step 1: build_dataset -> unified CSV/Parquet
[2026-07-13 19:33:17] [INFO] [entry_v2.candle_loader] [entry_v2] loading candles symbol=EURUSD timeframe=H4 count=2191
[2026-07-13 19:33:17] [DEBUG] [market_client] DEBUG: Requesting EURUSD H4 as '4H'
[2026-07-13 19:33:17] [INFO] [qd_client] Logged in to QuantDinger
[2026-07-13 19:33:18] [DEBUG] [market_client] Candles EURUSD 4H: 2191 bars ✓
[2026-07-13 19:33:18] [INFO] [entry_v2.candle_loader] [entry_v2] loading candles symbol=EURUSD timeframe=H1 count=8766
[2026-07-13 19:33:18] [DEBUG] [market_client] DEBUG: Requesting EURUSD H1 as '1H'
[2026-07-13 19:33:18] [DEBUG] [market_client] Candles EURUSD 1H: 8766 bars ✓
[2026-07-13 19:33:18] [INFO] [entry_v2.candle_loader] [entry_v2] loading candles symbol=GBPUSD timeframe=H4 count=2191
[2026-07-13 19:33:18] [DEBUG] [market_client] DEBUG: Requesting GBPUSD H4 as '4H'
[2026-07-13 19:33:18] [DEBUG] [market_client] Candles GBPUSD 4H: 2191 bars ✓
[2026-07-13 19:33:18] [INFO] [entry_v2.candle_loader] [entry_v2] loading candles symbol=GBPUSD timeframe=H1 count=8766
[2026-07-13 19:33:18] [DEBUG] [market_client] DEBUG: Requesting GBPUSD H1 as '1H'
[2026-07-13 19:33:18] [DEBUG] [market_client] Candles GBPUSD 1H: 8766 bars ✓
[2026-07-13 19:33:18] [INFO] [entry_v2.candle_loader] [entry_v2] loading candles symbol=XAUUSD timeframe=H4 count=2191
[2026-07-13 19:33:18] [DEBUG] [market_client] DEBUG: Requesting XAUUSD H4 as '4H'
[2026-07-13 19:33:18] [DEBUG] [market_client] Candles XAUUSD 4H: 2191 bars ✓
[2026-07-13 19:33:18] [INFO] [entry_v2.candle_loader] [entry_v2] loading candles symbol=XAUUSD timeframe=H1 count=8766
[2026-07-13 19:33:18] [DEBUG] [market_client] DEBUG: Requesting XAUUSD H1 as '1H'
[2026-07-13 19:33:18] [DEBUG] [market_client] Candles XAUUSD 1H: 8601 bars ✓
[2026-07-13 19:33:18] [INFO] [entry_v2.candle_loader] [entry_v2] candle_loader load_required_history summary:
[2026-07-13 19:33:18] [INFO] [entry_v2.candle_loader]   ✅ loaded EURUSD_H1 bars=8766
[2026-07-13 19:33:18] [INFO] [entry_v2.candle_loader]   ✅ loaded EURUSD_H4 bars=2191
[2026-07-13 19:33:18] [INFO] [entry_v2.candle_loader]   ✅ loaded GBPUSD_H1 bars=8766
[2026-07-13 19:33:18] [INFO] [entry_v2.candle_loader]   ✅ loaded GBPUSD_H4 bars=2191
[2026-07-13 19:33:18] [INFO] [entry_v2.candle_loader]   ✅ loaded XAUUSD_H1 bars=8601
[2026-07-13 19:33:18] [INFO] [entry_v2.candle_loader]   ✅ loaded XAUUSD_H4 bars=2191
[2026-07-13 19:33:19] [INFO] [entry_v2.dataset_builder] [entry_v2] dataset built rows=26133 missing_rows=688
[2026-07-13 19:33:19] [INFO] [entry_v2.run_pipeline] [Entry v2 run_pipeline] dataset_builder meta: row_count=26133 exports={'csv': 'data/entry_v2/entry_v2_dataset_20260713_163318.csv', 'parquet': 'data/entry_v2/entry_v2_dataset_20260713_163318.parquet'}
[2026-07-13 19:33:19] [INFO] [entry_v2.run_pipeline] [Entry v2 run_pipeline] Step 2: locate latest entry_v2_dataset_*.csv
[2026-07-13 19:33:19] [INFO] [entry_v2.run_pipeline] [Entry v2 run_pipeline] latest unified CSV: data/entry_v2\entry_v2_dataset_20260713_163318.csv
[2026-07-13 19:33:19] [INFO] [entry_v2.run_pipeline] [Entry v2 run_pipeline] Step 3: generate_features from latest unified CSV
[2026-07-13 19:33:24] [INFO] [entry_v2.run_pipeline] [Entry v2 run_pipeline] feature_engineering done: generated_rows=24848 parquet_path=data/entry_v2/features_dataset.parquet csv_path=data/entry_v2/features_dataset.csv
[2026-07-13 19:33:24] [INFO] [entry_v2.run_pipeline] [Entry v2 run_pipeline] Step 4: generate_entry_labels_v2 -> labeled_dataset.*
[2026-07-13 19:33:43] [INFO] [entry_v2.run_pipeline] [Entry v2 run_pipeline] label_report: win_rate=0.44184642627173215 total=24848 output=data/entry_v2/labeled_dataset.parquet/data/entry_v2/labeled_dataset.csv
[2026-07-13 19:33:43] [INFO] [entry_v2.run_pipeline] [Entry v2 run_pipeline] Step 5: dataset_audit
[2026-07-13 19:34:22] [INFO] [entry_v2.run_pipeline] [Entry v2 run_pipeline] Step 1: build_dataset -> unified CSV/Parquet
[2026-07-13 19:34:22] [INFO] [entry_v2.candle_loader] [entry_v2] loading candles symbol=EURUSD timeframe=H4 count=2191
[2026-07-13 19:34:22] [DEBUG] [market_client] DEBUG: Requesting EURUSD H4 as '4H'
[2026-07-13 19:34:23] [INFO] [qd_client] Logged in to QuantDinger
[2026-07-13 19:34:23] [DEBUG] [market_client] Candles EURUSD 4H: 2191 bars ✓
[2026-07-13 19:34:23] [INFO] [entry_v2.candle_loader] [entry_v2] loading candles symbol=EURUSD timeframe=H1 count=8766
[2026-07-13 19:34:23] [DEBUG] [market_client] DEBUG: Requesting EURUSD H1 as '1H'
[2026-07-13 19:34:23] [DEBUG] [market_client] Candles EURUSD 1H: 8766 bars ✓
[2026-07-13 19:34:23] [INFO] [entry_v2.candle_loader] [entry_v2] loading candles symbol=GBPUSD timeframe=H4 count=2191
[2026-07-13 19:34:23] [DEBUG] [market_client] DEBUG: Requesting GBPUSD H4 as '4H'
[2026-07-13 19:34:23] [DEBUG] [market_client] Candles GBPUSD 4H: 2191 bars ✓
[2026-07-13 19:34:23] [INFO] [entry_v2.candle_loader] [entry_v2] loading candles symbol=GBPUSD timeframe=H1 count=8766
[2026-07-13 19:34:23] [DEBUG] [market_client] DEBUG: Requesting GBPUSD H1 as '1H'
[2026-07-13 19:34:23] [DEBUG] [market_client] Candles GBPUSD 1H: 8766 bars ✓
[2026-07-13 19:34:23] [INFO] [entry_v2.candle_loader] [entry_v2] loading candles symbol=XAUUSD timeframe=H4 count=2191
[2026-07-13 19:34:23] [DEBUG] [market_client] DEBUG: Requesting XAUUSD H4 as '4H'
[2026-07-13 19:34:23] [DEBUG] [market_client] Candles XAUUSD 4H: 2191 bars ✓
[2026-07-13 19:34:23] [INFO] [entry_v2.candle_loader] [entry_v2] loading candles symbol=XAUUSD timeframe=H1 count=8766
[2026-07-13 19:34:23] [DEBUG] [market_client] DEBUG: Requesting XAUUSD H1 as '1H'
[2026-07-13 19:34:23] [DEBUG] [market_client] Candles XAUUSD 1H: 8601 bars ✓
[2026-07-13 19:34:23] [INFO] [entry_v2.candle_loader] [entry_v2] candle_loader load_required_history summary:
[2026-07-13 19:34:23] [INFO] [entry_v2.candle_loader]   ✅ loaded EURUSD_H1 bars=8766
[2026-07-13 19:34:23] [INFO] [entry_v2.candle_loader]   ✅ loaded EURUSD_H4 bars=2191
[2026-07-13 19:34:23] [INFO] [entry_v2.candle_loader]   ✅ loaded GBPUSD_H1 bars=8766
[2026-07-13 19:34:23] [INFO] [entry_v2.candle_loader]   ✅ loaded GBPUSD_H4 bars=2191
[2026-07-13 19:34:23] [INFO] [entry_v2.candle_loader]   ✅ loaded XAUUSD_H1 bars=8601
[2026-07-13 19:34:23] [INFO] [entry_v2.candle_loader]   ✅ loaded XAUUSD_H4 bars=2191
[2026-07-13 19:34:24] [INFO] [entry_v2.dataset_builder] [entry_v2] dataset built rows=26133 missing_rows=688
[2026-07-13 19:34:24] [INFO] [entry_v2.run_pipeline] [Entry v2 run_pipeline] dataset_builder meta: row_count=26133 exports={'csv': 'data/entry_v2/entry_v2_dataset_20260713_163423.csv', 'parquet': 'data/entry_v2/entry_v2_dataset_20260713_163423.parquet'}
[2026-07-13 19:34:24] [INFO] [entry_v2.run_pipeline] [Entry v2 run_pipeline] Step 2: locate latest entry_v2_dataset_*.csv
[2026-07-13 19:34:24] [INFO] [entry_v2.run_pipeline] [Entry v2 run_pipeline] latest unified CSV: data/entry_v2\entry_v2_dataset_20260713_163423.csv
[2026-07-13 19:34:24] [INFO] [entry_v2.run_pipeline] [Entry v2 run_pipeline] Step 3: generate_features from latest unified CSV
[2026-07-13 19:34:29] [INFO] [entry_v2.run_pipeline] [Entry v2 run_pipeline] feature_engineering done: generated_rows=24848 parquet_path=data/entry_v2/features_dataset.parquet csv_path=data/entry_v2/features_dataset.csv
[2026-07-13 19:34:29] [INFO] [entry_v2.run_pipeline] [Entry v2 run_pipeline] Step 4: generate_entry_labels_v2 -> labeled_dataset.*
[2026-07-13 19:34:51] [INFO] [entry_v2.run_pipeline] [Entry v2 run_pipeline] label_report: win_rate=0.44184642627173215 total=24848 output=data/entry_v2/labeled_dataset.parquet/data/entry_v2/labeled_dataset.csv
[2026-07-13 19:34:51] [INFO] [entry_v2.run_pipeline] [Entry v2 run_pipeline] Step 5: dataset_audit
[2026-07-13 19:34:51] [INFO] [entry_v2.run_pipeline] [Entry v2 run_pipeline] Step 1: build_dataset -> unified CSV/Parquet
[2026-07-13 19:34:51] [INFO] [entry_v2.candle_loader] [entry_v2] loading candles symbol=EURUSD timeframe=H4 count=2191
[2026-07-13 19:34:51] [DEBUG] [market_client] DEBUG: Requesting EURUSD H4 as '4H'
[2026-07-13 19:34:51] [INFO] [qd_client] Logged in to QuantDinger
[2026-07-13 19:34:51] [DEBUG] [market_client] Candles EURUSD 4H: 2191 bars ✓
[2026-07-13 19:34:51] [INFO] [entry_v2.candle_loader] [entry_v2] loading candles symbol=EURUSD timeframe=H1 count=8766
[2026-07-13 19:34:51] [DEBUG] [market_client] DEBUG: Requesting EURUSD H1 as '1H'
[2026-07-13 19:34:51] [DEBUG] [market_client] Candles EURUSD 1H: 8766 bars ✓
[2026-07-13 19:34:51] [INFO] [entry_v2.candle_loader] [entry_v2] loading candles symbol=GBPUSD timeframe=H4 count=2191
[2026-07-13 19:34:51] [DEBUG] [market_client] DEBUG: Requesting GBPUSD H4 as '4H'
[2026-07-13 19:34:51] [DEBUG] [market_client] Candles GBPUSD 4H: 2191 bars ✓
[2026-07-13 19:34:51] [INFO] [entry_v2.candle_loader] [entry_v2] loading candles symbol=GBPUSD timeframe=H1 count=8766
[2026-07-13 19:34:51] [DEBUG] [market_client] DEBUG: Requesting GBPUSD H1 as '1H'
[2026-07-13 19:34:51] [DEBUG] [market_client] Candles GBPUSD 1H: 8766 bars ✓
[2026-07-13 19:34:51] [INFO] [entry_v2.candle_loader] [entry_v2] loading candles symbol=XAUUSD timeframe=H4 count=2191
[2026-07-13 19:34:51] [DEBUG] [market_client] DEBUG: Requesting XAUUSD H4 as '4H'
[2026-07-13 19:34:52] [DEBUG] [market_client] Candles XAUUSD 4H: 2191 bars ✓
[2026-07-13 19:34:52] [INFO] [entry_v2.candle_loader] [entry_v2] loading candles symbol=XAUUSD timeframe=H1 count=8766
[2026-07-13 19:34:52] [DEBUG] [market_client] DEBUG: Requesting XAUUSD H1 as '1H'
[2026-07-13 19:34:52] [DEBUG] [market_client] Candles XAUUSD 1H: 8601 bars ✓
[2026-07-13 19:34:52] [INFO] [entry_v2.candle_loader] [entry_v2] candle_loader load_required_history summary:
[2026-07-13 19:34:52] [INFO] [entry_v2.candle_loader]   ✅ loaded EURUSD_H1 bars=8766
[2026-07-13 19:34:52] [INFO] [entry_v2.candle_loader]   ✅ loaded EURUSD_H4 bars=2191
[2026-07-13 19:34:52] [INFO] [entry_v2.candle_loader]   ✅ loaded GBPUSD_H1 bars=8766
[2026-07-13 19:34:52] [INFO] [entry_v2.candle_loader]   ✅ loaded GBPUSD_H4 bars=2191
[2026-07-13 19:34:52] [INFO] [entry_v2.candle_loader]   ✅ loaded XAUUSD_H1 bars=8601
[2026-07-13 19:34:52] [INFO] [entry_v2.candle_loader]   ✅ loaded XAUUSD_H4 bars=2191
[2026-07-13 19:34:52] [INFO] [entry_v2.dataset_builder] [entry_v2] dataset built rows=26133 missing_rows=688
[2026-07-13 19:34:52] [INFO] [entry_v2.run_pipeline] [Entry v2 run_pipeline] dataset_builder meta: row_count=26133 exports={'csv': 'data/entry_v2/entry_v2_dataset_20260713_163452.csv', 'parquet': 'data/entry_v2/entry_v2_dataset_20260713_163452.parquet'}
[2026-07-13 19:34:52] [INFO] [entry_v2.run_pipeline] [Entry v2 run_pipeline] Step 2: locate latest entry_v2_dataset_*.csv
[2026-07-13 19:34:52] [INFO] [entry_v2.run_pipeline] [Entry v2 run_pipeline] latest unified CSV: data/entry_v2\entry_v2_dataset_20260713_163452.csv
[2026-07-13 19:34:52] [INFO] [entry_v2.run_pipeline] [Entry v2 run_pipeline] Step 3: generate_features from latest unified CSV
[2026-07-13 19:34:58] [INFO] [entry_v2.run_pipeline] [Entry v2 run_pipeline] feature_engineering done: generated_rows=24848 parquet_path=data/entry_v2/features_dataset.parquet csv_path=data/entry_v2/features_dataset.csv
[2026-07-13 19:34:58] [INFO] [entry_v2.run_pipeline] [Entry v2 run_pipeline] Step 4: generate_entry_labels_v2 -> labeled_dataset.*
[2026-07-13 19:35:20] [INFO] [entry_v2.run_pipeline] [Entry v2 run_pipeline] Step 1: build_dataset -> unified CSV/Parquet
[2026-07-13 19:35:20] [INFO] [entry_v2.candle_loader] [entry_v2] loading candles symbol=EURUSD timeframe=H4 count=2191
[2026-07-13 19:35:20] [DEBUG] [market_client] DEBUG: Requesting EURUSD H4 as '4H'
[2026-07-13 19:35:20] [INFO] [qd_client] Logged in to QuantDinger
[2026-07-13 19:35:20] [DEBUG] [market_client] Candles EURUSD 4H: 2191 bars ✓
[2026-07-13 19:35:20] [INFO] [entry_v2.candle_loader] [entry_v2] loading candles symbol=EURUSD timeframe=H1 count=8766
[2026-07-13 19:35:20] [DEBUG] [market_client] DEBUG: Requesting EURUSD H1 as '1H'
[2026-07-13 19:35:20] [DEBUG] [market_client] Candles EURUSD 1H: 8766 bars ✓
[2026-07-13 19:35:20] [INFO] [entry_v2.candle_loader] [entry_v2] loading candles symbol=GBPUSD timeframe=H4 count=2191
[2026-07-13 19:35:20] [DEBUG] [market_client] DEBUG: Requesting GBPUSD H4 as '4H'
[2026-07-13 19:35:20] [DEBUG] [market_client] Candles GBPUSD 4H: 2191 bars ✓
[2026-07-13 19:35:20] [INFO] [entry_v2.candle_loader] [entry_v2] loading candles symbol=GBPUSD timeframe=H1 count=8766
[2026-07-13 19:35:20] [DEBUG] [market_client] DEBUG: Requesting GBPUSD H1 as '1H'
[2026-07-13 19:35:21] [DEBUG] [market_client] Candles GBPUSD 1H: 8766 bars ✓
[2026-07-13 19:35:21] [INFO] [entry_v2.candle_loader] [entry_v2] loading candles symbol=XAUUSD timeframe=H4 count=2191
[2026-07-13 19:35:21] [DEBUG] [market_client] DEBUG: Requesting XAUUSD H4 as '4H'
[2026-07-13 19:35:21] [DEBUG] [market_client] Candles XAUUSD 4H: 2191 bars ✓
[2026-07-13 19:35:21] [INFO] [entry_v2.candle_loader] [entry_v2] loading candles symbol=XAUUSD timeframe=H1 count=8766
[2026-07-13 19:35:21] [DEBUG] [market_client] DEBUG: Requesting XAUUSD H1 as '1H'
[2026-07-13 19:35:21] [DEBUG] [market_client] Candles XAUUSD 1H: 8601 bars ✓
[2026-07-13 19:35:21] [INFO] [entry_v2.candle_loader] [entry_v2] candle_loader load_required_history summary:
[2026-07-13 19:35:21] [INFO] [entry_v2.candle_loader]   ✅ loaded EURUSD_H1 bars=8766
[2026-07-13 19:35:21] [INFO] [entry_v2.candle_loader]   ✅ loaded EURUSD_H4 bars=2191
[2026-07-13 19:35:21] [INFO] [entry_v2.candle_loader]   ✅ loaded GBPUSD_H1 bars=8766
[2026-07-13 19:35:21] [INFO] [entry_v2.candle_loader]   ✅ loaded GBPUSD_H4 bars=2191
[2026-07-13 19:35:21] [INFO] [entry_v2.candle_loader]   ✅ loaded XAUUSD_H1 bars=8601
[2026-07-13 19:35:21] [INFO] [entry_v2.candle_loader]   ✅ loaded XAUUSD_H4 bars=2191
[2026-07-13 19:35:22] [INFO] [entry_v2.dataset_builder] [entry_v2] dataset built rows=26133 missing_rows=688
[2026-07-13 19:35:22] [INFO] [entry_v2.run_pipeline] [Entry v2 run_pipeline] dataset_builder meta: row_count=26133 exports={'csv': 'data/entry_v2/entry_v2_dataset_20260713_163521.csv', 'parquet': 'data/entry_v2/entry_v2_dataset_20260713_163521.parquet'}
[2026-07-13 19:35:22] [INFO] [entry_v2.run_pipeline] [Entry v2 run_pipeline] Step 2: locate latest entry_v2_dataset_*.csv
[2026-07-13 19:35:22] [INFO] [entry_v2.run_pipeline] [Entry v2 run_pipeline] latest unified CSV: data/entry_v2\entry_v2_dataset_20260713_163521.csv
[2026-07-13 19:35:22] [INFO] [entry_v2.run_pipeline] [Entry v2 run_pipeline] Step 3: generate_features from latest unified CSV
[2026-07-13 19:35:23] [INFO] [entry_v2.run_pipeline] [Entry v2 run_pipeline] label_report: win_rate=0.44184642627173215 total=24848 output=data/entry_v2/labeled_dataset.parquet/data/entry_v2/labeled_dataset.csv
[2026-07-13 19:35:23] [INFO] [entry_v2.run_pipeline] [Entry v2 run_pipeline] Step 5: dataset_audit
[2026-07-13 19:35:28] [INFO] [entry_v2.run_pipeline] [Entry v2 run_pipeline] feature_engineering done: generated_rows=24848 parquet_path=data/entry_v2/features_dataset.parquet csv_path=data/entry_v2/features_dataset.csv
[2026-07-13 19:35:28] [INFO] [entry_v2.run_pipeline] [Entry v2 run_pipeline] Step 4: generate_entry_labels_v2 -> labeled_dataset.*
[2026-07-13 19:35:43] [INFO] [entry_v2.run_pipeline] [Entry v2 run_pipeline] Step 1: build_dataset -> unified CSV/Parquet
[2026-07-13 19:35:43] [INFO] [entry_v2.candle_loader] [entry_v2] loading candles symbol=EURUSD timeframe=H4 count=2191
[2026-07-13 19:35:43] [DEBUG] [market_client] DEBUG: Requesting EURUSD H4 as '4H'
[2026-07-13 19:35:44] [INFO] [qd_client] Logged in to QuantDinger
[2026-07-13 19:35:44] [DEBUG] [market_client] Candles EURUSD 4H: 2191 bars ✓
[2026-07-13 19:35:44] [INFO] [entry_v2.candle_loader] [entry_v2] loading candles symbol=EURUSD timeframe=H1 count=8766
[2026-07-13 19:35:44] [DEBUG] [market_client] DEBUG: Requesting EURUSD H1 as '1H'
[2026-07-13 19:35:44] [DEBUG] [market_client] Candles EURUSD 1H: 8766 bars ✓
[2026-07-13 19:35:44] [INFO] [entry_v2.candle_loader] [entry_v2] loading candles symbol=GBPUSD timeframe=H4 count=2191
[2026-07-13 19:35:44] [DEBUG] [market_client] DEBUG: Requesting GBPUSD H4 as '4H'
[2026-07-13 19:35:44] [DEBUG] [market_client] Candles GBPUSD 4H: 2191 bars ✓
[2026-07-13 19:35:44] [INFO] [entry_v2.candle_loader] [entry_v2] loading candles symbol=GBPUSD timeframe=H1 count=8766
[2026-07-13 19:35:44] [DEBUG] [market_client] DEBUG: Requesting GBPUSD H1 as '1H'
[2026-07-13 19:35:44] [DEBUG] [market_client] Candles GBPUSD 1H: 8766 bars ✓
[2026-07-13 19:35:44] [INFO] [entry_v2.candle_loader] [entry_v2] loading candles symbol=XAUUSD timeframe=H4 count=2191
[2026-07-13 19:35:44] [DEBUG] [market_client] DEBUG: Requesting XAUUSD H4 as '4H'
[2026-07-13 19:35:44] [DEBUG] [market_client] Candles XAUUSD 4H: 2191 bars ✓
[2026-07-13 19:35:44] [INFO] [entry_v2.candle_loader] [entry_v2] loading candles symbol=XAUUSD timeframe=H1 count=8766
[2026-07-13 19:35:44] [DEBUG] [market_client] DEBUG: Requesting XAUUSD H1 as '1H'
[2026-07-13 19:35:45] [DEBUG] [market_client] Candles XAUUSD 1H: 8601 bars ✓
[2026-07-13 19:35:45] [INFO] [entry_v2.candle_loader] [entry_v2] candle_loader load_required_history summary:
[2026-07-13 19:35:45] [INFO] [entry_v2.candle_loader]   ✅ loaded EURUSD_H1 bars=8766
[2026-07-13 19:35:45] [INFO] [entry_v2.candle_loader]   ✅ loaded EURUSD_H4 bars=2191
[2026-07-13 19:35:45] [INFO] [entry_v2.candle_loader]   ✅ loaded GBPUSD_H1 bars=8766
[2026-07-13 19:35:45] [INFO] [entry_v2.candle_loader]   ✅ loaded GBPUSD_H4 bars=2191
[2026-07-13 19:35:45] [INFO] [entry_v2.candle_loader]   ✅ loaded XAUUSD_H1 bars=8601
[2026-07-13 19:35:45] [INFO] [entry_v2.candle_loader]   ✅ loaded XAUUSD_H4 bars=2191
[2026-07-13 19:35:45] [INFO] [entry_v2.dataset_builder] [entry_v2] dataset built rows=26133 missing_rows=688
[2026-07-13 19:35:45] [INFO] [entry_v2.run_pipeline] [Entry v2 run_pipeline] dataset_builder meta: row_count=26133 exports={'csv': 'data/entry_v2/entry_v2_dataset_20260713_163545.csv', 'parquet': 'data/entry_v2/entry_v2_dataset_20260713_163545.parquet'}
[2026-07-13 19:35:45] [INFO] [entry_v2.run_pipeline] [Entry v2 run_pipeline] Step 2: locate latest entry_v2_dataset_*.csv
[2026-07-13 19:35:45] [INFO] [entry_v2.run_pipeline] [Entry v2 run_pipeline] latest unified CSV: data/entry_v2\entry_v2_dataset_20260713_163545.csv
[2026-07-13 19:35:45] [INFO] [entry_v2.run_pipeline] [Entry v2 run_pipeline] Step 3: generate_features from latest unified CSV
[2026-07-13 19:35:53] [INFO] [entry_v2.run_pipeline] [Entry v2 run_pipeline] feature_engineering done: generated_rows=24848 parquet_path=data/entry_v2/features_dataset.parquet csv_path=data/entry_v2/features_dataset.csv
[2026-07-13 19:35:53] [INFO] [entry_v2.run_pipeline] [Entry v2 run_pipeline] Step 4: generate_entry_labels_v2 -> labeled_dataset.*
[2026-07-13 19:35:58] [INFO] [entry_v2.run_pipeline] [Entry v2 run_pipeline] label_report: win_rate=0.44184642627173215 total=24848 output=data/entry_v2/labeled_dataset.parquet/data/entry_v2/labeled_dataset.csv
[2026-07-13 19:35:58] [INFO] [entry_v2.run_pipeline] [Entry v2 run_pipeline] Step 5: dataset_audit
[2026-07-13 19:36:17] [INFO] [entry_v2.run_pipeline] [Entry v2 run_pipeline] label_report: win_rate=0.44184642627173215 total=24848 output=data/entry_v2/labeled_dataset.parquet/data/entry_v2/labeled_dataset.csv
[2026-07-13 19:36:17] [INFO] [entry_v2.run_pipeline] [Entry v2 run_pipeline] Step 5: dataset_audit
[2026-07-13 19:44:15] [INFO] [entry_v2.run_pipeline] [Entry v2 run_pipeline] Dataset audit verdict=FAIL reason={'constant_features_exist': True, 'leakage_detected': False, 'class_imbalance_exceeds': False}
[2026-07-13 19:44:15] [INFO] [entry_v2.run_pipeline] [Entry v2 run_pipeline] dataset_report.md: data/entry_v2/audit_reports/dataset_report.md
[2026-07-13 19:45:04] [INFO] [entry_v2.run_pipeline] [Entry v2 run_pipeline] Step 1: build_dataset -> unified CSV/Parquet
[2026-07-13 19:45:04] [INFO] [entry_v2.candle_loader] [entry_v2] loading candles symbol=EURUSD timeframe=H4 count=2191
[2026-07-13 19:45:04] [DEBUG] [market_client] DEBUG: Requesting EURUSD H4 as '4H'
[2026-07-13 19:45:04] [INFO] [qd_client] Logged in to QuantDinger
[2026-07-13 19:45:05] [DEBUG] [market_client] Candles EURUSD 4H: 2191 bars ✓
[2026-07-13 19:45:05] [INFO] [entry_v2.candle_loader] [entry_v2] loading candles symbol=EURUSD timeframe=H1 count=8766
[2026-07-13 19:45:05] [DEBUG] [market_client] DEBUG: Requesting EURUSD H1 as '1H'
[2026-07-13 19:45:06] [DEBUG] [market_client] Candles EURUSD 1H: 8766 bars ✓
[2026-07-13 19:45:06] [INFO] [entry_v2.candle_loader] [entry_v2] loading candles symbol=GBPUSD timeframe=H4 count=2191
[2026-07-13 19:45:06] [DEBUG] [market_client] DEBUG: Requesting GBPUSD H4 as '4H'
[2026-07-13 19:45:07] [DEBUG] [market_client] Candles GBPUSD 4H: 2191 bars ✓
[2026-07-13 19:45:07] [INFO] [entry_v2.candle_loader] [entry_v2] loading candles symbol=GBPUSD timeframe=H1 count=8766
[2026-07-13 19:45:07] [DEBUG] [market_client] DEBUG: Requesting GBPUSD H1 as '1H'
[2026-07-13 19:45:08] [DEBUG] [market_client] Candles GBPUSD 1H: 8766 bars ✓
[2026-07-13 19:45:08] [INFO] [entry_v2.candle_loader] [entry_v2] loading candles symbol=XAUUSD timeframe=H4 count=2191
[2026-07-13 19:45:08] [DEBUG] [market_client] DEBUG: Requesting XAUUSD H4 as '4H'
[2026-07-13 19:45:09] [DEBUG] [market_client] Candles XAUUSD 4H: 2191 bars ✓
[2026-07-13 19:45:09] [INFO] [entry_v2.candle_loader] [entry_v2] loading candles symbol=XAUUSD timeframe=H1 count=8766
[2026-07-13 19:45:09] [DEBUG] [market_client] DEBUG: Requesting XAUUSD H1 as '1H'
[2026-07-13 19:45:10] [DEBUG] [market_client] Candles XAUUSD 1H: 8601 bars ✓
[2026-07-13 19:45:10] [INFO] [entry_v2.candle_loader] [entry_v2] candle_loader load_required_history summary:
[2026-07-13 19:45:10] [INFO] [entry_v2.candle_loader]   ✅ loaded EURUSD_H1 bars=8766
[2026-07-13 19:45:10] [INFO] [entry_v2.candle_loader]   ✅ loaded EURUSD_H4 bars=2191
[2026-07-13 19:45:10] [INFO] [entry_v2.candle_loader]   ✅ loaded GBPUSD_H1 bars=8766
[2026-07-13 19:45:10] [INFO] [entry_v2.candle_loader]   ✅ loaded GBPUSD_H4 bars=2191
[2026-07-13 19:45:10] [INFO] [entry_v2.candle_loader]   ✅ loaded XAUUSD_H1 bars=8601
[2026-07-13 19:45:10] [INFO] [entry_v2.candle_loader]   ✅ loaded XAUUSD_H4 bars=2191
[2026-07-13 19:45:11] [INFO] [entry_v2.dataset_builder] [entry_v2] dataset built rows=26133 missing_rows=688
[2026-07-13 19:45:11] [INFO] [entry_v2.run_pipeline] [Entry v2 run_pipeline] dataset_builder meta: row_count=26133 exports={'csv': 'data/entry_v2/entry_v2_dataset_20260713_164510.csv', 'parquet': 'data/entry_v2/entry_v2_dataset_20260713_164510.parquet'}
[2026-07-13 19:45:11] [INFO] [entry_v2.run_pipeline] [Entry v2 run_pipeline] Step 2: locate latest entry_v2_dataset_*.csv
[2026-07-13 19:45:11] [INFO] [entry_v2.run_pipeline] [Entry v2 run_pipeline] latest unified CSV: data/entry_v2\entry_v2_dataset_20260713_164510.csv
[2026-07-13 19:45:11] [INFO] [entry_v2.run_pipeline] [Entry v2 run_pipeline] Step 3: generate_features from latest unified CSV
[2026-07-13 19:45:15] [INFO] [entry_v2.run_pipeline] [Entry v2 run_pipeline] feature_engineering done: generated_rows=24848 parquet_path=data/entry_v2/features_dataset.parquet csv_path=data/entry_v2/features_dataset.csv
[2026-07-13 19:45:15] [INFO] [entry_v2.run_pipeline] [Entry v2 run_pipeline] Step 4: generate_entry_labels_v2 -> labeled_dataset.*
[2026-07-13 19:45:29] [INFO] [entry_v2.run_pipeline] [Entry v2 run_pipeline] Dataset audit verdict=FAIL reason={'constant_features_exist': True, 'leakage_detected': False, 'class_imbalance_exceeds': False}
[2026-07-13 19:45:29] [INFO] [entry_v2.run_pipeline] [Entry v2 run_pipeline] dataset_report.md: data/entry_v2/audit_reports/dataset_report.md
[2026-07-13 19:45:36] [INFO] [entry_v2.run_pipeline] [Entry v2 run_pipeline] label_report: win_rate=0.44184642627173215 total=24848 output=data/entry_v2/labeled_dataset.parquet/data/entry_v2/labeled_dataset.csv
[2026-07-13 19:45:36] [INFO] [entry_v2.run_pipeline] [Entry v2 run_pipeline] Step 5: dataset_audit
[2026-07-13 19:46:17] [INFO] [entry_v2.run_pipeline] [Entry v2 run_pipeline] Dataset audit verdict=FAIL reason={'constant_features_exist': True, 'leakage_detected': False, 'class_imbalance_exceeds': False}
[2026-07-13 19:46:17] [INFO] [entry_v2.run_pipeline] [Entry v2 run_pipeline] dataset_report.md: data/entry_v2/audit_reports/dataset_report.md
[2026-07-13 19:46:33] [INFO] [entry_v2.run_pipeline] [Entry v2 run_pipeline] Dataset audit verdict=FAIL reason={'constant_features_exist': True, 'leakage_detected': False, 'class_imbalance_exceeds': False}
[2026-07-13 19:46:33] [INFO] [entry_v2.run_pipeline] [Entry v2 run_pipeline] dataset_report.md: data/entry_v2/audit_reports/dataset_report.md
[2026-07-13 19:47:14] [INFO] [entry_v2.run_pipeline] [Entry v2 run_pipeline] Dataset audit verdict=FAIL reason={'constant_features_exist': True, 'leakage_detected': False, 'class_imbalance_exceeds': False}
[2026-07-13 19:47:14] [INFO] [entry_v2.run_pipeline] [Entry v2 run_pipeline] dataset_report.md: data/entry_v2/audit_reports/dataset_report.md
[2026-07-13 19:50:42] [INFO] [entry_v2.run_pipeline] [Entry v2 run_pipeline] Dataset audit verdict=FAIL reason={'constant_features_exist': True, 'leakage_detected': False, 'class_imbalance_exceeds': False}
[2026-07-13 19:50:42] [INFO] [entry_v2.run_pipeline] [Entry v2 run_pipeline] dataset_report.md: data/entry_v2/audit_reports/dataset_report.md
[2026-07-13 20:00:41] [INFO] [entry_v2.run_pipeline] [Entry v2 run_pipeline] Step 1: build_dataset -> unified CSV/Parquet
[2026-07-13 20:00:41] [INFO] [entry_v2.candle_loader] [entry_v2] loading candles symbol=EURUSD timeframe=H4 count=2191
[2026-07-13 20:00:41] [DEBUG] [market_client] DEBUG: Requesting EURUSD H4 as '4H'
[2026-07-13 20:00:41] [INFO] [qd_client] Logged in to QuantDinger
[2026-07-13 20:00:42] [DEBUG] [market_client] Candles EURUSD 4H: 2191 bars ✓
[2026-07-13 20:00:42] [INFO] [entry_v2.candle_loader] [entry_v2] loading candles symbol=EURUSD timeframe=H1 count=8766
[2026-07-13 20:00:42] [DEBUG] [market_client] DEBUG: Requesting EURUSD H1 as '1H'
[2026-07-13 20:00:43] [DEBUG] [market_client] Candles EURUSD 1H: 8766 bars ✓
[2026-07-13 20:00:43] [INFO] [entry_v2.candle_loader] [entry_v2] loading candles symbol=GBPUSD timeframe=H4 count=2191
[2026-07-13 20:00:43] [DEBUG] [market_client] DEBUG: Requesting GBPUSD H4 as '4H'
[2026-07-13 20:00:43] [DEBUG] [market_client] Candles GBPUSD 4H: 2191 bars ✓
[2026-07-13 20:00:44] [INFO] [entry_v2.candle_loader] [entry_v2] loading candles symbol=GBPUSD timeframe=H1 count=8766
[2026-07-13 20:00:44] [DEBUG] [market_client] DEBUG: Requesting GBPUSD H1 as '1H'
[2026-07-13 20:00:45] [DEBUG] [market_client] Candles GBPUSD 1H: 8766 bars ✓
[2026-07-13 20:00:45] [INFO] [entry_v2.candle_loader] [entry_v2] loading candles symbol=XAUUSD timeframe=H4 count=2191
[2026-07-13 20:00:45] [DEBUG] [market_client] DEBUG: Requesting XAUUSD H4 as '4H'
[2026-07-13 20:00:46] [DEBUG] [market_client] Candles XAUUSD 4H: 2191 bars ✓
[2026-07-13 20:00:46] [INFO] [entry_v2.candle_loader] [entry_v2] loading candles symbol=XAUUSD timeframe=H1 count=8766
[2026-07-13 20:00:46] [DEBUG] [market_client] DEBUG: Requesting XAUUSD H1 as '1H'
[2026-07-13 20:00:47] [DEBUG] [market_client] Candles XAUUSD 1H: 8601 bars ✓
[2026-07-13 20:00:47] [INFO] [entry_v2.candle_loader] [entry_v2] candle_loader load_required_history summary:
[2026-07-13 20:00:47] [INFO] [entry_v2.candle_loader]   ✅ loaded EURUSD_H1 bars=8766
[2026-07-13 20:00:47] [INFO] [entry_v2.candle_loader]   ✅ loaded EURUSD_H4 bars=2191
[2026-07-13 20:00:47] [INFO] [entry_v2.candle_loader]   ✅ loaded GBPUSD_H1 bars=8766
[2026-07-13 20:00:47] [INFO] [entry_v2.candle_loader]   ✅ loaded GBPUSD_H4 bars=2191
[2026-07-13 20:00:47] [INFO] [entry_v2.candle_loader]   ✅ loaded XAUUSD_H1 bars=8601
[2026-07-13 20:00:47] [INFO] [entry_v2.candle_loader]   ✅ loaded XAUUSD_H4 bars=2191
[2026-07-13 20:00:47] [INFO] [entry_v2.dataset_builder] [entry_v2] dataset built rows=26133 missing_rows=686
[2026-07-13 20:00:47] [INFO] [entry_v2.run_pipeline] [Entry v2 run_pipeline] dataset_builder meta: row_count=26133 exports={'csv': 'data/entry_v2/entry_v2_dataset_20260713_170047.csv', 'parquet': 'data/entry_v2/entry_v2_dataset_20260713_170047.parquet'}
[2026-07-13 20:00:47] [INFO] [entry_v2.run_pipeline] [Entry v2 run_pipeline] Step 2: locate latest entry_v2_dataset_*.csv
[2026-07-13 20:00:47] [INFO] [entry_v2.run_pipeline] [Entry v2 run_pipeline] latest unified CSV: data/entry_v2\entry_v2_dataset_20260713_170047.csv
[2026-07-13 20:00:47] [INFO] [entry_v2.run_pipeline] [Entry v2 run_pipeline] Step 3: generate_features from latest unified CSV
[2026-07-13 20:00:51] [INFO] [entry_v2.run_pipeline] [Entry v2 run_pipeline] feature_engineering done: generated_rows=24850 parquet_path=data/entry_v2/features_dataset.parquet csv_path=data/entry_v2/features_dataset.csv
[2026-07-13 20:00:51] [INFO] [entry_v2.run_pipeline] [Entry v2 run_pipeline] Step 4: generate_entry_labels_v2 -> labeled_dataset.*
[2026-07-13 20:01:08] [INFO] [entry_v2.run_pipeline] [Entry v2 run_pipeline] label_report: win_rate=0.4418108651911469 total=24850 output=data/entry_v2/labeled_dataset.parquet/data/entry_v2/labeled_dataset.csv
[2026-07-13 20:01:08] [INFO] [entry_v2.run_pipeline] [Entry v2 run_pipeline] Step 5: dataset_audit
[2026-07-13 20:01:26] [INFO] [entry_v2.run_pipeline] [Entry v2 run_pipeline] Step 1: build_dataset -> unified CSV/Parquet
[2026-07-13 20:01:26] [INFO] [entry_v2.candle_loader] [entry_v2] loading candles symbol=EURUSD timeframe=H4 count=2191
[2026-07-13 20:01:26] [DEBUG] [market_client] DEBUG: Requesting EURUSD H4 as '4H'
[2026-07-13 20:01:26] [INFO] [qd_client] Logged in to QuantDinger
[2026-07-13 20:01:26] [DEBUG] [market_client] Candles EURUSD 4H: 2191 bars ✓
[2026-07-13 20:01:26] [INFO] [entry_v2.candle_loader] [entry_v2] loading candles symbol=EURUSD timeframe=H1 count=8766
[2026-07-13 20:01:26] [DEBUG] [market_client] DEBUG: Requesting EURUSD H1 as '1H'
[2026-07-13 20:01:26] [DEBUG] [market_client] Candles EURUSD 1H: 8766 bars ✓
[2026-07-13 20:01:26] [INFO] [entry_v2.candle_loader] [entry_v2] loading candles symbol=GBPUSD timeframe=H4 count=2191
[2026-07-13 20:01:26] [DEBUG] [market_client] DEBUG: Requesting GBPUSD H4 as '4H'
[2026-07-13 20:01:26] [DEBUG] [market_client] Candles GBPUSD 4H: 2191 bars ✓
[2026-07-13 20:01:26] [INFO] [entry_v2.candle_loader] [entry_v2] loading candles symbol=GBPUSD timeframe=H1 count=8766
[2026-07-13 20:01:26] [DEBUG] [market_client] DEBUG: Requesting GBPUSD H1 as '1H'
[2026-07-13 20:01:27] [DEBUG] [market_client] Candles GBPUSD 1H: 8766 bars ✓
[2026-07-13 20:01:27] [INFO] [entry_v2.candle_loader] [entry_v2] loading candles symbol=XAUUSD timeframe=H4 count=2191
[2026-07-13 20:01:27] [DEBUG] [market_client] DEBUG: Requesting XAUUSD H4 as '4H'
[2026-07-13 20:01:27] [DEBUG] [market_client] Candles XAUUSD 4H: 2191 bars ✓
[2026-07-13 20:01:27] [INFO] [entry_v2.candle_loader] [entry_v2] loading candles symbol=XAUUSD timeframe=H1 count=8766
[2026-07-13 20:01:27] [DEBUG] [market_client] DEBUG: Requesting XAUUSD H1 as '1H'
[2026-07-13 20:01:27] [DEBUG] [market_client] Candles XAUUSD 1H: 8601 bars ✓
[2026-07-13 20:01:27] [INFO] [entry_v2.candle_loader] [entry_v2] candle_loader load_required_history summary:
[2026-07-13 20:01:27] [INFO] [entry_v2.candle_loader]   ✅ loaded EURUSD_H1 bars=8766
[2026-07-13 20:01:27] [INFO] [entry_v2.candle_loader]   ✅ loaded EURUSD_H4 bars=2191
[2026-07-13 20:01:27] [INFO] [entry_v2.candle_loader]   ✅ loaded GBPUSD_H1 bars=8766
[2026-07-13 20:01:27] [INFO] [entry_v2.candle_loader]   ✅ loaded GBPUSD_H4 bars=2191
[2026-07-13 20:01:27] [INFO] [entry_v2.candle_loader]   ✅ loaded XAUUSD_H1 bars=8601
[2026-07-13 20:01:27] [INFO] [entry_v2.candle_loader]   ✅ loaded XAUUSD_H4 bars=2191
[2026-07-13 20:01:28] [INFO] [entry_v2.dataset_builder] [entry_v2] dataset built rows=26133 missing_rows=686
[2026-07-13 20:01:28] [INFO] [entry_v2.run_pipeline] [Entry v2 run_pipeline] dataset_builder meta: row_count=26133 exports={'csv': 'data/entry_v2/entry_v2_dataset_20260713_170127.csv', 'parquet': 'data/entry_v2/entry_v2_dataset_20260713_170127.parquet'}
[2026-07-13 20:01:28] [INFO] [entry_v2.run_pipeline] [Entry v2 run_pipeline] Step 2: locate latest entry_v2_dataset_*.csv
[2026-07-13 20:01:28] [INFO] [entry_v2.run_pipeline] [Entry v2 run_pipeline] latest unified CSV: data/entry_v2\entry_v2_dataset_20260713_170127.csv
[2026-07-13 20:01:28] [INFO] [entry_v2.run_pipeline] [Entry v2 run_pipeline] Step 3: generate_features from latest unified CSV
[2026-07-13 20:01:33] [INFO] [entry_v2.run_pipeline] [Entry v2 run_pipeline] feature_engineering done: generated_rows=24850 parquet_path=data/entry_v2/features_dataset.parquet csv_path=data/entry_v2/features_dataset.csv
[2026-07-13 20:01:33] [INFO] [entry_v2.run_pipeline] [Entry v2 run_pipeline] Step 4: generate_entry_labels_v2 -> labeled_dataset.*
[2026-07-13 20:01:52] [INFO] [entry_v2.run_pipeline] [Entry v2 run_pipeline] Step 1: build_dataset -> unified CSV/Parquet
[2026-07-13 20:01:52] [INFO] [entry_v2.candle_loader] [entry_v2] loading candles symbol=EURUSD timeframe=H4 count=2191
[2026-07-13 20:01:52] [DEBUG] [market_client] DEBUG: Requesting EURUSD H4 as '4H'
[2026-07-13 20:01:52] [INFO] [qd_client] Logged in to QuantDinger
[2026-07-13 20:01:52] [DEBUG] [market_client] Candles EURUSD 4H: 2191 bars ✓
[2026-07-13 20:01:52] [INFO] [entry_v2.candle_loader] [entry_v2] loading candles symbol=EURUSD timeframe=H1 count=8766
[2026-07-13 20:01:52] [DEBUG] [market_client] DEBUG: Requesting EURUSD H1 as '1H'
[2026-07-13 20:01:52] [DEBUG] [market_client] Candles EURUSD 1H: 8766 bars ✓
[2026-07-13 20:01:52] [INFO] [entry_v2.candle_loader] [entry_v2] loading candles symbol=GBPUSD timeframe=H4 count=2191
[2026-07-13 20:01:52] [DEBUG] [market_client] DEBUG: Requesting GBPUSD H4 as '4H'
[2026-07-13 20:01:52] [DEBUG] [market_client] Candles GBPUSD 4H: 2191 bars ✓
[2026-07-13 20:01:52] [INFO] [entry_v2.candle_loader] [entry_v2] loading candles symbol=GBPUSD timeframe=H1 count=8766
[2026-07-13 20:01:52] [DEBUG] [market_client] DEBUG: Requesting GBPUSD H1 as '1H'
[2026-07-13 20:01:52] [DEBUG] [market_client] Candles GBPUSD 1H: 8766 bars ✓
[2026-07-13 20:01:52] [INFO] [entry_v2.candle_loader] [entry_v2] loading candles symbol=XAUUSD timeframe=H4 count=2191
[2026-07-13 20:01:52] [DEBUG] [market_client] DEBUG: Requesting XAUUSD H4 as '4H'
[2026-07-13 20:01:52] [DEBUG] [market_client] Candles XAUUSD 4H: 2191 bars ✓
[2026-07-13 20:01:52] [INFO] [entry_v2.candle_loader] [entry_v2] loading candles symbol=XAUUSD timeframe=H1 count=8766
[2026-07-13 20:01:52] [DEBUG] [market_client] DEBUG: Requesting XAUUSD H1 as '1H'
[2026-07-13 20:01:53] [DEBUG] [market_client] Candles XAUUSD 1H: 8601 bars ✓
[2026-07-13 20:01:53] [INFO] [entry_v2.candle_loader] [entry_v2] candle_loader load_required_history summary:
[2026-07-13 20:01:53] [INFO] [entry_v2.candle_loader]   ✅ loaded EURUSD_H1 bars=8766
[2026-07-13 20:01:53] [INFO] [entry_v2.candle_loader]   ✅ loaded EURUSD_H4 bars=2191
[2026-07-13 20:01:53] [INFO] [entry_v2.candle_loader]   ✅ loaded GBPUSD_H1 bars=8766
[2026-07-13 20:01:53] [INFO] [entry_v2.candle_loader]   ✅ loaded GBPUSD_H4 bars=2191
[2026-07-13 20:01:53] [INFO] [entry_v2.candle_loader]   ✅ loaded XAUUSD_H1 bars=8601
[2026-07-13 20:01:53] [INFO] [entry_v2.candle_loader]   ✅ loaded XAUUSD_H4 bars=2191
[2026-07-13 20:01:53] [INFO] [entry_v2.dataset_builder] [entry_v2] dataset built rows=26133 missing_rows=686
[2026-07-13 20:01:53] [INFO] [entry_v2.run_pipeline] [Entry v2 run_pipeline] dataset_builder meta: row_count=26133 exports={'csv': 'data/entry_v2/entry_v2_dataset_20260713_170153.csv', 'parquet': 'data/entry_v2/entry_v2_dataset_20260713_170153.parquet'}
[2026-07-13 20:01:53] [INFO] [entry_v2.run_pipeline] [Entry v2 run_pipeline] Step 2: locate latest entry_v2_dataset_*.csv
[2026-07-13 20:01:53] [INFO] [entry_v2.run_pipeline] [Entry v2 run_pipeline] latest unified CSV: data/entry_v2\entry_v2_dataset_20260713_170153.csv
[2026-07-13 20:01:53] [INFO] [entry_v2.run_pipeline] [Entry v2 run_pipeline] Step 3: generate_features from latest unified CSV
[2026-07-13 20:01:53] [INFO] [entry_v2.run_pipeline] [Entry v2 run_pipeline] label_report: win_rate=0.4418108651911469 total=24850 output=data/entry_v2/labeled_dataset.parquet/data/entry_v2/labeled_dataset.csv
[2026-07-13 20:01:53] [INFO] [entry_v2.run_pipeline] [Entry v2 run_pipeline] Step 5: dataset_audit
[2026-07-13 20:01:59] [INFO] [entry_v2.run_pipeline] [Entry v2 run_pipeline] feature_engineering done: generated_rows=24850 parquet_path=data/entry_v2/features_dataset.parquet csv_path=data/entry_v2/features_dataset.csv
[2026-07-13 20:01:59] [INFO] [entry_v2.run_pipeline] [Entry v2 run_pipeline] Step 4: generate_entry_labels_v2 -> labeled_dataset.*
[2026-07-13 20:02:23] [INFO] [entry_v2.run_pipeline] [Entry v2 run_pipeline] label_report: win_rate=0.4418108651911469 total=24850 output=data/entry_v2/labeled_dataset.parquet/data/entry_v2/labeled_dataset.csv
[2026-07-13 20:02:23] [INFO] [entry_v2.run_pipeline] [Entry v2 run_pipeline] Step 5: dataset_audit
[2026-07-13 20:07:37] [INFO] [entry_v2.run_pipeline] [Entry v2 run_pipeline] Step 1: build_dataset -> unified CSV/Parquet
[2026-07-13 20:07:37] [INFO] [entry_v2.candle_loader] [entry_v2] loading candles symbol=EURUSD timeframe=H4 count=2191
[2026-07-13 20:07:37] [DEBUG] [market_client] DEBUG: Requesting EURUSD H4 as '4H'
[2026-07-13 20:07:37] [INFO] [qd_client] Logged in to QuantDinger
[2026-07-13 20:07:38] [DEBUG] [market_client] Candles EURUSD 4H: 2191 bars ✓
[2026-07-13 20:07:38] [INFO] [entry_v2.candle_loader] [entry_v2] loading candles symbol=EURUSD timeframe=H1 count=8766
[2026-07-13 20:07:38] [DEBUG] [market_client] DEBUG: Requesting EURUSD H1 as '1H'
[2026-07-13 20:07:39] [DEBUG] [market_client] Candles EURUSD 1H: 8766 bars ✓
[2026-07-13 20:07:40] [INFO] [entry_v2.candle_loader] [entry_v2] loading candles symbol=GBPUSD timeframe=H4 count=2191
[2026-07-13 20:07:40] [DEBUG] [market_client] DEBUG: Requesting GBPUSD H4 as '4H'
[2026-07-13 20:07:40] [DEBUG] [market_client] Candles GBPUSD 4H: 2191 bars ✓
[2026-07-13 20:07:40] [INFO] [entry_v2.candle_loader] [entry_v2] loading candles symbol=GBPUSD timeframe=H1 count=8766
[2026-07-13 20:07:40] [DEBUG] [market_client] DEBUG: Requesting GBPUSD H1 as '1H'
[2026-07-13 20:07:42] [DEBUG] [market_client] Candles GBPUSD 1H: 8766 bars ✓
[2026-07-13 20:07:42] [INFO] [entry_v2.candle_loader] [entry_v2] loading candles symbol=XAUUSD timeframe=H4 count=2191
[2026-07-13 20:07:42] [DEBUG] [market_client] DEBUG: Requesting XAUUSD H4 as '4H'
[2026-07-13 20:07:43] [DEBUG] [market_client] Candles XAUUSD 4H: 2191 bars ✓
[2026-07-13 20:07:43] [INFO] [entry_v2.candle_loader] [entry_v2] loading candles symbol=XAUUSD timeframe=H1 count=8766
[2026-07-13 20:07:43] [DEBUG] [market_client] DEBUG: Requesting XAUUSD H1 as '1H'
[2026-07-13 20:07:44] [DEBUG] [market_client] Candles XAUUSD 1H: 8601 bars ✓
[2026-07-13 20:07:44] [INFO] [entry_v2.candle_loader] [entry_v2] candle_loader load_required_history summary:
[2026-07-13 20:07:44] [INFO] [entry_v2.candle_loader]   ✅ loaded EURUSD_H1 bars=8766
[2026-07-13 20:07:44] [INFO] [entry_v2.candle_loader]   ✅ loaded EURUSD_H4 bars=2191
[2026-07-13 20:07:44] [INFO] [entry_v2.candle_loader]   ✅ loaded GBPUSD_H1 bars=8766
[2026-07-13 20:07:44] [INFO] [entry_v2.candle_loader]   ✅ loaded GBPUSD_H4 bars=2191
[2026-07-13 20:07:44] [INFO] [entry_v2.candle_loader]   ✅ loaded XAUUSD_H1 bars=8601
[2026-07-13 20:07:44] [INFO] [entry_v2.candle_loader]   ✅ loaded XAUUSD_H4 bars=2191
[2026-07-13 20:07:45] [INFO] [entry_v2.dataset_builder] [entry_v2] dataset built rows=26133 missing_rows=686
[2026-07-13 20:07:45] [INFO] [entry_v2.run_pipeline] [Entry v2 run_pipeline] dataset_builder meta: row_count=26133 exports={'csv': 'data/entry_v2/entry_v2_dataset_20260713_170744.csv', 'parquet': 'data/entry_v2/entry_v2_dataset_20260713_170744.parquet'}
[2026-07-13 20:07:45] [INFO] [entry_v2.run_pipeline] [Entry v2 run_pipeline] Step 2: locate latest entry_v2_dataset_*.csv
[2026-07-13 20:07:45] [INFO] [entry_v2.run_pipeline] [Entry v2 run_pipeline] latest unified CSV: data/entry_v2\entry_v2_dataset_20260713_170744.csv
[2026-07-13 20:07:45] [INFO] [entry_v2.run_pipeline] [Entry v2 run_pipeline] Step 3: generate_features from latest unified CSV
[2026-07-13 20:07:50] [INFO] [entry_v2.run_pipeline] [Entry v2 run_pipeline] feature_engineering done: generated_rows=24850 parquet_path=data/entry_v2/features_dataset.parquet csv_path=data/entry_v2/features_dataset.csv
[2026-07-13 20:07:50] [INFO] [entry_v2.run_pipeline] [Entry v2 run_pipeline] Step 4: generate_entry_labels_v2 -> labeled_dataset.*
[2026-07-13 20:07:56] [INFO] [entry_v2.run_pipeline] [Entry v2 run_pipeline] Step 1: build_dataset -> unified CSV/Parquet
[2026-07-13 20:07:56] [INFO] [entry_v2.candle_loader] [entry_v2] loading candles symbol=EURUSD timeframe=H4 count=2191
[2026-07-13 20:07:56] [DEBUG] [market_client] DEBUG: Requesting EURUSD H4 as '4H'
[2026-07-13 20:07:56] [INFO] [qd_client] Logged in to QuantDinger
[2026-07-13 20:07:56] [DEBUG] [market_client] Candles EURUSD 4H: 2191 bars ✓
[2026-07-13 20:07:56] [INFO] [entry_v2.candle_loader] [entry_v2] loading candles symbol=EURUSD timeframe=H1 count=8766
[2026-07-13 20:07:56] [DEBUG] [market_client] DEBUG: Requesting EURUSD H1 as '1H'
[2026-07-13 20:07:56] [DEBUG] [market_client] Candles EURUSD 1H: 8766 bars ✓
[2026-07-13 20:07:56] [INFO] [entry_v2.candle_loader] [entry_v2] loading candles symbol=GBPUSD timeframe=H4 count=2191
[2026-07-13 20:07:56] [DEBUG] [market_client] DEBUG: Requesting GBPUSD H4 as '4H'
[2026-07-13 20:07:57] [DEBUG] [market_client] Candles GBPUSD 4H: 2191 bars ✓
[2026-07-13 20:07:57] [INFO] [entry_v2.candle_loader] [entry_v2] loading candles symbol=GBPUSD timeframe=H1 count=8766
[2026-07-13 20:07:57] [DEBUG] [market_client] DEBUG: Requesting GBPUSD H1 as '1H'
[2026-07-13 20:07:57] [DEBUG] [market_client] Candles GBPUSD 1H: 8766 bars ✓
[2026-07-13 20:07:57] [INFO] [entry_v2.candle_loader] [entry_v2] loading candles symbol=XAUUSD timeframe=H4 count=2191
[2026-07-13 20:07:57] [DEBUG] [market_client] DEBUG: Requesting XAUUSD H4 as '4H'
[2026-07-13 20:07:57] [DEBUG] [market_client] Candles XAUUSD 4H: 2191 bars ✓
[2026-07-13 20:07:57] [INFO] [entry_v2.candle_loader] [entry_v2] loading candles symbol=XAUUSD timeframe=H1 count=8766
[2026-07-13 20:07:57] [DEBUG] [market_client] DEBUG: Requesting XAUUSD H1 as '1H'
[2026-07-13 20:07:57] [DEBUG] [market_client] Candles XAUUSD 1H: 8601 bars ✓
[2026-07-13 20:07:57] [INFO] [entry_v2.candle_loader] [entry_v2] candle_loader load_required_history summary:
[2026-07-13 20:07:57] [INFO] [entry_v2.candle_loader]   ✅ loaded EURUSD_H1 bars=8766
[2026-07-13 20:07:57] [INFO] [entry_v2.candle_loader]   ✅ loaded EURUSD_H4 bars=2191
[2026-07-13 20:07:57] [INFO] [entry_v2.candle_loader]   ✅ loaded GBPUSD_H1 bars=8766
[2026-07-13 20:07:57] [INFO] [entry_v2.candle_loader]   ✅ loaded GBPUSD_H4 bars=2191
[2026-07-13 20:07:57] [INFO] [entry_v2.candle_loader]   ✅ loaded XAUUSD_H1 bars=8601
[2026-07-13 20:07:57] [INFO] [entry_v2.candle_loader]   ✅ loaded XAUUSD_H4 bars=2191
[2026-07-13 20:07:58] [INFO] [entry_v2.dataset_builder] [entry_v2] dataset built rows=26133 missing_rows=686
[2026-07-13 20:07:58] [INFO] [entry_v2.run_pipeline] [Entry v2 run_pipeline] dataset_builder meta: row_count=26133 exports={'csv': 'data/entry_v2/entry_v2_dataset_20260713_170757.csv', 'parquet': 'data/entry_v2/entry_v2_dataset_20260713_170757.parquet'}
[2026-07-13 20:07:58] [INFO] [entry_v2.run_pipeline] [Entry v2 run_pipeline] Step 2: locate latest entry_v2_dataset_*.csv
[2026-07-13 20:07:58] [INFO] [entry_v2.run_pipeline] [Entry v2 run_pipeline] latest unified CSV: data/entry_v2\entry_v2_dataset_20260713_170757.csv
[2026-07-13 20:07:58] [INFO] [entry_v2.run_pipeline] [Entry v2 run_pipeline] Step 3: generate_features from latest unified CSV
[2026-07-13 20:08:05] [INFO] [entry_v2.run_pipeline] [Entry v2 run_pipeline] feature_engineering done: generated_rows=24850 parquet_path=data/entry_v2/features_dataset.parquet csv_path=data/entry_v2/features_dataset.csv
[2026-07-13 20:08:05] [INFO] [entry_v2.run_pipeline] [Entry v2 run_pipeline] Step 4: generate_entry_labels_v2 -> labeled_dataset.*
[2026-07-13 20:08:17] [INFO] [entry_v2.run_pipeline] [Entry v2 run_pipeline] Step 1: build_dataset -> unified CSV/Parquet
[2026-07-13 20:08:17] [INFO] [entry_v2.candle_loader] [entry_v2] loading candles symbol=EURUSD timeframe=H4 count=2191
[2026-07-13 20:08:17] [DEBUG] [market_client] DEBUG: Requesting EURUSD H4 as '4H'
[2026-07-13 20:08:18] [INFO] [qd_client] Logged in to QuantDinger
[2026-07-13 20:08:18] [DEBUG] [market_client] Candles EURUSD 4H: 2191 bars ✓
[2026-07-13 20:08:18] [INFO] [entry_v2.candle_loader] [entry_v2] loading candles symbol=EURUSD timeframe=H1 count=8766
[2026-07-13 20:08:18] [DEBUG] [market_client] DEBUG: Requesting EURUSD H1 as '1H'
[2026-07-13 20:08:18] [DEBUG] [market_client] Candles EURUSD 1H: 8766 bars ✓
[2026-07-13 20:08:18] [INFO] [entry_v2.candle_loader] [entry_v2] loading candles symbol=GBPUSD timeframe=H4 count=2191
[2026-07-13 20:08:18] [DEBUG] [market_client] DEBUG: Requesting GBPUSD H4 as '4H'
[2026-07-13 20:08:18] [DEBUG] [market_client] Candles GBPUSD 4H: 2191 bars ✓
[2026-07-13 20:08:18] [INFO] [entry_v2.candle_loader] [entry_v2] loading candles symbol=GBPUSD timeframe=H1 count=8766
[2026-07-13 20:08:18] [DEBUG] [market_client] DEBUG: Requesting GBPUSD H1 as '1H'
[2026-07-13 20:08:18] [DEBUG] [market_client] Candles GBPUSD 1H: 8766 bars ✓
[2026-07-13 20:08:18] [INFO] [entry_v2.candle_loader] [entry_v2] loading candles symbol=XAUUSD timeframe=H4 count=2191
[2026-07-13 20:08:18] [DEBUG] [market_client] DEBUG: Requesting XAUUSD H4 as '4H'
[2026-07-13 20:08:19] [DEBUG] [market_client] Candles XAUUSD 4H: 2191 bars ✓
[2026-07-13 20:08:19] [INFO] [entry_v2.candle_loader] [entry_v2] loading candles symbol=XAUUSD timeframe=H1 count=8766
[2026-07-13 20:08:19] [DEBUG] [market_client] DEBUG: Requesting XAUUSD H1 as '1H'
[2026-07-13 20:08:19] [DEBUG] [market_client] Candles XAUUSD 1H: 8601 bars ✓
[2026-07-13 20:08:19] [INFO] [entry_v2.candle_loader] [entry_v2] candle_loader load_required_history summary:
[2026-07-13 20:08:19] [INFO] [entry_v2.candle_loader]   ✅ loaded EURUSD_H1 bars=8766
[2026-07-13 20:08:19] [INFO] [entry_v2.candle_loader]   ✅ loaded EURUSD_H4 bars=2191
[2026-07-13 20:08:19] [INFO] [entry_v2.candle_loader]   ✅ loaded GBPUSD_H1 bars=8766
[2026-07-13 20:08:19] [INFO] [entry_v2.candle_loader]   ✅ loaded GBPUSD_H4 bars=2191
[2026-07-13 20:08:19] [INFO] [entry_v2.candle_loader]   ✅ loaded XAUUSD_H1 bars=8601
[2026-07-13 20:08:19] [INFO] [entry_v2.candle_loader]   ✅ loaded XAUUSD_H4 bars=2191
[2026-07-13 20:08:20] [INFO] [entry_v2.dataset_builder] [entry_v2] dataset built rows=26133 missing_rows=686
[2026-07-13 20:08:20] [INFO] [entry_v2.run_pipeline] [Entry v2 run_pipeline] dataset_builder meta: row_count=26133 exports={'csv': 'data/entry_v2/entry_v2_dataset_20260713_170819.csv', 'parquet': 'data/entry_v2/entry_v2_dataset_20260713_170819.parquet'}
[2026-07-13 20:08:20] [INFO] [entry_v2.run_pipeline] [Entry v2 run_pipeline] Step 2: locate latest entry_v2_dataset_*.csv
[2026-07-13 20:08:20] [INFO] [entry_v2.run_pipeline] [Entry v2 run_pipeline] latest unified CSV: data/entry_v2\entry_v2_dataset_20260713_170819.csv
[2026-07-13 20:08:20] [INFO] [entry_v2.run_pipeline] [Entry v2 run_pipeline] Step 3: generate_features from latest unified CSV
[2026-07-13 20:08:27] [INFO] [entry_v2.run_pipeline] [Entry v2 run_pipeline] label_report: win_rate=0.4418108651911469 total=24850 output=data/entry_v2/labeled_dataset.parquet/data/entry_v2/labeled_dataset.csv
[2026-07-13 20:08:27] [INFO] [entry_v2.run_pipeline] [Entry v2 run_pipeline] Step 5: dataset_audit
[2026-07-13 20:08:28] [INFO] [entry_v2.run_pipeline] [Entry v2 run_pipeline] feature_engineering done: generated_rows=24850 parquet_path=data/entry_v2/features_dataset.parquet csv_path=data/entry_v2/features_dataset.csv
[2026-07-13 20:08:28] [INFO] [entry_v2.run_pipeline] [Entry v2 run_pipeline] Step 4: generate_entry_labels_v2 -> labeled_dataset.*
[2026-07-13 20:08:39] [INFO] [entry_v2.run_pipeline] [Entry v2 run_pipeline] label_report: win_rate=0.4418108651911469 total=24850 output=data/entry_v2/labeled_dataset.parquet/data/entry_v2/labeled_dataset.csv
[2026-07-13 20:08:39] [INFO] [entry_v2.run_pipeline] [Entry v2 run_pipeline] Step 5: dataset_audit
[2026-07-13 20:08:57] [INFO] [entry_v2.run_pipeline] [Entry v2 run_pipeline] label_report: win_rate=0.4418108651911469 total=24850 output=data/entry_v2/labeled_dataset.parquet/data/entry_v2/labeled_dataset.csv
[2026-07-13 20:08:57] [INFO] [entry_v2.run_pipeline] [Entry v2 run_pipeline] Step 5: dataset_audit
[2026-07-13 20:09:09] [INFO] [entry_v2.run_pipeline] [Entry v2 run_pipeline] Dataset audit verdict=FAIL reason={'constant_features_exist': True, 'leakage_detected': False, 'class_imbalance_exceeds': False}
[2026-07-13 20:09:09] [INFO] [entry_v2.run_pipeline] [Entry v2 run_pipeline] dataset_report.md: data/entry_v2/audit_reports/dataset_report.md
[2026-07-13 20:10:21] [INFO] [entry_v2.run_pipeline] [Entry v2 run_pipeline] Dataset audit verdict=FAIL reason={'constant_features_exist': True, 'leakage_detected': False, 'class_imbalance_exceeds': False}
[2026-07-13 20:10:21] [INFO] [entry_v2.run_pipeline] [Entry v2 run_pipeline] dataset_report.md: data/entry_v2/audit_reports/dataset_report.md
[2026-07-13 20:12:04] [INFO] [entry_v2.run_pipeline] [Entry v2 run_pipeline] Dataset audit verdict=FAIL reason={'constant_features_exist': True, 'leakage_detected': False, 'class_imbalance_exceeds': False}
[2026-07-13 20:12:04] [INFO] [entry_v2.run_pipeline] [Entry v2 run_pipeline] dataset_report.md: data/entry_v2/audit_reports/dataset_report.md
[2026-07-13 20:15:16] [INFO] [entry_v2.run_pipeline] [Entry v2 run_pipeline] Step 1: build_dataset -> unified CSV/Parquet
[2026-07-13 20:15:16] [INFO] [entry_v2.candle_loader] [entry_v2] loading candles symbol=EURUSD timeframe=H4 count=2191
[2026-07-13 20:15:16] [DEBUG] [market_client] DEBUG: Requesting EURUSD H4 as '4H'
[2026-07-13 20:15:17] [INFO] [qd_client] Logged in to QuantDinger
[2026-07-13 20:15:18] [DEBUG] [market_client] Candles EURUSD 4H: 2191 bars ✓
[2026-07-13 20:15:18] [INFO] [entry_v2.candle_loader] [entry_v2] loading candles symbol=EURUSD timeframe=H1 count=8766
[2026-07-13 20:15:18] [DEBUG] [market_client] DEBUG: Requesting EURUSD H1 as '1H'
[2026-07-13 20:15:20] [DEBUG] [market_client] Candles EURUSD 1H: 8766 bars ✓
[2026-07-13 20:15:20] [INFO] [entry_v2.candle_loader] [entry_v2] loading candles symbol=GBPUSD timeframe=H4 count=2191
[2026-07-13 20:15:20] [DEBUG] [market_client] DEBUG: Requesting GBPUSD H4 as '4H'
[2026-07-13 20:15:21] [DEBUG] [market_client] Candles GBPUSD 4H: 2191 bars ✓
[2026-07-13 20:15:21] [INFO] [entry_v2.candle_loader] [entry_v2] loading candles symbol=GBPUSD timeframe=H1 count=8766
[2026-07-13 20:15:21] [DEBUG] [market_client] DEBUG: Requesting GBPUSD H1 as '1H'
[2026-07-13 20:15:22] [DEBUG] [market_client] Candles GBPUSD 1H: 8766 bars ✓
[2026-07-13 20:15:22] [INFO] [entry_v2.candle_loader] [entry_v2] loading candles symbol=XAUUSD timeframe=H4 count=2191
[2026-07-13 20:15:22] [DEBUG] [market_client] DEBUG: Requesting XAUUSD H4 as '4H'
[2026-07-13 20:15:24] [DEBUG] [market_client] Candles XAUUSD 4H: 2191 bars ✓
[2026-07-13 20:15:24] [INFO] [entry_v2.candle_loader] [entry_v2] loading candles symbol=XAUUSD timeframe=H1 count=8766
[2026-07-13 20:15:24] [DEBUG] [market_client] DEBUG: Requesting XAUUSD H1 as '1H'
[2026-07-13 20:15:26] [DEBUG] [market_client] Candles XAUUSD 1H: 8602 bars ✓
[2026-07-13 20:15:26] [INFO] [entry_v2.candle_loader] [entry_v2] candle_loader load_required_history summary:
[2026-07-13 20:15:26] [INFO] [entry_v2.candle_loader]   ✅ loaded EURUSD_H1 bars=8766
[2026-07-13 20:15:26] [INFO] [entry_v2.candle_loader]   ✅ loaded EURUSD_H4 bars=2191
[2026-07-13 20:15:26] [INFO] [entry_v2.candle_loader]   ✅ loaded GBPUSD_H1 bars=8766
[2026-07-13 20:15:26] [INFO] [entry_v2.candle_loader]   ✅ loaded GBPUSD_H4 bars=2191
[2026-07-13 20:15:26] [INFO] [entry_v2.candle_loader]   ✅ loaded XAUUSD_H1 bars=8602
[2026-07-13 20:15:26] [INFO] [entry_v2.candle_loader]   ✅ loaded XAUUSD_H4 bars=2191
[2026-07-13 20:15:26] [INFO] [entry_v2.dataset_builder] [entry_v2] dataset built rows=26134 missing_rows=686
[2026-07-13 20:15:26] [INFO] [entry_v2.run_pipeline] [Entry v2 run_pipeline] dataset_builder meta: row_count=26134 exports={'csv': 'data/entry_v2/entry_v2_dataset_20260713_171526.csv', 'parquet': 'data/entry_v2/entry_v2_dataset_20260713_171526.parquet'}
[2026-07-13 20:15:26] [INFO] [entry_v2.run_pipeline] [Entry v2 run_pipeline] Step 2: locate latest entry_v2_dataset_*.csv
[2026-07-13 20:15:26] [INFO] [entry_v2.run_pipeline] [Entry v2 run_pipeline] latest unified CSV: data/entry_v2\entry_v2_dataset_20260713_171526.csv
[2026-07-13 20:15:26] [INFO] [entry_v2.run_pipeline] [Entry v2 run_pipeline] Step 3: generate_features from latest unified CSV
[2026-07-13 20:15:31] [INFO] [entry_v2.run_pipeline] [Entry v2 run_pipeline] feature_engineering done: generated_rows=24851 parquet_path=data/entry_v2/features_dataset.parquet csv_path=data/entry_v2/features_dataset.csv
[2026-07-13 20:15:31] [INFO] [entry_v2.run_pipeline] [Entry v2 run_pipeline] Step 4: generate_entry_labels_v2 -> labeled_dataset.*
[2026-07-13 20:15:55] [INFO] [entry_v2.run_pipeline] [Entry v2 run_pipeline] label_report: win_rate=0.441793086797312 total=24851 output=data/entry_v2/labeled_dataset.parquet/data/entry_v2/labeled_dataset.csv
[2026-07-13 20:15:55] [INFO] [entry_v2.run_pipeline] [Entry v2 run_pipeline] Step 5: dataset_audit
[2026-07-13 20:15:56] [INFO] [entry_v2.dataset_audit] [entry_v2.dataset_audit] Load dataset: 0.378s rows=24851 cols=75
[2026-07-13 20:18:29] [INFO] [entry_v2.run_pipeline] [Entry v2 run_pipeline] Dataset audit verdict=FAIL reason={'constant_features_exist': True, 'leakage_detected': False, 'class_imbalance_exceeds': False}
[2026-07-13 20:18:29] [INFO] [entry_v2.run_pipeline] [Entry v2 run_pipeline] dataset_report.md: data/entry_v2/audit_reports/dataset_report.md
[2026-07-13 20:18:58] [INFO] [entry_v2.run_pipeline] [Entry v2 run_pipeline] Dataset audit verdict=FAIL reason={'constant_features_exist': True, 'leakage_detected': False, 'class_imbalance_exceeds': False}
[2026-07-13 20:18:58] [INFO] [entry_v2.run_pipeline] [Entry v2 run_pipeline] dataset_report.md: data/entry_v2/audit_reports/dataset_report.md
[2026-07-13 20:18:59] [INFO] [entry_v2.run_pipeline] [Entry v2 run_pipeline] Dataset audit verdict=FAIL reason={'constant_features_exist': True, 'leakage_detected': False, 'class_imbalance_exceeds': False}
[2026-07-13 20:18:59] [INFO] [entry_v2.run_pipeline] [Entry v2 run_pipeline] dataset_report.md: data/entry_v2/audit_reports/dataset_report.md
[2026-07-13 20:23:17] [INFO] [entry_v2.run_pipeline] [Entry v2 run_pipeline] Step 1: build_dataset -> unified CSV/Parquet
[2026-07-13 20:23:17] [INFO] [entry_v2.candle_loader] [entry_v2] loading candles symbol=EURUSD timeframe=H4 count=2191
[2026-07-13 20:23:17] [DEBUG] [market_client] DEBUG: Requesting EURUSD H4 as '4H'
[2026-07-13 20:23:17] [INFO] [qd_client] Logged in to QuantDinger
[2026-07-13 20:23:18] [DEBUG] [market_client] Candles EURUSD 4H: 2191 bars ✓
[2026-07-13 20:23:18] [INFO] [entry_v2.candle_loader] [entry_v2] loading candles symbol=EURUSD timeframe=H1 count=8766
[2026-07-13 20:23:18] [DEBUG] [market_client] DEBUG: Requesting EURUSD H1 as '1H'
[2026-07-13 20:23:19] [DEBUG] [market_client] Candles EURUSD 1H: 8766 bars ✓
[2026-07-13 20:23:19] [INFO] [entry_v2.candle_loader] [entry_v2] loading candles symbol=GBPUSD timeframe=H4 count=2191
[2026-07-13 20:23:19] [DEBUG] [market_client] DEBUG: Requesting GBPUSD H4 as '4H'
[2026-07-13 20:23:20] [DEBUG] [market_client] Candles GBPUSD 4H: 2191 bars ✓
[2026-07-13 20:23:20] [INFO] [entry_v2.candle_loader] [entry_v2] loading candles symbol=GBPUSD timeframe=H1 count=8766
[2026-07-13 20:23:20] [DEBUG] [market_client] DEBUG: Requesting GBPUSD H1 as '1H'
[2026-07-13 20:23:21] [DEBUG] [market_client] Candles GBPUSD 1H: 8766 bars ✓
[2026-07-13 20:23:21] [INFO] [entry_v2.candle_loader] [entry_v2] loading candles symbol=XAUUSD timeframe=H4 count=2191
[2026-07-13 20:23:21] [DEBUG] [market_client] DEBUG: Requesting XAUUSD H4 as '4H'
[2026-07-13 20:23:22] [DEBUG] [market_client] Candles XAUUSD 4H: 2191 bars ✓
[2026-07-13 20:23:22] [INFO] [entry_v2.candle_loader] [entry_v2] loading candles symbol=XAUUSD timeframe=H1 count=8766
[2026-07-13 20:23:22] [DEBUG] [market_client] DEBUG: Requesting XAUUSD H1 as '1H'
[2026-07-13 20:23:23] [DEBUG] [market_client] Candles XAUUSD 1H: 8602 bars ✓
[2026-07-13 20:23:23] [INFO] [entry_v2.candle_loader] [entry_v2] candle_loader load_required_history summary:
[2026-07-13 20:23:23] [INFO] [entry_v2.candle_loader]   ✅ loaded EURUSD_H1 bars=8766
[2026-07-13 20:23:23] [INFO] [entry_v2.candle_loader]   ✅ loaded EURUSD_H4 bars=2191
[2026-07-13 20:23:23] [INFO] [entry_v2.candle_loader]   ✅ loaded GBPUSD_H1 bars=8766
[2026-07-13 20:23:23] [INFO] [entry_v2.candle_loader]   ✅ loaded GBPUSD_H4 bars=2191
[2026-07-13 20:23:23] [INFO] [entry_v2.candle_loader]   ✅ loaded XAUUSD_H1 bars=8602
[2026-07-13 20:23:23] [INFO] [entry_v2.candle_loader]   ✅ loaded XAUUSD_H4 bars=2191
[2026-07-13 20:23:24] [INFO] [entry_v2.dataset_builder] [entry_v2] dataset built rows=26134 missing_rows=686
[2026-07-13 20:23:24] [INFO] [entry_v2.run_pipeline] [Entry v2 run_pipeline] dataset_builder meta: row_count=26134 exports={'csv': 'data/entry_v2/entry_v2_dataset_20260713_172323.csv', 'parquet': 'data/entry_v2/entry_v2_dataset_20260713_172323.parquet'}
[2026-07-13 20:23:24] [INFO] [entry_v2.run_pipeline] [Entry v2 run_pipeline] Step 2: locate latest entry_v2_dataset_*.csv
[2026-07-13 20:23:24] [INFO] [entry_v2.run_pipeline] [Entry v2 run_pipeline] latest unified CSV: data/entry_v2\entry_v2_dataset_20260713_172323.csv
[2026-07-13 20:23:24] [INFO] [entry_v2.run_pipeline] [Entry v2 run_pipeline] Step 3: generate_features from latest unified CSV
[2026-07-13 20:23:27] [INFO] [entry_v2.run_pipeline] [Entry v2 run_pipeline] feature_engineering done: generated_rows=24851 parquet_path=data/entry_v2/features_dataset.parquet csv_path=data/entry_v2/features_dataset.csv
[2026-07-13 20:23:27] [INFO] [entry_v2.run_pipeline] [Entry v2 run_pipeline] Step 4: generate_entry_labels_v2 -> labeled_dataset.*
[2026-07-13 20:23:41] [INFO] [entry_v2.run_pipeline] [Entry v2 run_pipeline] label_report: win_rate=0.441793086797312 total=24851 output=data/entry_v2/labeled_dataset.parquet/data/entry_v2/labeled_dataset.csv
[2026-07-13 20:23:41] [INFO] [entry_v2.run_pipeline] [Entry v2 run_pipeline] Step 5: dataset_audit
[2026-07-13 20:23:42] [INFO] [entry_v2.dataset_audit] [entry_v2.dataset_audit] Load dataset: 0.213s rows=24851 cols=75
[2026-07-13 20:24:14] [INFO] [entry_v2.run_pipeline] [Entry v2 run_pipeline] Step 1: build_dataset -> unified CSV/Parquet
[2026-07-13 20:24:14] [INFO] [entry_v2.candle_loader] [entry_v2] loading candles symbol=EURUSD timeframe=H4 count=2191
[2026-07-13 20:24:14] [DEBUG] [market_client] DEBUG: Requesting EURUSD H4 as '4H'
[2026-07-13 20:24:15] [INFO] [qd_client] Logged in to QuantDinger
[2026-07-13 20:24:15] [DEBUG] [market_client] Candles EURUSD 4H: 2191 bars ✓
[2026-07-13 20:24:15] [INFO] [entry_v2.candle_loader] [entry_v2] loading candles symbol=EURUSD timeframe=H1 count=8766
[2026-07-13 20:24:15] [DEBUG] [market_client] DEBUG: Requesting EURUSD H1 as '1H'
[2026-07-13 20:24:15] [DEBUG] [market_client] Candles EURUSD 1H: 8766 bars ✓
[2026-07-13 20:24:15] [INFO] [entry_v2.candle_loader] [entry_v2] loading candles symbol=GBPUSD timeframe=H4 count=2191
[2026-07-13 20:24:15] [DEBUG] [market_client] DEBUG: Requesting GBPUSD H4 as '4H'
[2026-07-13 20:24:15] [DEBUG] [market_client] Candles GBPUSD 4H: 2191 bars ✓
[2026-07-13 20:24:15] [INFO] [entry_v2.candle_loader] [entry_v2] loading candles symbol=GBPUSD timeframe=H1 count=8766
[2026-07-13 20:24:15] [DEBUG] [market_client] DEBUG: Requesting GBPUSD H1 as '1H'
[2026-07-13 20:24:15] [DEBUG] [market_client] Candles GBPUSD 1H: 8766 bars ✓
[2026-07-13 20:24:15] [INFO] [entry_v2.candle_loader] [entry_v2] loading candles symbol=XAUUSD timeframe=H4 count=2191
[2026-07-13 20:24:15] [DEBUG] [market_client] DEBUG: Requesting XAUUSD H4 as '4H'
[2026-07-13 20:24:15] [DEBUG] [market_client] Candles XAUUSD 4H: 2191 bars ✓
[2026-07-13 20:24:15] [INFO] [entry_v2.candle_loader] [entry_v2] loading candles symbol=XAUUSD timeframe=H1 count=8766
[2026-07-13 20:24:15] [DEBUG] [market_client] DEBUG: Requesting XAUUSD H1 as '1H'
[2026-07-13 20:24:15] [DEBUG] [market_client] Candles XAUUSD 1H: 8602 bars ✓
[2026-07-13 20:24:15] [INFO] [entry_v2.candle_loader] [entry_v2] candle_loader load_required_history summary:
[2026-07-13 20:24:15] [INFO] [entry_v2.candle_loader]   ✅ loaded EURUSD_H1 bars=8766
[2026-07-13 20:24:15] [INFO] [entry_v2.candle_loader]   ✅ loaded EURUSD_H4 bars=2191
[2026-07-13 20:24:15] [INFO] [entry_v2.candle_loader]   ✅ loaded GBPUSD_H1 bars=8766
[2026-07-13 20:24:15] [INFO] [entry_v2.candle_loader]   ✅ loaded GBPUSD_H4 bars=2191
[2026-07-13 20:24:15] [INFO] [entry_v2.candle_loader]   ✅ loaded XAUUSD_H1 bars=8602
[2026-07-13 20:24:15] [INFO] [entry_v2.candle_loader]   ✅ loaded XAUUSD_H4 bars=2191
[2026-07-13 20:24:16] [INFO] [entry_v2.dataset_builder] [entry_v2] dataset built rows=26134 missing_rows=686
[2026-07-13 20:24:16] [INFO] [entry_v2.run_pipeline] [Entry v2 run_pipeline] dataset_builder meta: row_count=26134 exports={'csv': 'data/entry_v2/entry_v2_dataset_20260713_172415.csv', 'parquet': 'data/entry_v2/entry_v2_dataset_20260713_172415.parquet'}
[2026-07-13 20:24:16] [INFO] [entry_v2.run_pipeline] [Entry v2 run_pipeline] Step 2: locate latest entry_v2_dataset_*.csv
[2026-07-13 20:24:16] [INFO] [entry_v2.run_pipeline] [Entry v2 run_pipeline] latest unified CSV: data/entry_v2\entry_v2_dataset_20260713_172415.csv
[2026-07-13 20:24:16] [INFO] [entry_v2.run_pipeline] [Entry v2 run_pipeline] Step 3: generate_features from latest unified CSV
[2026-07-13 20:24:21] [INFO] [entry_v2.run_pipeline] [Entry v2 run_pipeline] feature_engineering done: generated_rows=24851 parquet_path=data/entry_v2/features_dataset.parquet csv_path=data/entry_v2/features_dataset.csv
[2026-07-13 20:24:21] [INFO] [entry_v2.run_pipeline] [Entry v2 run_pipeline] Step 4: generate_entry_labels_v2 -> labeled_dataset.*
[2026-07-13 20:24:32] [INFO] [entry_v2.run_pipeline] [Entry v2 run_pipeline] Step 1: build_dataset -> unified CSV/Parquet
[2026-07-13 20:24:32] [INFO] [entry_v2.candle_loader] [entry_v2] loading candles symbol=EURUSD timeframe=H4 count=2191
[2026-07-13 20:24:32] [DEBUG] [market_client] DEBUG: Requesting EURUSD H4 as '4H'
[2026-07-13 20:24:32] [INFO] [qd_client] Logged in to QuantDinger
[2026-07-13 20:24:32] [DEBUG] [market_client] Candles EURUSD 4H: 2191 bars ✓
[2026-07-13 20:24:32] [INFO] [entry_v2.candle_loader] [entry_v2] loading candles symbol=EURUSD timeframe=H1 count=8766
[2026-07-13 20:24:32] [DEBUG] [market_client] DEBUG: Requesting EURUSD H1 as '1H'
[2026-07-13 20:24:32] [DEBUG] [market_client] Candles EURUSD 1H: 8766 bars ✓
[2026-07-13 20:24:32] [INFO] [entry_v2.candle_loader] [entry_v2] loading candles symbol=GBPUSD timeframe=H4 count=2191
[2026-07-13 20:24:32] [DEBUG] [market_client] DEBUG: Requesting GBPUSD H4 as '4H'
[2026-07-13 20:24:32] [DEBUG] [market_client] Candles GBPUSD 4H: 2191 bars ✓
[2026-07-13 20:24:32] [INFO] [entry_v2.candle_loader] [entry_v2] loading candles symbol=GBPUSD timeframe=H1 count=8766
[2026-07-13 20:24:32] [DEBUG] [market_client] DEBUG: Requesting GBPUSD H1 as '1H'
[2026-07-13 20:24:33] [DEBUG] [market_client] Candles GBPUSD 1H: 8766 bars ✓
[2026-07-13 20:24:33] [INFO] [entry_v2.candle_loader] [entry_v2] loading candles symbol=XAUUSD timeframe=H4 count=2191
[2026-07-13 20:24:33] [DEBUG] [market_client] DEBUG: Requesting XAUUSD H4 as '4H'
[2026-07-13 20:24:33] [DEBUG] [market_client] Candles XAUUSD 4H: 2191 bars ✓
[2026-07-13 20:24:33] [INFO] [entry_v2.candle_loader] [entry_v2] loading candles symbol=XAUUSD timeframe=H1 count=8766
[2026-07-13 20:24:33] [DEBUG] [market_client] DEBUG: Requesting XAUUSD H1 as '1H'
[2026-07-13 20:24:33] [DEBUG] [market_client] Candles XAUUSD 1H: 8602 bars ✓
[2026-07-13 20:24:33] [INFO] [entry_v2.candle_loader] [entry_v2] candle_loader load_required_history summary:
[2026-07-13 20:24:33] [INFO] [entry_v2.candle_loader]   ✅ loaded EURUSD_H1 bars=8766
[2026-07-13 20:24:33] [INFO] [entry_v2.candle_loader]   ✅ loaded EURUSD_H4 bars=2191
[2026-07-13 20:24:33] [INFO] [entry_v2.candle_loader]   ✅ loaded GBPUSD_H1 bars=8766
[2026-07-13 20:24:33] [INFO] [entry_v2.candle_loader]   ✅ loaded GBPUSD_H4 bars=2191
[2026-07-13 20:24:33] [INFO] [entry_v2.candle_loader]   ✅ loaded XAUUSD_H1 bars=8602
[2026-07-13 20:24:33] [INFO] [entry_v2.candle_loader]   ✅ loaded XAUUSD_H4 bars=2191
[2026-07-13 20:24:34] [INFO] [entry_v2.dataset_builder] [entry_v2] dataset built rows=26134 missing_rows=686
[2026-07-13 20:24:34] [INFO] [entry_v2.run_pipeline] [Entry v2 run_pipeline] dataset_builder meta: row_count=26134 exports={'csv': 'data/entry_v2/entry_v2_dataset_20260713_172433.csv', 'parquet': 'data/entry_v2/entry_v2_dataset_20260713_172433.parquet'}
[2026-07-13 20:24:34] [INFO] [entry_v2.run_pipeline] [Entry v2 run_pipeline] Step 2: locate latest entry_v2_dataset_*.csv
[2026-07-13 20:24:34] [INFO] [entry_v2.run_pipeline] [Entry v2 run_pipeline] latest unified CSV: data/entry_v2\entry_v2_dataset_20260713_172433.csv
[2026-07-13 20:24:34] [INFO] [entry_v2.run_pipeline] [Entry v2 run_pipeline] Step 3: generate_features from latest unified CSV
[2026-07-13 20:24:39] [INFO] [entry_v2.run_pipeline] [Entry v2 run_pipeline] feature_engineering done: generated_rows=24851 parquet_path=data/entry_v2/features_dataset.parquet csv_path=data/entry_v2/features_dataset.csv
[2026-07-13 20:24:39] [INFO] [entry_v2.run_pipeline] [Entry v2 run_pipeline] Step 4: generate_entry_labels_v2 -> labeled_dataset.*
[2026-07-13 20:24:43] [INFO] [entry_v2.run_pipeline] [Entry v2 run_pipeline] label_report: win_rate=0.441793086797312 total=24851 output=data/entry_v2/labeled_dataset.parquet/data/entry_v2/labeled_dataset.csv
[2026-07-13 20:24:43] [INFO] [entry_v2.run_pipeline] [Entry v2 run_pipeline] Step 5: dataset_audit
[2026-07-13 20:24:43] [INFO] [entry_v2.dataset_audit] [entry_v2.dataset_audit] Load dataset: 0.361s rows=24851 cols=75
[2026-07-13 20:24:50] [INFO] [entry_v2.run_pipeline] [Entry v2 run_pipeline] Dataset audit verdict=FAIL reason={'constant_features_exist': True, 'leakage_detected': False, 'class_imbalance_exceeds': False}
[2026-07-13 20:24:50] [INFO] [entry_v2.run_pipeline] [Entry v2 run_pipeline] dataset_report.md: data/entry_v2/audit_reports/dataset_report.md
[2026-07-13 20:24:59] [INFO] [entry_v2.run_pipeline] [Entry v2 run_pipeline] label_report: win_rate=0.441793086797312 total=24851 output=data/entry_v2/labeled_dataset.parquet/data/entry_v2/labeled_dataset.csv
[2026-07-13 20:24:59] [INFO] [entry_v2.run_pipeline] [Entry v2 run_pipeline] Step 5: dataset_audit
[2026-07-13 20:25:00] [INFO] [entry_v2.dataset_audit] [entry_v2.dataset_audit] Load dataset: 0.232s rows=24851 cols=75
[2026-07-13 20:25:03] [INFO] [entry_v2.run_pipeline] [Entry v2 run_pipeline] Dataset audit verdict=FAIL reason={'constant_features_exist': True, 'leakage_detected': False, 'class_imbalance_exceeds': False}
[2026-07-13 20:25:03] [INFO] [entry_v2.run_pipeline] [Entry v2 run_pipeline] dataset_report.md: data/entry_v2/audit_reports/dataset_report.md
[2026-07-13 20:27:11] [INFO] [entry_v2.run_pipeline] [Entry v2 run_pipeline] Step 1: build_dataset -> unified CSV/Parquet
[2026-07-13 20:27:11] [INFO] [entry_v2.candle_loader] [entry_v2] loading candles symbol=EURUSD timeframe=H4 count=2191
[2026-07-13 20:27:11] [DEBUG] [market_client] DEBUG: Requesting EURUSD H4 as '4H'
[2026-07-13 20:27:12] [INFO] [qd_client] Logged in to QuantDinger
[2026-07-13 20:27:12] [DEBUG] [market_client] Candles EURUSD 4H: 2191 bars ✓
[2026-07-13 20:27:12] [INFO] [entry_v2.candle_loader] [entry_v2] loading candles symbol=EURUSD timeframe=H1 count=8766
[2026-07-13 20:27:12] [DEBUG] [market_client] DEBUG: Requesting EURUSD H1 as '1H'
[2026-07-13 20:27:12] [DEBUG] [market_client] Candles EURUSD 1H: 8766 bars ✓
[2026-07-13 20:27:12] [INFO] [entry_v2.candle_loader] [entry_v2] loading candles symbol=GBPUSD timeframe=H4 count=2191
[2026-07-13 20:27:12] [DEBUG] [market_client] DEBUG: Requesting GBPUSD H4 as '4H'
[2026-07-13 20:27:12] [DEBUG] [market_client] Candles GBPUSD 4H: 2191 bars ✓
[2026-07-13 20:27:12] [INFO] [entry_v2.candle_loader] [entry_v2] loading candles symbol=GBPUSD timeframe=H1 count=8766
[2026-07-13 20:27:12] [DEBUG] [market_client] DEBUG: Requesting GBPUSD H1 as '1H'
[2026-07-13 20:27:12] [DEBUG] [market_client] Candles GBPUSD 1H: 8766 bars ✓
[2026-07-13 20:27:12] [INFO] [entry_v2.candle_loader] [entry_v2] loading candles symbol=XAUUSD timeframe=H4 count=2191
[2026-07-13 20:27:12] [DEBUG] [market_client] DEBUG: Requesting XAUUSD H4 as '4H'
[2026-07-13 20:27:12] [DEBUG] [market_client] Candles XAUUSD 4H: 2191 bars ✓
[2026-07-13 20:27:12] [INFO] [entry_v2.candle_loader] [entry_v2] loading candles symbol=XAUUSD timeframe=H1 count=8766
[2026-07-13 20:27:12] [DEBUG] [market_client] DEBUG: Requesting XAUUSD H1 as '1H'
[2026-07-13 20:27:12] [DEBUG] [market_client] Candles XAUUSD 1H: 8602 bars ✓
[2026-07-13 20:27:12] [INFO] [entry_v2.candle_loader] [entry_v2] candle_loader load_required_history summary:
[2026-07-13 20:27:12] [INFO] [entry_v2.candle_loader]   ✅ loaded EURUSD_H1 bars=8766
[2026-07-13 20:27:12] [INFO] [entry_v2.candle_loader]   ✅ loaded EURUSD_H4 bars=2191
[2026-07-13 20:27:12] [INFO] [entry_v2.candle_loader]   ✅ loaded GBPUSD_H1 bars=8766
[2026-07-13 20:27:12] [INFO] [entry_v2.candle_loader]   ✅ loaded GBPUSD_H4 bars=2191
[2026-07-13 20:27:12] [INFO] [entry_v2.candle_loader]   ✅ loaded XAUUSD_H1 bars=8602
[2026-07-13 20:27:12] [INFO] [entry_v2.candle_loader]   ✅ loaded XAUUSD_H4 bars=2191
[2026-07-13 20:27:13] [INFO] [entry_v2.dataset_builder] [entry_v2] dataset built rows=26134 missing_rows=686
[2026-07-13 20:27:13] [INFO] [entry_v2.run_pipeline] [Entry v2 run_pipeline] dataset_builder meta: row_count=26134 exports={'csv': 'data/entry_v2/entry_v2_dataset_20260713_172712.csv', 'parquet': 'data/entry_v2/entry_v2_dataset_20260713_172712.parquet'}
[2026-07-13 20:27:13] [INFO] [entry_v2.run_pipeline] [Entry v2 run_pipeline] Step 2: locate latest entry_v2_dataset_*.csv
[2026-07-13 20:27:13] [INFO] [entry_v2.run_pipeline] [Entry v2 run_pipeline] latest unified CSV: data/entry_v2\entry_v2_dataset_20260713_172712.csv
[2026-07-13 20:27:13] [INFO] [entry_v2.run_pipeline] [Entry v2 run_pipeline] Step 3: generate_features from latest unified CSV
[2026-07-13 20:27:18] [INFO] [entry_v2.run_pipeline] [Entry v2 run_pipeline] feature_engineering done: generated_rows=24851 parquet_path=data/entry_v2/features_dataset.parquet csv_path=data/entry_v2/features_dataset.csv
[2026-07-13 20:27:18] [INFO] [entry_v2.run_pipeline] [Entry v2 run_pipeline] Step 4: generate_entry_labels_v2 -> labeled_dataset.*
[2026-07-13 20:27:35] [INFO] [entry_v2.run_pipeline] [Entry v2 run_pipeline] Step 1: build_dataset -> unified CSV/Parquet
[2026-07-13 20:27:35] [INFO] [entry_v2.candle_loader] [entry_v2] loading candles symbol=EURUSD timeframe=H4 count=2191
[2026-07-13 20:27:35] [DEBUG] [market_client] DEBUG: Requesting EURUSD H4 as '4H'
[2026-07-13 20:27:36] [INFO] [qd_client] Logged in to QuantDinger
[2026-07-13 20:27:36] [DEBUG] [market_client] Candles EURUSD 4H: 2191 bars ✓
[2026-07-13 20:27:36] [INFO] [entry_v2.candle_loader] [entry_v2] loading candles symbol=EURUSD timeframe=H1 count=8766
[2026-07-13 20:27:36] [DEBUG] [market_client] DEBUG: Requesting EURUSD H1 as '1H'
[2026-07-13 20:27:36] [DEBUG] [market_client] Candles EURUSD 1H: 8766 bars ✓
[2026-07-13 20:27:36] [INFO] [entry_v2.candle_loader] [entry_v2] loading candles symbol=GBPUSD timeframe=H4 count=2191
[2026-07-13 20:27:36] [DEBUG] [market_client] DEBUG: Requesting GBPUSD H4 as '4H'
[2026-07-13 20:27:36] [DEBUG] [market_client] Candles GBPUSD 4H: 2191 bars ✓
[2026-07-13 20:27:36] [INFO] [entry_v2.candle_loader] [entry_v2] loading candles symbol=GBPUSD timeframe=H1 count=8766
[2026-07-13 20:27:36] [DEBUG] [market_client] DEBUG: Requesting GBPUSD H1 as '1H'
[2026-07-13 20:27:36] [DEBUG] [market_client] Candles GBPUSD 1H: 8766 bars ✓
[2026-07-13 20:27:36] [INFO] [entry_v2.candle_loader] [entry_v2] loading candles symbol=XAUUSD timeframe=H4 count=2191
[2026-07-13 20:27:36] [DEBUG] [market_client] DEBUG: Requesting XAUUSD H4 as '4H'
[2026-07-13 20:27:36] [DEBUG] [market_client] Candles XAUUSD 4H: 2191 bars ✓
[2026-07-13 20:27:36] [INFO] [entry_v2.candle_loader] [entry_v2] loading candles symbol=XAUUSD timeframe=H1 count=8766
[2026-07-13 20:27:36] [DEBUG] [market_client] DEBUG: Requesting XAUUSD H1 as '1H'
[2026-07-13 20:27:37] [DEBUG] [market_client] Candles XAUUSD 1H: 8602 bars ✓
[2026-07-13 20:27:37] [INFO] [entry_v2.candle_loader] [entry_v2] candle_loader load_required_history summary:
[2026-07-13 20:27:37] [INFO] [entry_v2.candle_loader]   ✅ loaded EURUSD_H1 bars=8766
[2026-07-13 20:27:37] [INFO] [entry_v2.candle_loader]   ✅ loaded EURUSD_H4 bars=2191
[2026-07-13 20:27:37] [INFO] [entry_v2.candle_loader]   ✅ loaded GBPUSD_H1 bars=8766
[2026-07-13 20:27:37] [INFO] [entry_v2.candle_loader]   ✅ loaded GBPUSD_H4 bars=2191
[2026-07-13 20:27:37] [INFO] [entry_v2.candle_loader]   ✅ loaded XAUUSD_H1 bars=8602
[2026-07-13 20:27:37] [INFO] [entry_v2.candle_loader]   ✅ loaded XAUUSD_H4 bars=2191
[2026-07-13 20:27:37] [INFO] [entry_v2.run_pipeline] [Entry v2 run_pipeline] label_report: win_rate=0.441793086797312 total=24851 output=data/entry_v2/labeled_dataset.parquet/data/entry_v2/labeled_dataset.csv
[2026-07-13 20:27:37] [INFO] [entry_v2.run_pipeline] [Entry v2 run_pipeline] Step 5: dataset_audit
[2026-07-13 20:27:37] [INFO] [entry_v2.dataset_audit] [entry_v2.dataset_audit] Load dataset: 0.353s rows=24851 cols=75
[2026-07-13 20:27:37] [INFO] [entry_v2.dataset_builder] [entry_v2] dataset built rows=26134 missing_rows=686
[2026-07-13 20:27:37] [INFO] [entry_v2.run_pipeline] [Entry v2 run_pipeline] dataset_builder meta: row_count=26134 exports={'csv': 'data/entry_v2/entry_v2_dataset_20260713_172737.csv', 'parquet': 'data/entry_v2/entry_v2_dataset_20260713_172737.parquet'}
[2026-07-13 20:27:37] [INFO] [entry_v2.run_pipeline] [Entry v2 run_pipeline] Step 2: locate latest entry_v2_dataset_*.csv
[2026-07-13 20:27:37] [INFO] [entry_v2.run_pipeline] [Entry v2 run_pipeline] latest unified CSV: data/entry_v2\entry_v2_dataset_20260713_172737.csv
[2026-07-13 20:27:37] [INFO] [entry_v2.run_pipeline] [Entry v2 run_pipeline] Step 3: generate_features from latest unified CSV
[2026-07-13 20:27:43] [INFO] [entry_v2.run_pipeline] [Entry v2 run_pipeline] feature_engineering done: generated_rows=24851 parquet_path=data/entry_v2/features_dataset.parquet csv_path=data/entry_v2/features_dataset.csv
[2026-07-13 20:27:43] [INFO] [entry_v2.run_pipeline] [Entry v2 run_pipeline] Step 4: generate_entry_labels_v2 -> labeled_dataset.*
[2026-07-13 20:27:45] [INFO] [entry_v2.run_pipeline] [Entry v2 run_pipeline] Dataset audit verdict=FAIL reason={'constant_features_exist': True, 'leakage_detected': False, 'class_imbalance_exceeds': False}
[2026-07-13 20:27:45] [INFO] [entry_v2.run_pipeline] [Entry v2 run_pipeline] dataset_report.md: data/entry_v2/audit_reports/dataset_report.md
[2026-07-13 20:27:57] [INFO] [entry_v2.run_pipeline] [Entry v2 run_pipeline] Step 1: build_dataset -> unified CSV/Parquet
[2026-07-13 20:27:57] [INFO] [entry_v2.candle_loader] [entry_v2] loading candles symbol=EURUSD timeframe=H4 count=2191
[2026-07-13 20:27:57] [DEBUG] [market_client] DEBUG: Requesting EURUSD H4 as '4H'
[2026-07-13 20:27:57] [INFO] [qd_client] Logged in to QuantDinger
[2026-07-13 20:27:57] [DEBUG] [market_client] Candles EURUSD 4H: 2191 bars ✓
[2026-07-13 20:27:57] [INFO] [entry_v2.candle_loader] [entry_v2] loading candles symbol=EURUSD timeframe=H1 count=8766
[2026-07-13 20:27:57] [DEBUG] [market_client] DEBUG: Requesting EURUSD H1 as '1H'
[2026-07-13 20:27:58] [DEBUG] [market_client] Candles EURUSD 1H: 8766 bars ✓
[2026-07-13 20:27:58] [INFO] [entry_v2.candle_loader] [entry_v2] loading candles symbol=GBPUSD timeframe=H4 count=2191
[2026-07-13 20:27:58] [DEBUG] [market_client] DEBUG: Requesting GBPUSD H4 as '4H'
[2026-07-13 20:27:58] [DEBUG] [market_client] Candles GBPUSD 4H: 2191 bars ✓
[2026-07-13 20:27:58] [INFO] [entry_v2.candle_loader] [entry_v2] loading candles symbol=GBPUSD timeframe=H1 count=8766
[2026-07-13 20:27:58] [DEBUG] [market_client] DEBUG: Requesting GBPUSD H1 as '1H'
[2026-07-13 20:27:58] [DEBUG] [market_client] Candles GBPUSD 1H: 8766 bars ✓
[2026-07-13 20:27:58] [INFO] [entry_v2.candle_loader] [entry_v2] loading candles symbol=XAUUSD timeframe=H4 count=2191
[2026-07-13 20:27:58] [DEBUG] [market_client] DEBUG: Requesting XAUUSD H4 as '4H'
[2026-07-13 20:27:58] [DEBUG] [market_client] Candles XAUUSD 4H: 2191 bars ✓
[2026-07-13 20:27:58] [INFO] [entry_v2.candle_loader] [entry_v2] loading candles symbol=XAUUSD timeframe=H1 count=8766
[2026-07-13 20:27:58] [DEBUG] [market_client] DEBUG: Requesting XAUUSD H1 as '1H'
[2026-07-13 20:27:58] [DEBUG] [market_client] Candles XAUUSD 1H: 8602 bars ✓
[2026-07-13 20:27:58] [INFO] [entry_v2.candle_loader] [entry_v2] candle_loader load_required_history summary:
[2026-07-13 20:27:58] [INFO] [entry_v2.candle_loader]   ✅ loaded EURUSD_H1 bars=8766
[2026-07-13 20:27:58] [INFO] [entry_v2.candle_loader]   ✅ loaded EURUSD_H4 bars=2191
[2026-07-13 20:27:58] [INFO] [entry_v2.candle_loader]   ✅ loaded GBPUSD_H1 bars=8766
[2026-07-13 20:27:58] [INFO] [entry_v2.candle_loader]   ✅ loaded GBPUSD_H4 bars=2191
[2026-07-13 20:27:58] [INFO] [entry_v2.candle_loader]   ✅ loaded XAUUSD_H1 bars=8602
[2026-07-13 20:27:58] [INFO] [entry_v2.candle_loader]   ✅ loaded XAUUSD_H4 bars=2191
[2026-07-13 20:27:59] [INFO] [entry_v2.dataset_builder] [entry_v2] dataset built rows=26134 missing_rows=686
[2026-07-13 20:27:59] [INFO] [entry_v2.run_pipeline] [Entry v2 run_pipeline] dataset_builder meta: row_count=26134 exports={'csv': 'data/entry_v2/entry_v2_dataset_20260713_172758.csv', 'parquet': 'data/entry_v2/entry_v2_dataset_20260713_172758.parquet'}
[2026-07-13 20:27:59] [INFO] [entry_v2.run_pipeline] [Entry v2 run_pipeline] Step 2: locate latest entry_v2_dataset_*.csv
[2026-07-13 20:27:59] [INFO] [entry_v2.run_pipeline] [Entry v2 run_pipeline] latest unified CSV: data/entry_v2\entry_v2_dataset_20260713_172758.csv
[2026-07-13 20:27:59] [INFO] [entry_v2.run_pipeline] [Entry v2 run_pipeline] Step 3: generate_features from latest unified CSV
[2026-07-13 20:28:04] [INFO] [entry_v2.run_pipeline] [Entry v2 run_pipeline] label_report: win_rate=0.441793086797312 total=24851 output=data/entry_v2/labeled_dataset.parquet/data/entry_v2/labeled_dataset.csv
[2026-07-13 20:28:04] [INFO] [entry_v2.run_pipeline] [Entry v2 run_pipeline] Step 5: dataset_audit
[2026-07-13 20:28:04] [INFO] [entry_v2.run_pipeline] [Entry v2 run_pipeline] feature_engineering done: generated_rows=24851 parquet_path=data/entry_v2/features_dataset.parquet csv_path=data/entry_v2/features_dataset.csv
[2026-07-13 20:28:04] [INFO] [entry_v2.run_pipeline] [Entry v2 run_pipeline] Step 4: generate_entry_labels_v2 -> labeled_dataset.*
[2026-07-13 20:28:05] [INFO] [entry_v2.dataset_audit] [entry_v2.dataset_audit] Load dataset: 0.420s rows=24851 cols=75
[2026-07-13 20:28:09] [INFO] [entry_v2.run_pipeline] [Entry v2 run_pipeline] Dataset audit verdict=FAIL reason={'constant_features_exist': True, 'leakage_detected': False, 'class_imbalance_exceeds': False}
[2026-07-13 20:28:09] [INFO] [entry_v2.run_pipeline] [Entry v2 run_pipeline] dataset_report.md: data/entry_v2/audit_reports/dataset_report.md
[2026-07-13 20:28:20] [INFO] [entry_v2.run_pipeline] [Entry v2 run_pipeline] label_report: win_rate=0.441793086797312 total=24851 output=data/entry_v2/labeled_dataset.parquet/data/entry_v2/labeled_dataset.csv
[2026-07-13 20:28:20] [INFO] [entry_v2.run_pipeline] [Entry v2 run_pipeline] Step 5: dataset_audit
[2026-07-13 20:28:20] [INFO] [entry_v2.dataset_audit] [entry_v2.dataset_audit] Load dataset: 0.245s rows=24851 cols=75
[2026-07-13 20:28:24] [INFO] [entry_v2.run_pipeline] [Entry v2 run_pipeline] Dataset audit verdict=FAIL reason={'constant_features_exist': True, 'leakage_detected': False, 'class_imbalance_exceeds': False}
[2026-07-13 20:28:24] [INFO] [entry_v2.run_pipeline] [Entry v2 run_pipeline] dataset_report.md: data/entry_v2/audit_reports/dataset_report.md
[2026-07-13 20:29:04] [INFO] [entry_v2.run_pipeline] [Entry v2 run_pipeline] Dataset audit verdict=FAIL reason={'constant_features_exist': True, 'leakage_detected': False, 'class_imbalance_exceeds': False}
[2026-07-13 20:29:04] [INFO] [entry_v2.run_pipeline] [Entry v2 run_pipeline] dataset_report.md: data/entry_v2/audit_reports/dataset_report.md
[2026-07-13 20:53:31] [INFO] [entry_v2.run_pipeline] [Entry v2 run_pipeline] Step 1: build_dataset -> unified CSV/Parquet
[2026-07-13 20:53:31] [INFO] [entry_v2.candle_loader] [entry_v2] loading candles symbol=EURUSD timeframe=H4 count=2191
[2026-07-13 20:53:31] [DEBUG] [market_client] DEBUG: Requesting EURUSD H4 as '4H'
[2026-07-13 20:53:31] [INFO] [qd_client] Logged in to QuantDinger
[2026-07-13 20:53:32] [DEBUG] [market_client] Candles EURUSD 4H: 2191 bars ✓
[2026-07-13 20:53:32] [INFO] [entry_v2.candle_loader] [entry_v2] loading candles symbol=EURUSD timeframe=H1 count=8766
[2026-07-13 20:53:32] [DEBUG] [market_client] DEBUG: Requesting EURUSD H1 as '1H'
[2026-07-13 20:53:33] [DEBUG] [market_client] Candles EURUSD 1H: 8766 bars ✓
[2026-07-13 20:53:33] [INFO] [entry_v2.candle_loader] [entry_v2] loading candles symbol=GBPUSD timeframe=H4 count=2191
[2026-07-13 20:53:33] [DEBUG] [market_client] DEBUG: Requesting GBPUSD H4 as '4H'
[2026-07-13 20:53:34] [DEBUG] [market_client] Candles GBPUSD 4H: 2191 bars ✓
[2026-07-13 20:53:34] [INFO] [entry_v2.candle_loader] [entry_v2] loading candles symbol=GBPUSD timeframe=H1 count=8766
[2026-07-13 20:53:34] [DEBUG] [market_client] DEBUG: Requesting GBPUSD H1 as '1H'
[2026-07-13 20:53:35] [DEBUG] [market_client] Candles GBPUSD 1H: 8766 bars ✓
[2026-07-13 20:53:35] [INFO] [entry_v2.candle_loader] [entry_v2] loading candles symbol=XAUUSD timeframe=H4 count=2191
[2026-07-13 20:53:35] [DEBUG] [market_client] DEBUG: Requesting XAUUSD H4 as '4H'
[2026-07-13 20:53:36] [DEBUG] [market_client] Candles XAUUSD 4H: 2191 bars ✓
[2026-07-13 20:53:36] [INFO] [entry_v2.candle_loader] [entry_v2] loading candles symbol=XAUUSD timeframe=H1 count=8766
[2026-07-13 20:53:36] [DEBUG] [market_client] DEBUG: Requesting XAUUSD H1 as '1H'
[2026-07-13 20:53:37] [DEBUG] [market_client] Candles XAUUSD 1H: 8602 bars ✓
[2026-07-13 20:53:37] [INFO] [entry_v2.candle_loader] [entry_v2] candle_loader load_required_history summary:
[2026-07-13 20:53:37] [INFO] [entry_v2.candle_loader]   ✅ loaded EURUSD_H1 bars=8766
[2026-07-13 20:53:37] [INFO] [entry_v2.candle_loader]   ✅ loaded EURUSD_H4 bars=2191
[2026-07-13 20:53:37] [INFO] [entry_v2.candle_loader]   ✅ loaded GBPUSD_H1 bars=8766
[2026-07-13 20:53:37] [INFO] [entry_v2.candle_loader]   ✅ loaded GBPUSD_H4 bars=2191
[2026-07-13 20:53:37] [INFO] [entry_v2.candle_loader]   ✅ loaded XAUUSD_H1 bars=8602
[2026-07-13 20:53:37] [INFO] [entry_v2.candle_loader]   ✅ loaded XAUUSD_H4 bars=2191
[2026-07-13 20:53:38] [INFO] [entry_v2.dataset_builder] [entry_v2] dataset built rows=26134 missing_rows=686
[2026-07-13 20:53:38] [INFO] [entry_v2.run_pipeline] [Entry v2 run_pipeline] dataset_builder meta: row_count=26134 exports={'csv': 'data/entry_v2/entry_v2_dataset_20260713_175337.csv', 'parquet': 'data/entry_v2/entry_v2_dataset_20260713_175337.parquet'}
[2026-07-13 20:53:38] [INFO] [entry_v2.run_pipeline] [Entry v2 run_pipeline] Step 2: locate latest entry_v2_dataset_*.csv
[2026-07-13 20:53:38] [INFO] [entry_v2.run_pipeline] [Entry v2 run_pipeline] latest unified CSV: data/entry_v2\entry_v2_dataset_20260713_175337.csv
[2026-07-13 20:53:38] [INFO] [entry_v2.run_pipeline] [Entry v2 run_pipeline] Step 3: generate_features from latest unified CSV
[2026-07-13 20:53:41] [INFO] [entry_v2.run_pipeline] [Entry v2 run_pipeline] feature_engineering done: generated_rows=24851 parquet_path=data/entry_v2/features_dataset.parquet csv_path=data/entry_v2/features_dataset.csv
[2026-07-13 20:53:41] [INFO] [entry_v2.run_pipeline] [Entry v2 run_pipeline] Step 4: generate_entry_labels_v2 -> labeled_dataset.*
[2026-07-13 20:53:59] [INFO] [entry_v2.run_pipeline] [Entry v2 run_pipeline] label_report: win_rate=0.441793086797312 total=24851 output=data/entry_v2/labeled_dataset.parquet/data/entry_v2/labeled_dataset.csv
[2026-07-13 20:53:59] [INFO] [entry_v2.run_pipeline] [Entry v2 run_pipeline] Step 5: dataset_audit
[2026-07-13 20:54:00] [INFO] [entry_v2.dataset_audit] [entry_v2.dataset_audit] Load dataset: 0.246s rows=24851 cols=75
[2026-07-13 20:54:01] [INFO] [entry_v2.run_pipeline] [Entry v2 run_pipeline] Dataset audit verdict=FAIL reason=None
[2026-07-13 20:59:44] [INFO] [entry_v2.run_pipeline] [Entry v2 run_pipeline] Step 1: build_dataset -> unified CSV/Parquet
[2026-07-13 20:59:44] [INFO] [entry_v2.candle_loader] [entry_v2] loading candles symbol=EURUSD timeframe=H4 count=2191
[2026-07-13 20:59:44] [DEBUG] [market_client] DEBUG: Requesting EURUSD H4 as '4H'
[2026-07-13 20:59:45] [INFO] [qd_client] Logged in to QuantDinger
[2026-07-13 20:59:45] [DEBUG] [market_client] Candles EURUSD 4H: 2191 bars ✓
[2026-07-13 20:59:45] [INFO] [entry_v2.candle_loader] [entry_v2] loading candles symbol=EURUSD timeframe=H1 count=8766
[2026-07-13 20:59:45] [DEBUG] [market_client] DEBUG: Requesting EURUSD H1 as '1H'
[2026-07-13 20:59:47] [DEBUG] [market_client] Candles EURUSD 1H: 8766 bars ✓
[2026-07-13 20:59:47] [INFO] [entry_v2.candle_loader] [entry_v2] loading candles symbol=GBPUSD timeframe=H4 count=2191
[2026-07-13 20:59:47] [DEBUG] [market_client] DEBUG: Requesting GBPUSD H4 as '4H'
[2026-07-13 20:59:47] [DEBUG] [market_client] Candles GBPUSD 4H: 2191 bars ✓
[2026-07-13 20:59:47] [INFO] [entry_v2.candle_loader] [entry_v2] loading candles symbol=GBPUSD timeframe=H1 count=8766
[2026-07-13 20:59:47] [DEBUG] [market_client] DEBUG: Requesting GBPUSD H1 as '1H'
[2026-07-13 20:59:49] [DEBUG] [market_client] Candles GBPUSD 1H: 8766 bars ✓
[2026-07-13 20:59:49] [INFO] [entry_v2.candle_loader] [entry_v2] loading candles symbol=XAUUSD timeframe=H4 count=2191
[2026-07-13 20:59:49] [DEBUG] [market_client] DEBUG: Requesting XAUUSD H4 as '4H'
[2026-07-13 20:59:49] [DEBUG] [market_client] Candles XAUUSD 4H: 2191 bars ✓
[2026-07-13 20:59:49] [INFO] [entry_v2.candle_loader] [entry_v2] loading candles symbol=XAUUSD timeframe=H1 count=8766
[2026-07-13 20:59:49] [DEBUG] [market_client] DEBUG: Requesting XAUUSD H1 as '1H'
[2026-07-13 20:59:50] [DEBUG] [market_client] Candles XAUUSD 1H: 8602 bars ✓
[2026-07-13 20:59:50] [INFO] [entry_v2.candle_loader] [entry_v2] candle_loader load_required_history summary:
[2026-07-13 20:59:50] [INFO] [entry_v2.candle_loader]   ✅ loaded EURUSD_H1 bars=8766
[2026-07-13 20:59:50] [INFO] [entry_v2.candle_loader]   ✅ loaded EURUSD_H4 bars=2191
[2026-07-13 20:59:50] [INFO] [entry_v2.candle_loader]   ✅ loaded GBPUSD_H1 bars=8766
[2026-07-13 20:59:50] [INFO] [entry_v2.candle_loader]   ✅ loaded GBPUSD_H4 bars=2191
[2026-07-13 20:59:50] [INFO] [entry_v2.candle_loader]   ✅ loaded XAUUSD_H1 bars=8602
[2026-07-13 20:59:50] [INFO] [entry_v2.candle_loader]   ✅ loaded XAUUSD_H4 bars=2191
[2026-07-13 20:59:51] [INFO] [entry_v2.dataset_builder] [entry_v2] dataset built rows=26134 missing_rows=686
[2026-07-13 20:59:51] [INFO] [entry_v2.run_pipeline] [Entry v2 run_pipeline] dataset_builder meta: row_count=26134 exports={'csv': 'data/entry_v2/entry_v2_dataset_20260713_175950.csv', 'parquet': 'data/entry_v2/entry_v2_dataset_20260713_175950.parquet'}
[2026-07-13 20:59:51] [INFO] [entry_v2.run_pipeline] [Entry v2 run_pipeline] Step 2: locate latest entry_v2_dataset_*.csv
[2026-07-13 20:59:51] [INFO] [entry_v2.run_pipeline] [Entry v2 run_pipeline] latest unified CSV: data/entry_v2\entry_v2_dataset_20260713_175950.csv
[2026-07-13 20:59:51] [INFO] [entry_v2.run_pipeline] [Entry v2 run_pipeline] Step 3: generate_features from latest unified CSV
[2026-07-13 20:59:54] [INFO] [entry_v2.run_pipeline] [Entry v2 run_pipeline] feature_engineering done: generated_rows=24851 parquet_path=data/entry_v2/features_dataset.parquet csv_path=data/entry_v2/features_dataset.csv
[2026-07-13 20:59:54] [INFO] [entry_v2.run_pipeline] [Entry v2 run_pipeline] Step 4: generate_entry_labels_v2 -> labeled_dataset.*
[2026-07-13 21:00:10] [INFO] [entry_v2.run_pipeline] [Entry v2 run_pipeline] label_report: win_rate=0.441793086797312 total=24851 output=data/entry_v2/labeled_dataset.parquet/data/entry_v2/labeled_dataset.csv
[2026-07-13 21:00:10] [INFO] [entry_v2.run_pipeline] [Entry v2 run_pipeline] Step 5: dataset_audit
[2026-07-13 21:00:10] [INFO] [entry_v2.dataset_audit] [entry_v2.dataset_audit] Load dataset: 0.242s rows=24851 cols=75
[2026-07-13 21:00:11] [INFO] [entry_v2.run_pipeline] [Entry v2 run_pipeline] Dataset audit verdict=PASS reason=None
